po_id,po_number,pr_id,vendor_id,department_id,po_date,expected_delivery_date,payment_terms,delivery_terms,billing_address,shipping_address,subtotal_amount,tax_amount,freight_charges,discount_amount,total_po_amount,currency,po_status,approval_status,approved_by,approved_date,remarks,created_at,updated_at
1,PO202504050001,1,1,1,2025-04-05,2025-04-20,30 days credit from invoice date,"FOR Hosur plant, freight included","EV Motor Manufacturing Pvt Ltd, SIPCOT Industrial Park, Hosur, Tamil Nadu 635126","Stator Shop, EV Motor Manufacturing Pvt Ltd, Hosur Plant",417800.00,75204.00,4006.80,6267.00,490743.80,INR,Issued,Pending,,,PR-based procurement for Electrical Components from PR202606300001,2025-04-05 10:00:00,2025-04-05 11:00:00
2,PO202504080002,3,2,2,2025-04-08,2025-04-26,45 days credit after GRN acceptance,Ex-works supplier warehouse,"EV Motor Manufacturing Pvt Ltd, SIPCOT Industrial Park, Hosur, Tamil Nadu 635126","Rotor Shop, EV Motor Manufacturing Pvt Ltd, Hosur Plant",653000.00,117540.00,6724.00,0.00,777264.00,INR,Partially Received,Approved,3,2025-04-09,PR-based procurement for Electrical Components from PR202606300003,2025-04-08 10:07:00,2025-04-08 11:07:00
3,PO202504100003,4,20,1,2025-04-10,2025-04-24,"50% advance, balance against dispatch",Door delivery to raw material store,"EV Motor Manufacturing Pvt Ltd, SIPCOT Industrial Park, Hosur, Tamil Nadu 635126","Stator Shop, EV Motor Manufacturing Pvt Ltd, Hosur Plant",501200.00,90216.00,6512.00,0.00,597928.00,INR,Fully Received,Approved,4,2025-04-12,PR-based procurement for Electronic Components from PR202606300004,2025-04-10 10:14:00,2025-04-10 11:14:00
4,PO202504270004,5,4,1,2025-04-27,2025-05-23,15 days after material acceptance,Freight extra at actuals,"EV Motor Manufacturing Pvt Ltd, SIPCOT Industrial Park, Hosur, Tamil Nadu 635126","Stator Shop, EV Motor Manufacturing Pvt Ltd, Hosur Plant",2372900.00,427122.00,15737.40,0.00,2815759.40,INR,Closed,Approved,5,2025-04-27,PR-based procurement for Core Components from PR202606300005,2025-04-27 10:21:00,2025-04-27 11:21:00
5,PO202505030005,6,29,1,2025-05-03,2025-05-19,Immediate payment against proforma invoice,Delivery in staggered lots as per production plan,"EV Motor Manufacturing Pvt Ltd, SIPCOT Industrial Park, Hosur, Tamil Nadu 635126","Stator Shop, EV Motor Manufacturing Pvt Ltd, Hosur Plant",63700.00,11466.00,2009.60,0.00,77175.60,INR,Issued,Approved,6,2025-05-04,PR-based procurement for Fasteners from PR202606300006,2025-05-03 10:28:00,2025-05-03 11:28:00
6,PO202504300006,7,35,1,2025-04-30,2025-05-20,30 days credit from invoice date,"FOR Hosur plant, freight included","EV Motor Manufacturing Pvt Ltd, SIPCOT Industrial Park, Hosur, Tamil Nadu 635126","Stator Shop, EV Motor Manufacturing Pvt Ltd, Hosur Plant",40400.00,7272.00,1904.00,0.00,49576.00,INR,Partially Received,Approved,7,2025-05-02,PR-based procurement for Packaging Materials from PR202606300007,2025-04-30 10:35:00,2025-04-30 11:35:00
7,PO202505090007,8,4,2,2025-05-09,2025-06-07,45 days credit after GRN acceptance,Ex-works supplier warehouse,"EV Motor Manufacturing Pvt Ltd, SIPCOT Industrial Park, Hosur, Tamil Nadu 635126","Rotor Shop, EV Motor Manufacturing Pvt Ltd, Hosur Plant",345800.00,62244.00,3574.80,0.00,411618.80,INR,Fully Received,Approved,8,2025-05-09,PR-based procurement for Core Components from PR202606300008,2025-05-09 10:42:00,2025-05-09 11:42:00
8,PO202505100008,9,5,1,2025-05-10,2025-06-07,"50% advance, balance against dispatch",Door delivery to raw material store,"EV Motor Manufacturing Pvt Ltd, SIPCOT Industrial Park, Hosur, Tamil Nadu 635126","Stator Shop, EV Motor Manufacturing Pvt Ltd, Hosur Plant",924300.00,166374.00,8894.40,13864.50,1085703.90,INR,Cancelled,Pending,,,PR-based procurement for Core Components from PR202606300009,2025-05-10 10:49:00,2025-05-10 11:49:00
9,PO202505130009,10,10,1,2025-05-13,2025-06-08,15 days after material acceptance,Freight extra at actuals,"EV Motor Manufacturing Pvt Ltd, SIPCOT Industrial Park, Hosur, Tamil Nadu 635126","Stator Shop, EV Motor Manufacturing Pvt Ltd, Hosur Plant",3455700.00,622026.00,36057.00,0.00,4113783.00,INR,Issued,Pending,,,PR-based procurement for Finished Goods from PR202606300010,2025-05-13 10:56:00,2025-05-13 11:56:00
10,PO202505250010,11,28,1,2025-05-25,2025-06-05,Immediate payment against proforma invoice,Delivery in staggered lots as per production plan,"EV Motor Manufacturing Pvt Ltd, SIPCOT Industrial Park, Hosur, Tamil Nadu 635126","Stator Shop, EV Motor Manufacturing Pvt Ltd, Hosur Plant",53000.00,9540.00,1818.00,0.00,64358.00,INR,Partially Received,Approved,11,2025-05-25,PR-based procurement for Fasteners from PR202606300011,2025-05-25 10:03:00,2025-05-25 11:03:00
11,PO202505260011,12,20,1,2025-05-26,2025-06-08,30 days credit from invoice date,"FOR Hosur plant, freight included","EV Motor Manufacturing Pvt Ltd, SIPCOT Industrial Park, Hosur, Tamil Nadu 635126","Stator Shop, EV Motor Manufacturing Pvt Ltd, Hosur Plant",453600.00,81648.00,5128.80,0.00,540376.80,INR,Fully Received,Approved,12,2025-05-27,PR-based procurement for Electronic Components from PR202606300012,2025-05-26 10:10:00,2025-05-26 11:10:00
12,PO202506010012,14,24,1,2025-06-01,2025-06-20,45 days credit after GRN acceptance,Ex-works supplier warehouse,"EV Motor Manufacturing Pvt Ltd, SIPCOT Industrial Park, Hosur, Tamil Nadu 635126","Stator Shop, EV Motor Manufacturing Pvt Ltd, Hosur Plant",897300.00,161514.00,10473.00,0.00,1069287.00,INR,Closed,Approved,13,2025-06-03,PR-based procurement for Electrical Components from PR202606300014,2025-06-01 10:17:00,2025-06-01 11:17:00
13,PO202506080013,16,28,2,2025-06-08,2025-06-22,"50% advance, balance against dispatch",Door delivery to raw material store,"EV Motor Manufacturing Pvt Ltd, SIPCOT Industrial Park, Hosur, Tamil Nadu 635126","Rotor Shop, EV Motor Manufacturing Pvt Ltd, Hosur Plant",25000.00,4500.00,1650.00,0.00,31150.00,INR,Issued,Approved,1,2025-06-08,PR-based procurement for Fasteners from PR202606300016,2025-06-08 10:24:00,2025-06-08 11:24:00
14,PO202506150014,17,35,1,2025-06-15,2025-07-04,15 days after material acceptance,Freight extra at actuals,"EV Motor Manufacturing Pvt Ltd, SIPCOT Industrial Park, Hosur, Tamil Nadu 635126","Stator Shop, EV Motor Manufacturing Pvt Ltd, Hosur Plant",51300.00,9234.00,1910.40,0.00,62444.40,INR,Partially Received,Approved,3,2025-06-16,PR-based procurement for Packaging Materials from PR202606300017,2025-06-15 10:31:00,2025-06-15 11:31:00
15,PO202506160015,18,20,1,2025-06-16,2025-07-03,Immediate payment against proforma invoice,Delivery in staggered lots as per production plan,"EV Motor Manufacturing Pvt Ltd, SIPCOT Industrial Park, Hosur, Tamil Nadu 635126","Stator Shop, EV Motor Manufacturing Pvt Ltd, Hosur Plant",1579200.00,284256.00,17292.00,23688.00,1857060.00,INR,Fully Received,Approved,4,2025-06-18,PR-based procurement for Electronic Components from PR202606300018,2025-06-16 10:38:00,2025-06-16 11:38:00
16,PO202506160016,19,28,1,2025-06-16,2025-07-03,30 days credit from invoice date,"FOR Hosur plant, freight included","EV Motor Manufacturing Pvt Ltd, SIPCOT Industrial Park, Hosur, Tamil Nadu 635126","Stator Shop, EV Motor Manufacturing Pvt Ltd, Hosur Plant",25000.00,4500.00,1650.00,0.00,31150.00,INR,Cancelled,Pending,,,PR-based procurement for Fasteners from PR202606300019,2025-06-16 10:45:00,2025-06-16 11:45:00
17,PO202506180017,20,16,1,2025-06-18,2025-07-09,45 days credit after GRN acceptance,Ex-works supplier warehouse,"EV Motor Manufacturing Pvt Ltd, SIPCOT Industrial Park, Hosur, Tamil Nadu 635126","Stator Shop, EV Motor Manufacturing Pvt Ltd, Hosur Plant",144500.00,26010.00,2656.00,0.00,173166.00,INR,Issued,Approved,6,2025-06-19,PR-based procurement for Bearings from PR202606300020,2025-06-18 10:52:00,2025-06-18 11:52:00
18,PO202506280018,21,24,1,2025-06-28,2025-07-23,"50% advance, balance against dispatch",Door delivery to raw material store,"EV Motor Manufacturing Pvt Ltd, SIPCOT Industrial Park, Hosur, Tamil Nadu 635126","Stator Shop, EV Motor Manufacturing Pvt Ltd, Hosur Plant",1486000.00,267480.00,16360.00,0.00,1769840.00,INR,Partially Received,Approved,7,2025-06-30,PR-based procurement for Electrical Components from PR202606300021,2025-06-28 10:59:00,2025-06-28 11:59:00
19,PO202506300019,22,28,1,2025-06-30,2025-07-11,15 days after material acceptance,Freight extra at actuals,"EV Motor Manufacturing Pvt Ltd, SIPCOT Industrial Park, Hosur, Tamil Nadu 635126","Stator Shop, EV Motor Manufacturing Pvt Ltd, Hosur Plant",25000.00,4500.00,1650.00,0.00,31150.00,INR,Fully Received,Approved,8,2025-06-30,PR-based procurement for Fasteners from PR202606300022,2025-06-30 10:06:00,2025-06-30 11:06:00
20,PO202507020020,23,2,1,2025-07-02,2025-07-20,Immediate payment against proforma invoice,Delivery in staggered lots as per production plan,"EV Motor Manufacturing Pvt Ltd, SIPCOT Industrial Park, Hosur, Tamil Nadu 635126","Stator Shop, EV Motor Manufacturing Pvt Ltd, Hosur Plant",1554000.00,279720.00,13932.00,0.00,1847652.00,INR,Closed,Approved,9,2025-07-03,PR-based procurement for Electrical Components from PR202606300023,2025-07-02 10:13:00,2025-07-02 11:13:00
21,PO202507060021,24,27,1,2025-07-06,2025-07-31,30 days credit from invoice date,"FOR Hosur plant, freight included","EV Motor Manufacturing Pvt Ltd, SIPCOT Industrial Park, Hosur, Tamil Nadu 635126","Stator Shop, EV Motor Manufacturing Pvt Ltd, Hosur Plant",25000.00,4500.00,1750.00,0.00,31250.00,INR,Issued,Approved,10,2025-07-08,PR-based procurement for Insulation Materials from PR202606300024,2025-07-06 10:20:00,2025-07-06 11:20:00
22,PO202507140022,25,28,2,2025-07-14,2025-07-28,45 days credit after GRN acceptance,Ex-works supplier warehouse,"EV Motor Manufacturing Pvt Ltd, SIPCOT Industrial Park, Hosur, Tamil Nadu 635126","Rotor Shop, EV Motor Manufacturing Pvt Ltd, Hosur Plant",25000.00,4500.00,1650.00,375.00,30775.00,INR,Partially Received,Approved,11,2025-07-14,PR-based procurement for Fasteners from PR202606300025,2025-07-14 10:27:00,2025-07-14 11:27:00
23,PO202507160023,26,29,1,2025-07-16,2025-08-01,"50% advance, balance against dispatch",Door delivery to raw material store,"EV Motor Manufacturing Pvt Ltd, SIPCOT Industrial Park, Hosur, Tamil Nadu 635126","Stator Shop, EV Motor Manufacturing Pvt Ltd, Hosur Plant",25000.00,4500.00,1700.00,0.00,31200.00,INR,Fully Received,Approved,12,2025-07-17,PR-based procurement for Fasteners from PR202606300026,2025-07-16 10:34:00,2025-07-16 11:34:00
24,PO202507270024,28,30,3,2025-07-27,2025-08-16,15 days after material acceptance,Freight extra at actuals,"EV Motor Manufacturing Pvt Ltd, SIPCOT Industrial Park, Hosur, Tamil Nadu 635126","Assembly Shop, EV Motor Manufacturing Pvt Ltd, Hosur Plant",42700.00,7686.00,1927.00,0.00,52313.00,INR,Cancelled,Pending,,,PR-based procurement for Fasteners from PR202606300028,2025-07-27 10:41:00,2025-07-27 11:41:00
25,PO202507310025,29,4,1,2025-07-31,2025-08-29,Immediate payment against proforma invoice,Delivery in staggered lots as per production plan,"EV Motor Manufacturing Pvt Ltd, SIPCOT Industrial Park, Hosur, Tamil Nadu 635126","Stator Shop, EV Motor Manufacturing Pvt Ltd, Hosur Plant",5370700.00,966726.00,33724.20,0.00,6371150.20,INR,Issued,Pending,,,PR-based procurement for Core Components from PR202606300029,2025-07-31 10:48:00,2025-07-31 11:48:00
26,PO202507290026,30,16,2,2025-07-29,2025-08-19,30 days credit from invoice date,"FOR Hosur plant, freight included","EV Motor Manufacturing Pvt Ltd, SIPCOT Industrial Park, Hosur, Tamil Nadu 635126","Rotor Shop, EV Motor Manufacturing Pvt Ltd, Hosur Plant",25000.00,4500.00,1700.00,0.00,31200.00,INR,Partially Received,Approved,3,2025-07-30,PR-based procurement for Bearings from PR202606300030,2025-07-29 10:55:00,2025-07-29 11:55:00
27,PO202507300027,31,9,2,2025-07-30,2025-09-07,45 days credit after GRN acceptance,Ex-works supplier warehouse,"EV Motor Manufacturing Pvt Ltd, SIPCOT Industrial Park, Hosur, Tamil Nadu 635126","Rotor Shop, EV Motor Manufacturing Pvt Ltd, Hosur Plant",309300.00,55674.00,4593.00,0.00,369567.00,INR,Fully Received,Approved,4,2025-08-01,PR-based procurement for Magnetic Components from PR202606300031,2025-07-30 10:02:00,2025-07-30 11:02:00
28,PO202508010028,32,22,1,2025-08-01,2025-08-18,"50% advance, balance against dispatch",Door delivery to raw material store,"EV Motor Manufacturing Pvt Ltd, SIPCOT Industrial Park, Hosur, Tamil Nadu 635126","Stator Shop, EV Motor Manufacturing Pvt Ltd, Hosur Plant",269300.00,48474.00,3115.80,0.00,320889.80,INR,Closed,Approved,5,2025-08-01,PR-based procurement for Electrical Components from PR202606300032,2025-08-01 10:09:00,2025-08-01 11:09:00
29,PO202508030029,33,18,1,2025-08-03,2025-08-16,15 days after material acceptance,Freight extra at actuals,"EV Motor Manufacturing Pvt Ltd, SIPCOT Industrial Park, Hosur, Tamil Nadu 635126","Stator Shop, EV Motor Manufacturing Pvt Ltd, Hosur Plant",231400.00,41652.00,3351.20,3471.00,272932.20,INR,Issued,Approved,6,2025-08-04,PR-based procurement for Electronic Components from PR202606300033,2025-08-03 10:16:00,2025-08-03 11:16:00
30,PO202508070030,34,30,1,2025-08-07,2025-08-24,Immediate payment against proforma invoice,Delivery in staggered lots as per production plan,"EV Motor Manufacturing Pvt Ltd, SIPCOT Industrial Park, Hosur, Tamil Nadu 635126","Stator Shop, EV Motor Manufacturing Pvt Ltd, Hosur Plant",57300.00,10314.00,2073.00,0.00,69687.00,INR,Partially Received,Approved,7,2025-08-09,PR-based procurement for Fasteners from PR202606300034,2025-08-07 10:23:00,2025-08-07 11:23:00
31,PO202508050031,35,28,1,2025-08-05,2025-08-19,30 days credit from invoice date,"FOR Hosur plant, freight included","EV Motor Manufacturing Pvt Ltd, SIPCOT Industrial Park, Hosur, Tamil Nadu 635126","Stator Shop, EV Motor Manufacturing Pvt Ltd, Hosur Plant",25000.00,4500.00,1650.00,0.00,31150.00,INR,Fully Received,Approved,8,2025-08-05,PR-based procurement for Fasteners from PR202606300035,2025-08-05 10:30:00,2025-08-05 11:30:00
32,PO202508070032,36,21,1,2025-08-07,2025-08-24,45 days credit after GRN acceptance,Ex-works supplier warehouse,"EV Motor Manufacturing Pvt Ltd, SIPCOT Industrial Park, Hosur, Tamil Nadu 635126","Stator Shop, EV Motor Manufacturing Pvt Ltd, Hosur Plant",798500.00,143730.00,7888.00,0.00,950118.00,INR,Cancelled,Pending,,,PR-based procurement for Electronic Components from PR202606300036,2025-08-07 10:37:00,2025-08-07 11:37:00
33,PO202508110033,37,6,2,2025-08-11,2025-09-13,"50% advance, balance against dispatch",Door delivery to raw material store,"EV Motor Manufacturing Pvt Ltd, SIPCOT Industrial Park, Hosur, Tamil Nadu 635126","Rotor Shop, EV Motor Manufacturing Pvt Ltd, Hosur Plant",1615900.00,290862.00,17659.00,0.00,1924421.00,INR,Issued,Pending,,,PR-based procurement for Core Components from PR202606300037,2025-08-11 10:44:00,2025-08-11 11:44:00
34,PO202508120034,38,11,1,2025-08-12,2025-09-02,15 days after material acceptance,Freight extra at actuals,"EV Motor Manufacturing Pvt Ltd, SIPCOT Industrial Park, Hosur, Tamil Nadu 635126","Stator Shop, EV Motor Manufacturing Pvt Ltd, Hosur Plant",609900.00,109782.00,5159.40,0.00,724841.40,INR,Partially Received,Approved,11,2025-08-12,PR-based procurement for Finished Goods from PR202606300038,2025-08-12 10:51:00,2025-08-12 11:51:00
35,PO202508140035,39,14,1,2025-08-14,2025-09-10,Immediate payment against proforma invoice,Delivery in staggered lots as per production plan,"EV Motor Manufacturing Pvt Ltd, SIPCOT Industrial Park, Hosur, Tamil Nadu 635126","Stator Shop, EV Motor Manufacturing Pvt Ltd, Hosur Plant",1704500.00,306810.00,15136.00,0.00,2026446.00,INR,Fully Received,Approved,12,2025-08-15,PR-based procurement for Mechanical Components from PR202606300039,2025-08-14 10:58:00,2025-08-14 11:58:00
36,PO202508100036,40,24,1,2025-08-10,2025-09-04,30 days credit from invoice date,"FOR Hosur plant, freight included","EV Motor Manufacturing Pvt Ltd, SIPCOT Industrial Park, Hosur, Tamil Nadu 635126","Stator Shop, EV Motor Manufacturing Pvt Ltd, Hosur Plant",661100.00,118998.00,8111.00,9916.50,778292.50,INR,Closed,Approved,13,2025-08-12,PR-based procurement for Electrical Components from PR202606300040,2025-08-10 10:05:00,2025-08-10 11:05:00
37,PO202508130037,41,18,1,2025-08-13,2025-08-25,45 days credit after GRN acceptance,Ex-works supplier warehouse,"EV Motor Manufacturing Pvt Ltd, SIPCOT Industrial Park, Hosur, Tamil Nadu 635126","Stator Shop, EV Motor Manufacturing Pvt Ltd, Hosur Plant",226000.00,40680.00,2856.00,0.00,269536.00,INR,Issued,Pending,,,PR-based procurement for Electronic Components from PR202606300041,2025-08-13 10:12:00,2025-08-13 11:12:00
38,PO202508140038,42,19,1,2025-08-14,2025-08-26,"50% advance, balance against dispatch",Door delivery to raw material store,"EV Motor Manufacturing Pvt Ltd, SIPCOT Industrial Park, Hosur, Tamil Nadu 635126","Stator Shop, EV Motor Manufacturing Pvt Ltd, Hosur Plant",183300.00,32994.00,2966.40,0.00,219260.40,INR,Partially Received,Approved,3,2025-08-15,PR-based procurement for Electronic Components from PR202606300042,2025-08-14 10:19:00,2025-08-14 11:19:00
39,PO202508180039,43,6,2,2025-08-18,2025-09-17,15 days after material acceptance,Freight extra at actuals,"EV Motor Manufacturing Pvt Ltd, SIPCOT Industrial Park, Hosur, Tamil Nadu 635126","Rotor Shop, EV Motor Manufacturing Pvt Ltd, Hosur Plant",2834700.00,510246.00,29847.00,0.00,3374793.00,INR,Fully Received,Approved,4,2025-08-20,PR-based procurement for Core Components from PR202606300043,2025-08-18 10:26:00,2025-08-18 11:26:00
40,PO202508200040,44,28,1,2025-08-20,2025-09-03,Immediate payment against proforma invoice,Delivery in staggered lots as per production plan,"EV Motor Manufacturing Pvt Ltd, SIPCOT Industrial Park, Hosur, Tamil Nadu 635126","Stator Shop, EV Motor Manufacturing Pvt Ltd, Hosur Plant",25000.00,4500.00,1650.00,0.00,31150.00,INR,Cancelled,Pending,,,PR-based procurement for Fasteners from PR202606300044,2025-08-20 10:33:00,2025-08-20 11:33:00
41,PO202508180041,45,29,1,2025-08-18,2025-09-03,30 days credit from invoice date,"FOR Hosur plant, freight included","EV Motor Manufacturing Pvt Ltd, SIPCOT Industrial Park, Hosur, Tamil Nadu 635126","Stator Shop, EV Motor Manufacturing Pvt Ltd, Hosur Plant",25000.00,4500.00,1700.00,0.00,31200.00,INR,Issued,Approved,6,2025-08-19,PR-based procurement for Fasteners from PR202606300045,2025-08-18 10:40:00,2025-08-18 11:40:00
42,PO202508230042,46,35,1,2025-08-23,2025-09-12,45 days credit after GRN acceptance,Ex-works supplier warehouse,"EV Motor Manufacturing Pvt Ltd, SIPCOT Industrial Park, Hosur, Tamil Nadu 635126","Stator Shop, EV Motor Manufacturing Pvt Ltd, Hosur Plant",25000.00,4500.00,1750.00,0.00,31250.00,INR,Partially Received,Approved,7,2025-08-25,PR-based procurement for Packaging Materials from PR202606300046,2025-08-23 10:47:00,2025-08-23 11:47:00
43,PO202508250043,47,4,1,2025-08-25,2025-09-23,"50% advance, balance against dispatch",Door delivery to raw material store,"EV Motor Manufacturing Pvt Ltd, SIPCOT Industrial Park, Hosur, Tamil Nadu 635126","Stator Shop, EV Motor Manufacturing Pvt Ltd, Hosur Plant",136600.00,24588.00,2319.60,2049.00,161458.60,INR,Fully Received,Approved,8,2025-08-25,PR-based procurement for Core Components from PR202606300047,2025-08-25 10:54:00,2025-08-25 11:54:00
44,PO202508280044,48,8,1,2025-08-28,2025-09-25,15 days after material acceptance,Freight extra at actuals,"EV Motor Manufacturing Pvt Ltd, SIPCOT Industrial Park, Hosur, Tamil Nadu 635126","Stator Shop, EV Motor Manufacturing Pvt Ltd, Hosur Plant",559000.00,100620.00,5972.00,0.00,665592.00,INR,Closed,Approved,9,2025-08-29,PR-based procurement for Magnetic Components from PR202606300048,2025-08-28 10:01:00,2025-08-28 11:01:00
45,PO202508300045,49,14,3,2025-08-30,2025-09-27,Immediate payment against proforma invoice,Delivery in staggered lots as per production plan,"EV Motor Manufacturing Pvt Ltd, SIPCOT Industrial Park, Hosur, Tamil Nadu 635126","Assembly Shop, EV Motor Manufacturing Pvt Ltd, Hosur Plant",225700.00,40626.00,3757.00,0.00,270083.00,INR,Issued,Approved,10,2025-09-01,PR-based procurement for Mechanical Components from PR202606300049,2025-08-30 10:08:00,2025-08-30 11:08:00
46,PO202508280046,50,22,1,2025-08-28,2025-09-14,30 days credit from invoice date,"FOR Hosur plant, freight included","EV Motor Manufacturing Pvt Ltd, SIPCOT Industrial Park, Hosur, Tamil Nadu 635126","Stator Shop, EV Motor Manufacturing Pvt Ltd, Hosur Plant",197700.00,35586.00,2686.20,0.00,235972.20,INR,Partially Received,Approved,11,2025-08-28,PR-based procurement for Electrical Components from PR202606300050,2025-08-28 10:15:00,2025-08-28 11:15:00
47,PO202508310047,51,16,1,2025-08-31,2025-09-15,45 days credit after GRN acceptance,Ex-works supplier warehouse,"EV Motor Manufacturing Pvt Ltd, SIPCOT Industrial Park, Hosur, Tamil Nadu 635126","Stator Shop, EV Motor Manufacturing Pvt Ltd, Hosur Plant",87200.00,15696.00,2197.60,0.00,105093.60,INR,Fully Received,Approved,12,2025-09-01,PR-based procurement for Bearings from PR202606300051,2025-08-31 10:22:00,2025-08-31 11:22:00
48,PO202509020048,52,27,1,2025-09-02,2025-09-27,"50% advance, balance against dispatch",Door delivery to raw material store,"EV Motor Manufacturing Pvt Ltd, SIPCOT Industrial Park, Hosur, Tamil Nadu 635126","Stator Shop, EV Motor Manufacturing Pvt Ltd, Hosur Plant",25000.00,4500.00,1750.00,0.00,31250.00,INR,Cancelled,Pending,,,PR-based procurement for Insulation Materials from PR202606300052,2025-09-02 10:29:00,2025-09-02 11:29:00
49,PO202509040049,53,1,1,2025-09-04,2025-09-22,15 days after material acceptance,Freight extra at actuals,"EV Motor Manufacturing Pvt Ltd, SIPCOT Industrial Park, Hosur, Tamil Nadu 635126","Stator Shop, EV Motor Manufacturing Pvt Ltd, Hosur Plant",270300.00,48654.00,3121.80,0.00,322075.80,INR,Issued,Approved,1,2025-09-04,PR-based procurement for Electrical Components from PR202606300053,2025-09-04 10:36:00,2025-09-04 11:36:00
50,PO202509070050,54,29,1,2025-09-07,2025-09-23,Immediate payment against proforma invoice,Delivery in staggered lots as per production plan,"EV Motor Manufacturing Pvt Ltd, SIPCOT Industrial Park, Hosur, Tamil Nadu 635126","Stator Shop, EV Motor Manufacturing Pvt Ltd, Hosur Plant",25000.00,4500.00,1700.00,375.00,30825.00,INR,Partially Received,Approved,3,2025-09-08,PR-based procurement for Fasteners from PR202606300054,2025-09-07 10:43:00,2025-09-07 11:43:00
51,PO202509090051,55,33,1,2025-09-09,2025-09-28,30 days credit from invoice date,"FOR Hosur plant, freight included","EV Motor Manufacturing Pvt Ltd, SIPCOT Industrial Park, Hosur, Tamil Nadu 635126","Stator Shop, EV Motor Manufacturing Pvt Ltd, Hosur Plant",25000.00,4500.00,1750.00,0.00,31250.00,INR,Fully Received,Approved,4,2025-09-11,PR-based procurement for Consumables from PR202606300055,2025-09-09 10:50:00,2025-09-09 11:50:00
52,PO202509110052,56,4,1,2025-09-11,2025-10-10,45 days credit after GRN acceptance,Ex-works supplier warehouse,"EV Motor Manufacturing Pvt Ltd, SIPCOT Industrial Park, Hosur, Tamil Nadu 635126","Stator Shop, EV Motor Manufacturing Pvt Ltd, Hosur Plant",408600.00,73548.00,3951.60,0.00,486099.60,INR,Closed,Approved,5,2025-09-11,PR-based procurement for Core Components from PR202606300056,2025-09-11 10:57:00,2025-09-11 11:57:00
53,PO202509130053,57,12,3,2025-09-13,2025-10-07,"50% advance, balance against dispatch",Door delivery to raw material store,"EV Motor Manufacturing Pvt Ltd, SIPCOT Industrial Park, Hosur, Tamil Nadu 635126","Assembly Shop, EV Motor Manufacturing Pvt Ltd, Hosur Plant",1602500.00,288450.00,14320.00,0.00,1905270.00,INR,Issued,Pending,,,PR-based procurement for Mechanical Components from PR202606300057,2025-09-13 10:04:00,2025-09-13 11:04:00
54,PO202509150054,58,13,1,2025-09-15,2025-10-12,15 days after material acceptance,Freight extra at actuals,"EV Motor Manufacturing Pvt Ltd, SIPCOT Industrial Park, Hosur, Tamil Nadu 635126","Stator Shop, EV Motor Manufacturing Pvt Ltd, Hosur Plant",874200.00,157356.00,10242.00,0.00,1041798.00,INR,Partially Received,Approved,7,2025-09-17,PR-based procurement for Mechanical Components from PR202606300058,2025-09-15 10:11:00,2025-09-15 11:11:00
55,PO202509180055,59,1,1,2025-09-18,2025-10-03,Immediate payment against proforma invoice,Delivery in staggered lots as per production plan,"EV Motor Manufacturing Pvt Ltd, SIPCOT Industrial Park, Hosur, Tamil Nadu 635126","Stator Shop, EV Motor Manufacturing Pvt Ltd, Hosur Plant",136400.00,24552.00,2318.40,0.00,163270.40,INR,Fully Received,Approved,8,2025-09-18,PR-based procurement for Electrical Components from PR202606300059,2025-09-18 10:18:00,2025-09-18 11:18:00
56,PO202509140056,60,21,1,2025-09-14,2025-09-28,30 days credit from invoice date,"FOR Hosur plant, freight included","EV Motor Manufacturing Pvt Ltd, SIPCOT Industrial Park, Hosur, Tamil Nadu 635126","Stator Shop, EV Motor Manufacturing Pvt Ltd, Hosur Plant",73500.00,13230.00,2088.00,0.00,88818.00,INR,Cancelled,Pending,,,PR-based procurement for Electronic Components from PR202606300060,2025-09-14 10:25:00,2025-09-14 11:25:00
57,PO202509160057,61,17,2,2025-09-16,2025-10-03,45 days credit after GRN acceptance,Ex-works supplier warehouse,"EV Motor Manufacturing Pvt Ltd, SIPCOT Industrial Park, Hosur, Tamil Nadu 635126","Rotor Shop, EV Motor Manufacturing Pvt Ltd, Hosur Plant",96300.00,17334.00,2463.00,1444.50,114652.50,INR,Issued,Approved,10,2025-09-18,PR-based procurement for Bearings from PR202606300061,2025-09-16 10:32:00,2025-09-16 11:32:00
58,PO202509180058,62,25,1,2025-09-18,2025-10-10,"50% advance, balance against dispatch",Door delivery to raw material store,"EV Motor Manufacturing Pvt Ltd, SIPCOT Industrial Park, Hosur, Tamil Nadu 635126","Stator Shop, EV Motor Manufacturing Pvt Ltd, Hosur Plant",57900.00,10422.00,1847.40,0.00,70169.40,INR,Partially Received,Approved,11,2025-09-18,PR-based procurement for Insulation Materials from PR202606300062,2025-09-18 10:39:00,2025-09-18 11:39:00
59,PO202509200059,63,29,1,2025-09-20,2025-10-06,15 days after material acceptance,Freight extra at actuals,"EV Motor Manufacturing Pvt Ltd, SIPCOT Industrial Park, Hosur, Tamil Nadu 635126","Stator Shop, EV Motor Manufacturing Pvt Ltd, Hosur Plant",25000.00,4500.00,1700.00,0.00,31200.00,INR,Fully Received,Approved,12,2025-09-21,PR-based procurement for Fasteners from PR202606300063,2025-09-20 10:46:00,2025-09-20 11:46:00
60,PO202509220060,64,35,2,2025-09-22,2025-10-12,Immediate payment against proforma invoice,Delivery in staggered lots as per production plan,"EV Motor Manufacturing Pvt Ltd, SIPCOT Industrial Park, Hosur, Tamil Nadu 635126","Rotor Shop, EV Motor Manufacturing Pvt Ltd, Hosur Plant",25000.00,4500.00,1750.00,0.00,31250.00,INR,Closed,Approved,13,2025-09-24,PR-based procurement for Packaging Materials from PR202606300064,2025-09-22 10:53:00,2025-09-22 11:53:00
61,PO202509190061,65,14,1,2025-09-19,2025-10-15,30 days credit from invoice date,"FOR Hosur plant, freight included","EV Motor Manufacturing Pvt Ltd, SIPCOT Industrial Park, Hosur, Tamil Nadu 635126","Stator Shop, EV Motor Manufacturing Pvt Ltd, Hosur Plant",98800.00,17784.00,2092.80,0.00,118676.80,INR,Issued,Approved,1,2025-09-19,PR-based procurement for Finished Goods from PR202606300065,2025-09-19 10:00:00,2025-09-19 11:00:00
62,PO202509200062,66,5,1,2025-09-20,2025-10-18,45 days credit after GRN acceptance,Ex-works supplier warehouse,"EV Motor Manufacturing Pvt Ltd, SIPCOT Industrial Park, Hosur, Tamil Nadu 635126","Stator Shop, EV Motor Manufacturing Pvt Ltd, Hosur Plant",423500.00,76230.00,4888.00,0.00,504618.00,INR,Partially Received,Approved,3,2025-09-21,PR-based procurement for Core Components from PR202606300066,2025-09-20 10:07:00,2025-09-20 11:07:00
63,PO202509230063,67,30,1,2025-09-23,2025-10-16,"50% advance, balance against dispatch",Door delivery to raw material store,"EV Motor Manufacturing Pvt Ltd, SIPCOT Industrial Park, Hosur, Tamil Nadu 635126","Stator Shop, EV Motor Manufacturing Pvt Ltd, Hosur Plant",46000.00,8280.00,1960.00,0.00,56240.00,INR,Fully Received,Approved,4,2025-09-25,PR-based procurement for Fasteners from PR202606300067,2025-09-23 10:14:00,2025-09-23 11:14:00
64,PO202509260064,68,22,1,2025-09-26,2025-10-13,15 days after material acceptance,Freight extra at actuals,"EV Motor Manufacturing Pvt Ltd, SIPCOT Industrial Park, Hosur, Tamil Nadu 635126","Stator Shop, EV Motor Manufacturing Pvt Ltd, Hosur Plant",852400.00,153432.00,6614.40,12786.00,999660.40,INR,Cancelled,Pending,,,PR-based procurement for Electrical Components from PR202606300068,2025-09-26 10:21:00,2025-09-26 11:21:00
65,PO202509280065,69,18,1,2025-09-28,2025-10-11,Immediate payment against proforma invoice,Delivery in staggered lots as per production plan,"EV Motor Manufacturing Pvt Ltd, SIPCOT Industrial Park, Hosur, Tamil Nadu 635126","Stator Shop, EV Motor Manufacturing Pvt Ltd, Hosur Plant",2781800.00,500724.00,23754.40,0.00,3306278.40,INR,Issued,Pending,,,PR-based procurement for Electronic Components from PR202606300069,2025-09-28 10:28:00,2025-09-28 11:28:00
66,PO202509240066,70,19,1,2025-09-24,2025-10-07,30 days credit from invoice date,"FOR Hosur plant, freight included","EV Motor Manufacturing Pvt Ltd, SIPCOT Industrial Park, Hosur, Tamil Nadu 635126","Stator Shop, EV Motor Manufacturing Pvt Ltd, Hosur Plant",25000.00,4500.00,1750.00,0.00,31250.00,INR,Partially Received,Approved,7,2025-09-26,PR-based procurement for Electronic Components from PR202606300070,2025-09-24 10:35:00,2025-09-24 11:35:00
67,PO202509260067,71,25,1,2025-09-26,2025-10-18,45 days credit after GRN acceptance,Ex-works supplier warehouse,"EV Motor Manufacturing Pvt Ltd, SIPCOT Industrial Park, Hosur, Tamil Nadu 635126","Stator Shop, EV Motor Manufacturing Pvt Ltd, Hosur Plant",27600.00,4968.00,1665.60,0.00,34233.60,INR,Fully Received,Approved,8,2025-09-26,PR-based procurement for Insulation Materials from PR202606300071,2025-09-26 10:42:00,2025-09-26 11:42:00
68,PO202509290068,72,26,1,2025-09-29,2025-10-21,"50% advance, balance against dispatch",Door delivery to raw material store,"EV Motor Manufacturing Pvt Ltd, SIPCOT Industrial Park, Hosur, Tamil Nadu 635126","Stator Shop, EV Motor Manufacturing Pvt Ltd, Hosur Plant",139900.00,25182.00,2619.20,0.00,167701.20,INR,Closed,Approved,9,2025-09-30,PR-based procurement for Insulation Materials from PR202606300072,2025-09-29 10:49:00,2025-09-29 11:49:00
69,PO202510020069,73,30,1,2025-10-02,2025-10-22,15 days after material acceptance,Freight extra at actuals,"EV Motor Manufacturing Pvt Ltd, SIPCOT Industrial Park, Hosur, Tamil Nadu 635126","Stator Shop, EV Motor Manufacturing Pvt Ltd, Hosur Plant",25000.00,4500.00,1750.00,0.00,31250.00,INR,Issued,Approved,10,2025-10-04,PR-based procurement for Fasteners from PR202606300073,2025-10-02 10:56:00,2025-10-02 11:56:00
70,PO202510060070,74,35,1,2025-10-06,2025-10-27,Immediate payment against proforma invoice,Delivery in staggered lots as per production plan,"EV Motor Manufacturing Pvt Ltd, SIPCOT Industrial Park, Hosur, Tamil Nadu 635126","Stator Shop, EV Motor Manufacturing Pvt Ltd, Hosur Plant",25000.00,4500.00,1650.00,0.00,31150.00,INR,Partially Received,Approved,11,2025-10-06,PR-based procurement for Packaging Materials from PR202606300074,2025-10-06 10:03:00,2025-10-06 11:03:00
71,PO202510030071,75,29,1,2025-10-03,2025-10-22,30 days credit from invoice date,"FOR Hosur plant, freight included","EV Motor Manufacturing Pvt Ltd, SIPCOT Industrial Park, Hosur, Tamil Nadu 635126","Stator Shop, EV Motor Manufacturing Pvt Ltd, Hosur Plant",25000.00,4500.00,1700.00,375.00,30825.00,INR,Fully Received,Approved,12,2025-10-04,PR-based procurement for Fasteners from PR202606300075,2025-10-03 10:10:00,2025-10-03 11:10:00
72,PO202510040072,76,11,1,2025-10-04,2025-10-27,45 days credit after GRN acceptance,Ex-works supplier warehouse,"EV Motor Manufacturing Pvt Ltd, SIPCOT Industrial Park, Hosur, Tamil Nadu 635126","Stator Shop, EV Motor Manufacturing Pvt Ltd, Hosur Plant",105300.00,18954.00,2553.00,0.00,126807.00,INR,Cancelled,Pending,,,PR-based procurement for Mechanical Components from PR202606300076,2025-10-04 10:17:00,2025-10-04 11:17:00
73,PO202510080073,77,12,1,2025-10-08,2025-10-25,"50% advance, balance against dispatch",Door delivery to raw material store,"EV Motor Manufacturing Pvt Ltd, SIPCOT Industrial Park, Hosur, Tamil Nadu 635126","Stator Shop, EV Motor Manufacturing Pvt Ltd, Hosur Plant",28300.00,5094.00,1669.80,0.00,35063.80,INR,Issued,Pending,,,PR-based procurement for Mechanical Components from PR202606300077,2025-10-08 10:24:00,2025-10-08 11:24:00
74,PO202510120074,78,2,1,2025-10-12,2025-10-30,15 days after material acceptance,Freight extra at actuals,"EV Motor Manufacturing Pvt Ltd, SIPCOT Industrial Park, Hosur, Tamil Nadu 635126","Stator Shop, EV Motor Manufacturing Pvt Ltd, Hosur Plant",42300.00,7614.00,1838.40,0.00,51752.40,INR,Partially Received,Approved,3,2025-10-13,PR-based procurement for Electrical Components from PR202606300078,2025-10-12 10:31:00,2025-10-12 11:31:00
75,PO202510170075,79,20,2,2025-10-17,2025-10-31,Immediate payment against proforma invoice,Delivery in staggered lots as per production plan,"EV Motor Manufacturing Pvt Ltd, SIPCOT Industrial Park, Hosur, Tamil Nadu 635126","Rotor Shop, EV Motor Manufacturing Pvt Ltd, Hosur Plant",28300.00,5094.00,1783.00,0.00,35177.00,INR,Fully Received,Approved,4,2025-10-19,PR-based procurement for Electronic Components from PR202606300079,2025-10-17 10:38:00,2025-10-17 11:38:00
76,PO202510150076,80,21,1,2025-10-15,2025-10-31,30 days credit from invoice date,"FOR Hosur plant, freight included","EV Motor Manufacturing Pvt Ltd, SIPCOT Industrial Park, Hosur, Tamil Nadu 635126","Stator Shop, EV Motor Manufacturing Pvt Ltd, Hosur Plant",25000.00,4500.00,1650.00,0.00,31150.00,INR,Closed,Approved,5,2025-10-15,PR-based procurement for Electronic Components from PR202606300080,2025-10-15 10:45:00,2025-10-15 11:45:00
77,PO202510160077,81,8,1,2025-10-16,2025-11-10,45 days credit after GRN acceptance,Ex-works supplier warehouse,"EV Motor Manufacturing Pvt Ltd, SIPCOT Industrial Park, Hosur, Tamil Nadu 635126","Stator Shop, EV Motor Manufacturing Pvt Ltd, Hosur Plant",94500.00,17010.00,2256.00,0.00,113766.00,INR,Issued,Approved,6,2025-10-17,PR-based procurement for Magnetic Components from PR202606300081,2025-10-16 10:52:00,2025-10-16 11:52:00
78,PO202510180078,82,30,2,2025-10-18,2025-11-07,"50% advance, balance against dispatch",Door delivery to raw material store,"EV Motor Manufacturing Pvt Ltd, SIPCOT Industrial Park, Hosur, Tamil Nadu 635126","Rotor Shop, EV Motor Manufacturing Pvt Ltd, Hosur Plant",25000.00,4500.00,1750.00,375.00,30875.00,INR,Partially Received,Approved,7,2025-10-20,PR-based procurement for Fasteners from PR202606300082,2025-10-18 10:59:00,2025-10-18 11:59:00
79,PO202510240079,83,31,1,2025-10-24,2025-11-12,15 days after material acceptance,Freight extra at actuals,"EV Motor Manufacturing Pvt Ltd, SIPCOT Industrial Park, Hosur, Tamil Nadu 635126","Stator Shop, EV Motor Manufacturing Pvt Ltd, Hosur Plant",25000.00,4500.00,1650.00,0.00,31150.00,INR,Fully Received,Approved,8,2025-10-24,PR-based procurement for Consumables from PR202606300083,2025-10-24 10:06:00,2025-10-24 11:06:00
80,PO202510250080,84,35,1,2025-10-25,2025-11-16,Immediate payment against proforma invoice,Delivery in staggered lots as per production plan,"EV Motor Manufacturing Pvt Ltd, SIPCOT Industrial Park, Hosur, Tamil Nadu 635126","Stator Shop, EV Motor Manufacturing Pvt Ltd, Hosur Plant",25000.00,4500.00,1700.00,0.00,31200.00,INR,Cancelled,Pending,,,PR-based procurement for Identification & Documentation from PR202606300084,2025-10-25 10:13:00,2025-10-25 11:13:00
81,PO202510210081,85,9,1,2025-10-21,2025-11-29,30 days credit from invoice date,"FOR Hosur plant, freight included","EV Motor Manufacturing Pvt Ltd, SIPCOT Industrial Park, Hosur, Tamil Nadu 635126","Stator Shop, EV Motor Manufacturing Pvt Ltd, Hosur Plant",74200.00,13356.00,2242.00,0.00,89798.00,INR,Issued,Approved,10,2025-10-23,PR-based procurement for Magnetic Components from PR202606300085,2025-10-21 10:20:00,2025-10-21 11:20:00
82,PO202510250082,87,19,1,2025-10-25,2025-11-05,45 days credit after GRN acceptance,Ex-works supplier warehouse,"EV Motor Manufacturing Pvt Ltd, SIPCOT Industrial Park, Hosur, Tamil Nadu 635126","Stator Shop, EV Motor Manufacturing Pvt Ltd, Hosur Plant",27400.00,4932.00,1664.40,0.00,33996.40,INR,Partially Received,Approved,11,2025-10-25,PR-based procurement for Electronic Components from PR202606300087,2025-10-25 10:27:00,2025-10-25 11:27:00
83,PO202510270083,88,20,1,2025-10-27,2025-11-09,"50% advance, balance against dispatch",Door delivery to raw material store,"EV Motor Manufacturing Pvt Ltd, SIPCOT Industrial Park, Hosur, Tamil Nadu 635126","Stator Shop, EV Motor Manufacturing Pvt Ltd, Hosur Plant",49200.00,8856.00,1893.60,0.00,59949.60,INR,Fully Received,Approved,12,2025-10-28,PR-based procurement for Electronic Components from PR202606300088,2025-10-27 10:34:00,2025-10-27 11:34:00
84,PO202510290084,89,21,1,2025-10-29,2025-11-13,15 days after material acceptance,Freight extra at actuals,"EV Motor Manufacturing Pvt Ltd, SIPCOT Industrial Park, Hosur, Tamil Nadu 635126","Stator Shop, EV Motor Manufacturing Pvt Ltd, Hosur Plant",78300.00,14094.00,2283.00,0.00,94677.00,INR,Closed,Approved,13,2025-10-31,PR-based procurement for Electronic Components from PR202606300089,2025-10-29 10:41:00,2025-10-29 11:41:00
85,PO202511010085,90,25,1,2025-11-01,2025-11-23,Immediate payment against proforma invoice,Delivery in staggered lots as per production plan,"EV Motor Manufacturing Pvt Ltd, SIPCOT Industrial Park, Hosur, Tamil Nadu 635126","Stator Shop, EV Motor Manufacturing Pvt Ltd, Hosur Plant",236600.00,42588.00,2919.60,3549.00,278558.60,INR,Issued,Approved,1,2025-11-01,PR-based procurement for Insulation Materials from PR202606300090,2025-11-01 10:48:00,2025-11-01 11:48:00
86,PO202510280086,91,29,1,2025-10-28,2025-11-13,30 days credit from invoice date,"FOR Hosur plant, freight included","EV Motor Manufacturing Pvt Ltd, SIPCOT Industrial Park, Hosur, Tamil Nadu 635126","Stator Shop, EV Motor Manufacturing Pvt Ltd, Hosur Plant",25000.00,4500.00,1700.00,0.00,31200.00,INR,Partially Received,Approved,3,2025-10-29,PR-based procurement for Fasteners from PR202606300091,2025-10-28 10:55:00,2025-10-28 11:55:00
87,PO202510300087,92,33,1,2025-10-30,2025-11-18,45 days credit after GRN acceptance,Ex-works supplier warehouse,"EV Motor Manufacturing Pvt Ltd, SIPCOT Industrial Park, Hosur, Tamil Nadu 635126","Stator Shop, EV Motor Manufacturing Pvt Ltd, Hosur Plant",25000.00,4500.00,1750.00,0.00,31250.00,INR,Fully Received,Approved,4,2025-11-01,PR-based procurement for Consumables from PR202606300092,2025-10-30 10:02:00,2025-10-30 11:02:00
88,PO202511040088,93,35,1,2025-11-04,2025-11-25,"50% advance, balance against dispatch",Door delivery to raw material store,"EV Motor Manufacturing Pvt Ltd, SIPCOT Industrial Park, Hosur, Tamil Nadu 635126","Stator Shop, EV Motor Manufacturing Pvt Ltd, Hosur Plant",25000.00,4500.00,1650.00,0.00,31150.00,INR,Cancelled,Pending,,,PR-based procurement for Identification & Documentation from PR202606300093,2025-11-04 10:09:00,2025-11-04 11:09:00
89,PO202511070089,94,29,1,2025-11-07,2025-11-26,15 days after material acceptance,Freight extra at actuals,"EV Motor Manufacturing Pvt Ltd, SIPCOT Industrial Park, Hosur, Tamil Nadu 635126","Stator Shop, EV Motor Manufacturing Pvt Ltd, Hosur Plant",25000.00,4500.00,1700.00,0.00,31200.00,INR,Issued,Approved,6,2025-11-08,PR-based procurement for Fasteners from PR202606300094,2025-11-07 10:16:00,2025-11-07 11:16:00
90,PO202511080090,95,14,1,2025-11-08,2025-12-06,Immediate payment against proforma invoice,Delivery in staggered lots as per production plan,"EV Motor Manufacturing Pvt Ltd, SIPCOT Industrial Park, Hosur, Tamil Nadu 635126","Stator Shop, EV Motor Manufacturing Pvt Ltd, Hosur Plant",164700.00,29646.00,3147.00,0.00,197493.00,INR,Partially Received,Approved,7,2025-11-10,PR-based procurement for Mechanical Components from PR202606300095,2025-11-08 10:23:00,2025-11-08 11:23:00
91,PO202511050091,96,10,1,2025-11-05,2025-11-23,30 days credit from invoice date,"FOR Hosur plant, freight included","EV Motor Manufacturing Pvt Ltd, SIPCOT Industrial Park, Hosur, Tamil Nadu 635126","Stator Shop, EV Motor Manufacturing Pvt Ltd, Hosur Plant",25000.00,4500.00,1650.00,0.00,31150.00,INR,Fully Received,Approved,8,2025-11-05,PR-based procurement for Sealing Components from PR202606300096,2025-11-05 10:30:00,2025-11-05 11:30:00
92,PO202511080092,97,2,1,2025-11-08,2025-11-26,45 days credit after GRN acceptance,Ex-works supplier warehouse,"EV Motor Manufacturing Pvt Ltd, SIPCOT Industrial Park, Hosur, Tamil Nadu 635126","Stator Shop, EV Motor Manufacturing Pvt Ltd, Hosur Plant",27800.00,5004.00,1722.40,417.00,34109.40,INR,Closed,Approved,9,2025-11-09,PR-based procurement for Electrical Components from PR202606300097,2025-11-08 10:37:00,2025-11-08 11:37:00
93,PO202511100093,98,18,1,2025-11-10,2025-11-24,"50% advance, balance against dispatch",Door delivery to raw material store,"EV Motor Manufacturing Pvt Ltd, SIPCOT Industrial Park, Hosur, Tamil Nadu 635126","Stator Shop, EV Motor Manufacturing Pvt Ltd, Hosur Plant",173800.00,31284.00,3238.00,0.00,208322.00,INR,Issued,Approved,10,2025-11-12,PR-based procurement for Electronic Components from PR202606300098,2025-11-10 10:44:00,2025-11-10 11:44:00
94,PO202511110094,99,22,1,2025-11-11,2025-12-01,15 days after material acceptance,Freight extra at actuals,"EV Motor Manufacturing Pvt Ltd, SIPCOT Industrial Park, Hosur, Tamil Nadu 635126","Stator Shop, EV Motor Manufacturing Pvt Ltd, Hosur Plant",71100.00,12798.00,1926.60,0.00,85824.60,INR,Partially Received,Approved,11,2025-11-11,PR-based procurement for Electrical Components from PR202606300099,2025-11-11 10:51:00,2025-11-11 11:51:00
95,PO202511140095,100,20,1,2025-11-14,2025-11-30,Immediate payment against proforma invoice,Delivery in staggered lots as per production plan,"EV Motor Manufacturing Pvt Ltd, SIPCOT Industrial Park, Hosur, Tamil Nadu 635126","Stator Shop, EV Motor Manufacturing Pvt Ltd, Hosur Plant",326400.00,58752.00,4111.20,0.00,389263.20,INR,Fully Received,Approved,12,2025-11-15,PR-based procurement for Electronic Components from PR202606300100,2025-11-14 10:58:00,2025-11-14 11:58:00
96,PO202511140096,101,30,1,2025-11-14,2025-12-04,30 days credit from invoice date,"FOR Hosur plant, freight included","EV Motor Manufacturing Pvt Ltd, SIPCOT Industrial Park, Hosur, Tamil Nadu 635126","Stator Shop, EV Motor Manufacturing Pvt Ltd, Hosur Plant",25000.00,4500.00,1750.00,0.00,31250.00,INR,Cancelled,Pending,,,PR-based procurement for Fasteners from PR202606300101,2025-11-14 10:05:00,2025-11-14 11:05:00
97,PO202512020097,103,1,1,2025-12-02,2025-12-23,45 days credit after GRN acceptance,Ex-works supplier warehouse,"EV Motor Manufacturing Pvt Ltd, SIPCOT Industrial Park, Hosur, Tamil Nadu 635126","Stator Shop, EV Motor Manufacturing Pvt Ltd, Hosur Plant",25000.00,4500.00,1650.00,0.00,31150.00,INR,Issued,Approved,1,2025-12-02,PR-based procurement for Electrical Components from PR202606300103,2025-12-02 10:12:00,2025-12-02 11:12:00
98,PO202512060098,104,19,1,2025-12-06,2025-12-24,"50% advance, balance against dispatch",Door delivery to raw material store,"EV Motor Manufacturing Pvt Ltd, SIPCOT Industrial Park, Hosur, Tamil Nadu 635126","Stator Shop, EV Motor Manufacturing Pvt Ltd, Hosur Plant",229600.00,41328.00,3336.80,0.00,274264.80,INR,Partially Received,Approved,3,2025-12-07,PR-based procurement for Electronic Components from PR202606300104,2025-12-06 10:19:00,2025-12-06 11:19:00
99,PO202512080099,105,30,1,2025-12-08,2025-12-31,15 days after material acceptance,Freight extra at actuals,"EV Motor Manufacturing Pvt Ltd, SIPCOT Industrial Park, Hosur, Tamil Nadu 635126","Stator Shop, EV Motor Manufacturing Pvt Ltd, Hosur Plant",28300.00,5094.00,1783.00,424.50,34752.50,INR,Fully Received,Approved,4,2025-12-10,PR-based procurement for Fasteners from PR202606300105,2025-12-08 10:26:00,2025-12-08 11:26:00
100,PO202512200100,106,4,1,2025-12-20,2026-01-12,Immediate payment against proforma invoice,Delivery in staggered lots as per production plan,"EV Motor Manufacturing Pvt Ltd, SIPCOT Industrial Park, Hosur, Tamil Nadu 635126","Stator Shop, EV Motor Manufacturing Pvt Ltd, Hosur Plant",341600.00,61488.00,3549.60,0.00,406637.60,INR,Closed,Approved,5,2025-12-20,PR-based procurement for Core Components from PR202606300106,2025-12-20 10:33:00,2025-12-20 11:33:00
101,PO202512190101,108,34,1,2025-12-19,2026-01-02,30 days credit from invoice date,"FOR Hosur plant, freight included","EV Motor Manufacturing Pvt Ltd, SIPCOT Industrial Park, Hosur, Tamil Nadu 635126","Stator Shop, EV Motor Manufacturing Pvt Ltd, Hosur Plant",25000.00,4500.00,1700.00,0.00,31200.00,INR,Issued,Approved,6,2025-12-20,PR-based procurement for Packaging Materials from PR202606300108,2025-12-19 10:40:00,2025-12-19 11:40:00
102,PO202512220102,109,30,2,2025-12-22,2026-01-08,45 days credit after GRN acceptance,Ex-works supplier warehouse,"EV Motor Manufacturing Pvt Ltd, SIPCOT Industrial Park, Hosur, Tamil Nadu 635126","Rotor Shop, EV Motor Manufacturing Pvt Ltd, Hosur Plant",25000.00,4500.00,1750.00,0.00,31250.00,INR,Partially Received,Approved,7,2025-12-24,PR-based procurement for Fasteners from PR202606300109,2025-12-22 10:47:00,2025-12-22 11:47:00
103,PO202512230103,110,28,1,2025-12-23,2026-01-06,"50% advance, balance against dispatch",Door delivery to raw material store,"EV Motor Manufacturing Pvt Ltd, SIPCOT Industrial Park, Hosur, Tamil Nadu 635126","Stator Shop, EV Motor Manufacturing Pvt Ltd, Hosur Plant",25000.00,4500.00,1650.00,0.00,31150.00,INR,Fully Received,Approved,8,2025-12-23,PR-based procurement for Fasteners from PR202606300110,2025-12-23 10:54:00,2025-12-23 11:54:00
104,PO202512260104,111,2,1,2025-12-26,2026-01-16,15 days after material acceptance,Freight extra at actuals,"EV Motor Manufacturing Pvt Ltd, SIPCOT Industrial Park, Hosur, Tamil Nadu 635126","Stator Shop, EV Motor Manufacturing Pvt Ltd, Hosur Plant",408500.00,73530.00,4768.00,0.00,486798.00,INR,Cancelled,Pending,,,PR-based procurement for Electrical Components from PR202606300111,2025-12-26 10:01:00,2025-12-26 11:01:00
105,PO202512290105,112,10,1,2025-12-29,2026-01-21,Immediate payment against proforma invoice,Delivery in staggered lots as per production plan,"EV Motor Manufacturing Pvt Ltd, SIPCOT Industrial Park, Hosur, Tamil Nadu 635126","Stator Shop, EV Motor Manufacturing Pvt Ltd, Hosur Plant",824200.00,148356.00,9742.00,0.00,982298.00,INR,Issued,Approved,10,2025-12-31,PR-based procurement for Finished Goods from PR202606300112,2025-12-29 10:08:00,2025-12-29 11:08:00
106,PO202512290106,113,7,1,2025-12-29,2026-01-29,30 days credit from invoice date,"FOR Hosur plant, freight included","EV Motor Manufacturing Pvt Ltd, SIPCOT Industrial Park, Hosur, Tamil Nadu 635126","Stator Shop, EV Motor Manufacturing Pvt Ltd, Hosur Plant",283600.00,51048.00,3201.60,4254.00,333595.60,INR,Partially Received,Approved,11,2025-12-29,PR-based procurement for Magnetic Components from PR202606300113,2025-12-29 10:15:00,2025-12-29 11:15:00
107,PO202512310107,114,29,1,2025-12-31,2026-01-19,45 days credit after GRN acceptance,Ex-works supplier warehouse,"EV Motor Manufacturing Pvt Ltd, SIPCOT Industrial Park, Hosur, Tamil Nadu 635126","Stator Shop, EV Motor Manufacturing Pvt Ltd, Hosur Plant",25000.00,4500.00,1700.00,0.00,31200.00,INR,Fully Received,Approved,12,2026-01-01,PR-based procurement for Fasteners from PR202606300114,2025-12-31 10:22:00,2025-12-31 11:22:00
108,PO202601030108,115,24,1,2026-01-03,2026-01-28,"50% advance, balance against dispatch",Door delivery to raw material store,"EV Motor Manufacturing Pvt Ltd, SIPCOT Industrial Park, Hosur, Tamil Nadu 635126","Stator Shop, EV Motor Manufacturing Pvt Ltd, Hosur Plant",419200.00,75456.00,5692.00,0.00,500348.00,INR,Closed,Approved,13,2026-01-05,PR-based procurement for Electrical Components from PR202606300115,2026-01-03 10:29:00,2026-01-03 11:29:00
109,PO202601050109,116,18,1,2026-01-05,2026-01-17,15 days after material acceptance,Freight extra at actuals,"EV Motor Manufacturing Pvt Ltd, SIPCOT Industrial Park, Hosur, Tamil Nadu 635126","Stator Shop, EV Motor Manufacturing Pvt Ltd, Hosur Plant",78400.00,14112.00,1970.40,0.00,94482.40,INR,Issued,Pending,,,PR-based procurement for Electronic Components from PR202606300116,2026-01-05 10:36:00,2026-01-05 11:36:00
110,PO202601080110,117,19,1,2026-01-08,2026-01-20,Immediate payment against proforma invoice,Delivery in staggered lots as per production plan,"EV Motor Manufacturing Pvt Ltd, SIPCOT Industrial Park, Hosur, Tamil Nadu 635126","Stator Shop, EV Motor Manufacturing Pvt Ltd, Hosur Plant",25000.00,4500.00,1700.00,0.00,31200.00,INR,Partially Received,Approved,3,2026-01-09,PR-based procurement for Electronic Components from PR202606300117,2026-01-08 10:43:00,2026-01-08 11:43:00
111,PO202601060111,118,30,1,2026-01-06,2026-01-23,30 days credit from invoice date,"FOR Hosur plant, freight included","EV Motor Manufacturing Pvt Ltd, SIPCOT Industrial Park, Hosur, Tamil Nadu 635126","Stator Shop, EV Motor Manufacturing Pvt Ltd, Hosur Plant",25000.00,4500.00,1750.00,0.00,31250.00,INR,Fully Received,Approved,4,2026-01-08,PR-based procurement for Fasteners from PR202606300118,2026-01-06 10:50:00,2026-01-06 11:50:00
112,PO202601080112,119,11,2,2026-01-08,2026-01-26,45 days credit after GRN acceptance,Ex-works supplier warehouse,"EV Motor Manufacturing Pvt Ltd, SIPCOT Industrial Park, Hosur, Tamil Nadu 635126","Rotor Shop, EV Motor Manufacturing Pvt Ltd, Hosur Plant",25000.00,4500.00,1650.00,0.00,31150.00,INR,Cancelled,Pending,,,PR-based procurement for Sealing Components from PR202606300119,2026-01-08 10:57:00,2026-01-08 11:57:00
113,PO202601090113,120,23,1,2026-01-09,2026-01-29,"50% advance, balance against dispatch",Door delivery to raw material store,"EV Motor Manufacturing Pvt Ltd, SIPCOT Industrial Park, Hosur, Tamil Nadu 635126","Stator Shop, EV Motor Manufacturing Pvt Ltd, Hosur Plant",25000.00,4500.00,1700.00,375.00,30825.00,INR,Issued,Approved,6,2026-01-10,PR-based procurement for Electrical Components from PR202606300120,2026-01-09 10:04:00,2026-01-09 11:04:00
114,PO202601190114,121,19,1,2026-01-19,2026-02-04,15 days after material acceptance,Freight extra at actuals,"EV Motor Manufacturing Pvt Ltd, SIPCOT Industrial Park, Hosur, Tamil Nadu 635126","Stator Shop, EV Motor Manufacturing Pvt Ltd, Hosur Plant",25000.00,4500.00,1750.00,0.00,31250.00,INR,Partially Received,Approved,7,2026-01-21,PR-based procurement for Electronic Components from PR202606300121,2026-01-19 10:11:00,2026-01-19 11:11:00
115,PO202601200115,122,4,1,2026-01-20,2026-02-18,Immediate payment against proforma invoice,Delivery in staggered lots as per production plan,"EV Motor Manufacturing Pvt Ltd, SIPCOT Industrial Park, Hosur, Tamil Nadu 635126","Stator Shop, EV Motor Manufacturing Pvt Ltd, Hosur Plant",445500.00,80190.00,4173.00,0.00,529863.00,INR,Fully Received,Approved,8,2026-01-20,PR-based procurement for Core Components from PR202606300122,2026-01-20 10:18:00,2026-01-20 11:18:00
116,PO202601160116,123,10,1,2026-01-16,2026-02-10,30 days credit from invoice date,"FOR Hosur plant, freight included","EV Motor Manufacturing Pvt Ltd, SIPCOT Industrial Park, Hosur, Tamil Nadu 635126","Stator Shop, EV Motor Manufacturing Pvt Ltd, Hosur Plant",511600.00,92088.00,5592.80,0.00,609280.80,INR,Closed,Approved,9,2026-01-17,PR-based procurement for Mechanical Components from PR202606300123,2026-01-16 10:25:00,2026-01-16 11:25:00
117,PO202601210117,124,11,1,2026-01-21,2026-02-13,45 days credit after GRN acceptance,Ex-works supplier warehouse,"EV Motor Manufacturing Pvt Ltd, SIPCOT Industrial Park, Hosur, Tamil Nadu 635126","Stator Shop, EV Motor Manufacturing Pvt Ltd, Hosur Plant",25000.00,4500.00,1750.00,0.00,31250.00,INR,Issued,Approved,10,2026-01-23,PR-based procurement for Sealing Components from PR202606300124,2026-01-21 10:32:00,2026-01-21 11:32:00
118,PO202601230118,125,35,1,2026-01-23,2026-02-07,"50% advance, balance against dispatch",Door delivery to raw material store,"EV Motor Manufacturing Pvt Ltd, SIPCOT Industrial Park, Hosur, Tamil Nadu 635126","Stator Shop, EV Motor Manufacturing Pvt Ltd, Hosur Plant",25000.00,4500.00,1650.00,0.00,31150.00,INR,Partially Received,Approved,11,2026-01-23,PR-based procurement for Packaging Materials from PR202606300125,2026-01-23 10:39:00,2026-01-23 11:39:00
119,PO202601240119,126,20,1,2026-01-24,2026-02-06,15 days after material acceptance,Freight extra at actuals,"EV Motor Manufacturing Pvt Ltd, SIPCOT Industrial Park, Hosur, Tamil Nadu 635126","Stator Shop, EV Motor Manufacturing Pvt Ltd, Hosur Plant",25000.00,4500.00,1700.00,0.00,31200.00,INR,Fully Received,Approved,12,2026-01-25,PR-based procurement for Electronic Components from PR202606300126,2026-01-24 10:46:00,2026-01-24 11:46:00
120,PO202601280120,127,27,1,2026-01-28,2026-02-22,Immediate payment against proforma invoice,Delivery in staggered lots as per production plan,"EV Motor Manufacturing Pvt Ltd, SIPCOT Industrial Park, Hosur, Tamil Nadu 635126","Stator Shop, EV Motor Manufacturing Pvt Ltd, Hosur Plant",164800.00,29664.00,3148.00,2472.00,195140.00,INR,Cancelled,Pending,,,PR-based procurement for Insulation Materials from PR202606300127,2026-01-28 10:53:00,2026-01-28 11:53:00
121,PO202601290121,130,28,1,2026-01-29,2026-02-12,30 days credit from invoice date,"FOR Hosur plant, freight included","EV Motor Manufacturing Pvt Ltd, SIPCOT Industrial Park, Hosur, Tamil Nadu 635126","Stator Shop, EV Motor Manufacturing Pvt Ltd, Hosur Plant",25000.00,4500.00,1650.00,0.00,31150.00,INR,Issued,Approved,1,2026-01-29,PR-based procurement for Fasteners from PR202606300130,2026-01-29 10:00:00,2026-01-29 11:00:00
122,PO202601300122,131,5,1,2026-01-30,2026-02-24,45 days credit after GRN acceptance,Ex-works supplier warehouse,"EV Motor Manufacturing Pvt Ltd, SIPCOT Industrial Park, Hosur, Tamil Nadu 635126","Stator Shop, EV Motor Manufacturing Pvt Ltd, Hosur Plant",1157300.00,208314.00,10758.40,0.00,1376372.40,INR,Partially Received,Approved,3,2026-01-31,PR-based procurement for Core Components from PR202606300131,2026-01-30 10:07:00,2026-01-30 11:07:00
123,PO202602010123,132,12,3,2026-02-01,2026-02-23,"50% advance, balance against dispatch",Door delivery to raw material store,"EV Motor Manufacturing Pvt Ltd, SIPCOT Industrial Park, Hosur, Tamil Nadu 635126","Assembly Shop, EV Motor Manufacturing Pvt Ltd, Hosur Plant",130400.00,23472.00,2804.00,0.00,156676.00,INR,Fully Received,Approved,4,2026-02-03,PR-based procurement for Mechanical Components from PR202606300132,2026-02-01 10:14:00,2026-02-01 11:14:00
124,PO202602030124,133,15,1,2026-02-03,2026-02-22,15 days after material acceptance,Freight extra at actuals,"EV Motor Manufacturing Pvt Ltd, SIPCOT Industrial Park, Hosur, Tamil Nadu 635126","Stator Shop, EV Motor Manufacturing Pvt Ltd, Hosur Plant",145100.00,26118.00,2370.60,0.00,173588.60,INR,Closed,Approved,5,2026-02-03,PR-based procurement for Bearings from PR202606300133,2026-02-03 10:21:00,2026-02-03 11:21:00
125,PO202602040125,134,23,1,2026-02-04,2026-02-27,Immediate payment against proforma invoice,Delivery in staggered lots as per production plan,"EV Motor Manufacturing Pvt Ltd, SIPCOT Industrial Park, Hosur, Tamil Nadu 635126","Stator Shop, EV Motor Manufacturing Pvt Ltd, Hosur Plant",263700.00,47466.00,3609.60,0.00,314775.60,INR,Issued,Approved,6,2026-02-05,PR-based procurement for Electrical Components from PR202606300134,2026-02-04 10:28:00,2026-02-04 11:28:00
126,PO202602020126,135,19,1,2026-02-02,2026-02-21,30 days credit from invoice date,"FOR Hosur plant, freight included","EV Motor Manufacturing Pvt Ltd, SIPCOT Industrial Park, Hosur, Tamil Nadu 635126","Stator Shop, EV Motor Manufacturing Pvt Ltd, Hosur Plant",120000.00,21600.00,2700.00,0.00,144300.00,INR,Partially Received,Approved,7,2026-02-04,PR-based procurement for Electronic Components from PR202606300135,2026-02-02 10:35:00,2026-02-02 11:35:00
127,PO202602060127,136,11,1,2026-02-06,2026-02-21,45 days credit after GRN acceptance,Ex-works supplier warehouse,"EV Motor Manufacturing Pvt Ltd, SIPCOT Industrial Park, Hosur, Tamil Nadu 635126","Stator Shop, EV Motor Manufacturing Pvt Ltd, Hosur Plant",25000.00,4500.00,1650.00,375.00,30775.00,INR,Fully Received,Approved,8,2026-02-06,PR-based procurement for Sealing Components from PR202606300136,2026-02-06 10:42:00,2026-02-06 11:42:00
128,PO202602080128,137,21,1,2026-02-08,2026-02-22,"50% advance, balance against dispatch",Door delivery to raw material store,"EV Motor Manufacturing Pvt Ltd, SIPCOT Industrial Park, Hosur, Tamil Nadu 635126","Stator Shop, EV Motor Manufacturing Pvt Ltd, Hosur Plant",677200.00,121896.00,6917.60,0.00,806013.60,INR,Cancelled,Pending,,,PR-based procurement for Electronic Components from PR202606300137,2026-02-08 10:49:00,2026-02-08 11:49:00
129,PO202602170129,138,33,1,2026-02-17,2026-03-05,15 days after material acceptance,Freight extra at actuals,"EV Motor Manufacturing Pvt Ltd, SIPCOT Industrial Park, Hosur, Tamil Nadu 635126","Stator Shop, EV Motor Manufacturing Pvt Ltd, Hosur Plant",25000.00,4500.00,1750.00,0.00,31250.00,INR,Issued,Approved,10,2026-02-19,PR-based procurement for Consumables from PR202606300138,2026-02-17 10:56:00,2026-02-17 11:56:00
130,PO202602190130,139,4,1,2026-02-19,2026-03-17,Immediate payment against proforma invoice,Delivery in staggered lots as per production plan,"EV Motor Manufacturing Pvt Ltd, SIPCOT Industrial Park, Hosur, Tamil Nadu 635126","Stator Shop, EV Motor Manufacturing Pvt Ltd, Hosur Plant",94400.00,16992.00,2066.40,0.00,113458.40,INR,Partially Received,Approved,11,2026-02-19,PR-based procurement for Core Components from PR202606300139,2026-02-19 10:03:00,2026-02-19 11:03:00
131,PO202602190131,140,12,1,2026-02-19,2026-03-12,30 days credit from invoice date,"FOR Hosur plant, freight included","EV Motor Manufacturing Pvt Ltd, SIPCOT Industrial Park, Hosur, Tamil Nadu 635126","Stator Shop, EV Motor Manufacturing Pvt Ltd, Hosur Plant",1578500.00,284130.00,14128.00,0.00,1876758.00,INR,Fully Received,Approved,12,2026-02-20,PR-based procurement for Finished Goods from PR202606300140,2026-02-19 10:10:00,2026-02-19 11:10:00
132,PO202602230132,141,33,1,2026-02-23,2026-03-14,45 days credit after GRN acceptance,Ex-works supplier warehouse,"EV Motor Manufacturing Pvt Ltd, SIPCOT Industrial Park, Hosur, Tamil Nadu 635126","Stator Shop, EV Motor Manufacturing Pvt Ltd, Hosur Plant",25000.00,4500.00,1750.00,0.00,31250.00,INR,Closed,Approved,13,2026-02-25,PR-based procurement for Consumables from PR202606300141,2026-02-23 10:17:00,2026-02-23 11:17:00
133,PO202602270133,142,12,1,2026-02-27,2026-03-22,"50% advance, balance against dispatch",Door delivery to raw material store,"EV Motor Manufacturing Pvt Ltd, SIPCOT Industrial Park, Hosur, Tamil Nadu 635126","Stator Shop, EV Motor Manufacturing Pvt Ltd, Hosur Plant",43900.00,7902.00,1763.40,0.00,53565.40,INR,Issued,Approved,1,2026-02-27,PR-based procurement for Mechanical Components from PR202606300142,2026-02-27 10:24:00,2026-02-27 11:24:00
134,PO202602280134,143,26,1,2026-02-28,2026-03-25,15 days after material acceptance,Freight extra at actuals,"EV Motor Manufacturing Pvt Ltd, SIPCOT Industrial Park, Hosur, Tamil Nadu 635126","Stator Shop, EV Motor Manufacturing Pvt Ltd, Hosur Plant",150400.00,27072.00,2703.20,2256.00,177919.20,INR,Partially Received,Approved,3,2026-03-01,PR-based procurement for Insulation Materials from PR202606300143,2026-02-28 10:31:00,2026-02-28 11:31:00
135,PO202603050135,144,20,1,2026-03-05,2026-03-25,Immediate payment against proforma invoice,Delivery in staggered lots as per production plan,"EV Motor Manufacturing Pvt Ltd, SIPCOT Industrial Park, Hosur, Tamil Nadu 635126","Stator Shop, EV Motor Manufacturing Pvt Ltd, Hosur Plant",38600.00,6948.00,1886.00,0.00,47434.00,INR,Fully Received,Approved,4,2026-03-07,PR-based procurement for Electronic Components from PR202606300144,2026-03-05 10:38:00,2026-03-05 11:38:00
136,PO202603080136,145,25,1,2026-03-08,2026-03-27,30 days credit from invoice date,"FOR Hosur plant, freight included","EV Motor Manufacturing Pvt Ltd, SIPCOT Industrial Park, Hosur, Tamil Nadu 635126","Stator Shop, EV Motor Manufacturing Pvt Ltd, Hosur Plant",25000.00,4500.00,1650.00,0.00,31150.00,INR,Cancelled,Pending,,,PR-based procurement for Insulation Materials from PR202606300145,2026-03-08 10:45:00,2026-03-08 11:45:00
137,PO202603100137,146,11,3,2026-03-10,2026-03-26,45 days credit after GRN acceptance,Ex-works supplier warehouse,"EV Motor Manufacturing Pvt Ltd, SIPCOT Industrial Park, Hosur, Tamil Nadu 635126","Assembly Shop, EV Motor Manufacturing Pvt Ltd, Hosur Plant",25000.00,4500.00,1700.00,0.00,31200.00,INR,Issued,Approved,6,2026-03-11,PR-based procurement for Sealing Components from PR202606300146,2026-03-10 10:52:00,2026-03-10 11:52:00
138,PO202603180138,148,35,1,2026-03-18,2026-04-04,"50% advance, balance against dispatch",Door delivery to raw material store,"EV Motor Manufacturing Pvt Ltd, SIPCOT Industrial Park, Hosur, Tamil Nadu 635126","Stator Shop, EV Motor Manufacturing Pvt Ltd, Hosur Plant",52600.00,9468.00,2026.00,0.00,64094.00,INR,Partially Received,Approved,7,2026-03-20,PR-based procurement for Packaging Materials from PR202606300148,2026-03-18 10:59:00,2026-03-18 11:59:00
139,PO202603200139,149,34,2,2026-03-20,2026-04-05,15 days after material acceptance,Freight extra at actuals,"EV Motor Manufacturing Pvt Ltd, SIPCOT Industrial Park, Hosur, Tamil Nadu 635126","Rotor Shop, EV Motor Manufacturing Pvt Ltd, Hosur Plant",25000.00,4500.00,1650.00,0.00,31150.00,INR,Fully Received,Approved,8,2026-03-20,PR-based procurement for Identification & Documentation from PR202606300149,2026-03-20 10:06:00,2026-03-20 11:06:00
140,PO202603280140,150,21,1,2026-03-28,2026-04-14,Immediate payment against proforma invoice,Delivery in staggered lots as per production plan,"EV Motor Manufacturing Pvt Ltd, SIPCOT Industrial Park, Hosur, Tamil Nadu 635126","Stator Shop, EV Motor Manufacturing Pvt Ltd, Hosur Plant",324500.00,58410.00,4096.00,0.00,387006.00,INR,Closed,Approved,9,2026-03-29,PR-based procurement for Electronic Components from PR202606300150,2026-03-28 10:13:00,2026-03-28 11:13:00
141,PO202504050141,1,3,1,2025-04-05,2025-04-28,30 days credit from invoice date,"FOR Hosur plant, freight included","EV Motor Manufacturing Pvt Ltd, SIPCOT Industrial Park, Hosur, Tamil Nadu 635126","Stator Shop, EV Motor Manufacturing Pvt Ltd, Hosur Plant",417800.00,75204.00,5678.00,6267.00,492415.00,INR,Issued,Approved,10,2025-04-07,PR-based procurement for Electrical Components from PR202606300001,2025-04-05 10:20:00,2025-04-05 11:20:00
142,PO202504080142,3,22,2,2025-04-08,2025-05-01,45 days credit after GRN acceptance,Ex-works supplier warehouse,"EV Motor Manufacturing Pvt Ltd, SIPCOT Industrial Park, Hosur, Tamil Nadu 635126","Rotor Shop, EV Motor Manufacturing Pvt Ltd, Hosur Plant",653000.00,117540.00,5418.00,0.00,775958.00,INR,Partially Received,Approved,11,2025-04-08,PR-based procurement for Electrical Components from PR202606300003,2025-04-08 10:27:00,2025-04-08 11:27:00
143,PO202504100143,4,20,1,2025-04-10,2025-04-29,"50% advance, balance against dispatch",Door delivery to raw material store,"EV Motor Manufacturing Pvt Ltd, SIPCOT Industrial Park, Hosur, Tamil Nadu 635126","Stator Shop, EV Motor Manufacturing Pvt Ltd, Hosur Plant",501200.00,90216.00,5509.60,0.00,596925.60,INR,Fully Received,Approved,12,2025-04-11,PR-based procurement for Electronic Components from PR202606300004,2025-04-10 10:34:00,2025-04-10 11:34:00
144,PO202504270144,5,6,1,2025-04-27,2025-06-02,15 days after material acceptance,Freight extra at actuals,"EV Motor Manufacturing Pvt Ltd, SIPCOT Industrial Park, Hosur, Tamil Nadu 635126","Stator Shop, EV Motor Manufacturing Pvt Ltd, Hosur Plant",2372900.00,427122.00,25229.00,0.00,2825251.00,INR,Cancelled,Pending,,,PR-based procurement for Core Components from PR202606300005,2025-04-27 10:41:00,2025-04-27 11:41:00
145,PO202505030145,6,28,1,2025-05-03,2025-05-14,Immediate payment against proforma invoice,Delivery in staggered lots as per production plan,"EV Motor Manufacturing Pvt Ltd, SIPCOT Industrial Park, Hosur, Tamil Nadu 635126","Stator Shop, EV Motor Manufacturing Pvt Ltd, Hosur Plant",63700.00,11466.00,1882.20,0.00,77048.20,INR,Issued,Pending,,,PR-based procurement for Fasteners from PR202606300006,2025-05-03 10:48:00,2025-05-03 11:48:00
146,PO202504300146,7,35,1,2025-04-30,2025-05-16,30 days credit from invoice date,"FOR Hosur plant, freight included","EV Motor Manufacturing Pvt Ltd, SIPCOT Industrial Park, Hosur, Tamil Nadu 635126","Stator Shop, EV Motor Manufacturing Pvt Ltd, Hosur Plant",40400.00,7272.00,1823.20,0.00,49495.20,INR,Partially Received,Approved,3,2025-05-01,PR-based procurement for Packaging Materials from PR202606300007,2025-04-30 10:55:00,2025-04-30 11:55:00
147,PO202505090147,8,6,2,2025-05-09,2025-06-08,45 days credit after GRN acceptance,Ex-works supplier warehouse,"EV Motor Manufacturing Pvt Ltd, SIPCOT Industrial Park, Hosur, Tamil Nadu 635126","Rotor Shop, EV Motor Manufacturing Pvt Ltd, Hosur Plant",345800.00,62244.00,4958.00,0.00,413002.00,INR,Fully Received,Approved,4,2025-05-11,PR-based procurement for Core Components from PR202606300008,2025-05-09 10:02:00,2025-05-09 11:02:00
148,PO202505100148,9,4,1,2025-05-10,2025-06-05,"50% advance, balance against dispatch",Door delivery to raw material store,"EV Motor Manufacturing Pvt Ltd, SIPCOT Industrial Park, Hosur, Tamil Nadu 635126","Stator Shop, EV Motor Manufacturing Pvt Ltd, Hosur Plant",924300.00,166374.00,7045.80,13864.50,1083855.30,INR,Closed,Approved,5,2025-05-10,PR-based procurement for Core Components from PR202606300009,2025-05-10 10:09:00,2025-05-10 11:09:00
149,PO202505130149,10,14,1,2025-05-13,2025-06-06,15 days after material acceptance,Freight extra at actuals,"EV Motor Manufacturing Pvt Ltd, SIPCOT Industrial Park, Hosur, Tamil Nadu 635126","Stator Shop, EV Motor Manufacturing Pvt Ltd, Hosur Plant",3455700.00,622026.00,29145.60,0.00,4106871.60,INR,Issued,Pending,,,PR-based procurement for Finished Goods from PR202606300010,2025-05-13 10:16:00,2025-05-13 11:16:00
150,PO202505250150,11,30,1,2025-05-25,2025-06-14,Immediate payment against proforma invoice,Delivery in staggered lots as per production plan,"EV Motor Manufacturing Pvt Ltd, SIPCOT Industrial Park, Hosur, Tamil Nadu 635126","Stator Shop, EV Motor Manufacturing Pvt Ltd, Hosur Plant",53000.00,9540.00,2030.00,0.00,64570.00,INR,Partially Received,Approved,7,2025-05-27,PR-based procurement for Fasteners from PR202606300011,2025-05-25 10:23:00,2025-05-25 11:23:00
151,PO202505260151,12,20,1,2025-05-26,2025-06-13,30 days credit from invoice date,"FOR Hosur plant, freight included","EV Motor Manufacturing Pvt Ltd, SIPCOT Industrial Park, Hosur, Tamil Nadu 635126","Stator Shop, EV Motor Manufacturing Pvt Ltd, Hosur Plant",453600.00,81648.00,4221.60,0.00,539469.60,INR,Fully Received,Approved,8,2025-05-26,PR-based procurement for Electronic Components from PR202606300012,2025-05-26 10:30:00,2025-05-26 11:30:00
152,PO202506010152,14,2,1,2025-06-01,2025-06-25,45 days credit after GRN acceptance,Ex-works supplier warehouse,"EV Motor Manufacturing Pvt Ltd, SIPCOT Industrial Park, Hosur, Tamil Nadu 635126","Stator Shop, EV Motor Manufacturing Pvt Ltd, Hosur Plant",897300.00,161514.00,8678.40,0.00,1067492.40,INR,Cancelled,Pending,,,PR-based procurement for Electrical Components from PR202606300014,2025-06-01 10:37:00,2025-06-01 11:37:00
153,PO202506080153,16,30,2,2025-06-08,2025-07-01,"50% advance, balance against dispatch",Door delivery to raw material store,"EV Motor Manufacturing Pvt Ltd, SIPCOT Industrial Park, Hosur, Tamil Nadu 635126","Rotor Shop, EV Motor Manufacturing Pvt Ltd, Hosur Plant",25000.00,4500.00,1750.00,0.00,31250.00,INR,Issued,Approved,10,2025-06-10,PR-based procurement for Fasteners from PR202606300016,2025-06-08 10:44:00,2025-06-08 11:44:00
154,PO202506150154,17,35,1,2025-06-15,2025-06-30,15 days after material acceptance,Freight extra at actuals,"EV Motor Manufacturing Pvt Ltd, SIPCOT Industrial Park, Hosur, Tamil Nadu 635126","Stator Shop, EV Motor Manufacturing Pvt Ltd, Hosur Plant",51300.00,9234.00,1807.80,0.00,62341.80,INR,Partially Received,Approved,11,2025-06-15,PR-based procurement for Packaging Materials from PR202606300017,2025-06-15 10:51:00,2025-06-15 11:51:00
155,PO202506160155,18,20,1,2025-06-16,2025-06-29,Immediate payment against proforma invoice,Delivery in staggered lots as per production plan,"EV Motor Manufacturing Pvt Ltd, SIPCOT Industrial Park, Hosur, Tamil Nadu 635126","Stator Shop, EV Motor Manufacturing Pvt Ltd, Hosur Plant",1579200.00,284256.00,14133.60,23688.00,1853901.60,INR,Fully Received,Approved,12,2025-06-17,PR-based procurement for Electronic Components from PR202606300018,2025-06-16 10:58:00,2025-06-16 11:58:00
156,PO202506160156,19,30,1,2025-06-16,2025-07-03,30 days credit from invoice date,"FOR Hosur plant, freight included","EV Motor Manufacturing Pvt Ltd, SIPCOT Industrial Park, Hosur, Tamil Nadu 635126","Stator Shop, EV Motor Manufacturing Pvt Ltd, Hosur Plant",25000.00,4500.00,1750.00,0.00,31250.00,INR,Closed,Approved,13,2025-06-18,PR-based procurement for Fasteners from PR202606300019,2025-06-16 10:05:00,2025-06-16 11:05:00
157,PO202506180157,20,15,1,2025-06-18,2025-07-04,45 days credit after GRN acceptance,Ex-works supplier warehouse,"EV Motor Manufacturing Pvt Ltd, SIPCOT Industrial Park, Hosur, Tamil Nadu 635126","Stator Shop, EV Motor Manufacturing Pvt Ltd, Hosur Plant",144500.00,26010.00,2367.00,0.00,172877.00,INR,Issued,Approved,1,2025-06-18,PR-based procurement for Bearings from PR202606300020,2025-06-18 10:12:00,2025-06-18 11:12:00
158,PO202506280158,21,2,1,2025-06-28,2025-07-19,"50% advance, balance against dispatch",Door delivery to raw material store,"EV Motor Manufacturing Pvt Ltd, SIPCOT Industrial Park, Hosur, Tamil Nadu 635126","Stator Shop, EV Motor Manufacturing Pvt Ltd, Hosur Plant",1486000.00,267480.00,13388.00,0.00,1766868.00,INR,Partially Received,Approved,3,2025-06-29,PR-based procurement for Electrical Components from PR202606300021,2025-06-28 10:19:00,2025-06-28 11:19:00
159,PO202506300159,22,30,1,2025-06-30,2025-07-20,15 days after material acceptance,Freight extra at actuals,"EV Motor Manufacturing Pvt Ltd, SIPCOT Industrial Park, Hosur, Tamil Nadu 635126","Stator Shop, EV Motor Manufacturing Pvt Ltd, Hosur Plant",25000.00,4500.00,1750.00,0.00,31250.00,INR,Fully Received,Approved,4,2025-07-02,PR-based procurement for Fasteners from PR202606300022,2025-06-30 10:26:00,2025-06-30 11:26:00
160,PO202507020160,23,22,1,2025-07-02,2025-07-25,Immediate payment against proforma invoice,Delivery in staggered lots as per production plan,"EV Motor Manufacturing Pvt Ltd, SIPCOT Industrial Park, Hosur, Tamil Nadu 635126","Stator Shop, EV Motor Manufacturing Pvt Ltd, Hosur Plant",1554000.00,279720.00,10824.00,0.00,1844544.00,INR,Cancelled,Pending,,,PR-based procurement for Electrical Components from PR202606300023,2025-07-02 10:33:00,2025-07-02 11:33:00
161,PO202507060161,24,26,1,2025-07-06,2025-07-31,30 days credit from invoice date,"FOR Hosur plant, freight included","EV Motor Manufacturing Pvt Ltd, SIPCOT Industrial Park, Hosur, Tamil Nadu 635126","Stator Shop, EV Motor Manufacturing Pvt Ltd, Hosur Plant",25000.00,4500.00,1700.00,0.00,31200.00,INR,Issued,Approved,6,2025-07-07,PR-based procurement for Insulation Materials from PR202606300024,2025-07-06 10:40:00,2025-07-06 11:40:00
162,PO202507140162,25,30,2,2025-07-14,2025-08-06,45 days credit after GRN acceptance,Ex-works supplier warehouse,"EV Motor Manufacturing Pvt Ltd, SIPCOT Industrial Park, Hosur, Tamil Nadu 635126","Rotor Shop, EV Motor Manufacturing Pvt Ltd, Hosur Plant",25000.00,4500.00,1750.00,375.00,30875.00,INR,Partially Received,Approved,7,2025-07-16,PR-based procurement for Fasteners from PR202606300025,2025-07-14 10:47:00,2025-07-14 11:47:00
163,PO202507160163,26,28,1,2025-07-16,2025-07-27,"50% advance, balance against dispatch",Door delivery to raw material store,"EV Motor Manufacturing Pvt Ltd, SIPCOT Industrial Park, Hosur, Tamil Nadu 635126","Stator Shop, EV Motor Manufacturing Pvt Ltd, Hosur Plant",25000.00,4500.00,1650.00,0.00,31150.00,INR,Fully Received,Approved,8,2025-07-16,PR-based procurement for Fasteners from PR202606300026,2025-07-16 10:54:00,2025-07-16 11:54:00
164,PO202507270164,28,29,3,2025-07-27,2025-08-09,15 days after material acceptance,Freight extra at actuals,"EV Motor Manufacturing Pvt Ltd, SIPCOT Industrial Park, Hosur, Tamil Nadu 635126","Assembly Shop, EV Motor Manufacturing Pvt Ltd, Hosur Plant",42700.00,7686.00,1841.60,0.00,52227.60,INR,Closed,Approved,9,2025-07-28,PR-based procurement for Fasteners from PR202606300028,2025-07-27 10:01:00,2025-07-27 11:01:00
165,PO202507310165,29,6,1,2025-07-31,2025-08-30,Immediate payment against proforma invoice,Delivery in staggered lots as per production plan,"EV Motor Manufacturing Pvt Ltd, SIPCOT Industrial Park, Hosur, Tamil Nadu 635126","Stator Shop, EV Motor Manufacturing Pvt Ltd, Hosur Plant",5370700.00,966726.00,55207.00,0.00,6392633.00,INR,Issued,Pending,,,PR-based procurement for Core Components from PR202606300029,2025-07-31 10:08:00,2025-07-31 11:08:00
166,PO202507290166,30,15,2,2025-07-29,2025-08-14,30 days credit from invoice date,"FOR Hosur plant, freight included","EV Motor Manufacturing Pvt Ltd, SIPCOT Industrial Park, Hosur, Tamil Nadu 635126","Rotor Shop, EV Motor Manufacturing Pvt Ltd, Hosur Plant",25000.00,4500.00,1650.00,0.00,31150.00,INR,Partially Received,Approved,11,2025-07-29,PR-based procurement for Bearings from PR202606300030,2025-07-29 10:15:00,2025-07-29 11:15:00
167,PO202507300167,31,8,2,2025-07-30,2025-08-24,45 days credit after GRN acceptance,Ex-works supplier warehouse,"EV Motor Manufacturing Pvt Ltd, SIPCOT Industrial Park, Hosur, Tamil Nadu 635126","Rotor Shop, EV Motor Manufacturing Pvt Ltd, Hosur Plant",309300.00,55674.00,3974.40,0.00,368948.40,INR,Fully Received,Approved,12,2025-07-31,PR-based procurement for Magnetic Components from PR202606300031,2025-07-30 10:22:00,2025-07-30 11:22:00
168,PO202508010168,32,24,1,2025-08-01,2025-08-23,"50% advance, balance against dispatch",Door delivery to raw material store,"EV Motor Manufacturing Pvt Ltd, SIPCOT Industrial Park, Hosur, Tamil Nadu 635126","Stator Shop, EV Motor Manufacturing Pvt Ltd, Hosur Plant",269300.00,48474.00,4193.00,0.00,321967.00,INR,Cancelled,Pending,,,PR-based procurement for Electrical Components from PR202606300032,2025-08-01 10:29:00,2025-08-01 11:29:00
169,PO202508030169,33,18,1,2025-08-03,2025-08-21,15 days after material acceptance,Freight extra at actuals,"EV Motor Manufacturing Pvt Ltd, SIPCOT Industrial Park, Hosur, Tamil Nadu 635126","Stator Shop, EV Motor Manufacturing Pvt Ltd, Hosur Plant",231400.00,41652.00,2888.40,3471.00,272469.40,INR,Issued,Approved,1,2025-08-03,PR-based procurement for Electronic Components from PR202606300033,2025-08-03 10:36:00,2025-08-03 11:36:00
170,PO202508070170,34,29,1,2025-08-07,2025-08-26,Immediate payment against proforma invoice,Delivery in staggered lots as per production plan,"EV Motor Manufacturing Pvt Ltd, SIPCOT Industrial Park, Hosur, Tamil Nadu 635126","Stator Shop, EV Motor Manufacturing Pvt Ltd, Hosur Plant",57300.00,10314.00,1958.40,0.00,69572.40,INR,Partially Received,Approved,3,2025-08-08,PR-based procurement for Fasteners from PR202606300034,2025-08-07 10:43:00,2025-08-07 11:43:00
171,PO202508050171,35,30,1,2025-08-05,2025-08-28,30 days credit from invoice date,"FOR Hosur plant, freight included","EV Motor Manufacturing Pvt Ltd, SIPCOT Industrial Park, Hosur, Tamil Nadu 635126","Stator Shop, EV Motor Manufacturing Pvt Ltd, Hosur Plant",25000.00,4500.00,1750.00,0.00,31250.00,INR,Fully Received,Approved,4,2025-08-07,PR-based procurement for Fasteners from PR202606300035,2025-08-05 10:50:00,2025-08-05 11:50:00
172,PO202508070172,36,21,1,2025-08-07,2025-08-20,45 days credit after GRN acceptance,Ex-works supplier warehouse,"EV Motor Manufacturing Pvt Ltd, SIPCOT Industrial Park, Hosur, Tamil Nadu 635126","Stator Shop, EV Motor Manufacturing Pvt Ltd, Hosur Plant",798500.00,143730.00,6291.00,0.00,948521.00,INR,Closed,Approved,5,2025-08-07,PR-based procurement for Electronic Components from PR202606300036,2025-08-07 10:57:00,2025-08-07 11:57:00
173,PO202508110173,37,5,2,2025-08-11,2025-09-02,"50% advance, balance against dispatch",Door delivery to raw material store,"EV Motor Manufacturing Pvt Ltd, SIPCOT Industrial Park, Hosur, Tamil Nadu 635126","Rotor Shop, EV Motor Manufacturing Pvt Ltd, Hosur Plant",1615900.00,290862.00,14427.20,0.00,1921189.20,INR,Issued,Pending,,,PR-based procurement for Core Components from PR202606300037,2025-08-11 10:04:00,2025-08-11 11:04:00
174,PO202508120174,38,22,1,2025-08-12,2025-08-31,15 days after material acceptance,Freight extra at actuals,"EV Motor Manufacturing Pvt Ltd, SIPCOT Industrial Park, Hosur, Tamil Nadu 635126","Stator Shop, EV Motor Manufacturing Pvt Ltd, Hosur Plant",609900.00,109782.00,7599.00,0.00,727281.00,INR,Partially Received,Approved,7,2025-08-14,PR-based procurement for Finished Goods from PR202606300038,2025-08-12 10:11:00,2025-08-12 11:11:00
175,PO202508140175,39,14,1,2025-08-14,2025-09-06,Immediate payment against proforma invoice,Delivery in staggered lots as per production plan,"EV Motor Manufacturing Pvt Ltd, SIPCOT Industrial Park, Hosur, Tamil Nadu 635126","Stator Shop, EV Motor Manufacturing Pvt Ltd, Hosur Plant",1704500.00,306810.00,11727.00,0.00,2023037.00,INR,Issued,Approved,8,2025-08-14,PR-based procurement for Mechanical Components from PR202606300039,2025-08-14 10:18:00,2025-08-14 11:18:00
176,PO202508100176,40,2,1,2025-08-10,2025-08-31,30 days credit from invoice date,"FOR Hosur plant, freight included","EV Motor Manufacturing Pvt Ltd, SIPCOT Industrial Park, Hosur, Tamil Nadu 635126","Stator Shop, EV Motor Manufacturing Pvt Ltd, Hosur Plant",661100.00,118998.00,6788.80,9916.50,776970.30,INR,Cancelled,Pending,,,PR-based procurement for Electrical Components from PR202606300040,2025-08-10 10:25:00,2025-08-10 11:25:00
177,PO202508130177,41,18,1,2025-08-13,2025-08-30,45 days credit after GRN acceptance,Ex-works supplier warehouse,"EV Motor Manufacturing Pvt Ltd, SIPCOT Industrial Park, Hosur, Tamil Nadu 635126","Stator Shop, EV Motor Manufacturing Pvt Ltd, Hosur Plant",226000.00,40680.00,3760.00,0.00,270440.00,INR,Issued,Approved,10,2025-08-15,PR-based procurement for Electronic Components from PR202606300041,2025-08-13 10:32:00,2025-08-13 11:32:00
178,PO202508140178,42,19,1,2025-08-14,2025-08-31,"50% advance, balance against dispatch",Door delivery to raw material store,"EV Motor Manufacturing Pvt Ltd, SIPCOT Industrial Park, Hosur, Tamil Nadu 635126","Stator Shop, EV Motor Manufacturing Pvt Ltd, Hosur Plant",183300.00,32994.00,2599.80,0.00,218893.80,INR,Partially Received,Approved,11,2025-08-14,PR-based procurement for Electronic Components from PR202606300042,2025-08-14 10:39:00,2025-08-14 11:39:00
179,PO202508180179,43,5,2,2025-08-18,2025-09-15,15 days after material acceptance,Freight extra at actuals,"EV Motor Manufacturing Pvt Ltd, SIPCOT Industrial Park, Hosur, Tamil Nadu 635126","Rotor Shop, EV Motor Manufacturing Pvt Ltd, Hosur Plant",2834700.00,510246.00,24177.60,0.00,3369123.60,INR,Fully Received,Approved,12,2025-08-19,PR-based procurement for Core Components from PR202606300043,2025-08-18 10:46:00,2025-08-18 11:46:00
180,PO202508200180,44,30,1,2025-08-20,2025-09-12,Immediate payment against proforma invoice,Delivery in staggered lots as per production plan,"EV Motor Manufacturing Pvt Ltd, SIPCOT Industrial Park, Hosur, Tamil Nadu 635126","Stator Shop, EV Motor Manufacturing Pvt Ltd, Hosur Plant",25000.00,4500.00,1750.00,0.00,31250.00,INR,Closed,Approved,13,2025-08-22,PR-based procurement for Fasteners from PR202606300044,2025-08-20 10:53:00,2025-08-20 11:53:00
181,PO202508180181,45,28,1,2025-08-18,2025-08-29,30 days credit from invoice date,"FOR Hosur plant, freight included","EV Motor Manufacturing Pvt Ltd, SIPCOT Industrial Park, Hosur, Tamil Nadu 635126","Stator Shop, EV Motor Manufacturing Pvt Ltd, Hosur Plant",25000.00,4500.00,1650.00,0.00,31150.00,INR,Issued,Pending,,,PR-based procurement for Fasteners from PR202606300045,2025-08-18 10:00:00,2025-08-18 11:00:00
182,PO202508230182,46,35,1,2025-08-23,2025-09-08,45 days credit after GRN acceptance,Ex-works supplier warehouse,"EV Motor Manufacturing Pvt Ltd, SIPCOT Industrial Park, Hosur, Tamil Nadu 635126","Stator Shop, EV Motor Manufacturing Pvt Ltd, Hosur Plant",25000.00,4500.00,1700.00,0.00,31200.00,INR,Partially Received,Approved,3,2025-08-24,PR-based procurement for Packaging Materials from PR202606300046,2025-08-23 10:07:00,2025-08-23 11:07:00
183,PO202508250183,47,6,1,2025-08-25,2025-09-24,"50% advance, balance against dispatch",Door delivery to raw material store,"EV Motor Manufacturing Pvt Ltd, SIPCOT Industrial Park, Hosur, Tamil Nadu 635126","Stator Shop, EV Motor Manufacturing Pvt Ltd, Hosur Plant",136600.00,24588.00,2866.00,2049.00,162005.00,INR,Fully Received,Approved,4,2025-08-27,PR-based procurement for Core Components from PR202606300047,2025-08-25 10:14:00,2025-08-25 11:14:00
184,PO202508280184,48,7,1,2025-08-28,2025-09-25,15 days after material acceptance,Freight extra at actuals,"EV Motor Manufacturing Pvt Ltd, SIPCOT Industrial Park, Hosur, Tamil Nadu 635126","Stator Shop, EV Motor Manufacturing Pvt Ltd, Hosur Plant",559000.00,100620.00,4854.00,0.00,664474.00,INR,Cancelled,Pending,,,PR-based procurement for Magnetic Components from PR202606300048,2025-08-28 10:21:00,2025-08-28 11:21:00
185,PO202508300185,49,14,3,2025-08-30,2025-09-23,Immediate payment against proforma invoice,Delivery in staggered lots as per production plan,"EV Motor Manufacturing Pvt Ltd, SIPCOT Industrial Park, Hosur, Tamil Nadu 635126","Assembly Shop, EV Motor Manufacturing Pvt Ltd, Hosur Plant",225700.00,40626.00,3305.60,0.00,269631.60,INR,Issued,Approved,6,2025-08-31,PR-based procurement for Mechanical Components from PR202606300049,2025-08-30 10:28:00,2025-08-30 11:28:00
186,PO202508280186,50,24,1,2025-08-28,2025-09-19,30 days credit from invoice date,"FOR Hosur plant, freight included","EV Motor Manufacturing Pvt Ltd, SIPCOT Industrial Park, Hosur, Tamil Nadu 635126","Stator Shop, EV Motor Manufacturing Pvt Ltd, Hosur Plant",197700.00,35586.00,3477.00,0.00,236763.00,INR,Partially Received,Approved,7,2025-08-30,PR-based procurement for Electrical Components from PR202606300050,2025-08-28 10:35:00,2025-08-28 11:35:00
187,PO202508310187,51,15,1,2025-08-31,2025-09-19,45 days credit after GRN acceptance,Ex-works supplier warehouse,"EV Motor Manufacturing Pvt Ltd, SIPCOT Industrial Park, Hosur, Tamil Nadu 635126","Stator Shop, EV Motor Manufacturing Pvt Ltd, Hosur Plant",87200.00,15696.00,2023.20,0.00,104919.20,INR,Fully Received,Approved,8,2025-08-31,PR-based procurement for Bearings from PR202606300051,2025-08-31 10:42:00,2025-08-31 11:42:00
188,PO202509020188,52,26,1,2025-09-02,2025-09-27,"50% advance, balance against dispatch",Door delivery to raw material store,"EV Motor Manufacturing Pvt Ltd, SIPCOT Industrial Park, Hosur, Tamil Nadu 635126","Stator Shop, EV Motor Manufacturing Pvt Ltd, Hosur Plant",25000.00,4500.00,1700.00,0.00,31200.00,INR,Closed,Approved,9,2025-09-03,PR-based procurement for Insulation Materials from PR202606300052,2025-09-02 10:49:00,2025-09-02 11:49:00
189,PO202509040189,53,3,1,2025-09-04,2025-09-30,15 days after material acceptance,Freight extra at actuals,"EV Motor Manufacturing Pvt Ltd, SIPCOT Industrial Park, Hosur, Tamil Nadu 635126","Stator Shop, EV Motor Manufacturing Pvt Ltd, Hosur Plant",270300.00,48654.00,4203.00,0.00,323157.00,INR,Issued,Approved,10,2025-09-06,PR-based procurement for Electrical Components from PR202606300053,2025-09-04 10:56:00,2025-09-04 11:56:00
190,PO202509070190,54,28,1,2025-09-07,2025-09-18,Immediate payment against proforma invoice,Delivery in staggered lots as per production plan,"EV Motor Manufacturing Pvt Ltd, SIPCOT Industrial Park, Hosur, Tamil Nadu 635126","Stator Shop, EV Motor Manufacturing Pvt Ltd, Hosur Plant",25000.00,4500.00,1650.00,375.00,30775.00,INR,Partially Received,Approved,11,2025-09-07,PR-based procurement for Fasteners from PR202606300054,2025-09-07 10:03:00,2025-09-07 11:03:00
191,PO202509090191,55,32,1,2025-09-09,2025-09-22,30 days credit from invoice date,"FOR Hosur plant, freight included","EV Motor Manufacturing Pvt Ltd, SIPCOT Industrial Park, Hosur, Tamil Nadu 635126","Stator Shop, EV Motor Manufacturing Pvt Ltd, Hosur Plant",25000.00,4500.00,1700.00,0.00,31200.00,INR,Fully Received,Approved,12,2025-09-10,PR-based procurement for Consumables from PR202606300055,2025-09-09 10:10:00,2025-09-09 11:10:00
192,PO202509110192,56,6,1,2025-09-11,2025-10-11,45 days credit after GRN acceptance,Ex-works supplier warehouse,"EV Motor Manufacturing Pvt Ltd, SIPCOT Industrial Park, Hosur, Tamil Nadu 635126","Stator Shop, EV Motor Manufacturing Pvt Ltd, Hosur Plant",408600.00,73548.00,5586.00,0.00,487734.00,INR,Cancelled,Pending,,,PR-based procurement for Core Components from PR202606300056,2025-09-11 10:17:00,2025-09-11 11:17:00
193,PO202509130193,57,12,3,2025-09-13,2025-10-03,"50% advance, balance against dispatch",Door delivery to raw material store,"EV Motor Manufacturing Pvt Ltd, SIPCOT Industrial Park, Hosur, Tamil Nadu 635126","Assembly Shop, EV Motor Manufacturing Pvt Ltd, Hosur Plant",1602500.00,288450.00,11115.00,0.00,1902065.00,INR,Issued,Pending,,,PR-based procurement for Mechanical Components from PR202606300057,2025-09-13 10:24:00,2025-09-13 11:24:00
194,PO202509150194,58,13,1,2025-09-15,2025-10-08,15 days after material acceptance,Freight extra at actuals,"EV Motor Manufacturing Pvt Ltd, SIPCOT Industrial Park, Hosur, Tamil Nadu 635126","Stator Shop, EV Motor Manufacturing Pvt Ltd, Hosur Plant",874200.00,157356.00,8493.60,0.00,1040049.60,INR,Partially Received,Approved,3,2025-09-16,PR-based procurement for Mechanical Components from PR202606300058,2025-09-15 10:31:00,2025-09-15 11:31:00
195,PO202509180195,59,3,1,2025-09-18,2025-10-11,Immediate payment against proforma invoice,Delivery in staggered lots as per production plan,"EV Motor Manufacturing Pvt Ltd, SIPCOT Industrial Park, Hosur, Tamil Nadu 635126","Stator Shop, EV Motor Manufacturing Pvt Ltd, Hosur Plant",136400.00,24552.00,2864.00,0.00,163816.00,INR,Fully Received,Approved,4,2025-09-20,PR-based procurement for Electrical Components from PR202606300059,2025-09-18 10:38:00,2025-09-18 11:38:00
196,PO202509140196,60,21,1,2025-09-14,2025-10-03,30 days credit from invoice date,"FOR Hosur plant, freight included","EV Motor Manufacturing Pvt Ltd, SIPCOT Industrial Park, Hosur, Tamil Nadu 635126","Stator Shop, EV Motor Manufacturing Pvt Ltd, Hosur Plant",73500.00,13230.00,1941.00,0.00,88671.00,INR,Closed,Approved,5,2025-09-14,PR-based procurement for Electronic Components from PR202606300060,2025-09-14 10:45:00,2025-09-14 11:45:00
197,PO202509160197,61,16,2,2025-09-16,2025-10-07,45 days credit after GRN acceptance,Ex-works supplier warehouse,"EV Motor Manufacturing Pvt Ltd, SIPCOT Industrial Park, Hosur, Tamil Nadu 635126","Rotor Shop, EV Motor Manufacturing Pvt Ltd, Hosur Plant",96300.00,17334.00,2270.40,1444.50,114459.90,INR,Issued,Approved,6,2025-09-17,PR-based procurement for Bearings from PR202606300061,2025-09-16 10:52:00,2025-09-16 11:52:00
198,PO202509180198,62,27,1,2025-09-18,2025-10-19,"50% advance, balance against dispatch",Door delivery to raw material store,"EV Motor Manufacturing Pvt Ltd, SIPCOT Industrial Park, Hosur, Tamil Nadu 635126","Stator Shop, EV Motor Manufacturing Pvt Ltd, Hosur Plant",57900.00,10422.00,2079.00,0.00,70401.00,INR,Partially Received,Approved,7,2025-09-20,PR-based procurement for Insulation Materials from PR202606300062,2025-09-18 10:59:00,2025-09-18 11:59:00
199,PO202509200199,63,28,1,2025-09-20,2025-10-01,15 days after material acceptance,Freight extra at actuals,"EV Motor Manufacturing Pvt Ltd, SIPCOT Industrial Park, Hosur, Tamil Nadu 635126","Stator Shop, EV Motor Manufacturing Pvt Ltd, Hosur Plant",25000.00,4500.00,1650.00,0.00,31150.00,INR,Fully Received,Approved,8,2025-09-20,PR-based procurement for Fasteners from PR202606300063,2025-09-20 10:06:00,2025-09-20 11:06:00
200,PO202509220200,64,35,2,2025-09-22,2025-10-08,Immediate payment against proforma invoice,Delivery in staggered lots as per production plan,"EV Motor Manufacturing Pvt Ltd, SIPCOT Industrial Park, Hosur, Tamil Nadu 635126","Rotor Shop, EV Motor Manufacturing Pvt Ltd, Hosur Plant",25000.00,4500.00,1700.00,0.00,31200.00,INR,Cancelled,Pending,,,PR-based procurement for Packaging Materials from PR202606300064,2025-09-22 10:13:00,2025-09-22 11:13:00
201,PO202509190201,65,10,1,2025-09-19,2025-10-09,30 days credit from invoice date,"FOR Hosur plant, freight included","EV Motor Manufacturing Pvt Ltd, SIPCOT Industrial Park, Hosur, Tamil Nadu 635126","Stator Shop, EV Motor Manufacturing Pvt Ltd, Hosur Plant",98800.00,17784.00,2488.00,0.00,119072.00,INR,Issued,Approved,10,2025-09-21,PR-based procurement for Finished Goods from PR202606300065,2025-09-19 10:20:00,2025-09-19 11:20:00
202,PO202509200202,66,4,1,2025-09-20,2025-10-16,45 days credit after GRN acceptance,Ex-works supplier warehouse,"EV Motor Manufacturing Pvt Ltd, SIPCOT Industrial Park, Hosur, Tamil Nadu 635126","Stator Shop, EV Motor Manufacturing Pvt Ltd, Hosur Plant",423500.00,76230.00,4041.00,0.00,503771.00,INR,Partially Received,Approved,11,2025-09-20,PR-based procurement for Core Components from PR202606300066,2025-09-20 10:27:00,2025-09-20 11:27:00
203,PO202509230203,67,29,1,2025-09-23,2025-10-09,"50% advance, balance against dispatch",Door delivery to raw material store,"EV Motor Manufacturing Pvt Ltd, SIPCOT Industrial Park, Hosur, Tamil Nadu 635126","Stator Shop, EV Motor Manufacturing Pvt Ltd, Hosur Plant",46000.00,8280.00,1868.00,0.00,56148.00,INR,Fully Received,Approved,12,2025-09-24,PR-based procurement for Fasteners from PR202606300067,2025-09-23 10:34:00,2025-09-23 11:34:00
204,PO202509260204,68,24,1,2025-09-26,2025-10-18,15 days after material acceptance,Freight extra at actuals,"EV Motor Manufacturing Pvt Ltd, SIPCOT Industrial Park, Hosur, Tamil Nadu 635126","Stator Shop, EV Motor Manufacturing Pvt Ltd, Hosur Plant",852400.00,153432.00,10024.00,12786.00,1003070.00,INR,Closed,Approved,13,2025-09-28,PR-based procurement for Electrical Components from PR202606300068,2025-09-26 10:41:00,2025-09-26 11:41:00
205,PO202509280205,69,18,1,2025-09-28,2025-10-16,Immediate payment against proforma invoice,Delivery in staggered lots as per production plan,"EV Motor Manufacturing Pvt Ltd, SIPCOT Industrial Park, Hosur, Tamil Nadu 635126","Stator Shop, EV Motor Manufacturing Pvt Ltd, Hosur Plant",2781800.00,500724.00,18190.80,0.00,3300714.80,INR,Issued,Pending,,,PR-based procurement for Electronic Components from PR202606300069,2025-09-28 10:48:00,2025-09-28 11:48:00
206,PO202509240206,70,19,1,2025-09-24,2025-10-12,30 days credit from invoice date,"FOR Hosur plant, freight included","EV Motor Manufacturing Pvt Ltd, SIPCOT Industrial Park, Hosur, Tamil Nadu 635126","Stator Shop, EV Motor Manufacturing Pvt Ltd, Hosur Plant",25000.00,4500.00,1700.00,0.00,31200.00,INR,Partially Received,Approved,3,2025-09-25,PR-based procurement for Electronic Components from PR202606300070,2025-09-24 10:55:00,2025-09-24 11:55:00
207,PO202509260207,71,27,1,2025-09-26,2025-10-27,45 days credit after GRN acceptance,Ex-works supplier warehouse,"EV Motor Manufacturing Pvt Ltd, SIPCOT Industrial Park, Hosur, Tamil Nadu 635126","Stator Shop, EV Motor Manufacturing Pvt Ltd, Hosur Plant",27600.00,4968.00,1776.00,0.00,34344.00,INR,Fully Received,Approved,4,2025-09-28,PR-based procurement for Insulation Materials from PR202606300071,2025-09-26 10:02:00,2025-09-26 11:02:00
208,PO202509290208,72,25,1,2025-09-29,2025-10-18,"50% advance, balance against dispatch",Door delivery to raw material store,"EV Motor Manufacturing Pvt Ltd, SIPCOT Industrial Park, Hosur, Tamil Nadu 635126","Stator Shop, EV Motor Manufacturing Pvt Ltd, Hosur Plant",139900.00,25182.00,2339.40,0.00,167421.40,INR,Cancelled,Pending,,,PR-based procurement for Insulation Materials from PR202606300072,2025-09-29 10:09:00,2025-09-29 11:09:00
209,PO202510020209,73,29,1,2025-10-02,2025-10-15,15 days after material acceptance,Freight extra at actuals,"EV Motor Manufacturing Pvt Ltd, SIPCOT Industrial Park, Hosur, Tamil Nadu 635126","Stator Shop, EV Motor Manufacturing Pvt Ltd, Hosur Plant",25000.00,4500.00,1700.00,0.00,31200.00,INR,Issued,Approved,6,2025-10-03,PR-based procurement for Fasteners from PR202606300073,2025-10-02 10:16:00,2025-10-02 11:16:00
210,PO202510060210,74,35,1,2025-10-06,2025-10-23,Immediate payment against proforma invoice,Delivery in staggered lots as per production plan,"EV Motor Manufacturing Pvt Ltd, SIPCOT Industrial Park, Hosur, Tamil Nadu 635126","Stator Shop, EV Motor Manufacturing Pvt Ltd, Hosur Plant",25000.00,4500.00,1750.00,0.00,31250.00,INR,Partially Received,Approved,7,2025-10-08,PR-based procurement for Packaging Materials from PR202606300074,2025-10-06 10:23:00,2025-10-06 11:23:00
211,PO202510030211,75,28,1,2025-10-03,2025-10-17,30 days credit from invoice date,"FOR Hosur plant, freight included","EV Motor Manufacturing Pvt Ltd, SIPCOT Industrial Park, Hosur, Tamil Nadu 635126","Stator Shop, EV Motor Manufacturing Pvt Ltd, Hosur Plant",25000.00,4500.00,1650.00,375.00,30775.00,INR,Fully Received,Approved,8,2025-10-03,PR-based procurement for Fasteners from PR202606300075,2025-10-03 10:30:00,2025-10-03 11:30:00
212,PO202510040212,76,11,1,2025-10-04,2025-10-23,45 days credit after GRN acceptance,Ex-works supplier warehouse,"EV Motor Manufacturing Pvt Ltd, SIPCOT Industrial Park, Hosur, Tamil Nadu 635126","Stator Shop, EV Motor Manufacturing Pvt Ltd, Hosur Plant",105300.00,18954.00,2342.40,0.00,126596.40,INR,Closed,Approved,9,2025-10-05,PR-based procurement for Mechanical Components from PR202606300076,2025-10-04 10:37:00,2025-10-04 11:37:00
213,PO202510080213,77,12,1,2025-10-08,2025-10-30,"50% advance, balance against dispatch",Door delivery to raw material store,"EV Motor Manufacturing Pvt Ltd, SIPCOT Industrial Park, Hosur, Tamil Nadu 635126","Stator Shop, EV Motor Manufacturing Pvt Ltd, Hosur Plant",28300.00,5094.00,1783.00,0.00,35177.00,INR,Issued,Approved,10,2025-10-10,PR-based procurement for Mechanical Components from PR202606300077,2025-10-08 10:44:00,2025-10-08 11:44:00
214,PO202510120214,78,22,1,2025-10-12,2025-11-04,15 days after material acceptance,Freight extra at actuals,"EV Motor Manufacturing Pvt Ltd, SIPCOT Industrial Park, Hosur, Tamil Nadu 635126","Stator Shop, EV Motor Manufacturing Pvt Ltd, Hosur Plant",42300.00,7614.00,1753.80,0.00,51667.80,INR,Partially Received,Approved,11,2025-10-12,PR-based procurement for Electrical Components from PR202606300078,2025-10-12 10:51:00,2025-10-12 11:51:00
215,PO202510170215,79,20,2,2025-10-17,2025-11-05,Immediate payment against proforma invoice,Delivery in staggered lots as per production plan,"EV Motor Manufacturing Pvt Ltd, SIPCOT Industrial Park, Hosur, Tamil Nadu 635126","Rotor Shop, EV Motor Manufacturing Pvt Ltd, Hosur Plant",28300.00,5094.00,1726.40,0.00,35120.40,INR,Fully Received,Approved,12,2025-10-18,PR-based procurement for Electronic Components from PR202606300079,2025-10-17 10:58:00,2025-10-17 11:58:00
216,PO202510150216,80,21,1,2025-10-15,2025-11-05,30 days credit from invoice date,"FOR Hosur plant, freight included","EV Motor Manufacturing Pvt Ltd, SIPCOT Industrial Park, Hosur, Tamil Nadu 635126","Stator Shop, EV Motor Manufacturing Pvt Ltd, Hosur Plant",25000.00,4500.00,1750.00,0.00,31250.00,INR,Cancelled,Pending,,,PR-based procurement for Electronic Components from PR202606300080,2025-10-15 10:05:00,2025-10-15 11:05:00
217,PO202510160217,81,7,1,2025-10-16,2025-11-10,45 days credit after GRN acceptance,Ex-works supplier warehouse,"EV Motor Manufacturing Pvt Ltd, SIPCOT Industrial Park, Hosur, Tamil Nadu 635126","Stator Shop, EV Motor Manufacturing Pvt Ltd, Hosur Plant",94500.00,17010.00,2067.00,0.00,113577.00,INR,Issued,Pending,,,PR-based procurement for Magnetic Components from PR202606300081,2025-10-16 10:12:00,2025-10-16 11:12:00
218,PO202510180218,82,29,2,2025-10-18,2025-10-31,"50% advance, balance against dispatch",Door delivery to raw material store,"EV Motor Manufacturing Pvt Ltd, SIPCOT Industrial Park, Hosur, Tamil Nadu 635126","Rotor Shop, EV Motor Manufacturing Pvt Ltd, Hosur Plant",25000.00,4500.00,1700.00,375.00,30825.00,INR,Partially Received,Approved,3,2025-10-19,PR-based procurement for Fasteners from PR202606300082,2025-10-18 10:19:00,2025-10-18 11:19:00
219,PO202510240219,83,33,1,2025-10-24,2025-11-09,15 days after material acceptance,Freight extra at actuals,"EV Motor Manufacturing Pvt Ltd, SIPCOT Industrial Park, Hosur, Tamil Nadu 635126","Stator Shop, EV Motor Manufacturing Pvt Ltd, Hosur Plant",25000.00,4500.00,1750.00,0.00,31250.00,INR,Fully Received,Approved,4,2025-10-26,PR-based procurement for Consumables from PR202606300083,2025-10-24 10:26:00,2025-10-24 11:26:00
220,PO202510250220,84,35,1,2025-10-25,2025-11-12,Immediate payment against proforma invoice,Delivery in staggered lots as per production plan,"EV Motor Manufacturing Pvt Ltd, SIPCOT Industrial Park, Hosur, Tamil Nadu 635126","Stator Shop, EV Motor Manufacturing Pvt Ltd, Hosur Plant",25000.00,4500.00,1650.00,0.00,31150.00,INR,Closed,Approved,5,2025-10-25,PR-based procurement for Identification & Documentation from PR202606300084,2025-10-25 10:33:00,2025-10-25 11:33:00
221,PO202510210221,85,8,1,2025-10-21,2025-11-15,30 days credit from invoice date,"FOR Hosur plant, freight included","EV Motor Manufacturing Pvt Ltd, SIPCOT Industrial Park, Hosur, Tamil Nadu 635126","Stator Shop, EV Motor Manufacturing Pvt Ltd, Hosur Plant",74200.00,13356.00,2093.60,0.00,89649.60,INR,Issued,Approved,6,2025-10-22,PR-based procurement for Magnetic Components from PR202606300085,2025-10-21 10:40:00,2025-10-21 11:40:00
222,PO202510250222,87,19,1,2025-10-25,2025-11-10,45 days credit after GRN acceptance,Ex-works supplier warehouse,"EV Motor Manufacturing Pvt Ltd, SIPCOT Industrial Park, Hosur, Tamil Nadu 635126","Stator Shop, EV Motor Manufacturing Pvt Ltd, Hosur Plant",27400.00,4932.00,1774.00,0.00,34106.00,INR,Partially Received,Approved,7,2025-10-27,PR-based procurement for Electronic Components from PR202606300087,2025-10-25 10:47:00,2025-10-25 11:47:00
223,PO202510270223,88,20,1,2025-10-27,2025-11-14,"50% advance, balance against dispatch",Door delivery to raw material store,"EV Motor Manufacturing Pvt Ltd, SIPCOT Industrial Park, Hosur, Tamil Nadu 635126","Stator Shop, EV Motor Manufacturing Pvt Ltd, Hosur Plant",49200.00,8856.00,1795.20,0.00,59851.20,INR,Fully Received,Approved,8,2025-10-27,PR-based procurement for Electronic Components from PR202606300088,2025-10-27 10:54:00,2025-10-27 11:54:00
224,PO202510290224,89,21,1,2025-10-29,2025-11-18,15 days after material acceptance,Freight extra at actuals,"EV Motor Manufacturing Pvt Ltd, SIPCOT Industrial Park, Hosur, Tamil Nadu 635126","Stator Shop, EV Motor Manufacturing Pvt Ltd, Hosur Plant",78300.00,14094.00,2126.40,0.00,94520.40,INR,Cancelled,Pending,,,PR-based procurement for Electronic Components from PR202606300089,2025-10-29 10:01:00,2025-10-29 11:01:00
225,PO202511010225,90,27,1,2025-11-01,2025-12-02,Immediate payment against proforma invoice,Delivery in staggered lots as per production plan,"EV Motor Manufacturing Pvt Ltd, SIPCOT Industrial Park, Hosur, Tamil Nadu 635126","Stator Shop, EV Motor Manufacturing Pvt Ltd, Hosur Plant",236600.00,42588.00,3866.00,3549.00,279505.00,INR,Issued,Approved,10,2025-11-03,PR-based procurement for Insulation Materials from PR202606300090,2025-11-01 10:08:00,2025-11-01 11:08:00
226,PO202510280226,91,28,1,2025-10-28,2025-11-08,30 days credit from invoice date,"FOR Hosur plant, freight included","EV Motor Manufacturing Pvt Ltd, SIPCOT Industrial Park, Hosur, Tamil Nadu 635126","Stator Shop, EV Motor Manufacturing Pvt Ltd, Hosur Plant",25000.00,4500.00,1650.00,0.00,31150.00,INR,Partially Received,Approved,11,2025-10-28,PR-based procurement for Fasteners from PR202606300091,2025-10-28 10:15:00,2025-10-28 11:15:00
227,PO202510300227,92,32,1,2025-10-30,2025-11-12,45 days credit after GRN acceptance,Ex-works supplier warehouse,"EV Motor Manufacturing Pvt Ltd, SIPCOT Industrial Park, Hosur, Tamil Nadu 635126","Stator Shop, EV Motor Manufacturing Pvt Ltd, Hosur Plant",25000.00,4500.00,1700.00,0.00,31200.00,INR,Fully Received,Approved,12,2025-10-31,PR-based procurement for Consumables from PR202606300092,2025-10-30 10:22:00,2025-10-30 11:22:00
228,PO202511040228,93,35,1,2025-11-04,2025-11-21,"50% advance, balance against dispatch",Door delivery to raw material store,"EV Motor Manufacturing Pvt Ltd, SIPCOT Industrial Park, Hosur, Tamil Nadu 635126","Stator Shop, EV Motor Manufacturing Pvt Ltd, Hosur Plant",25000.00,4500.00,1750.00,0.00,31250.00,INR,Closed,Approved,13,2025-11-06,PR-based procurement for Identification & Documentation from PR202606300093,2025-11-04 10:29:00,2025-11-04 11:29:00
229,PO202511070229,94,28,1,2025-11-07,2025-11-21,15 days after material acceptance,Freight extra at actuals,"EV Motor Manufacturing Pvt Ltd, SIPCOT Industrial Park, Hosur, Tamil Nadu 635126","Stator Shop, EV Motor Manufacturing Pvt Ltd, Hosur Plant",25000.00,4500.00,1650.00,0.00,31150.00,INR,Issued,Approved,1,2025-11-07,PR-based procurement for Fasteners from PR202606300094,2025-11-07 10:36:00,2025-11-07 11:36:00
230,PO202511080230,95,14,1,2025-11-08,2025-12-02,Immediate payment against proforma invoice,Delivery in staggered lots as per production plan,"EV Motor Manufacturing Pvt Ltd, SIPCOT Industrial Park, Hosur, Tamil Nadu 635126","Stator Shop, EV Motor Manufacturing Pvt Ltd, Hosur Plant",164700.00,29646.00,2817.60,0.00,197163.60,INR,Partially Received,Approved,3,2025-11-09,PR-based procurement for Mechanical Components from PR202606300095,2025-11-08 10:43:00,2025-11-08 11:43:00
231,PO202511050231,96,10,1,2025-11-05,2025-11-28,30 days credit from invoice date,"FOR Hosur plant, freight included","EV Motor Manufacturing Pvt Ltd, SIPCOT Industrial Park, Hosur, Tamil Nadu 635126","Stator Shop, EV Motor Manufacturing Pvt Ltd, Hosur Plant",25000.00,4500.00,1750.00,0.00,31250.00,INR,Fully Received,Approved,4,2025-11-07,PR-based procurement for Sealing Components from PR202606300096,2025-11-05 10:50:00,2025-11-05 11:50:00
232,PO202511080232,97,22,1,2025-11-08,2025-12-01,45 days credit after GRN acceptance,Ex-works supplier warehouse,"EV Motor Manufacturing Pvt Ltd, SIPCOT Industrial Park, Hosur, Tamil Nadu 635126","Stator Shop, EV Motor Manufacturing Pvt Ltd, Hosur Plant",27800.00,5004.00,1666.80,417.00,34053.80,INR,Cancelled,Pending,,,PR-based procurement for Electrical Components from PR202606300097,2025-11-08 10:57:00,2025-11-08 11:57:00
233,PO202511100233,98,18,1,2025-11-10,2025-11-29,"50% advance, balance against dispatch",Door delivery to raw material store,"EV Motor Manufacturing Pvt Ltd, SIPCOT Industrial Park, Hosur, Tamil Nadu 635126","Stator Shop, EV Motor Manufacturing Pvt Ltd, Hosur Plant",173800.00,31284.00,2890.40,0.00,207974.40,INR,Issued,Approved,6,2025-11-11,PR-based procurement for Electronic Components from PR202606300098,2025-11-10 10:04:00,2025-11-10 11:04:00
234,PO202511110234,99,24,1,2025-11-11,2025-12-06,15 days after material acceptance,Freight extra at actuals,"EV Motor Manufacturing Pvt Ltd, SIPCOT Industrial Park, Hosur, Tamil Nadu 635126","Stator Shop, EV Motor Manufacturing Pvt Ltd, Hosur Plant",71100.00,12798.00,2211.00,0.00,86109.00,INR,Partially Received,Approved,7,2025-11-13,PR-based procurement for Electrical Components from PR202606300099,2025-11-11 10:11:00,2025-11-11 11:11:00
235,PO202511140235,100,20,1,2025-11-14,2025-11-26,Immediate payment against proforma invoice,Delivery in staggered lots as per production plan,"EV Motor Manufacturing Pvt Ltd, SIPCOT Industrial Park, Hosur, Tamil Nadu 635126","Stator Shop, EV Motor Manufacturing Pvt Ltd, Hosur Plant",326400.00,58752.00,3458.40,0.00,388610.40,INR,Fully Received,Approved,8,2025-11-14,PR-based procurement for Electronic Components from PR202606300100,2025-11-14 10:18:00,2025-11-14 11:18:00
236,PO202511140236,101,29,1,2025-11-14,2025-11-27,30 days credit from invoice date,"FOR Hosur plant, freight included","EV Motor Manufacturing Pvt Ltd, SIPCOT Industrial Park, Hosur, Tamil Nadu 635126","Stator Shop, EV Motor Manufacturing Pvt Ltd, Hosur Plant",25000.00,4500.00,1700.00,0.00,31200.00,INR,Closed,Approved,9,2025-11-15,PR-based procurement for Fasteners from PR202606300101,2025-11-14 10:25:00,2025-11-14 11:25:00
237,PO202512020237,103,3,1,2025-12-02,2025-12-22,45 days credit after GRN acceptance,Ex-works supplier warehouse,"EV Motor Manufacturing Pvt Ltd, SIPCOT Industrial Park, Hosur, Tamil Nadu 635126","Stator Shop, EV Motor Manufacturing Pvt Ltd, Hosur Plant",25000.00,4500.00,1750.00,0.00,31250.00,INR,Issued,Approved,10,2025-12-04,PR-based procurement for Electrical Components from PR202606300103,2025-12-02 10:32:00,2025-12-02 11:32:00
238,PO202512060238,104,19,1,2025-12-06,2025-12-20,"50% advance, balance against dispatch",Door delivery to raw material store,"EV Motor Manufacturing Pvt Ltd, SIPCOT Industrial Park, Hosur, Tamil Nadu 635126","Stator Shop, EV Motor Manufacturing Pvt Ltd, Hosur Plant",229600.00,41328.00,2877.60,0.00,273805.60,INR,Partially Received,Approved,11,2025-12-06,PR-based procurement for Electronic Components from PR202606300104,2025-12-06 10:39:00,2025-12-06 11:39:00
239,PO202512080239,105,29,1,2025-12-08,2025-12-24,15 days after material acceptance,Freight extra at actuals,"EV Motor Manufacturing Pvt Ltd, SIPCOT Industrial Park, Hosur, Tamil Nadu 635126","Stator Shop, EV Motor Manufacturing Pvt Ltd, Hosur Plant",28300.00,5094.00,1726.40,424.50,34695.90,INR,Fully Received,Approved,12,2025-12-09,PR-based procurement for Fasteners from PR202606300105,2025-12-08 10:46:00,2025-12-08 11:46:00
240,PO202512200240,106,6,1,2025-12-20,2026-01-22,Immediate payment against proforma invoice,Delivery in staggered lots as per production plan,"EV Motor Manufacturing Pvt Ltd, SIPCOT Industrial Park, Hosur, Tamil Nadu 635126","Stator Shop, EV Motor Manufacturing Pvt Ltd, Hosur Plant",341600.00,61488.00,4916.00,0.00,408004.00,INR,Cancelled,Pending,,,PR-based procurement for Core Components from PR202606300106,2025-12-20 10:53:00,2025-12-20 11:53:00
241,PO202512190241,108,34,1,2025-12-19,2026-01-07,30 days credit from invoice date,"FOR Hosur plant, freight included","EV Motor Manufacturing Pvt Ltd, SIPCOT Industrial Park, Hosur, Tamil Nadu 635126","Stator Shop, EV Motor Manufacturing Pvt Ltd, Hosur Plant",25000.00,4500.00,1650.00,0.00,31150.00,INR,Issued,Approved,1,2025-12-19,PR-based procurement for Packaging Materials from PR202606300108,2025-12-19 10:00:00,2025-12-19 11:00:00
242,PO202512220242,109,29,2,2025-12-22,2026-01-10,45 days credit after GRN acceptance,Ex-works supplier warehouse,"EV Motor Manufacturing Pvt Ltd, SIPCOT Industrial Park, Hosur, Tamil Nadu 635126","Rotor Shop, EV Motor Manufacturing Pvt Ltd, Hosur Plant",25000.00,4500.00,1700.00,0.00,31200.00,INR,Partially Received,Approved,3,2025-12-23,PR-based procurement for Fasteners from PR202606300109,2025-12-22 10:07:00,2025-12-22 11:07:00
243,PO202512230243,110,30,1,2025-12-23,2026-01-15,"50% advance, balance against dispatch",Door delivery to raw material store,"EV Motor Manufacturing Pvt Ltd, SIPCOT Industrial Park, Hosur, Tamil Nadu 635126","Stator Shop, EV Motor Manufacturing Pvt Ltd, Hosur Plant",25000.00,4500.00,1750.00,0.00,31250.00,INR,Fully Received,Approved,4,2025-12-25,PR-based procurement for Fasteners from PR202606300110,2025-12-23 10:14:00,2025-12-23 11:14:00
244,PO202512260244,111,22,1,2025-12-26,2026-01-12,15 days after material acceptance,Freight extra at actuals,"EV Motor Manufacturing Pvt Ltd, SIPCOT Industrial Park, Hosur, Tamil Nadu 635126","Stator Shop, EV Motor Manufacturing Pvt Ltd, Hosur Plant",408500.00,73530.00,3951.00,0.00,485981.00,INR,Closed,Approved,5,2025-12-26,PR-based procurement for Electrical Components from PR202606300111,2025-12-26 10:21:00,2025-12-26 11:21:00
245,PO202512290245,112,14,1,2025-12-29,2026-01-19,Immediate payment against proforma invoice,Delivery in staggered lots as per production plan,"EV Motor Manufacturing Pvt Ltd, SIPCOT Industrial Park, Hosur, Tamil Nadu 635126","Stator Shop, EV Motor Manufacturing Pvt Ltd, Hosur Plant",824200.00,148356.00,8093.60,0.00,980649.60,INR,Issued,Approved,6,2025-12-30,PR-based procurement for Finished Goods from PR202606300112,2025-12-29 10:28:00,2025-12-29 11:28:00
246,PO202512290246,113,9,1,2025-12-29,2026-01-31,30 days credit from invoice date,"FOR Hosur plant, freight included","EV Motor Manufacturing Pvt Ltd, SIPCOT Industrial Park, Hosur, Tamil Nadu 635126","Stator Shop, EV Motor Manufacturing Pvt Ltd, Hosur Plant",283600.00,51048.00,4336.00,4254.00,334730.00,INR,Partially Received,Approved,7,2025-12-31,PR-based procurement for Magnetic Components from PR202606300113,2025-12-29 10:35:00,2025-12-29 11:35:00
247,PO202512310247,114,28,1,2025-12-31,2026-01-14,45 days credit after GRN acceptance,Ex-works supplier warehouse,"EV Motor Manufacturing Pvt Ltd, SIPCOT Industrial Park, Hosur, Tamil Nadu 635126","Stator Shop, EV Motor Manufacturing Pvt Ltd, Hosur Plant",25000.00,4500.00,1650.00,0.00,31150.00,INR,Fully Received,Approved,8,2025-12-31,PR-based procurement for Fasteners from PR202606300114,2025-12-31 10:42:00,2025-12-31 11:42:00
248,PO202601030248,115,2,1,2026-01-03,2026-01-24,"50% advance, balance against dispatch",Door delivery to raw material store,"EV Motor Manufacturing Pvt Ltd, SIPCOT Industrial Park, Hosur, Tamil Nadu 635126","Stator Shop, EV Motor Manufacturing Pvt Ltd, Hosur Plant",419200.00,75456.00,4853.60,0.00,499509.60,INR,Cancelled,Pending,,,PR-based procurement for Electrical Components from PR202606300115,2026-01-03 10:49:00,2026-01-03 11:49:00
249,PO202601050249,116,18,1,2026-01-05,2026-01-22,15 days after material acceptance,Freight extra at actuals,"EV Motor Manufacturing Pvt Ltd, SIPCOT Industrial Park, Hosur, Tamil Nadu 635126","Stator Shop, EV Motor Manufacturing Pvt Ltd, Hosur Plant",78400.00,14112.00,2284.00,0.00,94796.00,INR,Issued,Approved,10,2026-01-07,PR-based procurement for Electronic Components from PR202606300116,2026-01-05 10:56:00,2026-01-05 11:56:00
250,PO202601080250,117,19,1,2026-01-08,2026-01-25,Immediate payment against proforma invoice,Delivery in staggered lots as per production plan,"EV Motor Manufacturing Pvt Ltd, SIPCOT Industrial Park, Hosur, Tamil Nadu 635126","Stator Shop, EV Motor Manufacturing Pvt Ltd, Hosur Plant",25000.00,4500.00,1650.00,0.00,31150.00,INR,Partially Received,Approved,11,2026-01-08,PR-based procurement for Electronic Components from PR202606300117,2026-01-08 10:03:00,2026-01-08 11:03:00
251,PO202601060251,118,29,1,2026-01-06,2026-01-25,30 days credit from invoice date,"FOR Hosur plant, freight included","EV Motor Manufacturing Pvt Ltd, SIPCOT Industrial Park, Hosur, Tamil Nadu 635126","Stator Shop, EV Motor Manufacturing Pvt Ltd, Hosur Plant",25000.00,4500.00,1700.00,0.00,31200.00,INR,Fully Received,Approved,12,2026-01-07,PR-based procurement for Fasteners from PR202606300118,2026-01-06 10:10:00,2026-01-06 11:10:00
252,PO202601080252,119,11,2,2026-01-08,2026-01-31,45 days credit after GRN acceptance,Ex-works supplier warehouse,"EV Motor Manufacturing Pvt Ltd, SIPCOT Industrial Park, Hosur, Tamil Nadu 635126","Rotor Shop, EV Motor Manufacturing Pvt Ltd, Hosur Plant",25000.00,4500.00,1750.00,0.00,31250.00,INR,Closed,Approved,13,2026-01-10,PR-based procurement for Sealing Components from PR202606300119,2026-01-08 10:17:00,2026-01-08 11:17:00
253,PO202601090253,120,1,1,2026-01-09,2026-01-24,"50% advance, balance against dispatch",Door delivery to raw material store,"EV Motor Manufacturing Pvt Ltd, SIPCOT Industrial Park, Hosur, Tamil Nadu 635126","Stator Shop, EV Motor Manufacturing Pvt Ltd, Hosur Plant",25000.00,4500.00,1650.00,375.00,30775.00,INR,Issued,Pending,,,PR-based procurement for Electrical Components from PR202606300120,2026-01-09 10:24:00,2026-01-09 11:24:00
254,PO202601190254,121,19,1,2026-01-19,2026-01-31,15 days after material acceptance,Freight extra at actuals,"EV Motor Manufacturing Pvt Ltd, SIPCOT Industrial Park, Hosur, Tamil Nadu 635126","Stator Shop, EV Motor Manufacturing Pvt Ltd, Hosur Plant",25000.00,4500.00,1700.00,0.00,31200.00,INR,Partially Received,Approved,3,2026-01-20,PR-based procurement for Electronic Components from PR202606300121,2026-01-19 10:31:00,2026-01-19 11:31:00
255,PO202601200255,122,6,1,2026-01-20,2026-02-19,Immediate payment against proforma invoice,Delivery in staggered lots as per production plan,"EV Motor Manufacturing Pvt Ltd, SIPCOT Industrial Park, Hosur, Tamil Nadu 635126","Stator Shop, EV Motor Manufacturing Pvt Ltd, Hosur Plant",445500.00,80190.00,5955.00,0.00,531645.00,INR,Fully Received,Approved,4,2026-01-22,PR-based procurement for Core Components from PR202606300122,2026-01-20 10:38:00,2026-01-20 11:38:00
256,PO202601160256,123,10,1,2026-01-16,2026-02-06,30 days credit from invoice date,"FOR Hosur plant, freight included","EV Motor Manufacturing Pvt Ltd, SIPCOT Industrial Park, Hosur, Tamil Nadu 635126","Stator Shop, EV Motor Manufacturing Pvt Ltd, Hosur Plant",511600.00,92088.00,4569.60,0.00,608257.60,INR,Cancelled,Pending,,,PR-based procurement for Mechanical Components from PR202606300123,2026-01-16 10:45:00,2026-01-16 11:45:00
257,PO202601210257,124,11,1,2026-01-21,2026-02-09,45 days credit after GRN acceptance,Ex-works supplier warehouse,"EV Motor Manufacturing Pvt Ltd, SIPCOT Industrial Park, Hosur, Tamil Nadu 635126","Stator Shop, EV Motor Manufacturing Pvt Ltd, Hosur Plant",25000.00,4500.00,1700.00,0.00,31200.00,INR,Issued,Approved,6,2026-01-22,PR-based procurement for Sealing Components from PR202606300124,2026-01-21 10:52:00,2026-01-21 11:52:00
258,PO202601230258,125,35,1,2026-01-23,2026-02-12,"50% advance, balance against dispatch",Door delivery to raw material store,"EV Motor Manufacturing Pvt Ltd, SIPCOT Industrial Park, Hosur, Tamil Nadu 635126","Stator Shop, EV Motor Manufacturing Pvt Ltd, Hosur Plant",25000.00,4500.00,1750.00,0.00,31250.00,INR,Partially Received,Approved,7,2026-01-25,PR-based procurement for Packaging Materials from PR202606300125,2026-01-23 10:59:00,2026-01-23 11:59:00
259,PO202601240259,126,20,1,2026-01-24,2026-02-11,15 days after material acceptance,Freight extra at actuals,"EV Motor Manufacturing Pvt Ltd, SIPCOT Industrial Park, Hosur, Tamil Nadu 635126","Stator Shop, EV Motor Manufacturing Pvt Ltd, Hosur Plant",25000.00,4500.00,1650.00,0.00,31150.00,INR,Fully Received,Approved,8,2026-01-24,PR-based procurement for Electronic Components from PR202606300126,2026-01-24 10:06:00,2026-01-24 11:06:00
260,PO202601280260,127,26,1,2026-01-28,2026-02-22,Immediate payment against proforma invoice,Delivery in staggered lots as per production plan,"EV Motor Manufacturing Pvt Ltd, SIPCOT Industrial Park, Hosur, Tamil Nadu 635126","Stator Shop, EV Motor Manufacturing Pvt Ltd, Hosur Plant",164800.00,29664.00,2818.40,2472.00,194810.40,INR,Closed,Approved,9,2026-01-29,PR-based procurement for Insulation Materials from PR202606300127,2026-01-28 10:13:00,2026-01-28 11:13:00
261,PO202601290261,130,30,1,2026-01-29,2026-02-21,30 days credit from invoice date,"FOR Hosur plant, freight included","EV Motor Manufacturing Pvt Ltd, SIPCOT Industrial Park, Hosur, Tamil Nadu 635126","Stator Shop, EV Motor Manufacturing Pvt Ltd, Hosur Plant",25000.00,4500.00,1750.00,0.00,31250.00,INR,Issued,Approved,10,2026-01-31,PR-based procurement for Fasteners from PR202606300130,2026-01-29 10:20:00,2026-01-29 11:20:00
262,PO202601300262,131,4,1,2026-01-30,2026-02-22,45 days credit after GRN acceptance,Ex-works supplier warehouse,"EV Motor Manufacturing Pvt Ltd, SIPCOT Industrial Park, Hosur, Tamil Nadu 635126","Stator Shop, EV Motor Manufacturing Pvt Ltd, Hosur Plant",1157300.00,208314.00,8443.80,0.00,1374057.80,INR,Partially Received,Approved,11,2026-01-30,PR-based procurement for Core Components from PR202606300131,2026-01-30 10:27:00,2026-01-30 11:27:00
263,PO202602010263,132,12,3,2026-02-01,2026-02-19,"50% advance, balance against dispatch",Door delivery to raw material store,"EV Motor Manufacturing Pvt Ltd, SIPCOT Industrial Park, Hosur, Tamil Nadu 635126","Assembly Shop, EV Motor Manufacturing Pvt Ltd, Hosur Plant",130400.00,23472.00,2543.20,0.00,156415.20,INR,Fully Received,Approved,12,2026-02-02,PR-based procurement for Mechanical Components from PR202606300132,2026-02-01 10:34:00,2026-02-01 11:34:00
264,PO202602030264,133,17,1,2026-02-03,2026-02-20,15 days after material acceptance,Freight extra at actuals,"EV Motor Manufacturing Pvt Ltd, SIPCOT Industrial Park, Hosur, Tamil Nadu 635126","Stator Shop, EV Motor Manufacturing Pvt Ltd, Hosur Plant",145100.00,26118.00,2951.00,0.00,174169.00,INR,Cancelled,Pending,,,PR-based procurement for Bearings from PR202606300133,2026-02-03 10:41:00,2026-02-03 11:41:00
265,PO202602040265,134,1,1,2026-02-04,2026-02-22,Immediate payment against proforma invoice,Delivery in staggered lots as per production plan,"EV Motor Manufacturing Pvt Ltd, SIPCOT Industrial Park, Hosur, Tamil Nadu 635126","Stator Shop, EV Motor Manufacturing Pvt Ltd, Hosur Plant",263700.00,47466.00,3082.20,0.00,314248.20,INR,Issued,Approved,1,2026-02-04,PR-based procurement for Electrical Components from PR202606300134,2026-02-04 10:48:00,2026-02-04 11:48:00
266,PO202602020266,135,19,1,2026-02-02,2026-02-17,30 days credit from invoice date,"FOR Hosur plant, freight included","EV Motor Manufacturing Pvt Ltd, SIPCOT Industrial Park, Hosur, Tamil Nadu 635126","Stator Shop, EV Motor Manufacturing Pvt Ltd, Hosur Plant",120000.00,21600.00,2460.00,0.00,144060.00,INR,Partially Received,Approved,3,2026-02-03,PR-based procurement for Electronic Components from PR202606300135,2026-02-02 10:55:00,2026-02-02 11:55:00
267,PO202602060267,136,11,1,2026-02-06,2026-02-26,45 days credit after GRN acceptance,Ex-works supplier warehouse,"EV Motor Manufacturing Pvt Ltd, SIPCOT Industrial Park, Hosur, Tamil Nadu 635126","Stator Shop, EV Motor Manufacturing Pvt Ltd, Hosur Plant",25000.00,4500.00,1750.00,375.00,30875.00,INR,Fully Received,Approved,4,2026-02-08,PR-based procurement for Sealing Components from PR202606300136,2026-02-06 10:02:00,2026-02-06 11:02:00
268,PO202602080268,137,21,1,2026-02-08,2026-02-27,"50% advance, balance against dispatch",Door delivery to raw material store,"EV Motor Manufacturing Pvt Ltd, SIPCOT Industrial Park, Hosur, Tamil Nadu 635126","Stator Shop, EV Motor Manufacturing Pvt Ltd, Hosur Plant",677200.00,121896.00,5563.20,0.00,804659.20,INR,Closed,Approved,5,2026-02-08,PR-based procurement for Electronic Components from PR202606300137,2026-02-08 10:09:00,2026-02-08 11:09:00
269,PO202602170269,138,32,1,2026-02-17,2026-03-08,15 days after material acceptance,Freight extra at actuals,"EV Motor Manufacturing Pvt Ltd, SIPCOT Industrial Park, Hosur, Tamil Nadu 635126","Stator Shop, EV Motor Manufacturing Pvt Ltd, Hosur Plant",25000.00,4500.00,1700.00,0.00,31200.00,INR,Issued,Approved,6,2026-02-18,PR-based procurement for Consumables from PR202606300138,2026-02-17 10:16:00,2026-02-17 11:16:00
270,PO202602190270,139,6,1,2026-02-19,2026-03-27,Immediate payment against proforma invoice,Delivery in staggered lots as per production plan,"EV Motor Manufacturing Pvt Ltd, SIPCOT Industrial Park, Hosur, Tamil Nadu 635126","Stator Shop, EV Motor Manufacturing Pvt Ltd, Hosur Plant",94400.00,16992.00,2444.00,0.00,113836.00,INR,Partially Received,Approved,7,2026-02-21,PR-based procurement for Core Components from PR202606300139,2026-02-19 10:23:00,2026-02-19 11:23:00
271,PO202505010271,,1,1,2025-05-01,2025-05-18,"50% advance, balance against dispatch",Ex-works supplier warehouse,"EV Motor Manufacturing Pvt Ltd, SIPCOT Industrial Park, Hosur, Tamil Nadu 635126","Raw Material Store, EV Motor Manufacturing Pvt Ltd, Hosur Plant",65000.00,11700.00,1890.00,975.00,77615.00,INR,Draft,Pending,,,Direct PO for tool calibration and production support services,2025-05-01 12:00:00,2025-05-01 13:00:00
272,PO202505120272,,4,2,2025-05-12,2025-06-07,15 days after material acceptance,Door delivery to raw material store,"EV Motor Manufacturing Pvt Ltd, SIPCOT Industrial Park, Hosur, Tamil Nadu 635126","Stator Shop, EV Motor Manufacturing Pvt Ltd, Hosur Plant",112321.00,20217.78,2398.57,0.00,134937.35,INR,Partially Received,Approved,9,2025-05-13,Direct PO for urgent MRO consumables,2025-05-12 12:05:00,2025-05-12 13:05:00
273,PO202505230273,,7,3,2025-05-23,2025-06-21,Immediate payment against proforma invoice,Freight extra at actuals,"EV Motor Manufacturing Pvt Ltd, SIPCOT Industrial Park, Hosur, Tamil Nadu 635126","Rotor Shop, EV Motor Manufacturing Pvt Ltd, Hosur Plant",214642.00,38635.56,3646.42,0.00,256923.98,INR,Fully Received,Approved,10,2025-05-25,Direct PO for packaging replenishment,2025-05-23 12:10:00,2025-05-23 13:10:00
274,PO202506030274,,10,4,2025-06-03,2025-06-26,30 days credit from invoice date,Delivery in staggered lots as per production plan,"EV Motor Manufacturing Pvt Ltd, SIPCOT Industrial Park, Hosur, Tamil Nadu 635126","Assembly Shop, EV Motor Manufacturing Pvt Ltd, Hosur Plant",371963.00,66953.34,3731.78,0.00,442648.12,INR,Closed,Approved,11,2025-06-03,Direct PO for maintenance spares,2025-06-03 12:15:00,2025-06-03 13:15:00
275,PO202506140275,,13,5,2025-06-14,2025-07-09,45 days credit after GRN acceptance,"FOR Hosur plant, freight included","EV Motor Manufacturing Pvt Ltd, SIPCOT Industrial Park, Hosur, Tamil Nadu 635126","Maintenance Store, EV Motor Manufacturing Pvt Ltd, Hosur Plant",589284.00,106071.12,6214.27,0.00,701569.39,INR,Issued,Approved,12,2025-06-15,Direct PO for supplier development sample lot,2025-06-14 12:20:00,2025-06-14 13:20:00
276,PO202506250276,,16,6,2025-06-25,2025-07-16,"50% advance, balance against dispatch",Ex-works supplier warehouse,"EV Motor Manufacturing Pvt Ltd, SIPCOT Industrial Park, Hosur, Tamil Nadu 635126","Raw Material Store, EV Motor Manufacturing Pvt Ltd, Hosur Plant",151605.00,27288.90,3016.05,0.00,181909.95,INR,Draft,Pending,,,Direct PO for tool calibration and production support services,2025-06-25 12:25:00,2025-06-25 13:25:00
277,PO202507060277,,19,1,2025-07-06,2025-07-19,15 days after material acceptance,Door delivery to raw material store,"EV Motor Manufacturing Pvt Ltd, SIPCOT Industrial Park, Hosur, Tamil Nadu 635126","Stator Shop, EV Motor Manufacturing Pvt Ltd, Hosur Plant",108926.00,19606.68,2153.56,0.00,130686.24,INR,Fully Received,Approved,1,2025-07-06,Direct PO for urgent MRO consumables,2025-07-06 12:30:00,2025-07-06 13:30:00
278,PO202507170278,,22,2,2025-07-17,2025-08-06,Immediate payment against proforma invoice,Freight extra at actuals,"EV Motor Manufacturing Pvt Ltd, SIPCOT Industrial Park, Hosur, Tamil Nadu 635126","Rotor Shop, EV Motor Manufacturing Pvt Ltd, Hosur Plant",211247.00,38024.46,3189.98,3168.71,249292.73,INR,Cancelled,Pending,,,Direct PO for packaging replenishment,2025-07-17 12:35:00,2025-07-17 13:35:00
279,PO202507280279,,25,3,2025-07-28,2025-08-20,30 days credit from invoice date,Delivery in staggered lots as per production plan,"EV Motor Manufacturing Pvt Ltd, SIPCOT Industrial Park, Hosur, Tamil Nadu 635126","Assembly Shop, EV Motor Manufacturing Pvt Ltd, Hosur Plant",368568.00,66342.24,5185.68,0.00,440095.92,INR,Issued,Approved,4,2025-07-30,Direct PO for maintenance spares,2025-07-28 12:40:00,2025-07-28 13:40:00
280,PO202508080280,,28,4,2025-08-08,2025-08-24,45 days credit after GRN acceptance,"FOR Hosur plant, freight included","EV Motor Manufacturing Pvt Ltd, SIPCOT Industrial Park, Hosur, Tamil Nadu 635126","Maintenance Store, EV Motor Manufacturing Pvt Ltd, Hosur Plant",585889.00,105460.02,5015.33,0.00,696364.35,INR,Partially Received,Approved,5,2025-08-08,Direct PO for supplier development sample lot,2025-08-08 12:45:00,2025-08-08 13:45:00
281,PO202508190281,,31,5,2025-08-19,2025-09-07,"50% advance, balance against dispatch",Ex-works supplier warehouse,"EV Motor Manufacturing Pvt Ltd, SIPCOT Industrial Park, Hosur, Tamil Nadu 635126","Raw Material Store, EV Motor Manufacturing Pvt Ltd, Hosur Plant",148210.00,26677.80,2685.68,0.00,177573.48,INR,Draft,Pending,,,Direct PO for tool calibration and production support services,2025-08-19 12:50:00,2025-08-19 13:50:00
282,PO202508300282,,34,6,2025-08-30,2025-09-19,15 days after material acceptance,Door delivery to raw material store,"EV Motor Manufacturing Pvt Ltd, SIPCOT Industrial Park, Hosur, Tamil Nadu 635126","Stator Shop, EV Motor Manufacturing Pvt Ltd, Hosur Plant",105531.00,18995.58,2555.31,0.00,127081.89,INR,Closed,Approved,7,2025-09-01,Direct PO for urgent MRO consumables,2025-08-30 12:55:00,2025-08-30 13:55:00
283,PO202509100283,,2,1,2025-09-10,2025-09-29,Immediate payment against proforma invoice,Freight extra at actuals,"EV Motor Manufacturing Pvt Ltd, SIPCOT Industrial Park, Hosur, Tamil Nadu 635126","Rotor Shop, EV Motor Manufacturing Pvt Ltd, Hosur Plant",207852.00,37413.36,2747.11,0.00,248012.47,INR,Issued,Approved,8,2025-09-10,Direct PO for packaging replenishment,2025-09-10 12:00:00,2025-09-10 13:00:00
284,PO202509210284,,5,2,2025-09-21,2025-10-15,30 days credit from invoice date,Delivery in staggered lots as per production plan,"EV Motor Manufacturing Pvt Ltd, SIPCOT Industrial Park, Hosur, Tamil Nadu 635126","Assembly Shop, EV Motor Manufacturing Pvt Ltd, Hosur Plant",365173.00,65731.14,4421.38,0.00,435325.52,INR,Partially Received,Approved,9,2025-09-22,Direct PO for maintenance spares,2025-09-21 12:05:00,2025-09-21 13:05:00
285,PO202510020285,,8,3,2025-10-02,2025-10-27,45 days credit after GRN acceptance,"FOR Hosur plant, freight included","EV Motor Manufacturing Pvt Ltd, SIPCOT Industrial Park, Hosur, Tamil Nadu 635126","Maintenance Store, EV Motor Manufacturing Pvt Ltd, Hosur Plant",582494.00,104848.92,7324.94,8737.41,685930.45,INR,Fully Received,Approved,10,2025-10-04,Direct PO for supplier development sample lot,2025-10-02 12:10:00,2025-10-02 13:10:00
286,PO202510130286,,11,4,2025-10-13,2025-11-02,"50% advance, balance against dispatch",Ex-works supplier warehouse,"EV Motor Manufacturing Pvt Ltd, SIPCOT Industrial Park, Hosur, Tamil Nadu 635126","Raw Material Store, EV Motor Manufacturing Pvt Ltd, Hosur Plant",144815.00,26066.70,2368.89,0.00,173250.59,INR,Draft,Pending,,,Direct PO for tool calibration and production support services,2025-10-13 12:15:00,2025-10-13 13:15:00
287,PO202510240287,,14,5,2025-10-24,2025-11-19,15 days after material acceptance,Door delivery to raw material store,"EV Motor Manufacturing Pvt Ltd, SIPCOT Industrial Park, Hosur, Tamil Nadu 635126","Stator Shop, EV Motor Manufacturing Pvt Ltd, Hosur Plant",102136.00,18384.48,2317.09,0.00,122837.57,INR,Issued,Approved,12,2025-10-25,Direct PO for urgent MRO consumables,2025-10-24 12:20:00,2025-10-24 13:20:00
288,PO202511040288,,17,6,2025-11-04,2025-11-26,Immediate payment against proforma invoice,Freight extra at actuals,"EV Motor Manufacturing Pvt Ltd, SIPCOT Industrial Park, Hosur, Tamil Nadu 635126","Rotor Shop, EV Motor Manufacturing Pvt Ltd, Hosur Plant",204457.00,36802.26,3544.57,0.00,244803.83,INR,Partially Received,Approved,13,2025-11-06,Direct PO for packaging replenishment,2025-11-04 12:25:00,2025-11-04 13:25:00
289,PO202511150289,,20,1,2025-11-15,2025-11-29,30 days credit from invoice date,Delivery in staggered lots as per production plan,"EV Motor Manufacturing Pvt Ltd, SIPCOT Industrial Park, Hosur, Tamil Nadu 635126","Assembly Shop, EV Motor Manufacturing Pvt Ltd, Hosur Plant",361778.00,65120.04,3670.67,0.00,430568.71,INR,Fully Received,Approved,1,2025-11-15,Direct PO for maintenance spares,2025-11-15 12:30:00,2025-11-15 13:30:00
290,PO202511260290,,23,2,2025-11-26,2025-12-15,45 days credit after GRN acceptance,"FOR Hosur plant, freight included","EV Motor Manufacturing Pvt Ltd, SIPCOT Industrial Park, Hosur, Tamil Nadu 635126","Maintenance Store, EV Motor Manufacturing Pvt Ltd, Hosur Plant",579099.00,104237.82,6132.79,0.00,689469.61,INR,Closed,Approved,3,2025-11-27,Direct PO for supplier development sample lot,2025-11-26 12:35:00,2025-11-26 13:35:00
291,PO202512070291,,26,3,2025-12-07,2025-12-29,"50% advance, balance against dispatch",Ex-works supplier warehouse,"EV Motor Manufacturing Pvt Ltd, SIPCOT Industrial Park, Hosur, Tamil Nadu 635126","Raw Material Store, EV Motor Manufacturing Pvt Ltd, Hosur Plant",141420.00,25455.60,2914.20,0.00,169789.80,INR,Draft,Pending,,,Direct PO for tool calibration and production support services,2025-12-07 12:40:00,2025-12-07 13:40:00
292,PO202512180292,,29,4,2025-12-18,2026-01-04,15 days after material acceptance,Door delivery to raw material store,"EV Motor Manufacturing Pvt Ltd, SIPCOT Industrial Park, Hosur, Tamil Nadu 635126","Stator Shop, EV Motor Manufacturing Pvt Ltd, Hosur Plant",98741.00,17773.38,2092.45,1481.12,117125.71,INR,Partially Received,Approved,5,2025-12-18,Direct PO for urgent MRO consumables,2025-12-18 12:45:00,2025-12-18 13:45:00
293,PO202512290293,,32,5,2025-12-29,2026-01-16,Immediate payment against proforma invoice,Freight extra at actuals,"EV Motor Manufacturing Pvt Ltd, SIPCOT Industrial Park, Hosur, Tamil Nadu 635126","Rotor Shop, EV Motor Manufacturing Pvt Ltd, Hosur Plant",201062.00,36191.16,3108.50,0.00,240361.66,INR,Fully Received,Approved,6,2025-12-30,Direct PO for packaging replenishment,2025-12-29 12:50:00,2025-12-29 13:50:00
294,PO202601090294,,35,6,2026-01-09,2026-01-31,30 days credit from invoice date,Delivery in staggered lots as per production plan,"EV Motor Manufacturing Pvt Ltd, SIPCOT Industrial Park, Hosur, Tamil Nadu 635126","Assembly Shop, EV Motor Manufacturing Pvt Ltd, Hosur Plant",358383.00,64508.94,5083.83,0.00,427975.77,INR,Cancelled,Pending,,,Direct PO for maintenance spares,2026-01-09 12:55:00,2026-01-09 13:55:00
295,PO202601200295,,3,1,2026-01-20,2026-02-09,45 days credit after GRN acceptance,"FOR Hosur plant, freight included","EV Motor Manufacturing Pvt Ltd, SIPCOT Industrial Park, Hosur, Tamil Nadu 635126","Maintenance Store, EV Motor Manufacturing Pvt Ltd, Hosur Plant",575704.00,103626.72,4954.22,0.00,684284.94,INR,Issued,Approved,8,2026-01-20,Direct PO for supplier development sample lot,2026-01-20 12:00:00,2026-01-20 13:00:00
296,PO202601310296,,6,2,2026-01-31,2026-03-03,"50% advance, balance against dispatch",Ex-works supplier warehouse,"EV Motor Manufacturing Pvt Ltd, SIPCOT Industrial Park, Hosur, Tamil Nadu 635126","Raw Material Store, EV Motor Manufacturing Pvt Ltd, Hosur Plant",138025.00,24844.50,2604.20,0.00,165473.70,INR,Draft,Pending,,,Direct PO for tool calibration and production support services,2026-01-31 12:05:00,2026-01-31 13:05:00
297,PO202602110297,,9,3,2026-02-11,2026-03-18,15 days after material acceptance,Door delivery to raw material store,"EV Motor Manufacturing Pvt Ltd, SIPCOT Industrial Park, Hosur, Tamil Nadu 635126","Stator Shop, EV Motor Manufacturing Pvt Ltd, Hosur Plant",95346.00,17162.28,2453.46,0.00,114961.74,INR,Fully Received,Approved,10,2026-02-13,Direct PO for urgent MRO consumables,2026-02-11 12:10:00,2026-02-11 13:10:00
298,PO202602220298,,12,4,2026-02-22,2026-03-16,Immediate payment against proforma invoice,Freight extra at actuals,"EV Motor Manufacturing Pvt Ltd, SIPCOT Industrial Park, Hosur, Tamil Nadu 635126","Rotor Shop, EV Motor Manufacturing Pvt Ltd, Hosur Plant",197667.00,35580.06,2686.00,0.00,235933.06,INR,Closed,Approved,11,2026-02-22,Direct PO for packaging replenishment,2026-02-22 12:15:00,2026-02-22 13:15:00
299,PO202603050299,,15,5,2026-03-05,2026-03-24,30 days credit from invoice date,Delivery in staggered lots as per production plan,"EV Motor Manufacturing Pvt Ltd, SIPCOT Industrial Park, Hosur, Tamil Nadu 635126","Assembly Shop, EV Motor Manufacturing Pvt Ltd, Hosur Plant",354988.00,63897.84,4339.90,5324.82,417900.92,INR,Issued,Approved,12,2026-03-06,Direct PO for maintenance spares,2026-03-05 12:20:00,2026-03-05 13:20:00
300,PO202603160300,,18,6,2026-03-16,2026-04-04,45 days credit after GRN acceptance,"FOR Hosur plant, freight included","EV Motor Manufacturing Pvt Ltd, SIPCOT Industrial Park, Hosur, Tamil Nadu 635126","Maintenance Store, EV Motor Manufacturing Pvt Ltd, Hosur Plant",572309.00,103015.62,7223.09,0.00,682547.71,INR,Partially Received,Approved,13,2026-03-18,Direct PO for supplier development sample lot,2026-03-16 12:25:00,2026-03-16 13:25:00
