bom_consumption_id,production_order_item_id,finished_item_id,consumed_item_id,planned_quantity,issued_quantity,actual_consumed_quantity,returned_quantity,wastage_quantity,uom,warehouse_location,batch_number,consumption_date,consumed_by,transaction_status,remarks
2991,301,100,1,60.000,61.200,60.000,0.000,1.200,No,Production Issue Store,BC-0002991,2024-04-10,1,Consumed,Generated BOM consumption from active BOM.
2992,301,100,4,60.000,61.200,60.000,0.000,1.200,No,Production Issue Store,BC-0002992,2024-04-10,3,Consumed,Generated BOM consumption from active BOM.
2993,302,101,5,23.000,23.460,23.000,0.000,0.460,No,Production Issue Store,BC-0002993,2024-04-10,3,Consumed,Generated BOM consumption from active BOM.
2994,302,101,8,230.000,234.600,230.000,0.000,4.600,No,Production Issue Store,BC-0002994,2024-04-10,4,Consumed,Generated BOM consumption from active BOM.
2995,303,102,9,240.000,244.800,240.000,0.000,4.800,No,Production Issue Store,BC-0002995,2024-04-06,4,Consumed,Generated BOM consumption from active BOM.
2996,303,102,12,20.000,20.400,20.000,0.000,0.400,No,Production Issue Store,BC-0002996,2024-04-06,5,Consumed,Generated BOM consumption from active BOM.
2997,304,100,10,50.000,51.000,50.000,0.000,1.000,No,Production Issue Store,BC-0002997,2024-04-04,5,Consumed,Generated BOM consumption from active BOM.
2998,304,100,13,50.000,51.000,50.000,0.000,1.000,No,Production Issue Store,BC-0002998,2024-04-04,6,Consumed,Generated BOM consumption from active BOM.
2999,305,101,14,18.000,18.360,18.000,0.000,0.360,No,Production Issue Store,BC-0002999,2024-04-11,6,Consumed,Generated BOM consumption from active BOM.
3000,305,101,17,18.000,18.360,18.000,0.000,0.360,No,Production Issue Store,BC-0003000,2024-04-11,7,Consumed,Generated BOM consumption from active BOM.
3001,306,102,18,46.000,46.920,46.000,0.000,0.920,No,Production Issue Store,BC-0003001,2024-04-12,7,Consumed,Generated BOM consumption from active BOM.
3002,306,102,19,46.000,46.920,46.000,0.000,0.920,No,Production Issue Store,BC-0003002,2024-04-12,8,Consumed,Generated BOM consumption from active BOM.
3003,307,100,19,13.000,13.260,13.000,0.000,0.260,No,Production Issue Store,BC-0003003,2024-04-12,8,Consumed,Generated BOM consumption from active BOM.
3004,307,100,20,13.000,13.260,13.000,0.000,0.260,No,Production Issue Store,BC-0003004,2024-04-12,9,Consumed,Generated BOM consumption from active BOM.
3005,308,101,20,53.000,54.060,53.000,0.000,1.060,No,Production Issue Store,BC-0003005,2024-04-12,9,Consumed,Generated BOM consumption from active BOM.
3006,308,101,24,106.000,108.120,106.000,0.000,2.120,No,Production Issue Store,BC-0003006,2024-04-12,10,Consumed,Generated BOM consumption from active BOM.
3007,309,102,25,86.000,87.720,86.000,0.000,1.720,No,Production Issue Store,BC-0003007,2024-04-08,10,Consumed,Generated BOM consumption from active BOM.
3008,309,102,21,43.000,43.860,43.000,0.000,0.860,No,Production Issue Store,BC-0003008,2024-04-08,11,Consumed,Generated BOM consumption from active BOM.
3009,310,100,21,35.000,35.700,35.000,0.000,0.700,No,Production Issue Store,BC-0003009,2024-04-10,11,Consumed,Generated BOM consumption from active BOM.
3010,310,100,78,35.000,35.700,35.000,0.000,0.700,No,Production Issue Store,BC-0003010,2024-04-10,12,Consumed,Generated BOM consumption from active BOM.
3011,311,101,78,62.000,63.240,62.000,0.000,1.240,No,Production Issue Store,BC-0003011,2024-04-13,12,Consumed,Generated BOM consumption from active BOM.
3012,311,101,79,62.000,63.240,62.000,0.000,1.240,No,Production Issue Store,BC-0003012,2024-04-13,13,Consumed,Generated BOM consumption from active BOM.
3013,312,102,79,76.000,77.520,76.000,0.000,1.520,No,Production Issue Store,BC-0003013,2024-04-13,13,Consumed,Generated BOM consumption from active BOM.
3014,312,102,26,76.000,77.520,76.000,0.000,1.520,No,Production Issue Store,BC-0003014,2024-04-13,1,Consumed,Generated BOM consumption from active BOM.
3015,313,100,26,26.000,26.520,26.000,0.000,0.520,No,Production Issue Store,BC-0003015,2024-04-11,1,Consumed,Generated BOM consumption from active BOM.
3016,313,100,27,26.000,26.520,26.000,0.000,0.520,No,Production Issue Store,BC-0003016,2024-04-11,3,Consumed,Generated BOM consumption from active BOM.
3017,314,101,27,28.000,28.560,28.000,0.000,0.560,No,Production Issue Store,BC-0003017,2024-04-08,3,Consumed,Generated BOM consumption from active BOM.
3018,314,101,30,89.600,91.392,89.600,0.000,1.792,kg,Production Issue Store,BC-0003018,2024-04-08,4,Consumed,Generated BOM consumption from active BOM.
3019,315,102,31,104.000,106.080,104.000,0.000,2.080,kg,Production Issue Store,BC-0003019,2024-04-08,4,Consumed,Generated BOM consumption from active BOM.
3020,315,102,34,80.000,81.600,80.000,0.000,1.600,m,Production Issue Store,BC-0003020,2024-04-08,5,Consumed,Generated BOM consumption from active BOM.
3021,316,100,32,39.000,39.780,39.000,0.000,0.780,m,Production Issue Store,BC-0003021,2024-04-09,5,Consumed,Generated BOM consumption from active BOM.
3022,316,100,35,13.000,13.260,13.000,0.000,0.260,No,Production Issue Store,BC-0003022,2024-04-09,6,Consumed,Generated BOM consumption from active BOM.
3023,317,101,35,52.000,53.040,52.000,0.000,1.040,No,Production Issue Store,BC-0003023,2024-04-10,6,Consumed,Generated BOM consumption from active BOM.
3024,317,101,38,156.000,159.120,156.000,0.000,3.120,No,Production Issue Store,BC-0003024,2024-04-10,7,Consumed,Generated BOM consumption from active BOM.
3025,318,102,38,135.000,137.700,135.000,0.000,2.700,No,Production Issue Store,BC-0003025,2024-04-13,7,Consumed,Generated BOM consumption from active BOM.
3026,318,102,57,2160.000,2203.200,2160.000,0.000,43.200,No,Production Issue Store,BC-0003026,2024-04-13,8,Consumed,Generated BOM consumption from active BOM.
3027,319,100,55,696.000,709.920,696.000,0.000,13.920,No,Production Issue Store,BC-0003027,2024-04-12,8,Consumed,Generated BOM consumption from active BOM.
3028,319,100,58,696.000,709.920,696.000,0.000,13.920,No,Production Issue Store,BC-0003028,2024-04-12,9,Consumed,Generated BOM consumption from active BOM.
3029,320,101,58,1800.000,1836.000,1800.000,0.000,36.000,No,Production Issue Store,BC-0003029,2024-04-12,9,Consumed,Generated BOM consumption from active BOM.
3030,320,101,59,1800.000,1836.000,1800.000,0.000,36.000,No,Production Issue Store,BC-0003030,2024-04-12,10,Consumed,Generated BOM consumption from active BOM.
3031,321,102,59,1920.000,1958.400,1920.000,0.000,38.400,No,Production Issue Store,BC-0003031,2024-04-14,10,Consumed,Generated BOM consumption from active BOM.
3032,321,102,62,40.000,40.800,40.000,0.000,0.800,m,Production Issue Store,BC-0003032,2024-04-14,11,Consumed,Generated BOM consumption from active BOM.
3033,322,100,60,19.000,19.380,19.000,0.000,0.380,m,Production Issue Store,BC-0003033,2024-04-12,11,Consumed,Generated BOM consumption from active BOM.
3034,322,100,39,114.000,116.280,114.000,0.000,2.280,No,Production Issue Store,BC-0003034,2024-04-12,12,Consumed,Generated BOM consumption from active BOM.
3035,323,101,41,12.000,12.240,12.000,0.000,0.240,No,Production Issue Store,BC-0003035,2024-04-16,12,Consumed,Generated BOM consumption from active BOM.
3036,323,101,43,12.000,12.240,12.000,0.000,0.240,No,Production Issue Store,BC-0003036,2024-04-16,13,Consumed,Generated BOM consumption from active BOM.
3037,324,102,43,70.000,71.400,70.000,0.000,1.400,No,Production Issue Store,BC-0003037,2024-04-12,13,Consumed,Generated BOM consumption from active BOM.
3038,324,102,46,35.000,35.700,35.000,0.000,0.700,No,Production Issue Store,BC-0003038,2024-04-12,1,Consumed,Generated BOM consumption from active BOM.
3039,325,100,45,11.000,11.220,11.000,0.000,0.220,No,Production Issue Store,BC-0003039,2024-04-16,1,Consumed,Generated BOM consumption from active BOM.
3040,325,100,47,11.000,11.220,11.000,0.000,0.220,Set,Production Issue Store,BC-0003040,2024-04-16,3,Consumed,Generated BOM consumption from active BOM.
3041,326,101,47,43.000,43.860,43.000,0.000,0.860,Set,Production Issue Store,BC-0003041,2024-04-16,3,Consumed,Generated BOM consumption from active BOM.
3042,326,101,50,43.000,43.860,43.000,0.000,0.860,No,Production Issue Store,BC-0003042,2024-04-16,4,Consumed,Generated BOM consumption from active BOM.
3043,327,102,51,6.000,6.120,6.000,0.000,0.120,No,Production Issue Store,BC-0003043,2024-04-18,4,Consumed,Generated BOM consumption from active BOM.
3044,327,102,54,48.000,48.960,48.000,0.000,0.960,No,Production Issue Store,BC-0003044,2024-04-18,5,Consumed,Generated BOM consumption from active BOM.
3045,328,100,52,170.000,173.400,170.000,0.000,3.400,No,Production Issue Store,BC-0003045,2024-04-15,5,Consumed,Generated BOM consumption from active BOM.
3046,328,100,63,272.000,277.440,272.000,0.000,5.440,No,Production Issue Store,BC-0003046,2024-04-15,6,Consumed,Generated BOM consumption from active BOM.
3047,329,101,65,260.000,265.200,260.000,0.000,5.200,No,Production Issue Store,BC-0003047,2024-04-15,6,Consumed,Generated BOM consumption from active BOM.
3048,329,101,67,260.000,265.200,260.000,0.000,5.200,No,Production Issue Store,BC-0003048,2024-04-15,7,Consumed,Generated BOM consumption from active BOM.
3049,330,102,68,132.000,134.640,132.000,0.000,2.640,No,Production Issue Store,BC-0003049,2024-04-13,7,Consumed,Generated BOM consumption from active BOM.
3050,330,102,71,132.000,134.640,132.000,0.000,2.640,No,Production Issue Store,BC-0003050,2024-04-13,8,Consumed,Generated BOM consumption from active BOM.
3051,331,100,69,248.000,252.960,248.000,0.000,4.960,No,Production Issue Store,BC-0003051,2024-04-21,8,Consumed,Generated BOM consumption from active BOM.
3052,331,100,72,248.000,252.960,248.000,0.000,4.960,No,Production Issue Store,BC-0003052,2024-04-21,9,Consumed,Generated BOM consumption from active BOM.
3053,332,101,73,140.000,142.800,140.000,0.000,2.800,No,Production Issue Store,BC-0003053,2024-04-16,9,Consumed,Generated BOM consumption from active BOM.
3054,332,101,76,28.000,28.560,28.000,0.000,0.560,No,Production Issue Store,BC-0003054,2024-04-16,10,Consumed,Generated BOM consumption from active BOM.
3055,333,102,77,38.000,38.760,38.000,0.000,0.760,No,Production Issue Store,BC-0003055,2024-04-20,10,Consumed,Generated BOM consumption from active BOM.
3056,333,102,80,5700.000,5814.000,5700.000,0.000,114.000,ml,Production Issue Store,BC-0003056,2024-04-20,11,Consumed,Generated BOM consumption from active BOM.
3057,334,100,80,5400.000,5508.000,5400.000,0.000,108.000,ml,Production Issue Store,BC-0003057,2024-04-20,11,Consumed,Generated BOM consumption from active BOM.
3058,334,100,81,1620.000,1652.400,1620.000,0.000,32.400,g,Production Issue Store,BC-0003058,2024-04-20,12,Consumed,Generated BOM consumption from active BOM.
3059,335,101,81,1080.000,1101.600,1080.000,0.000,21.600,g,Production Issue Store,BC-0003059,2024-04-15,12,Consumed,Generated BOM consumption from active BOM.
3060,335,101,82,192.000,195.840,192.000,0.000,3.840,ml,Production Issue Store,BC-0003060,2024-04-15,13,Consumed,Generated BOM consumption from active BOM.
3061,336,102,82,280.000,285.600,280.000,0.000,5.600,ml,Production Issue Store,BC-0003061,2024-04-19,13,Consumed,Generated BOM consumption from active BOM.
3062,336,102,83,1400.000,1428.000,1400.000,0.000,28.000,g,Production Issue Store,BC-0003062,2024-04-19,1,Consumed,Generated BOM consumption from active BOM.
3063,337,100,83,100.000,102.000,100.000,0.000,2.000,g,Production Issue Store,BC-0003063,2024-04-17,1,Consumed,Generated BOM consumption from active BOM.
3064,337,100,84,500.000,510.000,500.000,0.000,10.000,ml,Production Issue Store,BC-0003064,2024-04-17,3,Consumed,Generated BOM consumption from active BOM.
3065,338,101,84,3300.000,3366.000,3300.000,0.000,66.000,ml,Production Issue Store,BC-0003065,2024-04-17,3,Consumed,Generated BOM consumption from active BOM.
3066,338,101,85,330.000,336.600,330.000,0.000,6.600,g,Production Issue Store,BC-0003066,2024-04-17,4,Consumed,Generated BOM consumption from active BOM.
3067,339,102,85,460.000,469.200,460.000,0.000,9.200,g,Production Issue Store,BC-0003067,2024-04-21,4,Consumed,Generated BOM consumption from active BOM.
3068,339,102,86,230.000,234.600,230.000,0.000,4.600,g,Production Issue Store,BC-0003068,2024-04-21,5,Consumed,Generated BOM consumption from active BOM.
3069,340,100,86,230.000,234.600,230.000,0.000,4.600,g,Production Issue Store,BC-0003069,2024-04-20,5,Consumed,Generated BOM consumption from active BOM.
3070,340,100,87,460.000,469.200,460.000,0.000,9.200,g,Production Issue Store,BC-0003070,2024-04-20,6,Consumed,Generated BOM consumption from active BOM.
3071,341,101,87,165.000,168.300,165.000,0.000,3.300,g,Production Issue Store,BC-0003071,2024-04-21,6,Consumed,Generated BOM consumption from active BOM.
3072,341,101,94,11.000,11.220,11.000,0.000,0.220,No,Production Issue Store,BC-0003072,2024-04-21,7,Consumed,Generated BOM consumption from active BOM.
3073,342,102,94,58.000,59.160,58.000,0.000,1.160,No,Production Issue Store,BC-0003073,2024-04-22,7,Consumed,Generated BOM consumption from active BOM.
3074,342,102,95,58.000,59.160,58.000,0.000,1.160,No,Production Issue Store,BC-0003074,2024-04-22,8,Consumed,Generated BOM consumption from active BOM.
3075,343,100,95,12.000,12.240,12.000,0.000,0.240,No,Production Issue Store,BC-0003075,2024-04-21,8,Consumed,Generated BOM consumption from active BOM.
3076,343,100,96,12.000,12.240,12.000,0.000,0.240,No,Production Issue Store,BC-0003076,2024-04-21,9,Consumed,Generated BOM consumption from active BOM.
3077,344,101,96,40.000,40.800,40.000,0.000,0.800,No,Production Issue Store,BC-0003077,2024-04-17,9,Consumed,Generated BOM consumption from active BOM.
3078,344,101,97,40.000,40.800,40.000,0.000,0.800,No,Production Issue Store,BC-0003078,2024-04-17,10,Consumed,Generated BOM consumption from active BOM.
3079,345,102,97,4.000,4.080,4.000,0.000,0.080,No,Production Issue Store,BC-0003079,2024-04-23,10,Consumed,Generated BOM consumption from active BOM.
3080,345,102,88,4.000,4.080,4.000,0.000,0.080,No,Production Issue Store,BC-0003080,2024-04-23,11,Consumed,Generated BOM consumption from active BOM.
3081,346,100,88,51.000,52.020,51.000,0.000,1.020,No,Production Issue Store,BC-0003081,2024-04-22,11,Consumed,Generated BOM consumption from active BOM.
3082,346,100,89,102.000,104.040,102.000,0.000,2.040,No,Production Issue Store,BC-0003082,2024-04-22,12,Consumed,Generated BOM consumption from active BOM.
3083,347,101,89,82.000,83.640,82.000,0.000,1.640,No,Production Issue Store,BC-0003083,2024-04-22,12,Consumed,Generated BOM consumption from active BOM.
3084,347,101,90,41.000,41.820,41.000,0.000,0.820,Sheet,Production Issue Store,BC-0003084,2024-04-22,13,Consumed,Generated BOM consumption from active BOM.
3085,348,102,90,100.000,102.000,100.000,0.000,2.000,sheets,Production Issue Store,BC-0003085,2024-04-25,13,Consumed,Generated BOM consumption from active BOM.
3086,348,102,91,50.000,51.000,50.000,0.000,1.000,No,Production Issue Store,BC-0003086,2024-04-25,1,Consumed,Generated BOM consumption from active BOM.
3087,349,100,91,55.000,56.100,55.000,0.000,1.100,No,Production Issue Store,BC-0003087,2024-04-20,1,Consumed,Generated BOM consumption from active BOM.
3088,349,100,92,55.000,56.100,55.000,0.000,1.100,m,Production Issue Store,BC-0003088,2024-04-20,3,Consumed,Generated BOM consumption from active BOM.
3089,350,101,92,58.800,59.976,58.800,0.000,1.176,m,Production Issue Store,BC-0003089,2024-04-24,3,Consumed,Generated BOM consumption from active BOM.
3090,350,101,93,49.000,49.980,49.000,0.000,0.980,No,Production Issue Store,BC-0003090,2024-04-24,4,Consumed,Generated BOM consumption from active BOM.
3091,351,102,93,78.000,79.560,78.000,0.000,1.560,No,Production Issue Store,BC-0003091,2024-04-25,4,Consumed,Generated BOM consumption from active BOM.
3092,351,102,98,39.000,39.780,39.000,0.000,0.780,No,Production Issue Store,BC-0003092,2024-04-25,5,Consumed,Generated BOM consumption from active BOM.
3093,352,100,98,49.000,49.980,49.000,0.000,0.980,No,Production Issue Store,BC-0003093,2024-04-26,5,Consumed,Generated BOM consumption from active BOM.
3094,352,100,99,49.000,49.980,49.000,0.000,0.980,No,Production Issue Store,BC-0003094,2024-04-26,6,Consumed,Generated BOM consumption from active BOM.
3095,353,101,99,10.000,10.200,10.000,0.000,0.200,No,Production Issue Store,BC-0003095,2024-04-28,6,Consumed,Generated BOM consumption from active BOM.
3096,353,101,2,10.000,10.200,10.000,0.000,0.200,No,Production Issue Store,BC-0003096,2024-04-28,7,Consumed,Generated BOM consumption from active BOM.
3097,354,102,2,40.000,40.800,40.000,0.000,0.800,No,Production Issue Store,BC-0003097,2024-04-26,7,Consumed,Generated BOM consumption from active BOM.
3098,354,102,6,40.000,40.800,40.000,0.000,0.800,No,Production Issue Store,BC-0003098,2024-04-26,8,Consumed,Generated BOM consumption from active BOM.
3099,355,100,4,59.000,60.180,59.000,0.000,1.180,No,Production Issue Store,BC-0003099,2024-04-28,8,Consumed,Generated BOM consumption from active BOM.
3100,355,100,7,472.000,481.440,472.000,0.000,9.440,No,Production Issue Store,BC-0003100,2024-04-28,9,Consumed,Generated BOM consumption from active BOM.
3101,356,101,8,250.000,255.000,250.000,0.000,5.000,No,Production Issue Store,BC-0003101,2024-04-25,9,Consumed,Generated BOM consumption from active BOM.
3102,356,101,11,25.000,25.500,25.000,0.000,0.500,No,Production Issue Store,BC-0003102,2024-04-25,10,Consumed,Generated BOM consumption from active BOM.
3103,357,102,12,60.000,61.200,60.000,0.000,1.200,No,Production Issue Store,BC-0003103,2024-04-24,10,Consumed,Generated BOM consumption from active BOM.
3104,357,102,15,60.000,61.200,60.000,0.000,1.200,No,Production Issue Store,BC-0003104,2024-04-24,11,Consumed,Generated BOM consumption from active BOM.
3105,358,100,13,32.000,32.640,32.000,0.000,0.640,No,Production Issue Store,BC-0003105,2024-04-28,11,Consumed,Generated BOM consumption from active BOM.
3106,358,100,16,32.000,32.640,32.000,0.000,0.640,No,Production Issue Store,BC-0003106,2024-04-28,12,Consumed,Generated BOM consumption from active BOM.
3107,359,101,17,32.000,32.640,32.000,0.000,0.640,No,Production Issue Store,BC-0003107,2024-04-28,12,Consumed,Generated BOM consumption from active BOM.
3108,359,101,19,32.000,32.640,32.000,0.000,0.640,No,Production Issue Store,BC-0003108,2024-04-28,13,Consumed,Generated BOM consumption from active BOM.
3109,360,102,19,19.000,19.380,19.000,0.000,0.380,No,Production Issue Store,BC-0003109,2024-04-29,13,Consumed,Generated BOM consumption from active BOM.
3110,360,102,20,19.000,19.380,19.000,0.000,0.380,No,Production Issue Store,BC-0003110,2024-04-29,1,Consumed,Generated BOM consumption from active BOM.
3111,361,100,20,9.000,9.180,9.000,0.000,0.180,No,Production Issue Store,BC-0003111,2024-04-26,1,Consumed,Generated BOM consumption from active BOM.
3112,361,100,23,18.000,18.360,18.000,0.000,0.360,No,Production Issue Store,BC-0003112,2024-04-26,3,Consumed,Generated BOM consumption from active BOM.
3113,362,101,24,104.000,106.080,104.000,0.000,2.080,No,Production Issue Store,BC-0003113,2024-04-24,3,Consumed,Generated BOM consumption from active BOM.
3114,362,101,21,52.000,53.040,52.000,0.000,1.040,No,Production Issue Store,BC-0003114,2024-04-24,4,Consumed,Generated BOM consumption from active BOM.
3115,363,102,21,44.000,44.880,44.000,0.000,0.880,No,Production Issue Store,BC-0003115,2024-04-24,4,Consumed,Generated BOM consumption from active BOM.
3116,363,102,78,88.000,89.760,88.000,0.000,1.760,No,Production Issue Store,BC-0003116,2024-04-24,5,Consumed,Generated BOM consumption from active BOM.
3117,364,100,78,25.000,25.500,25.000,0.000,0.500,No,Production Issue Store,BC-0003117,2024-04-26,5,Consumed,Generated BOM consumption from active BOM.
3118,364,100,79,25.000,25.500,25.000,0.000,0.500,No,Production Issue Store,BC-0003118,2024-04-26,6,Consumed,Generated BOM consumption from active BOM.
3119,365,101,79,112.000,114.240,112.000,0.000,2.240,No,Production Issue Store,BC-0003119,2024-04-30,6,Consumed,Generated BOM consumption from active BOM.
3120,365,101,26,112.000,114.240,112.000,0.000,2.240,No,Production Issue Store,BC-0003120,2024-04-30,7,Consumed,Generated BOM consumption from active BOM.
3121,366,102,26,30.000,30.600,30.000,0.000,0.600,No,Production Issue Store,BC-0003121,2024-04-30,7,Consumed,Generated BOM consumption from active BOM.
3122,366,102,27,30.000,30.600,30.000,0.000,0.600,No,Production Issue Store,BC-0003122,2024-04-30,8,Consumed,Generated BOM consumption from active BOM.
3123,367,100,27,47.000,47.940,47.000,0.000,0.940,No,Production Issue Store,BC-0003123,2024-05-02,8,Consumed,Generated BOM consumption from active BOM.
3124,367,100,29,84.600,86.292,84.600,0.000,1.692,kg,Production Issue Store,BC-0003124,2024-05-02,9,Consumed,Generated BOM consumption from active BOM.
3125,368,101,30,99.200,101.184,99.200,0.000,1.984,kg,Production Issue Store,BC-0003125,2024-04-27,9,Consumed,Generated BOM consumption from active BOM.
3126,368,101,33,124.000,126.480,124.000,0.000,2.480,m,Production Issue Store,BC-0003126,2024-04-27,10,Consumed,Generated BOM consumption from active BOM.
3127,369,102,34,200.000,204.000,200.000,0.000,4.000,m,Production Issue Store,BC-0003127,2024-05-03,10,Consumed,Generated BOM consumption from active BOM.
3128,369,102,35,40.000,40.800,40.000,0.000,0.800,No,Production Issue Store,BC-0003128,2024-05-03,11,Consumed,Generated BOM consumption from active BOM.
3129,370,100,35,7.000,7.140,7.000,0.000,0.140,No,Production Issue Store,BC-0003129,2024-04-27,11,Consumed,Generated BOM consumption from active BOM.
3130,370,100,38,21.000,21.420,21.000,0.000,0.420,No,Production Issue Store,BC-0003130,2024-04-27,12,Consumed,Generated BOM consumption from active BOM.
3131,371,101,38,120.000,122.400,120.000,0.000,2.400,No,Production Issue Store,BC-0003131,2024-04-28,12,Consumed,Generated BOM consumption from active BOM.
3132,371,101,56,1440.000,1468.800,1440.000,0.000,28.800,No,Production Issue Store,BC-0003132,2024-04-28,13,Consumed,Generated BOM consumption from active BOM.
3133,372,102,57,2112.000,2154.240,2112.000,0.000,42.240,No,Production Issue Store,BC-0003133,2024-04-28,13,Consumed,Generated BOM consumption from active BOM.
3134,372,102,58,2112.000,2154.240,2112.000,0.000,42.240,No,Production Issue Store,BC-0003134,2024-04-28,1,Consumed,Generated BOM consumption from active BOM.
3135,373,100,58,1416.000,1444.320,1416.000,0.000,28.320,No,Production Issue Store,BC-0003135,2024-05-01,1,Consumed,Generated BOM consumption from active BOM.
3136,373,100,59,1416.000,1444.320,1416.000,0.000,28.320,No,Production Issue Store,BC-0003136,2024-05-01,3,Consumed,Generated BOM consumption from active BOM.
3137,374,101,59,828.000,844.560,828.000,0.000,16.560,No,Production Issue Store,BC-0003137,2024-04-29,3,Consumed,Generated BOM consumption from active BOM.
3138,374,101,61,18.400,18.768,18.400,0.000,0.368,m,Production Issue Store,BC-0003138,2024-04-29,4,Consumed,Generated BOM consumption from active BOM.
3139,375,102,62,9.000,9.180,9.000,0.000,0.180,m,Production Issue Store,BC-0003139,2024-05-03,4,Consumed,Generated BOM consumption from active BOM.
3140,375,102,41,9.000,9.180,9.000,0.000,0.180,No,Production Issue Store,BC-0003140,2024-05-03,5,Consumed,Generated BOM consumption from active BOM.
3141,376,100,39,27.000,27.540,27.000,0.000,0.540,No,Production Issue Store,BC-0003141,2024-05-04,5,Consumed,Generated BOM consumption from active BOM.
3142,376,100,40,9.000,9.180,9.000,0.000,0.180,No,Production Issue Store,BC-0003142,2024-05-04,6,Consumed,Generated BOM consumption from active BOM.
3143,377,101,43,12.000,12.240,12.000,0.000,0.240,No,Production Issue Store,BC-0003143,2024-05-03,6,Consumed,Generated BOM consumption from active BOM.
3144,377,101,45,12.000,12.240,12.000,0.000,0.240,No,Production Issue Store,BC-0003144,2024-05-03,7,Consumed,Generated BOM consumption from active BOM.
3145,378,102,46,20.000,20.400,20.000,0.000,0.400,No,Production Issue Store,BC-0003145,2024-05-05,7,Consumed,Generated BOM consumption from active BOM.
3146,378,102,47,20.000,20.400,20.000,0.000,0.400,Set,Production Issue Store,BC-0003146,2024-05-05,8,Consumed,Generated BOM consumption from active BOM.
3147,379,100,47,50.000,51.000,50.000,0.000,1.000,Set,Production Issue Store,BC-0003147,2024-05-08,8,Consumed,Generated BOM consumption from active BOM.
3148,379,100,49,50.000,51.000,50.000,0.000,1.000,No,Production Issue Store,BC-0003148,2024-05-08,9,Consumed,Generated BOM consumption from active BOM.
3149,380,101,50,14.000,14.280,14.000,0.000,0.280,No,Production Issue Store,BC-0003149,2024-05-07,9,Consumed,Generated BOM consumption from active BOM.
3150,380,101,53,84.000,85.680,84.000,0.000,1.680,No,Production Issue Store,BC-0003150,2024-05-07,10,Consumed,Generated BOM consumption from active BOM.
3151,381,102,54,96.000,97.920,96.000,0.000,1.920,No,Production Issue Store,BC-0003151,2024-05-02,10,Consumed,Generated BOM consumption from active BOM.
3152,381,102,65,144.000,146.880,144.000,0.000,2.880,No,Production Issue Store,BC-0003152,2024-05-02,11,Consumed,Generated BOM consumption from active BOM.
3153,382,100,63,56.000,57.120,56.000,0.000,1.120,No,Production Issue Store,BC-0003153,2024-05-07,11,Consumed,Generated BOM consumption from active BOM.
3154,382,100,66,56.000,57.120,56.000,0.000,1.120,No,Production Issue Store,BC-0003154,2024-05-07,12,Consumed,Generated BOM consumption from active BOM.
3155,383,101,67,240.000,244.800,240.000,0.000,4.800,No,Production Issue Store,BC-0003155,2024-05-03,12,Consumed,Generated BOM consumption from active BOM.
3156,383,101,70,240.000,244.800,240.000,0.000,4.800,No,Production Issue Store,BC-0003156,2024-05-03,13,Consumed,Generated BOM consumption from active BOM.
3157,384,102,71,444.000,452.880,444.000,0.000,8.880,No,Production Issue Store,BC-0003157,2024-05-05,13,Consumed,Generated BOM consumption from active BOM.
3158,384,102,74,444.000,452.880,444.000,0.000,8.880,No,Production Issue Store,BC-0003158,2024-05-05,1,Consumed,Generated BOM consumption from active BOM.
3159,385,100,72,152.000,155.040,152.000,0.000,3.040,No,Production Issue Store,BC-0003159,2024-05-05,1,Consumed,Generated BOM consumption from active BOM.
3160,385,100,75,38.000,38.760,38.000,0.000,0.760,No,Production Issue Store,BC-0003160,2024-05-05,3,Consumed,Generated BOM consumption from active BOM.
3161,386,101,76,60.000,61.200,60.000,0.000,1.200,No,Production Issue Store,BC-0003161,2024-05-03,3,Consumed,Generated BOM consumption from active BOM.
3162,386,101,80,5400.000,5508.000,5400.000,0.000,108.000,ml,Production Issue Store,BC-0003162,2024-05-03,4,Consumed,Generated BOM consumption from active BOM.
3163,387,102,80,5100.000,5202.000,5100.000,0.000,102.000,ml,Production Issue Store,BC-0003163,2024-05-03,4,Consumed,Generated BOM consumption from active BOM.
3164,387,102,81,1360.000,1387.200,1360.000,0.000,27.200,g,Production Issue Store,BC-0003164,2024-05-03,5,Consumed,Generated BOM consumption from active BOM.
3165,388,100,81,1410.000,1438.200,1410.000,0.000,28.200,g,Production Issue Store,BC-0003165,2024-05-08,5,Consumed,Generated BOM consumption from active BOM.
3166,388,100,82,235.000,239.700,235.000,0.000,4.700,ml,Production Issue Store,BC-0003166,2024-05-08,6,Consumed,Generated BOM consumption from active BOM.
3167,389,101,82,32.000,32.640,32.000,0.000,0.640,ml,Production Issue Store,BC-0003167,2024-05-08,6,Consumed,Generated BOM consumption from active BOM.
3168,389,101,83,120.000,122.400,120.000,0.000,2.400,g,Production Issue Store,BC-0003168,2024-05-08,7,Consumed,Generated BOM consumption from active BOM.
3169,390,102,83,750.000,765.000,750.000,0.000,15.000,g,Production Issue Store,BC-0003169,2024-05-06,7,Consumed,Generated BOM consumption from active BOM.
3170,390,102,84,3750.000,3825.000,3750.000,0.000,75.000,ml,Production Issue Store,BC-0003170,2024-05-06,8,Consumed,Generated BOM consumption from active BOM.
3171,391,100,84,3600.000,3672.000,3600.000,0.000,72.000,ml,Production Issue Store,BC-0003171,2024-05-06,8,Consumed,Generated BOM consumption from active BOM.
3172,391,100,85,360.000,367.200,360.000,0.000,7.200,g,Production Issue Store,BC-0003172,2024-05-06,9,Consumed,Generated BOM consumption from active BOM.
3173,392,101,85,765.000,780.300,765.000,0.000,15.300,g,Production Issue Store,BC-0003173,2024-05-04,9,Consumed,Generated BOM consumption from active BOM.
3174,392,101,86,408.000,416.160,408.000,0.000,8.160,g,Production Issue Store,BC-0003174,2024-05-04,10,Consumed,Generated BOM consumption from active BOM.
3175,393,102,86,280.000,285.600,280.000,0.000,5.600,g,Production Issue Store,BC-0003175,2024-05-11,10,Consumed,Generated BOM consumption from active BOM.
3176,393,102,87,560.000,571.200,560.000,0.000,11.200,g,Production Issue Store,BC-0003176,2024-05-11,11,Consumed,Generated BOM consumption from active BOM.
3177,394,100,87,70.000,71.400,70.000,0.000,1.400,g,Production Issue Store,BC-0003177,2024-05-08,11,Consumed,Generated BOM consumption from active BOM.
3178,394,100,94,7.000,7.140,7.000,0.000,0.140,No,Production Issue Store,BC-0003178,2024-05-08,12,Consumed,Generated BOM consumption from active BOM.
3179,395,101,94,36.000,36.720,36.000,0.000,0.720,No,Production Issue Store,BC-0003179,2024-05-08,12,Consumed,Generated BOM consumption from active BOM.
3180,395,101,95,36.000,36.720,36.000,0.000,0.720,No,Production Issue Store,BC-0003180,2024-05-08,13,Consumed,Generated BOM consumption from active BOM.
3181,396,102,95,19.000,19.380,19.000,0.000,0.380,No,Production Issue Store,BC-0003181,2024-05-08,13,Consumed,Generated BOM consumption from active BOM.
3182,396,102,96,19.000,19.380,19.000,0.000,0.380,No,Production Issue Store,BC-0003182,2024-05-08,1,Consumed,Generated BOM consumption from active BOM.
3183,397,100,96,22.000,22.440,22.000,0.000,0.440,No,Production Issue Store,BC-0003183,2024-05-09,1,Consumed,Generated BOM consumption from active BOM.
3184,397,100,97,22.000,22.440,22.000,0.000,0.440,No,Production Issue Store,BC-0003184,2024-05-09,3,Consumed,Generated BOM consumption from active BOM.
3185,398,101,97,55.000,56.100,55.000,0.000,1.100,No,Production Issue Store,BC-0003185,2024-05-09,3,Consumed,Generated BOM consumption from active BOM.
3186,398,101,88,55.000,56.100,55.000,0.000,1.100,No,Production Issue Store,BC-0003186,2024-05-09,4,Consumed,Generated BOM consumption from active BOM.
3187,399,102,88,56.000,57.120,56.000,0.000,1.120,No,Production Issue Store,BC-0003187,2024-05-07,4,Consumed,Generated BOM consumption from active BOM.
3188,399,102,89,112.000,114.240,112.000,0.000,2.240,No,Production Issue Store,BC-0003188,2024-05-07,5,Consumed,Generated BOM consumption from active BOM.
3189,400,100,89,38.000,38.760,38.000,0.000,0.760,No,Production Issue Store,BC-0003189,2024-05-12,5,Consumed,Generated BOM consumption from active BOM.
3190,400,100,90,19.000,19.380,19.000,0.000,0.380,Sheet,Production Issue Store,BC-0003190,2024-05-12,6,Consumed,Generated BOM consumption from active BOM.
3191,401,101,90,36.000,36.720,36.000,0.000,0.720,Sheet,Production Issue Store,BC-0003191,2024-05-11,6,Consumed,Generated BOM consumption from active BOM.
3192,401,101,91,36.000,36.720,36.000,0.000,0.720,No,Production Issue Store,BC-0003192,2024-05-11,7,Consumed,Generated BOM consumption from active BOM.
3193,402,102,91,33.000,33.660,33.000,0.000,0.660,No,Production Issue Store,BC-0003193,2024-05-10,7,Consumed,Generated BOM consumption from active BOM.
3194,402,102,92,49.500,50.490,49.500,0.000,0.990,m,Production Issue Store,BC-0003194,2024-05-10,8,Consumed,Generated BOM consumption from active BOM.
3195,403,100,92,57.000,58.140,57.000,0.000,1.140,m,Production Issue Store,BC-0003195,2024-05-09,8,Consumed,Generated BOM consumption from active BOM.
3196,403,100,93,57.000,58.140,57.000,0.000,1.140,No,Production Issue Store,BC-0003196,2024-05-09,9,Consumed,Generated BOM consumption from active BOM.
3197,404,101,93,56.000,57.120,56.000,0.000,1.120,No,Production Issue Store,BC-0003197,2024-05-09,9,Consumed,Generated BOM consumption from active BOM.
3198,404,101,98,56.000,57.120,56.000,0.000,1.120,No,Production Issue Store,BC-0003198,2024-05-09,10,Consumed,Generated BOM consumption from active BOM.
3199,405,102,98,25.000,25.500,25.000,0.000,0.500,No,Production Issue Store,BC-0003199,2024-05-15,10,Consumed,Generated BOM consumption from active BOM.
3200,405,102,99,25.000,25.500,25.000,0.000,0.500,No,Production Issue Store,BC-0003200,2024-05-15,11,Consumed,Generated BOM consumption from active BOM.
3201,406,100,99,5.000,5.100,5.000,0.000,0.100,No,Production Issue Store,BC-0003201,2024-05-10,11,Consumed,Generated BOM consumption from active BOM.
3202,406,100,1,5.000,5.100,5.000,0.000,0.100,No,Production Issue Store,BC-0003202,2024-05-10,12,Consumed,Generated BOM consumption from active BOM.
3203,407,101,2,6.000,6.120,6.000,0.000,0.120,No,Production Issue Store,BC-0003203,2024-05-16,12,Consumed,Generated BOM consumption from active BOM.
3204,407,101,5,6.000,6.120,6.000,0.000,0.120,No,Production Issue Store,BC-0003204,2024-05-16,13,Consumed,Generated BOM consumption from active BOM.
3205,408,102,6,4.000,4.080,4.000,0.000,0.080,No,Production Issue Store,BC-0003205,2024-05-14,13,Consumed,Generated BOM consumption from active BOM.
3206,408,102,9,48.000,48.960,48.000,0.000,0.960,No,Production Issue Store,BC-0003206,2024-05-14,1,Consumed,Generated BOM consumption from active BOM.
3207,409,100,7,384.000,391.680,384.000,0.000,7.680,No,Production Issue Store,BC-0003207,2024-05-16,1,Consumed,Generated BOM consumption from active BOM.
3208,409,100,10,48.000,48.960,48.000,0.000,0.960,No,Production Issue Store,BC-0003208,2024-05-16,3,Consumed,Generated BOM consumption from active BOM.
3209,410,101,11,45.000,45.900,45.000,0.000,0.900,No,Production Issue Store,BC-0003209,2024-05-16,3,Consumed,Generated BOM consumption from active BOM.
3210,410,101,14,45.000,45.900,45.000,0.000,0.900,No,Production Issue Store,BC-0003210,2024-05-16,4,Consumed,Generated BOM consumption from active BOM.
3211,411,102,15,51.000,52.020,51.000,0.000,1.020,No,Production Issue Store,BC-0003211,2024-05-17,4,Consumed,Generated BOM consumption from active BOM.
3212,411,102,18,51.000,52.020,51.000,0.000,1.020,No,Production Issue Store,BC-0003212,2024-05-17,5,Consumed,Generated BOM consumption from active BOM.
3213,412,100,16,11.000,11.220,11.000,0.000,0.220,No,Production Issue Store,BC-0003213,2024-05-13,5,Consumed,Generated BOM consumption from active BOM.
3214,412,100,19,11.000,11.220,11.000,0.000,0.220,No,Production Issue Store,BC-0003214,2024-05-13,6,Consumed,Generated BOM consumption from active BOM.
3215,413,101,19,9.000,9.180,9.000,0.000,0.180,No,Production Issue Store,BC-0003215,2024-05-13,6,Consumed,Generated BOM consumption from active BOM.
3216,413,101,20,9.000,9.180,9.000,0.000,0.180,No,Production Issue Store,BC-0003216,2024-05-13,7,Consumed,Generated BOM consumption from active BOM.
3217,414,102,20,12.000,12.240,12.000,0.000,0.240,No,Production Issue Store,BC-0003217,2024-05-18,7,Consumed,Generated BOM consumption from active BOM.
3218,414,102,25,24.000,24.480,24.000,0.000,0.480,No,Production Issue Store,BC-0003218,2024-05-18,8,Consumed,Generated BOM consumption from active BOM.
3219,415,100,23,82.000,83.640,82.000,0.000,1.640,No,Production Issue Store,BC-0003219,2024-05-13,8,Consumed,Generated BOM consumption from active BOM.
3220,415,100,21,41.000,41.820,41.000,0.000,0.820,No,Production Issue Store,BC-0003220,2024-05-13,9,Consumed,Generated BOM consumption from active BOM.
3221,416,101,21,3.000,3.060,3.000,0.000,0.060,No,Production Issue Store,BC-0003221,2024-05-18,9,Consumed,Generated BOM consumption from active BOM.
3222,416,101,78,6.000,6.120,6.000,0.000,0.120,No,Production Issue Store,BC-0003222,2024-05-18,10,Consumed,Generated BOM consumption from active BOM.
3223,417,102,78,84.000,85.680,84.000,0.000,1.680,No,Production Issue Store,BC-0003223,2024-05-13,10,Consumed,Generated BOM consumption from active BOM.
3224,417,102,79,84.000,85.680,84.000,0.000,1.680,No,Production Issue Store,BC-0003224,2024-05-13,11,Consumed,Generated BOM consumption from active BOM.
3225,418,100,79,55.000,56.100,55.000,0.000,1.100,No,Production Issue Store,BC-0003225,2024-05-17,11,Consumed,Generated BOM consumption from active BOM.
3226,418,100,26,55.000,56.100,55.000,0.000,1.100,No,Production Issue Store,BC-0003226,2024-05-17,12,Consumed,Generated BOM consumption from active BOM.
3227,419,101,26,22.000,22.440,22.000,0.000,0.440,No,Production Issue Store,BC-0003227,2024-05-15,12,Consumed,Generated BOM consumption from active BOM.
3228,419,101,27,11.000,11.220,11.000,0.000,0.220,No,Production Issue Store,BC-0003228,2024-05-15,13,Consumed,Generated BOM consumption from active BOM.
3229,420,102,27,90.000,91.800,90.000,0.000,1.800,No,Production Issue Store,BC-0003229,2024-05-20,13,Consumed,Generated BOM consumption from active BOM.
3230,420,102,31,292.500,298.350,292.500,0.000,5.850,kg,Production Issue Store,BC-0003230,2024-05-20,1,Consumed,Generated BOM consumption from active BOM.
3231,421,100,29,63.000,64.260,63.000,0.000,1.260,kg,Production Issue Store,BC-0003231,2024-05-15,1,Consumed,Generated BOM consumption from active BOM.
3232,421,100,32,105.000,107.100,105.000,0.000,2.100,m,Production Issue Store,BC-0003232,2024-05-15,3,Consumed,Generated BOM consumption from active BOM.
3233,422,101,33,224.000,228.480,224.000,0.000,4.480,m,Production Issue Store,BC-0003233,2024-05-19,3,Consumed,Generated BOM consumption from active BOM.
3234,422,101,35,56.000,57.120,56.000,0.000,1.120,No,Production Issue Store,BC-0003234,2024-05-19,4,Consumed,Generated BOM consumption from active BOM.
3235,423,102,35,17.000,17.340,17.000,0.000,0.340,No,Production Issue Store,BC-0003235,2024-05-18,4,Consumed,Generated BOM consumption from active BOM.
3236,423,102,38,51.000,52.020,51.000,0.000,1.020,No,Production Issue Store,BC-0003236,2024-05-18,5,Consumed,Generated BOM consumption from active BOM.
3237,424,100,38,48.000,48.960,48.000,0.000,0.960,No,Production Issue Store,BC-0003237,2024-05-22,5,Consumed,Generated BOM consumption from active BOM.
3238,424,100,55,384.000,391.680,384.000,0.000,7.680,No,Production Issue Store,BC-0003238,2024-05-22,6,Consumed,Generated BOM consumption from active BOM.
3239,425,101,56,144.000,146.880,144.000,0.000,2.880,No,Production Issue Store,BC-0003239,2024-05-15,6,Consumed,Generated BOM consumption from active BOM.
3240,425,101,58,144.000,146.880,144.000,0.000,2.880,No,Production Issue Store,BC-0003240,2024-05-15,7,Consumed,Generated BOM consumption from active BOM.
3241,426,102,58,2064.000,2105.280,2064.000,0.000,41.280,No,Production Issue Store,BC-0003241,2024-05-16,7,Consumed,Generated BOM consumption from active BOM.
3242,426,102,59,2064.000,2105.280,2064.000,0.000,41.280,No,Production Issue Store,BC-0003242,2024-05-16,8,Consumed,Generated BOM consumption from active BOM.
3243,427,100,59,1224.000,1248.480,1224.000,0.000,24.480,No,Production Issue Store,BC-0003243,2024-05-20,8,Consumed,Generated BOM consumption from active BOM.
3244,427,100,60,25.500,26.010,25.500,0.000,0.510,m,Production Issue Store,BC-0003244,2024-05-20,9,Consumed,Generated BOM consumption from active BOM.
3245,428,101,61,4.800,4.896,4.800,0.000,0.096,m,Production Issue Store,BC-0003245,2024-05-15,9,Consumed,Generated BOM consumption from active BOM.
3246,428,101,41,6.000,6.120,6.000,0.000,0.120,No,Production Issue Store,BC-0003246,2024-05-15,10,Consumed,Generated BOM consumption from active BOM.
3247,429,102,41,32.000,32.640,32.000,0.000,0.640,No,Production Issue Store,BC-0003247,2024-05-20,10,Consumed,Generated BOM consumption from active BOM.
3248,429,102,43,64.000,65.280,64.000,0.000,1.280,No,Production Issue Store,BC-0003248,2024-05-20,11,Consumed,Generated BOM consumption from active BOM.
3249,430,100,40,44.000,44.880,44.000,0.000,0.880,No,Production Issue Store,BC-0003249,2024-05-23,11,Consumed,Generated BOM consumption from active BOM.
3250,430,100,45,44.000,44.880,44.000,0.000,0.880,No,Production Issue Store,BC-0003250,2024-05-23,12,Consumed,Generated BOM consumption from active BOM.
3251,431,101,45,47.000,47.940,47.000,0.000,0.940,No,Production Issue Store,BC-0003251,2024-05-20,12,Consumed,Generated BOM consumption from active BOM.
3252,431,101,47,47.000,47.940,47.000,0.000,0.940,Set,Production Issue Store,BC-0003252,2024-05-20,13,Consumed,Generated BOM consumption from active BOM.
3253,432,102,47,57.000,58.140,57.000,0.000,1.140,Set,Production Issue Store,BC-0003253,2024-05-20,13,Consumed,Generated BOM consumption from active BOM.
3254,432,102,51,57.000,58.140,57.000,0.000,1.140,No,Production Issue Store,BC-0003254,2024-05-20,1,Consumed,Generated BOM consumption from active BOM.
3255,433,100,49,43.000,43.860,43.000,0.000,0.860,No,Production Issue Store,BC-0003255,2024-05-17,1,Consumed,Generated BOM consumption from active BOM.
3256,433,100,52,215.000,219.300,215.000,0.000,4.300,No,Production Issue Store,BC-0003256,2024-05-17,3,Consumed,Generated BOM consumption from active BOM.
3257,434,101,53,330.000,336.600,330.000,0.000,6.600,No,Production Issue Store,BC-0003257,2024-05-21,3,Consumed,Generated BOM consumption from active BOM.
3258,434,101,65,550.000,561.000,550.000,0.000,11.000,No,Production Issue Store,BC-0003258,2024-05-21,4,Consumed,Generated BOM consumption from active BOM.
3259,435,102,65,732.000,746.640,732.000,0.000,14.640,No,Production Issue Store,BC-0003259,2024-05-21,4,Consumed,Generated BOM consumption from active BOM.
3260,435,102,68,732.000,746.640,732.000,0.000,14.640,No,Production Issue Store,BC-0003260,2024-05-21,5,Consumed,Generated BOM consumption from active BOM.
3261,436,100,66,440.000,448.800,440.000,0.000,8.800,No,Production Issue Store,BC-0003261,2024-05-21,5,Consumed,Generated BOM consumption from active BOM.
3262,436,100,69,440.000,448.800,440.000,0.000,8.800,No,Production Issue Store,BC-0003262,2024-05-21,6,Consumed,Generated BOM consumption from active BOM.
3263,437,101,70,300.000,306.000,300.000,0.000,6.000,No,Production Issue Store,BC-0003263,2024-05-21,6,Consumed,Generated BOM consumption from active BOM.
3264,437,101,73,300.000,306.000,300.000,0.000,6.000,No,Production Issue Store,BC-0003264,2024-05-21,7,Consumed,Generated BOM consumption from active BOM.
3265,438,102,74,336.000,342.720,336.000,0.000,6.720,No,Production Issue Store,BC-0003265,2024-05-22,7,Consumed,Generated BOM consumption from active BOM.
3266,438,102,77,56.000,57.120,56.000,0.000,1.120,No,Production Issue Store,BC-0003266,2024-05-22,8,Consumed,Generated BOM consumption from active BOM.
3267,439,100,75,58.000,59.160,58.000,0.000,1.160,No,Production Issue Store,BC-0003267,2024-05-25,8,Consumed,Generated BOM consumption from active BOM.
3268,439,100,80,2900.000,2958.000,2900.000,0.000,58.000,ml,Production Issue Store,BC-0003268,2024-05-25,9,Consumed,Generated BOM consumption from active BOM.
3269,440,101,80,10260.000,10465.200,10260.000,0.000,205.200,ml,Production Issue Store,BC-0003269,2024-05-21,9,Consumed,Generated BOM consumption from active BOM.
3270,440,101,81,2565.000,2616.300,2565.000,0.000,51.300,g,Production Issue Store,BC-0003270,2024-05-21,10,Consumed,Generated BOM consumption from active BOM.
3271,441,102,81,1600.000,1632.000,1600.000,0.000,32.000,g,Production Issue Store,BC-0003271,2024-05-22,10,Consumed,Generated BOM consumption from active BOM.
3272,441,102,82,200.000,204.000,200.000,0.000,4.000,ml,Production Issue Store,BC-0003272,2024-05-22,11,Consumed,Generated BOM consumption from active BOM.
3273,442,100,82,230.000,234.600,230.000,0.000,4.600,ml,Production Issue Store,BC-0003273,2024-05-22,11,Consumed,Generated BOM consumption from active BOM.
3274,442,100,83,920.000,938.400,920.000,0.000,18.400,g,Production Issue Store,BC-0003274,2024-05-22,12,Consumed,Generated BOM consumption from active BOM.
3275,443,101,83,1200.000,1224.000,1200.000,0.000,24.000,g,Production Issue Store,BC-0003275,2024-05-23,12,Consumed,Generated BOM consumption from active BOM.
3276,443,101,84,6000.000,6120.000,6000.000,0.000,120.000,ml,Production Issue Store,BC-0003276,2024-05-23,13,Consumed,Generated BOM consumption from active BOM.
3277,444,102,84,1500.000,1530.000,1500.000,0.000,30.000,ml,Production Issue Store,BC-0003277,2024-05-22,13,Consumed,Generated BOM consumption from active BOM.
3278,444,102,85,120.000,122.400,120.000,0.000,2.400,g,Production Issue Store,BC-0003278,2024-05-22,1,Consumed,Generated BOM consumption from active BOM.
3279,445,100,85,310.000,316.200,310.000,0.000,6.200,g,Production Issue Store,BC-0003279,2024-05-24,1,Consumed,Generated BOM consumption from active BOM.
3280,445,100,86,155.000,158.100,155.000,0.000,3.100,g,Production Issue Store,BC-0003280,2024-05-24,3,Consumed,Generated BOM consumption from active BOM.
3281,446,101,86,104.000,106.080,104.000,0.000,2.080,g,Production Issue Store,BC-0003281,2024-05-24,3,Consumed,Generated BOM consumption from active BOM.
3282,446,101,87,195.000,198.900,195.000,0.000,3.900,g,Production Issue Store,BC-0003282,2024-05-24,4,Consumed,Generated BOM consumption from active BOM.
3283,447,102,87,880.000,897.600,880.000,0.000,17.600,g,Production Issue Store,BC-0003283,2024-05-27,4,Consumed,Generated BOM consumption from active BOM.
3284,447,102,94,44.000,44.880,44.000,0.000,0.880,No,Production Issue Store,BC-0003284,2024-05-27,5,Consumed,Generated BOM consumption from active BOM.
3285,448,100,94,28.000,28.560,28.000,0.000,0.560,No,Production Issue Store,BC-0003285,2024-05-23,5,Consumed,Generated BOM consumption from active BOM.
3286,448,100,95,28.000,28.560,28.000,0.000,0.560,No,Production Issue Store,BC-0003286,2024-05-23,6,Consumed,Generated BOM consumption from active BOM.
3287,449,101,95,25.000,25.500,25.000,0.000,0.500,No,Production Issue Store,BC-0003287,2024-05-26,6,Consumed,Generated BOM consumption from active BOM.
3288,449,101,96,25.000,25.500,25.000,0.000,0.500,No,Production Issue Store,BC-0003288,2024-05-26,7,Consumed,Generated BOM consumption from active BOM.
3289,450,102,96,7.000,7.140,7.000,0.000,0.140,No,Production Issue Store,BC-0003289,2024-05-20,7,Consumed,Generated BOM consumption from active BOM.
3290,450,102,97,7.000,7.140,7.000,0.000,0.140,No,Production Issue Store,BC-0003290,2024-05-20,8,Consumed,Generated BOM consumption from active BOM.
3291,451,100,97,11.000,11.220,11.000,0.000,0.220,No,Production Issue Store,BC-0003291,2024-05-27,8,Consumed,Generated BOM consumption from active BOM.
3292,451,100,88,11.000,11.220,11.000,0.000,0.220,No,Production Issue Store,BC-0003292,2024-05-27,9,Consumed,Generated BOM consumption from active BOM.
3293,452,101,88,48.000,48.960,48.000,0.000,0.960,No,Production Issue Store,BC-0003293,2024-05-29,9,Consumed,Generated BOM consumption from active BOM.
3294,452,101,89,96.000,97.920,96.000,0.000,1.920,No,Production Issue Store,BC-0003294,2024-05-29,10,Consumed,Generated BOM consumption from active BOM.
3295,453,102,89,102.000,104.040,102.000,0.000,2.040,No,Production Issue Store,BC-0003295,2024-05-29,10,Consumed,Generated BOM consumption from active BOM.
3296,453,102,90,102.000,104.040,102.000,0.000,2.040,sheets,Production Issue Store,BC-0003296,2024-05-29,11,Consumed,Generated BOM consumption from active BOM.
3297,454,100,90,19.000,19.380,19.000,0.000,0.380,Sheet,Production Issue Store,BC-0003297,2024-05-25,11,Consumed,Generated BOM consumption from active BOM.
3298,454,100,91,19.000,19.380,19.000,0.000,0.380,No,Production Issue Store,BC-0003298,2024-05-25,12,Consumed,Generated BOM consumption from active BOM.
3299,455,101,91,52.000,53.040,52.000,0.000,1.040,No,Production Issue Store,BC-0003299,2024-05-27,12,Consumed,Generated BOM consumption from active BOM.
3300,455,101,92,62.400,63.648,62.400,0.000,1.248,m,Production Issue Store,BC-0003300,2024-05-27,13,Consumed,Generated BOM consumption from active BOM.
3301,456,102,92,49.500,50.490,49.500,0.000,0.990,m,Production Issue Store,BC-0003301,2024-05-23,13,Consumed,Generated BOM consumption from active BOM.
3302,456,102,93,66.000,67.320,66.000,0.000,1.320,No,Production Issue Store,BC-0003302,2024-05-23,1,Consumed,Generated BOM consumption from active BOM.
3303,457,100,93,23.000,23.460,23.000,0.000,0.460,No,Production Issue Store,BC-0003303,2024-05-28,1,Consumed,Generated BOM consumption from active BOM.
3304,457,100,98,23.000,23.460,23.000,0.000,0.460,No,Production Issue Store,BC-0003304,2024-05-28,3,Consumed,Generated BOM consumption from active BOM.
3305,458,101,98,29.000,29.580,29.000,0.000,0.580,No,Production Issue Store,BC-0003305,2024-05-23,3,Consumed,Generated BOM consumption from active BOM.
3306,458,101,99,29.000,29.580,29.000,0.000,0.580,No,Production Issue Store,BC-0003306,2024-05-23,4,Consumed,Generated BOM consumption from active BOM.
3307,459,102,99,44.000,44.880,44.000,0.000,0.880,No,Production Issue Store,BC-0003307,2024-05-27,4,Consumed,Generated BOM consumption from active BOM.
3308,459,102,2,44.000,44.880,44.000,0.000,0.880,No,Production Issue Store,BC-0003308,2024-05-27,5,Consumed,Generated BOM consumption from active BOM.
3309,460,100,1,55.000,56.100,55.000,0.000,1.100,No,Production Issue Store,BC-0003309,2024-05-26,5,Consumed,Generated BOM consumption from active BOM.
3310,460,100,4,55.000,56.100,55.000,0.000,1.100,No,Production Issue Store,BC-0003310,2024-05-26,6,Consumed,Generated BOM consumption from active BOM.
3311,461,101,5,30.000,30.600,30.000,0.000,0.600,No,Production Issue Store,BC-0003311,2024-05-31,6,Consumed,Generated BOM consumption from active BOM.
3312,461,101,8,300.000,306.000,300.000,0.000,6.000,No,Production Issue Store,BC-0003312,2024-05-31,7,Consumed,Generated BOM consumption from active BOM.
3313,462,102,9,264.000,269.280,264.000,0.000,5.280,No,Production Issue Store,BC-0003313,2024-05-28,7,Consumed,Generated BOM consumption from active BOM.
3314,462,102,12,22.000,22.440,22.000,0.000,0.440,No,Production Issue Store,BC-0003314,2024-05-28,8,Consumed,Generated BOM consumption from active BOM.
3315,463,100,10,48.000,48.960,48.000,0.000,0.960,No,Production Issue Store,BC-0003315,2024-05-29,8,Consumed,Generated BOM consumption from active BOM.
3316,463,100,13,48.000,48.960,48.000,0.000,0.960,No,Production Issue Store,BC-0003316,2024-05-29,9,Consumed,Generated BOM consumption from active BOM.
3317,464,101,14,34.000,34.680,34.000,0.000,0.680,No,Production Issue Store,BC-0003317,2024-05-24,9,Consumed,Generated BOM consumption from active BOM.
3318,464,101,17,34.000,34.680,34.000,0.000,0.680,No,Production Issue Store,BC-0003318,2024-05-24,10,Consumed,Generated BOM consumption from active BOM.
3319,465,102,18,26.000,26.520,26.000,0.000,0.520,No,Production Issue Store,BC-0003319,2024-06-01,10,Consumed,Generated BOM consumption from active BOM.
3320,465,102,19,26.000,26.520,26.000,0.000,0.520,No,Production Issue Store,BC-0003320,2024-06-01,11,Consumed,Generated BOM consumption from active BOM.
3321,466,100,19,29.000,29.580,29.000,0.000,0.580,No,Production Issue Store,BC-0003321,2024-05-27,11,Consumed,Generated BOM consumption from active BOM.
3322,466,100,20,29.000,29.580,29.000,0.000,0.580,No,Production Issue Store,BC-0003322,2024-05-27,12,Consumed,Generated BOM consumption from active BOM.
3323,467,101,20,33.000,33.660,33.000,0.000,0.660,No,Production Issue Store,BC-0003323,2024-05-27,12,Consumed,Generated BOM consumption from active BOM.
3324,467,101,24,66.000,67.320,66.000,0.000,1.320,No,Production Issue Store,BC-0003324,2024-05-27,13,Consumed,Generated BOM consumption from active BOM.
3325,468,102,25,24.000,24.480,24.000,0.000,0.480,No,Production Issue Store,BC-0003325,2024-05-28,13,Consumed,Generated BOM consumption from active BOM.
3326,468,102,21,12.000,12.240,12.000,0.000,0.240,No,Production Issue Store,BC-0003326,2024-05-28,1,Consumed,Generated BOM consumption from active BOM.
3327,469,100,21,9.000,9.180,9.000,0.000,0.180,No,Production Issue Store,BC-0003327,2024-06-02,1,Consumed,Generated BOM consumption from active BOM.
3328,469,100,78,9.000,9.180,9.000,0.000,0.180,No,Production Issue Store,BC-0003328,2024-06-02,3,Consumed,Generated BOM consumption from active BOM.
3329,470,101,78,82.000,83.640,82.000,0.000,1.640,No,Production Issue Store,BC-0003329,2024-06-01,3,Consumed,Generated BOM consumption from active BOM.
3330,470,101,79,82.000,83.640,82.000,0.000,1.640,No,Production Issue Store,BC-0003330,2024-06-01,4,Consumed,Generated BOM consumption from active BOM.
3331,471,102,79,26.000,26.520,26.000,0.000,0.520,No,Production Issue Store,BC-0003331,2024-05-30,4,Consumed,Generated BOM consumption from active BOM.
3332,471,102,26,26.000,26.520,26.000,0.000,0.520,No,Production Issue Store,BC-0003332,2024-05-30,5,Consumed,Generated BOM consumption from active BOM.
3333,472,100,26,33.000,33.660,33.000,0.000,0.660,No,Production Issue Store,BC-0003333,2024-05-29,5,Consumed,Generated BOM consumption from active BOM.
3334,472,100,27,33.000,33.660,33.000,0.000,0.660,No,Production Issue Store,BC-0003334,2024-05-29,6,Consumed,Generated BOM consumption from active BOM.
3335,473,101,27,49.000,49.980,49.000,0.000,0.980,No,Production Issue Store,BC-0003335,2024-05-29,6,Consumed,Generated BOM consumption from active BOM.
3336,473,101,30,156.800,159.936,156.800,0.000,3.136,kg,Production Issue Store,BC-0003336,2024-05-29,7,Consumed,Generated BOM consumption from active BOM.
3337,474,102,31,97.500,99.450,97.500,0.000,1.950,kg,Production Issue Store,BC-0003337,2024-06-01,7,Consumed,Generated BOM consumption from active BOM.
3338,474,102,34,75.000,76.500,75.000,0.000,1.500,m,Production Issue Store,BC-0003338,2024-06-01,8,Consumed,Generated BOM consumption from active BOM.
3339,475,100,32,72.000,73.440,72.000,0.000,1.440,m,Production Issue Store,BC-0003339,2024-05-29,8,Consumed,Generated BOM consumption from active BOM.
3340,475,100,35,24.000,24.480,24.000,0.000,0.480,No,Production Issue Store,BC-0003340,2024-05-29,9,Consumed,Generated BOM consumption from active BOM.
3341,476,101,35,57.000,58.140,57.000,0.000,1.140,No,Production Issue Store,BC-0003341,2024-06-05,9,Consumed,Generated BOM consumption from active BOM.
3342,476,101,38,171.000,174.420,171.000,0.000,3.420,No,Production Issue Store,BC-0003342,2024-06-05,10,Consumed,Generated BOM consumption from active BOM.
3343,477,102,38,15.000,15.300,15.000,0.000,0.300,No,Production Issue Store,BC-0003343,2024-06-03,10,Consumed,Generated BOM consumption from active BOM.
3344,477,102,57,240.000,244.800,240.000,0.000,4.800,No,Production Issue Store,BC-0003344,2024-06-03,11,Consumed,Generated BOM consumption from active BOM.
3345,478,100,55,1104.000,1126.080,1104.000,0.000,22.080,No,Production Issue Store,BC-0003345,2024-06-03,11,Consumed,Generated BOM consumption from active BOM.
3346,478,100,58,1104.000,1126.080,1104.000,0.000,22.080,No,Production Issue Store,BC-0003346,2024-06-03,12,Consumed,Generated BOM consumption from active BOM.
3347,479,101,58,504.000,514.080,504.000,0.000,10.080,No,Production Issue Store,BC-0003347,2024-06-03,12,Consumed,Generated BOM consumption from active BOM.
3348,479,101,59,504.000,514.080,504.000,0.000,10.080,No,Production Issue Store,BC-0003348,2024-06-03,13,Consumed,Generated BOM consumption from active BOM.
3349,480,102,59,2592.000,2643.840,2592.000,0.000,51.840,No,Production Issue Store,BC-0003349,2024-05-31,13,Consumed,Generated BOM consumption from active BOM.
3350,480,102,62,54.000,55.080,54.000,0.000,1.080,m,Production Issue Store,BC-0003350,2024-05-31,1,Consumed,Generated BOM consumption from active BOM.
3351,481,100,60,13.500,13.770,13.500,0.000,0.270,m,Production Issue Store,BC-0003351,2024-06-05,1,Consumed,Generated BOM consumption from active BOM.
3352,481,100,39,81.000,82.620,81.000,0.000,1.620,No,Production Issue Store,BC-0003352,2024-06-05,3,Consumed,Generated BOM consumption from active BOM.
3353,482,101,41,5.000,5.100,5.000,0.000,0.100,No,Production Issue Store,BC-0003353,2024-06-03,3,Consumed,Generated BOM consumption from active BOM.
3354,482,101,43,5.000,5.100,5.000,0.000,0.100,No,Production Issue Store,BC-0003354,2024-06-03,4,Consumed,Generated BOM consumption from active BOM.
3355,483,102,43,88.000,89.760,88.000,0.000,1.760,No,Production Issue Store,BC-0003355,2024-06-05,4,Consumed,Generated BOM consumption from active BOM.
3356,483,102,46,44.000,44.880,44.000,0.000,0.880,No,Production Issue Store,BC-0003356,2024-06-05,5,Consumed,Generated BOM consumption from active BOM.
3357,484,100,45,12.000,12.240,12.000,0.000,0.240,No,Production Issue Store,BC-0003357,2024-06-01,5,Consumed,Generated BOM consumption from active BOM.
3358,484,100,47,12.000,12.240,12.000,0.000,0.240,Set,Production Issue Store,BC-0003358,2024-06-01,6,Consumed,Generated BOM consumption from active BOM.
3359,485,101,47,26.000,26.520,26.000,0.000,0.520,Set,Production Issue Store,BC-0003359,2024-06-06,6,Consumed,Generated BOM consumption from active BOM.
3360,485,101,50,26.000,26.520,26.000,0.000,0.520,No,Production Issue Store,BC-0003360,2024-06-06,7,Consumed,Generated BOM consumption from active BOM.
3361,486,102,51,33.000,33.660,33.000,0.000,0.660,No,Production Issue Store,BC-0003361,2024-06-03,7,Consumed,Generated BOM consumption from active BOM.
3362,486,102,54,264.000,269.280,264.000,0.000,5.280,No,Production Issue Store,BC-0003362,2024-06-03,8,Consumed,Generated BOM consumption from active BOM.
3363,487,100,52,225.000,229.500,225.000,0.000,4.500,No,Production Issue Store,BC-0003363,2024-06-06,8,Consumed,Generated BOM consumption from active BOM.
3364,487,100,63,360.000,367.200,360.000,0.000,7.200,No,Production Issue Store,BC-0003364,2024-06-06,9,Consumed,Generated BOM consumption from active BOM.
3365,488,101,65,280.000,285.600,280.000,0.000,5.600,No,Production Issue Store,BC-0003365,2024-06-02,9,Consumed,Generated BOM consumption from active BOM.
3366,488,101,67,280.000,285.600,280.000,0.000,5.600,No,Production Issue Store,BC-0003366,2024-06-02,10,Consumed,Generated BOM consumption from active BOM.
3367,489,102,68,624.000,636.480,624.000,0.000,12.480,No,Production Issue Store,BC-0003367,2024-06-06,10,Consumed,Generated BOM consumption from active BOM.
3368,489,102,71,624.000,636.480,624.000,0.000,12.480,No,Production Issue Store,BC-0003368,2024-06-06,11,Consumed,Generated BOM consumption from active BOM.
3369,490,100,69,232.000,236.640,232.000,0.000,4.640,No,Production Issue Store,BC-0003369,2024-06-10,11,Consumed,Generated BOM consumption from active BOM.
3370,490,100,72,232.000,236.640,232.000,0.000,4.640,No,Production Issue Store,BC-0003370,2024-06-10,12,Consumed,Generated BOM consumption from active BOM.
3371,491,101,73,220.000,224.400,220.000,0.000,4.400,No,Production Issue Store,BC-0003371,2024-06-03,12,Consumed,Generated BOM consumption from active BOM.
3372,491,101,76,44.000,44.880,44.000,0.000,0.880,No,Production Issue Store,BC-0003372,2024-06-03,13,Consumed,Generated BOM consumption from active BOM.
3373,492,102,77,48.000,48.960,48.000,0.000,0.960,No,Production Issue Store,BC-0003373,2024-06-06,13,Consumed,Generated BOM consumption from active BOM.
3374,492,102,80,7200.000,7344.000,7200.000,0.000,144.000,ml,Production Issue Store,BC-0003374,2024-06-06,1,Consumed,Generated BOM consumption from active BOM.
3375,493,100,80,4900.000,4998.000,4900.000,0.000,98.000,ml,Production Issue Store,BC-0003375,2024-06-09,1,Consumed,Generated BOM consumption from active BOM.
3376,493,100,81,1470.000,1499.400,1470.000,0.000,29.400,g,Production Issue Store,BC-0003376,2024-06-09,3,Consumed,Generated BOM consumption from active BOM.
3377,494,101,81,1845.000,1881.900,1845.000,0.000,36.900,g,Production Issue Store,BC-0003377,2024-06-07,3,Consumed,Generated BOM consumption from active BOM.
3378,494,101,82,328.000,334.560,328.000,0.000,6.560,ml,Production Issue Store,BC-0003378,2024-06-07,4,Consumed,Generated BOM consumption from active BOM.
3379,495,102,82,110.000,112.200,110.000,0.000,2.200,ml,Production Issue Store,BC-0003379,2024-06-07,4,Consumed,Generated BOM consumption from active BOM.
3380,495,102,83,550.000,561.000,550.000,0.000,11.000,g,Production Issue Store,BC-0003380,2024-06-07,5,Consumed,Generated BOM consumption from active BOM.
3381,496,100,83,940.000,958.800,940.000,0.000,18.800,g,Production Issue Store,BC-0003381,2024-06-05,5,Consumed,Generated BOM consumption from active BOM.
3382,496,100,84,4700.000,4794.000,4700.000,0.000,94.000,ml,Production Issue Store,BC-0003382,2024-06-05,6,Consumed,Generated BOM consumption from active BOM.
3383,497,101,84,4200.000,4284.000,4200.000,0.000,84.000,ml,Production Issue Store,BC-0003383,2024-06-07,6,Consumed,Generated BOM consumption from active BOM.
3384,497,101,85,420.000,428.400,420.000,0.000,8.400,g,Production Issue Store,BC-0003384,2024-06-07,7,Consumed,Generated BOM consumption from active BOM.
3385,498,102,85,460.000,469.200,460.000,0.000,9.200,g,Production Issue Store,BC-0003385,2024-06-10,7,Consumed,Generated BOM consumption from active BOM.
3386,498,102,86,230.000,234.600,230.000,0.000,4.600,g,Production Issue Store,BC-0003386,2024-06-10,8,Consumed,Generated BOM consumption from active BOM.
3387,499,100,86,45.000,45.900,45.000,0.000,0.900,g,Production Issue Store,BC-0003387,2024-06-11,8,Consumed,Generated BOM consumption from active BOM.
3388,499,100,87,90.000,91.800,90.000,0.000,1.800,g,Production Issue Store,BC-0003388,2024-06-11,9,Consumed,Generated BOM consumption from active BOM.
3389,500,101,87,885.000,902.700,885.000,0.000,17.700,g,Production Issue Store,BC-0003389,2024-06-12,9,Consumed,Generated BOM consumption from active BOM.
3390,500,101,94,59.000,60.180,59.000,0.000,1.180,No,Production Issue Store,BC-0003390,2024-06-12,10,Consumed,Generated BOM consumption from active BOM.
3391,501,102,94,5.000,5.100,5.000,0.000,0.100,No,Production Issue Store,BC-0003391,2024-06-07,10,Consumed,Generated BOM consumption from active BOM.
3392,501,102,95,5.000,5.100,5.000,0.000,0.100,No,Production Issue Store,BC-0003392,2024-06-07,11,Consumed,Generated BOM consumption from active BOM.
3393,502,100,95,59.000,60.180,59.000,0.000,1.180,No,Production Issue Store,BC-0003393,2024-06-12,11,Consumed,Generated BOM consumption from active BOM.
3394,502,100,96,59.000,60.180,59.000,0.000,1.180,No,Production Issue Store,BC-0003394,2024-06-12,12,Consumed,Generated BOM consumption from active BOM.
3395,503,101,96,7.000,7.140,7.000,0.000,0.140,No,Production Issue Store,BC-0003395,2024-06-08,12,Consumed,Generated BOM consumption from active BOM.
3396,503,101,97,7.000,7.140,7.000,0.000,0.140,No,Production Issue Store,BC-0003396,2024-06-08,13,Consumed,Generated BOM consumption from active BOM.
3397,504,102,97,32.000,32.640,32.000,0.000,0.640,No,Production Issue Store,BC-0003397,2024-06-06,13,Consumed,Generated BOM consumption from active BOM.
3398,504,102,88,32.000,32.640,32.000,0.000,0.640,No,Production Issue Store,BC-0003398,2024-06-06,1,Consumed,Generated BOM consumption from active BOM.
3399,505,100,88,9.000,9.180,9.000,0.000,0.180,No,Production Issue Store,BC-0003399,2024-06-11,1,Consumed,Generated BOM consumption from active BOM.
3400,505,100,89,18.000,18.360,18.000,0.000,0.360,No,Production Issue Store,BC-0003400,2024-06-11,3,Consumed,Generated BOM consumption from active BOM.
3401,506,101,89,66.000,67.320,66.000,0.000,1.320,No,Production Issue Store,BC-0003401,2024-06-10,3,Consumed,Generated BOM consumption from active BOM.
3402,506,101,90,33.000,33.660,33.000,0.000,0.660,Sheet,Production Issue Store,BC-0003402,2024-06-10,4,Consumed,Generated BOM consumption from active BOM.
3403,507,102,90,102.000,104.040,102.000,0.000,2.040,sheets,Production Issue Store,BC-0003403,2024-06-08,4,Consumed,Generated BOM consumption from active BOM.
3404,507,102,91,51.000,52.020,51.000,0.000,1.020,No,Production Issue Store,BC-0003404,2024-06-08,5,Consumed,Generated BOM consumption from active BOM.
3405,508,100,91,39.000,39.780,39.000,0.000,0.780,No,Production Issue Store,BC-0003405,2024-06-07,5,Consumed,Generated BOM consumption from active BOM.
3406,508,100,92,39.000,39.780,39.000,0.000,0.780,m,Production Issue Store,BC-0003406,2024-06-07,6,Consumed,Generated BOM consumption from active BOM.
3407,509,101,92,39.600,40.392,39.600,0.000,0.792,m,Production Issue Store,BC-0003407,2024-06-10,6,Consumed,Generated BOM consumption from active BOM.
3408,509,101,93,33.000,33.660,33.000,0.000,0.660,No,Production Issue Store,BC-0003408,2024-06-10,7,Consumed,Generated BOM consumption from active BOM.
3409,510,102,93,20.000,20.400,20.000,0.000,0.400,No,Production Issue Store,BC-0003409,2024-06-08,7,Consumed,Generated BOM consumption from active BOM.
3410,510,102,98,10.000,10.200,10.000,0.000,0.200,No,Production Issue Store,BC-0003410,2024-06-08,8,Consumed,Generated BOM consumption from active BOM.
3411,511,100,98,57.000,58.140,57.000,0.000,1.140,No,Production Issue Store,BC-0003411,2024-06-09,8,Consumed,Generated BOM consumption from active BOM.
3412,511,100,99,57.000,58.140,57.000,0.000,1.140,No,Production Issue Store,BC-0003412,2024-06-09,9,Consumed,Generated BOM consumption from active BOM.
3413,512,101,99,25.000,25.500,25.000,0.000,0.500,No,Production Issue Store,BC-0003413,2024-06-13,9,Consumed,Generated BOM consumption from active BOM.
3414,512,101,2,25.000,25.500,25.000,0.000,0.500,No,Production Issue Store,BC-0003414,2024-06-13,10,Consumed,Generated BOM consumption from active BOM.
3415,513,102,2,35.000,35.700,35.000,0.000,0.700,No,Production Issue Store,BC-0003415,2024-06-16,10,Consumed,Generated BOM consumption from active BOM.
3416,513,102,6,35.000,35.700,35.000,0.000,0.700,No,Production Issue Store,BC-0003416,2024-06-16,11,Consumed,Generated BOM consumption from active BOM.
3417,514,100,4,55.000,56.100,55.000,0.000,1.100,No,Production Issue Store,BC-0003417,2024-06-09,11,Consumed,Generated BOM consumption from active BOM.
3418,514,100,7,440.000,448.800,440.000,0.000,8.800,No,Production Issue Store,BC-0003418,2024-06-09,12,Consumed,Generated BOM consumption from active BOM.
3419,515,101,8,400.000,408.000,400.000,0.000,8.000,No,Production Issue Store,BC-0003419,2024-06-12,12,Consumed,Generated BOM consumption from active BOM.
3420,515,101,11,40.000,40.800,40.000,0.000,0.800,No,Production Issue Store,BC-0003420,2024-06-12,13,Consumed,Generated BOM consumption from active BOM.
3421,516,102,12,46.000,46.920,46.000,0.000,0.920,No,Production Issue Store,BC-0003421,2024-06-12,13,Consumed,Generated BOM consumption from active BOM.
3422,516,102,15,46.000,46.920,46.000,0.000,0.920,No,Production Issue Store,BC-0003422,2024-06-12,1,Consumed,Generated BOM consumption from active BOM.
3423,517,100,13,13.000,13.260,13.000,0.000,0.260,No,Production Issue Store,BC-0003423,2024-06-12,1,Consumed,Generated BOM consumption from active BOM.
3424,517,100,16,13.000,13.260,13.000,0.000,0.260,No,Production Issue Store,BC-0003424,2024-06-12,3,Consumed,Generated BOM consumption from active BOM.
3425,518,101,17,30.000,30.600,30.000,0.000,0.600,No,Production Issue Store,BC-0003425,2024-06-11,3,Consumed,Generated BOM consumption from active BOM.
3426,518,101,19,30.000,30.600,30.000,0.000,0.600,No,Production Issue Store,BC-0003426,2024-06-11,4,Consumed,Generated BOM consumption from active BOM.
3427,519,102,19,35.000,35.700,35.000,0.000,0.700,No,Production Issue Store,BC-0003427,2024-06-12,4,Consumed,Generated BOM consumption from active BOM.
3428,519,102,20,35.000,35.700,35.000,0.000,0.700,No,Production Issue Store,BC-0003428,2024-06-12,5,Consumed,Generated BOM consumption from active BOM.
3429,520,100,20,14.000,14.280,14.000,0.000,0.280,No,Production Issue Store,BC-0003429,2024-06-11,5,Consumed,Generated BOM consumption from active BOM.
3430,520,100,23,28.000,28.560,28.000,0.000,0.560,No,Production Issue Store,BC-0003430,2024-06-11,6,Consumed,Generated BOM consumption from active BOM.
3431,521,101,24,50.000,51.000,50.000,0.000,1.000,No,Production Issue Store,BC-0003431,2024-06-17,6,Consumed,Generated BOM consumption from active BOM.
3432,521,101,21,25.000,25.500,25.000,0.000,0.500,No,Production Issue Store,BC-0003432,2024-06-17,7,Consumed,Generated BOM consumption from active BOM.
3433,522,102,21,51.000,52.020,51.000,0.000,1.020,No,Production Issue Store,BC-0003433,2024-06-14,7,Consumed,Generated BOM consumption from active BOM.
3434,522,102,78,102.000,104.040,102.000,0.000,2.040,No,Production Issue Store,BC-0003434,2024-06-14,8,Consumed,Generated BOM consumption from active BOM.
3435,523,100,78,56.000,57.120,56.000,0.000,1.120,No,Production Issue Store,BC-0003435,2024-06-14,8,Consumed,Generated BOM consumption from active BOM.
3436,523,100,79,56.000,57.120,56.000,0.000,1.120,No,Production Issue Store,BC-0003436,2024-06-14,9,Consumed,Generated BOM consumption from active BOM.
3437,524,101,79,102.000,104.040,102.000,0.000,2.040,No,Production Issue Store,BC-0003437,2024-06-18,9,Consumed,Generated BOM consumption from active BOM.
3438,524,101,26,102.000,104.040,102.000,0.000,2.040,No,Production Issue Store,BC-0003438,2024-06-18,10,Consumed,Generated BOM consumption from active BOM.
3439,525,102,26,114.000,116.280,114.000,0.000,2.280,No,Production Issue Store,BC-0003439,2024-06-19,10,Consumed,Generated BOM consumption from active BOM.
3440,525,102,27,114.000,116.280,114.000,0.000,2.280,No,Production Issue Store,BC-0003440,2024-06-19,11,Consumed,Generated BOM consumption from active BOM.
3441,526,100,27,59.000,60.180,59.000,0.000,1.180,No,Production Issue Store,BC-0003441,2024-06-21,11,Consumed,Generated BOM consumption from active BOM.
3442,526,100,29,106.200,108.324,106.200,0.000,2.124,kg,Production Issue Store,BC-0003442,2024-06-21,12,Consumed,Generated BOM consumption from active BOM.
3443,527,101,30,51.200,52.224,51.200,0.000,1.024,kg,Production Issue Store,BC-0003443,2024-06-17,12,Consumed,Generated BOM consumption from active BOM.
3444,527,101,33,64.000,65.280,64.000,0.000,1.280,m,Production Issue Store,BC-0003444,2024-06-17,13,Consumed,Generated BOM consumption from active BOM.
3445,528,102,34,265.000,270.300,265.000,0.000,5.300,m,Production Issue Store,BC-0003445,2024-06-16,13,Consumed,Generated BOM consumption from active BOM.
3446,528,102,35,53.000,54.060,53.000,0.000,1.060,No,Production Issue Store,BC-0003446,2024-06-16,1,Consumed,Generated BOM consumption from active BOM.
3447,529,100,35,38.000,38.760,38.000,0.000,0.760,No,Production Issue Store,BC-0003447,2024-06-17,1,Consumed,Generated BOM consumption from active BOM.
3448,529,100,38,114.000,116.280,114.000,0.000,2.280,No,Production Issue Store,BC-0003448,2024-06-17,3,Consumed,Generated BOM consumption from active BOM.
3449,530,101,38,162.000,165.240,162.000,0.000,3.240,No,Production Issue Store,BC-0003449,2024-06-20,3,Consumed,Generated BOM consumption from active BOM.
3450,530,101,56,1944.000,1982.880,1944.000,0.000,38.880,No,Production Issue Store,BC-0003450,2024-06-20,4,Consumed,Generated BOM consumption from active BOM.
3451,531,102,57,1872.000,1909.440,1872.000,0.000,37.440,No,Production Issue Store,BC-0003451,2024-06-20,4,Consumed,Generated BOM consumption from active BOM.
3452,531,102,58,1872.000,1909.440,1872.000,0.000,37.440,No,Production Issue Store,BC-0003452,2024-06-20,5,Consumed,Generated BOM consumption from active BOM.
3453,532,100,58,216.000,220.320,216.000,0.000,4.320,No,Production Issue Store,BC-0003453,2024-06-21,5,Consumed,Generated BOM consumption from active BOM.
3454,532,100,59,216.000,220.320,216.000,0.000,4.320,No,Production Issue Store,BC-0003454,2024-06-21,6,Consumed,Generated BOM consumption from active BOM.
3455,533,101,59,1296.000,1321.920,1296.000,0.000,25.920,No,Production Issue Store,BC-0003455,2024-06-25,6,Consumed,Generated BOM consumption from active BOM.
3456,533,101,61,28.800,29.376,28.800,0.000,0.576,m,Production Issue Store,BC-0003456,2024-06-25,7,Consumed,Generated BOM consumption from active BOM.
3457,534,102,62,47.000,47.940,47.000,0.000,0.940,m,Production Issue Store,BC-0003457,2024-06-24,7,Consumed,Generated BOM consumption from active BOM.
3458,534,102,41,47.000,47.940,47.000,0.000,0.940,No,Production Issue Store,BC-0003458,2024-06-24,8,Consumed,Generated BOM consumption from active BOM.
3459,535,100,39,33.000,33.660,33.000,0.000,0.660,No,Production Issue Store,BC-0003459,2024-06-22,8,Consumed,Generated BOM consumption from active BOM.
3460,535,100,40,11.000,11.220,11.000,0.000,0.220,No,Production Issue Store,BC-0003460,2024-06-22,9,Consumed,Generated BOM consumption from active BOM.
3461,536,101,43,34.000,34.680,34.000,0.000,0.680,No,Production Issue Store,BC-0003461,2024-06-22,9,Consumed,Generated BOM consumption from active BOM.
3462,536,101,45,34.000,34.680,34.000,0.000,0.680,No,Production Issue Store,BC-0003462,2024-06-22,10,Consumed,Generated BOM consumption from active BOM.
3463,537,102,46,42.000,42.840,42.000,0.000,0.840,No,Production Issue Store,BC-0003463,2024-06-24,10,Consumed,Generated BOM consumption from active BOM.
3464,537,102,47,42.000,42.840,42.000,0.000,0.840,Set,Production Issue Store,BC-0003464,2024-06-24,11,Consumed,Generated BOM consumption from active BOM.
3465,538,100,47,29.000,29.580,29.000,0.000,0.580,Set,Production Issue Store,BC-0003465,2024-06-25,11,Consumed,Generated BOM consumption from active BOM.
3466,538,100,49,29.000,29.580,29.000,0.000,0.580,No,Production Issue Store,BC-0003466,2024-06-25,12,Consumed,Generated BOM consumption from active BOM.
3467,539,101,50,47.000,47.940,47.000,0.000,0.940,No,Production Issue Store,BC-0003467,2024-06-26,12,Consumed,Generated BOM consumption from active BOM.
3468,539,101,53,282.000,287.640,282.000,0.000,5.640,No,Production Issue Store,BC-0003468,2024-06-26,13,Consumed,Generated BOM consumption from active BOM.
3469,540,102,54,88.000,89.760,88.000,0.000,1.760,No,Production Issue Store,BC-0003469,2024-06-26,13,Consumed,Generated BOM consumption from active BOM.
3470,540,102,65,132.000,134.640,132.000,0.000,2.640,No,Production Issue Store,BC-0003470,2024-06-26,1,Consumed,Generated BOM consumption from active BOM.
3471,541,100,63,192.000,195.840,192.000,0.000,3.840,No,Production Issue Store,BC-0003471,2024-06-27,1,Consumed,Generated BOM consumption from active BOM.
3472,541,100,66,192.000,195.840,192.000,0.000,3.840,No,Production Issue Store,BC-0003472,2024-06-27,3,Consumed,Generated BOM consumption from active BOM.
3473,542,101,67,570.000,581.400,570.000,0.000,11.400,No,Production Issue Store,BC-0003473,2024-06-25,3,Consumed,Generated BOM consumption from active BOM.
3474,542,101,70,570.000,581.400,570.000,0.000,11.400,No,Production Issue Store,BC-0003474,2024-06-25,4,Consumed,Generated BOM consumption from active BOM.
3475,543,102,71,384.000,391.680,384.000,0.000,7.680,No,Production Issue Store,BC-0003475,2024-06-26,4,Consumed,Generated BOM consumption from active BOM.
3476,543,102,74,384.000,391.680,384.000,0.000,7.680,No,Production Issue Store,BC-0003476,2024-06-26,5,Consumed,Generated BOM consumption from active BOM.
3477,544,100,72,104.000,106.080,104.000,0.000,2.080,No,Production Issue Store,BC-0003477,2024-06-29,5,Consumed,Generated BOM consumption from active BOM.
3478,544,100,75,26.000,26.520,26.000,0.000,0.520,No,Production Issue Store,BC-0003478,2024-06-29,6,Consumed,Generated BOM consumption from active BOM.
3479,545,101,76,22.000,22.440,22.000,0.000,0.440,No,Production Issue Store,BC-0003479,2024-06-28,6,Consumed,Generated BOM consumption from active BOM.
3480,545,101,80,1980.000,2019.600,1980.000,0.000,39.600,ml,Production Issue Store,BC-0003480,2024-06-28,7,Consumed,Generated BOM consumption from active BOM.
3481,546,102,80,11100.000,11322.000,11100.000,0.000,222.000,ml,Production Issue Store,BC-0003481,2024-06-28,7,Consumed,Generated BOM consumption from active BOM.
3482,546,102,81,2960.000,3019.200,2960.000,0.000,59.200,g,Production Issue Store,BC-0003482,2024-06-28,8,Consumed,Generated BOM consumption from active BOM.
3483,547,100,81,1680.000,1713.600,1680.000,0.000,33.600,g,Production Issue Store,BC-0003483,2024-06-29,8,Consumed,Generated BOM consumption from active BOM.
3484,547,100,82,280.000,285.600,280.000,0.000,5.600,ml,Production Issue Store,BC-0003484,2024-06-29,9,Consumed,Generated BOM consumption from active BOM.
3485,548,101,82,48.000,48.960,48.000,0.000,0.960,ml,Production Issue Store,BC-0003485,2024-06-26,9,Consumed,Generated BOM consumption from active BOM.
3486,548,101,83,180.000,183.600,180.000,0.000,3.600,g,Production Issue Store,BC-0003486,2024-06-26,10,Consumed,Generated BOM consumption from active BOM.
3487,549,102,83,550.000,561.000,550.000,0.000,11.000,g,Production Issue Store,BC-0003487,2024-07-01,10,Consumed,Generated BOM consumption from active BOM.
3488,549,102,84,2750.000,2805.000,2750.000,0.000,55.000,ml,Production Issue Store,BC-0003488,2024-07-01,11,Consumed,Generated BOM consumption from active BOM.
3489,550,100,84,2600.000,2652.000,2600.000,0.000,52.000,ml,Production Issue Store,BC-0003489,2024-06-26,11,Consumed,Generated BOM consumption from active BOM.
3490,550,100,85,260.000,265.200,260.000,0.000,5.200,g,Production Issue Store,BC-0003490,2024-06-26,12,Consumed,Generated BOM consumption from active BOM.
3491,551,101,85,225.000,229.500,225.000,0.000,4.500,g,Production Issue Store,BC-0003491,2024-06-29,12,Consumed,Generated BOM consumption from active BOM.
3492,551,101,86,120.000,122.400,120.000,0.000,2.400,g,Production Issue Store,BC-0003492,2024-06-29,13,Consumed,Generated BOM consumption from active BOM.
3493,552,102,86,100.000,102.000,100.000,0.000,2.000,g,Production Issue Store,BC-0003493,2024-06-28,13,Consumed,Generated BOM consumption from active BOM.
3494,552,102,87,200.000,204.000,200.000,0.000,4.000,g,Production Issue Store,BC-0003494,2024-06-28,1,Consumed,Generated BOM consumption from active BOM.
3495,553,100,87,210.000,214.200,210.000,0.000,4.200,g,Production Issue Store,BC-0003495,2024-06-25,1,Consumed,Generated BOM consumption from active BOM.
3496,553,100,94,21.000,21.420,21.000,0.000,0.420,No,Production Issue Store,BC-0003496,2024-06-25,3,Consumed,Generated BOM consumption from active BOM.
3497,554,101,94,39.000,39.780,39.000,0.000,0.780,No,Production Issue Store,BC-0003497,2024-06-28,3,Consumed,Generated BOM consumption from active BOM.
3498,554,101,95,39.000,39.780,39.000,0.000,0.780,No,Production Issue Store,BC-0003498,2024-06-28,4,Consumed,Generated BOM consumption from active BOM.
3499,555,102,95,49.000,49.980,49.000,0.000,0.980,No,Production Issue Store,BC-0003499,2024-07-01,4,Consumed,Generated BOM consumption from active BOM.
3500,555,102,96,49.000,49.980,49.000,0.000,0.980,No,Production Issue Store,BC-0003500,2024-07-01,5,Consumed,Generated BOM consumption from active BOM.
3501,556,100,96,22.000,22.440,22.000,0.000,0.440,No,Production Issue Store,BC-0003501,2024-06-29,5,Consumed,Generated BOM consumption from active BOM.
3502,556,100,97,22.000,22.440,22.000,0.000,0.440,No,Production Issue Store,BC-0003502,2024-06-29,6,Consumed,Generated BOM consumption from active BOM.
3503,557,101,97,44.000,44.880,44.000,0.000,0.880,No,Production Issue Store,BC-0003503,2024-06-27,6,Consumed,Generated BOM consumption from active BOM.
3504,557,101,88,44.000,44.880,44.000,0.000,0.880,No,Production Issue Store,BC-0003504,2024-06-27,7,Consumed,Generated BOM consumption from active BOM.
3505,558,102,88,50.000,51.000,50.000,0.000,1.000,No,Production Issue Store,BC-0003505,2024-07-01,7,Consumed,Generated BOM consumption from active BOM.
3506,558,102,89,100.000,102.000,100.000,0.000,2.000,No,Production Issue Store,BC-0003506,2024-07-01,8,Consumed,Generated BOM consumption from active BOM.
3507,559,100,89,12.000,12.240,12.000,0.000,0.240,No,Production Issue Store,BC-0003507,2024-06-29,8,Consumed,Generated BOM consumption from active BOM.
3508,559,100,90,6.000,6.120,6.000,0.000,0.120,Sheet,Production Issue Store,BC-0003508,2024-06-29,9,Consumed,Generated BOM consumption from active BOM.
3509,560,101,90,50.000,51.000,50.000,0.000,1.000,Sheet,Production Issue Store,BC-0003509,2024-07-01,9,Consumed,Generated BOM consumption from active BOM.
3510,560,101,91,50.000,51.000,50.000,0.000,1.000,No,Production Issue Store,BC-0003510,2024-07-01,10,Consumed,Generated BOM consumption from active BOM.
3511,561,102,91,16.000,16.320,16.000,0.000,0.320,No,Production Issue Store,BC-0003511,2024-06-28,10,Consumed,Generated BOM consumption from active BOM.
3512,561,102,92,24.000,24.480,24.000,0.000,0.480,m,Production Issue Store,BC-0003512,2024-06-28,11,Consumed,Generated BOM consumption from active BOM.
3513,562,100,92,44.000,44.880,44.000,0.000,0.880,m,Production Issue Store,BC-0003513,2024-07-02,11,Consumed,Generated BOM consumption from active BOM.
3514,562,100,93,44.000,44.880,44.000,0.000,0.880,No,Production Issue Store,BC-0003514,2024-07-02,12,Consumed,Generated BOM consumption from active BOM.
3515,563,101,93,46.000,46.920,46.000,0.000,0.920,No,Production Issue Store,BC-0003515,2024-07-02,12,Consumed,Generated BOM consumption from active BOM.
3516,563,101,98,46.000,46.920,46.000,0.000,0.920,No,Production Issue Store,BC-0003516,2024-07-02,13,Consumed,Generated BOM consumption from active BOM.
3517,564,102,98,52.000,53.040,52.000,0.000,1.040,No,Production Issue Store,BC-0003517,2024-06-28,13,Consumed,Generated BOM consumption from active BOM.
3518,564,102,99,52.000,53.040,52.000,0.000,1.040,No,Production Issue Store,BC-0003518,2024-06-28,1,Consumed,Generated BOM consumption from active BOM.
3519,565,100,99,26.000,26.520,26.000,0.000,0.520,No,Production Issue Store,BC-0003519,2024-06-29,1,Consumed,Generated BOM consumption from active BOM.
3520,565,100,1,26.000,26.520,26.000,0.000,0.520,No,Production Issue Store,BC-0003520,2024-06-29,3,Consumed,Generated BOM consumption from active BOM.
3521,566,101,2,42.000,42.840,42.000,0.000,0.840,No,Production Issue Store,BC-0003521,2024-07-04,3,Consumed,Generated BOM consumption from active BOM.
3522,566,101,5,42.000,42.840,42.000,0.000,0.840,No,Production Issue Store,BC-0003522,2024-07-04,4,Consumed,Generated BOM consumption from active BOM.
3523,567,102,6,7.000,7.140,7.000,0.000,0.140,No,Production Issue Store,BC-0003523,2024-06-30,4,Consumed,Generated BOM consumption from active BOM.
3524,567,102,9,84.000,85.680,84.000,0.000,1.680,No,Production Issue Store,BC-0003524,2024-06-30,5,Consumed,Generated BOM consumption from active BOM.
3525,568,100,7,232.000,236.640,232.000,0.000,4.640,No,Production Issue Store,BC-0003525,2024-06-29,5,Consumed,Generated BOM consumption from active BOM.
3526,568,100,10,29.000,29.580,29.000,0.000,0.580,No,Production Issue Store,BC-0003526,2024-06-29,6,Consumed,Generated BOM consumption from active BOM.
3527,569,101,11,56.000,57.120,56.000,0.000,1.120,No,Production Issue Store,BC-0003527,2024-06-30,6,Consumed,Generated BOM consumption from active BOM.
3528,569,101,14,56.000,57.120,56.000,0.000,1.120,No,Production Issue Store,BC-0003528,2024-06-30,7,Consumed,Generated BOM consumption from active BOM.
3529,570,102,15,13.000,13.260,13.000,0.000,0.260,No,Production Issue Store,BC-0003529,2024-07-01,7,Consumed,Generated BOM consumption from active BOM.
3530,570,102,18,13.000,13.260,13.000,0.000,0.260,No,Production Issue Store,BC-0003530,2024-07-01,8,Consumed,Generated BOM consumption from active BOM.
3531,571,100,16,12.000,12.240,12.000,0.000,0.240,No,Production Issue Store,BC-0003531,2024-07-03,8,Consumed,Generated BOM consumption from active BOM.
3532,571,100,19,12.000,12.240,12.000,0.000,0.240,No,Production Issue Store,BC-0003532,2024-07-03,9,Consumed,Generated BOM consumption from active BOM.
3533,572,101,19,43.000,43.860,43.000,0.000,0.860,No,Production Issue Store,BC-0003533,2024-07-02,9,Consumed,Generated BOM consumption from active BOM.
3534,572,101,20,43.000,43.860,43.000,0.000,0.860,No,Production Issue Store,BC-0003534,2024-07-02,10,Consumed,Generated BOM consumption from active BOM.
3535,573,102,20,32.000,32.640,32.000,0.000,0.640,No,Production Issue Store,BC-0003535,2024-07-04,10,Consumed,Generated BOM consumption from active BOM.
3536,573,102,25,64.000,65.280,64.000,0.000,1.280,No,Production Issue Store,BC-0003536,2024-07-04,11,Consumed,Generated BOM consumption from active BOM.
3537,574,100,23,60.000,61.200,60.000,0.000,1.200,No,Production Issue Store,BC-0003537,2024-07-04,11,Consumed,Generated BOM consumption from active BOM.
3538,574,100,21,30.000,30.600,30.000,0.000,0.600,No,Production Issue Store,BC-0003538,2024-07-04,12,Consumed,Generated BOM consumption from active BOM.
3539,575,101,21,18.000,18.360,18.000,0.000,0.360,No,Production Issue Store,BC-0003539,2024-07-04,12,Consumed,Generated BOM consumption from active BOM.
3540,575,101,78,36.000,36.720,36.000,0.000,0.720,No,Production Issue Store,BC-0003540,2024-07-04,13,Consumed,Generated BOM consumption from active BOM.
3541,576,102,78,26.000,26.520,26.000,0.000,0.520,No,Production Issue Store,BC-0003541,2024-07-04,13,Consumed,Generated BOM consumption from active BOM.
3542,576,102,79,26.000,26.520,26.000,0.000,0.520,No,Production Issue Store,BC-0003542,2024-07-04,1,Consumed,Generated BOM consumption from active BOM.
3543,577,100,79,44.000,44.880,44.000,0.000,0.880,No,Production Issue Store,BC-0003543,2024-07-06,1,Consumed,Generated BOM consumption from active BOM.
3544,577,100,26,44.000,44.880,44.000,0.000,0.880,No,Production Issue Store,BC-0003544,2024-07-06,3,Consumed,Generated BOM consumption from active BOM.
3545,578,101,26,48.000,48.960,48.000,0.000,0.960,No,Production Issue Store,BC-0003545,2024-07-04,3,Consumed,Generated BOM consumption from active BOM.
3546,578,101,27,24.000,24.480,24.000,0.000,0.480,No,Production Issue Store,BC-0003546,2024-07-04,4,Consumed,Generated BOM consumption from active BOM.
3547,579,102,27,96.000,97.920,96.000,0.000,1.920,No,Production Issue Store,BC-0003547,2024-07-04,4,Consumed,Generated BOM consumption from active BOM.
3548,579,102,31,312.000,318.240,312.000,0.000,6.240,kg,Production Issue Store,BC-0003548,2024-07-04,5,Consumed,Generated BOM consumption from active BOM.
3549,580,100,29,54.000,55.080,54.000,0.000,1.080,kg,Production Issue Store,BC-0003549,2024-07-07,5,Consumed,Generated BOM consumption from active BOM.
3550,580,100,32,90.000,91.800,90.000,0.000,1.800,m,Production Issue Store,BC-0003550,2024-07-07,6,Consumed,Generated BOM consumption from active BOM.
3551,581,101,33,112.000,114.240,112.000,0.000,2.240,m,Production Issue Store,BC-0003551,2024-07-05,6,Consumed,Generated BOM consumption from active BOM.
3552,581,101,35,28.000,28.560,28.000,0.000,0.560,No,Production Issue Store,BC-0003552,2024-07-05,7,Consumed,Generated BOM consumption from active BOM.
3553,582,102,35,17.000,17.340,17.000,0.000,0.340,No,Production Issue Store,BC-0003553,2024-07-06,7,Consumed,Generated BOM consumption from active BOM.
3554,582,102,38,51.000,52.020,51.000,0.000,1.020,No,Production Issue Store,BC-0003554,2024-07-06,8,Consumed,Generated BOM consumption from active BOM.
3555,583,100,38,123.000,125.460,123.000,0.000,2.460,No,Production Issue Store,BC-0003555,2024-07-06,8,Consumed,Generated BOM consumption from active BOM.
3556,583,100,55,984.000,1003.680,984.000,0.000,19.680,No,Production Issue Store,BC-0003556,2024-07-06,9,Consumed,Generated BOM consumption from active BOM.
3557,584,101,56,720.000,734.400,720.000,0.000,14.400,No,Production Issue Store,BC-0003557,2024-07-10,9,Consumed,Generated BOM consumption from active BOM.
3558,584,101,58,720.000,734.400,720.000,0.000,14.400,No,Production Issue Store,BC-0003558,2024-07-10,10,Consumed,Generated BOM consumption from active BOM.
3559,585,102,58,2544.000,2594.880,2544.000,0.000,50.880,No,Production Issue Store,BC-0003559,2024-07-11,10,Consumed,Generated BOM consumption from active BOM.
3560,585,102,59,2544.000,2594.880,2544.000,0.000,50.880,No,Production Issue Store,BC-0003560,2024-07-11,11,Consumed,Generated BOM consumption from active BOM.
3561,586,100,59,624.000,636.480,624.000,0.000,12.480,No,Production Issue Store,BC-0003561,2024-07-06,11,Consumed,Generated BOM consumption from active BOM.
3562,586,100,60,13.000,13.260,13.000,0.000,0.260,m,Production Issue Store,BC-0003562,2024-07-06,12,Consumed,Generated BOM consumption from active BOM.
3563,587,101,61,40.000,40.800,40.000,0.000,0.800,m,Production Issue Store,BC-0003563,2024-07-06,12,Consumed,Generated BOM consumption from active BOM.
3564,587,101,41,50.000,51.000,50.000,0.000,1.000,No,Production Issue Store,BC-0003564,2024-07-06,13,Consumed,Generated BOM consumption from active BOM.
3565,588,102,41,32.000,32.640,32.000,0.000,0.640,No,Production Issue Store,BC-0003565,2024-07-08,13,Consumed,Generated BOM consumption from active BOM.
3566,588,102,43,64.000,65.280,64.000,0.000,1.280,No,Production Issue Store,BC-0003566,2024-07-08,1,Consumed,Generated BOM consumption from active BOM.
3567,589,100,40,28.000,28.560,28.000,0.000,0.560,No,Production Issue Store,BC-0003567,2024-07-13,1,Consumed,Generated BOM consumption from active BOM.
3568,589,100,45,28.000,28.560,28.000,0.000,0.560,No,Production Issue Store,BC-0003568,2024-07-13,3,Consumed,Generated BOM consumption from active BOM.
3569,590,101,45,28.000,28.560,28.000,0.000,0.560,No,Production Issue Store,BC-0003569,2024-07-11,3,Consumed,Generated BOM consumption from active BOM.
3570,590,101,47,28.000,28.560,28.000,0.000,0.560,Set,Production Issue Store,BC-0003570,2024-07-11,4,Consumed,Generated BOM consumption from active BOM.
3571,591,102,47,27.000,27.540,27.000,0.000,0.540,Set,Production Issue Store,BC-0003571,2024-07-13,4,Consumed,Generated BOM consumption from active BOM.
3572,591,102,51,27.000,27.540,27.000,0.000,0.540,No,Production Issue Store,BC-0003572,2024-07-13,5,Consumed,Generated BOM consumption from active BOM.
3573,592,100,49,30.000,30.600,30.000,0.000,0.600,No,Production Issue Store,BC-0003573,2024-07-14,5,Consumed,Generated BOM consumption from active BOM.
3574,592,100,52,150.000,153.000,150.000,0.000,3.000,No,Production Issue Store,BC-0003574,2024-07-14,6,Consumed,Generated BOM consumption from active BOM.
3575,593,101,53,330.000,336.600,330.000,0.000,6.600,No,Production Issue Store,BC-0003575,2024-07-13,6,Consumed,Generated BOM consumption from active BOM.
3576,593,101,65,550.000,561.000,550.000,0.000,11.000,No,Production Issue Store,BC-0003576,2024-07-13,7,Consumed,Generated BOM consumption from active BOM.
3577,594,102,65,516.000,526.320,516.000,0.000,10.320,No,Production Issue Store,BC-0003577,2024-07-12,7,Consumed,Generated BOM consumption from active BOM.
3578,594,102,68,516.000,526.320,516.000,0.000,10.320,No,Production Issue Store,BC-0003578,2024-07-12,8,Consumed,Generated BOM consumption from active BOM.
3579,595,100,66,48.000,48.960,48.000,0.000,0.960,No,Production Issue Store,BC-0003579,2024-07-11,8,Consumed,Generated BOM consumption from active BOM.
3580,595,100,69,48.000,48.960,48.000,0.000,0.960,No,Production Issue Store,BC-0003580,2024-07-11,9,Consumed,Generated BOM consumption from active BOM.
3581,596,101,70,70.000,71.400,70.000,0.000,1.400,No,Production Issue Store,BC-0003581,2024-07-12,9,Consumed,Generated BOM consumption from active BOM.
3582,596,101,73,70.000,71.400,70.000,0.000,1.400,No,Production Issue Store,BC-0003582,2024-07-12,10,Consumed,Generated BOM consumption from active BOM.
3583,597,102,74,84.000,85.680,84.000,0.000,1.680,No,Production Issue Store,BC-0003583,2024-07-10,10,Consumed,Generated BOM consumption from active BOM.
3584,597,102,77,14.000,14.280,14.000,0.000,0.280,No,Production Issue Store,BC-0003584,2024-07-10,11,Consumed,Generated BOM consumption from active BOM.
3585,598,100,75,86.000,87.720,86.000,0.000,1.720,No,Production Issue Store,BC-0003585,2024-07-15,11,Consumed,Generated BOM consumption from active BOM.
3586,598,100,80,4300.000,4386.000,4300.000,0.000,86.000,ml,Production Issue Store,BC-0003586,2024-07-15,12,Consumed,Generated BOM consumption from active BOM.
3587,599,101,80,2880.000,2937.600,2880.000,0.000,57.600,ml,Production Issue Store,BC-0003587,2024-07-16,12,Consumed,Generated BOM consumption from active BOM.
3588,599,101,81,720.000,734.400,720.000,0.000,14.400,g,Production Issue Store,BC-0003588,2024-07-16,13,Consumed,Generated BOM consumption from active BOM.
3589,600,102,81,2000.000,2040.000,2000.000,0.000,40.000,g,Production Issue Store,BC-0003589,2024-07-11,13,Consumed,Generated BOM consumption from active BOM.
3590,600,102,82,250.000,255.000,250.000,0.000,5.000,ml,Production Issue Store,BC-0003590,2024-07-11,1,Consumed,Generated BOM consumption from active BOM.
3591,601,100,82,260.000,265.200,260.000,0.000,5.200,ml,Production Issue Store,BC-0003591,2024-07-12,1,Consumed,Generated BOM consumption from active BOM.
3592,601,100,83,1040.000,1060.800,1040.000,0.000,20.800,g,Production Issue Store,BC-0003592,2024-07-12,3,Consumed,Generated BOM consumption from active BOM.
3593,602,101,83,390.000,397.800,390.000,0.000,7.800,g,Production Issue Store,BC-0003593,2024-07-17,3,Consumed,Generated BOM consumption from active BOM.
3594,602,101,84,1950.000,1989.000,1950.000,0.000,39.000,ml,Production Issue Store,BC-0003594,2024-07-17,4,Consumed,Generated BOM consumption from active BOM.
3595,603,102,84,2750.000,2805.000,2750.000,0.000,55.000,ml,Production Issue Store,BC-0003595,2024-07-15,4,Consumed,Generated BOM consumption from active BOM.
3596,603,102,85,220.000,224.400,220.000,0.000,4.400,g,Production Issue Store,BC-0003596,2024-07-15,5,Consumed,Generated BOM consumption from active BOM.
3597,604,100,85,100.000,102.000,100.000,0.000,2.000,g,Production Issue Store,BC-0003597,2024-07-12,5,Consumed,Generated BOM consumption from active BOM.
3598,604,100,86,50.000,51.000,50.000,0.000,1.000,g,Production Issue Store,BC-0003598,2024-07-12,6,Consumed,Generated BOM consumption from active BOM.
3599,605,101,86,144.000,146.880,144.000,0.000,2.880,g,Production Issue Store,BC-0003599,2024-07-14,6,Consumed,Generated BOM consumption from active BOM.
3600,605,101,87,270.000,275.400,270.000,0.000,5.400,g,Production Issue Store,BC-0003600,2024-07-14,7,Consumed,Generated BOM consumption from active BOM.
3601,606,102,87,200.000,204.000,200.000,0.000,4.000,g,Production Issue Store,BC-0003601,2024-07-13,7,Consumed,Generated BOM consumption from active BOM.
3602,606,102,94,10.000,10.200,10.000,0.000,0.200,No,Production Issue Store,BC-0003602,2024-07-13,8,Consumed,Generated BOM consumption from active BOM.
3603,607,100,94,39.000,39.780,39.000,0.000,0.780,No,Production Issue Store,BC-0003603,2024-07-14,8,Consumed,Generated BOM consumption from active BOM.
3604,607,100,95,39.000,39.780,39.000,0.000,0.780,No,Production Issue Store,BC-0003604,2024-07-14,9,Consumed,Generated BOM consumption from active BOM.
3605,608,101,95,44.000,44.880,44.000,0.000,0.880,No,Production Issue Store,BC-0003605,2024-07-15,9,Consumed,Generated BOM consumption from active BOM.
3606,608,101,96,44.000,44.880,44.000,0.000,0.880,No,Production Issue Store,BC-0003606,2024-07-15,10,Consumed,Generated BOM consumption from active BOM.
3607,609,102,96,16.000,16.320,16.000,0.000,0.320,No,Production Issue Store,BC-0003607,2024-07-14,10,Consumed,Generated BOM consumption from active BOM.
3608,609,102,97,16.000,16.320,16.000,0.000,0.320,No,Production Issue Store,BC-0003608,2024-07-14,11,Consumed,Generated BOM consumption from active BOM.
3609,610,100,97,34.000,34.680,34.000,0.000,0.680,No,Production Issue Store,BC-0003609,2024-07-19,11,Consumed,Generated BOM consumption from active BOM.
3610,610,100,88,34.000,34.680,34.000,0.000,0.680,No,Production Issue Store,BC-0003610,2024-07-19,12,Consumed,Generated BOM consumption from active BOM.
3611,611,101,88,19.000,19.380,19.000,0.000,0.380,No,Production Issue Store,BC-0003611,2024-07-20,12,Consumed,Generated BOM consumption from active BOM.
3612,611,101,89,38.000,38.760,38.000,0.000,0.760,No,Production Issue Store,BC-0003612,2024-07-20,13,Consumed,Generated BOM consumption from active BOM.
3613,612,102,89,14.000,14.280,14.000,0.000,0.280,No,Production Issue Store,BC-0003613,2024-07-14,13,Consumed,Generated BOM consumption from active BOM.
3614,612,102,90,14.000,14.280,14.000,0.000,0.280,sheets,Production Issue Store,BC-0003614,2024-07-14,1,Consumed,Generated BOM consumption from active BOM.
3615,613,100,90,30.000,30.600,30.000,0.000,0.600,Sheet,Production Issue Store,BC-0003615,2024-07-16,1,Consumed,Generated BOM consumption from active BOM.
3616,613,100,91,30.000,30.600,30.000,0.000,0.600,No,Production Issue Store,BC-0003616,2024-07-16,3,Consumed,Generated BOM consumption from active BOM.
3617,614,101,91,43.000,43.860,43.000,0.000,0.860,No,Production Issue Store,BC-0003617,2024-07-15,3,Consumed,Generated BOM consumption from active BOM.
3618,614,101,92,51.600,52.632,51.600,0.000,1.032,m,Production Issue Store,BC-0003618,2024-07-15,4,Consumed,Generated BOM consumption from active BOM.
3619,615,102,92,27.000,27.540,27.000,0.000,0.540,m,Production Issue Store,BC-0003619,2024-07-20,4,Consumed,Generated BOM consumption from active BOM.
3620,615,102,93,36.000,36.720,36.000,0.000,0.720,No,Production Issue Store,BC-0003620,2024-07-20,5,Consumed,Generated BOM consumption from active BOM.
3621,616,100,93,47.000,47.940,47.000,0.000,0.940,No,Production Issue Store,BC-0003621,2024-07-23,5,Consumed,Generated BOM consumption from active BOM.
3622,616,100,98,47.000,47.940,47.000,0.000,0.940,No,Production Issue Store,BC-0003622,2024-07-23,6,Consumed,Generated BOM consumption from active BOM.
3623,617,101,98,59.000,60.180,59.000,0.000,1.180,No,Production Issue Store,BC-0003623,2024-07-22,6,Consumed,Generated BOM consumption from active BOM.
3624,617,101,99,59.000,60.180,59.000,0.000,1.180,No,Production Issue Store,BC-0003624,2024-07-22,7,Consumed,Generated BOM consumption from active BOM.
3625,618,102,99,7.000,7.140,7.000,0.000,0.140,No,Production Issue Store,BC-0003625,2024-07-22,7,Consumed,Generated BOM consumption from active BOM.
3626,618,102,2,7.000,7.140,7.000,0.000,0.140,No,Production Issue Store,BC-0003626,2024-07-22,8,Consumed,Generated BOM consumption from active BOM.
3627,619,100,1,15.000,15.300,15.000,0.000,0.300,No,Production Issue Store,BC-0003627,2024-07-20,8,Consumed,Generated BOM consumption from active BOM.
3628,619,100,4,15.000,15.300,15.000,0.000,0.300,No,Production Issue Store,BC-0003628,2024-07-20,9,Consumed,Generated BOM consumption from active BOM.
3629,620,101,5,21.000,21.420,21.000,0.000,0.420,No,Production Issue Store,BC-0003629,2024-07-19,9,Consumed,Generated BOM consumption from active BOM.
3630,620,101,8,210.000,214.200,210.000,0.000,4.200,No,Production Issue Store,BC-0003630,2024-07-19,10,Consumed,Generated BOM consumption from active BOM.
3631,621,102,9,636.000,648.720,636.000,0.000,12.720,No,Production Issue Store,BC-0003631,2024-07-24,10,Consumed,Generated BOM consumption from active BOM.
3632,621,102,12,53.000,54.060,53.000,0.000,1.060,No,Production Issue Store,BC-0003632,2024-07-24,11,Consumed,Generated BOM consumption from active BOM.
3633,622,100,10,12.000,12.240,12.000,0.000,0.240,No,Production Issue Store,BC-0003633,2024-07-19,11,Consumed,Generated BOM consumption from active BOM.
3634,622,100,13,12.000,12.240,12.000,0.000,0.240,No,Production Issue Store,BC-0003634,2024-07-19,12,Consumed,Generated BOM consumption from active BOM.
3635,623,101,14,30.000,30.600,30.000,0.000,0.600,No,Production Issue Store,BC-0003635,2024-07-23,12,Consumed,Generated BOM consumption from active BOM.
3636,623,101,17,30.000,30.600,30.000,0.000,0.600,No,Production Issue Store,BC-0003636,2024-07-23,13,Consumed,Generated BOM consumption from active BOM.
3637,624,102,18,36.000,36.720,36.000,0.000,0.720,No,Production Issue Store,BC-0003637,2024-07-23,13,Consumed,Generated BOM consumption from active BOM.
3638,624,102,19,36.000,36.720,36.000,0.000,0.720,No,Production Issue Store,BC-0003638,2024-07-23,1,Consumed,Generated BOM consumption from active BOM.
3639,625,100,19,12.000,12.240,12.000,0.000,0.240,No,Production Issue Store,BC-0003639,2024-07-25,1,Consumed,Generated BOM consumption from active BOM.
3640,625,100,20,12.000,12.240,12.000,0.000,0.240,No,Production Issue Store,BC-0003640,2024-07-25,3,Consumed,Generated BOM consumption from active BOM.
3641,626,101,20,8.000,8.160,8.000,0.000,0.160,No,Production Issue Store,BC-0003641,2024-07-26,3,Consumed,Generated BOM consumption from active BOM.
3642,626,101,24,16.000,16.320,16.000,0.000,0.320,No,Production Issue Store,BC-0003642,2024-07-26,4,Consumed,Generated BOM consumption from active BOM.
3643,627,102,25,20.000,20.400,20.000,0.000,0.400,No,Production Issue Store,BC-0003643,2024-07-25,4,Consumed,Generated BOM consumption from active BOM.
3644,627,102,21,10.000,10.200,10.000,0.000,0.200,No,Production Issue Store,BC-0003644,2024-07-25,5,Consumed,Generated BOM consumption from active BOM.
3645,628,100,21,8.000,8.160,8.000,0.000,0.160,No,Production Issue Store,BC-0003645,2024-07-27,5,Consumed,Generated BOM consumption from active BOM.
3646,628,100,78,8.000,8.160,8.000,0.000,0.160,No,Production Issue Store,BC-0003646,2024-07-27,6,Consumed,Generated BOM consumption from active BOM.
3647,629,101,78,66.000,67.320,66.000,0.000,1.320,No,Production Issue Store,BC-0003647,2024-07-24,6,Consumed,Generated BOM consumption from active BOM.
3648,629,101,79,66.000,67.320,66.000,0.000,1.320,No,Production Issue Store,BC-0003648,2024-07-24,7,Consumed,Generated BOM consumption from active BOM.
3649,630,102,79,112.000,114.240,112.000,0.000,2.240,No,Production Issue Store,BC-0003649,2024-07-20,7,Consumed,Generated BOM consumption from active BOM.
3650,630,102,26,112.000,114.240,112.000,0.000,2.240,No,Production Issue Store,BC-0003650,2024-07-20,8,Consumed,Generated BOM consumption from active BOM.
3651,631,100,26,24.000,24.480,24.000,0.000,0.480,No,Production Issue Store,BC-0003651,2024-07-27,8,Consumed,Generated BOM consumption from active BOM.
3652,631,100,27,24.000,24.480,24.000,0.000,0.480,No,Production Issue Store,BC-0003652,2024-07-27,9,Consumed,Generated BOM consumption from active BOM.
3653,632,101,27,17.000,17.340,17.000,0.000,0.340,No,Production Issue Store,BC-0003653,2024-07-27,9,Consumed,Generated BOM consumption from active BOM.
3654,632,101,30,54.400,55.488,54.400,0.000,1.088,kg,Production Issue Store,BC-0003654,2024-07-27,10,Consumed,Generated BOM consumption from active BOM.
3655,633,102,31,110.500,112.710,110.500,0.000,2.210,kg,Production Issue Store,BC-0003655,2024-07-27,10,Consumed,Generated BOM consumption from active BOM.
3656,633,102,34,85.000,86.700,85.000,0.000,1.700,m,Production Issue Store,BC-0003656,2024-07-27,11,Consumed,Generated BOM consumption from active BOM.
3657,634,100,32,171.000,174.420,171.000,0.000,3.420,m,Production Issue Store,BC-0003657,2024-07-26,11,Consumed,Generated BOM consumption from active BOM.
3658,634,100,35,57.000,58.140,57.000,0.000,1.140,No,Production Issue Store,BC-0003658,2024-07-26,12,Consumed,Generated BOM consumption from active BOM.
3659,635,101,35,59.000,60.180,59.000,0.000,1.180,No,Production Issue Store,BC-0003659,2024-07-22,12,Consumed,Generated BOM consumption from active BOM.
3660,635,101,38,177.000,180.540,177.000,0.000,3.540,No,Production Issue Store,BC-0003660,2024-07-22,13,Consumed,Generated BOM consumption from active BOM.
3661,636,102,38,117.000,119.340,117.000,0.000,2.340,No,Production Issue Store,BC-0003661,2024-07-22,13,Consumed,Generated BOM consumption from active BOM.
3662,636,102,57,1872.000,1909.440,1872.000,0.000,37.440,No,Production Issue Store,BC-0003662,2024-07-22,1,Consumed,Generated BOM consumption from active BOM.
3663,637,100,55,744.000,758.880,744.000,0.000,14.880,No,Production Issue Store,BC-0003663,2024-07-22,1,Consumed,Generated BOM consumption from active BOM.
3664,637,100,58,744.000,758.880,744.000,0.000,14.880,No,Production Issue Store,BC-0003664,2024-07-22,3,Consumed,Generated BOM consumption from active BOM.
3665,638,101,58,396.000,403.920,396.000,0.000,7.920,No,Production Issue Store,BC-0003665,2024-07-29,3,Consumed,Generated BOM consumption from active BOM.
3666,638,101,59,396.000,403.920,396.000,0.000,7.920,No,Production Issue Store,BC-0003666,2024-07-29,4,Consumed,Generated BOM consumption from active BOM.
3667,639,102,59,2688.000,2741.760,2688.000,0.000,53.760,No,Production Issue Store,BC-0003667,2024-07-24,4,Consumed,Generated BOM consumption from active BOM.
3668,639,102,62,56.000,57.120,56.000,0.000,1.120,m,Production Issue Store,BC-0003668,2024-07-24,5,Consumed,Generated BOM consumption from active BOM.
3669,640,100,60,2.000,2.040,2.000,0.000,0.040,m,Production Issue Store,BC-0003669,2024-07-27,5,Consumed,Generated BOM consumption from active BOM.
3670,640,100,39,12.000,12.240,12.000,0.000,0.240,No,Production Issue Store,BC-0003670,2024-07-27,6,Consumed,Generated BOM consumption from active BOM.
3671,641,101,41,14.000,14.280,14.000,0.000,0.280,No,Production Issue Store,BC-0003671,2024-07-26,6,Consumed,Generated BOM consumption from active BOM.
3672,641,101,43,14.000,14.280,14.000,0.000,0.280,No,Production Issue Store,BC-0003672,2024-07-26,7,Consumed,Generated BOM consumption from active BOM.
3673,642,102,43,84.000,85.680,84.000,0.000,1.680,No,Production Issue Store,BC-0003673,2024-07-30,7,Consumed,Generated BOM consumption from active BOM.
3674,642,102,46,42.000,42.840,42.000,0.000,0.840,No,Production Issue Store,BC-0003674,2024-07-30,8,Consumed,Generated BOM consumption from active BOM.
3675,643,100,45,15.000,15.300,15.000,0.000,0.300,No,Production Issue Store,BC-0003675,2024-07-27,8,Consumed,Generated BOM consumption from active BOM.
3676,643,100,47,15.000,15.300,15.000,0.000,0.300,Set,Production Issue Store,BC-0003676,2024-07-27,9,Consumed,Generated BOM consumption from active BOM.
3677,644,101,47,11.000,11.220,11.000,0.000,0.220,Set,Production Issue Store,BC-0003677,2024-07-25,9,Consumed,Generated BOM consumption from active BOM.
3678,644,101,50,11.000,11.220,11.000,0.000,0.220,No,Production Issue Store,BC-0003678,2024-07-25,10,Consumed,Generated BOM consumption from active BOM.
3679,645,102,51,37.000,37.740,37.000,0.000,0.740,No,Production Issue Store,BC-0003679,2024-07-29,10,Consumed,Generated BOM consumption from active BOM.
3680,645,102,54,296.000,301.920,296.000,0.000,5.920,No,Production Issue Store,BC-0003680,2024-07-29,11,Consumed,Generated BOM consumption from active BOM.
3681,646,100,52,25.000,25.500,25.000,0.000,0.500,No,Production Issue Store,BC-0003681,2024-07-29,11,Consumed,Generated BOM consumption from active BOM.
3682,646,100,63,40.000,40.800,40.000,0.000,0.800,No,Production Issue Store,BC-0003682,2024-07-29,12,Consumed,Generated BOM consumption from active BOM.
3683,647,101,65,200.000,204.000,200.000,0.000,4.000,No,Production Issue Store,BC-0003683,2024-07-31,12,Consumed,Generated BOM consumption from active BOM.
3684,647,101,67,200.000,204.000,200.000,0.000,4.000,No,Production Issue Store,BC-0003684,2024-07-31,13,Consumed,Generated BOM consumption from active BOM.
3685,648,102,68,456.000,465.120,456.000,0.000,9.120,No,Production Issue Store,BC-0003685,2024-07-29,13,Consumed,Generated BOM consumption from active BOM.
3686,648,102,71,456.000,465.120,456.000,0.000,9.120,No,Production Issue Store,BC-0003686,2024-07-29,1,Consumed,Generated BOM consumption from active BOM.
3687,649,100,69,112.000,114.240,112.000,0.000,2.240,No,Production Issue Store,BC-0003687,2024-07-29,1,Consumed,Generated BOM consumption from active BOM.
3688,649,100,72,112.000,114.240,112.000,0.000,2.240,No,Production Issue Store,BC-0003688,2024-07-29,3,Consumed,Generated BOM consumption from active BOM.
3689,650,101,73,470.000,479.400,470.000,0.000,9.400,No,Production Issue Store,BC-0003689,2024-07-28,3,Consumed,Generated BOM consumption from active BOM.
3690,650,101,76,94.000,95.880,94.000,0.000,1.880,No,Production Issue Store,BC-0003690,2024-07-28,4,Consumed,Generated BOM consumption from active BOM.
3691,651,102,77,18.000,18.360,18.000,0.000,0.360,No,Production Issue Store,BC-0003691,2024-07-31,4,Consumed,Generated BOM consumption from active BOM.
3692,651,102,80,2700.000,2754.000,2700.000,0.000,54.000,ml,Production Issue Store,BC-0003692,2024-07-31,5,Consumed,Generated BOM consumption from active BOM.
3693,652,100,80,3800.000,3876.000,3800.000,0.000,76.000,ml,Production Issue Store,BC-0003693,2024-08-01,5,Consumed,Generated BOM consumption from active BOM.
3694,652,100,81,1140.000,1162.800,1140.000,0.000,22.800,g,Production Issue Store,BC-0003694,2024-08-01,6,Consumed,Generated BOM consumption from active BOM.
3695,653,101,81,360.000,367.200,360.000,0.000,7.200,g,Production Issue Store,BC-0003695,2024-07-31,6,Consumed,Generated BOM consumption from active BOM.
3696,653,101,82,64.000,65.280,64.000,0.000,1.280,ml,Production Issue Store,BC-0003696,2024-07-31,7,Consumed,Generated BOM consumption from active BOM.
3697,654,102,82,440.000,448.800,440.000,0.000,8.800,ml,Production Issue Store,BC-0003697,2024-07-31,7,Consumed,Generated BOM consumption from active BOM.
3698,654,102,83,2200.000,2244.000,2200.000,0.000,44.000,g,Production Issue Store,BC-0003698,2024-07-31,8,Consumed,Generated BOM consumption from active BOM.
3699,655,100,83,920.000,938.400,920.000,0.000,18.400,g,Production Issue Store,BC-0003699,2024-07-27,8,Consumed,Generated BOM consumption from active BOM.
3700,655,100,84,4600.000,4692.000,4600.000,0.000,92.000,ml,Production Issue Store,BC-0003700,2024-07-27,9,Consumed,Generated BOM consumption from active BOM.
3701,656,101,84,7200.000,7344.000,7200.000,0.000,144.000,ml,Production Issue Store,BC-0003701,2024-07-30,9,Consumed,Generated BOM consumption from active BOM.
3702,656,101,85,720.000,734.400,720.000,0.000,14.400,g,Production Issue Store,BC-0003702,2024-07-30,10,Consumed,Generated BOM consumption from active BOM.
3703,657,102,85,400.000,408.000,400.000,0.000,8.000,g,Production Issue Store,BC-0003703,2024-07-31,10,Consumed,Generated BOM consumption from active BOM.
3704,657,102,86,200.000,204.000,200.000,0.000,4.000,g,Production Issue Store,BC-0003704,2024-07-31,11,Consumed,Generated BOM consumption from active BOM.
3705,658,100,86,90.000,91.800,90.000,0.000,1.800,g,Production Issue Store,BC-0003705,2024-07-31,11,Consumed,Generated BOM consumption from active BOM.
3706,658,100,87,180.000,183.600,180.000,0.000,3.600,g,Production Issue Store,BC-0003706,2024-07-31,12,Consumed,Generated BOM consumption from active BOM.
3707,659,101,87,885.000,902.700,885.000,0.000,17.700,g,Production Issue Store,BC-0003707,2024-07-30,12,Consumed,Generated BOM consumption from active BOM.
3708,659,101,94,59.000,60.180,59.000,0.000,1.180,No,Production Issue Store,BC-0003708,2024-07-30,13,Consumed,Generated BOM consumption from active BOM.
3709,660,102,94,44.000,44.880,44.000,0.000,0.880,No,Production Issue Store,BC-0003709,2024-08-04,13,Consumed,Generated BOM consumption from active BOM.
3710,660,102,95,44.000,44.880,44.000,0.000,0.880,No,Production Issue Store,BC-0003710,2024-08-04,1,Consumed,Generated BOM consumption from active BOM.
3711,661,100,95,16.000,16.320,16.000,0.000,0.320,No,Production Issue Store,BC-0003711,2024-08-03,1,Consumed,Generated BOM consumption from active BOM.
3712,661,100,96,16.000,16.320,16.000,0.000,0.320,No,Production Issue Store,BC-0003712,2024-08-03,3,Consumed,Generated BOM consumption from active BOM.
3713,662,101,96,7.000,7.140,7.000,0.000,0.140,No,Production Issue Store,BC-0003713,2024-08-04,3,Consumed,Generated BOM consumption from active BOM.
3714,662,101,97,7.000,7.140,7.000,0.000,0.140,No,Production Issue Store,BC-0003714,2024-08-04,4,Consumed,Generated BOM consumption from active BOM.
3715,663,102,97,23.000,23.460,23.000,0.000,0.460,No,Production Issue Store,BC-0003715,2024-07-30,4,Consumed,Generated BOM consumption from active BOM.
3716,663,102,88,23.000,23.460,23.000,0.000,0.460,No,Production Issue Store,BC-0003716,2024-07-30,5,Consumed,Generated BOM consumption from active BOM.
3717,664,100,88,41.000,41.820,41.000,0.000,0.820,No,Production Issue Store,BC-0003717,2024-08-02,5,Consumed,Generated BOM consumption from active BOM.
3718,664,100,89,82.000,83.640,82.000,0.000,1.640,No,Production Issue Store,BC-0003718,2024-08-02,6,Consumed,Generated BOM consumption from active BOM.
3719,665,101,89,48.000,48.960,48.000,0.000,0.960,No,Production Issue Store,BC-0003719,2024-08-06,6,Consumed,Generated BOM consumption from active BOM.
3720,665,101,90,24.000,24.480,24.000,0.000,0.480,Sheet,Production Issue Store,BC-0003720,2024-08-06,7,Consumed,Generated BOM consumption from active BOM.
3721,666,102,90,102.000,104.040,102.000,0.000,2.040,sheets,Production Issue Store,BC-0003721,2024-08-01,7,Consumed,Generated BOM consumption from active BOM.
3722,666,102,91,51.000,52.020,51.000,0.000,1.020,No,Production Issue Store,BC-0003722,2024-08-01,8,Consumed,Generated BOM consumption from active BOM.
3723,667,100,91,33.000,33.660,33.000,0.000,0.660,No,Production Issue Store,BC-0003723,2024-08-04,8,Consumed,Generated BOM consumption from active BOM.
3724,667,100,92,33.000,33.660,33.000,0.000,0.660,m,Production Issue Store,BC-0003724,2024-08-04,9,Consumed,Generated BOM consumption from active BOM.
3725,668,101,92,72.000,73.440,72.000,0.000,1.440,m,Production Issue Store,BC-0003725,2024-08-06,9,Consumed,Generated BOM consumption from active BOM.
3726,668,101,93,60.000,61.200,60.000,0.000,1.200,No,Production Issue Store,BC-0003726,2024-08-06,10,Consumed,Generated BOM consumption from active BOM.
3727,669,102,93,106.000,108.120,106.000,0.000,2.120,No,Production Issue Store,BC-0003727,2024-08-06,10,Consumed,Generated BOM consumption from active BOM.
3728,669,102,98,53.000,54.060,53.000,0.000,1.060,No,Production Issue Store,BC-0003728,2024-08-06,11,Consumed,Generated BOM consumption from active BOM.
3729,670,100,98,31.000,31.620,31.000,0.000,0.620,No,Production Issue Store,BC-0003729,2024-08-05,11,Consumed,Generated BOM consumption from active BOM.
3730,670,100,99,31.000,31.620,31.000,0.000,0.620,No,Production Issue Store,BC-0003730,2024-08-05,12,Consumed,Generated BOM consumption from active BOM.
3731,671,101,99,52.000,53.040,52.000,0.000,1.040,No,Production Issue Store,BC-0003731,2024-08-03,12,Consumed,Generated BOM consumption from active BOM.
3732,671,101,2,52.000,53.040,52.000,0.000,1.040,No,Production Issue Store,BC-0003732,2024-08-03,13,Consumed,Generated BOM consumption from active BOM.
3733,672,102,2,30.000,30.600,30.000,0.000,0.600,No,Production Issue Store,BC-0003733,2024-08-02,13,Consumed,Generated BOM consumption from active BOM.
3734,672,102,6,30.000,30.600,30.000,0.000,0.600,No,Production Issue Store,BC-0003734,2024-08-02,1,Consumed,Generated BOM consumption from active BOM.
3735,673,100,4,5.000,5.100,5.000,0.000,0.100,No,Production Issue Store,BC-0003735,2024-08-05,1,Consumed,Generated BOM consumption from active BOM.
3736,673,100,7,40.000,40.800,40.000,0.000,0.800,No,Production Issue Store,BC-0003736,2024-08-05,3,Consumed,Generated BOM consumption from active BOM.
3737,674,101,8,210.000,214.200,210.000,0.000,4.200,No,Production Issue Store,BC-0003737,2024-08-07,3,Consumed,Generated BOM consumption from active BOM.
3738,674,101,11,21.000,21.420,21.000,0.000,0.420,No,Production Issue Store,BC-0003738,2024-08-07,4,Consumed,Generated BOM consumption from active BOM.
3739,675,102,12,26.000,26.520,26.000,0.000,0.520,No,Production Issue Store,BC-0003739,2024-08-05,4,Consumed,Generated BOM consumption from active BOM.
3740,675,102,15,26.000,26.520,26.000,0.000,0.520,No,Production Issue Store,BC-0003740,2024-08-05,5,Consumed,Generated BOM consumption from active BOM.
3741,676,100,13,57.000,58.140,57.000,0.000,1.140,No,Production Issue Store,BC-0003741,2024-08-03,5,Consumed,Generated BOM consumption from active BOM.
3742,676,100,16,57.000,58.140,57.000,0.000,1.140,No,Production Issue Store,BC-0003742,2024-08-03,6,Consumed,Generated BOM consumption from active BOM.
3743,677,101,17,52.000,53.040,52.000,0.000,1.040,No,Production Issue Store,BC-0003743,2024-08-06,6,Consumed,Generated BOM consumption from active BOM.
3744,677,101,19,52.000,53.040,52.000,0.000,1.040,No,Production Issue Store,BC-0003744,2024-08-06,7,Consumed,Generated BOM consumption from active BOM.
3745,678,102,19,12.000,12.240,12.000,0.000,0.240,No,Production Issue Store,BC-0003745,2024-08-10,7,Consumed,Generated BOM consumption from active BOM.
3746,678,102,20,12.000,12.240,12.000,0.000,0.240,No,Production Issue Store,BC-0003746,2024-08-10,8,Consumed,Generated BOM consumption from active BOM.
3747,679,100,20,6.000,6.120,6.000,0.000,0.120,No,Production Issue Store,BC-0003747,2024-08-07,8,Consumed,Generated BOM consumption from active BOM.
3748,679,100,23,12.000,12.240,12.000,0.000,0.240,No,Production Issue Store,BC-0003748,2024-08-07,9,Consumed,Generated BOM consumption from active BOM.
3749,680,101,24,68.000,69.360,68.000,0.000,1.360,No,Production Issue Store,BC-0003749,2024-08-05,9,Consumed,Generated BOM consumption from active BOM.
3750,680,101,21,34.000,34.680,34.000,0.000,0.680,No,Production Issue Store,BC-0003750,2024-08-05,10,Consumed,Generated BOM consumption from active BOM.
3751,681,102,21,32.000,32.640,32.000,0.000,0.640,No,Production Issue Store,BC-0003751,2024-08-11,10,Consumed,Generated BOM consumption from active BOM.
3752,681,102,78,64.000,65.280,64.000,0.000,1.280,No,Production Issue Store,BC-0003752,2024-08-11,11,Consumed,Generated BOM consumption from active BOM.
3753,682,100,78,45.000,45.900,45.000,0.000,0.900,No,Production Issue Store,BC-0003753,2024-08-07,11,Consumed,Generated BOM consumption from active BOM.
3754,682,100,79,45.000,45.900,45.000,0.000,0.900,No,Production Issue Store,BC-0003754,2024-08-07,12,Consumed,Generated BOM consumption from active BOM.
3755,683,101,79,40.000,40.800,40.000,0.000,0.800,No,Production Issue Store,BC-0003755,2024-08-12,12,Consumed,Generated BOM consumption from active BOM.
3756,683,101,26,40.000,40.800,40.000,0.000,0.800,No,Production Issue Store,BC-0003756,2024-08-12,13,Consumed,Generated BOM consumption from active BOM.
3757,684,102,26,98.000,99.960,98.000,0.000,1.960,No,Production Issue Store,BC-0003757,2024-08-08,13,Consumed,Generated BOM consumption from active BOM.
3758,684,102,27,98.000,99.960,98.000,0.000,1.960,No,Production Issue Store,BC-0003758,2024-08-08,1,Consumed,Generated BOM consumption from active BOM.
3759,685,100,27,26.000,26.520,26.000,0.000,0.520,No,Production Issue Store,BC-0003759,2024-08-13,1,Consumed,Generated BOM consumption from active BOM.
3760,685,100,29,46.800,47.736,46.800,0.000,0.936,kg,Production Issue Store,BC-0003760,2024-08-13,3,Consumed,Generated BOM consumption from active BOM.
3761,686,101,30,73.600,75.072,73.600,0.000,1.472,kg,Production Issue Store,BC-0003761,2024-08-13,3,Consumed,Generated BOM consumption from active BOM.
3762,686,101,33,92.000,93.840,92.000,0.000,1.840,m,Production Issue Store,BC-0003762,2024-08-13,4,Consumed,Generated BOM consumption from active BOM.
3763,687,102,34,140.000,142.800,140.000,0.000,2.800,m,Production Issue Store,BC-0003763,2024-08-11,4,Consumed,Generated BOM consumption from active BOM.
3764,687,102,35,28.000,28.560,28.000,0.000,0.560,No,Production Issue Store,BC-0003764,2024-08-11,5,Consumed,Generated BOM consumption from active BOM.
3765,688,100,35,56.000,57.120,56.000,0.000,1.120,No,Production Issue Store,BC-0003765,2024-08-11,5,Consumed,Generated BOM consumption from active BOM.
3766,688,100,38,168.000,171.360,168.000,0.000,3.360,No,Production Issue Store,BC-0003766,2024-08-11,6,Consumed,Generated BOM consumption from active BOM.
3767,689,101,38,78.000,79.560,78.000,0.000,1.560,No,Production Issue Store,BC-0003767,2024-08-12,6,Consumed,Generated BOM consumption from active BOM.
3768,689,101,56,936.000,954.720,936.000,0.000,18.720,No,Production Issue Store,BC-0003768,2024-08-12,7,Consumed,Generated BOM consumption from active BOM.
3769,690,102,57,1680.000,1713.600,1680.000,0.000,33.600,No,Production Issue Store,BC-0003769,2024-08-11,7,Consumed,Generated BOM consumption from active BOM.
3770,690,102,58,1680.000,1713.600,1680.000,0.000,33.600,No,Production Issue Store,BC-0003770,2024-08-11,8,Consumed,Generated BOM consumption from active BOM.
3771,691,100,58,1296.000,1321.920,1296.000,0.000,25.920,No,Production Issue Store,BC-0003771,2024-08-12,8,Consumed,Generated BOM consumption from active BOM.
3772,691,100,59,1296.000,1321.920,1296.000,0.000,25.920,No,Production Issue Store,BC-0003772,2024-08-12,9,Consumed,Generated BOM consumption from active BOM.
3773,692,101,59,180.000,183.600,180.000,0.000,3.600,No,Production Issue Store,BC-0003773,2024-08-11,9,Consumed,Generated BOM consumption from active BOM.
3774,692,101,61,4.000,4.080,4.000,0.000,0.080,m,Production Issue Store,BC-0003774,2024-08-11,10,Consumed,Generated BOM consumption from active BOM.
3775,693,102,62,35.000,35.700,35.000,0.000,0.700,m,Production Issue Store,BC-0003775,2024-08-11,10,Consumed,Generated BOM consumption from active BOM.
3776,693,102,41,35.000,35.700,35.000,0.000,0.700,No,Production Issue Store,BC-0003776,2024-08-11,11,Consumed,Generated BOM consumption from active BOM.
3777,694,100,39,132.000,134.640,132.000,0.000,2.640,No,Production Issue Store,BC-0003777,2024-08-16,11,Consumed,Generated BOM consumption from active BOM.
3778,694,100,40,44.000,44.880,44.000,0.000,0.880,No,Production Issue Store,BC-0003778,2024-08-16,12,Consumed,Generated BOM consumption from active BOM.
3779,695,101,43,56.000,57.120,56.000,0.000,1.120,No,Production Issue Store,BC-0003779,2024-08-11,12,Consumed,Generated BOM consumption from active BOM.
3780,695,101,45,56.000,57.120,56.000,0.000,1.120,No,Production Issue Store,BC-0003780,2024-08-11,13,Consumed,Generated BOM consumption from active BOM.
3781,696,102,46,9.000,9.180,9.000,0.000,0.180,No,Production Issue Store,BC-0003781,2024-08-13,13,Consumed,Generated BOM consumption from active BOM.
3782,696,102,47,9.000,9.180,9.000,0.000,0.180,Set,Production Issue Store,BC-0003782,2024-08-13,1,Consumed,Generated BOM consumption from active BOM.
3783,697,100,47,45.000,45.900,45.000,0.000,0.900,Set,Production Issue Store,BC-0003783,2024-08-14,1,Consumed,Generated BOM consumption from active BOM.
3784,697,100,49,45.000,45.900,45.000,0.000,0.900,No,Production Issue Store,BC-0003784,2024-08-14,3,Consumed,Generated BOM consumption from active BOM.
3785,698,101,50,47.000,47.940,47.000,0.000,0.940,No,Production Issue Store,BC-0003785,2024-08-16,3,Consumed,Generated BOM consumption from active BOM.
3786,698,101,53,282.000,287.640,282.000,0.000,5.640,No,Production Issue Store,BC-0003786,2024-08-16,4,Consumed,Generated BOM consumption from active BOM.
3787,699,102,54,184.000,187.680,184.000,0.000,3.680,No,Production Issue Store,BC-0003787,2024-08-12,4,Consumed,Generated BOM consumption from active BOM.
3788,699,102,65,276.000,281.520,276.000,0.000,5.520,No,Production Issue Store,BC-0003788,2024-08-12,5,Consumed,Generated BOM consumption from active BOM.
3789,700,100,63,376.000,383.520,376.000,0.000,7.520,No,Production Issue Store,BC-0003789,2024-08-17,5,Consumed,Generated BOM consumption from active BOM.
3790,700,100,66,376.000,383.520,376.000,0.000,7.520,No,Production Issue Store,BC-0003790,2024-08-17,6,Consumed,Generated BOM consumption from active BOM.
3791,701,101,67,330.000,336.600,330.000,0.000,6.600,No,Production Issue Store,BC-0003791,2024-08-19,6,Consumed,Generated BOM consumption from active BOM.
3792,701,101,70,330.000,336.600,330.000,0.000,6.600,No,Production Issue Store,BC-0003792,2024-08-19,7,Consumed,Generated BOM consumption from active BOM.
3793,702,102,71,468.000,477.360,468.000,0.000,9.360,No,Production Issue Store,BC-0003793,2024-08-14,7,Consumed,Generated BOM consumption from active BOM.
3794,702,102,74,468.000,477.360,468.000,0.000,9.360,No,Production Issue Store,BC-0003794,2024-08-14,8,Consumed,Generated BOM consumption from active BOM.
3795,703,100,72,200.000,204.000,200.000,0.000,4.000,No,Production Issue Store,BC-0003795,2024-08-15,8,Consumed,Generated BOM consumption from active BOM.
3796,703,100,75,50.000,51.000,50.000,0.000,1.000,No,Production Issue Store,BC-0003796,2024-08-15,9,Consumed,Generated BOM consumption from active BOM.
3797,704,101,76,26.000,26.520,26.000,0.000,0.520,No,Production Issue Store,BC-0003797,2024-08-16,9,Consumed,Generated BOM consumption from active BOM.
3798,704,101,80,2340.000,2386.800,2340.000,0.000,46.800,ml,Production Issue Store,BC-0003798,2024-08-16,10,Consumed,Generated BOM consumption from active BOM.
3799,705,102,80,15000.000,15300.000,15000.000,0.000,300.000,ml,Production Issue Store,BC-0003799,2024-08-17,10,Consumed,Generated BOM consumption from active BOM.
3800,705,102,81,4000.000,4080.000,4000.000,0.000,80.000,g,Production Issue Store,BC-0003800,2024-08-17,11,Consumed,Generated BOM consumption from active BOM.
3801,706,100,81,480.000,489.600,480.000,0.000,9.600,g,Production Issue Store,BC-0003801,2024-08-16,11,Consumed,Generated BOM consumption from active BOM.
3802,706,100,82,80.000,81.600,80.000,0.000,1.600,ml,Production Issue Store,BC-0003802,2024-08-16,12,Consumed,Generated BOM consumption from active BOM.
3803,707,101,82,128.000,130.560,128.000,0.000,2.560,ml,Production Issue Store,BC-0003803,2024-08-18,12,Consumed,Generated BOM consumption from active BOM.
3804,707,101,83,480.000,489.600,480.000,0.000,9.600,g,Production Issue Store,BC-0003804,2024-08-18,13,Consumed,Generated BOM consumption from active BOM.
3805,708,102,83,2700.000,2754.000,2700.000,0.000,54.000,g,Production Issue Store,BC-0003805,2024-08-13,13,Consumed,Generated BOM consumption from active BOM.
3806,708,102,84,13500.000,13770.000,13500.000,0.000,270.000,ml,Production Issue Store,BC-0003806,2024-08-13,1,Consumed,Generated BOM consumption from active BOM.
3807,709,100,84,5600.000,5712.000,5600.000,0.000,112.000,ml,Production Issue Store,BC-0003807,2024-08-14,1,Consumed,Generated BOM consumption from active BOM.
3808,709,100,85,560.000,571.200,560.000,0.000,11.200,g,Production Issue Store,BC-0003808,2024-08-14,3,Consumed,Generated BOM consumption from active BOM.
3809,710,101,85,555.000,566.100,555.000,0.000,11.100,g,Production Issue Store,BC-0003809,2024-08-17,3,Consumed,Generated BOM consumption from active BOM.
3810,710,101,86,296.000,301.920,296.000,0.000,5.920,g,Production Issue Store,BC-0003810,2024-08-17,4,Consumed,Generated BOM consumption from active BOM.
3811,711,102,86,360.000,367.200,360.000,0.000,7.200,g,Production Issue Store,BC-0003811,2024-08-19,4,Consumed,Generated BOM consumption from active BOM.
3812,711,102,87,720.000,734.400,720.000,0.000,14.400,g,Production Issue Store,BC-0003812,2024-08-19,5,Consumed,Generated BOM consumption from active BOM.
3813,712,100,87,230.000,234.600,230.000,0.000,4.600,g,Production Issue Store,BC-0003813,2024-08-16,5,Consumed,Generated BOM consumption from active BOM.
3814,712,100,94,23.000,23.460,23.000,0.000,0.460,No,Production Issue Store,BC-0003814,2024-08-16,6,Consumed,Generated BOM consumption from active BOM.
3815,713,101,94,39.000,39.780,39.000,0.000,0.780,No,Production Issue Store,BC-0003815,2024-08-17,6,Consumed,Generated BOM consumption from active BOM.
3816,713,101,95,39.000,39.780,39.000,0.000,0.780,No,Production Issue Store,BC-0003816,2024-08-17,7,Consumed,Generated BOM consumption from active BOM.
3817,714,102,95,40.000,40.800,40.000,0.000,0.800,No,Production Issue Store,BC-0003817,2024-08-19,7,Consumed,Generated BOM consumption from active BOM.
3818,714,102,96,40.000,40.800,40.000,0.000,0.800,No,Production Issue Store,BC-0003818,2024-08-19,8,Consumed,Generated BOM consumption from active BOM.
3819,715,100,96,31.000,31.620,31.000,0.000,0.620,No,Production Issue Store,BC-0003819,2024-08-21,8,Consumed,Generated BOM consumption from active BOM.
3820,715,100,97,31.000,31.620,31.000,0.000,0.620,No,Production Issue Store,BC-0003820,2024-08-21,9,Consumed,Generated BOM consumption from active BOM.
3821,716,101,97,41.000,41.820,41.000,0.000,0.820,No,Production Issue Store,BC-0003821,2024-08-23,9,Consumed,Generated BOM consumption from active BOM.
3822,716,101,88,41.000,41.820,41.000,0.000,0.820,No,Production Issue Store,BC-0003822,2024-08-23,10,Consumed,Generated BOM consumption from active BOM.
3823,717,102,88,36.000,36.720,36.000,0.000,0.720,No,Production Issue Store,BC-0003823,2024-08-16,10,Consumed,Generated BOM consumption from active BOM.
3824,717,102,89,72.000,73.440,72.000,0.000,1.440,No,Production Issue Store,BC-0003824,2024-08-16,11,Consumed,Generated BOM consumption from active BOM.
3825,718,100,89,108.000,110.160,108.000,0.000,2.160,No,Production Issue Store,BC-0003825,2024-08-23,11,Consumed,Generated BOM consumption from active BOM.
3826,718,100,90,54.000,55.080,54.000,0.000,1.080,Sheet,Production Issue Store,BC-0003826,2024-08-23,12,Consumed,Generated BOM consumption from active BOM.
3827,719,101,90,41.000,41.820,41.000,0.000,0.820,Sheet,Production Issue Store,BC-0003827,2024-08-19,12,Consumed,Generated BOM consumption from active BOM.
3828,719,101,91,41.000,41.820,41.000,0.000,0.820,No,Production Issue Store,BC-0003828,2024-08-19,13,Consumed,Generated BOM consumption from active BOM.
3829,720,102,91,26.000,26.520,26.000,0.000,0.520,No,Production Issue Store,BC-0003829,2024-08-21,13,Consumed,Generated BOM consumption from active BOM.
3830,720,102,92,39.000,39.780,39.000,0.000,0.780,m,Production Issue Store,BC-0003830,2024-08-21,1,Consumed,Generated BOM consumption from active BOM.
3831,721,100,92,40.000,40.800,40.000,0.000,0.800,m,Production Issue Store,BC-0003831,2024-08-19,1,Consumed,Generated BOM consumption from active BOM.
3832,721,100,93,40.000,40.800,40.000,0.000,0.800,No,Production Issue Store,BC-0003832,2024-08-19,3,Consumed,Generated BOM consumption from active BOM.
3833,722,101,93,15.000,15.300,15.000,0.000,0.300,No,Production Issue Store,BC-0003833,2024-08-24,3,Consumed,Generated BOM consumption from active BOM.
3834,722,101,98,15.000,15.300,15.000,0.000,0.300,No,Production Issue Store,BC-0003834,2024-08-24,4,Consumed,Generated BOM consumption from active BOM.
3835,723,102,98,17.000,17.340,17.000,0.000,0.340,No,Production Issue Store,BC-0003835,2024-08-19,4,Consumed,Generated BOM consumption from active BOM.
3836,723,102,99,17.000,17.340,17.000,0.000,0.340,No,Production Issue Store,BC-0003836,2024-08-19,5,Consumed,Generated BOM consumption from active BOM.
3837,724,100,99,51.000,52.020,51.000,0.000,1.020,No,Production Issue Store,BC-0003837,2024-08-21,5,Consumed,Generated BOM consumption from active BOM.
3838,724,100,1,51.000,52.020,51.000,0.000,1.020,No,Production Issue Store,BC-0003838,2024-08-21,6,Consumed,Generated BOM consumption from active BOM.
3839,725,101,2,35.000,35.700,35.000,0.000,0.700,No,Production Issue Store,BC-0003839,2024-08-24,6,Consumed,Generated BOM consumption from active BOM.
3840,725,101,5,35.000,35.700,35.000,0.000,0.700,No,Production Issue Store,BC-0003840,2024-08-24,7,Consumed,Generated BOM consumption from active BOM.
3841,726,102,6,7.000,7.140,7.000,0.000,0.140,No,Production Issue Store,BC-0003841,2024-08-24,7,Consumed,Generated BOM consumption from active BOM.
3842,726,102,9,84.000,85.680,84.000,0.000,1.680,No,Production Issue Store,BC-0003842,2024-08-24,8,Consumed,Generated BOM consumption from active BOM.
3843,727,100,7,200.000,204.000,200.000,0.000,4.000,No,Production Issue Store,BC-0003843,2024-08-27,8,Consumed,Generated BOM consumption from active BOM.
3844,727,100,10,25.000,25.500,25.000,0.000,0.500,No,Production Issue Store,BC-0003844,2024-08-27,9,Consumed,Generated BOM consumption from active BOM.
3845,728,101,11,59.000,60.180,59.000,0.000,1.180,No,Production Issue Store,BC-0003845,2024-08-23,9,Consumed,Generated BOM consumption from active BOM.
3846,728,101,14,59.000,60.180,59.000,0.000,1.180,No,Production Issue Store,BC-0003846,2024-08-23,10,Consumed,Generated BOM consumption from active BOM.
3847,729,102,15,39.000,39.780,39.000,0.000,0.780,No,Production Issue Store,BC-0003847,2024-08-20,10,Consumed,Generated BOM consumption from active BOM.
3848,729,102,18,39.000,39.780,39.000,0.000,0.780,No,Production Issue Store,BC-0003848,2024-08-20,11,Consumed,Generated BOM consumption from active BOM.
3849,730,100,16,53.000,54.060,53.000,0.000,1.060,No,Production Issue Store,BC-0003849,2024-08-20,11,Consumed,Generated BOM consumption from active BOM.
3850,730,100,19,53.000,54.060,53.000,0.000,1.060,No,Production Issue Store,BC-0003850,2024-08-20,12,Consumed,Generated BOM consumption from active BOM.
3851,731,101,19,35.000,35.700,35.000,0.000,0.700,No,Production Issue Store,BC-0003851,2024-08-27,12,Consumed,Generated BOM consumption from active BOM.
3852,731,101,20,35.000,35.700,35.000,0.000,0.700,No,Production Issue Store,BC-0003852,2024-08-27,13,Consumed,Generated BOM consumption from active BOM.
3853,732,102,20,7.000,7.140,7.000,0.000,0.140,No,Production Issue Store,BC-0003853,2024-08-26,13,Consumed,Generated BOM consumption from active BOM.
3854,732,102,25,14.000,14.280,14.000,0.000,0.280,No,Production Issue Store,BC-0003854,2024-08-26,1,Consumed,Generated BOM consumption from active BOM.
3855,733,100,23,30.000,30.600,30.000,0.000,0.600,No,Production Issue Store,BC-0003855,2024-08-25,1,Consumed,Generated BOM consumption from active BOM.
3856,733,100,21,15.000,15.300,15.000,0.000,0.300,No,Production Issue Store,BC-0003856,2024-08-25,3,Consumed,Generated BOM consumption from active BOM.
3857,734,101,21,10.000,10.200,10.000,0.000,0.200,No,Production Issue Store,BC-0003857,2024-08-25,3,Consumed,Generated BOM consumption from active BOM.
3858,734,101,78,20.000,20.400,20.000,0.000,0.400,No,Production Issue Store,BC-0003858,2024-08-25,4,Consumed,Generated BOM consumption from active BOM.
3859,735,102,78,90.000,91.800,90.000,0.000,1.800,No,Production Issue Store,BC-0003859,2024-08-29,4,Consumed,Generated BOM consumption from active BOM.
3860,735,102,79,90.000,91.800,90.000,0.000,1.800,No,Production Issue Store,BC-0003860,2024-08-29,5,Consumed,Generated BOM consumption from active BOM.
3861,736,100,79,48.000,48.960,48.000,0.000,0.960,No,Production Issue Store,BC-0003861,2024-08-23,5,Consumed,Generated BOM consumption from active BOM.
3862,736,100,26,48.000,48.960,48.000,0.000,0.960,No,Production Issue Store,BC-0003862,2024-08-23,6,Consumed,Generated BOM consumption from active BOM.
3863,737,101,26,58.000,59.160,58.000,0.000,1.160,No,Production Issue Store,BC-0003863,2024-08-28,6,Consumed,Generated BOM consumption from active BOM.
3864,737,101,27,29.000,29.580,29.000,0.000,0.580,No,Production Issue Store,BC-0003864,2024-08-28,7,Consumed,Generated BOM consumption from active BOM.
3865,738,102,27,86.000,87.720,86.000,0.000,1.720,No,Production Issue Store,BC-0003865,2024-08-25,7,Consumed,Generated BOM consumption from active BOM.
3866,738,102,31,279.500,285.090,279.500,0.000,5.590,kg,Production Issue Store,BC-0003866,2024-08-25,8,Consumed,Generated BOM consumption from active BOM.
3867,739,100,29,61.200,62.424,61.200,0.000,1.224,kg,Production Issue Store,BC-0003867,2024-08-24,8,Consumed,Generated BOM consumption from active BOM.
3868,739,100,32,102.000,104.040,102.000,0.000,2.040,m,Production Issue Store,BC-0003868,2024-08-24,9,Consumed,Generated BOM consumption from active BOM.
3869,740,101,33,184.000,187.680,184.000,0.000,3.680,m,Production Issue Store,BC-0003869,2024-08-23,9,Consumed,Generated BOM consumption from active BOM.
3870,740,101,35,46.000,46.920,46.000,0.000,0.920,No,Production Issue Store,BC-0003870,2024-08-23,10,Consumed,Generated BOM consumption from active BOM.
3871,741,102,35,42.000,42.840,42.000,0.000,0.840,No,Production Issue Store,BC-0003871,2024-08-28,10,Consumed,Generated BOM consumption from active BOM.
3872,741,102,38,126.000,128.520,126.000,0.000,2.520,No,Production Issue Store,BC-0003872,2024-08-28,11,Consumed,Generated BOM consumption from active BOM.
3873,742,100,38,93.000,94.860,93.000,0.000,1.860,No,Production Issue Store,BC-0003873,2024-08-28,11,Consumed,Generated BOM consumption from active BOM.
3874,742,100,55,744.000,758.880,744.000,0.000,14.880,No,Production Issue Store,BC-0003874,2024-08-28,12,Consumed,Generated BOM consumption from active BOM.
3875,743,101,56,1476.000,1505.520,1476.000,0.000,29.520,No,Production Issue Store,BC-0003875,2024-08-26,12,Consumed,Generated BOM consumption from active BOM.
3876,743,101,58,1476.000,1505.520,1476.000,0.000,29.520,No,Production Issue Store,BC-0003876,2024-08-26,13,Consumed,Generated BOM consumption from active BOM.
3877,744,102,58,1008.000,1028.160,1008.000,0.000,20.160,No,Production Issue Store,BC-0003877,2024-08-25,13,Consumed,Generated BOM consumption from active BOM.
3878,744,102,59,1008.000,1028.160,1008.000,0.000,20.160,No,Production Issue Store,BC-0003878,2024-08-25,1,Consumed,Generated BOM consumption from active BOM.
3879,745,100,59,1056.000,1077.120,1056.000,0.000,21.120,No,Production Issue Store,BC-0003879,2024-08-31,1,Consumed,Generated BOM consumption from active BOM.
3880,745,100,60,22.000,22.440,22.000,0.000,0.440,m,Production Issue Store,BC-0003880,2024-08-31,3,Consumed,Generated BOM consumption from active BOM.
3881,746,101,61,44.000,44.880,44.000,0.000,0.880,m,Production Issue Store,BC-0003881,2024-08-24,3,Consumed,Generated BOM consumption from active BOM.
3882,746,101,41,55.000,56.100,55.000,0.000,1.100,No,Production Issue Store,BC-0003882,2024-08-24,4,Consumed,Generated BOM consumption from active BOM.
3883,747,102,41,14.000,14.280,14.000,0.000,0.280,No,Production Issue Store,BC-0003883,2024-08-25,4,Consumed,Generated BOM consumption from active BOM.
3884,747,102,43,28.000,28.560,28.000,0.000,0.560,No,Production Issue Store,BC-0003884,2024-08-25,5,Consumed,Generated BOM consumption from active BOM.
3885,748,100,40,41.000,41.820,41.000,0.000,0.820,No,Production Issue Store,BC-0003885,2024-08-30,5,Consumed,Generated BOM consumption from active BOM.
3886,748,100,45,41.000,41.820,41.000,0.000,0.820,No,Production Issue Store,BC-0003886,2024-08-30,6,Consumed,Generated BOM consumption from active BOM.
3887,749,101,45,12.000,12.240,12.000,0.000,0.240,No,Production Issue Store,BC-0003887,2024-08-26,6,Consumed,Generated BOM consumption from active BOM.
3888,749,101,47,12.000,12.240,12.000,0.000,0.240,Set,Production Issue Store,BC-0003888,2024-08-26,7,Consumed,Generated BOM consumption from active BOM.
3889,750,102,47,25.000,25.500,25.000,0.000,0.500,Set,Production Issue Store,BC-0003889,2024-08-28,7,Consumed,Generated BOM consumption from active BOM.
3890,750,102,51,25.000,25.500,25.000,0.000,0.500,No,Production Issue Store,BC-0003890,2024-08-28,8,Consumed,Generated BOM consumption from active BOM.
3891,751,100,49,42.000,42.840,42.000,0.000,0.840,No,Production Issue Store,BC-0003891,2024-08-27,8,Consumed,Generated BOM consumption from active BOM.
3892,751,100,52,210.000,214.200,210.000,0.000,4.200,No,Production Issue Store,BC-0003892,2024-08-27,9,Consumed,Generated BOM consumption from active BOM.
3893,752,101,53,114.000,116.280,114.000,0.000,2.280,No,Production Issue Store,BC-0003893,2024-08-29,9,Consumed,Generated BOM consumption from active BOM.
3894,752,101,65,190.000,193.800,190.000,0.000,3.800,No,Production Issue Store,BC-0003894,2024-08-29,10,Consumed,Generated BOM consumption from active BOM.
3895,753,102,65,204.000,208.080,204.000,0.000,4.080,No,Production Issue Store,BC-0003895,2024-08-30,10,Consumed,Generated BOM consumption from active BOM.
3896,753,102,68,204.000,208.080,204.000,0.000,4.080,No,Production Issue Store,BC-0003896,2024-08-30,11,Consumed,Generated BOM consumption from active BOM.
3897,754,100,66,192.000,195.840,192.000,0.000,3.840,No,Production Issue Store,BC-0003897,2024-09-03,11,Consumed,Generated BOM consumption from active BOM.
3898,754,100,69,192.000,195.840,192.000,0.000,3.840,No,Production Issue Store,BC-0003898,2024-09-03,12,Consumed,Generated BOM consumption from active BOM.
3899,755,101,70,100.000,102.000,100.000,0.000,2.000,No,Production Issue Store,BC-0003899,2024-09-04,12,Consumed,Generated BOM consumption from active BOM.
3900,755,101,73,100.000,102.000,100.000,0.000,2.000,No,Production Issue Store,BC-0003900,2024-09-04,13,Consumed,Generated BOM consumption from active BOM.
3901,756,102,74,492.000,501.840,492.000,0.000,9.840,No,Production Issue Store,BC-0003901,2024-08-31,13,Consumed,Generated BOM consumption from active BOM.
3902,756,102,77,82.000,83.640,82.000,0.000,1.640,No,Production Issue Store,BC-0003902,2024-08-31,1,Consumed,Generated BOM consumption from active BOM.
3903,757,100,75,24.000,24.480,24.000,0.000,0.480,No,Production Issue Store,BC-0003903,2024-08-30,1,Consumed,Generated BOM consumption from active BOM.
3904,757,100,80,1200.000,1224.000,1200.000,0.000,24.000,ml,Production Issue Store,BC-0003904,2024-08-30,3,Consumed,Generated BOM consumption from active BOM.
3905,758,101,80,3960.000,4039.200,3960.000,0.000,79.200,ml,Production Issue Store,BC-0003905,2024-09-04,3,Consumed,Generated BOM consumption from active BOM.
3906,758,101,81,990.000,1009.800,990.000,0.000,19.800,g,Production Issue Store,BC-0003906,2024-09-04,4,Consumed,Generated BOM consumption from active BOM.
3907,759,102,81,1680.000,1713.600,1680.000,0.000,33.600,g,Production Issue Store,BC-0003907,2024-09-04,4,Consumed,Generated BOM consumption from active BOM.
3908,759,102,82,210.000,214.200,210.000,0.000,4.200,ml,Production Issue Store,BC-0003908,2024-09-04,5,Consumed,Generated BOM consumption from active BOM.
3909,760,100,82,295.000,300.900,295.000,0.000,5.900,ml,Production Issue Store,BC-0003909,2024-09-02,5,Consumed,Generated BOM consumption from active BOM.
3910,760,100,83,1180.000,1203.600,1180.000,0.000,23.600,g,Production Issue Store,BC-0003910,2024-09-02,6,Consumed,Generated BOM consumption from active BOM.
3911,761,101,83,1740.000,1774.800,1740.000,0.000,34.800,g,Production Issue Store,BC-0003911,2024-08-31,6,Consumed,Generated BOM consumption from active BOM.
3912,761,101,84,8700.000,8874.000,8700.000,0.000,174.000,ml,Production Issue Store,BC-0003912,2024-08-31,7,Consumed,Generated BOM consumption from active BOM.
3913,762,102,84,2000.000,2040.000,2000.000,0.000,40.000,ml,Production Issue Store,BC-0003913,2024-08-30,7,Consumed,Generated BOM consumption from active BOM.
3914,762,102,85,160.000,163.200,160.000,0.000,3.200,g,Production Issue Store,BC-0003914,2024-08-30,8,Consumed,Generated BOM consumption from active BOM.
3915,763,100,85,130.000,132.600,130.000,0.000,2.600,g,Production Issue Store,BC-0003915,2024-09-05,8,Consumed,Generated BOM consumption from active BOM.
3916,763,100,86,65.000,66.300,65.000,0.000,1.300,g,Production Issue Store,BC-0003916,2024-09-05,9,Consumed,Generated BOM consumption from active BOM.
3917,764,101,86,376.000,383.520,376.000,0.000,7.520,g,Production Issue Store,BC-0003917,2024-09-03,9,Consumed,Generated BOM consumption from active BOM.
3918,764,101,87,705.000,719.100,705.000,0.000,14.100,g,Production Issue Store,BC-0003918,2024-09-03,10,Consumed,Generated BOM consumption from active BOM.
3919,765,102,87,420.000,428.400,420.000,0.000,8.400,g,Production Issue Store,BC-0003919,2024-08-30,10,Consumed,Generated BOM consumption from active BOM.
3920,765,102,94,21.000,21.420,21.000,0.000,0.420,No,Production Issue Store,BC-0003920,2024-08-30,11,Consumed,Generated BOM consumption from active BOM.
3921,766,100,94,39.000,39.780,39.000,0.000,0.780,No,Production Issue Store,BC-0003921,2024-09-05,11,Consumed,Generated BOM consumption from active BOM.
3922,766,100,95,39.000,39.780,39.000,0.000,0.780,No,Production Issue Store,BC-0003922,2024-09-05,12,Consumed,Generated BOM consumption from active BOM.
3923,767,101,95,56.000,57.120,56.000,0.000,1.120,No,Production Issue Store,BC-0003923,2024-09-07,12,Consumed,Generated BOM consumption from active BOM.
3924,767,101,96,56.000,57.120,56.000,0.000,1.120,No,Production Issue Store,BC-0003924,2024-09-07,13,Consumed,Generated BOM consumption from active BOM.
3925,768,102,96,13.000,13.260,13.000,0.000,0.260,No,Production Issue Store,BC-0003925,2024-09-04,13,Consumed,Generated BOM consumption from active BOM.
3926,768,102,97,13.000,13.260,13.000,0.000,0.260,No,Production Issue Store,BC-0003926,2024-09-04,1,Consumed,Generated BOM consumption from active BOM.
3927,769,100,97,57.000,58.140,57.000,0.000,1.140,No,Production Issue Store,BC-0003927,2024-08-31,1,Consumed,Generated BOM consumption from active BOM.
3928,769,100,88,57.000,58.140,57.000,0.000,1.140,No,Production Issue Store,BC-0003928,2024-08-31,3,Consumed,Generated BOM consumption from active BOM.
3929,770,101,88,7.000,7.140,7.000,0.000,0.140,No,Production Issue Store,BC-0003929,2024-09-03,3,Consumed,Generated BOM consumption from active BOM.
3930,770,101,89,14.000,14.280,14.000,0.000,0.280,No,Production Issue Store,BC-0003930,2024-09-03,4,Consumed,Generated BOM consumption from active BOM.
3931,771,102,89,36.000,36.720,36.000,0.000,0.720,No,Production Issue Store,BC-0003931,2024-09-07,4,Consumed,Generated BOM consumption from active BOM.
3932,771,102,90,36.000,36.720,36.000,0.000,0.720,sheets,Production Issue Store,BC-0003932,2024-09-07,5,Consumed,Generated BOM consumption from active BOM.
3933,772,100,90,32.000,32.640,32.000,0.000,0.640,Sheet,Production Issue Store,BC-0003933,2024-09-07,5,Consumed,Generated BOM consumption from active BOM.
3934,772,100,91,32.000,32.640,32.000,0.000,0.640,No,Production Issue Store,BC-0003934,2024-09-07,6,Consumed,Generated BOM consumption from active BOM.
3935,773,101,91,55.000,56.100,55.000,0.000,1.100,No,Production Issue Store,BC-0003935,2024-09-07,6,Consumed,Generated BOM consumption from active BOM.
3936,773,101,92,66.000,67.320,66.000,0.000,1.320,m,Production Issue Store,BC-0003936,2024-09-07,7,Consumed,Generated BOM consumption from active BOM.
3937,774,102,92,54.000,55.080,54.000,0.000,1.080,m,Production Issue Store,BC-0003937,2024-09-03,7,Consumed,Generated BOM consumption from active BOM.
3938,774,102,93,72.000,73.440,72.000,0.000,1.440,No,Production Issue Store,BC-0003938,2024-09-03,8,Consumed,Generated BOM consumption from active BOM.
3939,775,100,93,10.000,10.200,10.000,0.000,0.200,No,Production Issue Store,BC-0003939,2024-09-02,8,Consumed,Generated BOM consumption from active BOM.
3940,775,100,98,10.000,10.200,10.000,0.000,0.200,No,Production Issue Store,BC-0003940,2024-09-02,9,Consumed,Generated BOM consumption from active BOM.
3941,776,101,98,19.000,19.380,19.000,0.000,0.380,No,Production Issue Store,BC-0003941,2024-09-09,9,Consumed,Generated BOM consumption from active BOM.
3942,776,101,99,19.000,19.380,19.000,0.000,0.380,No,Production Issue Store,BC-0003942,2024-09-09,10,Consumed,Generated BOM consumption from active BOM.
3943,777,102,99,45.000,45.900,45.000,0.000,0.900,No,Production Issue Store,BC-0003943,2024-09-04,10,Consumed,Generated BOM consumption from active BOM.
3944,777,102,2,45.000,45.900,45.000,0.000,0.900,No,Production Issue Store,BC-0003944,2024-09-04,11,Consumed,Generated BOM consumption from active BOM.
3945,778,100,1,36.000,36.720,36.000,0.000,0.720,No,Production Issue Store,BC-0003945,2024-09-07,11,Consumed,Generated BOM consumption from active BOM.
3946,778,100,4,36.000,36.720,36.000,0.000,0.720,No,Production Issue Store,BC-0003946,2024-09-07,12,Consumed,Generated BOM consumption from active BOM.
3947,779,101,5,4.000,4.080,4.000,0.000,0.080,No,Production Issue Store,BC-0003947,2024-09-09,12,Consumed,Generated BOM consumption from active BOM.
3948,779,101,8,40.000,40.800,40.000,0.000,0.800,No,Production Issue Store,BC-0003948,2024-09-09,13,Consumed,Generated BOM consumption from active BOM.
3949,780,102,9,384.000,391.680,384.000,0.000,7.680,No,Production Issue Store,BC-0003949,2024-09-09,13,Consumed,Generated BOM consumption from active BOM.
3950,780,102,12,32.000,32.640,32.000,0.000,0.640,No,Production Issue Store,BC-0003950,2024-09-09,1,Consumed,Generated BOM consumption from active BOM.
3951,781,100,10,26.000,26.520,26.000,0.000,0.520,No,Production Issue Store,BC-0003951,2024-09-05,1,Consumed,Generated BOM consumption from active BOM.
3952,781,100,13,26.000,26.520,26.000,0.000,0.520,No,Production Issue Store,BC-0003952,2024-09-05,3,Consumed,Generated BOM consumption from active BOM.
3953,782,101,14,4.000,4.080,4.000,0.000,0.080,No,Production Issue Store,BC-0003953,2024-09-05,3,Consumed,Generated BOM consumption from active BOM.
3954,782,101,17,4.000,4.080,4.000,0.000,0.080,No,Production Issue Store,BC-0003954,2024-09-05,4,Consumed,Generated BOM consumption from active BOM.
3955,783,102,18,19.000,19.380,19.000,0.000,0.380,No,Production Issue Store,BC-0003955,2024-09-06,4,Consumed,Generated BOM consumption from active BOM.
3956,783,102,19,19.000,19.380,19.000,0.000,0.380,No,Production Issue Store,BC-0003956,2024-09-06,5,Consumed,Generated BOM consumption from active BOM.
3957,784,100,19,57.000,58.140,57.000,0.000,1.140,No,Production Issue Store,BC-0003957,2024-09-06,5,Consumed,Generated BOM consumption from active BOM.
3958,784,100,20,57.000,58.140,57.000,0.000,1.140,No,Production Issue Store,BC-0003958,2024-09-06,6,Consumed,Generated BOM consumption from active BOM.
3959,785,101,20,44.000,44.880,44.000,0.000,0.880,No,Production Issue Store,BC-0003959,2024-09-05,6,Consumed,Generated BOM consumption from active BOM.
3960,785,101,24,88.000,89.760,88.000,0.000,1.760,No,Production Issue Store,BC-0003960,2024-09-05,7,Consumed,Generated BOM consumption from active BOM.
3961,786,102,25,14.000,14.280,14.000,0.000,0.280,No,Production Issue Store,BC-0003961,2024-09-08,7,Consumed,Generated BOM consumption from active BOM.
3962,786,102,21,7.000,7.140,7.000,0.000,0.140,No,Production Issue Store,BC-0003962,2024-09-08,8,Consumed,Generated BOM consumption from active BOM.
3963,787,100,21,4.000,4.080,4.000,0.000,0.080,No,Production Issue Store,BC-0003963,2024-09-05,8,Consumed,Generated BOM consumption from active BOM.
3964,787,100,78,4.000,4.080,4.000,0.000,0.080,No,Production Issue Store,BC-0003964,2024-09-05,9,Consumed,Generated BOM consumption from active BOM.
3965,788,101,78,50.000,51.000,50.000,0.000,1.000,No,Production Issue Store,BC-0003965,2024-09-05,9,Consumed,Generated BOM consumption from active BOM.
3966,788,101,79,50.000,51.000,50.000,0.000,1.000,No,Production Issue Store,BC-0003966,2024-09-05,10,Consumed,Generated BOM consumption from active BOM.
3967,789,102,79,62.000,63.240,62.000,0.000,1.240,No,Production Issue Store,BC-0003967,2024-09-07,10,Consumed,Generated BOM consumption from active BOM.
3968,789,102,26,62.000,63.240,62.000,0.000,1.240,No,Production Issue Store,BC-0003968,2024-09-07,11,Consumed,Generated BOM consumption from active BOM.
3969,790,100,26,29.000,29.580,29.000,0.000,0.580,No,Production Issue Store,BC-0003969,2024-09-07,11,Consumed,Generated BOM consumption from active BOM.
3970,790,100,27,29.000,29.580,29.000,0.000,0.580,No,Production Issue Store,BC-0003970,2024-09-07,12,Consumed,Generated BOM consumption from active BOM.
3971,791,101,27,45.000,45.900,45.000,0.000,0.900,No,Production Issue Store,BC-0003971,2024-09-09,12,Consumed,Generated BOM consumption from active BOM.
3972,791,101,30,144.000,146.880,144.000,0.000,2.880,kg,Production Issue Store,BC-0003972,2024-09-09,13,Consumed,Generated BOM consumption from active BOM.
3973,792,102,31,91.000,92.820,91.000,0.000,1.820,kg,Production Issue Store,BC-0003973,2024-09-10,13,Consumed,Generated BOM consumption from active BOM.
3974,792,102,34,70.000,71.400,70.000,0.000,1.400,m,Production Issue Store,BC-0003974,2024-09-10,1,Consumed,Generated BOM consumption from active BOM.
3975,793,100,32,18.000,18.360,18.000,0.000,0.360,m,Production Issue Store,BC-0003975,2024-09-13,1,Consumed,Generated BOM consumption from active BOM.
3976,793,100,35,6.000,6.120,6.000,0.000,0.120,No,Production Issue Store,BC-0003976,2024-09-13,3,Consumed,Generated BOM consumption from active BOM.
3977,794,101,35,43.000,43.860,43.000,0.000,0.860,No,Production Issue Store,BC-0003977,2024-09-08,3,Consumed,Generated BOM consumption from active BOM.
3978,794,101,38,129.000,131.580,129.000,0.000,2.580,No,Production Issue Store,BC-0003978,2024-09-08,4,Consumed,Generated BOM consumption from active BOM.
3979,795,102,38,165.000,168.300,165.000,0.000,3.300,No,Production Issue Store,BC-0003979,2024-09-10,4,Consumed,Generated BOM consumption from active BOM.
3980,795,102,57,2640.000,2692.800,2640.000,0.000,52.800,No,Production Issue Store,BC-0003980,2024-09-10,5,Consumed,Generated BOM consumption from active BOM.
3981,796,100,55,336.000,342.720,336.000,0.000,6.720,No,Production Issue Store,BC-0003981,2024-09-12,5,Consumed,Generated BOM consumption from active BOM.
3982,796,100,58,336.000,342.720,336.000,0.000,6.720,No,Production Issue Store,BC-0003982,2024-09-12,6,Consumed,Generated BOM consumption from active BOM.
3983,797,101,58,864.000,881.280,864.000,0.000,17.280,No,Production Issue Store,BC-0003983,2024-09-13,6,Consumed,Generated BOM consumption from active BOM.
3984,797,101,59,864.000,881.280,864.000,0.000,17.280,No,Production Issue Store,BC-0003984,2024-09-13,7,Consumed,Generated BOM consumption from active BOM.
3985,798,102,59,1872.000,1909.440,1872.000,0.000,37.440,No,Production Issue Store,BC-0003985,2024-09-15,7,Consumed,Generated BOM consumption from active BOM.
3986,798,102,62,39.000,39.780,39.000,0.000,0.780,m,Production Issue Store,BC-0003986,2024-09-15,8,Consumed,Generated BOM consumption from active BOM.
3987,799,100,60,7.500,7.650,7.500,0.000,0.150,m,Production Issue Store,BC-0003987,2024-09-14,8,Consumed,Generated BOM consumption from active BOM.
3988,799,100,39,45.000,45.900,45.000,0.000,0.900,No,Production Issue Store,BC-0003988,2024-09-14,9,Consumed,Generated BOM consumption from active BOM.
3989,800,101,41,52.000,53.040,52.000,0.000,1.040,No,Production Issue Store,BC-0003989,2024-09-11,9,Consumed,Generated BOM consumption from active BOM.
3990,800,101,43,52.000,53.040,52.000,0.000,1.040,No,Production Issue Store,BC-0003990,2024-09-11,10,Consumed,Generated BOM consumption from active BOM.
3991,801,102,43,36.000,36.720,36.000,0.000,0.720,No,Production Issue Store,BC-0003991,2024-09-13,10,Consumed,Generated BOM consumption from active BOM.
3992,801,102,46,18.000,18.360,18.000,0.000,0.360,No,Production Issue Store,BC-0003992,2024-09-13,11,Consumed,Generated BOM consumption from active BOM.
3993,802,100,45,34.000,34.680,34.000,0.000,0.680,No,Production Issue Store,BC-0003993,2024-09-15,11,Consumed,Generated BOM consumption from active BOM.
3994,802,100,47,34.000,34.680,34.000,0.000,0.680,Set,Production Issue Store,BC-0003994,2024-09-15,12,Consumed,Generated BOM consumption from active BOM.
3995,803,101,47,24.000,24.480,24.000,0.000,0.480,Set,Production Issue Store,BC-0003995,2024-09-12,12,Consumed,Generated BOM consumption from active BOM.
3996,803,101,50,24.000,24.480,24.000,0.000,0.480,No,Production Issue Store,BC-0003996,2024-09-12,13,Consumed,Generated BOM consumption from active BOM.
3997,804,102,51,40.000,40.800,40.000,0.000,0.800,No,Production Issue Store,BC-0003997,2024-09-13,13,Consumed,Generated BOM consumption from active BOM.
3998,804,102,54,320.000,326.400,320.000,0.000,6.400,No,Production Issue Store,BC-0003998,2024-09-13,1,Consumed,Generated BOM consumption from active BOM.
3999,805,100,52,80.000,81.600,80.000,0.000,1.600,No,Production Issue Store,BC-0003999,2024-09-11,1,Consumed,Generated BOM consumption from active BOM.
4000,805,100,63,128.000,130.560,128.000,0.000,2.560,No,Production Issue Store,BC-0004000,2024-09-11,3,Consumed,Generated BOM consumption from active BOM.
4001,806,101,65,110.000,112.200,110.000,0.000,2.200,No,Production Issue Store,BC-0004001,2024-09-10,3,Consumed,Generated BOM consumption from active BOM.
4002,806,101,67,110.000,112.200,110.000,0.000,2.200,No,Production Issue Store,BC-0004002,2024-09-10,4,Consumed,Generated BOM consumption from active BOM.
4003,807,102,68,372.000,379.440,372.000,0.000,7.440,No,Production Issue Store,BC-0004003,2024-09-12,4,Consumed,Generated BOM consumption from active BOM.
4004,807,102,71,372.000,379.440,372.000,0.000,7.440,No,Production Issue Store,BC-0004004,2024-09-12,5,Consumed,Generated BOM consumption from active BOM.
4005,808,100,69,432.000,440.640,432.000,0.000,8.640,No,Production Issue Store,BC-0004005,2024-09-14,5,Consumed,Generated BOM consumption from active BOM.
4006,808,100,72,432.000,440.640,432.000,0.000,8.640,No,Production Issue Store,BC-0004006,2024-09-14,6,Consumed,Generated BOM consumption from active BOM.
4007,809,101,73,390.000,397.800,390.000,0.000,7.800,No,Production Issue Store,BC-0004007,2024-09-11,6,Consumed,Generated BOM consumption from active BOM.
4008,809,101,76,78.000,79.560,78.000,0.000,1.560,No,Production Issue Store,BC-0004008,2024-09-11,7,Consumed,Generated BOM consumption from active BOM.
4009,810,102,77,96.000,97.920,96.000,0.000,1.920,No,Production Issue Store,BC-0004009,2024-09-16,7,Consumed,Generated BOM consumption from active BOM.
4010,810,102,80,14400.000,14688.000,14400.000,0.000,288.000,ml,Production Issue Store,BC-0004010,2024-09-16,8,Consumed,Generated BOM consumption from active BOM.
4011,811,100,80,3000.000,3060.000,3000.000,0.000,60.000,ml,Production Issue Store,BC-0004011,2024-09-16,8,Consumed,Generated BOM consumption from active BOM.
4012,811,100,81,900.000,918.000,900.000,0.000,18.000,g,Production Issue Store,BC-0004012,2024-09-16,9,Consumed,Generated BOM consumption from active BOM.
4013,812,101,81,495.000,504.900,495.000,0.000,9.900,g,Production Issue Store,BC-0004013,2024-09-18,9,Consumed,Generated BOM consumption from active BOM.
4014,812,101,82,88.000,89.760,88.000,0.000,1.760,ml,Production Issue Store,BC-0004014,2024-09-18,10,Consumed,Generated BOM consumption from active BOM.
4015,813,102,82,270.000,275.400,270.000,0.000,5.400,ml,Production Issue Store,BC-0004015,2024-09-11,10,Consumed,Generated BOM consumption from active BOM.
4016,813,102,83,1350.000,1377.000,1350.000,0.000,27.000,g,Production Issue Store,BC-0004016,2024-09-11,11,Consumed,Generated BOM consumption from active BOM.
4017,814,100,83,1180.000,1203.600,1180.000,0.000,23.600,g,Production Issue Store,BC-0004017,2024-09-18,11,Consumed,Generated BOM consumption from active BOM.
4018,814,100,84,5900.000,6018.000,5900.000,0.000,118.000,ml,Production Issue Store,BC-0004018,2024-09-18,12,Consumed,Generated BOM consumption from active BOM.
4019,815,101,84,7050.000,7191.000,7050.000,0.000,141.000,ml,Production Issue Store,BC-0004019,2024-09-19,12,Consumed,Generated BOM consumption from active BOM.
4020,815,101,85,705.000,719.100,705.000,0.000,14.100,g,Production Issue Store,BC-0004020,2024-09-19,13,Consumed,Generated BOM consumption from active BOM.
4021,816,102,85,860.000,877.200,860.000,0.000,17.200,g,Production Issue Store,BC-0004021,2024-09-18,13,Consumed,Generated BOM consumption from active BOM.
4022,816,102,86,430.000,438.600,430.000,0.000,8.600,g,Production Issue Store,BC-0004022,2024-09-18,1,Consumed,Generated BOM consumption from active BOM.
4023,817,100,86,100.000,102.000,100.000,0.000,2.000,g,Production Issue Store,BC-0004023,2024-09-14,1,Consumed,Generated BOM consumption from active BOM.
4024,817,100,87,200.000,204.000,200.000,0.000,4.000,g,Production Issue Store,BC-0004024,2024-09-14,3,Consumed,Generated BOM consumption from active BOM.
4025,818,101,87,585.000,596.700,585.000,0.000,11.700,g,Production Issue Store,BC-0004025,2024-09-17,3,Consumed,Generated BOM consumption from active BOM.
4026,818,101,94,39.000,39.780,39.000,0.000,0.780,No,Production Issue Store,BC-0004026,2024-09-17,4,Consumed,Generated BOM consumption from active BOM.
4027,819,102,94,37.000,37.740,37.000,0.000,0.740,No,Production Issue Store,BC-0004027,2024-09-18,4,Consumed,Generated BOM consumption from active BOM.
4028,819,102,95,37.000,37.740,37.000,0.000,0.740,No,Production Issue Store,BC-0004028,2024-09-18,5,Consumed,Generated BOM consumption from active BOM.
4029,820,100,95,40.000,40.800,40.000,0.000,0.800,No,Production Issue Store,BC-0004029,2024-09-15,5,Consumed,Generated BOM consumption from active BOM.
4030,820,100,96,40.000,40.800,40.000,0.000,0.800,No,Production Issue Store,BC-0004030,2024-09-15,6,Consumed,Generated BOM consumption from active BOM.
4031,821,101,96,54.000,55.080,54.000,0.000,1.080,No,Production Issue Store,BC-0004031,2024-09-19,6,Consumed,Generated BOM consumption from active BOM.
4032,821,101,97,54.000,55.080,54.000,0.000,1.080,No,Production Issue Store,BC-0004032,2024-09-19,7,Consumed,Generated BOM consumption from active BOM.
4033,822,102,97,42.000,42.840,42.000,0.000,0.840,No,Production Issue Store,BC-0004033,2024-09-20,7,Consumed,Generated BOM consumption from active BOM.
4034,822,102,88,42.000,42.840,42.000,0.000,0.840,No,Production Issue Store,BC-0004034,2024-09-20,8,Consumed,Generated BOM consumption from active BOM.
4035,823,100,88,17.000,17.340,17.000,0.000,0.340,No,Production Issue Store,BC-0004035,2024-09-15,8,Consumed,Generated BOM consumption from active BOM.
4036,823,100,89,34.000,34.680,34.000,0.000,0.680,No,Production Issue Store,BC-0004036,2024-09-15,9,Consumed,Generated BOM consumption from active BOM.
4037,824,101,89,34.000,34.680,34.000,0.000,0.680,No,Production Issue Store,BC-0004037,2024-09-19,9,Consumed,Generated BOM consumption from active BOM.
4038,824,101,90,17.000,17.340,17.000,0.000,0.340,Sheet,Production Issue Store,BC-0004038,2024-09-19,10,Consumed,Generated BOM consumption from active BOM.
4039,825,102,90,76.000,77.520,76.000,0.000,1.520,sheets,Production Issue Store,BC-0004039,2024-09-21,10,Consumed,Generated BOM consumption from active BOM.
4040,825,102,91,38.000,38.760,38.000,0.000,0.760,No,Production Issue Store,BC-0004040,2024-09-21,11,Consumed,Generated BOM consumption from active BOM.
4041,826,100,91,51.000,52.020,51.000,0.000,1.020,No,Production Issue Store,BC-0004041,2024-09-22,11,Consumed,Generated BOM consumption from active BOM.
4042,826,100,92,51.000,52.020,51.000,0.000,1.020,m,Production Issue Store,BC-0004042,2024-09-22,12,Consumed,Generated BOM consumption from active BOM.
4043,827,101,92,68.400,69.768,68.400,0.000,1.368,m,Production Issue Store,BC-0004043,2024-09-21,12,Consumed,Generated BOM consumption from active BOM.
4044,827,101,93,57.000,58.140,57.000,0.000,1.140,No,Production Issue Store,BC-0004044,2024-09-21,13,Consumed,Generated BOM consumption from active BOM.
4045,828,102,93,76.000,77.520,76.000,0.000,1.520,No,Production Issue Store,BC-0004045,2024-09-24,13,Consumed,Generated BOM consumption from active BOM.
4046,828,102,98,38.000,38.760,38.000,0.000,0.760,No,Production Issue Store,BC-0004046,2024-09-24,1,Consumed,Generated BOM consumption from active BOM.
4047,829,100,98,33.000,33.660,33.000,0.000,0.660,No,Production Issue Store,BC-0004047,2024-09-19,1,Consumed,Generated BOM consumption from active BOM.
4048,829,100,99,33.000,33.660,33.000,0.000,0.660,No,Production Issue Store,BC-0004048,2024-09-19,3,Consumed,Generated BOM consumption from active BOM.
4049,830,101,99,51.000,52.020,51.000,0.000,1.020,No,Production Issue Store,BC-0004049,2024-09-22,3,Consumed,Generated BOM consumption from active BOM.
4050,830,101,2,51.000,52.020,51.000,0.000,1.020,No,Production Issue Store,BC-0004050,2024-09-22,4,Consumed,Generated BOM consumption from active BOM.
4051,831,102,2,57.000,58.140,57.000,0.000,1.140,No,Production Issue Store,BC-0004051,2024-09-20,4,Consumed,Generated BOM consumption from active BOM.
4052,831,102,6,57.000,58.140,57.000,0.000,1.140,No,Production Issue Store,BC-0004052,2024-09-20,5,Consumed,Generated BOM consumption from active BOM.
4053,832,100,4,6.000,6.120,6.000,0.000,0.120,No,Production Issue Store,BC-0004053,2024-09-20,5,Consumed,Generated BOM consumption from active BOM.
4054,832,100,7,48.000,48.960,48.000,0.000,0.960,No,Production Issue Store,BC-0004054,2024-09-20,6,Consumed,Generated BOM consumption from active BOM.
4055,833,101,8,230.000,234.600,230.000,0.000,4.600,No,Production Issue Store,BC-0004055,2024-09-22,6,Consumed,Generated BOM consumption from active BOM.
4056,833,101,11,23.000,23.460,23.000,0.000,0.460,No,Production Issue Store,BC-0004056,2024-09-22,7,Consumed,Generated BOM consumption from active BOM.
4057,834,102,12,24.000,24.480,24.000,0.000,0.480,No,Production Issue Store,BC-0004057,2024-09-24,7,Consumed,Generated BOM consumption from active BOM.
4058,834,102,15,24.000,24.480,24.000,0.000,0.480,No,Production Issue Store,BC-0004058,2024-09-24,8,Consumed,Generated BOM consumption from active BOM.
4059,835,100,13,37.000,37.740,37.000,0.000,0.740,No,Production Issue Store,BC-0004059,2024-09-25,8,Consumed,Generated BOM consumption from active BOM.
4060,835,100,16,37.000,37.740,37.000,0.000,0.740,No,Production Issue Store,BC-0004060,2024-09-25,9,Consumed,Generated BOM consumption from active BOM.
4061,836,101,17,22.000,22.440,22.000,0.000,0.440,No,Production Issue Store,BC-0004061,2024-09-21,9,Consumed,Generated BOM consumption from active BOM.
4062,836,101,19,22.000,22.440,22.000,0.000,0.440,No,Production Issue Store,BC-0004062,2024-09-21,10,Consumed,Generated BOM consumption from active BOM.
4063,837,102,19,22.000,22.440,22.000,0.000,0.440,No,Production Issue Store,BC-0004063,2024-09-21,10,Consumed,Generated BOM consumption from active BOM.
4064,837,102,20,22.000,22.440,22.000,0.000,0.440,No,Production Issue Store,BC-0004064,2024-09-21,11,Consumed,Generated BOM consumption from active BOM.
4065,838,100,20,6.000,6.120,6.000,0.000,0.120,No,Production Issue Store,BC-0004065,2024-09-23,11,Consumed,Generated BOM consumption from active BOM.
4066,838,100,23,12.000,12.240,12.000,0.000,0.240,No,Production Issue Store,BC-0004066,2024-09-23,12,Consumed,Generated BOM consumption from active BOM.
4067,839,101,24,10.000,10.200,10.000,0.000,0.200,No,Production Issue Store,BC-0004067,2024-09-29,12,Consumed,Generated BOM consumption from active BOM.
4068,839,101,21,5.000,5.100,5.000,0.000,0.100,No,Production Issue Store,BC-0004068,2024-09-29,13,Consumed,Generated BOM consumption from active BOM.
4069,840,102,21,30.000,30.600,30.000,0.000,0.600,No,Production Issue Store,BC-0004069,2024-09-28,13,Consumed,Generated BOM consumption from active BOM.
4070,840,102,78,60.000,61.200,60.000,0.000,1.200,No,Production Issue Store,BC-0004070,2024-09-28,1,Consumed,Generated BOM consumption from active BOM.
4071,841,100,78,60.000,61.200,60.000,0.000,1.200,No,Production Issue Store,BC-0004071,2024-09-28,1,Consumed,Generated BOM consumption from active BOM.
4072,841,100,79,60.000,61.200,60.000,0.000,1.200,No,Production Issue Store,BC-0004072,2024-09-28,3,Consumed,Generated BOM consumption from active BOM.
4073,842,101,79,42.000,42.840,42.000,0.000,0.840,No,Production Issue Store,BC-0004073,2024-09-26,3,Consumed,Generated BOM consumption from active BOM.
4074,842,101,26,42.000,42.840,42.000,0.000,0.840,No,Production Issue Store,BC-0004074,2024-09-26,4,Consumed,Generated BOM consumption from active BOM.
4075,843,102,26,34.000,34.680,34.000,0.000,0.680,No,Production Issue Store,BC-0004075,2024-09-25,4,Consumed,Generated BOM consumption from active BOM.
4076,843,102,27,34.000,34.680,34.000,0.000,0.680,No,Production Issue Store,BC-0004076,2024-09-25,5,Consumed,Generated BOM consumption from active BOM.
4077,844,100,27,18.000,18.360,18.000,0.000,0.360,No,Production Issue Store,BC-0004077,2024-09-26,5,Consumed,Generated BOM consumption from active BOM.
4078,844,100,29,32.400,33.048,32.400,0.000,0.648,kg,Production Issue Store,BC-0004078,2024-09-26,6,Consumed,Generated BOM consumption from active BOM.
4079,845,101,30,188.800,192.576,188.800,0.000,3.776,kg,Production Issue Store,BC-0004079,2024-09-27,6,Consumed,Generated BOM consumption from active BOM.
4080,845,101,33,236.000,240.720,236.000,0.000,4.720,m,Production Issue Store,BC-0004080,2024-09-27,7,Consumed,Generated BOM consumption from active BOM.
4081,846,102,34,200.000,204.000,200.000,0.000,4.000,m,Production Issue Store,BC-0004081,2024-09-26,7,Consumed,Generated BOM consumption from active BOM.
4082,846,102,35,40.000,40.800,40.000,0.000,0.800,No,Production Issue Store,BC-0004082,2024-09-26,8,Consumed,Generated BOM consumption from active BOM.
4083,847,100,35,40.000,40.800,40.000,0.000,0.800,No,Production Issue Store,BC-0004083,2024-09-29,8,Consumed,Generated BOM consumption from active BOM.
4084,847,100,38,120.000,122.400,120.000,0.000,2.400,No,Production Issue Store,BC-0004084,2024-09-29,9,Consumed,Generated BOM consumption from active BOM.
4085,848,101,38,42.000,42.840,42.000,0.000,0.840,No,Production Issue Store,BC-0004085,2024-09-28,9,Consumed,Generated BOM consumption from active BOM.
4086,848,101,56,504.000,514.080,504.000,0.000,10.080,No,Production Issue Store,BC-0004086,2024-09-28,10,Consumed,Generated BOM consumption from active BOM.
4087,849,102,57,2592.000,2643.840,2592.000,0.000,51.840,No,Production Issue Store,BC-0004087,2024-10-03,10,Consumed,Generated BOM consumption from active BOM.
4088,849,102,58,2592.000,2643.840,2592.000,0.000,51.840,No,Production Issue Store,BC-0004088,2024-10-03,11,Consumed,Generated BOM consumption from active BOM.
4089,850,100,58,360.000,367.200,360.000,0.000,7.200,No,Production Issue Store,BC-0004089,2024-10-03,11,Consumed,Generated BOM consumption from active BOM.
4090,850,100,59,360.000,367.200,360.000,0.000,7.200,No,Production Issue Store,BC-0004090,2024-10-03,12,Consumed,Generated BOM consumption from active BOM.
4091,851,101,59,2124.000,2166.480,2124.000,0.000,42.480,No,Production Issue Store,BC-0004091,2024-10-02,12,Consumed,Generated BOM consumption from active BOM.
4092,851,101,61,47.200,48.144,47.200,0.000,0.944,m,Production Issue Store,BC-0004092,2024-10-02,13,Consumed,Generated BOM consumption from active BOM.
4093,852,102,62,58.000,59.160,58.000,0.000,1.160,m,Production Issue Store,BC-0004093,2024-09-27,13,Consumed,Generated BOM consumption from active BOM.
4094,852,102,41,58.000,59.160,58.000,0.000,1.160,No,Production Issue Store,BC-0004094,2024-09-27,1,Consumed,Generated BOM consumption from active BOM.
4095,853,100,39,108.000,110.160,108.000,0.000,2.160,No,Production Issue Store,BC-0004095,2024-10-01,1,Consumed,Generated BOM consumption from active BOM.
4096,853,100,40,36.000,36.720,36.000,0.000,0.720,No,Production Issue Store,BC-0004096,2024-10-01,3,Consumed,Generated BOM consumption from active BOM.
4097,854,101,43,51.000,52.020,51.000,0.000,1.020,No,Production Issue Store,BC-0004097,2024-10-04,3,Consumed,Generated BOM consumption from active BOM.
4098,854,101,45,51.000,52.020,51.000,0.000,1.020,No,Production Issue Store,BC-0004098,2024-10-04,4,Consumed,Generated BOM consumption from active BOM.
4099,855,102,46,60.000,61.200,60.000,0.000,1.200,No,Production Issue Store,BC-0004099,2024-09-28,4,Consumed,Generated BOM consumption from active BOM.
4100,855,102,47,60.000,61.200,60.000,0.000,1.200,Set,Production Issue Store,BC-0004100,2024-09-28,5,Consumed,Generated BOM consumption from active BOM.
4101,856,100,47,36.000,36.720,36.000,0.000,0.720,Set,Production Issue Store,BC-0004101,2024-09-28,5,Consumed,Generated BOM consumption from active BOM.
4102,856,100,49,36.000,36.720,36.000,0.000,0.720,No,Production Issue Store,BC-0004102,2024-09-28,6,Consumed,Generated BOM consumption from active BOM.
4103,857,101,50,46.000,46.920,46.000,0.000,0.920,No,Production Issue Store,BC-0004103,2024-10-04,6,Consumed,Generated BOM consumption from active BOM.
4104,857,101,53,276.000,281.520,276.000,0.000,5.520,No,Production Issue Store,BC-0004104,2024-10-04,7,Consumed,Generated BOM consumption from active BOM.
4105,858,102,54,288.000,293.760,288.000,0.000,5.760,No,Production Issue Store,BC-0004105,2024-09-29,7,Consumed,Generated BOM consumption from active BOM.
4106,858,102,65,432.000,440.640,432.000,0.000,8.640,No,Production Issue Store,BC-0004106,2024-09-29,8,Consumed,Generated BOM consumption from active BOM.
4107,859,100,63,280.000,285.600,280.000,0.000,5.600,No,Production Issue Store,BC-0004107,2024-10-01,8,Consumed,Generated BOM consumption from active BOM.
4108,859,100,66,280.000,285.600,280.000,0.000,5.600,No,Production Issue Store,BC-0004108,2024-10-01,9,Consumed,Generated BOM consumption from active BOM.
4109,860,101,67,230.000,234.600,230.000,0.000,4.600,No,Production Issue Store,BC-0004109,2024-09-30,9,Consumed,Generated BOM consumption from active BOM.
4110,860,101,70,230.000,234.600,230.000,0.000,4.600,No,Production Issue Store,BC-0004110,2024-09-30,10,Consumed,Generated BOM consumption from active BOM.
4111,861,102,71,492.000,501.840,492.000,0.000,9.840,No,Production Issue Store,BC-0004111,2024-10-01,10,Consumed,Generated BOM consumption from active BOM.
4112,861,102,74,492.000,501.840,492.000,0.000,9.840,No,Production Issue Store,BC-0004112,2024-10-01,11,Consumed,Generated BOM consumption from active BOM.
4113,862,100,72,144.000,146.880,144.000,0.000,2.880,No,Production Issue Store,BC-0004113,2024-10-02,11,Consumed,Generated BOM consumption from active BOM.
4114,862,100,75,36.000,36.720,36.000,0.000,0.720,No,Production Issue Store,BC-0004114,2024-10-02,12,Consumed,Generated BOM consumption from active BOM.
4115,863,101,76,30.000,30.600,30.000,0.000,0.600,No,Production Issue Store,BC-0004115,2024-09-29,12,Consumed,Generated BOM consumption from active BOM.
4116,863,101,80,2700.000,2754.000,2700.000,0.000,54.000,ml,Production Issue Store,BC-0004116,2024-09-29,13,Consumed,Generated BOM consumption from active BOM.
4117,864,102,80,6000.000,6120.000,6000.000,0.000,120.000,ml,Production Issue Store,BC-0004117,2024-10-01,13,Consumed,Generated BOM consumption from active BOM.
4118,864,102,81,1600.000,1632.000,1600.000,0.000,32.000,g,Production Issue Store,BC-0004118,2024-10-01,1,Consumed,Generated BOM consumption from active BOM.
4119,865,100,81,150.000,153.000,150.000,0.000,3.000,g,Production Issue Store,BC-0004119,2024-10-03,1,Consumed,Generated BOM consumption from active BOM.
4120,865,100,82,25.000,25.500,25.000,0.000,0.500,ml,Production Issue Store,BC-0004120,2024-10-03,3,Consumed,Generated BOM consumption from active BOM.
4121,866,101,82,456.000,465.120,456.000,0.000,9.120,ml,Production Issue Store,BC-0004121,2024-10-05,3,Consumed,Generated BOM consumption from active BOM.
4122,866,101,83,1710.000,1744.200,1710.000,0.000,34.200,g,Production Issue Store,BC-0004122,2024-10-05,4,Consumed,Generated BOM consumption from active BOM.
4123,867,102,83,950.000,969.000,950.000,0.000,19.000,g,Production Issue Store,BC-0004123,2024-10-07,4,Consumed,Generated BOM consumption from active BOM.
4124,867,102,84,4750.000,4845.000,4750.000,0.000,95.000,ml,Production Issue Store,BC-0004124,2024-10-07,5,Consumed,Generated BOM consumption from active BOM.
4125,868,100,84,4900.000,4998.000,4900.000,0.000,98.000,ml,Production Issue Store,BC-0004125,2024-10-04,5,Consumed,Generated BOM consumption from active BOM.
4126,868,100,85,490.000,499.800,490.000,0.000,9.800,g,Production Issue Store,BC-0004126,2024-10-04,6,Consumed,Generated BOM consumption from active BOM.
4127,869,101,85,420.000,428.400,420.000,0.000,8.400,g,Production Issue Store,BC-0004127,2024-10-07,6,Consumed,Generated BOM consumption from active BOM.
4128,869,101,86,224.000,228.480,224.000,0.000,4.480,g,Production Issue Store,BC-0004128,2024-10-07,7,Consumed,Generated BOM consumption from active BOM.
4129,870,102,86,230.000,234.600,230.000,0.000,4.600,g,Production Issue Store,BC-0004129,2024-10-01,7,Consumed,Generated BOM consumption from active BOM.
4130,870,102,87,460.000,469.200,460.000,0.000,9.200,g,Production Issue Store,BC-0004130,2024-10-01,8,Consumed,Generated BOM consumption from active BOM.
4131,871,100,87,150.000,153.000,150.000,0.000,3.000,g,Production Issue Store,BC-0004131,2024-10-05,8,Consumed,Generated BOM consumption from active BOM.
4132,871,100,94,15.000,15.300,15.000,0.000,0.300,No,Production Issue Store,BC-0004132,2024-10-05,9,Consumed,Generated BOM consumption from active BOM.
4133,872,101,94,49.000,49.980,49.000,0.000,0.980,No,Production Issue Store,BC-0004133,2024-10-03,9,Consumed,Generated BOM consumption from active BOM.
4134,872,101,95,49.000,49.980,49.000,0.000,0.980,No,Production Issue Store,BC-0004134,2024-10-03,10,Consumed,Generated BOM consumption from active BOM.
4135,873,102,95,31.000,31.620,31.000,0.000,0.620,No,Production Issue Store,BC-0004135,2024-10-03,10,Consumed,Generated BOM consumption from active BOM.
4136,873,102,96,31.000,31.620,31.000,0.000,0.620,No,Production Issue Store,BC-0004136,2024-10-03,11,Consumed,Generated BOM consumption from active BOM.
4137,874,100,96,31.000,31.620,31.000,0.000,0.620,No,Production Issue Store,BC-0004137,2024-10-07,11,Consumed,Generated BOM consumption from active BOM.
4138,874,100,97,31.000,31.620,31.000,0.000,0.620,No,Production Issue Store,BC-0004138,2024-10-07,12,Consumed,Generated BOM consumption from active BOM.
4139,875,101,97,40.000,40.800,40.000,0.000,0.800,No,Production Issue Store,BC-0004139,2024-10-05,12,Consumed,Generated BOM consumption from active BOM.
4140,875,101,88,40.000,40.800,40.000,0.000,0.800,No,Production Issue Store,BC-0004140,2024-10-05,13,Consumed,Generated BOM consumption from active BOM.
4141,876,102,88,49.000,49.980,49.000,0.000,0.980,No,Production Issue Store,BC-0004141,2024-10-08,13,Consumed,Generated BOM consumption from active BOM.
4142,876,102,89,98.000,99.960,98.000,0.000,1.960,No,Production Issue Store,BC-0004142,2024-10-08,1,Consumed,Generated BOM consumption from active BOM.
4143,877,100,89,82.000,83.640,82.000,0.000,1.640,No,Production Issue Store,BC-0004143,2024-10-05,1,Consumed,Generated BOM consumption from active BOM.
4144,877,100,90,41.000,41.820,41.000,0.000,0.820,Sheet,Production Issue Store,BC-0004144,2024-10-05,3,Consumed,Generated BOM consumption from active BOM.
4145,878,101,90,30.000,30.600,30.000,0.000,0.600,Sheet,Production Issue Store,BC-0004145,2024-10-02,3,Consumed,Generated BOM consumption from active BOM.
4146,878,101,91,30.000,30.600,30.000,0.000,0.600,No,Production Issue Store,BC-0004146,2024-10-02,4,Consumed,Generated BOM consumption from active BOM.
4147,879,102,91,53.000,54.060,53.000,0.000,1.060,No,Production Issue Store,BC-0004147,2024-10-04,4,Consumed,Generated BOM consumption from active BOM.
4148,879,102,92,79.500,81.090,79.500,0.000,1.590,m,Production Issue Store,BC-0004148,2024-10-04,5,Consumed,Generated BOM consumption from active BOM.
4149,880,100,92,56.000,57.120,56.000,0.000,1.120,m,Production Issue Store,BC-0004149,2024-10-08,5,Consumed,Generated BOM consumption from active BOM.
4150,880,100,93,56.000,57.120,56.000,0.000,1.120,No,Production Issue Store,BC-0004150,2024-10-08,6,Consumed,Generated BOM consumption from active BOM.
4151,881,101,93,60.000,61.200,60.000,0.000,1.200,No,Production Issue Store,BC-0004151,2024-10-04,6,Consumed,Generated BOM consumption from active BOM.
4152,881,101,98,60.000,61.200,60.000,0.000,1.200,No,Production Issue Store,BC-0004152,2024-10-04,7,Consumed,Generated BOM consumption from active BOM.
4153,882,102,98,10.000,10.200,10.000,0.000,0.200,No,Production Issue Store,BC-0004153,2024-10-03,7,Consumed,Generated BOM consumption from active BOM.
4154,882,102,99,10.000,10.200,10.000,0.000,0.200,No,Production Issue Store,BC-0004154,2024-10-03,8,Consumed,Generated BOM consumption from active BOM.
4155,883,100,99,55.000,56.100,55.000,0.000,1.100,No,Production Issue Store,BC-0004155,2024-10-08,8,Consumed,Generated BOM consumption from active BOM.
4156,883,100,1,55.000,56.100,55.000,0.000,1.100,No,Production Issue Store,BC-0004156,2024-10-08,9,Consumed,Generated BOM consumption from active BOM.
4157,884,101,2,13.000,13.260,13.000,0.000,0.260,No,Production Issue Store,BC-0004157,2024-10-10,9,Consumed,Generated BOM consumption from active BOM.
4158,884,101,5,13.000,13.260,13.000,0.000,0.260,No,Production Issue Store,BC-0004158,2024-10-10,10,Consumed,Generated BOM consumption from active BOM.
4159,885,102,6,38.000,38.760,38.000,0.000,0.760,No,Production Issue Store,BC-0004159,2024-10-09,10,Consumed,Generated BOM consumption from active BOM.
4160,885,102,9,456.000,465.120,456.000,0.000,9.120,No,Production Issue Store,BC-0004160,2024-10-09,11,Consumed,Generated BOM consumption from active BOM.
4161,886,100,7,320.000,326.400,320.000,0.000,6.400,No,Production Issue Store,BC-0004161,2024-10-09,11,Consumed,Generated BOM consumption from active BOM.
4162,886,100,10,40.000,40.800,40.000,0.000,0.800,No,Production Issue Store,BC-0004162,2024-10-09,12,Consumed,Generated BOM consumption from active BOM.
4163,887,101,11,16.000,16.320,16.000,0.000,0.320,No,Production Issue Store,BC-0004163,2024-10-10,12,Consumed,Generated BOM consumption from active BOM.
4164,887,101,14,16.000,16.320,16.000,0.000,0.320,No,Production Issue Store,BC-0004164,2024-10-10,13,Consumed,Generated BOM consumption from active BOM.
4165,888,102,15,5.000,5.100,5.000,0.000,0.100,No,Production Issue Store,BC-0004165,2024-10-07,13,Consumed,Generated BOM consumption from active BOM.
4166,888,102,18,5.000,5.100,5.000,0.000,0.100,No,Production Issue Store,BC-0004166,2024-10-07,1,Consumed,Generated BOM consumption from active BOM.
4167,889,100,16,57.000,58.140,57.000,0.000,1.140,No,Production Issue Store,BC-0004167,2024-10-08,1,Consumed,Generated BOM consumption from active BOM.
4168,889,100,19,57.000,58.140,57.000,0.000,1.140,No,Production Issue Store,BC-0004168,2024-10-08,3,Consumed,Generated BOM consumption from active BOM.
4169,890,101,19,55.000,56.100,55.000,0.000,1.100,No,Production Issue Store,BC-0004169,2024-10-10,3,Consumed,Generated BOM consumption from active BOM.
4170,890,101,20,55.000,56.100,55.000,0.000,1.100,No,Production Issue Store,BC-0004170,2024-10-10,4,Consumed,Generated BOM consumption from active BOM.
4171,891,102,20,13.000,13.260,13.000,0.000,0.260,No,Production Issue Store,BC-0004171,2024-10-13,4,Consumed,Generated BOM consumption from active BOM.
4172,891,102,25,26.000,26.520,26.000,0.000,0.520,No,Production Issue Store,BC-0004172,2024-10-13,5,Consumed,Generated BOM consumption from active BOM.
4173,892,100,23,76.000,77.520,76.000,0.000,1.520,No,Production Issue Store,BC-0004173,2024-10-12,5,Consumed,Generated BOM consumption from active BOM.
4174,892,100,21,38.000,38.760,38.000,0.000,0.760,No,Production Issue Store,BC-0004174,2024-10-12,6,Consumed,Generated BOM consumption from active BOM.
4175,893,101,21,13.000,13.260,13.000,0.000,0.260,No,Production Issue Store,BC-0004175,2024-10-10,6,Consumed,Generated BOM consumption from active BOM.
4176,893,101,78,26.000,26.520,26.000,0.000,0.520,No,Production Issue Store,BC-0004176,2024-10-10,7,Consumed,Generated BOM consumption from active BOM.
4177,894,102,78,68.000,69.360,68.000,0.000,1.360,No,Production Issue Store,BC-0004177,2024-10-07,7,Consumed,Generated BOM consumption from active BOM.
4178,894,102,79,68.000,69.360,68.000,0.000,1.360,No,Production Issue Store,BC-0004178,2024-10-07,8,Consumed,Generated BOM consumption from active BOM.
4179,895,100,79,21.000,21.420,21.000,0.000,0.420,No,Production Issue Store,BC-0004179,2024-10-12,8,Consumed,Generated BOM consumption from active BOM.
4180,895,100,26,21.000,21.420,21.000,0.000,0.420,No,Production Issue Store,BC-0004180,2024-10-12,9,Consumed,Generated BOM consumption from active BOM.
4181,896,101,26,92.000,93.840,92.000,0.000,1.840,No,Production Issue Store,BC-0004181,2024-10-13,9,Consumed,Generated BOM consumption from active BOM.
4182,896,101,27,46.000,46.920,46.000,0.000,0.920,No,Production Issue Store,BC-0004182,2024-10-13,10,Consumed,Generated BOM consumption from active BOM.
4183,897,102,27,72.000,73.440,72.000,0.000,1.440,No,Production Issue Store,BC-0004183,2024-10-11,10,Consumed,Generated BOM consumption from active BOM.
4184,897,102,31,234.000,238.680,234.000,0.000,4.680,kg,Production Issue Store,BC-0004184,2024-10-11,11,Consumed,Generated BOM consumption from active BOM.
4185,898,100,29,57.600,58.752,57.600,0.000,1.152,kg,Production Issue Store,BC-0004185,2024-10-15,11,Consumed,Generated BOM consumption from active BOM.
4186,898,100,32,96.000,97.920,96.000,0.000,1.920,m,Production Issue Store,BC-0004186,2024-10-15,12,Consumed,Generated BOM consumption from active BOM.
4187,899,101,33,168.000,171.360,168.000,0.000,3.360,m,Production Issue Store,BC-0004187,2024-10-12,12,Consumed,Generated BOM consumption from active BOM.
4188,899,101,35,42.000,42.840,42.000,0.000,0.840,No,Production Issue Store,BC-0004188,2024-10-12,13,Consumed,Generated BOM consumption from active BOM.
4189,900,102,35,31.000,31.620,31.000,0.000,0.620,No,Production Issue Store,BC-0004189,2024-10-15,13,Consumed,Generated BOM consumption from active BOM.
4190,900,102,38,93.000,94.860,93.000,0.000,1.860,No,Production Issue Store,BC-0004190,2024-10-15,1,Consumed,Generated BOM consumption from active BOM.
4191,901,100,38,18.000,18.360,18.000,0.000,0.360,No,Production Issue Store,BC-0004191,2024-10-08,1,Consumed,Generated BOM consumption from active BOM.
4192,901,100,55,144.000,146.880,144.000,0.000,2.880,No,Production Issue Store,BC-0004192,2024-10-08,3,Consumed,Generated BOM consumption from active BOM.
4193,902,101,56,1368.000,1395.360,1368.000,0.000,27.360,No,Production Issue Store,BC-0004193,2024-10-12,3,Consumed,Generated BOM consumption from active BOM.
4194,902,101,58,1368.000,1395.360,1368.000,0.000,27.360,No,Production Issue Store,BC-0004194,2024-10-12,4,Consumed,Generated BOM consumption from active BOM.
4195,903,102,58,2352.000,2399.040,2352.000,0.000,47.040,No,Production Issue Store,BC-0004195,2024-10-16,4,Consumed,Generated BOM consumption from active BOM.
4196,903,102,59,2352.000,2399.040,2352.000,0.000,47.040,No,Production Issue Store,BC-0004196,2024-10-16,5,Consumed,Generated BOM consumption from active BOM.
4197,904,100,59,768.000,783.360,768.000,0.000,15.360,No,Production Issue Store,BC-0004197,2024-10-14,5,Consumed,Generated BOM consumption from active BOM.
4198,904,100,60,16.000,16.320,16.000,0.000,0.320,m,Production Issue Store,BC-0004198,2024-10-14,6,Consumed,Generated BOM consumption from active BOM.
4199,905,101,61,10.400,10.608,10.400,0.000,0.208,m,Production Issue Store,BC-0004199,2024-10-12,6,Consumed,Generated BOM consumption from active BOM.
4200,905,101,41,13.000,13.260,13.000,0.000,0.260,No,Production Issue Store,BC-0004200,2024-10-12,7,Consumed,Generated BOM consumption from active BOM.
4201,906,102,41,5.000,5.100,5.000,0.000,0.100,No,Production Issue Store,BC-0004201,2024-10-15,7,Consumed,Generated BOM consumption from active BOM.
4202,906,102,43,10.000,10.200,10.000,0.000,0.200,No,Production Issue Store,BC-0004202,2024-10-15,8,Consumed,Generated BOM consumption from active BOM.
4203,907,100,40,20.000,20.400,20.000,0.000,0.400,No,Production Issue Store,BC-0004203,2024-10-16,8,Consumed,Generated BOM consumption from active BOM.
4204,907,100,45,20.000,20.400,20.000,0.000,0.400,No,Production Issue Store,BC-0004204,2024-10-16,9,Consumed,Generated BOM consumption from active BOM.
4205,908,101,45,47.000,47.940,47.000,0.000,0.940,No,Production Issue Store,BC-0004205,2024-10-09,9,Consumed,Generated BOM consumption from active BOM.
4206,908,101,47,47.000,47.940,47.000,0.000,0.940,Set,Production Issue Store,BC-0004206,2024-10-09,10,Consumed,Generated BOM consumption from active BOM.
4207,909,102,47,21.000,21.420,21.000,0.000,0.420,Set,Production Issue Store,BC-0004207,2024-10-12,10,Consumed,Generated BOM consumption from active BOM.
4208,909,102,51,21.000,21.420,21.000,0.000,0.420,No,Production Issue Store,BC-0004208,2024-10-12,11,Consumed,Generated BOM consumption from active BOM.
4209,910,100,49,58.000,59.160,58.000,0.000,1.160,No,Production Issue Store,BC-0004209,2024-10-16,11,Consumed,Generated BOM consumption from active BOM.
4210,910,100,52,290.000,295.800,290.000,0.000,5.800,No,Production Issue Store,BC-0004210,2024-10-16,12,Consumed,Generated BOM consumption from active BOM.
4211,911,101,53,126.000,128.520,126.000,0.000,2.520,No,Production Issue Store,BC-0004211,2024-10-15,12,Consumed,Generated BOM consumption from active BOM.
4212,911,101,65,210.000,214.200,210.000,0.000,4.200,No,Production Issue Store,BC-0004212,2024-10-15,13,Consumed,Generated BOM consumption from active BOM.
4213,912,102,65,348.000,354.960,348.000,0.000,6.960,No,Production Issue Store,BC-0004213,2024-10-15,13,Consumed,Generated BOM consumption from active BOM.
4214,912,102,68,348.000,354.960,348.000,0.000,6.960,No,Production Issue Store,BC-0004214,2024-10-15,1,Consumed,Generated BOM consumption from active BOM.
4215,913,100,66,376.000,383.520,376.000,0.000,7.520,No,Production Issue Store,BC-0004215,2024-10-12,1,Consumed,Generated BOM consumption from active BOM.
4216,913,100,69,376.000,383.520,376.000,0.000,7.520,No,Production Issue Store,BC-0004216,2024-10-12,3,Consumed,Generated BOM consumption from active BOM.
4217,914,101,70,390.000,397.800,390.000,0.000,7.800,No,Production Issue Store,BC-0004217,2024-10-12,3,Consumed,Generated BOM consumption from active BOM.
4218,914,101,73,390.000,397.800,390.000,0.000,7.800,No,Production Issue Store,BC-0004218,2024-10-12,4,Consumed,Generated BOM consumption from active BOM.
4219,915,102,74,72.000,73.440,72.000,0.000,1.440,No,Production Issue Store,BC-0004219,2024-10-11,4,Consumed,Generated BOM consumption from active BOM.
4220,915,102,77,12.000,12.240,12.000,0.000,0.240,No,Production Issue Store,BC-0004220,2024-10-11,5,Consumed,Generated BOM consumption from active BOM.
4221,916,100,75,20.000,20.400,20.000,0.000,0.400,No,Production Issue Store,BC-0004221,2024-10-14,5,Consumed,Generated BOM consumption from active BOM.
4222,916,100,80,1000.000,1020.000,1000.000,0.000,20.000,ml,Production Issue Store,BC-0004222,2024-10-14,6,Consumed,Generated BOM consumption from active BOM.
4223,917,101,80,2880.000,2937.600,2880.000,0.000,57.600,ml,Production Issue Store,BC-0004223,2024-10-17,6,Consumed,Generated BOM consumption from active BOM.
4224,917,101,81,720.000,734.400,720.000,0.000,14.400,g,Production Issue Store,BC-0004224,2024-10-17,7,Consumed,Generated BOM consumption from active BOM.
4225,918,102,81,4320.000,4406.400,4320.000,0.000,86.400,g,Production Issue Store,BC-0004225,2024-10-13,7,Consumed,Generated BOM consumption from active BOM.
4226,918,102,82,540.000,550.800,540.000,0.000,10.800,ml,Production Issue Store,BC-0004226,2024-10-13,8,Consumed,Generated BOM consumption from active BOM.
4227,919,100,82,35.000,35.700,35.000,0.000,0.700,ml,Production Issue Store,BC-0004227,2024-10-14,8,Consumed,Generated BOM consumption from active BOM.
4228,919,100,83,140.000,142.800,140.000,0.000,2.800,g,Production Issue Store,BC-0004228,2024-10-14,9,Consumed,Generated BOM consumption from active BOM.
4229,920,101,83,240.000,244.800,240.000,0.000,4.800,g,Production Issue Store,BC-0004229,2024-10-20,9,Consumed,Generated BOM consumption from active BOM.
4230,920,101,84,1200.000,1224.000,1200.000,0.000,24.000,ml,Production Issue Store,BC-0004230,2024-10-20,10,Consumed,Generated BOM consumption from active BOM.
4231,921,102,84,12250.000,12495.000,12250.000,0.000,245.000,ml,Production Issue Store,BC-0004231,2024-10-20,10,Consumed,Generated BOM consumption from active BOM.
4232,921,102,85,980.000,999.600,980.000,0.000,19.600,g,Production Issue Store,BC-0004232,2024-10-20,11,Consumed,Generated BOM consumption from active BOM.
4233,922,100,85,390.000,397.800,390.000,0.000,7.800,g,Production Issue Store,BC-0004233,2024-10-17,11,Consumed,Generated BOM consumption from active BOM.
4234,922,100,86,195.000,198.900,195.000,0.000,3.900,g,Production Issue Store,BC-0004234,2024-10-17,12,Consumed,Generated BOM consumption from active BOM.
4235,923,101,86,464.000,473.280,464.000,0.000,9.280,g,Production Issue Store,BC-0004235,2024-10-13,12,Consumed,Generated BOM consumption from active BOM.
4236,923,101,87,870.000,887.400,870.000,0.000,17.400,g,Production Issue Store,BC-0004236,2024-10-13,13,Consumed,Generated BOM consumption from active BOM.
4237,924,102,87,360.000,367.200,360.000,0.000,7.200,g,Production Issue Store,BC-0004237,2024-10-18,13,Consumed,Generated BOM consumption from active BOM.
4238,924,102,94,18.000,18.360,18.000,0.000,0.360,No,Production Issue Store,BC-0004238,2024-10-18,1,Consumed,Generated BOM consumption from active BOM.
4239,925,100,94,42.000,42.840,42.000,0.000,0.840,No,Production Issue Store,BC-0004239,2024-10-18,1,Consumed,Generated BOM consumption from active BOM.
4240,925,100,95,42.000,42.840,42.000,0.000,0.840,No,Production Issue Store,BC-0004240,2024-10-18,3,Consumed,Generated BOM consumption from active BOM.
4241,926,101,95,13.000,13.260,13.000,0.000,0.260,No,Production Issue Store,BC-0004241,2024-10-17,3,Consumed,Generated BOM consumption from active BOM.
4242,926,101,96,13.000,13.260,13.000,0.000,0.260,No,Production Issue Store,BC-0004242,2024-10-17,4,Consumed,Generated BOM consumption from active BOM.
4243,927,102,96,38.000,38.760,38.000,0.000,0.760,No,Production Issue Store,BC-0004243,2024-10-17,4,Consumed,Generated BOM consumption from active BOM.
4244,927,102,97,38.000,38.760,38.000,0.000,0.760,No,Production Issue Store,BC-0004244,2024-10-17,5,Consumed,Generated BOM consumption from active BOM.
4245,928,100,97,9.000,9.180,9.000,0.000,0.180,No,Production Issue Store,BC-0004245,2024-10-19,5,Consumed,Generated BOM consumption from active BOM.
4246,928,100,88,9.000,9.180,9.000,0.000,0.180,No,Production Issue Store,BC-0004246,2024-10-19,6,Consumed,Generated BOM consumption from active BOM.
4247,929,101,88,56.000,57.120,56.000,0.000,1.120,No,Production Issue Store,BC-0004247,2024-10-15,6,Consumed,Generated BOM consumption from active BOM.
4248,929,101,89,112.000,114.240,112.000,0.000,2.240,No,Production Issue Store,BC-0004248,2024-10-15,7,Consumed,Generated BOM consumption from active BOM.
4249,930,102,89,54.000,55.080,54.000,0.000,1.080,No,Production Issue Store,BC-0004249,2024-10-21,7,Consumed,Generated BOM consumption from active BOM.
4250,930,102,90,54.000,55.080,54.000,0.000,1.080,sheets,Production Issue Store,BC-0004250,2024-10-21,8,Consumed,Generated BOM consumption from active BOM.
4251,931,100,90,18.000,18.360,18.000,0.000,0.360,Sheet,Production Issue Store,BC-0004251,2024-10-18,8,Consumed,Generated BOM consumption from active BOM.
4252,931,100,91,18.000,18.360,18.000,0.000,0.360,No,Production Issue Store,BC-0004252,2024-10-18,9,Consumed,Generated BOM consumption from active BOM.
4253,932,101,91,58.000,59.160,58.000,0.000,1.160,No,Production Issue Store,BC-0004253,2024-10-17,9,Consumed,Generated BOM consumption from active BOM.
4254,932,101,92,69.600,70.992,69.600,0.000,1.392,m,Production Issue Store,BC-0004254,2024-10-17,10,Consumed,Generated BOM consumption from active BOM.
4255,933,102,92,12.000,12.240,12.000,0.000,0.240,m,Production Issue Store,BC-0004255,2024-10-17,10,Consumed,Generated BOM consumption from active BOM.
4256,933,102,93,16.000,16.320,16.000,0.000,0.320,No,Production Issue Store,BC-0004256,2024-10-17,11,Consumed,Generated BOM consumption from active BOM.
4257,934,100,93,48.000,48.960,48.000,0.000,0.960,No,Production Issue Store,BC-0004257,2024-10-22,11,Consumed,Generated BOM consumption from active BOM.
4258,934,100,98,48.000,48.960,48.000,0.000,0.960,No,Production Issue Store,BC-0004258,2024-10-22,12,Consumed,Generated BOM consumption from active BOM.
4259,935,101,98,33.000,33.660,33.000,0.000,0.660,No,Production Issue Store,BC-0004259,2024-10-18,12,Consumed,Generated BOM consumption from active BOM.
4260,935,101,99,33.000,33.660,33.000,0.000,0.660,No,Production Issue Store,BC-0004260,2024-10-18,13,Consumed,Generated BOM consumption from active BOM.
4261,936,102,99,41.000,41.820,41.000,0.000,0.820,No,Production Issue Store,BC-0004261,2024-10-19,13,Consumed,Generated BOM consumption from active BOM.
4262,936,102,2,41.000,41.820,41.000,0.000,0.820,No,Production Issue Store,BC-0004262,2024-10-19,1,Consumed,Generated BOM consumption from active BOM.
4263,937,100,1,18.000,18.360,18.000,0.000,0.360,No,Production Issue Store,BC-0004263,2024-10-17,1,Consumed,Generated BOM consumption from active BOM.
4264,937,100,4,18.000,18.360,18.000,0.000,0.360,No,Production Issue Store,BC-0004264,2024-10-17,3,Consumed,Generated BOM consumption from active BOM.
4265,938,101,5,55.000,56.100,55.000,0.000,1.100,No,Production Issue Store,BC-0004265,2024-10-21,3,Consumed,Generated BOM consumption from active BOM.
4266,938,101,8,550.000,561.000,550.000,0.000,11.000,No,Production Issue Store,BC-0004266,2024-10-21,4,Consumed,Generated BOM consumption from active BOM.
4267,939,102,9,360.000,367.200,360.000,0.000,7.200,No,Production Issue Store,BC-0004267,2024-10-22,4,Consumed,Generated BOM consumption from active BOM.
4268,939,102,12,30.000,30.600,30.000,0.000,0.600,No,Production Issue Store,BC-0004268,2024-10-22,5,Consumed,Generated BOM consumption from active BOM.
4269,940,100,10,27.000,27.540,27.000,0.000,0.540,No,Production Issue Store,BC-0004269,2024-10-22,5,Consumed,Generated BOM consumption from active BOM.
4270,940,100,13,27.000,27.540,27.000,0.000,0.540,No,Production Issue Store,BC-0004270,2024-10-22,6,Consumed,Generated BOM consumption from active BOM.
4271,941,101,14,28.000,28.560,28.000,0.000,0.560,No,Production Issue Store,BC-0004271,2024-10-20,6,Consumed,Generated BOM consumption from active BOM.
4272,941,101,17,28.000,28.560,28.000,0.000,0.560,No,Production Issue Store,BC-0004272,2024-10-20,7,Consumed,Generated BOM consumption from active BOM.
4273,942,102,18,20.000,20.400,20.000,0.000,0.400,No,Production Issue Store,BC-0004273,2024-10-24,7,Consumed,Generated BOM consumption from active BOM.
4274,942,102,19,20.000,20.400,20.000,0.000,0.400,No,Production Issue Store,BC-0004274,2024-10-24,8,Consumed,Generated BOM consumption from active BOM.
4275,943,100,19,21.000,21.420,21.000,0.000,0.420,No,Production Issue Store,BC-0004275,2024-10-19,8,Consumed,Generated BOM consumption from active BOM.
4276,943,100,20,21.000,21.420,21.000,0.000,0.420,No,Production Issue Store,BC-0004276,2024-10-19,9,Consumed,Generated BOM consumption from active BOM.
4277,944,101,20,11.000,11.220,11.000,0.000,0.220,No,Production Issue Store,BC-0004277,2024-10-20,9,Consumed,Generated BOM consumption from active BOM.
4278,944,101,24,22.000,22.440,22.000,0.000,0.440,No,Production Issue Store,BC-0004278,2024-10-20,10,Consumed,Generated BOM consumption from active BOM.
4279,945,102,25,64.000,65.280,64.000,0.000,1.280,No,Production Issue Store,BC-0004279,2024-10-21,10,Consumed,Generated BOM consumption from active BOM.
4280,945,102,21,32.000,32.640,32.000,0.000,0.640,No,Production Issue Store,BC-0004280,2024-10-21,11,Consumed,Generated BOM consumption from active BOM.
4281,946,100,21,30.000,30.600,30.000,0.000,0.600,No,Production Issue Store,BC-0004281,2024-10-25,11,Consumed,Generated BOM consumption from active BOM.
4282,946,100,78,30.000,30.600,30.000,0.000,0.600,No,Production Issue Store,BC-0004282,2024-10-25,12,Consumed,Generated BOM consumption from active BOM.
4283,947,101,78,52.000,53.040,52.000,0.000,1.040,No,Production Issue Store,BC-0004283,2024-10-24,12,Consumed,Generated BOM consumption from active BOM.
4284,947,101,79,52.000,53.040,52.000,0.000,1.040,No,Production Issue Store,BC-0004284,2024-10-24,13,Consumed,Generated BOM consumption from active BOM.
4285,948,102,79,118.000,120.360,118.000,0.000,2.360,No,Production Issue Store,BC-0004285,2024-10-24,13,Consumed,Generated BOM consumption from active BOM.
4286,948,102,26,118.000,120.360,118.000,0.000,2.360,No,Production Issue Store,BC-0004286,2024-10-24,1,Consumed,Generated BOM consumption from active BOM.
4287,949,100,26,11.000,11.220,11.000,0.000,0.220,No,Production Issue Store,BC-0004287,2024-10-20,1,Consumed,Generated BOM consumption from active BOM.
4288,949,100,27,11.000,11.220,11.000,0.000,0.220,No,Production Issue Store,BC-0004288,2024-10-20,3,Consumed,Generated BOM consumption from active BOM.
4289,950,101,27,55.000,56.100,55.000,0.000,1.100,No,Production Issue Store,BC-0004289,2024-10-25,3,Consumed,Generated BOM consumption from active BOM.
4290,950,101,30,176.000,179.520,176.000,0.000,3.520,kg,Production Issue Store,BC-0004290,2024-10-25,4,Consumed,Generated BOM consumption from active BOM.
4291,951,102,31,351.000,358.020,351.000,0.000,7.020,kg,Production Issue Store,BC-0004291,2024-10-24,4,Consumed,Generated BOM consumption from active BOM.
4292,951,102,34,270.000,275.400,270.000,0.000,5.400,m,Production Issue Store,BC-0004292,2024-10-24,5,Consumed,Generated BOM consumption from active BOM.
4293,952,100,32,18.000,18.360,18.000,0.000,0.360,m,Production Issue Store,BC-0004293,2024-10-26,5,Consumed,Generated BOM consumption from active BOM.
4294,952,100,35,6.000,6.120,6.000,0.000,0.120,No,Production Issue Store,BC-0004294,2024-10-26,6,Consumed,Generated BOM consumption from active BOM.
4295,953,101,35,42.000,42.840,42.000,0.000,0.840,No,Production Issue Store,BC-0004295,2024-10-27,6,Consumed,Generated BOM consumption from active BOM.
4296,953,101,38,126.000,128.520,126.000,0.000,2.520,No,Production Issue Store,BC-0004296,2024-10-27,7,Consumed,Generated BOM consumption from active BOM.
4297,954,102,38,45.000,45.900,45.000,0.000,0.900,No,Production Issue Store,BC-0004297,2024-10-25,7,Consumed,Generated BOM consumption from active BOM.
4298,954,102,57,720.000,734.400,720.000,0.000,14.400,No,Production Issue Store,BC-0004298,2024-10-25,8,Consumed,Generated BOM consumption from active BOM.
4299,955,100,55,120.000,122.400,120.000,0.000,2.400,No,Production Issue Store,BC-0004299,2024-10-30,8,Consumed,Generated BOM consumption from active BOM.
4300,955,100,58,120.000,122.400,120.000,0.000,2.400,No,Production Issue Store,BC-0004300,2024-10-30,9,Consumed,Generated BOM consumption from active BOM.
4301,956,101,58,1836.000,1872.720,1836.000,0.000,36.720,No,Production Issue Store,BC-0004301,2024-10-23,9,Consumed,Generated BOM consumption from active BOM.
4302,956,101,59,1836.000,1872.720,1836.000,0.000,36.720,No,Production Issue Store,BC-0004302,2024-10-23,10,Consumed,Generated BOM consumption from active BOM.
4303,957,102,59,576.000,587.520,576.000,0.000,11.520,No,Production Issue Store,BC-0004303,2024-10-30,10,Consumed,Generated BOM consumption from active BOM.
4304,957,102,62,12.000,12.240,12.000,0.000,0.240,m,Production Issue Store,BC-0004304,2024-10-30,11,Consumed,Generated BOM consumption from active BOM.
4305,958,100,60,10.000,10.200,10.000,0.000,0.200,m,Production Issue Store,BC-0004305,2024-10-28,11,Consumed,Generated BOM consumption from active BOM.
4306,958,100,39,60.000,61.200,60.000,0.000,1.200,No,Production Issue Store,BC-0004306,2024-10-28,12,Consumed,Generated BOM consumption from active BOM.
4307,959,101,41,10.000,10.200,10.000,0.000,0.200,No,Production Issue Store,BC-0004307,2024-10-29,12,Consumed,Generated BOM consumption from active BOM.
4308,959,101,43,10.000,10.200,10.000,0.000,0.200,No,Production Issue Store,BC-0004308,2024-10-29,13,Consumed,Generated BOM consumption from active BOM.
4309,960,102,43,22.000,22.440,22.000,0.000,0.440,No,Production Issue Store,BC-0004309,2024-10-29,13,Consumed,Generated BOM consumption from active BOM.
4310,960,102,46,11.000,11.220,11.000,0.000,0.220,No,Production Issue Store,BC-0004310,2024-10-29,1,Consumed,Generated BOM consumption from active BOM.
4311,961,100,45,8.000,8.160,8.000,0.000,0.160,No,Production Issue Store,BC-0004311,2024-10-26,1,Consumed,Generated BOM consumption from active BOM.
4312,961,100,47,8.000,8.160,8.000,0.000,0.160,Set,Production Issue Store,BC-0004312,2024-10-26,3,Consumed,Generated BOM consumption from active BOM.
4313,962,101,47,50.000,51.000,50.000,0.000,1.000,Set,Production Issue Store,BC-0004313,2024-10-25,3,Consumed,Generated BOM consumption from active BOM.
4314,962,101,50,50.000,51.000,50.000,0.000,1.000,No,Production Issue Store,BC-0004314,2024-10-25,4,Consumed,Generated BOM consumption from active BOM.
4315,963,102,51,8.000,8.160,8.000,0.000,0.160,No,Production Issue Store,BC-0004315,2024-10-29,4,Consumed,Generated BOM consumption from active BOM.
4316,963,102,54,64.000,65.280,64.000,0.000,1.280,No,Production Issue Store,BC-0004316,2024-10-29,5,Consumed,Generated BOM consumption from active BOM.
4317,964,100,52,225.000,229.500,225.000,0.000,4.500,No,Production Issue Store,BC-0004317,2024-10-31,5,Consumed,Generated BOM consumption from active BOM.
4318,964,100,63,360.000,367.200,360.000,0.000,7.200,No,Production Issue Store,BC-0004318,2024-10-31,6,Consumed,Generated BOM consumption from active BOM.
4319,965,101,65,130.000,132.600,130.000,0.000,2.600,No,Production Issue Store,BC-0004319,2024-10-28,6,Consumed,Generated BOM consumption from active BOM.
4320,965,101,67,130.000,132.600,130.000,0.000,2.600,No,Production Issue Store,BC-0004320,2024-10-28,7,Consumed,Generated BOM consumption from active BOM.
4321,966,102,68,648.000,660.960,648.000,0.000,12.960,No,Production Issue Store,BC-0004321,2024-10-31,7,Consumed,Generated BOM consumption from active BOM.
4322,966,102,71,648.000,660.960,648.000,0.000,12.960,No,Production Issue Store,BC-0004322,2024-10-31,8,Consumed,Generated BOM consumption from active BOM.
4323,967,100,69,400.000,408.000,400.000,0.000,8.000,No,Production Issue Store,BC-0004323,2024-11-02,8,Consumed,Generated BOM consumption from active BOM.
4324,967,100,72,400.000,408.000,400.000,0.000,8.000,No,Production Issue Store,BC-0004324,2024-11-02,9,Consumed,Generated BOM consumption from active BOM.
4325,968,101,73,390.000,397.800,390.000,0.000,7.800,No,Production Issue Store,BC-0004325,2024-10-27,9,Consumed,Generated BOM consumption from active BOM.
4326,968,101,76,78.000,79.560,78.000,0.000,1.560,No,Production Issue Store,BC-0004326,2024-10-27,10,Consumed,Generated BOM consumption from active BOM.
4327,969,102,77,104.000,106.080,104.000,0.000,2.080,No,Production Issue Store,BC-0004327,2024-11-01,10,Consumed,Generated BOM consumption from active BOM.
4328,969,102,80,15600.000,15912.000,15600.000,0.000,312.000,ml,Production Issue Store,BC-0004328,2024-11-01,11,Consumed,Generated BOM consumption from active BOM.
4329,970,100,80,2200.000,2244.000,2200.000,0.000,44.000,ml,Production Issue Store,BC-0004329,2024-11-02,11,Consumed,Generated BOM consumption from active BOM.
4330,970,100,81,660.000,673.200,660.000,0.000,13.200,g,Production Issue Store,BC-0004330,2024-11-02,12,Consumed,Generated BOM consumption from active BOM.
4331,971,101,81,2205.000,2249.100,2205.000,0.000,44.100,g,Production Issue Store,BC-0004331,2024-10-31,12,Consumed,Generated BOM consumption from active BOM.
4332,971,101,82,392.000,399.840,392.000,0.000,7.840,ml,Production Issue Store,BC-0004332,2024-10-31,13,Consumed,Generated BOM consumption from active BOM.
4333,972,102,82,160.000,163.200,160.000,0.000,3.200,ml,Production Issue Store,BC-0004333,2024-10-27,13,Consumed,Generated BOM consumption from active BOM.
4334,972,102,83,800.000,816.000,800.000,0.000,16.000,g,Production Issue Store,BC-0004334,2024-10-27,1,Consumed,Generated BOM consumption from active BOM.
4335,973,100,83,800.000,816.000,800.000,0.000,16.000,g,Production Issue Store,BC-0004335,2024-10-28,1,Consumed,Generated BOM consumption from active BOM.
4336,973,100,84,4000.000,4080.000,4000.000,0.000,80.000,ml,Production Issue Store,BC-0004336,2024-10-28,3,Consumed,Generated BOM consumption from active BOM.
4337,974,101,84,8400.000,8568.000,8400.000,0.000,168.000,ml,Production Issue Store,BC-0004337,2024-10-28,3,Consumed,Generated BOM consumption from active BOM.
4338,974,101,85,840.000,856.800,840.000,0.000,16.800,g,Production Issue Store,BC-0004338,2024-10-28,4,Consumed,Generated BOM consumption from active BOM.
4339,975,102,85,880.000,897.600,880.000,0.000,17.600,g,Production Issue Store,BC-0004339,2024-10-29,4,Consumed,Generated BOM consumption from active BOM.
4340,975,102,86,440.000,448.800,440.000,0.000,8.800,g,Production Issue Store,BC-0004340,2024-10-29,5,Consumed,Generated BOM consumption from active BOM.
4341,976,100,86,95.000,96.900,95.000,0.000,1.900,g,Production Issue Store,BC-0004341,2024-10-29,5,Consumed,Generated BOM consumption from active BOM.
4342,976,100,87,190.000,193.800,190.000,0.000,3.800,g,Production Issue Store,BC-0004342,2024-10-29,6,Consumed,Generated BOM consumption from active BOM.
4343,977,101,87,690.000,703.800,690.000,0.000,13.800,g,Production Issue Store,BC-0004343,2024-10-29,6,Consumed,Generated BOM consumption from active BOM.
4344,977,101,94,46.000,46.920,46.000,0.000,0.920,No,Production Issue Store,BC-0004344,2024-10-29,7,Consumed,Generated BOM consumption from active BOM.
4345,978,102,94,52.000,53.040,52.000,0.000,1.040,No,Production Issue Store,BC-0004345,2024-10-31,7,Consumed,Generated BOM consumption from active BOM.
4346,978,102,95,52.000,53.040,52.000,0.000,1.040,No,Production Issue Store,BC-0004346,2024-10-31,8,Consumed,Generated BOM consumption from active BOM.
4347,979,100,95,53.000,54.060,53.000,0.000,1.060,No,Production Issue Store,BC-0004347,2024-11-05,8,Consumed,Generated BOM consumption from active BOM.
4348,979,100,96,53.000,54.060,53.000,0.000,1.060,No,Production Issue Store,BC-0004348,2024-11-05,9,Consumed,Generated BOM consumption from active BOM.
4349,980,101,96,44.000,44.880,44.000,0.000,0.880,No,Production Issue Store,BC-0004349,2024-10-30,9,Consumed,Generated BOM consumption from active BOM.
4350,980,101,97,44.000,44.880,44.000,0.000,0.880,No,Production Issue Store,BC-0004350,2024-10-30,10,Consumed,Generated BOM consumption from active BOM.
4351,981,102,97,45.000,45.900,45.000,0.000,0.900,No,Production Issue Store,BC-0004351,2024-11-04,10,Consumed,Generated BOM consumption from active BOM.
4352,981,102,88,45.000,45.900,45.000,0.000,0.900,No,Production Issue Store,BC-0004352,2024-11-04,11,Consumed,Generated BOM consumption from active BOM.
4353,982,100,88,47.000,47.940,47.000,0.000,0.940,No,Production Issue Store,BC-0004353,2024-10-29,11,Consumed,Generated BOM consumption from active BOM.
4354,982,100,89,94.000,95.880,94.000,0.000,1.880,No,Production Issue Store,BC-0004354,2024-10-29,12,Consumed,Generated BOM consumption from active BOM.
4355,983,101,89,92.000,93.840,92.000,0.000,1.840,No,Production Issue Store,BC-0004355,2024-10-31,12,Consumed,Generated BOM consumption from active BOM.
4356,983,101,90,46.000,46.920,46.000,0.000,0.920,Sheet,Production Issue Store,BC-0004356,2024-10-31,13,Consumed,Generated BOM consumption from active BOM.
4357,984,102,90,20.000,20.400,20.000,0.000,0.400,sheets,Production Issue Store,BC-0004357,2024-11-06,13,Consumed,Generated BOM consumption from active BOM.
4358,984,102,91,10.000,10.200,10.000,0.000,0.200,No,Production Issue Store,BC-0004358,2024-11-06,1,Consumed,Generated BOM consumption from active BOM.
4359,985,100,91,50.000,51.000,50.000,0.000,1.000,No,Production Issue Store,BC-0004359,2024-10-31,1,Consumed,Generated BOM consumption from active BOM.
4360,985,100,92,50.000,51.000,50.000,0.000,1.000,m,Production Issue Store,BC-0004360,2024-10-31,3,Consumed,Generated BOM consumption from active BOM.
4361,986,101,92,19.200,19.584,19.200,0.000,0.384,m,Production Issue Store,BC-0004361,2024-11-06,3,Consumed,Generated BOM consumption from active BOM.
4362,986,101,93,16.000,16.320,16.000,0.000,0.320,No,Production Issue Store,BC-0004362,2024-11-06,4,Consumed,Generated BOM consumption from active BOM.
4363,987,102,93,72.000,73.440,72.000,0.000,1.440,No,Production Issue Store,BC-0004363,2024-11-06,4,Consumed,Generated BOM consumption from active BOM.
4364,987,102,98,36.000,36.720,36.000,0.000,0.720,No,Production Issue Store,BC-0004364,2024-11-06,5,Consumed,Generated BOM consumption from active BOM.
4365,988,100,98,24.000,24.480,24.000,0.000,0.480,No,Production Issue Store,BC-0004365,2024-11-01,5,Consumed,Generated BOM consumption from active BOM.
4366,988,100,99,24.000,24.480,24.000,0.000,0.480,No,Production Issue Store,BC-0004366,2024-11-01,6,Consumed,Generated BOM consumption from active BOM.
4367,989,101,99,15.000,15.300,15.000,0.000,0.300,No,Production Issue Store,BC-0004367,2024-11-07,6,Consumed,Generated BOM consumption from active BOM.
4368,989,101,2,15.000,15.300,15.000,0.000,0.300,No,Production Issue Store,BC-0004368,2024-11-07,7,Consumed,Generated BOM consumption from active BOM.
4369,990,102,2,20.000,20.400,20.000,0.000,0.400,No,Production Issue Store,BC-0004369,2024-11-04,7,Consumed,Generated BOM consumption from active BOM.
4370,990,102,6,20.000,20.400,20.000,0.000,0.400,No,Production Issue Store,BC-0004370,2024-11-04,8,Consumed,Generated BOM consumption from active BOM.
4371,991,100,4,10.000,10.200,10.000,0.000,0.200,No,Production Issue Store,BC-0004371,2024-11-07,8,Consumed,Generated BOM consumption from active BOM.
4372,991,100,7,80.000,81.600,80.000,0.000,1.600,No,Production Issue Store,BC-0004372,2024-11-07,9,Consumed,Generated BOM consumption from active BOM.
4373,992,101,8,290.000,295.800,290.000,0.000,5.800,No,Production Issue Store,BC-0004373,2024-11-02,9,Consumed,Generated BOM consumption from active BOM.
4374,992,101,11,29.000,29.580,29.000,0.000,0.580,No,Production Issue Store,BC-0004374,2024-11-02,10,Consumed,Generated BOM consumption from active BOM.
4375,993,102,12,29.000,29.580,29.000,0.000,0.580,No,Production Issue Store,BC-0004375,2024-11-05,10,Consumed,Generated BOM consumption from active BOM.
4376,993,102,15,29.000,29.580,29.000,0.000,0.580,No,Production Issue Store,BC-0004376,2024-11-05,11,Consumed,Generated BOM consumption from active BOM.
4377,994,100,13,27.000,27.540,27.000,0.000,0.540,No,Production Issue Store,BC-0004377,2024-11-08,11,Consumed,Generated BOM consumption from active BOM.
4378,994,100,16,27.000,27.540,27.000,0.000,0.540,No,Production Issue Store,BC-0004378,2024-11-08,12,Consumed,Generated BOM consumption from active BOM.
4379,995,101,17,8.000,8.160,8.000,0.000,0.160,No,Production Issue Store,BC-0004379,2024-11-02,12,Consumed,Generated BOM consumption from active BOM.
4380,995,101,19,8.000,8.160,8.000,0.000,0.160,No,Production Issue Store,BC-0004380,2024-11-02,13,Consumed,Generated BOM consumption from active BOM.
4381,996,102,19,37.000,37.740,37.000,0.000,0.740,No,Production Issue Store,BC-0004381,2024-11-08,13,Consumed,Generated BOM consumption from active BOM.
4382,996,102,20,37.000,37.740,37.000,0.000,0.740,No,Production Issue Store,BC-0004382,2024-11-08,1,Consumed,Generated BOM consumption from active BOM.
4383,997,100,20,14.000,14.280,14.000,0.000,0.280,No,Production Issue Store,BC-0004383,2024-11-04,1,Consumed,Generated BOM consumption from active BOM.
4384,997,100,23,28.000,28.560,28.000,0.000,0.560,No,Production Issue Store,BC-0004384,2024-11-04,3,Consumed,Generated BOM consumption from active BOM.
4385,998,101,24,104.000,106.080,104.000,0.000,2.080,No,Production Issue Store,BC-0004385,2024-11-10,3,Consumed,Generated BOM consumption from active BOM.
4386,998,101,21,52.000,53.040,52.000,0.000,1.040,No,Production Issue Store,BC-0004386,2024-11-10,4,Consumed,Generated BOM consumption from active BOM.
4387,999,102,21,6.000,6.120,6.000,0.000,0.120,No,Production Issue Store,BC-0004387,2024-11-10,4,Consumed,Generated BOM consumption from active BOM.
4388,999,102,78,12.000,12.240,12.000,0.000,0.240,No,Production Issue Store,BC-0004388,2024-11-10,5,Consumed,Generated BOM consumption from active BOM.
4389,1000,100,78,7.000,7.140,7.000,0.000,0.140,No,Production Issue Store,BC-0004389,2024-11-08,5,Consumed,Generated BOM consumption from active BOM.
4390,1000,100,79,7.000,7.140,7.000,0.000,0.140,No,Production Issue Store,BC-0004390,2024-11-08,6,Consumed,Generated BOM consumption from active BOM.
4391,1001,101,79,42.000,42.840,42.000,0.000,0.840,No,Production Issue Store,BC-0004391,2024-11-09,6,Consumed,Generated BOM consumption from active BOM.
4392,1001,101,26,42.000,42.840,42.000,0.000,0.840,No,Production Issue Store,BC-0004392,2024-11-09,7,Consumed,Generated BOM consumption from active BOM.
4393,1002,102,26,56.000,57.120,56.000,0.000,1.120,No,Production Issue Store,BC-0004393,2024-11-07,7,Consumed,Generated BOM consumption from active BOM.
4394,1002,102,27,56.000,57.120,56.000,0.000,1.120,No,Production Issue Store,BC-0004394,2024-11-07,8,Consumed,Generated BOM consumption from active BOM.
4395,1003,100,27,60.000,61.200,60.000,0.000,1.200,No,Production Issue Store,BC-0004395,2024-11-12,8,Consumed,Generated BOM consumption from active BOM.
4396,1003,100,29,108.000,110.160,108.000,0.000,2.160,kg,Production Issue Store,BC-0004396,2024-11-12,9,Consumed,Generated BOM consumption from active BOM.
4397,1004,101,30,108.800,110.976,108.800,0.000,2.176,kg,Production Issue Store,BC-0004397,2024-11-06,9,Consumed,Generated BOM consumption from active BOM.
4398,1004,101,33,136.000,138.720,136.000,0.000,2.720,m,Production Issue Store,BC-0004398,2024-11-06,10,Consumed,Generated BOM consumption from active BOM.
4399,1005,102,34,125.000,127.500,125.000,0.000,2.500,m,Production Issue Store,BC-0004399,2024-11-07,10,Consumed,Generated BOM consumption from active BOM.
4400,1005,102,35,25.000,25.500,25.000,0.000,0.500,No,Production Issue Store,BC-0004400,2024-11-07,11,Consumed,Generated BOM consumption from active BOM.
4401,1006,100,35,52.000,53.040,52.000,0.000,1.040,No,Production Issue Store,BC-0004401,2024-11-06,11,Consumed,Generated BOM consumption from active BOM.
4402,1006,100,38,156.000,159.120,156.000,0.000,3.120,No,Production Issue Store,BC-0004402,2024-11-06,12,Consumed,Generated BOM consumption from active BOM.
4403,1007,101,38,48.000,48.960,48.000,0.000,0.960,No,Production Issue Store,BC-0004403,2024-11-09,12,Consumed,Generated BOM consumption from active BOM.
4404,1007,101,56,576.000,587.520,576.000,0.000,11.520,No,Production Issue Store,BC-0004404,2024-11-09,13,Consumed,Generated BOM consumption from active BOM.
4405,1008,102,57,2592.000,2643.840,2592.000,0.000,51.840,No,Production Issue Store,BC-0004405,2024-11-07,13,Consumed,Generated BOM consumption from active BOM.
4406,1008,102,58,2592.000,2643.840,2592.000,0.000,51.840,No,Production Issue Store,BC-0004406,2024-11-07,1,Consumed,Generated BOM consumption from active BOM.
4407,1009,100,58,648.000,660.960,648.000,0.000,12.960,No,Production Issue Store,BC-0004407,2024-11-12,1,Consumed,Generated BOM consumption from active BOM.
4408,1009,100,59,648.000,660.960,648.000,0.000,12.960,No,Production Issue Store,BC-0004408,2024-11-12,3,Consumed,Generated BOM consumption from active BOM.
4409,1010,101,59,828.000,844.560,828.000,0.000,16.560,No,Production Issue Store,BC-0004409,2024-11-08,3,Consumed,Generated BOM consumption from active BOM.
4410,1010,101,61,18.400,18.768,18.400,0.000,0.368,m,Production Issue Store,BC-0004410,2024-11-08,4,Consumed,Generated BOM consumption from active BOM.
4411,1011,102,62,21.000,21.420,21.000,0.000,0.420,m,Production Issue Store,BC-0004411,2024-11-08,4,Consumed,Generated BOM consumption from active BOM.
4412,1011,102,41,21.000,21.420,21.000,0.000,0.420,No,Production Issue Store,BC-0004412,2024-11-08,5,Consumed,Generated BOM consumption from active BOM.
4413,1012,100,39,12.000,12.240,12.000,0.000,0.240,No,Production Issue Store,BC-0004413,2024-11-07,5,Consumed,Generated BOM consumption from active BOM.
4414,1012,100,40,4.000,4.080,4.000,0.000,0.080,No,Production Issue Store,BC-0004414,2024-11-07,6,Consumed,Generated BOM consumption from active BOM.
4415,1013,101,43,41.000,41.820,41.000,0.000,0.820,No,Production Issue Store,BC-0004415,2024-11-14,6,Consumed,Generated BOM consumption from active BOM.
4416,1013,101,45,41.000,41.820,41.000,0.000,0.820,No,Production Issue Store,BC-0004416,2024-11-14,7,Consumed,Generated BOM consumption from active BOM.
4417,1014,102,46,36.000,36.720,36.000,0.000,0.720,No,Production Issue Store,BC-0004417,2024-11-13,7,Consumed,Generated BOM consumption from active BOM.
4418,1014,102,47,36.000,36.720,36.000,0.000,0.720,Set,Production Issue Store,BC-0004418,2024-11-13,8,Consumed,Generated BOM consumption from active BOM.
4419,1015,100,47,40.000,40.800,40.000,0.000,0.800,Set,Production Issue Store,BC-0004419,2024-11-12,8,Consumed,Generated BOM consumption from active BOM.
4420,1015,100,49,40.000,40.800,40.000,0.000,0.800,No,Production Issue Store,BC-0004420,2024-11-12,9,Consumed,Generated BOM consumption from active BOM.
4421,1016,101,50,41.000,41.820,41.000,0.000,0.820,No,Production Issue Store,BC-0004421,2024-11-15,9,Consumed,Generated BOM consumption from active BOM.
4422,1016,101,53,246.000,250.920,246.000,0.000,4.920,No,Production Issue Store,BC-0004422,2024-11-15,10,Consumed,Generated BOM consumption from active BOM.
4423,1017,102,54,48.000,48.960,48.000,0.000,0.960,No,Production Issue Store,BC-0004423,2024-11-13,10,Consumed,Generated BOM consumption from active BOM.
4424,1017,102,65,72.000,73.440,72.000,0.000,1.440,No,Production Issue Store,BC-0004424,2024-11-13,11,Consumed,Generated BOM consumption from active BOM.
4425,1018,100,63,432.000,440.640,432.000,0.000,8.640,No,Production Issue Store,BC-0004425,2024-11-10,11,Consumed,Generated BOM consumption from active BOM.
4426,1018,100,66,432.000,440.640,432.000,0.000,8.640,No,Production Issue Store,BC-0004426,2024-11-10,12,Consumed,Generated BOM consumption from active BOM.
4427,1019,101,67,320.000,326.400,320.000,0.000,6.400,No,Production Issue Store,BC-0004427,2024-11-13,12,Consumed,Generated BOM consumption from active BOM.
4428,1019,101,70,320.000,326.400,320.000,0.000,6.400,No,Production Issue Store,BC-0004428,2024-11-13,13,Consumed,Generated BOM consumption from active BOM.
4429,1020,102,71,492.000,501.840,492.000,0.000,9.840,No,Production Issue Store,BC-0004429,2024-11-10,13,Consumed,Generated BOM consumption from active BOM.
4430,1020,102,74,492.000,501.840,492.000,0.000,9.840,No,Production Issue Store,BC-0004430,2024-11-10,1,Consumed,Generated BOM consumption from active BOM.
4431,1021,100,72,64.000,65.280,64.000,0.000,1.280,No,Production Issue Store,BC-0004431,2024-11-11,1,Consumed,Generated BOM consumption from active BOM.
4432,1021,100,75,16.000,16.320,16.000,0.000,0.320,No,Production Issue Store,BC-0004432,2024-11-11,3,Consumed,Generated BOM consumption from active BOM.
4433,1022,101,76,90.000,91.800,90.000,0.000,1.800,No,Production Issue Store,BC-0004433,2024-11-13,3,Consumed,Generated BOM consumption from active BOM.
4434,1022,101,80,8100.000,8262.000,8100.000,0.000,162.000,ml,Production Issue Store,BC-0004434,2024-11-13,4,Consumed,Generated BOM consumption from active BOM.
4435,1023,102,80,12300.000,12546.000,12300.000,0.000,246.000,ml,Production Issue Store,BC-0004435,2024-11-14,4,Consumed,Generated BOM consumption from active BOM.
4436,1023,102,81,3280.000,3345.600,3280.000,0.000,65.600,g,Production Issue Store,BC-0004436,2024-11-14,5,Consumed,Generated BOM consumption from active BOM.
4437,1024,100,81,750.000,765.000,750.000,0.000,15.000,g,Production Issue Store,BC-0004437,2024-11-14,5,Consumed,Generated BOM consumption from active BOM.
4438,1024,100,82,125.000,127.500,125.000,0.000,2.500,ml,Production Issue Store,BC-0004438,2024-11-14,6,Consumed,Generated BOM consumption from active BOM.
4439,1025,101,82,456.000,465.120,456.000,0.000,9.120,ml,Production Issue Store,BC-0004439,2024-11-15,6,Consumed,Generated BOM consumption from active BOM.
4440,1025,101,83,1710.000,1744.200,1710.000,0.000,34.200,g,Production Issue Store,BC-0004440,2024-11-15,7,Consumed,Generated BOM consumption from active BOM.
4441,1026,102,83,2000.000,2040.000,2000.000,0.000,40.000,g,Production Issue Store,BC-0004441,2024-11-18,7,Consumed,Generated BOM consumption from active BOM.
4442,1026,102,84,10000.000,10200.000,10000.000,0.000,200.000,ml,Production Issue Store,BC-0004442,2024-11-18,8,Consumed,Generated BOM consumption from active BOM.
4443,1027,100,84,5500.000,5610.000,5500.000,0.000,110.000,ml,Production Issue Store,BC-0004443,2024-11-19,8,Consumed,Generated BOM consumption from active BOM.
4444,1027,100,85,550.000,561.000,550.000,0.000,11.000,g,Production Issue Store,BC-0004444,2024-11-19,9,Consumed,Generated BOM consumption from active BOM.
4445,1028,101,85,780.000,795.600,780.000,0.000,15.600,g,Production Issue Store,BC-0004445,2024-11-15,9,Consumed,Generated BOM consumption from active BOM.
4446,1028,101,86,416.000,424.320,416.000,0.000,8.320,g,Production Issue Store,BC-0004446,2024-11-15,10,Consumed,Generated BOM consumption from active BOM.
4447,1029,102,86,150.000,153.000,150.000,0.000,3.000,g,Production Issue Store,BC-0004447,2024-11-17,10,Consumed,Generated BOM consumption from active BOM.
4448,1029,102,87,300.000,306.000,300.000,0.000,6.000,g,Production Issue Store,BC-0004448,2024-11-17,11,Consumed,Generated BOM consumption from active BOM.
4449,1030,100,87,600.000,612.000,600.000,0.000,12.000,g,Production Issue Store,BC-0004449,2024-11-19,11,Consumed,Generated BOM consumption from active BOM.
4450,1030,100,94,60.000,61.200,60.000,0.000,1.200,No,Production Issue Store,BC-0004450,2024-11-19,12,Consumed,Generated BOM consumption from active BOM.
4451,1031,101,94,46.000,46.920,46.000,0.000,0.920,No,Production Issue Store,BC-0004451,2024-11-16,12,Consumed,Generated BOM consumption from active BOM.
4452,1031,101,95,46.000,46.920,46.000,0.000,0.920,No,Production Issue Store,BC-0004452,2024-11-16,13,Consumed,Generated BOM consumption from active BOM.
4453,1032,102,95,15.000,15.300,15.000,0.000,0.300,No,Production Issue Store,BC-0004453,2024-11-19,13,Consumed,Generated BOM consumption from active BOM.
4454,1032,102,96,15.000,15.300,15.000,0.000,0.300,No,Production Issue Store,BC-0004454,2024-11-19,1,Consumed,Generated BOM consumption from active BOM.
4455,1033,100,96,48.000,48.960,48.000,0.000,0.960,No,Production Issue Store,BC-0004455,2024-11-14,1,Consumed,Generated BOM consumption from active BOM.
4456,1033,100,97,48.000,48.960,48.000,0.000,0.960,No,Production Issue Store,BC-0004456,2024-11-14,3,Consumed,Generated BOM consumption from active BOM.
4457,1034,101,97,29.000,29.580,29.000,0.000,0.580,No,Production Issue Store,BC-0004457,2024-11-21,3,Consumed,Generated BOM consumption from active BOM.
4458,1034,101,88,29.000,29.580,29.000,0.000,0.580,No,Production Issue Store,BC-0004458,2024-11-21,4,Consumed,Generated BOM consumption from active BOM.
4459,1035,102,88,52.000,53.040,52.000,0.000,1.040,No,Production Issue Store,BC-0004459,2024-11-17,4,Consumed,Generated BOM consumption from active BOM.
4460,1035,102,89,104.000,106.080,104.000,0.000,2.080,No,Production Issue Store,BC-0004460,2024-11-17,5,Consumed,Generated BOM consumption from active BOM.
4461,1036,100,89,30.000,30.600,30.000,0.000,0.600,No,Production Issue Store,BC-0004461,2024-11-20,5,Consumed,Generated BOM consumption from active BOM.
4462,1036,100,90,15.000,15.300,15.000,0.000,0.300,Sheet,Production Issue Store,BC-0004462,2024-11-20,6,Consumed,Generated BOM consumption from active BOM.
4463,1037,101,90,20.000,20.400,20.000,0.000,0.400,Sheet,Production Issue Store,BC-0004463,2024-11-23,6,Consumed,Generated BOM consumption from active BOM.
4464,1037,101,91,20.000,20.400,20.000,0.000,0.400,No,Production Issue Store,BC-0004464,2024-11-23,7,Consumed,Generated BOM consumption from active BOM.
4465,1038,102,91,22.000,22.440,22.000,0.000,0.440,No,Production Issue Store,BC-0004465,2024-11-16,7,Consumed,Generated BOM consumption from active BOM.
4466,1038,102,92,33.000,33.660,33.000,0.000,0.660,m,Production Issue Store,BC-0004466,2024-11-16,8,Consumed,Generated BOM consumption from active BOM.
4467,1039,100,92,30.000,30.600,30.000,0.000,0.600,m,Production Issue Store,BC-0004467,2024-11-22,8,Consumed,Generated BOM consumption from active BOM.
4468,1039,100,93,30.000,30.600,30.000,0.000,0.600,No,Production Issue Store,BC-0004468,2024-11-22,9,Consumed,Generated BOM consumption from active BOM.
4469,1040,101,93,41.000,41.820,41.000,0.000,0.820,No,Production Issue Store,BC-0004469,2024-11-21,9,Consumed,Generated BOM consumption from active BOM.
4470,1040,101,98,41.000,41.820,41.000,0.000,0.820,No,Production Issue Store,BC-0004470,2024-11-21,10,Consumed,Generated BOM consumption from active BOM.
4471,1041,102,98,16.000,16.320,16.000,0.000,0.320,No,Production Issue Store,BC-0004471,2024-11-21,10,Consumed,Generated BOM consumption from active BOM.
4472,1041,102,99,16.000,16.320,16.000,0.000,0.320,No,Production Issue Store,BC-0004472,2024-11-21,11,Consumed,Generated BOM consumption from active BOM.
4473,1042,100,99,44.000,44.880,44.000,0.000,0.880,No,Production Issue Store,BC-0004473,2024-11-21,11,Consumed,Generated BOM consumption from active BOM.
4474,1042,100,1,44.000,44.880,44.000,0.000,0.880,No,Production Issue Store,BC-0004474,2024-11-21,12,Consumed,Generated BOM consumption from active BOM.
4475,1043,101,2,6.000,6.120,6.000,0.000,0.120,No,Production Issue Store,BC-0004475,2024-11-22,12,Consumed,Generated BOM consumption from active BOM.
4476,1043,101,5,6.000,6.120,6.000,0.000,0.120,No,Production Issue Store,BC-0004476,2024-11-22,13,Consumed,Generated BOM consumption from active BOM.
4477,1044,102,6,22.000,22.440,22.000,0.000,0.440,No,Production Issue Store,BC-0004477,2024-11-26,13,Consumed,Generated BOM consumption from active BOM.
4478,1044,102,9,264.000,269.280,264.000,0.000,5.280,No,Production Issue Store,BC-0004478,2024-11-26,1,Consumed,Generated BOM consumption from active BOM.
4479,1045,100,7,320.000,326.400,320.000,0.000,6.400,No,Production Issue Store,BC-0004479,2024-11-19,1,Consumed,Generated BOM consumption from active BOM.
4480,1045,100,10,40.000,40.800,40.000,0.000,0.800,No,Production Issue Store,BC-0004480,2024-11-19,3,Consumed,Generated BOM consumption from active BOM.
4481,1046,101,11,19.000,19.380,19.000,0.000,0.380,No,Production Issue Store,BC-0004481,2024-11-20,3,Consumed,Generated BOM consumption from active BOM.
4482,1046,101,14,19.000,19.380,19.000,0.000,0.380,No,Production Issue Store,BC-0004482,2024-11-20,4,Consumed,Generated BOM consumption from active BOM.
4483,1047,102,15,28.000,28.560,28.000,0.000,0.560,No,Production Issue Store,BC-0004483,2024-11-21,4,Consumed,Generated BOM consumption from active BOM.
4484,1047,102,18,28.000,28.560,28.000,0.000,0.560,No,Production Issue Store,BC-0004484,2024-11-21,5,Consumed,Generated BOM consumption from active BOM.
4485,1048,100,16,37.000,37.740,37.000,0.000,0.740,No,Production Issue Store,BC-0004485,2024-11-21,5,Consumed,Generated BOM consumption from active BOM.
4486,1048,100,19,37.000,37.740,37.000,0.000,0.740,No,Production Issue Store,BC-0004486,2024-11-21,6,Consumed,Generated BOM consumption from active BOM.
4487,1049,101,19,16.000,16.320,16.000,0.000,0.320,No,Production Issue Store,BC-0004487,2024-11-21,6,Consumed,Generated BOM consumption from active BOM.
4488,1049,101,20,16.000,16.320,16.000,0.000,0.320,No,Production Issue Store,BC-0004488,2024-11-21,7,Consumed,Generated BOM consumption from active BOM.
4489,1050,102,20,59.000,60.180,59.000,0.000,1.180,No,Production Issue Store,BC-0004489,2024-11-23,7,Consumed,Generated BOM consumption from active BOM.
4490,1050,102,25,118.000,120.360,118.000,0.000,2.360,No,Production Issue Store,BC-0004490,2024-11-23,8,Consumed,Generated BOM consumption from active BOM.
4491,1051,100,23,102.000,104.040,102.000,0.000,2.040,No,Production Issue Store,BC-0004491,2024-11-22,8,Consumed,Generated BOM consumption from active BOM.
4492,1051,100,21,51.000,52.020,51.000,0.000,1.020,No,Production Issue Store,BC-0004492,2024-11-22,9,Consumed,Generated BOM consumption from active BOM.
4493,1052,101,21,59.000,60.180,59.000,0.000,1.180,No,Production Issue Store,BC-0004493,2024-11-24,9,Consumed,Generated BOM consumption from active BOM.
4494,1052,101,78,118.000,120.360,118.000,0.000,2.360,No,Production Issue Store,BC-0004494,2024-11-24,10,Consumed,Generated BOM consumption from active BOM.
4495,1053,102,78,66.000,67.320,66.000,0.000,1.320,No,Production Issue Store,BC-0004495,2024-11-28,10,Consumed,Generated BOM consumption from active BOM.
4496,1053,102,79,66.000,67.320,66.000,0.000,1.320,No,Production Issue Store,BC-0004496,2024-11-28,11,Consumed,Generated BOM consumption from active BOM.
4497,1054,100,79,25.000,25.500,25.000,0.000,0.500,No,Production Issue Store,BC-0004497,2024-11-29,11,Consumed,Generated BOM consumption from active BOM.
4498,1054,100,26,25.000,25.500,25.000,0.000,0.500,No,Production Issue Store,BC-0004498,2024-11-29,12,Consumed,Generated BOM consumption from active BOM.
4499,1055,101,26,118.000,120.360,118.000,0.000,2.360,No,Production Issue Store,BC-0004499,2024-12-01,12,Consumed,Generated BOM consumption from active BOM.
4500,1055,101,27,59.000,60.180,59.000,0.000,1.180,No,Production Issue Store,BC-0004500,2024-12-01,13,Consumed,Generated BOM consumption from active BOM.
4501,1056,102,27,90.000,91.800,90.000,0.000,1.800,No,Production Issue Store,BC-0004501,2024-11-26,13,Consumed,Generated BOM consumption from active BOM.
4502,1056,102,31,292.500,298.350,292.500,0.000,5.850,kg,Production Issue Store,BC-0004502,2024-11-26,1,Consumed,Generated BOM consumption from active BOM.
4503,1057,100,29,84.600,86.292,84.600,0.000,1.692,kg,Production Issue Store,BC-0004503,2024-11-26,1,Consumed,Generated BOM consumption from active BOM.
4504,1057,100,32,141.000,143.820,141.000,0.000,2.820,m,Production Issue Store,BC-0004504,2024-11-26,3,Consumed,Generated BOM consumption from active BOM.
4505,1058,101,33,60.000,61.200,60.000,0.000,1.200,m,Production Issue Store,BC-0004505,2024-11-28,3,Consumed,Generated BOM consumption from active BOM.
4506,1058,101,35,15.000,15.300,15.000,0.000,0.300,No,Production Issue Store,BC-0004506,2024-11-28,4,Consumed,Generated BOM consumption from active BOM.
4507,1059,102,35,52.000,53.040,52.000,0.000,1.040,No,Production Issue Store,BC-0004507,2024-11-27,4,Consumed,Generated BOM consumption from active BOM.
4508,1059,102,38,156.000,159.120,156.000,0.000,3.120,No,Production Issue Store,BC-0004508,2024-11-27,5,Consumed,Generated BOM consumption from active BOM.
4509,1060,100,38,102.000,104.040,102.000,0.000,2.040,No,Production Issue Store,BC-0004509,2024-11-25,5,Consumed,Generated BOM consumption from active BOM.
4510,1060,100,55,816.000,832.320,816.000,0.000,16.320,No,Production Issue Store,BC-0004510,2024-11-25,6,Consumed,Generated BOM consumption from active BOM.
4511,1061,101,56,1692.000,1725.840,1692.000,0.000,33.840,No,Production Issue Store,BC-0004511,2024-11-29,6,Consumed,Generated BOM consumption from active BOM.
4512,1061,101,58,1692.000,1725.840,1692.000,0.000,33.840,No,Production Issue Store,BC-0004512,2024-11-29,7,Consumed,Generated BOM consumption from active BOM.
4513,1062,102,58,2400.000,2448.000,2400.000,0.000,48.000,No,Production Issue Store,BC-0004513,2024-11-30,7,Consumed,Generated BOM consumption from active BOM.
4514,1062,102,59,2400.000,2448.000,2400.000,0.000,48.000,No,Production Issue Store,BC-0004514,2024-11-30,8,Consumed,Generated BOM consumption from active BOM.
4515,1063,100,59,240.000,244.800,240.000,0.000,4.800,No,Production Issue Store,BC-0004515,2024-11-29,8,Consumed,Generated BOM consumption from active BOM.
4516,1063,100,60,5.000,5.100,5.000,0.000,0.100,m,Production Issue Store,BC-0004516,2024-11-29,9,Consumed,Generated BOM consumption from active BOM.
4517,1064,101,61,7.200,7.344,7.200,0.000,0.144,m,Production Issue Store,BC-0004517,2024-12-02,9,Consumed,Generated BOM consumption from active BOM.
4518,1064,101,41,9.000,9.180,9.000,0.000,0.180,No,Production Issue Store,BC-0004518,2024-12-02,10,Consumed,Generated BOM consumption from active BOM.
4519,1065,102,41,8.000,8.160,8.000,0.000,0.160,No,Production Issue Store,BC-0004519,2024-11-30,10,Consumed,Generated BOM consumption from active BOM.
4520,1065,102,43,16.000,16.320,16.000,0.000,0.320,No,Production Issue Store,BC-0004520,2024-11-30,11,Consumed,Generated BOM consumption from active BOM.
4521,1066,100,40,41.000,41.820,41.000,0.000,0.820,No,Production Issue Store,BC-0004521,2024-12-04,11,Consumed,Generated BOM consumption from active BOM.
4522,1066,100,45,41.000,41.820,41.000,0.000,0.820,No,Production Issue Store,BC-0004522,2024-12-04,12,Consumed,Generated BOM consumption from active BOM.
4523,1067,101,45,56.000,57.120,56.000,0.000,1.120,No,Production Issue Store,BC-0004523,2024-12-02,12,Consumed,Generated BOM consumption from active BOM.
4524,1067,101,47,56.000,57.120,56.000,0.000,1.120,Set,Production Issue Store,BC-0004524,2024-12-02,13,Consumed,Generated BOM consumption from active BOM.
4525,1068,102,47,5.000,5.100,5.000,0.000,0.100,Set,Production Issue Store,BC-0004525,2024-12-01,13,Consumed,Generated BOM consumption from active BOM.
4526,1068,102,51,5.000,5.100,5.000,0.000,0.100,No,Production Issue Store,BC-0004526,2024-12-01,1,Consumed,Generated BOM consumption from active BOM.
4527,1069,100,49,12.000,12.240,12.000,0.000,0.240,No,Production Issue Store,BC-0004527,2024-12-05,1,Consumed,Generated BOM consumption from active BOM.
4528,1069,100,52,60.000,61.200,60.000,0.000,1.200,No,Production Issue Store,BC-0004528,2024-12-05,3,Consumed,Generated BOM consumption from active BOM.
4529,1070,101,53,180.000,183.600,180.000,0.000,3.600,No,Production Issue Store,BC-0004529,2024-12-04,3,Consumed,Generated BOM consumption from active BOM.
4530,1070,101,65,300.000,306.000,300.000,0.000,6.000,No,Production Issue Store,BC-0004530,2024-12-04,4,Consumed,Generated BOM consumption from active BOM.
4531,1071,102,65,312.000,318.240,312.000,0.000,6.240,No,Production Issue Store,BC-0004531,2024-12-02,4,Consumed,Generated BOM consumption from active BOM.
4532,1071,102,68,312.000,318.240,312.000,0.000,6.240,No,Production Issue Store,BC-0004532,2024-12-02,5,Consumed,Generated BOM consumption from active BOM.
4533,1072,100,66,72.000,73.440,72.000,0.000,1.440,No,Production Issue Store,BC-0004533,2024-11-30,5,Consumed,Generated BOM consumption from active BOM.
4534,1072,100,69,72.000,73.440,72.000,0.000,1.440,No,Production Issue Store,BC-0004534,2024-11-30,6,Consumed,Generated BOM consumption from active BOM.
4535,1073,101,70,400.000,408.000,400.000,0.000,8.000,No,Production Issue Store,BC-0004535,2024-11-29,6,Consumed,Generated BOM consumption from active BOM.
4536,1073,101,73,400.000,408.000,400.000,0.000,8.000,No,Production Issue Store,BC-0004536,2024-11-29,7,Consumed,Generated BOM consumption from active BOM.
4537,1074,102,74,660.000,673.200,660.000,0.000,13.200,No,Production Issue Store,BC-0004537,2024-12-05,7,Consumed,Generated BOM consumption from active BOM.
4538,1074,102,77,110.000,112.200,110.000,0.000,2.200,No,Production Issue Store,BC-0004538,2024-12-05,8,Consumed,Generated BOM consumption from active BOM.
4539,1075,100,75,32.000,32.640,32.000,0.000,0.640,No,Production Issue Store,BC-0004539,2024-12-06,8,Consumed,Generated BOM consumption from active BOM.
4540,1075,100,80,1600.000,1632.000,1600.000,0.000,32.000,ml,Production Issue Store,BC-0004540,2024-12-06,9,Consumed,Generated BOM consumption from active BOM.
4541,1076,101,80,900.000,918.000,900.000,0.000,18.000,ml,Production Issue Store,BC-0004541,2024-12-01,9,Consumed,Generated BOM consumption from active BOM.
4542,1076,101,81,225.000,229.500,225.000,0.000,4.500,g,Production Issue Store,BC-0004542,2024-12-01,10,Consumed,Generated BOM consumption from active BOM.
4543,1077,102,81,1360.000,1387.200,1360.000,0.000,27.200,g,Production Issue Store,BC-0004543,2024-12-06,10,Consumed,Generated BOM consumption from active BOM.
4544,1077,102,82,170.000,173.400,170.000,0.000,3.400,ml,Production Issue Store,BC-0004544,2024-12-06,11,Consumed,Generated BOM consumption from active BOM.
4545,1078,100,82,75.000,76.500,75.000,0.000,1.500,ml,Production Issue Store,BC-0004545,2024-12-03,11,Consumed,Generated BOM consumption from active BOM.
4546,1078,100,83,300.000,306.000,300.000,0.000,6.000,g,Production Issue Store,BC-0004546,2024-12-03,12,Consumed,Generated BOM consumption from active BOM.
4547,1079,101,83,870.000,887.400,870.000,0.000,17.400,g,Production Issue Store,BC-0004547,2024-12-01,12,Consumed,Generated BOM consumption from active BOM.
4548,1079,101,84,4350.000,4437.000,4350.000,0.000,87.000,ml,Production Issue Store,BC-0004548,2024-12-01,13,Consumed,Generated BOM consumption from active BOM.
4549,1080,102,84,2500.000,2550.000,2500.000,0.000,50.000,ml,Production Issue Store,BC-0004549,2024-12-06,13,Consumed,Generated BOM consumption from active BOM.
4550,1080,102,85,200.000,204.000,200.000,0.000,4.000,g,Production Issue Store,BC-0004550,2024-12-06,1,Consumed,Generated BOM consumption from active BOM.
4551,1081,100,85,250.000,255.000,250.000,0.000,5.000,g,Production Issue Store,BC-0004551,2024-12-08,1,Consumed,Generated BOM consumption from active BOM.
4552,1081,100,86,125.000,127.500,125.000,0.000,2.500,g,Production Issue Store,BC-0004552,2024-12-08,3,Consumed,Generated BOM consumption from active BOM.
4553,1082,101,86,80.000,81.600,80.000,0.000,1.600,g,Production Issue Store,BC-0004553,2024-12-05,3,Consumed,Generated BOM consumption from active BOM.
4554,1082,101,87,150.000,153.000,150.000,0.000,3.000,g,Production Issue Store,BC-0004554,2024-12-05,4,Consumed,Generated BOM consumption from active BOM.
4555,1083,102,87,860.000,877.200,860.000,0.000,17.200,g,Production Issue Store,BC-0004555,2024-12-06,4,Consumed,Generated BOM consumption from active BOM.
4556,1083,102,94,43.000,43.860,43.000,0.000,0.860,No,Production Issue Store,BC-0004556,2024-12-06,5,Consumed,Generated BOM consumption from active BOM.
4557,1084,100,94,31.000,31.620,31.000,0.000,0.620,No,Production Issue Store,BC-0004557,2024-12-08,5,Consumed,Generated BOM consumption from active BOM.
4558,1084,100,95,31.000,31.620,31.000,0.000,0.620,No,Production Issue Store,BC-0004558,2024-12-08,6,Consumed,Generated BOM consumption from active BOM.
4559,1085,101,95,8.000,8.160,8.000,0.000,0.160,No,Production Issue Store,BC-0004559,2024-12-03,6,Consumed,Generated BOM consumption from active BOM.
4560,1085,101,96,8.000,8.160,8.000,0.000,0.160,No,Production Issue Store,BC-0004560,2024-12-03,7,Consumed,Generated BOM consumption from active BOM.
4561,1086,102,96,7.000,7.140,7.000,0.000,0.140,No,Production Issue Store,BC-0004561,2024-12-03,7,Consumed,Generated BOM consumption from active BOM.
4562,1086,102,97,7.000,7.140,7.000,0.000,0.140,No,Production Issue Store,BC-0004562,2024-12-03,8,Consumed,Generated BOM consumption from active BOM.
4563,1087,100,97,31.000,31.620,31.000,0.000,0.620,No,Production Issue Store,BC-0004563,2024-12-04,8,Consumed,Generated BOM consumption from active BOM.
4564,1087,100,88,31.000,31.620,31.000,0.000,0.620,No,Production Issue Store,BC-0004564,2024-12-04,9,Consumed,Generated BOM consumption from active BOM.
4565,1088,101,88,38.000,38.760,38.000,0.000,0.760,No,Production Issue Store,BC-0004565,2024-12-04,9,Consumed,Generated BOM consumption from active BOM.
4566,1088,101,89,76.000,77.520,76.000,0.000,1.520,No,Production Issue Store,BC-0004566,2024-12-04,10,Consumed,Generated BOM consumption from active BOM.
4567,1089,102,89,28.000,28.560,28.000,0.000,0.560,No,Production Issue Store,BC-0004567,2024-12-04,10,Consumed,Generated BOM consumption from active BOM.
4568,1089,102,90,28.000,28.560,28.000,0.000,0.560,sheets,Production Issue Store,BC-0004568,2024-12-04,11,Consumed,Generated BOM consumption from active BOM.
4569,1090,100,90,22.000,22.440,22.000,0.000,0.440,Sheet,Production Issue Store,BC-0004569,2024-12-03,11,Consumed,Generated BOM consumption from active BOM.
4570,1090,100,91,22.000,22.440,22.000,0.000,0.440,No,Production Issue Store,BC-0004570,2024-12-03,12,Consumed,Generated BOM consumption from active BOM.
4571,1091,101,91,37.000,37.740,37.000,0.000,0.740,No,Production Issue Store,BC-0004571,2024-12-04,12,Consumed,Generated BOM consumption from active BOM.
4572,1091,101,92,44.400,45.288,44.400,0.000,0.888,m,Production Issue Store,BC-0004572,2024-12-04,13,Consumed,Generated BOM consumption from active BOM.
4573,1092,102,92,46.500,47.430,46.500,0.000,0.930,m,Production Issue Store,BC-0004573,2024-12-08,13,Consumed,Generated BOM consumption from active BOM.
4574,1092,102,93,62.000,63.240,62.000,0.000,1.240,No,Production Issue Store,BC-0004574,2024-12-08,1,Consumed,Generated BOM consumption from active BOM.
4575,1093,100,93,9.000,9.180,9.000,0.000,0.180,No,Production Issue Store,BC-0004575,2024-12-08,1,Consumed,Generated BOM consumption from active BOM.
4576,1093,100,98,9.000,9.180,9.000,0.000,0.180,No,Production Issue Store,BC-0004576,2024-12-08,3,Consumed,Generated BOM consumption from active BOM.
4577,1094,101,98,24.000,24.480,24.000,0.000,0.480,No,Production Issue Store,BC-0004577,2024-12-13,3,Consumed,Generated BOM consumption from active BOM.
4578,1094,101,99,24.000,24.480,24.000,0.000,0.480,No,Production Issue Store,BC-0004578,2024-12-13,4,Consumed,Generated BOM consumption from active BOM.
4579,1095,102,99,16.000,16.320,16.000,0.000,0.320,No,Production Issue Store,BC-0004579,2024-12-13,4,Consumed,Generated BOM consumption from active BOM.
4580,1095,102,2,16.000,16.320,16.000,0.000,0.320,No,Production Issue Store,BC-0004580,2024-12-13,5,Consumed,Generated BOM consumption from active BOM.
4581,1096,100,1,54.000,55.080,54.000,0.000,1.080,No,Production Issue Store,BC-0004581,2024-12-13,5,Consumed,Generated BOM consumption from active BOM.
4582,1096,100,4,54.000,55.080,54.000,0.000,1.080,No,Production Issue Store,BC-0004582,2024-12-13,6,Consumed,Generated BOM consumption from active BOM.
4583,1097,101,5,51.000,52.020,51.000,0.000,1.020,No,Production Issue Store,BC-0004583,2024-12-11,6,Consumed,Generated BOM consumption from active BOM.
4584,1097,101,8,510.000,520.200,510.000,0.000,10.200,No,Production Issue Store,BC-0004584,2024-12-11,7,Consumed,Generated BOM consumption from active BOM.
4585,1098,102,9,264.000,269.280,264.000,0.000,5.280,No,Production Issue Store,BC-0004585,2024-12-12,7,Consumed,Generated BOM consumption from active BOM.
4586,1098,102,12,22.000,22.440,22.000,0.000,0.440,No,Production Issue Store,BC-0004586,2024-12-12,8,Consumed,Generated BOM consumption from active BOM.
4587,1099,100,10,17.000,17.340,17.000,0.000,0.340,No,Production Issue Store,BC-0004587,2024-12-12,8,Consumed,Generated BOM consumption from active BOM.
4588,1099,100,13,17.000,17.340,17.000,0.000,0.340,No,Production Issue Store,BC-0004588,2024-12-12,9,Consumed,Generated BOM consumption from active BOM.
4589,1100,101,14,13.000,13.260,13.000,0.000,0.260,No,Production Issue Store,BC-0004589,2024-12-14,9,Consumed,Generated BOM consumption from active BOM.
4590,1100,101,17,13.000,13.260,13.000,0.000,0.260,No,Production Issue Store,BC-0004590,2024-12-14,10,Consumed,Generated BOM consumption from active BOM.
4591,1101,102,18,46.000,46.920,46.000,0.000,0.920,No,Production Issue Store,BC-0004591,2024-12-13,10,Consumed,Generated BOM consumption from active BOM.
4592,1101,102,19,46.000,46.920,46.000,0.000,0.920,No,Production Issue Store,BC-0004592,2024-12-13,11,Consumed,Generated BOM consumption from active BOM.
4593,1102,100,19,55.000,56.100,55.000,0.000,1.100,No,Production Issue Store,BC-0004593,2024-12-13,11,Consumed,Generated BOM consumption from active BOM.
4594,1102,100,20,55.000,56.100,55.000,0.000,1.100,No,Production Issue Store,BC-0004594,2024-12-13,12,Consumed,Generated BOM consumption from active BOM.
4595,1103,101,20,20.000,20.400,20.000,0.000,0.400,No,Production Issue Store,BC-0004595,2024-12-10,12,Consumed,Generated BOM consumption from active BOM.
4596,1103,101,24,40.000,40.800,40.000,0.000,0.800,No,Production Issue Store,BC-0004596,2024-12-10,13,Consumed,Generated BOM consumption from active BOM.
4597,1104,102,25,82.000,83.640,82.000,0.000,1.640,No,Production Issue Store,BC-0004597,2024-12-12,13,Consumed,Generated BOM consumption from active BOM.
4598,1104,102,21,41.000,41.820,41.000,0.000,0.820,No,Production Issue Store,BC-0004598,2024-12-12,1,Consumed,Generated BOM consumption from active BOM.
4599,1105,100,21,18.000,18.360,18.000,0.000,0.360,No,Production Issue Store,BC-0004599,2024-12-15,1,Consumed,Generated BOM consumption from active BOM.
4600,1105,100,78,18.000,18.360,18.000,0.000,0.360,No,Production Issue Store,BC-0004600,2024-12-15,3,Consumed,Generated BOM consumption from active BOM.
4601,1106,101,78,110.000,112.200,110.000,0.000,2.200,No,Production Issue Store,BC-0004601,2024-12-09,3,Consumed,Generated BOM consumption from active BOM.
4602,1106,101,79,110.000,112.200,110.000,0.000,2.200,No,Production Issue Store,BC-0004602,2024-12-09,4,Consumed,Generated BOM consumption from active BOM.
4603,1107,102,79,38.000,38.760,38.000,0.000,0.760,No,Production Issue Store,BC-0004603,2024-12-09,4,Consumed,Generated BOM consumption from active BOM.
4604,1107,102,26,38.000,38.760,38.000,0.000,0.760,No,Production Issue Store,BC-0004604,2024-12-09,5,Consumed,Generated BOM consumption from active BOM.
4605,1108,100,26,9.000,9.180,9.000,0.000,0.180,No,Production Issue Store,BC-0004605,2024-12-14,5,Consumed,Generated BOM consumption from active BOM.
4606,1108,100,27,9.000,9.180,9.000,0.000,0.180,No,Production Issue Store,BC-0004606,2024-12-14,6,Consumed,Generated BOM consumption from active BOM.
4607,1109,101,27,53.000,54.060,53.000,0.000,1.060,No,Production Issue Store,BC-0004607,2024-12-12,6,Consumed,Generated BOM consumption from active BOM.
4608,1109,101,30,169.600,172.992,169.600,0.000,3.392,kg,Production Issue Store,BC-0004608,2024-12-12,7,Consumed,Generated BOM consumption from active BOM.
4609,1110,102,31,370.500,377.910,370.500,0.000,7.410,kg,Production Issue Store,BC-0004609,2024-12-15,7,Consumed,Generated BOM consumption from active BOM.
4610,1110,102,34,285.000,290.700,285.000,0.000,5.700,m,Production Issue Store,BC-0004610,2024-12-15,8,Consumed,Generated BOM consumption from active BOM.
4611,1111,100,32,78.000,79.560,78.000,0.000,1.560,m,Production Issue Store,BC-0004611,2024-12-16,8,Consumed,Generated BOM consumption from active BOM.
4612,1111,100,35,26.000,26.520,26.000,0.000,0.520,No,Production Issue Store,BC-0004612,2024-12-16,9,Consumed,Generated BOM consumption from active BOM.
4613,1112,101,35,53.000,54.060,53.000,0.000,1.060,No,Production Issue Store,BC-0004613,2024-12-10,9,Consumed,Generated BOM consumption from active BOM.
4614,1112,101,38,159.000,162.180,159.000,0.000,3.180,No,Production Issue Store,BC-0004614,2024-12-10,10,Consumed,Generated BOM consumption from active BOM.
4615,1113,102,38,48.000,48.960,48.000,0.000,0.960,No,Production Issue Store,BC-0004615,2024-12-14,10,Consumed,Generated BOM consumption from active BOM.
4616,1113,102,57,768.000,783.360,768.000,0.000,15.360,No,Production Issue Store,BC-0004616,2024-12-14,11,Consumed,Generated BOM consumption from active BOM.
4617,1114,100,55,480.000,489.600,480.000,0.000,9.600,No,Production Issue Store,BC-0004617,2024-12-17,11,Consumed,Generated BOM consumption from active BOM.
4618,1114,100,58,480.000,489.600,480.000,0.000,9.600,No,Production Issue Store,BC-0004618,2024-12-17,12,Consumed,Generated BOM consumption from active BOM.
4619,1115,101,58,1260.000,1285.200,1260.000,0.000,25.200,No,Production Issue Store,BC-0004619,2024-12-19,12,Consumed,Generated BOM consumption from active BOM.
4620,1115,101,59,1260.000,1285.200,1260.000,0.000,25.200,No,Production Issue Store,BC-0004620,2024-12-19,13,Consumed,Generated BOM consumption from active BOM.
4621,1116,102,59,1728.000,1762.560,1728.000,0.000,34.560,No,Production Issue Store,BC-0004621,2024-12-13,13,Consumed,Generated BOM consumption from active BOM.
4622,1116,102,62,36.000,36.720,36.000,0.000,0.720,m,Production Issue Store,BC-0004622,2024-12-13,1,Consumed,Generated BOM consumption from active BOM.
4623,1117,100,60,12.500,12.750,12.500,0.000,0.250,m,Production Issue Store,BC-0004623,2024-12-16,1,Consumed,Generated BOM consumption from active BOM.
4624,1117,100,39,75.000,76.500,75.000,0.000,1.500,No,Production Issue Store,BC-0004624,2024-12-16,3,Consumed,Generated BOM consumption from active BOM.
4625,1118,101,41,47.000,47.940,47.000,0.000,0.940,No,Production Issue Store,BC-0004625,2024-12-18,3,Consumed,Generated BOM consumption from active BOM.
4626,1118,101,43,47.000,47.940,47.000,0.000,0.940,No,Production Issue Store,BC-0004626,2024-12-18,4,Consumed,Generated BOM consumption from active BOM.
4627,1119,102,43,96.000,97.920,96.000,0.000,1.920,No,Production Issue Store,BC-0004627,2024-12-18,4,Consumed,Generated BOM consumption from active BOM.
4628,1119,102,46,48.000,48.960,48.000,0.000,0.960,No,Production Issue Store,BC-0004628,2024-12-18,5,Consumed,Generated BOM consumption from active BOM.
4629,1120,100,45,11.000,11.220,11.000,0.000,0.220,No,Production Issue Store,BC-0004629,2024-12-17,5,Consumed,Generated BOM consumption from active BOM.
4630,1120,100,47,11.000,11.220,11.000,0.000,0.220,Set,Production Issue Store,BC-0004630,2024-12-17,6,Consumed,Generated BOM consumption from active BOM.
4631,1121,101,47,60.000,61.200,60.000,0.000,1.200,Set,Production Issue Store,BC-0004631,2024-12-18,6,Consumed,Generated BOM consumption from active BOM.
4632,1121,101,50,60.000,61.200,60.000,0.000,1.200,No,Production Issue Store,BC-0004632,2024-12-18,7,Consumed,Generated BOM consumption from active BOM.
4633,1122,102,51,13.000,13.260,13.000,0.000,0.260,No,Production Issue Store,BC-0004633,2024-12-14,7,Consumed,Generated BOM consumption from active BOM.
4634,1122,102,54,104.000,106.080,104.000,0.000,2.080,No,Production Issue Store,BC-0004634,2024-12-14,8,Consumed,Generated BOM consumption from active BOM.
4635,1123,100,52,165.000,168.300,165.000,0.000,3.300,No,Production Issue Store,BC-0004635,2024-12-18,8,Consumed,Generated BOM consumption from active BOM.
4636,1123,100,63,264.000,269.280,264.000,0.000,5.280,No,Production Issue Store,BC-0004636,2024-12-18,9,Consumed,Generated BOM consumption from active BOM.
4637,1124,101,65,280.000,285.600,280.000,0.000,5.600,No,Production Issue Store,BC-0004637,2024-12-14,9,Consumed,Generated BOM consumption from active BOM.
4638,1124,101,67,280.000,285.600,280.000,0.000,5.600,No,Production Issue Store,BC-0004638,2024-12-14,10,Consumed,Generated BOM consumption from active BOM.
4639,1125,102,68,348.000,354.960,348.000,0.000,6.960,No,Production Issue Store,BC-0004639,2024-12-22,10,Consumed,Generated BOM consumption from active BOM.
4640,1125,102,71,348.000,354.960,348.000,0.000,6.960,No,Production Issue Store,BC-0004640,2024-12-22,11,Consumed,Generated BOM consumption from active BOM.
4641,1126,100,69,80.000,81.600,80.000,0.000,1.600,No,Production Issue Store,BC-0004641,2024-12-16,11,Consumed,Generated BOM consumption from active BOM.
4642,1126,100,72,80.000,81.600,80.000,0.000,1.600,No,Production Issue Store,BC-0004642,2024-12-16,12,Consumed,Generated BOM consumption from active BOM.
4643,1127,101,73,220.000,224.400,220.000,0.000,4.400,No,Production Issue Store,BC-0004643,2024-12-18,12,Consumed,Generated BOM consumption from active BOM.
4644,1127,101,76,44.000,44.880,44.000,0.000,0.880,No,Production Issue Store,BC-0004644,2024-12-18,13,Consumed,Generated BOM consumption from active BOM.
4645,1128,102,77,12.000,12.240,12.000,0.000,0.240,No,Production Issue Store,BC-0004645,2024-12-21,13,Consumed,Generated BOM consumption from active BOM.
4646,1128,102,80,1800.000,1836.000,1800.000,0.000,36.000,ml,Production Issue Store,BC-0004646,2024-12-21,1,Consumed,Generated BOM consumption from active BOM.
4647,1129,100,80,5900.000,6018.000,5900.000,0.000,118.000,ml,Production Issue Store,BC-0004647,2024-12-19,1,Consumed,Generated BOM consumption from active BOM.
4648,1129,100,81,1770.000,1805.400,1770.000,0.000,35.400,g,Production Issue Store,BC-0004648,2024-12-19,3,Consumed,Generated BOM consumption from active BOM.
4649,1130,101,81,495.000,504.900,495.000,0.000,9.900,g,Production Issue Store,BC-0004649,2024-12-19,3,Consumed,Generated BOM consumption from active BOM.
4650,1130,101,82,88.000,89.760,88.000,0.000,1.760,ml,Production Issue Store,BC-0004650,2024-12-19,4,Consumed,Generated BOM consumption from active BOM.
4651,1131,102,82,320.000,326.400,320.000,0.000,6.400,ml,Production Issue Store,BC-0004651,2024-12-16,4,Consumed,Generated BOM consumption from active BOM.
4652,1131,102,83,1600.000,1632.000,1600.000,0.000,32.000,g,Production Issue Store,BC-0004652,2024-12-16,5,Consumed,Generated BOM consumption from active BOM.
4653,1132,100,83,320.000,326.400,320.000,0.000,6.400,g,Production Issue Store,BC-0004653,2024-12-20,5,Consumed,Generated BOM consumption from active BOM.
4654,1132,100,84,1600.000,1632.000,1600.000,0.000,32.000,ml,Production Issue Store,BC-0004654,2024-12-20,6,Consumed,Generated BOM consumption from active BOM.
4655,1133,101,84,2250.000,2295.000,2250.000,0.000,45.000,ml,Production Issue Store,BC-0004655,2024-12-18,6,Consumed,Generated BOM consumption from active BOM.
4656,1133,101,85,225.000,229.500,225.000,0.000,4.500,g,Production Issue Store,BC-0004656,2024-12-18,7,Consumed,Generated BOM consumption from active BOM.
4657,1134,102,85,540.000,550.800,540.000,0.000,10.800,g,Production Issue Store,BC-0004657,2024-12-18,7,Consumed,Generated BOM consumption from active BOM.
4658,1134,102,86,270.000,275.400,270.000,0.000,5.400,g,Production Issue Store,BC-0004658,2024-12-18,8,Consumed,Generated BOM consumption from active BOM.
4659,1135,100,86,290.000,295.800,290.000,0.000,5.800,g,Production Issue Store,BC-0004659,2024-12-20,8,Consumed,Generated BOM consumption from active BOM.
4660,1135,100,87,580.000,591.600,580.000,0.000,11.600,g,Production Issue Store,BC-0004660,2024-12-20,9,Consumed,Generated BOM consumption from active BOM.
4661,1136,101,87,465.000,474.300,465.000,0.000,9.300,g,Production Issue Store,BC-0004661,2024-12-23,9,Consumed,Generated BOM consumption from active BOM.
4662,1136,101,94,31.000,31.620,31.000,0.000,0.620,No,Production Issue Store,BC-0004662,2024-12-23,10,Consumed,Generated BOM consumption from active BOM.
4663,1137,102,94,58.000,59.160,58.000,0.000,1.160,No,Production Issue Store,BC-0004663,2024-12-24,10,Consumed,Generated BOM consumption from active BOM.
4664,1137,102,95,58.000,59.160,58.000,0.000,1.160,No,Production Issue Store,BC-0004664,2024-12-24,11,Consumed,Generated BOM consumption from active BOM.
4665,1138,100,95,51.000,52.020,51.000,0.000,1.020,No,Production Issue Store,BC-0004665,2024-12-23,11,Consumed,Generated BOM consumption from active BOM.
4666,1138,100,96,51.000,52.020,51.000,0.000,1.020,No,Production Issue Store,BC-0004666,2024-12-23,12,Consumed,Generated BOM consumption from active BOM.
4667,1139,101,96,28.000,28.560,28.000,0.000,0.560,No,Production Issue Store,BC-0004667,2024-12-24,12,Consumed,Generated BOM consumption from active BOM.
4668,1139,101,97,28.000,28.560,28.000,0.000,0.560,No,Production Issue Store,BC-0004668,2024-12-24,13,Consumed,Generated BOM consumption from active BOM.
4669,1140,102,97,56.000,57.120,56.000,0.000,1.120,No,Production Issue Store,BC-0004669,2024-12-22,13,Consumed,Generated BOM consumption from active BOM.
4670,1140,102,88,56.000,57.120,56.000,0.000,1.120,No,Production Issue Store,BC-0004670,2024-12-22,1,Consumed,Generated BOM consumption from active BOM.
4671,1141,100,88,23.000,23.460,23.000,0.000,0.460,No,Production Issue Store,BC-0004671,2024-12-27,1,Consumed,Generated BOM consumption from active BOM.
4672,1141,100,89,46.000,46.920,46.000,0.000,0.920,No,Production Issue Store,BC-0004672,2024-12-27,3,Consumed,Generated BOM consumption from active BOM.
4673,1142,101,89,64.000,65.280,64.000,0.000,1.280,No,Production Issue Store,BC-0004673,2024-12-27,3,Consumed,Generated BOM consumption from active BOM.
4674,1142,101,90,32.000,32.640,32.000,0.000,0.640,Sheet,Production Issue Store,BC-0004674,2024-12-27,4,Consumed,Generated BOM consumption from active BOM.
4675,1143,102,90,84.000,85.680,84.000,0.000,1.680,sheets,Production Issue Store,BC-0004675,2024-12-28,4,Consumed,Generated BOM consumption from active BOM.
4676,1143,102,91,42.000,42.840,42.000,0.000,0.840,No,Production Issue Store,BC-0004676,2024-12-28,5,Consumed,Generated BOM consumption from active BOM.
4677,1144,100,91,39.000,39.780,39.000,0.000,0.780,No,Production Issue Store,BC-0004677,2024-12-24,5,Consumed,Generated BOM consumption from active BOM.
4678,1144,100,92,39.000,39.780,39.000,0.000,0.780,m,Production Issue Store,BC-0004678,2024-12-24,6,Consumed,Generated BOM consumption from active BOM.
4679,1145,101,92,61.200,62.424,61.200,0.000,1.224,m,Production Issue Store,BC-0004679,2024-12-25,6,Consumed,Generated BOM consumption from active BOM.
4680,1145,101,93,51.000,52.020,51.000,0.000,1.020,No,Production Issue Store,BC-0004680,2024-12-25,7,Consumed,Generated BOM consumption from active BOM.
4681,1146,102,93,28.000,28.560,28.000,0.000,0.560,No,Production Issue Store,BC-0004681,2024-12-28,7,Consumed,Generated BOM consumption from active BOM.
4682,1146,102,98,14.000,14.280,14.000,0.000,0.280,No,Production Issue Store,BC-0004682,2024-12-28,8,Consumed,Generated BOM consumption from active BOM.
4683,1147,100,98,30.000,30.600,30.000,0.000,0.600,No,Production Issue Store,BC-0004683,2024-12-26,8,Consumed,Generated BOM consumption from active BOM.
4684,1147,100,99,30.000,30.600,30.000,0.000,0.600,No,Production Issue Store,BC-0004684,2024-12-26,9,Consumed,Generated BOM consumption from active BOM.
4685,1148,101,99,42.000,42.840,42.000,0.000,0.840,No,Production Issue Store,BC-0004685,2024-12-26,9,Consumed,Generated BOM consumption from active BOM.
4686,1148,101,2,42.000,42.840,42.000,0.000,0.840,No,Production Issue Store,BC-0004686,2024-12-26,10,Consumed,Generated BOM consumption from active BOM.
4687,1149,102,2,21.000,21.420,21.000,0.000,0.420,No,Production Issue Store,BC-0004687,2024-12-26,10,Consumed,Generated BOM consumption from active BOM.
4688,1149,102,6,21.000,21.420,21.000,0.000,0.420,No,Production Issue Store,BC-0004688,2024-12-26,11,Consumed,Generated BOM consumption from active BOM.
4689,1150,100,4,51.000,52.020,51.000,0.000,1.020,No,Production Issue Store,BC-0004689,2024-12-28,11,Consumed,Generated BOM consumption from active BOM.
4690,1150,100,7,408.000,416.160,408.000,0.000,8.160,No,Production Issue Store,BC-0004690,2024-12-28,12,Consumed,Generated BOM consumption from active BOM.
4691,1151,101,8,220.000,224.400,220.000,0.000,4.400,No,Production Issue Store,BC-0004691,2024-12-23,12,Consumed,Generated BOM consumption from active BOM.
4692,1151,101,11,22.000,22.440,22.000,0.000,0.440,No,Production Issue Store,BC-0004692,2024-12-23,13,Consumed,Generated BOM consumption from active BOM.
4693,1152,102,12,19.000,19.380,19.000,0.000,0.380,No,Production Issue Store,BC-0004693,2024-12-28,13,Consumed,Generated BOM consumption from active BOM.
4694,1152,102,15,19.000,19.380,19.000,0.000,0.380,No,Production Issue Store,BC-0004694,2024-12-28,1,Consumed,Generated BOM consumption from active BOM.
4695,1153,100,13,21.000,21.420,21.000,0.000,0.420,No,Production Issue Store,BC-0004695,2024-12-24,1,Consumed,Generated BOM consumption from active BOM.
4696,1153,100,16,21.000,21.420,21.000,0.000,0.420,No,Production Issue Store,BC-0004696,2024-12-24,3,Consumed,Generated BOM consumption from active BOM.
4697,1154,101,17,42.000,42.840,42.000,0.000,0.840,No,Production Issue Store,BC-0004697,2024-12-31,3,Consumed,Generated BOM consumption from active BOM.
4698,1154,101,19,42.000,42.840,42.000,0.000,0.840,No,Production Issue Store,BC-0004698,2024-12-31,4,Consumed,Generated BOM consumption from active BOM.
4699,1155,102,19,10.000,10.200,10.000,0.000,0.200,No,Production Issue Store,BC-0004699,2024-12-30,4,Consumed,Generated BOM consumption from active BOM.
4700,1155,102,20,10.000,10.200,10.000,0.000,0.200,No,Production Issue Store,BC-0004700,2024-12-30,5,Consumed,Generated BOM consumption from active BOM.
4701,1156,100,20,12.000,12.240,12.000,0.000,0.240,No,Production Issue Store,BC-0004701,2024-12-27,5,Consumed,Generated BOM consumption from active BOM.
4702,1156,100,23,24.000,24.480,24.000,0.000,0.480,No,Production Issue Store,BC-0004702,2024-12-27,6,Consumed,Generated BOM consumption from active BOM.
4703,1157,101,24,94.000,95.880,94.000,0.000,1.880,No,Production Issue Store,BC-0004703,2025-01-01,6,Consumed,Generated BOM consumption from active BOM.
4704,1157,101,21,47.000,47.940,47.000,0.000,0.940,No,Production Issue Store,BC-0004704,2025-01-01,7,Consumed,Generated BOM consumption from active BOM.
4705,1158,102,21,16.000,16.320,16.000,0.000,0.320,No,Production Issue Store,BC-0004705,2025-01-01,7,Consumed,Generated BOM consumption from active BOM.
4706,1158,102,78,32.000,32.640,32.000,0.000,0.640,No,Production Issue Store,BC-0004706,2025-01-01,8,Consumed,Generated BOM consumption from active BOM.
4707,1159,100,78,9.000,9.180,9.000,0.000,0.180,No,Production Issue Store,BC-0004707,2025-01-03,8,Consumed,Generated BOM consumption from active BOM.
4708,1159,100,79,9.000,9.180,9.000,0.000,0.180,No,Production Issue Store,BC-0004708,2025-01-03,9,Consumed,Generated BOM consumption from active BOM.
4709,1160,101,79,40.000,40.800,40.000,0.000,0.800,No,Production Issue Store,BC-0004709,2024-12-31,9,Consumed,Generated BOM consumption from active BOM.
4710,1160,101,26,40.000,40.800,40.000,0.000,0.800,No,Production Issue Store,BC-0004710,2024-12-31,10,Consumed,Generated BOM consumption from active BOM.
4711,1161,102,26,52.000,53.040,52.000,0.000,1.040,No,Production Issue Store,BC-0004711,2025-01-02,10,Consumed,Generated BOM consumption from active BOM.
4712,1161,102,27,52.000,53.040,52.000,0.000,1.040,No,Production Issue Store,BC-0004712,2025-01-02,11,Consumed,Generated BOM consumption from active BOM.
4713,1162,100,27,5.000,5.100,5.000,0.000,0.100,No,Production Issue Store,BC-0004713,2025-01-02,11,Consumed,Generated BOM consumption from active BOM.
4714,1162,100,29,9.000,9.180,9.000,0.000,0.180,kg,Production Issue Store,BC-0004714,2025-01-02,12,Consumed,Generated BOM consumption from active BOM.
4715,1163,101,30,160.000,163.200,160.000,0.000,3.200,kg,Production Issue Store,BC-0004715,2025-01-03,12,Consumed,Generated BOM consumption from active BOM.
4716,1163,101,33,200.000,204.000,200.000,0.000,4.000,m,Production Issue Store,BC-0004716,2025-01-03,13,Consumed,Generated BOM consumption from active BOM.
4717,1164,102,34,60.000,61.200,60.000,0.000,1.200,m,Production Issue Store,BC-0004717,2025-01-02,13,Consumed,Generated BOM consumption from active BOM.
4718,1164,102,35,12.000,12.240,12.000,0.000,0.240,No,Production Issue Store,BC-0004718,2025-01-02,1,Consumed,Generated BOM consumption from active BOM.
4719,1165,100,35,28.000,28.560,28.000,0.000,0.560,No,Production Issue Store,BC-0004719,2025-01-02,1,Consumed,Generated BOM consumption from active BOM.
4720,1165,100,38,84.000,85.680,84.000,0.000,1.680,No,Production Issue Store,BC-0004720,2025-01-02,3,Consumed,Generated BOM consumption from active BOM.
4721,1166,101,38,51.000,52.020,51.000,0.000,1.020,No,Production Issue Store,BC-0004721,2024-12-29,3,Consumed,Generated BOM consumption from active BOM.
4722,1166,101,56,612.000,624.240,612.000,0.000,12.240,No,Production Issue Store,BC-0004722,2024-12-29,4,Consumed,Generated BOM consumption from active BOM.
4723,1167,102,57,1056.000,1077.120,1056.000,0.000,21.120,No,Production Issue Store,BC-0004723,2025-01-01,4,Consumed,Generated BOM consumption from active BOM.
4724,1167,102,58,1056.000,1077.120,1056.000,0.000,21.120,No,Production Issue Store,BC-0004724,2025-01-01,5,Consumed,Generated BOM consumption from active BOM.
4725,1168,100,58,120.000,122.400,120.000,0.000,2.400,No,Production Issue Store,BC-0004725,2024-12-29,5,Consumed,Generated BOM consumption from active BOM.
4726,1168,100,59,120.000,122.400,120.000,0.000,2.400,No,Production Issue Store,BC-0004726,2024-12-29,6,Consumed,Generated BOM consumption from active BOM.
4727,1169,101,59,2124.000,2166.480,2124.000,0.000,42.480,No,Production Issue Store,BC-0004727,2025-01-05,6,Consumed,Generated BOM consumption from active BOM.
4728,1169,101,61,47.200,48.144,47.200,0.000,0.944,m,Production Issue Store,BC-0004728,2025-01-05,7,Consumed,Generated BOM consumption from active BOM.
4729,1170,102,62,55.000,56.100,55.000,0.000,1.100,m,Production Issue Store,BC-0004729,2025-01-01,7,Consumed,Generated BOM consumption from active BOM.
4730,1170,102,41,55.000,56.100,55.000,0.000,1.100,No,Production Issue Store,BC-0004730,2025-01-01,8,Consumed,Generated BOM consumption from active BOM.
4731,1171,100,39,33.000,33.660,33.000,0.000,0.660,No,Production Issue Store,BC-0004731,2025-01-02,8,Consumed,Generated BOM consumption from active BOM.
4732,1171,100,40,11.000,11.220,11.000,0.000,0.220,No,Production Issue Store,BC-0004732,2025-01-02,9,Consumed,Generated BOM consumption from active BOM.
4733,1172,101,43,14.000,14.280,14.000,0.000,0.280,No,Production Issue Store,BC-0004733,2025-01-03,9,Consumed,Generated BOM consumption from active BOM.
4734,1172,101,45,14.000,14.280,14.000,0.000,0.280,No,Production Issue Store,BC-0004734,2025-01-03,10,Consumed,Generated BOM consumption from active BOM.
4735,1173,102,46,53.000,54.060,53.000,0.000,1.060,No,Production Issue Store,BC-0004735,2025-01-05,10,Consumed,Generated BOM consumption from active BOM.
4736,1173,102,47,53.000,54.060,53.000,0.000,1.060,Set,Production Issue Store,BC-0004736,2025-01-05,11,Consumed,Generated BOM consumption from active BOM.
4737,1174,100,47,27.000,27.540,27.000,0.000,0.540,Set,Production Issue Store,BC-0004737,2025-01-03,11,Consumed,Generated BOM consumption from active BOM.
4738,1174,100,49,27.000,27.540,27.000,0.000,0.540,No,Production Issue Store,BC-0004738,2025-01-03,12,Consumed,Generated BOM consumption from active BOM.
4739,1175,101,50,7.000,7.140,7.000,0.000,0.140,No,Production Issue Store,BC-0004739,2024-12-30,12,Consumed,Generated BOM consumption from active BOM.
4740,1175,101,53,42.000,42.840,42.000,0.000,0.840,No,Production Issue Store,BC-0004740,2024-12-30,13,Consumed,Generated BOM consumption from active BOM.
4741,1176,102,54,96.000,97.920,96.000,0.000,1.920,No,Production Issue Store,BC-0004741,2025-01-03,13,Consumed,Generated BOM consumption from active BOM.
4742,1176,102,65,144.000,146.880,144.000,0.000,2.880,No,Production Issue Store,BC-0004742,2025-01-03,1,Consumed,Generated BOM consumption from active BOM.
4743,1177,100,63,216.000,220.320,216.000,0.000,4.320,No,Production Issue Store,BC-0004743,2025-01-02,1,Consumed,Generated BOM consumption from active BOM.
4744,1177,100,66,216.000,220.320,216.000,0.000,4.320,No,Production Issue Store,BC-0004744,2025-01-02,3,Consumed,Generated BOM consumption from active BOM.
4745,1178,101,67,360.000,367.200,360.000,0.000,7.200,No,Production Issue Store,BC-0004745,2025-01-05,3,Consumed,Generated BOM consumption from active BOM.
4746,1178,101,70,360.000,367.200,360.000,0.000,7.200,No,Production Issue Store,BC-0004746,2025-01-05,4,Consumed,Generated BOM consumption from active BOM.
4747,1179,102,71,480.000,489.600,480.000,0.000,9.600,No,Production Issue Store,BC-0004747,2025-01-01,4,Consumed,Generated BOM consumption from active BOM.
4748,1179,102,74,480.000,489.600,480.000,0.000,9.600,No,Production Issue Store,BC-0004748,2025-01-01,5,Consumed,Generated BOM consumption from active BOM.
4749,1180,100,72,112.000,114.240,112.000,0.000,2.240,No,Production Issue Store,BC-0004749,2025-01-07,5,Consumed,Generated BOM consumption from active BOM.
4750,1180,100,75,28.000,28.560,28.000,0.000,0.560,No,Production Issue Store,BC-0004750,2025-01-07,6,Consumed,Generated BOM consumption from active BOM.
4751,1181,101,76,48.000,48.960,48.000,0.000,0.960,No,Production Issue Store,BC-0004751,2025-01-02,6,Consumed,Generated BOM consumption from active BOM.
4752,1181,101,80,4320.000,4406.400,4320.000,0.000,86.400,ml,Production Issue Store,BC-0004752,2025-01-02,7,Consumed,Generated BOM consumption from active BOM.
4753,1182,102,80,5700.000,5814.000,5700.000,0.000,114.000,ml,Production Issue Store,BC-0004753,2025-01-03,7,Consumed,Generated BOM consumption from active BOM.
4754,1182,102,81,1520.000,1550.400,1520.000,0.000,30.400,g,Production Issue Store,BC-0004754,2025-01-03,8,Consumed,Generated BOM consumption from active BOM.
4755,1183,100,81,1020.000,1040.400,1020.000,0.000,20.400,g,Production Issue Store,BC-0004755,2025-01-03,8,Consumed,Generated BOM consumption from active BOM.
4756,1183,100,82,170.000,173.400,170.000,0.000,3.400,ml,Production Issue Store,BC-0004756,2025-01-03,9,Consumed,Generated BOM consumption from active BOM.
4757,1184,101,82,176.000,179.520,176.000,0.000,3.520,ml,Production Issue Store,BC-0004757,2025-01-06,9,Consumed,Generated BOM consumption from active BOM.
4758,1184,101,83,660.000,673.200,660.000,0.000,13.200,g,Production Issue Store,BC-0004758,2025-01-06,10,Consumed,Generated BOM consumption from active BOM.
4759,1185,102,83,750.000,765.000,750.000,0.000,15.000,g,Production Issue Store,BC-0004759,2025-01-10,10,Consumed,Generated BOM consumption from active BOM.
4760,1185,102,84,3750.000,3825.000,3750.000,0.000,75.000,ml,Production Issue Store,BC-0004760,2025-01-10,11,Consumed,Generated BOM consumption from active BOM.
4761,1186,100,84,5100.000,5202.000,5100.000,0.000,102.000,ml,Production Issue Store,BC-0004761,2025-01-06,11,Consumed,Generated BOM consumption from active BOM.
4762,1186,100,85,510.000,520.200,510.000,0.000,10.200,g,Production Issue Store,BC-0004762,2025-01-06,12,Consumed,Generated BOM consumption from active BOM.
4763,1187,101,85,540.000,550.800,540.000,0.000,10.800,g,Production Issue Store,BC-0004763,2025-01-06,12,Consumed,Generated BOM consumption from active BOM.
4764,1187,101,86,288.000,293.760,288.000,0.000,5.760,g,Production Issue Store,BC-0004764,2025-01-06,13,Consumed,Generated BOM consumption from active BOM.
4765,1188,102,86,300.000,306.000,300.000,0.000,6.000,g,Production Issue Store,BC-0004765,2025-01-09,13,Consumed,Generated BOM consumption from active BOM.
4766,1188,102,87,600.000,612.000,600.000,0.000,12.000,g,Production Issue Store,BC-0004766,2025-01-09,1,Consumed,Generated BOM consumption from active BOM.
4767,1189,100,87,110.000,112.200,110.000,0.000,2.200,g,Production Issue Store,BC-0004767,2025-01-07,1,Consumed,Generated BOM consumption from active BOM.
4768,1189,100,94,11.000,11.220,11.000,0.000,0.220,No,Production Issue Store,BC-0004768,2025-01-07,3,Consumed,Generated BOM consumption from active BOM.
4769,1190,101,94,6.000,6.120,6.000,0.000,0.120,No,Production Issue Store,BC-0004769,2025-01-04,3,Consumed,Generated BOM consumption from active BOM.
4770,1190,101,95,6.000,6.120,6.000,0.000,0.120,No,Production Issue Store,BC-0004770,2025-01-04,4,Consumed,Generated BOM consumption from active BOM.
4771,1191,102,95,47.000,47.940,47.000,0.000,0.940,No,Production Issue Store,BC-0004771,2025-01-05,4,Consumed,Generated BOM consumption from active BOM.
4772,1191,102,96,47.000,47.940,47.000,0.000,0.940,No,Production Issue Store,BC-0004772,2025-01-05,5,Consumed,Generated BOM consumption from active BOM.
4773,1192,100,96,58.000,59.160,58.000,0.000,1.160,No,Production Issue Store,BC-0004773,2025-01-10,5,Consumed,Generated BOM consumption from active BOM.
4774,1192,100,97,58.000,59.160,58.000,0.000,1.160,No,Production Issue Store,BC-0004774,2025-01-10,6,Consumed,Generated BOM consumption from active BOM.
4775,1193,101,97,37.000,37.740,37.000,0.000,0.740,No,Production Issue Store,BC-0004775,2025-01-09,6,Consumed,Generated BOM consumption from active BOM.
4776,1193,101,88,37.000,37.740,37.000,0.000,0.740,No,Production Issue Store,BC-0004776,2025-01-09,7,Consumed,Generated BOM consumption from active BOM.
4777,1194,102,88,6.000,6.120,6.000,0.000,0.120,No,Production Issue Store,BC-0004777,2025-01-04,7,Consumed,Generated BOM consumption from active BOM.
4778,1194,102,89,12.000,12.240,12.000,0.000,0.240,No,Production Issue Store,BC-0004778,2025-01-04,8,Consumed,Generated BOM consumption from active BOM.
4779,1195,100,89,60.000,61.200,60.000,0.000,1.200,No,Production Issue Store,BC-0004779,2025-01-05,8,Consumed,Generated BOM consumption from active BOM.
4780,1195,100,90,30.000,30.600,30.000,0.000,0.600,Sheet,Production Issue Store,BC-0004780,2025-01-05,9,Consumed,Generated BOM consumption from active BOM.
4781,1196,101,90,20.000,20.400,20.000,0.000,0.400,Sheet,Production Issue Store,BC-0004781,2025-01-05,9,Consumed,Generated BOM consumption from active BOM.
4782,1196,101,91,20.000,20.400,20.000,0.000,0.400,No,Production Issue Store,BC-0004782,2025-01-05,10,Consumed,Generated BOM consumption from active BOM.
4783,1197,102,91,8.000,8.160,8.000,0.000,0.160,No,Production Issue Store,BC-0004783,2025-01-10,10,Consumed,Generated BOM consumption from active BOM.
4784,1197,102,92,12.000,12.240,12.000,0.000,0.240,m,Production Issue Store,BC-0004784,2025-01-10,11,Consumed,Generated BOM consumption from active BOM.
4785,1198,100,92,11.000,11.220,11.000,0.000,0.220,m,Production Issue Store,BC-0004785,2025-01-09,11,Consumed,Generated BOM consumption from active BOM.
4786,1198,100,93,11.000,11.220,11.000,0.000,0.220,No,Production Issue Store,BC-0004786,2025-01-09,12,Consumed,Generated BOM consumption from active BOM.
4787,1199,101,93,32.000,32.640,32.000,0.000,0.640,No,Production Issue Store,BC-0004787,2025-01-06,12,Consumed,Generated BOM consumption from active BOM.
4788,1199,101,98,32.000,32.640,32.000,0.000,0.640,No,Production Issue Store,BC-0004788,2025-01-06,13,Consumed,Generated BOM consumption from active BOM.
4789,1200,102,98,28.000,28.560,28.000,0.000,0.560,No,Production Issue Store,BC-0004789,2025-01-11,13,Consumed,Generated BOM consumption from active BOM.
4790,1200,102,99,28.000,28.560,28.000,0.000,0.560,No,Production Issue Store,BC-0004790,2025-01-11,1,Consumed,Generated BOM consumption from active BOM.
4791,1201,100,99,35.000,35.700,35.000,0.000,0.700,No,Production Issue Store,BC-0004791,2025-01-14,1,Consumed,Generated BOM consumption from active BOM.
4792,1201,100,1,35.000,35.700,35.000,0.000,0.700,No,Production Issue Store,BC-0004792,2025-01-14,3,Consumed,Generated BOM consumption from active BOM.
4793,1202,101,2,43.000,43.860,43.000,0.000,0.860,No,Production Issue Store,BC-0004793,2025-01-07,3,Consumed,Generated BOM consumption from active BOM.
4794,1202,101,5,43.000,43.860,43.000,0.000,0.860,No,Production Issue Store,BC-0004794,2025-01-07,4,Consumed,Generated BOM consumption from active BOM.
4795,1203,102,6,19.000,19.380,19.000,0.000,0.380,No,Production Issue Store,BC-0004795,2025-01-09,4,Consumed,Generated BOM consumption from active BOM.
4796,1203,102,9,228.000,232.560,228.000,0.000,4.560,No,Production Issue Store,BC-0004796,2025-01-09,5,Consumed,Generated BOM consumption from active BOM.
4797,1204,100,7,160.000,163.200,160.000,0.000,3.200,No,Production Issue Store,BC-0004797,2025-01-15,5,Consumed,Generated BOM consumption from active BOM.
4798,1204,100,10,20.000,20.400,20.000,0.000,0.400,No,Production Issue Store,BC-0004798,2025-01-15,6,Consumed,Generated BOM consumption from active BOM.
4799,1205,101,11,41.000,41.820,41.000,0.000,0.820,No,Production Issue Store,BC-0004799,2025-01-10,6,Consumed,Generated BOM consumption from active BOM.
4800,1205,101,14,41.000,41.820,41.000,0.000,0.820,No,Production Issue Store,BC-0004800,2025-01-10,7,Consumed,Generated BOM consumption from active BOM.
4801,1206,102,15,15.000,15.300,15.000,0.000,0.300,No,Production Issue Store,BC-0004801,2025-01-14,7,Consumed,Generated BOM consumption from active BOM.
4802,1206,102,18,15.000,15.300,15.000,0.000,0.300,No,Production Issue Store,BC-0004802,2025-01-14,8,Consumed,Generated BOM consumption from active BOM.
4803,1207,100,16,10.000,10.200,10.000,0.000,0.200,No,Production Issue Store,BC-0004803,2025-01-10,8,Consumed,Generated BOM consumption from active BOM.
4804,1207,100,19,10.000,10.200,10.000,0.000,0.200,No,Production Issue Store,BC-0004804,2025-01-10,9,Consumed,Generated BOM consumption from active BOM.
4805,1208,101,19,52.000,53.040,52.000,0.000,1.040,No,Production Issue Store,BC-0004805,2025-01-08,9,Consumed,Generated BOM consumption from active BOM.
4806,1208,101,20,52.000,53.040,52.000,0.000,1.040,No,Production Issue Store,BC-0004806,2025-01-08,10,Consumed,Generated BOM consumption from active BOM.
4807,1209,102,20,16.000,16.320,16.000,0.000,0.320,No,Production Issue Store,BC-0004807,2025-01-08,10,Consumed,Generated BOM consumption from active BOM.
4808,1209,102,25,32.000,32.640,32.000,0.000,0.640,No,Production Issue Store,BC-0004808,2025-01-08,11,Consumed,Generated BOM consumption from active BOM.
4809,1210,100,23,20.000,20.400,20.000,0.000,0.400,No,Production Issue Store,BC-0004809,2025-01-13,11,Consumed,Generated BOM consumption from active BOM.
4810,1210,100,21,10.000,10.200,10.000,0.000,0.200,No,Production Issue Store,BC-0004810,2025-01-13,12,Consumed,Generated BOM consumption from active BOM.
4811,1211,101,21,45.000,45.900,45.000,0.000,0.900,No,Production Issue Store,BC-0004811,2025-01-11,12,Consumed,Generated BOM consumption from active BOM.
4812,1211,101,78,90.000,91.800,90.000,0.000,1.800,No,Production Issue Store,BC-0004812,2025-01-11,13,Consumed,Generated BOM consumption from active BOM.
4813,1212,102,78,68.000,69.360,68.000,0.000,1.360,No,Production Issue Store,BC-0004813,2025-01-12,13,Consumed,Generated BOM consumption from active BOM.
4814,1212,102,79,68.000,69.360,68.000,0.000,1.360,No,Production Issue Store,BC-0004814,2025-01-12,1,Consumed,Generated BOM consumption from active BOM.
4815,1213,100,79,11.000,11.220,11.000,0.000,0.220,No,Production Issue Store,BC-0004815,2025-01-13,1,Consumed,Generated BOM consumption from active BOM.
4816,1213,100,26,11.000,11.220,11.000,0.000,0.220,No,Production Issue Store,BC-0004816,2025-01-13,3,Consumed,Generated BOM consumption from active BOM.
4817,1214,101,26,104.000,106.080,104.000,0.000,2.080,No,Production Issue Store,BC-0004817,2025-01-14,3,Consumed,Generated BOM consumption from active BOM.
4818,1214,101,27,52.000,53.040,52.000,0.000,1.040,No,Production Issue Store,BC-0004818,2025-01-14,4,Consumed,Generated BOM consumption from active BOM.
4819,1215,102,27,32.000,32.640,32.000,0.000,0.640,No,Production Issue Store,BC-0004819,2025-01-16,4,Consumed,Generated BOM consumption from active BOM.
4820,1215,102,31,104.000,106.080,104.000,0.000,2.080,kg,Production Issue Store,BC-0004820,2025-01-16,5,Consumed,Generated BOM consumption from active BOM.
4821,1216,100,29,73.800,75.276,73.800,0.000,1.476,kg,Production Issue Store,BC-0004821,2025-01-13,5,Consumed,Generated BOM consumption from active BOM.
4822,1216,100,32,123.000,125.460,123.000,0.000,2.460,m,Production Issue Store,BC-0004822,2025-01-13,6,Consumed,Generated BOM consumption from active BOM.
4823,1217,101,33,168.000,171.360,168.000,0.000,3.360,m,Production Issue Store,BC-0004823,2025-01-12,6,Consumed,Generated BOM consumption from active BOM.
4824,1217,101,35,42.000,42.840,42.000,0.000,0.840,No,Production Issue Store,BC-0004824,2025-01-12,7,Consumed,Generated BOM consumption from active BOM.
4825,1218,102,35,49.000,49.980,49.000,0.000,0.980,No,Production Issue Store,BC-0004825,2025-01-18,7,Consumed,Generated BOM consumption from active BOM.
4826,1218,102,38,147.000,149.940,147.000,0.000,2.940,No,Production Issue Store,BC-0004826,2025-01-18,8,Consumed,Generated BOM consumption from active BOM.
4827,1219,100,38,129.000,131.580,129.000,0.000,2.580,No,Production Issue Store,BC-0004827,2025-01-16,8,Consumed,Generated BOM consumption from active BOM.
4828,1219,100,55,1032.000,1052.640,1032.000,0.000,20.640,No,Production Issue Store,BC-0004828,2025-01-16,9,Consumed,Generated BOM consumption from active BOM.
4829,1220,101,56,1548.000,1578.960,1548.000,0.000,30.960,No,Production Issue Store,BC-0004829,2025-01-13,9,Consumed,Generated BOM consumption from active BOM.
4830,1220,101,58,1548.000,1578.960,1548.000,0.000,30.960,No,Production Issue Store,BC-0004830,2025-01-13,10,Consumed,Generated BOM consumption from active BOM.
4831,1221,102,58,288.000,293.760,288.000,0.000,5.760,No,Production Issue Store,BC-0004831,2025-01-17,10,Consumed,Generated BOM consumption from active BOM.
4832,1221,102,59,288.000,293.760,288.000,0.000,5.760,No,Production Issue Store,BC-0004832,2025-01-17,11,Consumed,Generated BOM consumption from active BOM.
4833,1222,100,59,1320.000,1346.400,1320.000,0.000,26.400,No,Production Issue Store,BC-0004833,2025-01-14,11,Consumed,Generated BOM consumption from active BOM.
4834,1222,100,60,27.500,28.050,27.500,0.000,0.550,m,Production Issue Store,BC-0004834,2025-01-14,12,Consumed,Generated BOM consumption from active BOM.
4835,1223,101,61,8.000,8.160,8.000,0.000,0.160,m,Production Issue Store,BC-0004835,2025-01-20,12,Consumed,Generated BOM consumption from active BOM.
4836,1223,101,41,10.000,10.200,10.000,0.000,0.200,No,Production Issue Store,BC-0004836,2025-01-20,13,Consumed,Generated BOM consumption from active BOM.
4837,1224,102,41,20.000,20.400,20.000,0.000,0.400,No,Production Issue Store,BC-0004837,2025-01-13,13,Consumed,Generated BOM consumption from active BOM.
4838,1224,102,43,40.000,40.800,40.000,0.000,0.800,No,Production Issue Store,BC-0004838,2025-01-13,1,Consumed,Generated BOM consumption from active BOM.
4839,1225,100,40,28.000,28.560,28.000,0.000,0.560,No,Production Issue Store,BC-0004839,2025-01-20,1,Consumed,Generated BOM consumption from active BOM.
4840,1225,100,45,28.000,28.560,28.000,0.000,0.560,No,Production Issue Store,BC-0004840,2025-01-20,3,Consumed,Generated BOM consumption from active BOM.
4841,1226,101,45,20.000,20.400,20.000,0.000,0.400,No,Production Issue Store,BC-0004841,2025-01-15,3,Consumed,Generated BOM consumption from active BOM.
4842,1226,101,47,20.000,20.400,20.000,0.000,0.400,Set,Production Issue Store,BC-0004842,2025-01-15,4,Consumed,Generated BOM consumption from active BOM.
4843,1227,102,47,38.000,38.760,38.000,0.000,0.760,Set,Production Issue Store,BC-0004843,2025-01-15,4,Consumed,Generated BOM consumption from active BOM.
4844,1227,102,51,38.000,38.760,38.000,0.000,0.760,No,Production Issue Store,BC-0004844,2025-01-15,5,Consumed,Generated BOM consumption from active BOM.
4845,1228,100,49,7.000,7.140,7.000,0.000,0.140,No,Production Issue Store,BC-0004845,2025-01-15,5,Consumed,Generated BOM consumption from active BOM.
4846,1228,100,52,35.000,35.700,35.000,0.000,0.700,No,Production Issue Store,BC-0004846,2025-01-15,6,Consumed,Generated BOM consumption from active BOM.
4847,1229,101,53,174.000,177.480,174.000,0.000,3.480,No,Production Issue Store,BC-0004847,2025-01-17,6,Consumed,Generated BOM consumption from active BOM.
4848,1229,101,65,290.000,295.800,290.000,0.000,5.800,No,Production Issue Store,BC-0004848,2025-01-17,7,Consumed,Generated BOM consumption from active BOM.
4849,1230,102,65,276.000,281.520,276.000,0.000,5.520,No,Production Issue Store,BC-0004849,2025-01-15,7,Consumed,Generated BOM consumption from active BOM.
4850,1230,102,68,276.000,281.520,276.000,0.000,5.520,No,Production Issue Store,BC-0004850,2025-01-15,8,Consumed,Generated BOM consumption from active BOM.
4851,1231,100,66,320.000,326.400,320.000,0.000,6.400,No,Production Issue Store,BC-0004851,2025-01-18,8,Consumed,Generated BOM consumption from active BOM.
4852,1231,100,69,320.000,326.400,320.000,0.000,6.400,No,Production Issue Store,BC-0004852,2025-01-18,9,Consumed,Generated BOM consumption from active BOM.
4853,1232,101,70,330.000,336.600,330.000,0.000,6.600,No,Production Issue Store,BC-0004853,2025-01-17,9,Consumed,Generated BOM consumption from active BOM.
4854,1232,101,73,330.000,336.600,330.000,0.000,6.600,No,Production Issue Store,BC-0004854,2025-01-17,10,Consumed,Generated BOM consumption from active BOM.
4855,1233,102,74,564.000,575.280,564.000,0.000,11.280,No,Production Issue Store,BC-0004855,2025-01-17,10,Consumed,Generated BOM consumption from active BOM.
4856,1233,102,77,94.000,95.880,94.000,0.000,1.880,No,Production Issue Store,BC-0004856,2025-01-17,11,Consumed,Generated BOM consumption from active BOM.
4857,1234,100,75,28.000,28.560,28.000,0.000,0.560,No,Production Issue Store,BC-0004857,2025-01-20,11,Consumed,Generated BOM consumption from active BOM.
4858,1234,100,80,1400.000,1428.000,1400.000,0.000,28.000,ml,Production Issue Store,BC-0004858,2025-01-20,12,Consumed,Generated BOM consumption from active BOM.
4859,1235,101,80,10620.000,10832.400,10620.000,0.000,212.400,ml,Production Issue Store,BC-0004859,2025-01-18,12,Consumed,Generated BOM consumption from active BOM.
4860,1235,101,81,2655.000,2708.100,2655.000,0.000,53.100,g,Production Issue Store,BC-0004860,2025-01-18,13,Consumed,Generated BOM consumption from active BOM.
4861,1236,102,81,2080.000,2121.600,2080.000,0.000,41.600,g,Production Issue Store,BC-0004861,2025-01-25,13,Consumed,Generated BOM consumption from active BOM.
4862,1236,102,82,260.000,265.200,260.000,0.000,5.200,ml,Production Issue Store,BC-0004862,2025-01-25,1,Consumed,Generated BOM consumption from active BOM.
4863,1237,100,82,125.000,127.500,125.000,0.000,2.500,ml,Production Issue Store,BC-0004863,2025-01-20,1,Consumed,Generated BOM consumption from active BOM.
4864,1237,100,83,500.000,510.000,500.000,0.000,10.000,g,Production Issue Store,BC-0004864,2025-01-20,3,Consumed,Generated BOM consumption from active BOM.
4865,1238,101,83,990.000,1009.800,990.000,0.000,19.800,g,Production Issue Store,BC-0004865,2025-01-23,3,Consumed,Generated BOM consumption from active BOM.
4866,1238,101,84,4950.000,5049.000,4950.000,0.000,99.000,ml,Production Issue Store,BC-0004866,2025-01-23,4,Consumed,Generated BOM consumption from active BOM.
4867,1239,102,84,3000.000,3060.000,3000.000,0.000,60.000,ml,Production Issue Store,BC-0004867,2025-01-24,4,Consumed,Generated BOM consumption from active BOM.
4868,1239,102,85,240.000,244.800,240.000,0.000,4.800,g,Production Issue Store,BC-0004868,2025-01-24,5,Consumed,Generated BOM consumption from active BOM.
4869,1240,100,85,500.000,510.000,500.000,0.000,10.000,g,Production Issue Store,BC-0004869,2025-01-19,5,Consumed,Generated BOM consumption from active BOM.
4870,1240,100,86,250.000,255.000,250.000,0.000,5.000,g,Production Issue Store,BC-0004870,2025-01-19,6,Consumed,Generated BOM consumption from active BOM.
4871,1241,101,86,160.000,163.200,160.000,0.000,3.200,g,Production Issue Store,BC-0004871,2025-01-25,6,Consumed,Generated BOM consumption from active BOM.
4872,1241,101,87,300.000,306.000,300.000,0.000,6.000,g,Production Issue Store,BC-0004872,2025-01-25,7,Consumed,Generated BOM consumption from active BOM.
4873,1242,102,87,1140.000,1162.800,1140.000,0.000,22.800,g,Production Issue Store,BC-0004873,2025-01-22,7,Consumed,Generated BOM consumption from active BOM.
4874,1242,102,94,57.000,58.140,57.000,0.000,1.140,No,Production Issue Store,BC-0004874,2025-01-22,8,Consumed,Generated BOM consumption from active BOM.
4875,1243,100,94,13.000,13.260,13.000,0.000,0.260,No,Production Issue Store,BC-0004875,2025-01-24,8,Consumed,Generated BOM consumption from active BOM.
4876,1243,100,95,13.000,13.260,13.000,0.000,0.260,No,Production Issue Store,BC-0004876,2025-01-24,9,Consumed,Generated BOM consumption from active BOM.
4877,1244,101,95,52.000,53.040,52.000,0.000,1.040,No,Production Issue Store,BC-0004877,2025-01-23,9,Consumed,Generated BOM consumption from active BOM.
4878,1244,101,96,52.000,53.040,52.000,0.000,1.040,No,Production Issue Store,BC-0004878,2025-01-23,10,Consumed,Generated BOM consumption from active BOM.
4879,1245,102,96,28.000,28.560,28.000,0.000,0.560,No,Production Issue Store,BC-0004879,2025-01-26,10,Consumed,Generated BOM consumption from active BOM.
4880,1245,102,97,28.000,28.560,28.000,0.000,0.560,No,Production Issue Store,BC-0004880,2025-01-26,11,Consumed,Generated BOM consumption from active BOM.
4881,1246,100,97,40.000,40.800,40.000,0.000,0.800,No,Production Issue Store,BC-0004881,2025-01-22,11,Consumed,Generated BOM consumption from active BOM.
4882,1246,100,88,40.000,40.800,40.000,0.000,0.800,No,Production Issue Store,BC-0004882,2025-01-22,12,Consumed,Generated BOM consumption from active BOM.
4883,1247,101,88,53.000,54.060,53.000,0.000,1.060,No,Production Issue Store,BC-0004883,2025-01-22,12,Consumed,Generated BOM consumption from active BOM.
4884,1247,101,89,106.000,108.120,106.000,0.000,2.120,No,Production Issue Store,BC-0004884,2025-01-22,13,Consumed,Generated BOM consumption from active BOM.
4885,1248,102,89,20.000,20.400,20.000,0.000,0.400,No,Production Issue Store,BC-0004885,2025-01-23,13,Consumed,Generated BOM consumption from active BOM.
4886,1248,102,90,20.000,20.400,20.000,0.000,0.400,sheets,Production Issue Store,BC-0004886,2025-01-23,1,Consumed,Generated BOM consumption from active BOM.
4887,1249,100,90,23.000,23.460,23.000,0.000,0.460,Sheet,Production Issue Store,BC-0004887,2025-01-24,1,Consumed,Generated BOM consumption from active BOM.
4888,1249,100,91,23.000,23.460,23.000,0.000,0.460,No,Production Issue Store,BC-0004888,2025-01-24,3,Consumed,Generated BOM consumption from active BOM.
4889,1250,101,91,58.000,59.160,58.000,0.000,1.160,No,Production Issue Store,BC-0004889,2025-01-26,3,Consumed,Generated BOM consumption from active BOM.
4890,1250,101,92,69.600,70.992,69.600,0.000,1.392,m,Production Issue Store,BC-0004890,2025-01-26,4,Consumed,Generated BOM consumption from active BOM.
4891,1251,102,92,19.500,19.890,19.500,0.000,0.390,m,Production Issue Store,BC-0004891,2025-01-28,4,Consumed,Generated BOM consumption from active BOM.
4892,1251,102,93,26.000,26.520,26.000,0.000,0.520,No,Production Issue Store,BC-0004892,2025-01-28,5,Consumed,Generated BOM consumption from active BOM.
4893,1252,100,93,9.000,9.180,9.000,0.000,0.180,No,Production Issue Store,BC-0004893,2025-01-30,5,Consumed,Generated BOM consumption from active BOM.
4894,1252,100,98,9.000,9.180,9.000,0.000,0.180,No,Production Issue Store,BC-0004894,2025-01-30,6,Consumed,Generated BOM consumption from active BOM.
4895,1253,101,98,34.000,34.680,34.000,0.000,0.680,No,Production Issue Store,BC-0004895,2025-01-24,6,Consumed,Generated BOM consumption from active BOM.
4896,1253,101,99,34.000,34.680,34.000,0.000,0.680,No,Production Issue Store,BC-0004896,2025-01-24,7,Consumed,Generated BOM consumption from active BOM.
4897,1254,102,99,5.000,5.100,5.000,0.000,0.100,No,Production Issue Store,BC-0004897,2025-01-29,7,Consumed,Generated BOM consumption from active BOM.
4898,1254,102,2,5.000,5.100,5.000,0.000,0.100,No,Production Issue Store,BC-0004898,2025-01-29,8,Consumed,Generated BOM consumption from active BOM.
4899,1255,100,1,60.000,61.200,60.000,0.000,1.200,No,Production Issue Store,BC-0004899,2025-01-29,8,Consumed,Generated BOM consumption from active BOM.
4900,1255,100,4,60.000,61.200,60.000,0.000,1.200,No,Production Issue Store,BC-0004900,2025-01-29,9,Consumed,Generated BOM consumption from active BOM.
4901,1256,101,5,53.000,54.060,53.000,0.000,1.060,No,Production Issue Store,BC-0004901,2025-01-25,9,Consumed,Generated BOM consumption from active BOM.
4902,1256,101,8,530.000,540.600,530.000,0.000,10.600,No,Production Issue Store,BC-0004902,2025-01-25,10,Consumed,Generated BOM consumption from active BOM.
4903,1257,102,9,180.000,183.600,180.000,0.000,3.600,No,Production Issue Store,BC-0004903,2025-01-27,10,Consumed,Generated BOM consumption from active BOM.
4904,1257,102,12,15.000,15.300,15.000,0.000,0.300,No,Production Issue Store,BC-0004904,2025-01-27,11,Consumed,Generated BOM consumption from active BOM.
4905,1258,100,10,14.000,14.280,14.000,0.000,0.280,No,Production Issue Store,BC-0004905,2025-02-01,11,Consumed,Generated BOM consumption from active BOM.
4906,1258,100,13,14.000,14.280,14.000,0.000,0.280,No,Production Issue Store,BC-0004906,2025-02-01,12,Consumed,Generated BOM consumption from active BOM.
4907,1259,101,14,48.000,48.960,48.000,0.000,0.960,No,Production Issue Store,BC-0004907,2025-01-29,12,Consumed,Generated BOM consumption from active BOM.
4908,1259,101,17,48.000,48.960,48.000,0.000,0.960,No,Production Issue Store,BC-0004908,2025-01-29,13,Consumed,Generated BOM consumption from active BOM.
4909,1260,102,18,34.000,34.680,34.000,0.000,0.680,No,Production Issue Store,BC-0004909,2025-01-27,13,Consumed,Generated BOM consumption from active BOM.
4910,1260,102,19,34.000,34.680,34.000,0.000,0.680,No,Production Issue Store,BC-0004910,2025-01-27,1,Consumed,Generated BOM consumption from active BOM.
4911,1261,100,19,50.000,51.000,50.000,0.000,1.000,No,Production Issue Store,BC-0004911,2025-02-01,1,Consumed,Generated BOM consumption from active BOM.
4912,1261,100,20,50.000,51.000,50.000,0.000,1.000,No,Production Issue Store,BC-0004912,2025-02-01,3,Consumed,Generated BOM consumption from active BOM.
4913,1262,101,20,59.000,60.180,59.000,0.000,1.180,No,Production Issue Store,BC-0004913,2025-01-28,3,Consumed,Generated BOM consumption from active BOM.
4914,1262,101,24,118.000,120.360,118.000,0.000,2.360,No,Production Issue Store,BC-0004914,2025-01-28,4,Consumed,Generated BOM consumption from active BOM.
4915,1263,102,25,52.000,53.040,52.000,0.000,1.040,No,Production Issue Store,BC-0004915,2025-01-29,4,Consumed,Generated BOM consumption from active BOM.
4916,1263,102,21,26.000,26.520,26.000,0.000,0.520,No,Production Issue Store,BC-0004916,2025-01-29,5,Consumed,Generated BOM consumption from active BOM.
4917,1264,100,21,19.000,19.380,19.000,0.000,0.380,No,Production Issue Store,BC-0004917,2025-01-28,5,Consumed,Generated BOM consumption from active BOM.
4918,1264,100,78,19.000,19.380,19.000,0.000,0.380,No,Production Issue Store,BC-0004918,2025-01-28,6,Consumed,Generated BOM consumption from active BOM.
4919,1265,101,78,78.000,79.560,78.000,0.000,1.560,No,Production Issue Store,BC-0004919,2025-02-02,6,Consumed,Generated BOM consumption from active BOM.
4920,1265,101,79,78.000,79.560,78.000,0.000,1.560,No,Production Issue Store,BC-0004920,2025-02-02,7,Consumed,Generated BOM consumption from active BOM.
4921,1266,102,79,78.000,79.560,78.000,0.000,1.560,No,Production Issue Store,BC-0004921,2025-02-03,7,Consumed,Generated BOM consumption from active BOM.
4922,1266,102,26,78.000,79.560,78.000,0.000,1.560,No,Production Issue Store,BC-0004922,2025-02-03,8,Consumed,Generated BOM consumption from active BOM.
4923,1267,100,26,28.000,28.560,28.000,0.000,0.560,No,Production Issue Store,BC-0004923,2025-01-29,8,Consumed,Generated BOM consumption from active BOM.
4924,1267,100,27,28.000,28.560,28.000,0.000,0.560,No,Production Issue Store,BC-0004924,2025-01-29,9,Consumed,Generated BOM consumption from active BOM.
4925,1268,101,27,19.000,19.380,19.000,0.000,0.380,No,Production Issue Store,BC-0004925,2025-01-30,9,Consumed,Generated BOM consumption from active BOM.
4926,1268,101,30,60.800,62.016,60.800,0.000,1.216,kg,Production Issue Store,BC-0004926,2025-01-30,10,Consumed,Generated BOM consumption from active BOM.
4927,1269,102,31,117.000,119.340,117.000,0.000,2.340,kg,Production Issue Store,BC-0004927,2025-01-30,10,Consumed,Generated BOM consumption from active BOM.
4928,1269,102,34,90.000,91.800,90.000,0.000,1.800,m,Production Issue Store,BC-0004928,2025-01-30,11,Consumed,Generated BOM consumption from active BOM.
4929,1270,100,32,102.000,104.040,102.000,0.000,2.040,m,Production Issue Store,BC-0004929,2025-02-04,11,Consumed,Generated BOM consumption from active BOM.
4930,1270,100,35,34.000,34.680,34.000,0.000,0.680,No,Production Issue Store,BC-0004930,2025-02-04,12,Consumed,Generated BOM consumption from active BOM.
4931,1271,101,35,27.000,27.540,27.000,0.000,0.540,No,Production Issue Store,BC-0004931,2025-02-01,12,Consumed,Generated BOM consumption from active BOM.
4932,1271,101,38,81.000,82.620,81.000,0.000,1.620,No,Production Issue Store,BC-0004932,2025-02-01,13,Consumed,Generated BOM consumption from active BOM.
4933,1272,102,38,87.000,88.740,87.000,0.000,1.740,No,Production Issue Store,BC-0004933,2025-02-04,13,Consumed,Generated BOM consumption from active BOM.
4934,1272,102,57,1392.000,1419.840,1392.000,0.000,27.840,No,Production Issue Store,BC-0004934,2025-02-04,1,Consumed,Generated BOM consumption from active BOM.
4935,1273,100,55,192.000,195.840,192.000,0.000,3.840,No,Production Issue Store,BC-0004935,2025-01-31,1,Consumed,Generated BOM consumption from active BOM.
4936,1273,100,58,192.000,195.840,192.000,0.000,3.840,No,Production Issue Store,BC-0004936,2025-01-31,3,Consumed,Generated BOM consumption from active BOM.
4937,1274,101,58,1908.000,1946.160,1908.000,0.000,38.160,No,Production Issue Store,BC-0004937,2025-02-02,3,Consumed,Generated BOM consumption from active BOM.
4938,1274,101,59,1908.000,1946.160,1908.000,0.000,38.160,No,Production Issue Store,BC-0004938,2025-02-02,4,Consumed,Generated BOM consumption from active BOM.
4939,1275,102,59,2064.000,2105.280,2064.000,0.000,41.280,No,Production Issue Store,BC-0004939,2025-02-01,4,Consumed,Generated BOM consumption from active BOM.
4940,1275,102,62,43.000,43.860,43.000,0.000,0.860,m,Production Issue Store,BC-0004940,2025-02-01,5,Consumed,Generated BOM consumption from active BOM.
4941,1276,100,60,27.500,28.050,27.500,0.000,0.550,m,Production Issue Store,BC-0004941,2025-01-31,5,Consumed,Generated BOM consumption from active BOM.
4942,1276,100,39,165.000,168.300,165.000,0.000,3.300,No,Production Issue Store,BC-0004942,2025-01-31,6,Consumed,Generated BOM consumption from active BOM.
4943,1277,101,41,52.000,53.040,52.000,0.000,1.040,No,Production Issue Store,BC-0004943,2025-02-01,6,Consumed,Generated BOM consumption from active BOM.
4944,1277,101,43,52.000,53.040,52.000,0.000,1.040,No,Production Issue Store,BC-0004944,2025-02-01,7,Consumed,Generated BOM consumption from active BOM.
4945,1278,102,43,76.000,77.520,76.000,0.000,1.520,No,Production Issue Store,BC-0004945,2025-02-03,7,Consumed,Generated BOM consumption from active BOM.
4946,1278,102,46,38.000,38.760,38.000,0.000,0.760,No,Production Issue Store,BC-0004946,2025-02-03,8,Consumed,Generated BOM consumption from active BOM.
4947,1279,100,45,23.000,23.460,23.000,0.000,0.460,No,Production Issue Store,BC-0004947,2025-02-05,8,Consumed,Generated BOM consumption from active BOM.
4948,1279,100,47,23.000,23.460,23.000,0.000,0.460,Set,Production Issue Store,BC-0004948,2025-02-05,9,Consumed,Generated BOM consumption from active BOM.
4949,1280,101,47,39.000,39.780,39.000,0.000,0.780,Set,Production Issue Store,BC-0004949,2025-02-07,9,Consumed,Generated BOM consumption from active BOM.
4950,1280,101,50,39.000,39.780,39.000,0.000,0.780,No,Production Issue Store,BC-0004950,2025-02-07,10,Consumed,Generated BOM consumption from active BOM.
4951,1281,102,51,35.000,35.700,35.000,0.000,0.700,No,Production Issue Store,BC-0004951,2025-02-03,10,Consumed,Generated BOM consumption from active BOM.
4952,1281,102,54,280.000,285.600,280.000,0.000,5.600,No,Production Issue Store,BC-0004952,2025-02-03,11,Consumed,Generated BOM consumption from active BOM.
4953,1282,100,52,280.000,285.600,280.000,0.000,5.600,No,Production Issue Store,BC-0004953,2025-02-07,11,Consumed,Generated BOM consumption from active BOM.
4954,1282,100,63,448.000,456.960,448.000,0.000,8.960,No,Production Issue Store,BC-0004954,2025-02-07,12,Consumed,Generated BOM consumption from active BOM.
4955,1283,101,65,170.000,173.400,170.000,0.000,3.400,No,Production Issue Store,BC-0004955,2025-02-02,12,Consumed,Generated BOM consumption from active BOM.
4956,1283,101,67,170.000,173.400,170.000,0.000,3.400,No,Production Issue Store,BC-0004956,2025-02-02,13,Consumed,Generated BOM consumption from active BOM.
4957,1284,102,68,84.000,85.680,84.000,0.000,1.680,No,Production Issue Store,BC-0004957,2025-02-08,13,Consumed,Generated BOM consumption from active BOM.
4958,1284,102,71,84.000,85.680,84.000,0.000,1.680,No,Production Issue Store,BC-0004958,2025-02-08,1,Consumed,Generated BOM consumption from active BOM.
4959,1285,100,69,88.000,89.760,88.000,0.000,1.760,No,Production Issue Store,BC-0004959,2025-02-06,1,Consumed,Generated BOM consumption from active BOM.
4960,1285,100,72,88.000,89.760,88.000,0.000,1.760,No,Production Issue Store,BC-0004960,2025-02-06,3,Consumed,Generated BOM consumption from active BOM.
4961,1286,101,73,140.000,142.800,140.000,0.000,2.800,No,Production Issue Store,BC-0004961,2025-02-06,3,Consumed,Generated BOM consumption from active BOM.
4962,1286,101,76,28.000,28.560,28.000,0.000,0.560,No,Production Issue Store,BC-0004962,2025-02-06,4,Consumed,Generated BOM consumption from active BOM.
4963,1287,102,77,84.000,85.680,84.000,0.000,1.680,No,Production Issue Store,BC-0004963,2025-02-06,4,Consumed,Generated BOM consumption from active BOM.
4964,1287,102,80,12600.000,12852.000,12600.000,0.000,252.000,ml,Production Issue Store,BC-0004964,2025-02-06,5,Consumed,Generated BOM consumption from active BOM.
4965,1288,100,80,1300.000,1326.000,1300.000,0.000,26.000,ml,Production Issue Store,BC-0004965,2025-02-03,5,Consumed,Generated BOM consumption from active BOM.
4966,1288,100,81,390.000,397.800,390.000,0.000,7.800,g,Production Issue Store,BC-0004966,2025-02-03,6,Consumed,Generated BOM consumption from active BOM.
4967,1289,101,81,495.000,504.900,495.000,0.000,9.900,g,Production Issue Store,BC-0004967,2025-02-10,6,Consumed,Generated BOM consumption from active BOM.
4968,1289,101,82,88.000,89.760,88.000,0.000,1.760,ml,Production Issue Store,BC-0004968,2025-02-10,7,Consumed,Generated BOM consumption from active BOM.
4969,1290,102,82,260.000,265.200,260.000,0.000,5.200,ml,Production Issue Store,BC-0004969,2025-02-07,7,Consumed,Generated BOM consumption from active BOM.
4970,1290,102,83,1300.000,1326.000,1300.000,0.000,26.000,g,Production Issue Store,BC-0004970,2025-02-07,8,Consumed,Generated BOM consumption from active BOM.
4971,1291,100,83,940.000,958.800,940.000,0.000,18.800,g,Production Issue Store,BC-0004971,2025-02-07,8,Consumed,Generated BOM consumption from active BOM.
4972,1291,100,84,4700.000,4794.000,4700.000,0.000,94.000,ml,Production Issue Store,BC-0004972,2025-02-07,9,Consumed,Generated BOM consumption from active BOM.
4973,1292,101,84,4200.000,4284.000,4200.000,0.000,84.000,ml,Production Issue Store,BC-0004973,2025-02-09,9,Consumed,Generated BOM consumption from active BOM.
4974,1292,101,85,420.000,428.400,420.000,0.000,8.400,g,Production Issue Store,BC-0004974,2025-02-09,10,Consumed,Generated BOM consumption from active BOM.
4975,1293,102,85,420.000,428.400,420.000,0.000,8.400,g,Production Issue Store,BC-0004975,2025-02-11,10,Consumed,Generated BOM consumption from active BOM.
4976,1293,102,86,210.000,214.200,210.000,0.000,4.200,g,Production Issue Store,BC-0004976,2025-02-11,11,Consumed,Generated BOM consumption from active BOM.
4977,1294,100,86,90.000,91.800,90.000,0.000,1.800,g,Production Issue Store,BC-0004977,2025-02-10,11,Consumed,Generated BOM consumption from active BOM.
4978,1294,100,87,180.000,183.600,180.000,0.000,3.600,g,Production Issue Store,BC-0004978,2025-02-10,12,Consumed,Generated BOM consumption from active BOM.
4979,1295,101,87,735.000,749.700,735.000,0.000,14.700,g,Production Issue Store,BC-0004979,2025-02-12,12,Consumed,Generated BOM consumption from active BOM.
4980,1295,101,94,49.000,49.980,49.000,0.000,0.980,No,Production Issue Store,BC-0004980,2025-02-12,13,Consumed,Generated BOM consumption from active BOM.
4981,1296,102,94,29.000,29.580,29.000,0.000,0.580,No,Production Issue Store,BC-0004981,2025-02-08,13,Consumed,Generated BOM consumption from active BOM.
4982,1296,102,95,29.000,29.580,29.000,0.000,0.580,No,Production Issue Store,BC-0004982,2025-02-08,1,Consumed,Generated BOM consumption from active BOM.
4983,1297,100,95,25.000,25.500,25.000,0.000,0.500,No,Production Issue Store,BC-0004983,2025-02-13,1,Consumed,Generated BOM consumption from active BOM.
4984,1297,100,96,25.000,25.500,25.000,0.000,0.500,No,Production Issue Store,BC-0004984,2025-02-13,3,Consumed,Generated BOM consumption from active BOM.
4985,1298,101,96,47.000,47.940,47.000,0.000,0.940,No,Production Issue Store,BC-0004985,2025-02-14,3,Consumed,Generated BOM consumption from active BOM.
4986,1298,101,97,47.000,47.940,47.000,0.000,0.940,No,Production Issue Store,BC-0004986,2025-02-14,4,Consumed,Generated BOM consumption from active BOM.
4987,1299,102,97,26.000,26.520,26.000,0.000,0.520,No,Production Issue Store,BC-0004987,2025-02-08,4,Consumed,Generated BOM consumption from active BOM.
4988,1299,102,88,26.000,26.520,26.000,0.000,0.520,No,Production Issue Store,BC-0004988,2025-02-08,5,Consumed,Generated BOM consumption from active BOM.
4989,1300,100,88,24.000,24.480,24.000,0.000,0.480,No,Production Issue Store,BC-0004989,2025-02-11,5,Consumed,Generated BOM consumption from active BOM.
4990,1300,100,89,48.000,48.960,48.000,0.000,0.960,No,Production Issue Store,BC-0004990,2025-02-11,6,Consumed,Generated BOM consumption from active BOM.
4991,1301,101,89,94.000,95.880,94.000,0.000,1.880,No,Production Issue Store,BC-0004991,2025-02-13,6,Consumed,Generated BOM consumption from active BOM.
4992,1301,101,90,47.000,47.940,47.000,0.000,0.940,Sheet,Production Issue Store,BC-0004992,2025-02-13,7,Consumed,Generated BOM consumption from active BOM.
4993,1302,102,90,46.000,46.920,46.000,0.000,0.920,sheets,Production Issue Store,BC-0004993,2025-02-13,7,Consumed,Generated BOM consumption from active BOM.
4994,1302,102,91,23.000,23.460,23.000,0.000,0.460,No,Production Issue Store,BC-0004994,2025-02-13,8,Consumed,Generated BOM consumption from active BOM.
4995,1303,100,91,32.000,32.640,32.000,0.000,0.640,No,Production Issue Store,BC-0004995,2025-02-17,8,Consumed,Generated BOM consumption from active BOM.
4996,1303,100,92,32.000,32.640,32.000,0.000,0.640,m,Production Issue Store,BC-0004996,2025-02-17,9,Consumed,Generated BOM consumption from active BOM.
4997,1304,101,92,51.600,52.632,51.600,0.000,1.032,m,Production Issue Store,BC-0004997,2025-02-13,9,Consumed,Generated BOM consumption from active BOM.
4998,1304,101,93,43.000,43.860,43.000,0.000,0.860,No,Production Issue Store,BC-0004998,2025-02-13,10,Consumed,Generated BOM consumption from active BOM.
4999,1305,102,93,30.000,30.600,30.000,0.000,0.600,No,Production Issue Store,BC-0004999,2025-02-11,10,Consumed,Generated BOM consumption from active BOM.
5000,1305,102,98,15.000,15.300,15.000,0.000,0.300,No,Production Issue Store,BC-0005000,2025-02-11,11,Consumed,Generated BOM consumption from active BOM.
