dispatch_item_id,dispatch_id,co_item_id,item_id,item_description,uom,ordered_quantity,dispatched_quantity,unit_price,line_amount,batch_no,serial_no,remarks
246,251,303,100,BLDC Motor 1.5 kW,No,60,7,23125.00,161875.00,FG-DISP-0000246,SN-DISP-0000246,Generated dispatch item.
247,252,3004,101,PMSM Motor 3 kW,No,26,5,45625.00,228125.00,FG-DISP-0000247,SN-DISP-0000247,Generated dispatch item.
248,253,5705,102,PMSM Motor 7.5 kW,No,44,3,102500.00,307500.00,FG-DISP-0000248,SN-DISP-0000248,Generated dispatch item.
249,254,306,100,BLDC Motor 1.5 kW,No,51,2,23125.00,46250.00,FG-DISP-0000249,SN-DISP-0000249,Generated dispatch item.
250,255,3007,101,PMSM Motor 3 kW,No,19,3,45625.00,136875.00,FG-DISP-0000250,SN-DISP-0000250,Generated dispatch item.
251,256,5708,102,PMSM Motor 7.5 kW,No,44,4,102500.00,410000.00,FG-DISP-0000251,SN-DISP-0000251,Generated dispatch item.
252,257,309,100,BLDC Motor 1.5 kW,No,14,4,23125.00,92500.00,FG-DISP-0000252,SN-DISP-0000252,Generated dispatch item.
253,258,3010,101,PMSM Motor 3 kW,No,5,3,45625.00,136875.00,FG-DISP-0000253,SN-DISP-0000253,Generated dispatch item.
254,259,5711,102,PMSM Motor 7.5 kW,No,10,1,102500.00,102500.00,FG-DISP-0000254,SN-DISP-0000254,Generated dispatch item.
255,260,312,100,BLDC Motor 1.5 kW,No,34,5,23125.00,115625.00,FG-DISP-0000255,SN-DISP-0000255,Generated dispatch item.
256,261,3013,101,PMSM Motor 3 kW,No,56,3,45625.00,136875.00,FG-DISP-0000256,SN-DISP-0000256,Generated dispatch item.
257,262,5714,102,PMSM Motor 7.5 kW,No,7,3,102500.00,307500.00,FG-DISP-0000257,SN-DISP-0000257,Generated dispatch item.
258,263,315,100,BLDC Motor 1.5 kW,No,26,4,23125.00,92500.00,FG-DISP-0000258,SN-DISP-0000258,Generated dispatch item.
259,264,3016,101,PMSM Motor 3 kW,No,41,6,45625.00,273750.00,FG-DISP-0000259,SN-DISP-0000259,Generated dispatch item.
260,265,5717,102,PMSM Motor 7.5 kW,No,42,1,102500.00,102500.00,FG-DISP-0000260,SN-DISP-0000260,Generated dispatch item.
261,266,318,100,BLDC Motor 1.5 kW,No,13,7,23125.00,161875.00,FG-DISP-0000261,SN-DISP-0000261,Generated dispatch item.
262,267,3019,101,PMSM Motor 3 kW,No,40,5,45625.00,228125.00,FG-DISP-0000262,SN-DISP-0000262,Generated dispatch item.
263,268,5720,102,PMSM Motor 7.5 kW,No,29,4,102500.00,410000.00,FG-DISP-0000263,SN-DISP-0000263,Generated dispatch item.
264,269,321,100,BLDC Motor 1.5 kW,No,29,1,23125.00,23125.00,FG-DISP-0000264,SN-DISP-0000264,Generated dispatch item.
265,270,3022,101,PMSM Motor 3 kW,No,51,5,45625.00,228125.00,FG-DISP-0000265,SN-DISP-0000265,Generated dispatch item.
266,271,5723,102,PMSM Motor 7.5 kW,No,53,6,102500.00,615000.00,FG-DISP-0000266,SN-DISP-0000266,Generated dispatch item.
267,272,324,100,BLDC Motor 1.5 kW,No,38,4,23125.00,92500.00,FG-DISP-0000267,SN-DISP-0000267,Generated dispatch item.
268,273,3025,101,PMSM Motor 3 kW,No,11,6,45625.00,273750.00,FG-DISP-0000268,SN-DISP-0000268,Generated dispatch item.
269,274,5726,102,PMSM Motor 7.5 kW,No,23,6,102500.00,615000.00,FG-DISP-0000269,SN-DISP-0000269,Generated dispatch item.
270,275,327,100,BLDC Motor 1.5 kW,No,11,6,23125.00,138750.00,FG-DISP-0000270,SN-DISP-0000270,Generated dispatch item.
271,276,3028,101,PMSM Motor 3 kW,No,34,3,45625.00,136875.00,FG-DISP-0000271,SN-DISP-0000271,Generated dispatch item.
272,277,5729,102,PMSM Motor 7.5 kW,No,18,5,102500.00,512500.00,FG-DISP-0000272,SN-DISP-0000272,Generated dispatch item.
273,278,330,100,BLDC Motor 1.5 kW,No,33,1,23125.00,23125.00,FG-DISP-0000273,SN-DISP-0000273,Generated dispatch item.
274,279,3031,101,PMSM Motor 3 kW,No,20,4,45625.00,182500.00,FG-DISP-0000274,SN-DISP-0000274,Generated dispatch item.
275,280,5732,102,PMSM Motor 7.5 kW,No,34,2,102500.00,205000.00,FG-DISP-0000275,SN-DISP-0000275,Generated dispatch item.
276,281,333,100,BLDC Motor 1.5 kW,No,31,3,23125.00,69375.00,FG-DISP-0000276,SN-DISP-0000276,Generated dispatch item.
277,282,3034,101,PMSM Motor 3 kW,No,12,5,45625.00,228125.00,FG-DISP-0000277,SN-DISP-0000277,Generated dispatch item.
278,283,5735,102,PMSM Motor 7.5 kW,No,56,3,102500.00,307500.00,FG-DISP-0000278,SN-DISP-0000278,Generated dispatch item.
279,284,336,100,BLDC Motor 1.5 kW,No,54,7,23125.00,161875.00,FG-DISP-0000279,SN-DISP-0000279,Generated dispatch item.
280,285,3037,101,PMSM Motor 3 kW,No,32,1,45625.00,45625.00,FG-DISP-0000280,SN-DISP-0000280,Generated dispatch item.
281,286,5738,102,PMSM Motor 7.5 kW,No,20,7,102500.00,717500.00,FG-DISP-0000281,SN-DISP-0000281,Generated dispatch item.
282,287,339,100,BLDC Motor 1.5 kW,No,5,5,23125.00,115625.00,FG-DISP-0000282,SN-DISP-0000282,Generated dispatch item.
283,288,3040,101,PMSM Motor 3 kW,No,50,4,45625.00,182500.00,FG-DISP-0000283,SN-DISP-0000283,Generated dispatch item.
284,289,5741,102,PMSM Motor 7.5 kW,No,35,1,102500.00,102500.00,FG-DISP-0000284,SN-DISP-0000284,Generated dispatch item.
285,290,342,100,BLDC Motor 1.5 kW,No,45,1,23125.00,23125.00,FG-DISP-0000285,SN-DISP-0000285,Generated dispatch item.
286,291,3043,101,PMSM Motor 3 kW,No,44,3,45625.00,136875.00,FG-DISP-0000286,SN-DISP-0000286,Generated dispatch item.
287,292,5744,102,PMSM Motor 7.5 kW,No,34,5,102500.00,512500.00,FG-DISP-0000287,SN-DISP-0000287,Generated dispatch item.
288,293,345,100,BLDC Motor 1.5 kW,No,12,4,23125.00,92500.00,FG-DISP-0000288,SN-DISP-0000288,Generated dispatch item.
289,294,3046,101,PMSM Motor 3 kW,No,59,3,45625.00,136875.00,FG-DISP-0000289,SN-DISP-0000289,Generated dispatch item.
290,295,5747,102,PMSM Motor 7.5 kW,No,51,5,102500.00,512500.00,FG-DISP-0000290,SN-DISP-0000290,Generated dispatch item.
291,296,348,100,BLDC Motor 1.5 kW,No,50,5,23125.00,115625.00,FG-DISP-0000291,SN-DISP-0000291,Generated dispatch item.
292,297,3049,101,PMSM Motor 3 kW,No,40,3,45625.00,136875.00,FG-DISP-0000292,SN-DISP-0000292,Generated dispatch item.
293,298,5750,102,PMSM Motor 7.5 kW,No,48,3,102500.00,307500.00,FG-DISP-0000293,SN-DISP-0000293,Generated dispatch item.
294,299,351,100,BLDC Motor 1.5 kW,No,57,4,23125.00,92500.00,FG-DISP-0000294,SN-DISP-0000294,Generated dispatch item.
295,300,3052,101,PMSM Motor 3 kW,No,27,6,45625.00,273750.00,FG-DISP-0000295,SN-DISP-0000295,Generated dispatch item.
296,301,5753,102,PMSM Motor 7.5 kW,No,58,5,102500.00,512500.00,FG-DISP-0000296,SN-DISP-0000296,Generated dispatch item.
297,302,354,100,BLDC Motor 1.5 kW,No,51,1,23125.00,23125.00,FG-DISP-0000297,SN-DISP-0000297,Generated dispatch item.
298,303,3055,101,PMSM Motor 3 kW,No,23,7,45625.00,319375.00,FG-DISP-0000298,SN-DISP-0000298,Generated dispatch item.
299,304,5756,102,PMSM Motor 7.5 kW,No,7,2,102500.00,205000.00,FG-DISP-0000299,SN-DISP-0000299,Generated dispatch item.
300,305,357,100,BLDC Motor 1.5 kW,No,60,5,23125.00,115625.00,FG-DISP-0000300,SN-DISP-0000300,Generated dispatch item.
301,306,3058,101,PMSM Motor 3 kW,No,41,1,45625.00,45625.00,FG-DISP-0000301,SN-DISP-0000301,Generated dispatch item.
302,307,5759,102,PMSM Motor 7.5 kW,No,36,2,102500.00,205000.00,FG-DISP-0000302,SN-DISP-0000302,Generated dispatch item.
303,308,360,100,BLDC Motor 1.5 kW,No,33,4,23125.00,92500.00,FG-DISP-0000303,SN-DISP-0000303,Generated dispatch item.
304,309,3061,101,PMSM Motor 3 kW,No,28,6,45625.00,273750.00,FG-DISP-0000304,SN-DISP-0000304,Generated dispatch item.
305,310,5762,102,PMSM Motor 7.5 kW,No,42,4,102500.00,410000.00,FG-DISP-0000305,SN-DISP-0000305,Generated dispatch item.
306,311,363,100,BLDC Motor 1.5 kW,No,11,1,23125.00,23125.00,FG-DISP-0000306,SN-DISP-0000306,Generated dispatch item.
307,312,3064,101,PMSM Motor 3 kW,No,38,7,45625.00,319375.00,FG-DISP-0000307,SN-DISP-0000307,Generated dispatch item.
308,313,5765,102,PMSM Motor 7.5 kW,No,39,2,102500.00,205000.00,FG-DISP-0000308,SN-DISP-0000308,Generated dispatch item.
309,314,366,100,BLDC Motor 1.5 kW,No,27,3,23125.00,69375.00,FG-DISP-0000309,SN-DISP-0000309,Generated dispatch item.
310,315,3067,101,PMSM Motor 3 kW,No,46,1,45625.00,45625.00,FG-DISP-0000310,SN-DISP-0000310,Generated dispatch item.
311,316,5768,102,PMSM Motor 7.5 kW,No,40,5,102500.00,512500.00,FG-DISP-0000311,SN-DISP-0000311,Generated dispatch item.
312,317,369,100,BLDC Motor 1.5 kW,No,48,4,23125.00,92500.00,FG-DISP-0000312,SN-DISP-0000312,Generated dispatch item.
313,318,3070,101,PMSM Motor 3 kW,No,37,2,45625.00,91250.00,FG-DISP-0000313,SN-DISP-0000313,Generated dispatch item.
314,319,5771,102,PMSM Motor 7.5 kW,No,34,5,102500.00,512500.00,FG-DISP-0000314,SN-DISP-0000314,Generated dispatch item.
315,320,372,100,BLDC Motor 1.5 kW,No,7,2,23125.00,46250.00,FG-DISP-0000315,SN-DISP-0000315,Generated dispatch item.
316,321,3073,101,PMSM Motor 3 kW,No,12,4,45625.00,182500.00,FG-DISP-0000316,SN-DISP-0000316,Generated dispatch item.
317,322,5774,102,PMSM Motor 7.5 kW,No,20,5,102500.00,512500.00,FG-DISP-0000317,SN-DISP-0000317,Generated dispatch item.
318,323,375,100,BLDC Motor 1.5 kW,No,59,6,23125.00,138750.00,FG-DISP-0000318,SN-DISP-0000318,Generated dispatch item.
319,324,3076,101,PMSM Motor 3 kW,No,27,5,45625.00,228125.00,FG-DISP-0000319,SN-DISP-0000319,Generated dispatch item.
320,325,5777,102,PMSM Motor 7.5 kW,No,24,4,102500.00,410000.00,FG-DISP-0000320,SN-DISP-0000320,Generated dispatch item.
321,326,378,100,BLDC Motor 1.5 kW,No,8,1,23125.00,23125.00,FG-DISP-0000321,SN-DISP-0000321,Generated dispatch item.
322,327,3079,101,PMSM Motor 3 kW,No,12,2,45625.00,91250.00,FG-DISP-0000322,SN-DISP-0000322,Generated dispatch item.
323,328,5780,102,PMSM Motor 7.5 kW,No,15,5,102500.00,512500.00,FG-DISP-0000323,SN-DISP-0000323,Generated dispatch item.
324,329,381,100,BLDC Motor 1.5 kW,No,51,4,23125.00,92500.00,FG-DISP-0000324,SN-DISP-0000324,Generated dispatch item.
325,330,3082,101,PMSM Motor 3 kW,No,51,4,45625.00,182500.00,FG-DISP-0000325,SN-DISP-0000325,Generated dispatch item.
326,331,5783,102,PMSM Motor 7.5 kW,No,32,6,102500.00,615000.00,FG-DISP-0000326,SN-DISP-0000326,Generated dispatch item.
327,332,384,100,BLDC Motor 1.5 kW,No,6,6,23125.00,138750.00,FG-DISP-0000327,SN-DISP-0000327,Generated dispatch item.
328,333,3085,101,PMSM Motor 3 kW,No,46,4,45625.00,182500.00,FG-DISP-0000328,SN-DISP-0000328,Generated dispatch item.
329,334,5786,102,PMSM Motor 7.5 kW,No,41,1,102500.00,102500.00,FG-DISP-0000329,SN-DISP-0000329,Generated dispatch item.
330,335,387,100,BLDC Motor 1.5 kW,No,20,4,23125.00,92500.00,FG-DISP-0000330,SN-DISP-0000330,Generated dispatch item.
331,336,3088,101,PMSM Motor 3 kW,No,18,2,45625.00,91250.00,FG-DISP-0000331,SN-DISP-0000331,Generated dispatch item.
332,337,5789,102,PMSM Motor 7.5 kW,No,19,4,102500.00,410000.00,FG-DISP-0000332,SN-DISP-0000332,Generated dispatch item.
333,338,390,100,BLDC Motor 1.5 kW,No,49,5,23125.00,115625.00,FG-DISP-0000333,SN-DISP-0000333,Generated dispatch item.
334,339,3091,101,PMSM Motor 3 kW,No,22,4,45625.00,182500.00,FG-DISP-0000334,SN-DISP-0000334,Generated dispatch item.
335,340,5792,102,PMSM Motor 7.5 kW,No,33,5,102500.00,512500.00,FG-DISP-0000335,SN-DISP-0000335,Generated dispatch item.
336,341,393,100,BLDC Motor 1.5 kW,No,36,3,23125.00,69375.00,FG-DISP-0000336,SN-DISP-0000336,Generated dispatch item.
337,342,3094,101,PMSM Motor 3 kW,No,42,2,45625.00,91250.00,FG-DISP-0000337,SN-DISP-0000337,Generated dispatch item.
338,343,5795,102,PMSM Motor 7.5 kW,No,44,6,102500.00,615000.00,FG-DISP-0000338,SN-DISP-0000338,Generated dispatch item.
339,344,396,100,BLDC Motor 1.5 kW,No,8,3,23125.00,69375.00,FG-DISP-0000339,SN-DISP-0000339,Generated dispatch item.
340,345,3097,101,PMSM Motor 3 kW,No,44,2,45625.00,91250.00,FG-DISP-0000340,SN-DISP-0000340,Generated dispatch item.
341,346,5798,102,PMSM Motor 7.5 kW,No,19,7,102500.00,717500.00,FG-DISP-0000341,SN-DISP-0000341,Generated dispatch item.
342,347,399,100,BLDC Motor 1.5 kW,No,22,1,23125.00,23125.00,FG-DISP-0000342,SN-DISP-0000342,Generated dispatch item.
343,348,3100,101,PMSM Motor 3 kW,No,12,3,45625.00,136875.00,FG-DISP-0000343,SN-DISP-0000343,Generated dispatch item.
344,349,5801,102,PMSM Motor 7.5 kW,No,60,6,102500.00,615000.00,FG-DISP-0000344,SN-DISP-0000344,Generated dispatch item.
345,350,402,100,BLDC Motor 1.5 kW,No,19,3,23125.00,69375.00,FG-DISP-0000345,SN-DISP-0000345,Generated dispatch item.
346,351,3103,101,PMSM Motor 3 kW,No,10,6,45625.00,273750.00,FG-DISP-0000346,SN-DISP-0000346,Generated dispatch item.
347,352,5804,102,PMSM Motor 7.5 kW,No,30,3,102500.00,307500.00,FG-DISP-0000347,SN-DISP-0000347,Generated dispatch item.
348,353,405,100,BLDC Motor 1.5 kW,No,58,5,23125.00,115625.00,FG-DISP-0000348,SN-DISP-0000348,Generated dispatch item.
349,354,3106,101,PMSM Motor 3 kW,No,60,3,45625.00,136875.00,FG-DISP-0000349,SN-DISP-0000349,Generated dispatch item.
350,355,5807,102,PMSM Motor 7.5 kW,No,26,4,102500.00,410000.00,FG-DISP-0000350,SN-DISP-0000350,Generated dispatch item.
351,356,408,100,BLDC Motor 1.5 kW,No,6,4,23125.00,92500.00,FG-DISP-0000351,SN-DISP-0000351,Generated dispatch item.
352,357,3109,101,PMSM Motor 3 kW,No,38,7,45625.00,319375.00,FG-DISP-0000352,SN-DISP-0000352,Generated dispatch item.
353,358,5810,102,PMSM Motor 7.5 kW,No,28,6,102500.00,615000.00,FG-DISP-0000353,SN-DISP-0000353,Generated dispatch item.
354,359,411,100,BLDC Motor 1.5 kW,No,48,3,23125.00,69375.00,FG-DISP-0000354,SN-DISP-0000354,Generated dispatch item.
355,360,3112,101,PMSM Motor 3 kW,No,19,3,45625.00,136875.00,FG-DISP-0000355,SN-DISP-0000355,Generated dispatch item.
356,361,5813,102,PMSM Motor 7.5 kW,No,52,3,102500.00,307500.00,FG-DISP-0000356,SN-DISP-0000356,Generated dispatch item.
357,362,414,100,BLDC Motor 1.5 kW,No,12,6,23125.00,138750.00,FG-DISP-0000357,SN-DISP-0000357,Generated dispatch item.
358,363,3115,101,PMSM Motor 3 kW,No,28,5,45625.00,228125.00,FG-DISP-0000358,SN-DISP-0000358,Generated dispatch item.
359,364,5816,102,PMSM Motor 7.5 kW,No,12,4,102500.00,410000.00,FG-DISP-0000359,SN-DISP-0000359,Generated dispatch item.
360,365,417,100,BLDC Motor 1.5 kW,No,40,4,23125.00,92500.00,FG-DISP-0000360,SN-DISP-0000360,Generated dispatch item.
361,366,3118,101,PMSM Motor 3 kW,No,15,3,45625.00,136875.00,FG-DISP-0000361,SN-DISP-0000361,Generated dispatch item.
362,367,5819,102,PMSM Motor 7.5 kW,No,58,4,102500.00,410000.00,FG-DISP-0000362,SN-DISP-0000362,Generated dispatch item.
363,368,420,100,BLDC Motor 1.5 kW,No,54,6,23125.00,138750.00,FG-DISP-0000363,SN-DISP-0000363,Generated dispatch item.
364,369,3121,101,PMSM Motor 3 kW,No,36,7,45625.00,319375.00,FG-DISP-0000364,SN-DISP-0000364,Generated dispatch item.
365,370,5822,102,PMSM Motor 7.5 kW,No,55,1,102500.00,102500.00,FG-DISP-0000365,SN-DISP-0000365,Generated dispatch item.
366,371,423,100,BLDC Motor 1.5 kW,No,35,2,23125.00,46250.00,FG-DISP-0000366,SN-DISP-0000366,Generated dispatch item.
367,372,3124,101,PMSM Motor 3 kW,No,18,5,45625.00,228125.00,FG-DISP-0000367,SN-DISP-0000367,Generated dispatch item.
368,373,5825,102,PMSM Motor 7.5 kW,No,11,2,102500.00,205000.00,FG-DISP-0000368,SN-DISP-0000368,Generated dispatch item.
369,374,426,100,BLDC Motor 1.5 kW,No,17,5,23125.00,115625.00,FG-DISP-0000369,SN-DISP-0000369,Generated dispatch item.
370,375,3127,101,PMSM Motor 3 kW,No,17,3,45625.00,136875.00,FG-DISP-0000370,SN-DISP-0000370,Generated dispatch item.
371,376,5828,102,PMSM Motor 7.5 kW,No,19,2,102500.00,205000.00,FG-DISP-0000371,SN-DISP-0000371,Generated dispatch item.
372,377,429,100,BLDC Motor 1.5 kW,No,53,4,23125.00,92500.00,FG-DISP-0000372,SN-DISP-0000372,Generated dispatch item.
373,378,3130,101,PMSM Motor 3 kW,No,44,4,45625.00,182500.00,FG-DISP-0000373,SN-DISP-0000373,Generated dispatch item.
374,379,5831,102,PMSM Motor 7.5 kW,No,9,5,102500.00,512500.00,FG-DISP-0000374,SN-DISP-0000374,Generated dispatch item.
375,380,432,100,BLDC Motor 1.5 kW,No,45,6,23125.00,138750.00,FG-DISP-0000375,SN-DISP-0000375,Generated dispatch item.
376,381,3133,101,PMSM Motor 3 kW,No,11,7,45625.00,319375.00,FG-DISP-0000376,SN-DISP-0000376,Generated dispatch item.
377,382,5834,102,PMSM Motor 7.5 kW,No,11,4,102500.00,410000.00,FG-DISP-0000377,SN-DISP-0000377,Generated dispatch item.
378,383,435,100,BLDC Motor 1.5 kW,No,45,5,23125.00,115625.00,FG-DISP-0000378,SN-DISP-0000378,Generated dispatch item.
379,384,3136,101,PMSM Motor 3 kW,No,19,6,45625.00,273750.00,FG-DISP-0000379,SN-DISP-0000379,Generated dispatch item.
380,385,5837,102,PMSM Motor 7.5 kW,No,27,7,102500.00,717500.00,FG-DISP-0000380,SN-DISP-0000380,Generated dispatch item.
381,386,438,100,BLDC Motor 1.5 kW,No,56,5,23125.00,115625.00,FG-DISP-0000381,SN-DISP-0000381,Generated dispatch item.
382,387,3139,101,PMSM Motor 3 kW,No,23,2,45625.00,91250.00,FG-DISP-0000382,SN-DISP-0000382,Generated dispatch item.
383,388,5840,102,PMSM Motor 7.5 kW,No,18,3,102500.00,307500.00,FG-DISP-0000383,SN-DISP-0000383,Generated dispatch item.
384,389,441,100,BLDC Motor 1.5 kW,No,28,2,23125.00,46250.00,FG-DISP-0000384,SN-DISP-0000384,Generated dispatch item.
385,390,3142,101,PMSM Motor 3 kW,No,32,2,45625.00,91250.00,FG-DISP-0000385,SN-DISP-0000385,Generated dispatch item.
386,391,5843,102,PMSM Motor 7.5 kW,No,32,3,102500.00,307500.00,FG-DISP-0000386,SN-DISP-0000386,Generated dispatch item.
387,392,444,100,BLDC Motor 1.5 kW,No,47,4,23125.00,92500.00,FG-DISP-0000387,SN-DISP-0000387,Generated dispatch item.
388,393,3145,101,PMSM Motor 3 kW,No,54,6,45625.00,273750.00,FG-DISP-0000388,SN-DISP-0000388,Generated dispatch item.
389,394,5846,102,PMSM Motor 7.5 kW,No,14,3,102500.00,307500.00,FG-DISP-0000389,SN-DISP-0000389,Generated dispatch item.
390,395,447,100,BLDC Motor 1.5 kW,No,32,2,23125.00,46250.00,FG-DISP-0000390,SN-DISP-0000390,Generated dispatch item.
391,396,3148,101,PMSM Motor 3 kW,No,60,1,45625.00,45625.00,FG-DISP-0000391,SN-DISP-0000391,Generated dispatch item.
392,397,5849,102,PMSM Motor 7.5 kW,No,5,2,102500.00,205000.00,FG-DISP-0000392,SN-DISP-0000392,Generated dispatch item.
393,398,450,100,BLDC Motor 1.5 kW,No,30,4,23125.00,92500.00,FG-DISP-0000393,SN-DISP-0000393,Generated dispatch item.
394,399,3151,101,PMSM Motor 3 kW,No,13,3,45625.00,136875.00,FG-DISP-0000394,SN-DISP-0000394,Generated dispatch item.
395,400,5852,102,PMSM Motor 7.5 kW,No,23,3,102500.00,307500.00,FG-DISP-0000395,SN-DISP-0000395,Generated dispatch item.
396,401,453,100,BLDC Motor 1.5 kW,No,12,3,23125.00,69375.00,FG-DISP-0000396,SN-DISP-0000396,Generated dispatch item.
397,402,3154,101,PMSM Motor 3 kW,No,55,4,45625.00,182500.00,FG-DISP-0000397,SN-DISP-0000397,Generated dispatch item.
398,403,5855,102,PMSM Motor 7.5 kW,No,31,5,102500.00,512500.00,FG-DISP-0000398,SN-DISP-0000398,Generated dispatch item.
399,404,456,100,BLDC Motor 1.5 kW,No,21,1,23125.00,23125.00,FG-DISP-0000399,SN-DISP-0000399,Generated dispatch item.
400,405,3157,101,PMSM Motor 3 kW,No,44,7,45625.00,319375.00,FG-DISP-0000400,SN-DISP-0000400,Generated dispatch item.
401,406,5858,102,PMSM Motor 7.5 kW,No,6,3,102500.00,307500.00,FG-DISP-0000401,SN-DISP-0000401,Generated dispatch item.
402,407,459,100,BLDC Motor 1.5 kW,No,24,1,23125.00,23125.00,FG-DISP-0000402,SN-DISP-0000402,Generated dispatch item.
403,408,3160,101,PMSM Motor 3 kW,No,55,2,45625.00,91250.00,FG-DISP-0000403,SN-DISP-0000403,Generated dispatch item.
404,409,5861,102,PMSM Motor 7.5 kW,No,54,4,102500.00,410000.00,FG-DISP-0000404,SN-DISP-0000404,Generated dispatch item.
405,410,462,100,BLDC Motor 1.5 kW,No,55,4,23125.00,92500.00,FG-DISP-0000405,SN-DISP-0000405,Generated dispatch item.
406,411,3163,101,PMSM Motor 3 kW,No,12,1,45625.00,45625.00,FG-DISP-0000406,SN-DISP-0000406,Generated dispatch item.
407,412,5864,102,PMSM Motor 7.5 kW,No,12,4,102500.00,410000.00,FG-DISP-0000407,SN-DISP-0000407,Generated dispatch item.
408,413,465,100,BLDC Motor 1.5 kW,No,47,2,23125.00,46250.00,FG-DISP-0000408,SN-DISP-0000408,Generated dispatch item.
409,414,3166,101,PMSM Motor 3 kW,No,17,7,45625.00,319375.00,FG-DISP-0000409,SN-DISP-0000409,Generated dispatch item.
410,415,5867,102,PMSM Motor 7.5 kW,No,26,3,102500.00,307500.00,FG-DISP-0000410,SN-DISP-0000410,Generated dispatch item.
411,416,468,100,BLDC Motor 1.5 kW,No,30,7,23125.00,161875.00,FG-DISP-0000411,SN-DISP-0000411,Generated dispatch item.
412,417,3169,101,PMSM Motor 3 kW,No,23,5,45625.00,228125.00,FG-DISP-0000412,SN-DISP-0000412,Generated dispatch item.
413,418,5870,102,PMSM Motor 7.5 kW,No,32,7,102500.00,717500.00,FG-DISP-0000413,SN-DISP-0000413,Generated dispatch item.
414,419,471,100,BLDC Motor 1.5 kW,No,8,4,23125.00,92500.00,FG-DISP-0000414,SN-DISP-0000414,Generated dispatch item.
415,420,3172,101,PMSM Motor 3 kW,No,38,1,45625.00,45625.00,FG-DISP-0000415,SN-DISP-0000415,Generated dispatch item.
416,421,5873,102,PMSM Motor 7.5 kW,No,45,5,102500.00,512500.00,FG-DISP-0000416,SN-DISP-0000416,Generated dispatch item.
417,422,474,100,BLDC Motor 1.5 kW,No,34,4,23125.00,92500.00,FG-DISP-0000417,SN-DISP-0000417,Generated dispatch item.
418,423,3175,101,PMSM Motor 3 kW,No,39,6,45625.00,273750.00,FG-DISP-0000418,SN-DISP-0000418,Generated dispatch item.
419,424,5876,102,PMSM Motor 7.5 kW,No,17,3,102500.00,307500.00,FG-DISP-0000419,SN-DISP-0000419,Generated dispatch item.
420,425,477,100,BLDC Motor 1.5 kW,No,26,2,23125.00,46250.00,FG-DISP-0000420,SN-DISP-0000420,Generated dispatch item.
421,426,3178,101,PMSM Motor 3 kW,No,49,1,45625.00,45625.00,FG-DISP-0000421,SN-DISP-0000421,Generated dispatch item.
422,427,5879,102,PMSM Motor 7.5 kW,No,45,6,102500.00,615000.00,FG-DISP-0000422,SN-DISP-0000422,Generated dispatch item.
423,428,480,100,BLDC Motor 1.5 kW,No,47,2,23125.00,46250.00,FG-DISP-0000423,SN-DISP-0000423,Generated dispatch item.
424,429,3181,101,PMSM Motor 3 kW,No,56,5,45625.00,228125.00,FG-DISP-0000424,SN-DISP-0000424,Generated dispatch item.
425,430,5882,102,PMSM Motor 7.5 kW,No,19,1,102500.00,102500.00,FG-DISP-0000425,SN-DISP-0000425,Generated dispatch item.
426,431,483,100,BLDC Motor 1.5 kW,No,28,1,23125.00,23125.00,FG-DISP-0000426,SN-DISP-0000426,Generated dispatch item.
427,432,3184,101,PMSM Motor 3 kW,No,34,5,45625.00,228125.00,FG-DISP-0000427,SN-DISP-0000427,Generated dispatch item.
428,433,5885,102,PMSM Motor 7.5 kW,No,60,3,102500.00,307500.00,FG-DISP-0000428,SN-DISP-0000428,Generated dispatch item.
429,434,486,100,BLDC Motor 1.5 kW,No,13,4,23125.00,92500.00,FG-DISP-0000429,SN-DISP-0000429,Generated dispatch item.
430,435,3187,101,PMSM Motor 3 kW,No,46,1,45625.00,45625.00,FG-DISP-0000430,SN-DISP-0000430,Generated dispatch item.
431,436,5888,102,PMSM Motor 7.5 kW,No,50,2,102500.00,205000.00,FG-DISP-0000431,SN-DISP-0000431,Generated dispatch item.
432,437,489,100,BLDC Motor 1.5 kW,No,46,1,23125.00,23125.00,FG-DISP-0000432,SN-DISP-0000432,Generated dispatch item.
433,438,3190,101,PMSM Motor 3 kW,No,39,2,45625.00,91250.00,FG-DISP-0000433,SN-DISP-0000433,Generated dispatch item.
434,439,5891,102,PMSM Motor 7.5 kW,No,51,2,102500.00,205000.00,FG-DISP-0000434,SN-DISP-0000434,Generated dispatch item.
435,440,492,100,BLDC Motor 1.5 kW,No,31,3,23125.00,69375.00,FG-DISP-0000435,SN-DISP-0000435,Generated dispatch item.
436,441,3193,101,PMSM Motor 3 kW,No,19,2,45625.00,91250.00,FG-DISP-0000436,SN-DISP-0000436,Generated dispatch item.
437,442,5894,102,PMSM Motor 7.5 kW,No,29,4,102500.00,410000.00,FG-DISP-0000437,SN-DISP-0000437,Generated dispatch item.
438,443,495,100,BLDC Motor 1.5 kW,No,49,7,23125.00,161875.00,FG-DISP-0000438,SN-DISP-0000438,Generated dispatch item.
439,444,3196,101,PMSM Motor 3 kW,No,22,1,45625.00,45625.00,FG-DISP-0000439,SN-DISP-0000439,Generated dispatch item.
440,445,5897,102,PMSM Motor 7.5 kW,No,16,7,102500.00,717500.00,FG-DISP-0000440,SN-DISP-0000440,Generated dispatch item.
441,446,498,100,BLDC Motor 1.5 kW,No,47,3,23125.00,69375.00,FG-DISP-0000441,SN-DISP-0000441,Generated dispatch item.
442,447,3199,101,PMSM Motor 3 kW,No,42,5,45625.00,228125.00,FG-DISP-0000442,SN-DISP-0000442,Generated dispatch item.
443,448,5900,102,PMSM Motor 7.5 kW,No,7,5,102500.00,512500.00,FG-DISP-0000443,SN-DISP-0000443,Generated dispatch item.
444,449,501,100,BLDC Motor 1.5 kW,No,10,6,23125.00,138750.00,FG-DISP-0000444,SN-DISP-0000444,Generated dispatch item.
445,450,3202,101,PMSM Motor 3 kW,No,60,7,45625.00,319375.00,FG-DISP-0000445,SN-DISP-0000445,Generated dispatch item.
446,451,5903,102,PMSM Motor 7.5 kW,No,23,7,102500.00,717500.00,FG-DISP-0000446,SN-DISP-0000446,Generated dispatch item.
447,452,504,100,BLDC Motor 1.5 kW,No,60,1,23125.00,23125.00,FG-DISP-0000447,SN-DISP-0000447,Generated dispatch item.
448,453,3205,101,PMSM Motor 3 kW,No,19,3,45625.00,136875.00,FG-DISP-0000448,SN-DISP-0000448,Generated dispatch item.
449,454,5906,102,PMSM Motor 7.5 kW,No,59,4,102500.00,410000.00,FG-DISP-0000449,SN-DISP-0000449,Generated dispatch item.
450,455,507,100,BLDC Motor 1.5 kW,No,10,4,23125.00,92500.00,FG-DISP-0000450,SN-DISP-0000450,Generated dispatch item.
451,456,3208,101,PMSM Motor 3 kW,No,57,7,45625.00,319375.00,FG-DISP-0000451,SN-DISP-0000451,Generated dispatch item.
452,457,5909,102,PMSM Motor 7.5 kW,No,48,5,102500.00,512500.00,FG-DISP-0000452,SN-DISP-0000452,Generated dispatch item.
453,458,510,100,BLDC Motor 1.5 kW,No,38,3,23125.00,69375.00,FG-DISP-0000453,SN-DISP-0000453,Generated dispatch item.
454,459,3211,101,PMSM Motor 3 kW,No,12,7,45625.00,319375.00,FG-DISP-0000454,SN-DISP-0000454,Generated dispatch item.
455,460,5912,102,PMSM Motor 7.5 kW,No,23,6,102500.00,615000.00,FG-DISP-0000455,SN-DISP-0000455,Generated dispatch item.
456,461,513,100,BLDC Motor 1.5 kW,No,58,6,23125.00,138750.00,FG-DISP-0000456,SN-DISP-0000456,Generated dispatch item.
457,462,3214,101,PMSM Motor 3 kW,No,39,5,45625.00,228125.00,FG-DISP-0000457,SN-DISP-0000457,Generated dispatch item.
458,463,5915,102,PMSM Motor 7.5 kW,No,6,1,102500.00,102500.00,FG-DISP-0000458,SN-DISP-0000458,Generated dispatch item.
459,464,516,100,BLDC Motor 1.5 kW,No,55,7,23125.00,161875.00,FG-DISP-0000459,SN-DISP-0000459,Generated dispatch item.
460,465,3217,101,PMSM Motor 3 kW,No,57,5,45625.00,228125.00,FG-DISP-0000460,SN-DISP-0000460,Generated dispatch item.
461,466,5918,102,PMSM Motor 7.5 kW,No,12,2,102500.00,205000.00,FG-DISP-0000461,SN-DISP-0000461,Generated dispatch item.
462,467,519,100,BLDC Motor 1.5 kW,No,15,2,23125.00,46250.00,FG-DISP-0000462,SN-DISP-0000462,Generated dispatch item.
463,468,3220,101,PMSM Motor 3 kW,No,56,3,45625.00,136875.00,FG-DISP-0000463,SN-DISP-0000463,Generated dispatch item.
464,469,5921,102,PMSM Motor 7.5 kW,No,22,2,102500.00,205000.00,FG-DISP-0000464,SN-DISP-0000464,Generated dispatch item.
465,470,522,100,BLDC Motor 1.5 kW,No,14,5,23125.00,115625.00,FG-DISP-0000465,SN-DISP-0000465,Generated dispatch item.
466,471,3223,101,PMSM Motor 3 kW,No,12,4,45625.00,182500.00,FG-DISP-0000466,SN-DISP-0000466,Generated dispatch item.
467,472,5924,102,PMSM Motor 7.5 kW,No,16,2,102500.00,205000.00,FG-DISP-0000467,SN-DISP-0000467,Generated dispatch item.
468,473,525,100,BLDC Motor 1.5 kW,No,57,5,23125.00,115625.00,FG-DISP-0000468,SN-DISP-0000468,Generated dispatch item.
469,474,3226,101,PMSM Motor 3 kW,No,12,3,45625.00,136875.00,FG-DISP-0000469,SN-DISP-0000469,Generated dispatch item.
470,475,5927,102,PMSM Motor 7.5 kW,No,25,2,102500.00,205000.00,FG-DISP-0000470,SN-DISP-0000470,Generated dispatch item.
471,476,528,100,BLDC Motor 1.5 kW,No,60,7,23125.00,161875.00,FG-DISP-0000471,SN-DISP-0000471,Generated dispatch item.
472,477,3229,101,PMSM Motor 3 kW,No,49,3,45625.00,136875.00,FG-DISP-0000472,SN-DISP-0000472,Generated dispatch item.
473,478,5930,102,PMSM Motor 7.5 kW,No,33,2,102500.00,205000.00,FG-DISP-0000473,SN-DISP-0000473,Generated dispatch item.
474,479,531,100,BLDC Motor 1.5 kW,No,39,6,23125.00,138750.00,FG-DISP-0000474,SN-DISP-0000474,Generated dispatch item.
475,480,3232,101,PMSM Motor 3 kW,No,31,6,45625.00,273750.00,FG-DISP-0000475,SN-DISP-0000475,Generated dispatch item.
476,481,5933,102,PMSM Motor 7.5 kW,No,54,2,102500.00,205000.00,FG-DISP-0000476,SN-DISP-0000476,Generated dispatch item.
477,482,534,100,BLDC Motor 1.5 kW,No,11,1,23125.00,23125.00,FG-DISP-0000477,SN-DISP-0000477,Generated dispatch item.
478,483,3235,101,PMSM Motor 3 kW,No,7,6,45625.00,273750.00,FG-DISP-0000478,SN-DISP-0000478,Generated dispatch item.
479,484,5936,102,PMSM Motor 7.5 kW,No,50,4,102500.00,410000.00,FG-DISP-0000479,SN-DISP-0000479,Generated dispatch item.
480,485,537,100,BLDC Motor 1.5 kW,No,11,4,23125.00,92500.00,FG-DISP-0000480,SN-DISP-0000480,Generated dispatch item.
481,486,3238,101,PMSM Motor 3 kW,No,48,3,45625.00,136875.00,FG-DISP-0000481,SN-DISP-0000481,Generated dispatch item.
482,487,5939,102,PMSM Motor 7.5 kW,No,49,5,102500.00,512500.00,FG-DISP-0000482,SN-DISP-0000482,Generated dispatch item.
483,488,540,100,BLDC Motor 1.5 kW,No,30,5,23125.00,115625.00,FG-DISP-0000483,SN-DISP-0000483,Generated dispatch item.
484,489,3241,101,PMSM Motor 3 kW,No,42,1,45625.00,45625.00,FG-DISP-0000484,SN-DISP-0000484,Generated dispatch item.
485,490,5942,102,PMSM Motor 7.5 kW,No,49,2,102500.00,205000.00,FG-DISP-0000485,SN-DISP-0000485,Generated dispatch item.
486,491,543,100,BLDC Motor 1.5 kW,No,24,7,23125.00,161875.00,FG-DISP-0000486,SN-DISP-0000486,Generated dispatch item.
487,492,3244,101,PMSM Motor 3 kW,No,44,2,45625.00,91250.00,FG-DISP-0000487,SN-DISP-0000487,Generated dispatch item.
488,493,5945,102,PMSM Motor 7.5 kW,No,38,7,102500.00,717500.00,FG-DISP-0000488,SN-DISP-0000488,Generated dispatch item.
489,494,546,100,BLDC Motor 1.5 kW,No,15,3,23125.00,69375.00,FG-DISP-0000489,SN-DISP-0000489,Generated dispatch item.
490,495,3247,101,PMSM Motor 3 kW,No,33,2,45625.00,91250.00,FG-DISP-0000490,SN-DISP-0000490,Generated dispatch item.
491,496,5948,102,PMSM Motor 7.5 kW,No,50,5,102500.00,512500.00,FG-DISP-0000491,SN-DISP-0000491,Generated dispatch item.
492,497,549,100,BLDC Motor 1.5 kW,No,57,5,23125.00,115625.00,FG-DISP-0000492,SN-DISP-0000492,Generated dispatch item.
493,498,3250,101,PMSM Motor 3 kW,No,27,3,45625.00,136875.00,FG-DISP-0000493,SN-DISP-0000493,Generated dispatch item.
494,499,5951,102,PMSM Motor 7.5 kW,No,12,6,102500.00,615000.00,FG-DISP-0000494,SN-DISP-0000494,Generated dispatch item.
495,500,552,100,BLDC Motor 1.5 kW,No,26,1,23125.00,23125.00,FG-DISP-0000495,SN-DISP-0000495,Generated dispatch item.
496,501,3253,101,PMSM Motor 3 kW,No,50,1,45625.00,45625.00,FG-DISP-0000496,SN-DISP-0000496,Generated dispatch item.
497,502,5954,102,PMSM Motor 7.5 kW,No,47,5,102500.00,512500.00,FG-DISP-0000497,SN-DISP-0000497,Generated dispatch item.
498,503,555,100,BLDC Motor 1.5 kW,No,21,5,23125.00,115625.00,FG-DISP-0000498,SN-DISP-0000498,Generated dispatch item.
499,504,3256,101,PMSM Motor 3 kW,No,49,5,45625.00,228125.00,FG-DISP-0000499,SN-DISP-0000499,Generated dispatch item.
500,505,5957,102,PMSM Motor 7.5 kW,No,43,6,102500.00,615000.00,FG-DISP-0000500,SN-DISP-0000500,Generated dispatch item.
501,506,558,100,BLDC Motor 1.5 kW,No,22,7,23125.00,161875.00,FG-DISP-0000501,SN-DISP-0000501,Generated dispatch item.
502,507,3259,101,PMSM Motor 3 kW,No,47,4,45625.00,182500.00,FG-DISP-0000502,SN-DISP-0000502,Generated dispatch item.
503,508,5960,102,PMSM Motor 7.5 kW,No,48,4,102500.00,410000.00,FG-DISP-0000503,SN-DISP-0000503,Generated dispatch item.
504,509,561,100,BLDC Motor 1.5 kW,No,5,5,23125.00,115625.00,FG-DISP-0000504,SN-DISP-0000504,Generated dispatch item.
505,510,3262,101,PMSM Motor 3 kW,No,32,7,45625.00,319375.00,FG-DISP-0000505,SN-DISP-0000505,Generated dispatch item.
506,511,5963,102,PMSM Motor 7.5 kW,No,29,1,102500.00,102500.00,FG-DISP-0000506,SN-DISP-0000506,Generated dispatch item.
507,512,564,100,BLDC Motor 1.5 kW,No,43,4,23125.00,92500.00,FG-DISP-0000507,SN-DISP-0000507,Generated dispatch item.
508,513,3265,101,PMSM Motor 3 kW,No,54,7,45625.00,319375.00,FG-DISP-0000508,SN-DISP-0000508,Generated dispatch item.
509,514,5966,102,PMSM Motor 7.5 kW,No,38,1,102500.00,102500.00,FG-DISP-0000509,SN-DISP-0000509,Generated dispatch item.
510,515,567,100,BLDC Motor 1.5 kW,No,27,7,23125.00,161875.00,FG-DISP-0000510,SN-DISP-0000510,Generated dispatch item.
511,516,3268,101,PMSM Motor 3 kW,No,29,6,45625.00,273750.00,FG-DISP-0000511,SN-DISP-0000511,Generated dispatch item.
512,517,5969,102,PMSM Motor 7.5 kW,No,23,2,102500.00,205000.00,FG-DISP-0000512,SN-DISP-0000512,Generated dispatch item.
513,518,570,100,BLDC Motor 1.5 kW,No,30,5,23125.00,115625.00,FG-DISP-0000513,SN-DISP-0000513,Generated dispatch item.
514,519,3271,101,PMSM Motor 3 kW,No,60,4,45625.00,182500.00,FG-DISP-0000514,SN-DISP-0000514,Generated dispatch item.
515,520,5972,102,PMSM Motor 7.5 kW,No,11,3,102500.00,307500.00,FG-DISP-0000515,SN-DISP-0000515,Generated dispatch item.
516,521,573,100,BLDC Motor 1.5 kW,No,13,5,23125.00,115625.00,FG-DISP-0000516,SN-DISP-0000516,Generated dispatch item.
517,522,3274,101,PMSM Motor 3 kW,No,33,6,45625.00,273750.00,FG-DISP-0000517,SN-DISP-0000517,Generated dispatch item.
518,523,5975,102,PMSM Motor 7.5 kW,No,60,7,102500.00,717500.00,FG-DISP-0000518,SN-DISP-0000518,Generated dispatch item.
519,524,576,100,BLDC Motor 1.5 kW,No,30,3,23125.00,69375.00,FG-DISP-0000519,SN-DISP-0000519,Generated dispatch item.
520,525,3277,101,PMSM Motor 3 kW,No,55,2,45625.00,91250.00,FG-DISP-0000520,SN-DISP-0000520,Generated dispatch item.
521,526,5978,102,PMSM Motor 7.5 kW,No,43,7,102500.00,717500.00,FG-DISP-0000521,SN-DISP-0000521,Generated dispatch item.
522,527,579,100,BLDC Motor 1.5 kW,No,46,3,23125.00,69375.00,FG-DISP-0000522,SN-DISP-0000522,Generated dispatch item.
523,528,3280,101,PMSM Motor 3 kW,No,34,6,45625.00,273750.00,FG-DISP-0000523,SN-DISP-0000523,Generated dispatch item.
524,529,5981,102,PMSM Motor 7.5 kW,No,19,6,102500.00,615000.00,FG-DISP-0000524,SN-DISP-0000524,Generated dispatch item.
525,530,582,100,BLDC Motor 1.5 kW,No,29,1,23125.00,23125.00,FG-DISP-0000525,SN-DISP-0000525,Generated dispatch item.
526,531,3283,101,PMSM Motor 3 kW,No,32,3,45625.00,136875.00,FG-DISP-0000526,SN-DISP-0000526,Generated dispatch item.
527,532,5984,102,PMSM Motor 7.5 kW,No,35,1,102500.00,102500.00,FG-DISP-0000527,SN-DISP-0000527,Generated dispatch item.
528,533,585,100,BLDC Motor 1.5 kW,No,41,5,23125.00,115625.00,FG-DISP-0000528,SN-DISP-0000528,Generated dispatch item.
529,534,3286,101,PMSM Motor 3 kW,No,14,6,45625.00,273750.00,FG-DISP-0000529,SN-DISP-0000529,Generated dispatch item.
530,535,5987,102,PMSM Motor 7.5 kW,No,59,4,102500.00,410000.00,FG-DISP-0000530,SN-DISP-0000530,Generated dispatch item.
531,536,588,100,BLDC Motor 1.5 kW,No,27,3,23125.00,69375.00,FG-DISP-0000531,SN-DISP-0000531,Generated dispatch item.
532,537,3289,101,PMSM Motor 3 kW,No,42,7,45625.00,319375.00,FG-DISP-0000532,SN-DISP-0000532,Generated dispatch item.
533,538,5990,102,PMSM Motor 7.5 kW,No,56,1,102500.00,102500.00,FG-DISP-0000533,SN-DISP-0000533,Generated dispatch item.
534,539,591,100,BLDC Motor 1.5 kW,No,28,1,23125.00,23125.00,FG-DISP-0000534,SN-DISP-0000534,Generated dispatch item.
535,540,3292,101,PMSM Motor 3 kW,No,30,3,45625.00,136875.00,FG-DISP-0000535,SN-DISP-0000535,Generated dispatch item.
536,541,5993,102,PMSM Motor 7.5 kW,No,10,7,102500.00,717500.00,FG-DISP-0000536,SN-DISP-0000536,Generated dispatch item.
537,542,594,100,BLDC Motor 1.5 kW,No,31,7,23125.00,161875.00,FG-DISP-0000537,SN-DISP-0000537,Generated dispatch item.
538,543,3295,101,PMSM Motor 3 kW,No,40,4,45625.00,182500.00,FG-DISP-0000538,SN-DISP-0000538,Generated dispatch item.
539,544,5996,102,PMSM Motor 7.5 kW,No,27,7,102500.00,717500.00,FG-DISP-0000539,SN-DISP-0000539,Generated dispatch item.
540,545,597,100,BLDC Motor 1.5 kW,No,6,6,23125.00,138750.00,FG-DISP-0000540,SN-DISP-0000540,Generated dispatch item.
541,546,3298,101,PMSM Motor 3 kW,No,23,5,45625.00,228125.00,FG-DISP-0000541,SN-DISP-0000541,Generated dispatch item.
542,547,5999,102,PMSM Motor 7.5 kW,No,25,1,102500.00,102500.00,FG-DISP-0000542,SN-DISP-0000542,Generated dispatch item.
543,548,600,100,BLDC Motor 1.5 kW,No,43,7,23125.00,161875.00,FG-DISP-0000543,SN-DISP-0000543,Generated dispatch item.
544,549,601,101,PMSM Motor 3 kW,No,16,5,45625.00,228125.00,FG-DISP-0000544,SN-DISP-0000544,Generated dispatch item.
545,550,3302,102,PMSM Motor 7.5 kW,No,12,1,102500.00,102500.00,FG-DISP-0000545,SN-DISP-0000545,Generated dispatch item.
546,551,603,100,BLDC Motor 1.5 kW,No,51,6,23125.00,138750.00,FG-DISP-0000546,SN-DISP-0000546,Generated dispatch item.
547,552,3304,101,PMSM Motor 3 kW,No,43,3,45625.00,136875.00,FG-DISP-0000547,SN-DISP-0000547,Generated dispatch item.
548,553,605,102,PMSM Motor 7.5 kW,No,13,6,102500.00,615000.00,FG-DISP-0000548,SN-DISP-0000548,Generated dispatch item.
549,554,3306,100,BLDC Motor 1.5 kW,No,60,2,23125.00,46250.00,FG-DISP-0000549,SN-DISP-0000549,Generated dispatch item.
550,555,607,101,PMSM Motor 3 kW,No,20,1,45625.00,45625.00,FG-DISP-0000550,SN-DISP-0000550,Generated dispatch item.
551,556,3308,102,PMSM Motor 7.5 kW,No,12,4,102500.00,410000.00,FG-DISP-0000551,SN-DISP-0000551,Generated dispatch item.
552,557,609,100,BLDC Motor 1.5 kW,No,40,4,23125.00,92500.00,FG-DISP-0000552,SN-DISP-0000552,Generated dispatch item.
553,558,3310,101,PMSM Motor 3 kW,No,21,7,45625.00,319375.00,FG-DISP-0000553,SN-DISP-0000553,Generated dispatch item.
554,559,611,102,PMSM Motor 7.5 kW,No,15,1,102500.00,102500.00,FG-DISP-0000554,SN-DISP-0000554,Generated dispatch item.
555,560,3312,100,BLDC Motor 1.5 kW,No,26,7,23125.00,161875.00,FG-DISP-0000555,SN-DISP-0000555,Generated dispatch item.
556,561,613,101,PMSM Motor 3 kW,No,21,2,45625.00,91250.00,FG-DISP-0000556,SN-DISP-0000556,Generated dispatch item.
557,562,3314,102,PMSM Motor 7.5 kW,No,40,7,102500.00,717500.00,FG-DISP-0000557,SN-DISP-0000557,Generated dispatch item.
558,563,615,100,BLDC Motor 1.5 kW,No,31,5,23125.00,115625.00,FG-DISP-0000558,SN-DISP-0000558,Generated dispatch item.
559,564,3316,101,PMSM Motor 3 kW,No,23,3,45625.00,136875.00,FG-DISP-0000559,SN-DISP-0000559,Generated dispatch item.
560,565,617,102,PMSM Motor 7.5 kW,No,17,7,102500.00,717500.00,FG-DISP-0000560,SN-DISP-0000560,Generated dispatch item.
561,566,3318,100,BLDC Motor 1.5 kW,No,54,3,23125.00,69375.00,FG-DISP-0000561,SN-DISP-0000561,Generated dispatch item.
562,567,619,101,PMSM Motor 3 kW,No,60,5,45625.00,228125.00,FG-DISP-0000562,SN-DISP-0000562,Generated dispatch item.
563,568,3320,102,PMSM Motor 7.5 kW,No,21,1,102500.00,102500.00,FG-DISP-0000563,SN-DISP-0000563,Generated dispatch item.
564,569,621,100,BLDC Motor 1.5 kW,No,14,1,23125.00,23125.00,FG-DISP-0000564,SN-DISP-0000564,Generated dispatch item.
565,570,3322,101,PMSM Motor 3 kW,No,37,3,45625.00,136875.00,FG-DISP-0000565,SN-DISP-0000565,Generated dispatch item.
566,571,623,102,PMSM Motor 7.5 kW,No,52,2,102500.00,205000.00,FG-DISP-0000566,SN-DISP-0000566,Generated dispatch item.
567,572,3324,100,BLDC Motor 1.5 kW,No,34,2,23125.00,46250.00,FG-DISP-0000567,SN-DISP-0000567,Generated dispatch item.
568,573,625,101,PMSM Motor 3 kW,No,31,3,45625.00,136875.00,FG-DISP-0000568,SN-DISP-0000568,Generated dispatch item.
569,574,3326,102,PMSM Motor 7.5 kW,No,9,5,102500.00,512500.00,FG-DISP-0000569,SN-DISP-0000569,Generated dispatch item.
570,575,627,100,BLDC Motor 1.5 kW,No,12,1,23125.00,23125.00,FG-DISP-0000570,SN-DISP-0000570,Generated dispatch item.
571,576,3328,101,PMSM Motor 3 kW,No,34,6,45625.00,273750.00,FG-DISP-0000571,SN-DISP-0000571,Generated dispatch item.
572,577,629,102,PMSM Motor 7.5 kW,No,11,6,102500.00,615000.00,FG-DISP-0000572,SN-DISP-0000572,Generated dispatch item.
573,578,3330,100,BLDC Motor 1.5 kW,No,39,6,23125.00,138750.00,FG-DISP-0000573,SN-DISP-0000573,Generated dispatch item.
574,579,631,101,PMSM Motor 3 kW,No,33,2,45625.00,91250.00,FG-DISP-0000574,SN-DISP-0000574,Generated dispatch item.
575,580,3332,102,PMSM Motor 7.5 kW,No,42,7,102500.00,717500.00,FG-DISP-0000575,SN-DISP-0000575,Generated dispatch item.
576,581,633,100,BLDC Motor 1.5 kW,No,24,1,23125.00,23125.00,FG-DISP-0000576,SN-DISP-0000576,Generated dispatch item.
577,582,3334,101,PMSM Motor 3 kW,No,21,1,45625.00,45625.00,FG-DISP-0000577,SN-DISP-0000577,Generated dispatch item.
578,583,635,102,PMSM Motor 7.5 kW,No,18,6,102500.00,615000.00,FG-DISP-0000578,SN-DISP-0000578,Generated dispatch item.
579,584,3336,100,BLDC Motor 1.5 kW,No,41,6,23125.00,138750.00,FG-DISP-0000579,SN-DISP-0000579,Generated dispatch item.
580,585,637,101,PMSM Motor 3 kW,No,58,1,45625.00,45625.00,FG-DISP-0000580,SN-DISP-0000580,Generated dispatch item.
581,586,3338,102,PMSM Motor 7.5 kW,No,11,3,102500.00,307500.00,FG-DISP-0000581,SN-DISP-0000581,Generated dispatch item.
582,587,639,100,BLDC Motor 1.5 kW,No,30,3,23125.00,69375.00,FG-DISP-0000582,SN-DISP-0000582,Generated dispatch item.
583,588,3340,101,PMSM Motor 3 kW,No,20,6,45625.00,273750.00,FG-DISP-0000583,SN-DISP-0000583,Generated dispatch item.
584,589,641,102,PMSM Motor 7.5 kW,No,57,4,102500.00,410000.00,FG-DISP-0000584,SN-DISP-0000584,Generated dispatch item.
585,590,3342,100,BLDC Motor 1.5 kW,No,45,5,23125.00,115625.00,FG-DISP-0000585,SN-DISP-0000585,Generated dispatch item.
586,591,643,101,PMSM Motor 3 kW,No,14,1,45625.00,45625.00,FG-DISP-0000586,SN-DISP-0000586,Generated dispatch item.
587,592,3344,102,PMSM Motor 7.5 kW,No,16,7,102500.00,717500.00,FG-DISP-0000587,SN-DISP-0000587,Generated dispatch item.
588,593,645,100,BLDC Motor 1.5 kW,No,15,4,23125.00,92500.00,FG-DISP-0000588,SN-DISP-0000588,Generated dispatch item.
589,594,3346,101,PMSM Motor 3 kW,No,57,5,45625.00,228125.00,FG-DISP-0000589,SN-DISP-0000589,Generated dispatch item.
590,595,647,102,PMSM Motor 7.5 kW,No,38,4,102500.00,410000.00,FG-DISP-0000590,SN-DISP-0000590,Generated dispatch item.
591,596,3348,100,BLDC Motor 1.5 kW,No,11,2,23125.00,46250.00,FG-DISP-0000591,SN-DISP-0000591,Generated dispatch item.
592,597,649,101,PMSM Motor 3 kW,No,20,5,45625.00,228125.00,FG-DISP-0000592,SN-DISP-0000592,Generated dispatch item.
593,598,3350,102,PMSM Motor 7.5 kW,No,23,3,102500.00,307500.00,FG-DISP-0000593,SN-DISP-0000593,Generated dispatch item.
594,599,651,100,BLDC Motor 1.5 kW,No,15,2,23125.00,46250.00,FG-DISP-0000594,SN-DISP-0000594,Generated dispatch item.
595,600,3352,101,PMSM Motor 3 kW,No,38,4,45625.00,182500.00,FG-DISP-0000595,SN-DISP-0000595,Generated dispatch item.
596,601,653,102,PMSM Motor 7.5 kW,No,10,3,102500.00,307500.00,FG-DISP-0000596,SN-DISP-0000596,Generated dispatch item.
597,602,3354,100,BLDC Motor 1.5 kW,No,37,7,23125.00,161875.00,FG-DISP-0000597,SN-DISP-0000597,Generated dispatch item.
598,603,655,101,PMSM Motor 3 kW,No,9,5,45625.00,228125.00,FG-DISP-0000598,SN-DISP-0000598,Generated dispatch item.
599,604,3356,102,PMSM Motor 7.5 kW,No,50,3,102500.00,307500.00,FG-DISP-0000599,SN-DISP-0000599,Generated dispatch item.
600,605,657,100,BLDC Motor 1.5 kW,No,47,1,23125.00,23125.00,FG-DISP-0000600,SN-DISP-0000600,Generated dispatch item.
601,606,3358,101,PMSM Motor 3 kW,No,49,3,45625.00,136875.00,FG-DISP-0000601,SN-DISP-0000601,Generated dispatch item.
602,607,659,102,PMSM Motor 7.5 kW,No,20,1,102500.00,102500.00,FG-DISP-0000602,SN-DISP-0000602,Generated dispatch item.
603,608,3360,100,BLDC Motor 1.5 kW,No,19,2,23125.00,46250.00,FG-DISP-0000603,SN-DISP-0000603,Generated dispatch item.
604,609,661,101,PMSM Motor 3 kW,No,59,2,45625.00,91250.00,FG-DISP-0000604,SN-DISP-0000604,Generated dispatch item.
605,610,3362,102,PMSM Motor 7.5 kW,No,56,5,102500.00,512500.00,FG-DISP-0000605,SN-DISP-0000605,Generated dispatch item.
606,611,663,100,BLDC Motor 1.5 kW,No,15,1,23125.00,23125.00,FG-DISP-0000606,SN-DISP-0000606,Generated dispatch item.
607,612,3364,101,PMSM Motor 3 kW,No,44,2,45625.00,91250.00,FG-DISP-0000607,SN-DISP-0000607,Generated dispatch item.
608,613,665,102,PMSM Motor 7.5 kW,No,24,1,102500.00,102500.00,FG-DISP-0000608,SN-DISP-0000608,Generated dispatch item.
609,614,3366,100,BLDC Motor 1.5 kW,No,13,7,23125.00,161875.00,FG-DISP-0000609,SN-DISP-0000609,Generated dispatch item.
610,615,667,101,PMSM Motor 3 kW,No,25,7,45625.00,319375.00,FG-DISP-0000610,SN-DISP-0000610,Generated dispatch item.
611,616,3368,102,PMSM Motor 7.5 kW,No,60,3,102500.00,307500.00,FG-DISP-0000611,SN-DISP-0000611,Generated dispatch item.
612,617,669,100,BLDC Motor 1.5 kW,No,33,4,23125.00,92500.00,FG-DISP-0000612,SN-DISP-0000612,Generated dispatch item.
613,618,3370,101,PMSM Motor 3 kW,No,45,3,45625.00,136875.00,FG-DISP-0000613,SN-DISP-0000613,Generated dispatch item.
614,619,671,102,PMSM Motor 7.5 kW,No,53,4,102500.00,410000.00,FG-DISP-0000614,SN-DISP-0000614,Generated dispatch item.
615,620,3372,100,BLDC Motor 1.5 kW,No,33,4,23125.00,92500.00,FG-DISP-0000615,SN-DISP-0000615,Generated dispatch item.
616,621,673,101,PMSM Motor 3 kW,No,51,2,45625.00,91250.00,FG-DISP-0000616,SN-DISP-0000616,Generated dispatch item.
617,622,3374,102,PMSM Motor 7.5 kW,No,21,5,102500.00,512500.00,FG-DISP-0000617,SN-DISP-0000617,Generated dispatch item.
618,623,675,100,BLDC Motor 1.5 kW,No,5,1,23125.00,23125.00,FG-DISP-0000618,SN-DISP-0000618,Generated dispatch item.
619,624,3376,101,PMSM Motor 3 kW,No,29,5,45625.00,228125.00,FG-DISP-0000619,SN-DISP-0000619,Generated dispatch item.
620,625,677,102,PMSM Motor 7.5 kW,No,27,6,102500.00,615000.00,FG-DISP-0000620,SN-DISP-0000620,Generated dispatch item.
621,626,3378,100,BLDC Motor 1.5 kW,No,49,1,23125.00,23125.00,FG-DISP-0000621,SN-DISP-0000621,Generated dispatch item.
622,627,679,101,PMSM Motor 3 kW,No,51,6,45625.00,273750.00,FG-DISP-0000622,SN-DISP-0000622,Generated dispatch item.
623,628,3380,102,PMSM Motor 7.5 kW,No,46,6,102500.00,615000.00,FG-DISP-0000623,SN-DISP-0000623,Generated dispatch item.
624,629,681,100,BLDC Motor 1.5 kW,No,5,5,23125.00,115625.00,FG-DISP-0000624,SN-DISP-0000624,Generated dispatch item.
625,630,3382,101,PMSM Motor 3 kW,No,6,6,45625.00,273750.00,FG-DISP-0000625,SN-DISP-0000625,Generated dispatch item.
626,631,683,102,PMSM Motor 7.5 kW,No,34,1,102500.00,102500.00,FG-DISP-0000626,SN-DISP-0000626,Generated dispatch item.
627,632,3384,100,BLDC Motor 1.5 kW,No,49,1,23125.00,23125.00,FG-DISP-0000627,SN-DISP-0000627,Generated dispatch item.
628,633,685,101,PMSM Motor 3 kW,No,19,1,45625.00,45625.00,FG-DISP-0000628,SN-DISP-0000628,Generated dispatch item.
629,634,3386,102,PMSM Motor 7.5 kW,No,35,5,102500.00,512500.00,FG-DISP-0000629,SN-DISP-0000629,Generated dispatch item.
630,635,687,100,BLDC Motor 1.5 kW,No,28,5,23125.00,115625.00,FG-DISP-0000630,SN-DISP-0000630,Generated dispatch item.
631,636,3388,101,PMSM Motor 3 kW,No,43,5,45625.00,228125.00,FG-DISP-0000631,SN-DISP-0000631,Generated dispatch item.
632,637,689,102,PMSM Motor 7.5 kW,No,28,3,102500.00,307500.00,FG-DISP-0000632,SN-DISP-0000632,Generated dispatch item.
633,638,3390,100,BLDC Motor 1.5 kW,No,46,2,23125.00,46250.00,FG-DISP-0000633,SN-DISP-0000633,Generated dispatch item.
634,639,691,101,PMSM Motor 3 kW,No,26,1,45625.00,45625.00,FG-DISP-0000634,SN-DISP-0000634,Generated dispatch item.
635,640,3392,102,PMSM Motor 7.5 kW,No,29,3,102500.00,307500.00,FG-DISP-0000635,SN-DISP-0000635,Generated dispatch item.
636,641,693,100,BLDC Motor 1.5 kW,No,54,3,23125.00,69375.00,FG-DISP-0000636,SN-DISP-0000636,Generated dispatch item.
637,642,3394,101,PMSM Motor 3 kW,No,29,3,45625.00,136875.00,FG-DISP-0000637,SN-DISP-0000637,Generated dispatch item.
638,643,695,102,PMSM Motor 7.5 kW,No,35,1,102500.00,102500.00,FG-DISP-0000638,SN-DISP-0000638,Generated dispatch item.
639,644,3396,100,BLDC Motor 1.5 kW,No,42,3,23125.00,69375.00,FG-DISP-0000639,SN-DISP-0000639,Generated dispatch item.
640,645,697,101,PMSM Motor 3 kW,No,55,6,45625.00,273750.00,FG-DISP-0000640,SN-DISP-0000640,Generated dispatch item.
641,646,3398,102,PMSM Motor 7.5 kW,No,33,2,102500.00,205000.00,FG-DISP-0000641,SN-DISP-0000641,Generated dispatch item.
642,647,699,100,BLDC Motor 1.5 kW,No,45,7,23125.00,161875.00,FG-DISP-0000642,SN-DISP-0000642,Generated dispatch item.
643,648,3400,101,PMSM Motor 3 kW,No,43,1,45625.00,45625.00,FG-DISP-0000643,SN-DISP-0000643,Generated dispatch item.
644,649,701,102,PMSM Motor 7.5 kW,No,24,5,102500.00,512500.00,FG-DISP-0000644,SN-DISP-0000644,Generated dispatch item.
645,650,3402,100,BLDC Motor 1.5 kW,No,43,1,23125.00,23125.00,FG-DISP-0000645,SN-DISP-0000645,Generated dispatch item.
646,651,703,101,PMSM Motor 3 kW,No,32,3,45625.00,136875.00,FG-DISP-0000646,SN-DISP-0000646,Generated dispatch item.
647,652,3404,102,PMSM Motor 7.5 kW,No,6,6,102500.00,615000.00,FG-DISP-0000647,SN-DISP-0000647,Generated dispatch item.
648,653,705,100,BLDC Motor 1.5 kW,No,26,6,23125.00,138750.00,FG-DISP-0000648,SN-DISP-0000648,Generated dispatch item.
649,654,3406,101,PMSM Motor 3 kW,No,28,4,45625.00,182500.00,FG-DISP-0000649,SN-DISP-0000649,Generated dispatch item.
650,655,707,102,PMSM Motor 7.5 kW,No,51,5,102500.00,512500.00,FG-DISP-0000650,SN-DISP-0000650,Generated dispatch item.
651,656,3408,100,BLDC Motor 1.5 kW,No,9,5,23125.00,115625.00,FG-DISP-0000651,SN-DISP-0000651,Generated dispatch item.
652,657,709,101,PMSM Motor 3 kW,No,15,6,45625.00,273750.00,FG-DISP-0000652,SN-DISP-0000652,Generated dispatch item.
653,658,3410,102,PMSM Motor 7.5 kW,No,6,5,102500.00,512500.00,FG-DISP-0000653,SN-DISP-0000653,Generated dispatch item.
654,659,711,100,BLDC Motor 1.5 kW,No,57,4,23125.00,92500.00,FG-DISP-0000654,SN-DISP-0000654,Generated dispatch item.
655,660,3412,101,PMSM Motor 3 kW,No,17,1,45625.00,45625.00,FG-DISP-0000655,SN-DISP-0000655,Generated dispatch item.
656,661,713,102,PMSM Motor 7.5 kW,No,37,7,102500.00,717500.00,FG-DISP-0000656,SN-DISP-0000656,Generated dispatch item.
657,662,3414,100,BLDC Motor 1.5 kW,No,9,4,23125.00,92500.00,FG-DISP-0000657,SN-DISP-0000657,Generated dispatch item.
658,663,715,101,PMSM Motor 3 kW,No,39,3,45625.00,136875.00,FG-DISP-0000658,SN-DISP-0000658,Generated dispatch item.
659,664,3416,102,PMSM Motor 7.5 kW,No,58,1,102500.00,102500.00,FG-DISP-0000659,SN-DISP-0000659,Generated dispatch item.
660,665,717,100,BLDC Motor 1.5 kW,No,33,5,23125.00,115625.00,FG-DISP-0000660,SN-DISP-0000660,Generated dispatch item.
661,666,3418,101,PMSM Motor 3 kW,No,9,6,45625.00,273750.00,FG-DISP-0000661,SN-DISP-0000661,Generated dispatch item.
662,667,719,102,PMSM Motor 7.5 kW,No,36,6,102500.00,615000.00,FG-DISP-0000662,SN-DISP-0000662,Generated dispatch item.
663,668,3420,100,BLDC Motor 1.5 kW,No,37,7,23125.00,161875.00,FG-DISP-0000663,SN-DISP-0000663,Generated dispatch item.
664,669,721,101,PMSM Motor 3 kW,No,42,7,45625.00,319375.00,FG-DISP-0000664,SN-DISP-0000664,Generated dispatch item.
665,670,3422,102,PMSM Motor 7.5 kW,No,57,5,102500.00,512500.00,FG-DISP-0000665,SN-DISP-0000665,Generated dispatch item.
666,671,723,100,BLDC Motor 1.5 kW,No,41,7,23125.00,161875.00,FG-DISP-0000666,SN-DISP-0000666,Generated dispatch item.
667,672,3424,101,PMSM Motor 3 kW,No,15,1,45625.00,45625.00,FG-DISP-0000667,SN-DISP-0000667,Generated dispatch item.
668,673,725,102,PMSM Motor 7.5 kW,No,16,3,102500.00,307500.00,FG-DISP-0000668,SN-DISP-0000668,Generated dispatch item.
669,674,3426,100,BLDC Motor 1.5 kW,No,13,4,23125.00,92500.00,FG-DISP-0000669,SN-DISP-0000669,Generated dispatch item.
670,675,727,101,PMSM Motor 3 kW,No,37,5,45625.00,228125.00,FG-DISP-0000670,SN-DISP-0000670,Generated dispatch item.
671,676,3428,102,PMSM Motor 7.5 kW,No,12,3,102500.00,307500.00,FG-DISP-0000671,SN-DISP-0000671,Generated dispatch item.
672,677,729,100,BLDC Motor 1.5 kW,No,24,3,23125.00,69375.00,FG-DISP-0000672,SN-DISP-0000672,Generated dispatch item.
673,678,3430,101,PMSM Motor 3 kW,No,25,7,45625.00,319375.00,FG-DISP-0000673,SN-DISP-0000673,Generated dispatch item.
674,679,731,102,PMSM Motor 7.5 kW,No,40,5,102500.00,512500.00,FG-DISP-0000674,SN-DISP-0000674,Generated dispatch item.
675,680,3432,100,BLDC Motor 1.5 kW,No,53,5,23125.00,115625.00,FG-DISP-0000675,SN-DISP-0000675,Generated dispatch item.
676,681,733,101,PMSM Motor 3 kW,No,35,2,45625.00,91250.00,FG-DISP-0000676,SN-DISP-0000676,Generated dispatch item.
677,682,3434,102,PMSM Motor 7.5 kW,No,40,4,102500.00,410000.00,FG-DISP-0000677,SN-DISP-0000677,Generated dispatch item.
678,683,735,100,BLDC Motor 1.5 kW,No,15,3,23125.00,69375.00,FG-DISP-0000678,SN-DISP-0000678,Generated dispatch item.
679,684,3436,101,PMSM Motor 3 kW,No,60,5,45625.00,228125.00,FG-DISP-0000679,SN-DISP-0000679,Generated dispatch item.
680,685,737,102,PMSM Motor 7.5 kW,No,46,7,102500.00,717500.00,FG-DISP-0000680,SN-DISP-0000680,Generated dispatch item.
681,686,3438,100,BLDC Motor 1.5 kW,No,52,2,23125.00,46250.00,FG-DISP-0000681,SN-DISP-0000681,Generated dispatch item.
682,687,739,101,PMSM Motor 3 kW,No,30,6,45625.00,273750.00,FG-DISP-0000682,SN-DISP-0000682,Generated dispatch item.
683,688,3440,102,PMSM Motor 7.5 kW,No,23,5,102500.00,512500.00,FG-DISP-0000683,SN-DISP-0000683,Generated dispatch item.
684,689,741,100,BLDC Motor 1.5 kW,No,35,4,23125.00,92500.00,FG-DISP-0000684,SN-DISP-0000684,Generated dispatch item.
685,690,3442,101,PMSM Motor 3 kW,No,22,7,45625.00,319375.00,FG-DISP-0000685,SN-DISP-0000685,Generated dispatch item.
686,691,743,102,PMSM Motor 7.5 kW,No,42,2,102500.00,205000.00,FG-DISP-0000686,SN-DISP-0000686,Generated dispatch item.
687,692,3444,100,BLDC Motor 1.5 kW,No,29,5,23125.00,115625.00,FG-DISP-0000687,SN-DISP-0000687,Generated dispatch item.
688,693,745,101,PMSM Motor 3 kW,No,41,3,45625.00,136875.00,FG-DISP-0000688,SN-DISP-0000688,Generated dispatch item.
689,694,3446,102,PMSM Motor 7.5 kW,No,31,5,102500.00,512500.00,FG-DISP-0000689,SN-DISP-0000689,Generated dispatch item.
690,695,747,100,BLDC Motor 1.5 kW,No,46,1,23125.00,23125.00,FG-DISP-0000690,SN-DISP-0000690,Generated dispatch item.
691,696,3448,101,PMSM Motor 3 kW,No,31,6,45625.00,273750.00,FG-DISP-0000691,SN-DISP-0000691,Generated dispatch item.
692,697,749,102,PMSM Motor 7.5 kW,No,16,1,102500.00,102500.00,FG-DISP-0000692,SN-DISP-0000692,Generated dispatch item.
693,698,3450,100,BLDC Motor 1.5 kW,No,23,3,23125.00,69375.00,FG-DISP-0000693,SN-DISP-0000693,Generated dispatch item.
694,699,751,101,PMSM Motor 3 kW,No,11,7,45625.00,319375.00,FG-DISP-0000694,SN-DISP-0000694,Generated dispatch item.
695,700,3452,102,PMSM Motor 7.5 kW,No,12,5,102500.00,512500.00,FG-DISP-0000695,SN-DISP-0000695,Generated dispatch item.
696,701,753,100,BLDC Motor 1.5 kW,No,42,4,23125.00,92500.00,FG-DISP-0000696,SN-DISP-0000696,Generated dispatch item.
697,702,3454,101,PMSM Motor 3 kW,No,22,3,45625.00,136875.00,FG-DISP-0000697,SN-DISP-0000697,Generated dispatch item.
698,703,755,102,PMSM Motor 7.5 kW,No,18,1,102500.00,102500.00,FG-DISP-0000698,SN-DISP-0000698,Generated dispatch item.
699,704,3456,100,BLDC Motor 1.5 kW,No,12,1,23125.00,23125.00,FG-DISP-0000699,SN-DISP-0000699,Generated dispatch item.
700,705,757,101,PMSM Motor 3 kW,No,11,6,45625.00,273750.00,FG-DISP-0000700,SN-DISP-0000700,Generated dispatch item.
701,706,3458,102,PMSM Motor 7.5 kW,No,42,2,102500.00,205000.00,FG-DISP-0000701,SN-DISP-0000701,Generated dispatch item.
702,707,759,100,BLDC Motor 1.5 kW,No,12,1,23125.00,23125.00,FG-DISP-0000702,SN-DISP-0000702,Generated dispatch item.
703,708,3460,101,PMSM Motor 3 kW,No,29,4,45625.00,182500.00,FG-DISP-0000703,SN-DISP-0000703,Generated dispatch item.
704,709,761,102,PMSM Motor 7.5 kW,No,22,3,102500.00,307500.00,FG-DISP-0000704,SN-DISP-0000704,Generated dispatch item.
705,710,3462,100,BLDC Motor 1.5 kW,No,39,7,23125.00,161875.00,FG-DISP-0000705,SN-DISP-0000705,Generated dispatch item.
706,711,763,101,PMSM Motor 3 kW,No,60,2,45625.00,91250.00,FG-DISP-0000706,SN-DISP-0000706,Generated dispatch item.
707,712,3464,102,PMSM Motor 7.5 kW,No,18,2,102500.00,205000.00,FG-DISP-0000707,SN-DISP-0000707,Generated dispatch item.
708,713,765,100,BLDC Motor 1.5 kW,No,13,2,23125.00,46250.00,FG-DISP-0000708,SN-DISP-0000708,Generated dispatch item.
709,714,3466,101,PMSM Motor 3 kW,No,19,2,45625.00,91250.00,FG-DISP-0000709,SN-DISP-0000709,Generated dispatch item.
710,715,767,102,PMSM Motor 7.5 kW,No,21,4,102500.00,410000.00,FG-DISP-0000710,SN-DISP-0000710,Generated dispatch item.
711,716,3468,100,BLDC Motor 1.5 kW,No,9,2,23125.00,46250.00,FG-DISP-0000711,SN-DISP-0000711,Generated dispatch item.
712,717,769,101,PMSM Motor 3 kW,No,56,6,45625.00,273750.00,FG-DISP-0000712,SN-DISP-0000712,Generated dispatch item.
713,718,3470,102,PMSM Motor 7.5 kW,No,40,6,102500.00,615000.00,FG-DISP-0000713,SN-DISP-0000713,Generated dispatch item.
714,719,771,100,BLDC Motor 1.5 kW,No,58,4,23125.00,92500.00,FG-DISP-0000714,SN-DISP-0000714,Generated dispatch item.
715,720,3472,101,PMSM Motor 3 kW,No,54,2,45625.00,91250.00,FG-DISP-0000715,SN-DISP-0000715,Generated dispatch item.
716,721,773,102,PMSM Motor 7.5 kW,No,17,6,102500.00,615000.00,FG-DISP-0000716,SN-DISP-0000716,Generated dispatch item.
717,722,3474,100,BLDC Motor 1.5 kW,No,39,7,23125.00,161875.00,FG-DISP-0000717,SN-DISP-0000717,Generated dispatch item.
718,723,775,101,PMSM Motor 3 kW,No,54,7,45625.00,319375.00,FG-DISP-0000718,SN-DISP-0000718,Generated dispatch item.
719,724,3476,102,PMSM Motor 7.5 kW,No,38,7,102500.00,717500.00,FG-DISP-0000719,SN-DISP-0000719,Generated dispatch item.
720,725,777,100,BLDC Motor 1.5 kW,No,12,6,23125.00,138750.00,FG-DISP-0000720,SN-DISP-0000720,Generated dispatch item.
721,726,3478,101,PMSM Motor 3 kW,No,56,6,45625.00,273750.00,FG-DISP-0000721,SN-DISP-0000721,Generated dispatch item.
722,727,779,102,PMSM Motor 7.5 kW,No,47,7,102500.00,717500.00,FG-DISP-0000722,SN-DISP-0000722,Generated dispatch item.
723,728,3480,100,BLDC Motor 1.5 kW,No,55,3,23125.00,69375.00,FG-DISP-0000723,SN-DISP-0000723,Generated dispatch item.
724,729,781,101,PMSM Motor 3 kW,No,5,5,45625.00,228125.00,FG-DISP-0000724,SN-DISP-0000724,Generated dispatch item.
725,730,3482,102,PMSM Motor 7.5 kW,No,25,1,102500.00,102500.00,FG-DISP-0000725,SN-DISP-0000725,Generated dispatch item.
726,731,783,100,BLDC Motor 1.5 kW,No,27,6,23125.00,138750.00,FG-DISP-0000726,SN-DISP-0000726,Generated dispatch item.
727,732,3484,101,PMSM Motor 3 kW,No,16,3,45625.00,136875.00,FG-DISP-0000727,SN-DISP-0000727,Generated dispatch item.
728,733,785,102,PMSM Motor 7.5 kW,No,18,3,102500.00,307500.00,FG-DISP-0000728,SN-DISP-0000728,Generated dispatch item.
729,734,3486,100,BLDC Motor 1.5 kW,No,59,5,23125.00,115625.00,FG-DISP-0000729,SN-DISP-0000729,Generated dispatch item.
730,735,787,101,PMSM Motor 3 kW,No,44,2,45625.00,91250.00,FG-DISP-0000730,SN-DISP-0000730,Generated dispatch item.
731,736,3488,102,PMSM Motor 7.5 kW,No,46,7,102500.00,717500.00,FG-DISP-0000731,SN-DISP-0000731,Generated dispatch item.
732,737,789,100,BLDC Motor 1.5 kW,No,5,5,23125.00,115625.00,FG-DISP-0000732,SN-DISP-0000732,Generated dispatch item.
733,738,3490,101,PMSM Motor 3 kW,No,49,1,45625.00,45625.00,FG-DISP-0000733,SN-DISP-0000733,Generated dispatch item.
734,739,791,102,PMSM Motor 7.5 kW,No,31,6,102500.00,615000.00,FG-DISP-0000734,SN-DISP-0000734,Generated dispatch item.
735,740,3492,100,BLDC Motor 1.5 kW,No,19,1,23125.00,23125.00,FG-DISP-0000735,SN-DISP-0000735,Generated dispatch item.
736,741,793,101,PMSM Motor 3 kW,No,44,6,45625.00,273750.00,FG-DISP-0000736,SN-DISP-0000736,Generated dispatch item.
737,742,3494,102,PMSM Motor 7.5 kW,No,28,6,102500.00,615000.00,FG-DISP-0000737,SN-DISP-0000737,Generated dispatch item.
738,743,795,100,BLDC Motor 1.5 kW,No,7,5,23125.00,115625.00,FG-DISP-0000738,SN-DISP-0000738,Generated dispatch item.
739,744,3496,101,PMSM Motor 3 kW,No,46,5,45625.00,228125.00,FG-DISP-0000739,SN-DISP-0000739,Generated dispatch item.
740,745,797,102,PMSM Motor 7.5 kW,No,55,6,102500.00,615000.00,FG-DISP-0000740,SN-DISP-0000740,Generated dispatch item.
741,746,3498,100,BLDC Motor 1.5 kW,No,49,6,23125.00,138750.00,FG-DISP-0000741,SN-DISP-0000741,Generated dispatch item.
742,747,799,101,PMSM Motor 3 kW,No,25,5,45625.00,228125.00,FG-DISP-0000742,SN-DISP-0000742,Generated dispatch item.
743,748,3500,102,PMSM Motor 7.5 kW,No,24,2,102500.00,205000.00,FG-DISP-0000743,SN-DISP-0000743,Generated dispatch item.
744,749,801,100,BLDC Motor 1.5 kW,No,14,5,23125.00,115625.00,FG-DISP-0000744,SN-DISP-0000744,Generated dispatch item.
745,750,3502,101,PMSM Motor 3 kW,No,40,2,45625.00,91250.00,FG-DISP-0000745,SN-DISP-0000745,Generated dispatch item.
746,751,803,102,PMSM Motor 7.5 kW,No,17,1,102500.00,102500.00,FG-DISP-0000746,SN-DISP-0000746,Generated dispatch item.
747,752,3504,100,BLDC Motor 1.5 kW,No,59,2,23125.00,46250.00,FG-DISP-0000747,SN-DISP-0000747,Generated dispatch item.
748,753,805,101,PMSM Motor 3 kW,No,23,4,45625.00,182500.00,FG-DISP-0000748,SN-DISP-0000748,Generated dispatch item.
749,754,3506,102,PMSM Motor 7.5 kW,No,29,7,102500.00,717500.00,FG-DISP-0000749,SN-DISP-0000749,Generated dispatch item.
750,755,807,100,BLDC Motor 1.5 kW,No,16,1,23125.00,23125.00,FG-DISP-0000750,SN-DISP-0000750,Generated dispatch item.
751,756,3508,101,PMSM Motor 3 kW,No,25,1,45625.00,45625.00,FG-DISP-0000751,SN-DISP-0000751,Generated dispatch item.
752,757,809,102,PMSM Motor 7.5 kW,No,33,1,102500.00,102500.00,FG-DISP-0000752,SN-DISP-0000752,Generated dispatch item.
753,758,3510,100,BLDC Motor 1.5 kW,No,23,2,23125.00,46250.00,FG-DISP-0000753,SN-DISP-0000753,Generated dispatch item.
754,759,811,101,PMSM Motor 3 kW,No,40,4,45625.00,182500.00,FG-DISP-0000754,SN-DISP-0000754,Generated dispatch item.
755,760,3512,102,PMSM Motor 7.5 kW,No,39,6,102500.00,615000.00,FG-DISP-0000755,SN-DISP-0000755,Generated dispatch item.
756,761,813,100,BLDC Motor 1.5 kW,No,29,1,23125.00,23125.00,FG-DISP-0000756,SN-DISP-0000756,Generated dispatch item.
757,762,3514,101,PMSM Motor 3 kW,No,35,6,45625.00,273750.00,FG-DISP-0000757,SN-DISP-0000757,Generated dispatch item.
758,763,815,102,PMSM Motor 7.5 kW,No,28,7,102500.00,717500.00,FG-DISP-0000758,SN-DISP-0000758,Generated dispatch item.
759,764,3516,100,BLDC Motor 1.5 kW,No,33,1,23125.00,23125.00,FG-DISP-0000759,SN-DISP-0000759,Generated dispatch item.
760,765,817,101,PMSM Motor 3 kW,No,48,4,45625.00,182500.00,FG-DISP-0000760,SN-DISP-0000760,Generated dispatch item.
761,766,3518,102,PMSM Motor 7.5 kW,No,15,6,102500.00,615000.00,FG-DISP-0000761,SN-DISP-0000761,Generated dispatch item.
762,767,819,100,BLDC Motor 1.5 kW,No,21,5,23125.00,115625.00,FG-DISP-0000762,SN-DISP-0000762,Generated dispatch item.
763,768,3520,101,PMSM Motor 3 kW,No,53,2,45625.00,91250.00,FG-DISP-0000763,SN-DISP-0000763,Generated dispatch item.
764,769,821,102,PMSM Motor 7.5 kW,No,39,2,102500.00,205000.00,FG-DISP-0000764,SN-DISP-0000764,Generated dispatch item.
765,770,3522,100,BLDC Motor 1.5 kW,No,8,4,23125.00,92500.00,FG-DISP-0000765,SN-DISP-0000765,Generated dispatch item.
766,771,823,101,PMSM Motor 3 kW,No,55,6,45625.00,273750.00,FG-DISP-0000766,SN-DISP-0000766,Generated dispatch item.
767,772,3524,102,PMSM Motor 7.5 kW,No,23,7,102500.00,717500.00,FG-DISP-0000767,SN-DISP-0000767,Generated dispatch item.
768,773,825,100,BLDC Motor 1.5 kW,No,17,4,23125.00,92500.00,FG-DISP-0000768,SN-DISP-0000768,Generated dispatch item.
769,774,3526,101,PMSM Motor 3 kW,No,55,4,45625.00,182500.00,FG-DISP-0000769,SN-DISP-0000769,Generated dispatch item.
770,775,827,102,PMSM Motor 7.5 kW,No,39,4,102500.00,410000.00,FG-DISP-0000770,SN-DISP-0000770,Generated dispatch item.
771,776,3528,100,BLDC Motor 1.5 kW,No,11,4,23125.00,92500.00,FG-DISP-0000771,SN-DISP-0000771,Generated dispatch item.
772,777,829,101,PMSM Motor 3 kW,No,58,5,45625.00,228125.00,FG-DISP-0000772,SN-DISP-0000772,Generated dispatch item.
773,778,3530,102,PMSM Motor 7.5 kW,No,41,2,102500.00,205000.00,FG-DISP-0000773,SN-DISP-0000773,Generated dispatch item.
774,779,831,100,BLDC Motor 1.5 kW,No,34,4,23125.00,92500.00,FG-DISP-0000774,SN-DISP-0000774,Generated dispatch item.
775,780,3532,101,PMSM Motor 3 kW,No,51,5,45625.00,228125.00,FG-DISP-0000775,SN-DISP-0000775,Generated dispatch item.
776,781,833,102,PMSM Motor 7.5 kW,No,59,4,102500.00,410000.00,FG-DISP-0000776,SN-DISP-0000776,Generated dispatch item.
777,782,3534,100,BLDC Motor 1.5 kW,No,13,7,23125.00,161875.00,FG-DISP-0000777,SN-DISP-0000777,Generated dispatch item.
778,783,835,101,PMSM Motor 3 kW,No,22,6,45625.00,273750.00,FG-DISP-0000778,SN-DISP-0000778,Generated dispatch item.
779,784,3536,102,PMSM Motor 7.5 kW,No,42,6,102500.00,615000.00,FG-DISP-0000779,SN-DISP-0000779,Generated dispatch item.
780,785,837,100,BLDC Motor 1.5 kW,No,36,6,23125.00,138750.00,FG-DISP-0000780,SN-DISP-0000780,Generated dispatch item.
781,786,3538,101,PMSM Motor 3 kW,No,40,4,45625.00,182500.00,FG-DISP-0000781,SN-DISP-0000781,Generated dispatch item.
782,787,839,102,PMSM Motor 7.5 kW,No,22,3,102500.00,307500.00,FG-DISP-0000782,SN-DISP-0000782,Generated dispatch item.
783,788,3540,100,BLDC Motor 1.5 kW,No,50,4,23125.00,92500.00,FG-DISP-0000783,SN-DISP-0000783,Generated dispatch item.
784,789,841,101,PMSM Motor 3 kW,No,5,5,45625.00,228125.00,FG-DISP-0000784,SN-DISP-0000784,Generated dispatch item.
785,790,3542,102,PMSM Motor 7.5 kW,No,51,7,102500.00,717500.00,FG-DISP-0000785,SN-DISP-0000785,Generated dispatch item.
786,791,843,100,BLDC Motor 1.5 kW,No,60,3,23125.00,69375.00,FG-DISP-0000786,SN-DISP-0000786,Generated dispatch item.
787,792,3544,101,PMSM Motor 3 kW,No,43,4,45625.00,182500.00,FG-DISP-0000787,SN-DISP-0000787,Generated dispatch item.
788,793,845,102,PMSM Motor 7.5 kW,No,18,2,102500.00,205000.00,FG-DISP-0000788,SN-DISP-0000788,Generated dispatch item.
789,794,3546,100,BLDC Motor 1.5 kW,No,56,1,23125.00,23125.00,FG-DISP-0000789,SN-DISP-0000789,Generated dispatch item.
790,795,847,101,PMSM Motor 3 kW,No,59,3,45625.00,136875.00,FG-DISP-0000790,SN-DISP-0000790,Generated dispatch item.
791,796,3548,102,PMSM Motor 7.5 kW,No,35,1,102500.00,102500.00,FG-DISP-0000791,SN-DISP-0000791,Generated dispatch item.
792,797,849,100,BLDC Motor 1.5 kW,No,41,3,23125.00,69375.00,FG-DISP-0000792,SN-DISP-0000792,Generated dispatch item.
793,798,3550,101,PMSM Motor 3 kW,No,57,1,45625.00,45625.00,FG-DISP-0000793,SN-DISP-0000793,Generated dispatch item.
794,799,851,102,PMSM Motor 7.5 kW,No,55,3,102500.00,307500.00,FG-DISP-0000794,SN-DISP-0000794,Generated dispatch item.
795,800,3552,100,BLDC Motor 1.5 kW,No,38,6,23125.00,138750.00,FG-DISP-0000795,SN-DISP-0000795,Generated dispatch item.
796,801,853,101,PMSM Motor 3 kW,No,59,6,45625.00,273750.00,FG-DISP-0000796,SN-DISP-0000796,Generated dispatch item.
797,802,3554,102,PMSM Motor 7.5 kW,No,13,7,102500.00,717500.00,FG-DISP-0000797,SN-DISP-0000797,Generated dispatch item.
798,803,855,100,BLDC Motor 1.5 kW,No,36,4,23125.00,92500.00,FG-DISP-0000798,SN-DISP-0000798,Generated dispatch item.
799,804,3556,101,PMSM Motor 3 kW,No,29,4,45625.00,182500.00,FG-DISP-0000799,SN-DISP-0000799,Generated dispatch item.
800,805,857,102,PMSM Motor 7.5 kW,No,60,7,102500.00,717500.00,FG-DISP-0000800,SN-DISP-0000800,Generated dispatch item.
801,806,3558,100,BLDC Motor 1.5 kW,No,53,4,23125.00,92500.00,FG-DISP-0000801,SN-DISP-0000801,Generated dispatch item.
802,807,859,101,PMSM Motor 3 kW,No,47,1,45625.00,45625.00,FG-DISP-0000802,SN-DISP-0000802,Generated dispatch item.
803,808,3560,102,PMSM Motor 7.5 kW,No,10,7,102500.00,717500.00,FG-DISP-0000803,SN-DISP-0000803,Generated dispatch item.
804,809,861,100,BLDC Motor 1.5 kW,No,34,5,23125.00,115625.00,FG-DISP-0000804,SN-DISP-0000804,Generated dispatch item.
805,810,3562,101,PMSM Motor 3 kW,No,30,5,45625.00,228125.00,FG-DISP-0000805,SN-DISP-0000805,Generated dispatch item.
806,811,863,102,PMSM Motor 7.5 kW,No,41,1,102500.00,102500.00,FG-DISP-0000806,SN-DISP-0000806,Generated dispatch item.
807,812,3564,100,BLDC Motor 1.5 kW,No,29,4,23125.00,92500.00,FG-DISP-0000807,SN-DISP-0000807,Generated dispatch item.
808,813,865,101,PMSM Motor 3 kW,No,15,4,45625.00,182500.00,FG-DISP-0000808,SN-DISP-0000808,Generated dispatch item.
809,814,3566,102,PMSM Motor 7.5 kW,No,17,6,102500.00,615000.00,FG-DISP-0000809,SN-DISP-0000809,Generated dispatch item.
810,815,867,100,BLDC Motor 1.5 kW,No,5,3,23125.00,69375.00,FG-DISP-0000810,SN-DISP-0000810,Generated dispatch item.
811,816,3568,101,PMSM Motor 3 kW,No,17,3,45625.00,136875.00,FG-DISP-0000811,SN-DISP-0000811,Generated dispatch item.
812,817,869,102,PMSM Motor 7.5 kW,No,19,5,102500.00,512500.00,FG-DISP-0000812,SN-DISP-0000812,Generated dispatch item.
813,818,3570,100,BLDC Motor 1.5 kW,No,9,1,23125.00,23125.00,FG-DISP-0000813,SN-DISP-0000813,Generated dispatch item.
814,819,871,101,PMSM Motor 3 kW,No,29,6,45625.00,273750.00,FG-DISP-0000814,SN-DISP-0000814,Generated dispatch item.
815,820,3572,102,PMSM Motor 7.5 kW,No,24,1,102500.00,102500.00,FG-DISP-0000815,SN-DISP-0000815,Generated dispatch item.
816,821,873,100,BLDC Motor 1.5 kW,No,17,2,23125.00,46250.00,FG-DISP-0000816,SN-DISP-0000816,Generated dispatch item.
817,822,3574,101,PMSM Motor 3 kW,No,25,4,45625.00,182500.00,FG-DISP-0000817,SN-DISP-0000817,Generated dispatch item.
818,823,875,102,PMSM Motor 7.5 kW,No,33,2,102500.00,205000.00,FG-DISP-0000818,SN-DISP-0000818,Generated dispatch item.
819,824,3576,100,BLDC Motor 1.5 kW,No,60,1,23125.00,23125.00,FG-DISP-0000819,SN-DISP-0000819,Generated dispatch item.
820,825,877,101,PMSM Motor 3 kW,No,41,3,45625.00,136875.00,FG-DISP-0000820,SN-DISP-0000820,Generated dispatch item.
821,826,3578,102,PMSM Motor 7.5 kW,No,24,5,102500.00,512500.00,FG-DISP-0000821,SN-DISP-0000821,Generated dispatch item.
822,827,879,100,BLDC Motor 1.5 kW,No,41,2,23125.00,46250.00,FG-DISP-0000822,SN-DISP-0000822,Generated dispatch item.
823,828,3580,101,PMSM Motor 3 kW,No,42,2,45625.00,91250.00,FG-DISP-0000823,SN-DISP-0000823,Generated dispatch item.
824,829,881,102,PMSM Motor 7.5 kW,No,55,5,102500.00,512500.00,FG-DISP-0000824,SN-DISP-0000824,Generated dispatch item.
825,830,3582,100,BLDC Motor 1.5 kW,No,51,7,23125.00,161875.00,FG-DISP-0000825,SN-DISP-0000825,Generated dispatch item.
826,831,883,101,PMSM Motor 3 kW,No,59,4,45625.00,182500.00,FG-DISP-0000826,SN-DISP-0000826,Generated dispatch item.
827,832,3584,102,PMSM Motor 7.5 kW,No,52,4,102500.00,410000.00,FG-DISP-0000827,SN-DISP-0000827,Generated dispatch item.
828,833,885,100,BLDC Motor 1.5 kW,No,54,6,23125.00,138750.00,FG-DISP-0000828,SN-DISP-0000828,Generated dispatch item.
829,834,3586,101,PMSM Motor 3 kW,No,53,1,45625.00,45625.00,FG-DISP-0000829,SN-DISP-0000829,Generated dispatch item.
830,835,887,102,PMSM Motor 7.5 kW,No,39,7,102500.00,717500.00,FG-DISP-0000830,SN-DISP-0000830,Generated dispatch item.
831,836,3588,100,BLDC Motor 1.5 kW,No,7,4,23125.00,92500.00,FG-DISP-0000831,SN-DISP-0000831,Generated dispatch item.
832,837,889,101,PMSM Motor 3 kW,No,16,3,45625.00,136875.00,FG-DISP-0000832,SN-DISP-0000832,Generated dispatch item.
833,838,3590,102,PMSM Motor 7.5 kW,No,53,5,102500.00,512500.00,FG-DISP-0000833,SN-DISP-0000833,Generated dispatch item.
834,839,891,100,BLDC Motor 1.5 kW,No,57,7,23125.00,161875.00,FG-DISP-0000834,SN-DISP-0000834,Generated dispatch item.
835,840,3592,101,PMSM Motor 3 kW,No,60,7,45625.00,319375.00,FG-DISP-0000835,SN-DISP-0000835,Generated dispatch item.
836,841,893,102,PMSM Motor 7.5 kW,No,14,6,102500.00,615000.00,FG-DISP-0000836,SN-DISP-0000836,Generated dispatch item.
837,842,3594,100,BLDC Motor 1.5 kW,No,19,4,23125.00,92500.00,FG-DISP-0000837,SN-DISP-0000837,Generated dispatch item.
838,843,895,101,PMSM Motor 3 kW,No,13,2,45625.00,91250.00,FG-DISP-0000838,SN-DISP-0000838,Generated dispatch item.
839,844,3596,102,PMSM Motor 7.5 kW,No,50,2,102500.00,205000.00,FG-DISP-0000839,SN-DISP-0000839,Generated dispatch item.
840,845,897,100,BLDC Motor 1.5 kW,No,22,6,23125.00,138750.00,FG-DISP-0000840,SN-DISP-0000840,Generated dispatch item.
841,846,3598,101,PMSM Motor 3 kW,No,35,1,45625.00,45625.00,FG-DISP-0000841,SN-DISP-0000841,Generated dispatch item.
842,847,899,102,PMSM Motor 7.5 kW,No,37,4,102500.00,410000.00,FG-DISP-0000842,SN-DISP-0000842,Generated dispatch item.
843,848,3600,100,BLDC Motor 1.5 kW,No,25,3,23125.00,69375.00,FG-DISP-0000843,SN-DISP-0000843,Generated dispatch item.
844,849,901,101,PMSM Motor 3 kW,No,43,5,45625.00,228125.00,FG-DISP-0000844,SN-DISP-0000844,Generated dispatch item.
845,850,3602,102,PMSM Motor 7.5 kW,No,42,3,102500.00,307500.00,FG-DISP-0000845,SN-DISP-0000845,Generated dispatch item.
846,851,903,100,BLDC Motor 1.5 kW,No,5,5,23125.00,115625.00,FG-DISP-0000846,SN-DISP-0000846,Generated dispatch item.
847,852,3604,101,PMSM Motor 3 kW,No,15,4,45625.00,182500.00,FG-DISP-0000847,SN-DISP-0000847,Generated dispatch item.
848,853,905,102,PMSM Motor 7.5 kW,No,48,7,102500.00,717500.00,FG-DISP-0000848,SN-DISP-0000848,Generated dispatch item.
849,854,3606,100,BLDC Motor 1.5 kW,No,13,2,23125.00,46250.00,FG-DISP-0000849,SN-DISP-0000849,Generated dispatch item.
850,855,907,101,PMSM Motor 3 kW,No,14,6,45625.00,273750.00,FG-DISP-0000850,SN-DISP-0000850,Generated dispatch item.
851,856,3608,102,PMSM Motor 7.5 kW,No,41,6,102500.00,615000.00,FG-DISP-0000851,SN-DISP-0000851,Generated dispatch item.
852,857,909,100,BLDC Motor 1.5 kW,No,21,6,23125.00,138750.00,FG-DISP-0000852,SN-DISP-0000852,Generated dispatch item.
853,858,3610,101,PMSM Motor 3 kW,No,19,4,45625.00,182500.00,FG-DISP-0000853,SN-DISP-0000853,Generated dispatch item.
854,859,911,102,PMSM Motor 7.5 kW,No,23,3,102500.00,307500.00,FG-DISP-0000854,SN-DISP-0000854,Generated dispatch item.
855,860,3612,100,BLDC Motor 1.5 kW,No,57,4,23125.00,92500.00,FG-DISP-0000855,SN-DISP-0000855,Generated dispatch item.
856,861,913,101,PMSM Motor 3 kW,No,23,7,45625.00,319375.00,FG-DISP-0000856,SN-DISP-0000856,Generated dispatch item.
857,862,3614,102,PMSM Motor 7.5 kW,No,57,2,102500.00,205000.00,FG-DISP-0000857,SN-DISP-0000857,Generated dispatch item.
858,863,915,100,BLDC Motor 1.5 kW,No,47,5,23125.00,115625.00,FG-DISP-0000858,SN-DISP-0000858,Generated dispatch item.
859,864,3616,101,PMSM Motor 3 kW,No,5,2,45625.00,91250.00,FG-DISP-0000859,SN-DISP-0000859,Generated dispatch item.
860,865,917,102,PMSM Motor 7.5 kW,No,7,6,102500.00,615000.00,FG-DISP-0000860,SN-DISP-0000860,Generated dispatch item.
861,866,3618,100,BLDC Motor 1.5 kW,No,10,3,23125.00,69375.00,FG-DISP-0000861,SN-DISP-0000861,Generated dispatch item.
862,867,919,101,PMSM Motor 3 kW,No,16,7,45625.00,319375.00,FG-DISP-0000862,SN-DISP-0000862,Generated dispatch item.
863,868,3620,102,PMSM Motor 7.5 kW,No,41,2,102500.00,205000.00,FG-DISP-0000863,SN-DISP-0000863,Generated dispatch item.
864,869,921,100,BLDC Motor 1.5 kW,No,6,1,23125.00,23125.00,FG-DISP-0000864,SN-DISP-0000864,Generated dispatch item.
865,870,3622,101,PMSM Motor 3 kW,No,27,7,45625.00,319375.00,FG-DISP-0000865,SN-DISP-0000865,Generated dispatch item.
866,871,923,102,PMSM Motor 7.5 kW,No,48,3,102500.00,307500.00,FG-DISP-0000866,SN-DISP-0000866,Generated dispatch item.
867,872,3624,100,BLDC Motor 1.5 kW,No,22,1,23125.00,23125.00,FG-DISP-0000867,SN-DISP-0000867,Generated dispatch item.
868,873,925,101,PMSM Motor 3 kW,No,60,6,45625.00,273750.00,FG-DISP-0000868,SN-DISP-0000868,Generated dispatch item.
869,874,3626,102,PMSM Motor 7.5 kW,No,38,3,102500.00,307500.00,FG-DISP-0000869,SN-DISP-0000869,Generated dispatch item.
870,875,927,100,BLDC Motor 1.5 kW,No,41,7,23125.00,161875.00,FG-DISP-0000870,SN-DISP-0000870,Generated dispatch item.
871,876,3628,101,PMSM Motor 3 kW,No,22,4,45625.00,182500.00,FG-DISP-0000871,SN-DISP-0000871,Generated dispatch item.
872,877,929,102,PMSM Motor 7.5 kW,No,38,6,102500.00,615000.00,FG-DISP-0000872,SN-DISP-0000872,Generated dispatch item.
873,878,3630,100,BLDC Motor 1.5 kW,No,53,5,23125.00,115625.00,FG-DISP-0000873,SN-DISP-0000873,Generated dispatch item.
874,879,931,101,PMSM Motor 3 kW,No,55,4,45625.00,182500.00,FG-DISP-0000874,SN-DISP-0000874,Generated dispatch item.
875,880,3632,102,PMSM Motor 7.5 kW,No,31,4,102500.00,410000.00,FG-DISP-0000875,SN-DISP-0000875,Generated dispatch item.
876,881,933,100,BLDC Motor 1.5 kW,No,19,2,23125.00,46250.00,FG-DISP-0000876,SN-DISP-0000876,Generated dispatch item.
877,882,3634,101,PMSM Motor 3 kW,No,59,6,45625.00,273750.00,FG-DISP-0000877,SN-DISP-0000877,Generated dispatch item.
878,883,935,102,PMSM Motor 7.5 kW,No,8,4,102500.00,410000.00,FG-DISP-0000878,SN-DISP-0000878,Generated dispatch item.
879,884,3636,100,BLDC Motor 1.5 kW,No,53,1,23125.00,23125.00,FG-DISP-0000879,SN-DISP-0000879,Generated dispatch item.
880,885,937,101,PMSM Motor 3 kW,No,33,3,45625.00,136875.00,FG-DISP-0000880,SN-DISP-0000880,Generated dispatch item.
881,886,3638,102,PMSM Motor 7.5 kW,No,37,3,102500.00,307500.00,FG-DISP-0000881,SN-DISP-0000881,Generated dispatch item.
882,887,939,100,BLDC Motor 1.5 kW,No,19,7,23125.00,161875.00,FG-DISP-0000882,SN-DISP-0000882,Generated dispatch item.
883,888,3640,101,PMSM Motor 3 kW,No,22,3,45625.00,136875.00,FG-DISP-0000883,SN-DISP-0000883,Generated dispatch item.
884,889,941,102,PMSM Motor 7.5 kW,No,30,4,102500.00,410000.00,FG-DISP-0000884,SN-DISP-0000884,Generated dispatch item.
885,890,3642,100,BLDC Motor 1.5 kW,No,36,1,23125.00,23125.00,FG-DISP-0000885,SN-DISP-0000885,Generated dispatch item.
886,891,943,101,PMSM Motor 3 kW,No,30,3,45625.00,136875.00,FG-DISP-0000886,SN-DISP-0000886,Generated dispatch item.
887,892,3644,102,PMSM Motor 7.5 kW,No,31,2,102500.00,205000.00,FG-DISP-0000887,SN-DISP-0000887,Generated dispatch item.
888,893,945,100,BLDC Motor 1.5 kW,No,22,4,23125.00,92500.00,FG-DISP-0000888,SN-DISP-0000888,Generated dispatch item.
889,894,3646,101,PMSM Motor 3 kW,No,32,7,45625.00,319375.00,FG-DISP-0000889,SN-DISP-0000889,Generated dispatch item.
890,895,947,102,PMSM Motor 7.5 kW,No,32,7,102500.00,717500.00,FG-DISP-0000890,SN-DISP-0000890,Generated dispatch item.
891,896,3648,100,BLDC Motor 1.5 kW,No,26,3,23125.00,69375.00,FG-DISP-0000891,SN-DISP-0000891,Generated dispatch item.
892,897,949,101,PMSM Motor 3 kW,No,26,5,45625.00,228125.00,FG-DISP-0000892,SN-DISP-0000892,Generated dispatch item.
893,898,3650,102,PMSM Motor 7.5 kW,No,51,7,102500.00,717500.00,FG-DISP-0000893,SN-DISP-0000893,Generated dispatch item.
894,899,951,100,BLDC Motor 1.5 kW,No,11,2,23125.00,46250.00,FG-DISP-0000894,SN-DISP-0000894,Generated dispatch item.
895,900,3652,101,PMSM Motor 3 kW,No,53,4,45625.00,182500.00,FG-DISP-0000895,SN-DISP-0000895,Generated dispatch item.
896,901,953,102,PMSM Motor 7.5 kW,No,53,4,102500.00,410000.00,FG-DISP-0000896,SN-DISP-0000896,Generated dispatch item.
897,902,3654,100,BLDC Motor 1.5 kW,No,10,1,23125.00,23125.00,FG-DISP-0000897,SN-DISP-0000897,Generated dispatch item.
898,903,955,101,PMSM Motor 3 kW,No,44,4,45625.00,182500.00,FG-DISP-0000898,SN-DISP-0000898,Generated dispatch item.
899,904,3656,102,PMSM Motor 7.5 kW,No,14,1,102500.00,102500.00,FG-DISP-0000899,SN-DISP-0000899,Generated dispatch item.
900,905,957,100,BLDC Motor 1.5 kW,No,7,3,23125.00,69375.00,FG-DISP-0000900,SN-DISP-0000900,Generated dispatch item.
901,906,3658,101,PMSM Motor 3 kW,No,30,1,45625.00,45625.00,FG-DISP-0000901,SN-DISP-0000901,Generated dispatch item.
902,907,959,102,PMSM Motor 7.5 kW,No,11,6,102500.00,615000.00,FG-DISP-0000902,SN-DISP-0000902,Generated dispatch item.
903,908,3660,100,BLDC Motor 1.5 kW,No,32,6,23125.00,138750.00,FG-DISP-0000903,SN-DISP-0000903,Generated dispatch item.
904,909,961,101,PMSM Motor 3 kW,No,10,2,45625.00,91250.00,FG-DISP-0000904,SN-DISP-0000904,Generated dispatch item.
905,910,3662,102,PMSM Motor 7.5 kW,No,47,1,102500.00,102500.00,FG-DISP-0000905,SN-DISP-0000905,Generated dispatch item.
906,911,963,100,BLDC Motor 1.5 kW,No,8,4,23125.00,92500.00,FG-DISP-0000906,SN-DISP-0000906,Generated dispatch item.
907,912,3664,101,PMSM Motor 3 kW,No,21,1,45625.00,45625.00,FG-DISP-0000907,SN-DISP-0000907,Generated dispatch item.
908,913,965,102,PMSM Motor 7.5 kW,No,8,4,102500.00,410000.00,FG-DISP-0000908,SN-DISP-0000908,Generated dispatch item.
909,914,3666,100,BLDC Motor 1.5 kW,No,53,4,23125.00,92500.00,FG-DISP-0000909,SN-DISP-0000909,Generated dispatch item.
910,915,967,101,PMSM Motor 3 kW,No,13,4,45625.00,182500.00,FG-DISP-0000910,SN-DISP-0000910,Generated dispatch item.
911,916,3668,102,PMSM Motor 7.5 kW,No,21,4,102500.00,410000.00,FG-DISP-0000911,SN-DISP-0000911,Generated dispatch item.
912,917,969,100,BLDC Motor 1.5 kW,No,52,4,23125.00,92500.00,FG-DISP-0000912,SN-DISP-0000912,Generated dispatch item.
913,918,3670,101,PMSM Motor 3 kW,No,18,2,45625.00,91250.00,FG-DISP-0000913,SN-DISP-0000913,Generated dispatch item.
914,919,971,102,PMSM Motor 7.5 kW,No,51,5,102500.00,512500.00,FG-DISP-0000914,SN-DISP-0000914,Generated dispatch item.
915,920,3672,100,BLDC Motor 1.5 kW,No,42,5,23125.00,115625.00,FG-DISP-0000915,SN-DISP-0000915,Generated dispatch item.
916,921,973,101,PMSM Motor 3 kW,No,48,2,45625.00,91250.00,FG-DISP-0000916,SN-DISP-0000916,Generated dispatch item.
917,922,3674,102,PMSM Motor 7.5 kW,No,56,4,102500.00,410000.00,FG-DISP-0000917,SN-DISP-0000917,Generated dispatch item.
918,923,975,100,BLDC Motor 1.5 kW,No,39,3,23125.00,69375.00,FG-DISP-0000918,SN-DISP-0000918,Generated dispatch item.
919,924,3676,101,PMSM Motor 3 kW,No,13,3,45625.00,136875.00,FG-DISP-0000919,SN-DISP-0000919,Generated dispatch item.
920,925,977,102,PMSM Motor 7.5 kW,No,45,6,102500.00,615000.00,FG-DISP-0000920,SN-DISP-0000920,Generated dispatch item.
921,926,3678,100,BLDC Motor 1.5 kW,No,43,5,23125.00,115625.00,FG-DISP-0000921,SN-DISP-0000921,Generated dispatch item.
922,927,979,101,PMSM Motor 3 kW,No,46,7,45625.00,319375.00,FG-DISP-0000922,SN-DISP-0000922,Generated dispatch item.
923,928,3680,102,PMSM Motor 7.5 kW,No,11,4,102500.00,410000.00,FG-DISP-0000923,SN-DISP-0000923,Generated dispatch item.
924,929,981,100,BLDC Motor 1.5 kW,No,54,1,23125.00,23125.00,FG-DISP-0000924,SN-DISP-0000924,Generated dispatch item.
925,930,3682,101,PMSM Motor 3 kW,No,33,5,45625.00,228125.00,FG-DISP-0000925,SN-DISP-0000925,Generated dispatch item.
926,931,983,102,PMSM Motor 7.5 kW,No,46,1,102500.00,102500.00,FG-DISP-0000926,SN-DISP-0000926,Generated dispatch item.
927,932,3684,100,BLDC Motor 1.5 kW,No,10,3,23125.00,69375.00,FG-DISP-0000927,SN-DISP-0000927,Generated dispatch item.
928,933,985,101,PMSM Motor 3 kW,No,46,7,45625.00,319375.00,FG-DISP-0000928,SN-DISP-0000928,Generated dispatch item.
929,934,3686,102,PMSM Motor 7.5 kW,No,38,7,102500.00,717500.00,FG-DISP-0000929,SN-DISP-0000929,Generated dispatch item.
930,935,987,100,BLDC Motor 1.5 kW,No,50,2,23125.00,46250.00,FG-DISP-0000930,SN-DISP-0000930,Generated dispatch item.
931,936,3688,101,PMSM Motor 3 kW,No,39,7,45625.00,319375.00,FG-DISP-0000931,SN-DISP-0000931,Generated dispatch item.
932,937,989,102,PMSM Motor 7.5 kW,No,36,7,102500.00,717500.00,FG-DISP-0000932,SN-DISP-0000932,Generated dispatch item.
933,938,3690,100,BLDC Motor 1.5 kW,No,49,7,23125.00,161875.00,FG-DISP-0000933,SN-DISP-0000933,Generated dispatch item.
934,939,991,101,PMSM Motor 3 kW,No,16,6,45625.00,273750.00,FG-DISP-0000934,SN-DISP-0000934,Generated dispatch item.
935,940,3692,102,PMSM Motor 7.5 kW,No,30,1,102500.00,102500.00,FG-DISP-0000935,SN-DISP-0000935,Generated dispatch item.
936,941,993,100,BLDC Motor 1.5 kW,No,9,1,23125.00,23125.00,FG-DISP-0000936,SN-DISP-0000936,Generated dispatch item.
937,942,3694,101,PMSM Motor 3 kW,No,28,5,45625.00,228125.00,FG-DISP-0000937,SN-DISP-0000937,Generated dispatch item.
938,943,995,102,PMSM Motor 7.5 kW,No,28,1,102500.00,102500.00,FG-DISP-0000938,SN-DISP-0000938,Generated dispatch item.
939,944,3696,100,BLDC Motor 1.5 kW,No,41,2,23125.00,46250.00,FG-DISP-0000939,SN-DISP-0000939,Generated dispatch item.
940,945,997,101,PMSM Motor 3 kW,No,10,7,45625.00,319375.00,FG-DISP-0000940,SN-DISP-0000940,Generated dispatch item.
941,946,3698,102,PMSM Motor 7.5 kW,No,60,7,102500.00,717500.00,FG-DISP-0000941,SN-DISP-0000941,Generated dispatch item.
942,947,999,100,BLDC Motor 1.5 kW,No,14,2,23125.00,46250.00,FG-DISP-0000942,SN-DISP-0000942,Generated dispatch item.
943,948,3700,101,PMSM Motor 3 kW,No,53,4,45625.00,182500.00,FG-DISP-0000943,SN-DISP-0000943,Generated dispatch item.
944,949,1001,102,PMSM Motor 7.5 kW,No,6,4,102500.00,410000.00,FG-DISP-0000944,SN-DISP-0000944,Generated dispatch item.
945,950,3702,100,BLDC Motor 1.5 kW,No,22,2,23125.00,46250.00,FG-DISP-0000945,SN-DISP-0000945,Generated dispatch item.
946,951,1003,101,PMSM Motor 3 kW,No,21,2,45625.00,91250.00,FG-DISP-0000946,SN-DISP-0000946,Generated dispatch item.
947,952,3704,102,PMSM Motor 7.5 kW,No,44,4,102500.00,410000.00,FG-DISP-0000947,SN-DISP-0000947,Generated dispatch item.
948,953,1005,100,BLDC Motor 1.5 kW,No,59,5,23125.00,115625.00,FG-DISP-0000948,SN-DISP-0000948,Generated dispatch item.
949,954,3706,101,PMSM Motor 3 kW,No,14,6,45625.00,273750.00,FG-DISP-0000949,SN-DISP-0000949,Generated dispatch item.
950,955,1007,102,PMSM Motor 7.5 kW,No,26,6,102500.00,615000.00,FG-DISP-0000950,SN-DISP-0000950,Generated dispatch item.
951,956,3708,100,BLDC Motor 1.5 kW,No,45,1,23125.00,23125.00,FG-DISP-0000951,SN-DISP-0000951,Generated dispatch item.
952,957,1009,101,PMSM Motor 3 kW,No,18,5,45625.00,228125.00,FG-DISP-0000952,SN-DISP-0000952,Generated dispatch item.
953,958,3710,102,PMSM Motor 7.5 kW,No,40,5,102500.00,512500.00,FG-DISP-0000953,SN-DISP-0000953,Generated dispatch item.
954,959,1011,100,BLDC Motor 1.5 kW,No,27,1,23125.00,23125.00,FG-DISP-0000954,SN-DISP-0000954,Generated dispatch item.
955,960,3712,101,PMSM Motor 3 kW,No,59,6,45625.00,273750.00,FG-DISP-0000955,SN-DISP-0000955,Generated dispatch item.
956,961,1013,102,PMSM Motor 7.5 kW,No,21,5,102500.00,512500.00,FG-DISP-0000956,SN-DISP-0000956,Generated dispatch item.
957,962,3714,100,BLDC Motor 1.5 kW,No,55,6,23125.00,138750.00,FG-DISP-0000957,SN-DISP-0000957,Generated dispatch item.
958,963,1015,101,PMSM Motor 3 kW,No,42,5,45625.00,228125.00,FG-DISP-0000958,SN-DISP-0000958,Generated dispatch item.
959,964,3716,102,PMSM Motor 7.5 kW,No,47,3,102500.00,307500.00,FG-DISP-0000959,SN-DISP-0000959,Generated dispatch item.
960,965,1017,100,BLDC Motor 1.5 kW,No,40,2,23125.00,46250.00,FG-DISP-0000960,SN-DISP-0000960,Generated dispatch item.
961,966,3718,101,PMSM Motor 3 kW,No,35,3,45625.00,136875.00,FG-DISP-0000961,SN-DISP-0000961,Generated dispatch item.
962,967,1019,102,PMSM Motor 7.5 kW,No,6,6,102500.00,615000.00,FG-DISP-0000962,SN-DISP-0000962,Generated dispatch item.
963,968,3720,100,BLDC Motor 1.5 kW,No,53,5,23125.00,115625.00,FG-DISP-0000963,SN-DISP-0000963,Generated dispatch item.
964,969,1021,101,PMSM Motor 3 kW,No,33,5,45625.00,228125.00,FG-DISP-0000964,SN-DISP-0000964,Generated dispatch item.
965,970,3722,102,PMSM Motor 7.5 kW,No,18,1,102500.00,102500.00,FG-DISP-0000965,SN-DISP-0000965,Generated dispatch item.
966,971,1023,100,BLDC Motor 1.5 kW,No,7,1,23125.00,23125.00,FG-DISP-0000966,SN-DISP-0000966,Generated dispatch item.
967,972,3724,101,PMSM Motor 3 kW,No,54,5,45625.00,228125.00,FG-DISP-0000967,SN-DISP-0000967,Generated dispatch item.
968,973,1025,102,PMSM Motor 7.5 kW,No,42,7,102500.00,717500.00,FG-DISP-0000968,SN-DISP-0000968,Generated dispatch item.
969,974,3726,100,BLDC Motor 1.5 kW,No,8,3,23125.00,69375.00,FG-DISP-0000969,SN-DISP-0000969,Generated dispatch item.
970,975,1027,101,PMSM Motor 3 kW,No,57,4,45625.00,182500.00,FG-DISP-0000970,SN-DISP-0000970,Generated dispatch item.
971,976,3728,102,PMSM Motor 7.5 kW,No,46,7,102500.00,717500.00,FG-DISP-0000971,SN-DISP-0000971,Generated dispatch item.
972,977,1029,100,BLDC Motor 1.5 kW,No,55,2,23125.00,46250.00,FG-DISP-0000972,SN-DISP-0000972,Generated dispatch item.
973,978,3730,101,PMSM Motor 3 kW,No,55,4,45625.00,182500.00,FG-DISP-0000973,SN-DISP-0000973,Generated dispatch item.
974,979,1031,102,PMSM Motor 7.5 kW,No,16,1,102500.00,102500.00,FG-DISP-0000974,SN-DISP-0000974,Generated dispatch item.
975,980,3732,100,BLDC Motor 1.5 kW,No,28,2,23125.00,46250.00,FG-DISP-0000975,SN-DISP-0000975,Generated dispatch item.
976,981,1033,101,PMSM Motor 3 kW,No,46,3,45625.00,136875.00,FG-DISP-0000976,SN-DISP-0000976,Generated dispatch item.
977,982,3734,102,PMSM Motor 7.5 kW,No,48,5,102500.00,512500.00,FG-DISP-0000977,SN-DISP-0000977,Generated dispatch item.
978,983,1035,100,BLDC Motor 1.5 kW,No,49,3,23125.00,69375.00,FG-DISP-0000978,SN-DISP-0000978,Generated dispatch item.
979,984,3736,101,PMSM Motor 3 kW,No,7,4,45625.00,182500.00,FG-DISP-0000979,SN-DISP-0000979,Generated dispatch item.
980,985,1037,102,PMSM Motor 7.5 kW,No,53,3,102500.00,307500.00,FG-DISP-0000980,SN-DISP-0000980,Generated dispatch item.
981,986,3738,100,BLDC Motor 1.5 kW,No,24,1,23125.00,23125.00,FG-DISP-0000981,SN-DISP-0000981,Generated dispatch item.
982,987,1039,101,PMSM Motor 3 kW,No,19,6,45625.00,273750.00,FG-DISP-0000982,SN-DISP-0000982,Generated dispatch item.
983,988,3740,102,PMSM Motor 7.5 kW,No,47,5,102500.00,512500.00,FG-DISP-0000983,SN-DISP-0000983,Generated dispatch item.
984,989,1041,100,BLDC Motor 1.5 kW,No,30,5,23125.00,115625.00,FG-DISP-0000984,SN-DISP-0000984,Generated dispatch item.
985,990,3742,101,PMSM Motor 3 kW,No,58,5,45625.00,228125.00,FG-DISP-0000985,SN-DISP-0000985,Generated dispatch item.
986,991,1043,102,PMSM Motor 7.5 kW,No,17,1,102500.00,102500.00,FG-DISP-0000986,SN-DISP-0000986,Generated dispatch item.
987,992,3744,100,BLDC Motor 1.5 kW,No,48,4,23125.00,92500.00,FG-DISP-0000987,SN-DISP-0000987,Generated dispatch item.
988,993,1045,101,PMSM Motor 3 kW,No,6,5,45625.00,228125.00,FG-DISP-0000988,SN-DISP-0000988,Generated dispatch item.
989,994,3746,102,PMSM Motor 7.5 kW,No,14,4,102500.00,410000.00,FG-DISP-0000989,SN-DISP-0000989,Generated dispatch item.
990,995,1047,100,BLDC Motor 1.5 kW,No,41,6,23125.00,138750.00,FG-DISP-0000990,SN-DISP-0000990,Generated dispatch item.
991,996,3748,101,PMSM Motor 3 kW,No,20,3,45625.00,136875.00,FG-DISP-0000991,SN-DISP-0000991,Generated dispatch item.
992,997,1049,102,PMSM Motor 7.5 kW,No,29,4,102500.00,410000.00,FG-DISP-0000992,SN-DISP-0000992,Generated dispatch item.
993,998,3750,100,BLDC Motor 1.5 kW,No,9,3,23125.00,69375.00,FG-DISP-0000993,SN-DISP-0000993,Generated dispatch item.
994,999,1051,101,PMSM Motor 3 kW,No,18,7,45625.00,319375.00,FG-DISP-0000994,SN-DISP-0000994,Generated dispatch item.
995,1000,3752,102,PMSM Motor 7.5 kW,No,50,2,102500.00,205000.00,FG-DISP-0000995,SN-DISP-0000995,Generated dispatch item.
996,1001,1053,100,BLDC Motor 1.5 kW,No,52,2,23125.00,46250.00,FG-DISP-0000996,SN-DISP-0000996,Generated dispatch item.
997,1002,3754,101,PMSM Motor 3 kW,No,48,5,45625.00,228125.00,FG-DISP-0000997,SN-DISP-0000997,Generated dispatch item.
998,1003,1055,102,PMSM Motor 7.5 kW,No,32,1,102500.00,102500.00,FG-DISP-0000998,SN-DISP-0000998,Generated dispatch item.
999,1004,3756,100,BLDC Motor 1.5 kW,No,36,4,23125.00,92500.00,FG-DISP-0000999,SN-DISP-0000999,Generated dispatch item.
1000,1005,1057,101,PMSM Motor 3 kW,No,60,1,45625.00,45625.00,FG-DISP-0001000,SN-DISP-0001000,Generated dispatch item.
1001,1006,3758,102,PMSM Motor 7.5 kW,No,29,4,102500.00,410000.00,FG-DISP-0001001,SN-DISP-0001001,Generated dispatch item.
1002,1007,1059,100,BLDC Motor 1.5 kW,No,49,3,23125.00,69375.00,FG-DISP-0001002,SN-DISP-0001002,Generated dispatch item.
1003,1008,3760,101,PMSM Motor 3 kW,No,13,2,45625.00,91250.00,FG-DISP-0001003,SN-DISP-0001003,Generated dispatch item.
1004,1009,1061,102,PMSM Motor 7.5 kW,No,53,4,102500.00,410000.00,FG-DISP-0001004,SN-DISP-0001004,Generated dispatch item.
1005,1010,3762,100,BLDC Motor 1.5 kW,No,52,3,23125.00,69375.00,FG-DISP-0001005,SN-DISP-0001005,Generated dispatch item.
1006,1011,1063,101,PMSM Motor 3 kW,No,48,1,45625.00,45625.00,FG-DISP-0001006,SN-DISP-0001006,Generated dispatch item.
1007,1012,3764,102,PMSM Motor 7.5 kW,No,21,4,102500.00,410000.00,FG-DISP-0001007,SN-DISP-0001007,Generated dispatch item.
1008,1013,1065,100,BLDC Motor 1.5 kW,No,10,4,23125.00,92500.00,FG-DISP-0001008,SN-DISP-0001008,Generated dispatch item.
1009,1014,3766,101,PMSM Motor 3 kW,No,39,5,45625.00,228125.00,FG-DISP-0001009,SN-DISP-0001009,Generated dispatch item.
1010,1015,1067,102,PMSM Motor 7.5 kW,No,8,7,102500.00,717500.00,FG-DISP-0001010,SN-DISP-0001010,Generated dispatch item.
1011,1016,3768,100,BLDC Motor 1.5 kW,No,51,5,23125.00,115625.00,FG-DISP-0001011,SN-DISP-0001011,Generated dispatch item.
1012,1017,1069,101,PMSM Motor 3 kW,No,56,6,45625.00,273750.00,FG-DISP-0001012,SN-DISP-0001012,Generated dispatch item.
1013,1018,3770,102,PMSM Motor 7.5 kW,No,47,5,102500.00,512500.00,FG-DISP-0001013,SN-DISP-0001013,Generated dispatch item.
1014,1019,1071,100,BLDC Motor 1.5 kW,No,12,5,23125.00,115625.00,FG-DISP-0001014,SN-DISP-0001014,Generated dispatch item.
1015,1020,3772,101,PMSM Motor 3 kW,No,26,6,45625.00,273750.00,FG-DISP-0001015,SN-DISP-0001015,Generated dispatch item.
1016,1021,1073,102,PMSM Motor 7.5 kW,No,26,5,102500.00,512500.00,FG-DISP-0001016,SN-DISP-0001016,Generated dispatch item.
1017,1022,3774,100,BLDC Motor 1.5 kW,No,28,4,23125.00,92500.00,FG-DISP-0001017,SN-DISP-0001017,Generated dispatch item.
1018,1023,1075,101,PMSM Motor 3 kW,No,39,6,45625.00,273750.00,FG-DISP-0001018,SN-DISP-0001018,Generated dispatch item.
1019,1024,3776,102,PMSM Motor 7.5 kW,No,54,7,102500.00,717500.00,FG-DISP-0001019,SN-DISP-0001019,Generated dispatch item.
1020,1025,1077,100,BLDC Motor 1.5 kW,No,16,4,23125.00,92500.00,FG-DISP-0001020,SN-DISP-0001020,Generated dispatch item.
1021,1026,3778,101,PMSM Motor 3 kW,No,39,2,45625.00,91250.00,FG-DISP-0001021,SN-DISP-0001021,Generated dispatch item.
1022,1027,1079,102,PMSM Motor 7.5 kW,No,17,3,102500.00,307500.00,FG-DISP-0001022,SN-DISP-0001022,Generated dispatch item.
1023,1028,3780,100,BLDC Motor 1.5 kW,No,13,1,23125.00,23125.00,FG-DISP-0001023,SN-DISP-0001023,Generated dispatch item.
1024,1029,1081,101,PMSM Motor 3 kW,No,31,3,45625.00,136875.00,FG-DISP-0001024,SN-DISP-0001024,Generated dispatch item.
1025,1030,3782,102,PMSM Motor 7.5 kW,No,41,7,102500.00,717500.00,FG-DISP-0001025,SN-DISP-0001025,Generated dispatch item.
1026,1031,1083,100,BLDC Motor 1.5 kW,No,25,1,23125.00,23125.00,FG-DISP-0001026,SN-DISP-0001026,Generated dispatch item.
1027,1032,3784,101,PMSM Motor 3 kW,No,41,7,45625.00,319375.00,FG-DISP-0001027,SN-DISP-0001027,Generated dispatch item.
1028,1033,1085,102,PMSM Motor 7.5 kW,No,42,4,102500.00,410000.00,FG-DISP-0001028,SN-DISP-0001028,Generated dispatch item.
1029,1034,3786,100,BLDC Motor 1.5 kW,No,23,3,23125.00,69375.00,FG-DISP-0001029,SN-DISP-0001029,Generated dispatch item.
1030,1035,1087,101,PMSM Motor 3 kW,No,9,4,45625.00,182500.00,FG-DISP-0001030,SN-DISP-0001030,Generated dispatch item.
1031,1036,3788,102,PMSM Motor 7.5 kW,No,33,7,102500.00,717500.00,FG-DISP-0001031,SN-DISP-0001031,Generated dispatch item.
1032,1037,1089,100,BLDC Motor 1.5 kW,No,32,1,23125.00,23125.00,FG-DISP-0001032,SN-DISP-0001032,Generated dispatch item.
1033,1038,3790,101,PMSM Motor 3 kW,No,8,4,45625.00,182500.00,FG-DISP-0001033,SN-DISP-0001033,Generated dispatch item.
1034,1039,1091,102,PMSM Motor 7.5 kW,No,14,2,102500.00,205000.00,FG-DISP-0001034,SN-DISP-0001034,Generated dispatch item.
1035,1040,3792,100,BLDC Motor 1.5 kW,No,57,4,23125.00,92500.00,FG-DISP-0001035,SN-DISP-0001035,Generated dispatch item.
1036,1041,1093,101,PMSM Motor 3 kW,No,38,6,45625.00,273750.00,FG-DISP-0001036,SN-DISP-0001036,Generated dispatch item.
1037,1042,3794,102,PMSM Motor 7.5 kW,No,36,7,102500.00,717500.00,FG-DISP-0001037,SN-DISP-0001037,Generated dispatch item.
1038,1043,1095,100,BLDC Motor 1.5 kW,No,11,2,23125.00,46250.00,FG-DISP-0001038,SN-DISP-0001038,Generated dispatch item.
1039,1044,3796,101,PMSM Motor 3 kW,No,8,5,45625.00,228125.00,FG-DISP-0001039,SN-DISP-0001039,Generated dispatch item.
1040,1045,1097,102,PMSM Motor 7.5 kW,No,16,3,102500.00,307500.00,FG-DISP-0001040,SN-DISP-0001040,Generated dispatch item.
1041,1046,3798,100,BLDC Motor 1.5 kW,No,55,4,23125.00,92500.00,FG-DISP-0001041,SN-DISP-0001041,Generated dispatch item.
1042,1047,1099,101,PMSM Motor 3 kW,No,50,2,45625.00,91250.00,FG-DISP-0001042,SN-DISP-0001042,Generated dispatch item.
1043,1048,3800,102,PMSM Motor 7.5 kW,No,54,6,102500.00,615000.00,FG-DISP-0001043,SN-DISP-0001043,Generated dispatch item.
1044,1049,1101,100,BLDC Motor 1.5 kW,No,18,2,23125.00,46250.00,FG-DISP-0001044,SN-DISP-0001044,Generated dispatch item.
1045,1050,3802,101,PMSM Motor 3 kW,No,12,1,45625.00,45625.00,FG-DISP-0001045,SN-DISP-0001045,Generated dispatch item.
1046,1051,1103,102,PMSM Motor 7.5 kW,No,46,6,102500.00,615000.00,FG-DISP-0001046,SN-DISP-0001046,Generated dispatch item.
1047,1052,3804,100,BLDC Motor 1.5 kW,No,25,3,23125.00,69375.00,FG-DISP-0001047,SN-DISP-0001047,Generated dispatch item.
1048,1053,1105,101,PMSM Motor 3 kW,No,20,1,45625.00,45625.00,FG-DISP-0001048,SN-DISP-0001048,Generated dispatch item.
1049,1054,3806,102,PMSM Motor 7.5 kW,No,42,5,102500.00,512500.00,FG-DISP-0001049,SN-DISP-0001049,Generated dispatch item.
1050,1055,1107,100,BLDC Motor 1.5 kW,No,18,2,23125.00,46250.00,FG-DISP-0001050,SN-DISP-0001050,Generated dispatch item.
1051,1056,3808,101,PMSM Motor 3 kW,No,55,7,45625.00,319375.00,FG-DISP-0001051,SN-DISP-0001051,Generated dispatch item.
1052,1057,1109,102,PMSM Motor 7.5 kW,No,21,7,102500.00,717500.00,FG-DISP-0001052,SN-DISP-0001052,Generated dispatch item.
1053,1058,3810,100,BLDC Motor 1.5 kW,No,48,4,23125.00,92500.00,FG-DISP-0001053,SN-DISP-0001053,Generated dispatch item.
1054,1059,1111,101,PMSM Motor 3 kW,No,54,4,45625.00,182500.00,FG-DISP-0001054,SN-DISP-0001054,Generated dispatch item.
1055,1060,3812,102,PMSM Motor 7.5 kW,No,58,4,102500.00,410000.00,FG-DISP-0001055,SN-DISP-0001055,Generated dispatch item.
1056,1061,1113,100,BLDC Motor 1.5 kW,No,27,5,23125.00,115625.00,FG-DISP-0001056,SN-DISP-0001056,Generated dispatch item.
1057,1062,3814,101,PMSM Motor 3 kW,No,46,7,45625.00,319375.00,FG-DISP-0001057,SN-DISP-0001057,Generated dispatch item.
1058,1063,1115,102,PMSM Motor 7.5 kW,No,18,5,102500.00,512500.00,FG-DISP-0001058,SN-DISP-0001058,Generated dispatch item.
1059,1064,3816,100,BLDC Motor 1.5 kW,No,48,1,23125.00,23125.00,FG-DISP-0001059,SN-DISP-0001059,Generated dispatch item.
1060,1065,1117,101,PMSM Motor 3 kW,No,35,2,45625.00,91250.00,FG-DISP-0001060,SN-DISP-0001060,Generated dispatch item.
1061,1066,3818,102,PMSM Motor 7.5 kW,No,44,5,102500.00,512500.00,FG-DISP-0001061,SN-DISP-0001061,Generated dispatch item.
1062,1067,1119,100,BLDC Motor 1.5 kW,No,26,3,23125.00,69375.00,FG-DISP-0001062,SN-DISP-0001062,Generated dispatch item.
1063,1068,3820,101,PMSM Motor 3 kW,No,57,4,45625.00,182500.00,FG-DISP-0001063,SN-DISP-0001063,Generated dispatch item.
1064,1069,1121,102,PMSM Motor 7.5 kW,No,49,3,102500.00,307500.00,FG-DISP-0001064,SN-DISP-0001064,Generated dispatch item.
1065,1070,3822,100,BLDC Motor 1.5 kW,No,30,5,23125.00,115625.00,FG-DISP-0001065,SN-DISP-0001065,Generated dispatch item.
1066,1071,1123,101,PMSM Motor 3 kW,No,60,2,45625.00,91250.00,FG-DISP-0001066,SN-DISP-0001066,Generated dispatch item.
1067,1072,3824,102,PMSM Motor 7.5 kW,No,5,1,102500.00,102500.00,FG-DISP-0001067,SN-DISP-0001067,Generated dispatch item.
1068,1073,1125,100,BLDC Motor 1.5 kW,No,34,2,23125.00,46250.00,FG-DISP-0001068,SN-DISP-0001068,Generated dispatch item.
1069,1074,3826,101,PMSM Motor 3 kW,No,49,5,45625.00,228125.00,FG-DISP-0001069,SN-DISP-0001069,Generated dispatch item.
1070,1075,1127,102,PMSM Motor 7.5 kW,No,30,5,102500.00,512500.00,FG-DISP-0001070,SN-DISP-0001070,Generated dispatch item.
1071,1076,3828,100,BLDC Motor 1.5 kW,No,60,6,23125.00,138750.00,FG-DISP-0001071,SN-DISP-0001071,Generated dispatch item.
1072,1077,1129,101,PMSM Motor 3 kW,No,24,1,45625.00,45625.00,FG-DISP-0001072,SN-DISP-0001072,Generated dispatch item.
1073,1078,3830,102,PMSM Motor 7.5 kW,No,19,1,102500.00,102500.00,FG-DISP-0001073,SN-DISP-0001073,Generated dispatch item.
1074,1079,1131,100,BLDC Motor 1.5 kW,No,59,1,23125.00,23125.00,FG-DISP-0001074,SN-DISP-0001074,Generated dispatch item.
1075,1080,3832,101,PMSM Motor 3 kW,No,25,4,45625.00,182500.00,FG-DISP-0001075,SN-DISP-0001075,Generated dispatch item.
1076,1081,1133,102,PMSM Motor 7.5 kW,No,32,5,102500.00,512500.00,FG-DISP-0001076,SN-DISP-0001076,Generated dispatch item.
1077,1082,3834,100,BLDC Motor 1.5 kW,No,20,2,23125.00,46250.00,FG-DISP-0001077,SN-DISP-0001077,Generated dispatch item.
1078,1083,1135,101,PMSM Motor 3 kW,No,14,4,45625.00,182500.00,FG-DISP-0001078,SN-DISP-0001078,Generated dispatch item.
1079,1084,3836,102,PMSM Motor 7.5 kW,No,53,1,102500.00,102500.00,FG-DISP-0001079,SN-DISP-0001079,Generated dispatch item.
1080,1085,1137,100,BLDC Motor 1.5 kW,No,59,5,23125.00,115625.00,FG-DISP-0001080,SN-DISP-0001080,Generated dispatch item.
1081,1086,3838,101,PMSM Motor 3 kW,No,52,4,45625.00,182500.00,FG-DISP-0001081,SN-DISP-0001081,Generated dispatch item.
1082,1087,1139,102,PMSM Motor 7.5 kW,No,58,1,102500.00,102500.00,FG-DISP-0001082,SN-DISP-0001082,Generated dispatch item.
1083,1088,3840,100,BLDC Motor 1.5 kW,No,52,1,23125.00,23125.00,FG-DISP-0001083,SN-DISP-0001083,Generated dispatch item.
1084,1089,1141,101,PMSM Motor 3 kW,No,29,5,45625.00,228125.00,FG-DISP-0001084,SN-DISP-0001084,Generated dispatch item.
1085,1090,3842,102,PMSM Motor 7.5 kW,No,43,7,102500.00,717500.00,FG-DISP-0001085,SN-DISP-0001085,Generated dispatch item.
1086,1091,1143,100,BLDC Motor 1.5 kW,No,24,6,23125.00,138750.00,FG-DISP-0001086,SN-DISP-0001086,Generated dispatch item.
1087,1092,3844,101,PMSM Motor 3 kW,No,46,4,45625.00,182500.00,FG-DISP-0001087,SN-DISP-0001087,Generated dispatch item.
1088,1093,1145,102,PMSM Motor 7.5 kW,No,43,4,102500.00,410000.00,FG-DISP-0001088,SN-DISP-0001088,Generated dispatch item.
1089,1094,3846,100,BLDC Motor 1.5 kW,No,33,6,23125.00,138750.00,FG-DISP-0001089,SN-DISP-0001089,Generated dispatch item.
1090,1095,1147,101,PMSM Motor 3 kW,No,51,6,45625.00,273750.00,FG-DISP-0001090,SN-DISP-0001090,Generated dispatch item.
1091,1096,3848,102,PMSM Motor 7.5 kW,No,10,7,102500.00,717500.00,FG-DISP-0001091,SN-DISP-0001091,Generated dispatch item.
1092,1097,1149,100,BLDC Motor 1.5 kW,No,32,3,23125.00,69375.00,FG-DISP-0001092,SN-DISP-0001092,Generated dispatch item.
1093,1098,3850,101,PMSM Motor 3 kW,No,31,4,45625.00,182500.00,FG-DISP-0001093,SN-DISP-0001093,Generated dispatch item.
1094,1099,1151,102,PMSM Motor 7.5 kW,No,23,1,102500.00,102500.00,FG-DISP-0001094,SN-DISP-0001094,Generated dispatch item.
1095,1100,3852,100,BLDC Motor 1.5 kW,No,6,2,23125.00,46250.00,FG-DISP-0001095,SN-DISP-0001095,Generated dispatch item.
1096,1101,1153,101,PMSM Motor 3 kW,No,21,3,45625.00,136875.00,FG-DISP-0001096,SN-DISP-0001096,Generated dispatch item.
1097,1102,3854,102,PMSM Motor 7.5 kW,No,8,6,102500.00,615000.00,FG-DISP-0001097,SN-DISP-0001097,Generated dispatch item.
1098,1103,1155,100,BLDC Motor 1.5 kW,No,23,4,23125.00,92500.00,FG-DISP-0001098,SN-DISP-0001098,Generated dispatch item.
1099,1104,3856,101,PMSM Motor 3 kW,No,28,5,45625.00,228125.00,FG-DISP-0001099,SN-DISP-0001099,Generated dispatch item.
1100,1105,1157,102,PMSM Motor 7.5 kW,No,11,7,102500.00,717500.00,FG-DISP-0001100,SN-DISP-0001100,Generated dispatch item.
1101,1106,3858,100,BLDC Motor 1.5 kW,No,7,4,23125.00,92500.00,FG-DISP-0001101,SN-DISP-0001101,Generated dispatch item.
1102,1107,1159,101,PMSM Motor 3 kW,No,48,3,45625.00,136875.00,FG-DISP-0001102,SN-DISP-0001102,Generated dispatch item.
1103,1108,3860,102,PMSM Motor 7.5 kW,No,12,6,102500.00,615000.00,FG-DISP-0001103,SN-DISP-0001103,Generated dispatch item.
1104,1109,1161,100,BLDC Motor 1.5 kW,No,10,3,23125.00,69375.00,FG-DISP-0001104,SN-DISP-0001104,Generated dispatch item.
1105,1110,3862,101,PMSM Motor 3 kW,No,36,3,45625.00,136875.00,FG-DISP-0001105,SN-DISP-0001105,Generated dispatch item.
1106,1111,1163,102,PMSM Motor 7.5 kW,No,27,7,102500.00,717500.00,FG-DISP-0001106,SN-DISP-0001106,Generated dispatch item.
1107,1112,3864,100,BLDC Motor 1.5 kW,No,59,4,23125.00,92500.00,FG-DISP-0001107,SN-DISP-0001107,Generated dispatch item.
1108,1113,1165,101,PMSM Motor 3 kW,No,51,2,45625.00,91250.00,FG-DISP-0001108,SN-DISP-0001108,Generated dispatch item.
1109,1114,3866,102,PMSM Motor 7.5 kW,No,30,6,102500.00,615000.00,FG-DISP-0001109,SN-DISP-0001109,Generated dispatch item.
1110,1115,1167,100,BLDC Motor 1.5 kW,No,27,5,23125.00,115625.00,FG-DISP-0001110,SN-DISP-0001110,Generated dispatch item.
1111,1116,3868,101,PMSM Motor 3 kW,No,42,6,45625.00,273750.00,FG-DISP-0001111,SN-DISP-0001111,Generated dispatch item.
1112,1117,1169,102,PMSM Motor 7.5 kW,No,21,3,102500.00,307500.00,FG-DISP-0001112,SN-DISP-0001112,Generated dispatch item.
1113,1118,3870,100,BLDC Motor 1.5 kW,No,49,6,23125.00,138750.00,FG-DISP-0001113,SN-DISP-0001113,Generated dispatch item.
1114,1119,1171,101,PMSM Motor 3 kW,No,58,7,45625.00,319375.00,FG-DISP-0001114,SN-DISP-0001114,Generated dispatch item.
1115,1120,3872,102,PMSM Motor 7.5 kW,No,30,2,102500.00,205000.00,FG-DISP-0001115,SN-DISP-0001115,Generated dispatch item.
1116,1121,1173,100,BLDC Motor 1.5 kW,No,12,2,23125.00,46250.00,FG-DISP-0001116,SN-DISP-0001116,Generated dispatch item.
1117,1122,3874,101,PMSM Motor 3 kW,No,14,4,45625.00,182500.00,FG-DISP-0001117,SN-DISP-0001117,Generated dispatch item.
1118,1123,1175,102,PMSM Motor 7.5 kW,No,54,6,102500.00,615000.00,FG-DISP-0001118,SN-DISP-0001118,Generated dispatch item.
1119,1124,3876,100,BLDC Motor 1.5 kW,No,60,1,23125.00,23125.00,FG-DISP-0001119,SN-DISP-0001119,Generated dispatch item.
1120,1125,1177,101,PMSM Motor 3 kW,No,8,4,45625.00,182500.00,FG-DISP-0001120,SN-DISP-0001120,Generated dispatch item.
1121,1126,3878,102,PMSM Motor 7.5 kW,No,24,1,102500.00,102500.00,FG-DISP-0001121,SN-DISP-0001121,Generated dispatch item.
1122,1127,1179,100,BLDC Motor 1.5 kW,No,28,7,23125.00,161875.00,FG-DISP-0001122,SN-DISP-0001122,Generated dispatch item.
1123,1128,3880,101,PMSM Motor 3 kW,No,7,6,45625.00,273750.00,FG-DISP-0001123,SN-DISP-0001123,Generated dispatch item.
1124,1129,1181,102,PMSM Motor 7.5 kW,No,40,7,102500.00,717500.00,FG-DISP-0001124,SN-DISP-0001124,Generated dispatch item.
1125,1130,3882,100,BLDC Motor 1.5 kW,No,40,2,23125.00,46250.00,FG-DISP-0001125,SN-DISP-0001125,Generated dispatch item.
1126,1131,1183,101,PMSM Motor 3 kW,No,25,6,45625.00,273750.00,FG-DISP-0001126,SN-DISP-0001126,Generated dispatch item.
1127,1132,3884,102,PMSM Motor 7.5 kW,No,15,3,102500.00,307500.00,FG-DISP-0001127,SN-DISP-0001127,Generated dispatch item.
1128,1133,1185,100,BLDC Motor 1.5 kW,No,34,1,23125.00,23125.00,FG-DISP-0001128,SN-DISP-0001128,Generated dispatch item.
1129,1134,3886,101,PMSM Motor 3 kW,No,43,4,45625.00,182500.00,FG-DISP-0001129,SN-DISP-0001129,Generated dispatch item.
1130,1135,1187,102,PMSM Motor 7.5 kW,No,16,4,102500.00,410000.00,FG-DISP-0001130,SN-DISP-0001130,Generated dispatch item.
1131,1136,3888,100,BLDC Motor 1.5 kW,No,23,4,23125.00,92500.00,FG-DISP-0001131,SN-DISP-0001131,Generated dispatch item.
1132,1137,1189,101,PMSM Motor 3 kW,No,36,6,45625.00,273750.00,FG-DISP-0001132,SN-DISP-0001132,Generated dispatch item.
1133,1138,3890,102,PMSM Motor 7.5 kW,No,52,2,102500.00,205000.00,FG-DISP-0001133,SN-DISP-0001133,Generated dispatch item.
1134,1139,1191,100,BLDC Motor 1.5 kW,No,12,5,23125.00,115625.00,FG-DISP-0001134,SN-DISP-0001134,Generated dispatch item.
1135,1140,3892,101,PMSM Motor 3 kW,No,19,2,45625.00,91250.00,FG-DISP-0001135,SN-DISP-0001135,Generated dispatch item.
1136,1141,1193,102,PMSM Motor 7.5 kW,No,49,7,102500.00,717500.00,FG-DISP-0001136,SN-DISP-0001136,Generated dispatch item.
1137,1142,3894,100,BLDC Motor 1.5 kW,No,49,4,23125.00,92500.00,FG-DISP-0001137,SN-DISP-0001137,Generated dispatch item.
1138,1143,1195,101,PMSM Motor 3 kW,No,37,6,45625.00,273750.00,FG-DISP-0001138,SN-DISP-0001138,Generated dispatch item.
1139,1144,3896,102,PMSM Motor 7.5 kW,No,24,2,102500.00,205000.00,FG-DISP-0001139,SN-DISP-0001139,Generated dispatch item.
1140,1145,1197,100,BLDC Motor 1.5 kW,No,31,3,23125.00,69375.00,FG-DISP-0001140,SN-DISP-0001140,Generated dispatch item.
1141,1146,3898,101,PMSM Motor 3 kW,No,50,7,45625.00,319375.00,FG-DISP-0001141,SN-DISP-0001141,Generated dispatch item.
1142,1147,1199,102,PMSM Motor 7.5 kW,No,8,2,102500.00,205000.00,FG-DISP-0001142,SN-DISP-0001142,Generated dispatch item.
1143,1148,3900,100,BLDC Motor 1.5 kW,No,31,4,23125.00,92500.00,FG-DISP-0001143,SN-DISP-0001143,Generated dispatch item.
1144,1149,1201,101,PMSM Motor 3 kW,No,32,3,45625.00,136875.00,FG-DISP-0001144,SN-DISP-0001144,Generated dispatch item.
1145,1150,3902,102,PMSM Motor 7.5 kW,No,39,3,102500.00,307500.00,FG-DISP-0001145,SN-DISP-0001145,Generated dispatch item.
1146,1151,1203,100,BLDC Motor 1.5 kW,No,36,5,23125.00,115625.00,FG-DISP-0001146,SN-DISP-0001146,Generated dispatch item.
1147,1152,3904,101,PMSM Motor 3 kW,No,37,6,45625.00,273750.00,FG-DISP-0001147,SN-DISP-0001147,Generated dispatch item.
1148,1153,1205,102,PMSM Motor 7.5 kW,No,19,4,102500.00,410000.00,FG-DISP-0001148,SN-DISP-0001148,Generated dispatch item.
1149,1154,3906,100,BLDC Motor 1.5 kW,No,15,5,23125.00,115625.00,FG-DISP-0001149,SN-DISP-0001149,Generated dispatch item.
1150,1155,1207,101,PMSM Motor 3 kW,No,42,1,45625.00,45625.00,FG-DISP-0001150,SN-DISP-0001150,Generated dispatch item.
1151,1156,3908,102,PMSM Motor 7.5 kW,No,28,2,102500.00,205000.00,FG-DISP-0001151,SN-DISP-0001151,Generated dispatch item.
1152,1157,1209,100,BLDC Motor 1.5 kW,No,9,6,23125.00,138750.00,FG-DISP-0001152,SN-DISP-0001152,Generated dispatch item.
1153,1158,3910,101,PMSM Motor 3 kW,No,34,5,45625.00,228125.00,FG-DISP-0001153,SN-DISP-0001153,Generated dispatch item.
1154,1159,1211,102,PMSM Motor 7.5 kW,No,16,1,102500.00,102500.00,FG-DISP-0001154,SN-DISP-0001154,Generated dispatch item.
1155,1160,3912,100,BLDC Motor 1.5 kW,No,11,7,23125.00,161875.00,FG-DISP-0001155,SN-DISP-0001155,Generated dispatch item.
1156,1161,1213,101,PMSM Motor 3 kW,No,46,3,45625.00,136875.00,FG-DISP-0001156,SN-DISP-0001156,Generated dispatch item.
1157,1162,3914,102,PMSM Motor 7.5 kW,No,19,3,102500.00,307500.00,FG-DISP-0001157,SN-DISP-0001157,Generated dispatch item.
1158,1163,1215,100,BLDC Motor 1.5 kW,No,13,4,23125.00,92500.00,FG-DISP-0001158,SN-DISP-0001158,Generated dispatch item.
1159,1164,3916,101,PMSM Motor 3 kW,No,16,3,45625.00,136875.00,FG-DISP-0001159,SN-DISP-0001159,Generated dispatch item.
1160,1165,1217,102,PMSM Motor 7.5 kW,No,18,4,102500.00,410000.00,FG-DISP-0001160,SN-DISP-0001160,Generated dispatch item.
1161,1166,3918,100,BLDC Motor 1.5 kW,No,51,2,23125.00,46250.00,FG-DISP-0001161,SN-DISP-0001161,Generated dispatch item.
1162,1167,1219,101,PMSM Motor 3 kW,No,41,1,45625.00,45625.00,FG-DISP-0001162,SN-DISP-0001162,Generated dispatch item.
1163,1168,3920,102,PMSM Motor 7.5 kW,No,32,7,102500.00,717500.00,FG-DISP-0001163,SN-DISP-0001163,Generated dispatch item.
1164,1169,1221,100,BLDC Motor 1.5 kW,No,45,6,23125.00,138750.00,FG-DISP-0001164,SN-DISP-0001164,Generated dispatch item.
1165,1170,3922,101,PMSM Motor 3 kW,No,36,3,45625.00,136875.00,FG-DISP-0001165,SN-DISP-0001165,Generated dispatch item.
1166,1171,1223,102,PMSM Motor 7.5 kW,No,7,6,102500.00,615000.00,FG-DISP-0001166,SN-DISP-0001166,Generated dispatch item.
1167,1172,3924,100,BLDC Motor 1.5 kW,No,26,6,23125.00,138750.00,FG-DISP-0001167,SN-DISP-0001167,Generated dispatch item.
1168,1173,1225,101,PMSM Motor 3 kW,No,12,5,45625.00,228125.00,FG-DISP-0001168,SN-DISP-0001168,Generated dispatch item.
1169,1174,3926,102,PMSM Motor 7.5 kW,No,18,6,102500.00,615000.00,FG-DISP-0001169,SN-DISP-0001169,Generated dispatch item.
1170,1175,1227,100,BLDC Motor 1.5 kW,No,29,7,23125.00,161875.00,FG-DISP-0001170,SN-DISP-0001170,Generated dispatch item.
1171,1176,3928,101,PMSM Motor 3 kW,No,25,6,45625.00,273750.00,FG-DISP-0001171,SN-DISP-0001171,Generated dispatch item.
1172,1177,1229,102,PMSM Motor 7.5 kW,No,38,2,102500.00,205000.00,FG-DISP-0001172,SN-DISP-0001172,Generated dispatch item.
1173,1178,3930,100,BLDC Motor 1.5 kW,No,50,6,23125.00,138750.00,FG-DISP-0001173,SN-DISP-0001173,Generated dispatch item.
1174,1179,1231,101,PMSM Motor 3 kW,No,30,2,45625.00,91250.00,FG-DISP-0001174,SN-DISP-0001174,Generated dispatch item.
1175,1180,3932,102,PMSM Motor 7.5 kW,No,9,4,102500.00,410000.00,FG-DISP-0001175,SN-DISP-0001175,Generated dispatch item.
1176,1181,1233,100,BLDC Motor 1.5 kW,No,41,1,23125.00,23125.00,FG-DISP-0001176,SN-DISP-0001176,Generated dispatch item.
1177,1182,3934,101,PMSM Motor 3 kW,No,26,2,45625.00,91250.00,FG-DISP-0001177,SN-DISP-0001177,Generated dispatch item.
1178,1183,1235,102,PMSM Motor 7.5 kW,No,47,6,102500.00,615000.00,FG-DISP-0001178,SN-DISP-0001178,Generated dispatch item.
1179,1184,3936,100,BLDC Motor 1.5 kW,No,8,3,23125.00,69375.00,FG-DISP-0001179,SN-DISP-0001179,Generated dispatch item.
1180,1185,1237,101,PMSM Motor 3 kW,No,58,2,45625.00,91250.00,FG-DISP-0001180,SN-DISP-0001180,Generated dispatch item.
1181,1186,3938,102,PMSM Motor 7.5 kW,No,55,7,102500.00,717500.00,FG-DISP-0001181,SN-DISP-0001181,Generated dispatch item.
1182,1187,1239,100,BLDC Motor 1.5 kW,No,24,7,23125.00,161875.00,FG-DISP-0001182,SN-DISP-0001182,Generated dispatch item.
1183,1188,3940,101,PMSM Motor 3 kW,No,48,2,45625.00,91250.00,FG-DISP-0001183,SN-DISP-0001183,Generated dispatch item.
1184,1189,1241,102,PMSM Motor 7.5 kW,No,14,5,102500.00,512500.00,FG-DISP-0001184,SN-DISP-0001184,Generated dispatch item.
1185,1190,3942,100,BLDC Motor 1.5 kW,No,41,3,23125.00,69375.00,FG-DISP-0001185,SN-DISP-0001185,Generated dispatch item.
1186,1191,1243,101,PMSM Motor 3 kW,No,19,6,45625.00,273750.00,FG-DISP-0001186,SN-DISP-0001186,Generated dispatch item.
1187,1192,3944,102,PMSM Motor 7.5 kW,No,10,5,102500.00,512500.00,FG-DISP-0001187,SN-DISP-0001187,Generated dispatch item.
1188,1193,1245,100,BLDC Motor 1.5 kW,No,13,4,23125.00,92500.00,FG-DISP-0001188,SN-DISP-0001188,Generated dispatch item.
1189,1194,3946,101,PMSM Motor 3 kW,No,28,7,45625.00,319375.00,FG-DISP-0001189,SN-DISP-0001189,Generated dispatch item.
1190,1195,1247,102,PMSM Motor 7.5 kW,No,27,6,102500.00,615000.00,FG-DISP-0001190,SN-DISP-0001190,Generated dispatch item.
1191,1196,3948,100,BLDC Motor 1.5 kW,No,38,2,23125.00,46250.00,FG-DISP-0001191,SN-DISP-0001191,Generated dispatch item.
1192,1197,1249,101,PMSM Motor 3 kW,No,53,4,45625.00,182500.00,FG-DISP-0001192,SN-DISP-0001192,Generated dispatch item.
1193,1198,3950,102,PMSM Motor 7.5 kW,No,6,6,102500.00,615000.00,FG-DISP-0001193,SN-DISP-0001193,Generated dispatch item.
1194,1199,1251,100,BLDC Motor 1.5 kW,No,24,4,23125.00,92500.00,FG-DISP-0001194,SN-DISP-0001194,Generated dispatch item.
1195,1200,3952,101,PMSM Motor 3 kW,No,20,1,45625.00,45625.00,FG-DISP-0001195,SN-DISP-0001195,Generated dispatch item.
1196,1201,1253,102,PMSM Motor 7.5 kW,No,13,6,102500.00,615000.00,FG-DISP-0001196,SN-DISP-0001196,Generated dispatch item.
1197,1202,3954,100,BLDC Motor 1.5 kW,No,60,4,23125.00,92500.00,FG-DISP-0001197,SN-DISP-0001197,Generated dispatch item.
1198,1203,1255,101,PMSM Motor 3 kW,No,34,2,45625.00,91250.00,FG-DISP-0001198,SN-DISP-0001198,Generated dispatch item.
1199,1204,3956,102,PMSM Motor 7.5 kW,No,12,6,102500.00,615000.00,FG-DISP-0001199,SN-DISP-0001199,Generated dispatch item.
1200,1205,1257,100,BLDC Motor 1.5 kW,No,60,7,23125.00,161875.00,FG-DISP-0001200,SN-DISP-0001200,Generated dispatch item.
1201,1206,3958,101,PMSM Motor 3 kW,No,26,5,45625.00,228125.00,FG-DISP-0001201,SN-DISP-0001201,Generated dispatch item.
1202,1207,1259,102,PMSM Motor 7.5 kW,No,15,6,102500.00,615000.00,FG-DISP-0001202,SN-DISP-0001202,Generated dispatch item.
1203,1208,3960,100,BLDC Motor 1.5 kW,No,29,2,23125.00,46250.00,FG-DISP-0001203,SN-DISP-0001203,Generated dispatch item.
1204,1209,1261,101,PMSM Motor 3 kW,No,48,6,45625.00,273750.00,FG-DISP-0001204,SN-DISP-0001204,Generated dispatch item.
1205,1210,3962,102,PMSM Motor 7.5 kW,No,54,7,102500.00,717500.00,FG-DISP-0001205,SN-DISP-0001205,Generated dispatch item.
1206,1211,1263,100,BLDC Motor 1.5 kW,No,51,2,23125.00,46250.00,FG-DISP-0001206,SN-DISP-0001206,Generated dispatch item.
1207,1212,3964,101,PMSM Motor 3 kW,No,20,7,45625.00,319375.00,FG-DISP-0001207,SN-DISP-0001207,Generated dispatch item.
1208,1213,1265,102,PMSM Motor 7.5 kW,No,27,1,102500.00,102500.00,FG-DISP-0001208,SN-DISP-0001208,Generated dispatch item.
1209,1214,3966,100,BLDC Motor 1.5 kW,No,40,4,23125.00,92500.00,FG-DISP-0001209,SN-DISP-0001209,Generated dispatch item.
1210,1215,1267,101,PMSM Motor 3 kW,No,39,1,45625.00,45625.00,FG-DISP-0001210,SN-DISP-0001210,Generated dispatch item.
1211,1216,3968,102,PMSM Motor 7.5 kW,No,9,4,102500.00,410000.00,FG-DISP-0001211,SN-DISP-0001211,Generated dispatch item.
1212,1217,1269,100,BLDC Motor 1.5 kW,No,29,5,23125.00,115625.00,FG-DISP-0001212,SN-DISP-0001212,Generated dispatch item.
1213,1218,3970,101,PMSM Motor 3 kW,No,48,7,45625.00,319375.00,FG-DISP-0001213,SN-DISP-0001213,Generated dispatch item.
1214,1219,1271,102,PMSM Motor 7.5 kW,No,19,2,102500.00,205000.00,FG-DISP-0001214,SN-DISP-0001214,Generated dispatch item.
1215,1220,3972,100,BLDC Motor 1.5 kW,No,60,7,23125.00,161875.00,FG-DISP-0001215,SN-DISP-0001215,Generated dispatch item.
1216,1221,1273,101,PMSM Motor 3 kW,No,28,7,45625.00,319375.00,FG-DISP-0001216,SN-DISP-0001216,Generated dispatch item.
1217,1222,3974,102,PMSM Motor 7.5 kW,No,57,1,102500.00,102500.00,FG-DISP-0001217,SN-DISP-0001217,Generated dispatch item.
1218,1223,1275,100,BLDC Motor 1.5 kW,No,10,7,23125.00,161875.00,FG-DISP-0001218,SN-DISP-0001218,Generated dispatch item.
1219,1224,3976,101,PMSM Motor 3 kW,No,28,7,45625.00,319375.00,FG-DISP-0001219,SN-DISP-0001219,Generated dispatch item.
1220,1225,1277,102,PMSM Motor 7.5 kW,No,44,1,102500.00,102500.00,FG-DISP-0001220,SN-DISP-0001220,Generated dispatch item.
1221,1226,3978,100,BLDC Motor 1.5 kW,No,52,1,23125.00,23125.00,FG-DISP-0001221,SN-DISP-0001221,Generated dispatch item.
1222,1227,1279,101,PMSM Motor 3 kW,No,51,6,45625.00,273750.00,FG-DISP-0001222,SN-DISP-0001222,Generated dispatch item.
1223,1228,3980,102,PMSM Motor 7.5 kW,No,9,3,102500.00,307500.00,FG-DISP-0001223,SN-DISP-0001223,Generated dispatch item.
1224,1229,1281,100,BLDC Motor 1.5 kW,No,22,2,23125.00,46250.00,FG-DISP-0001224,SN-DISP-0001224,Generated dispatch item.
1225,1230,3982,101,PMSM Motor 3 kW,No,54,3,45625.00,136875.00,FG-DISP-0001225,SN-DISP-0001225,Generated dispatch item.
1226,1231,1283,102,PMSM Motor 7.5 kW,No,36,3,102500.00,307500.00,FG-DISP-0001226,SN-DISP-0001226,Generated dispatch item.
1227,1232,3984,100,BLDC Motor 1.5 kW,No,50,7,23125.00,161875.00,FG-DISP-0001227,SN-DISP-0001227,Generated dispatch item.
1228,1233,1285,101,PMSM Motor 3 kW,No,18,2,45625.00,91250.00,FG-DISP-0001228,SN-DISP-0001228,Generated dispatch item.
1229,1234,3986,102,PMSM Motor 7.5 kW,No,29,1,102500.00,102500.00,FG-DISP-0001229,SN-DISP-0001229,Generated dispatch item.
1230,1235,1287,100,BLDC Motor 1.5 kW,No,12,6,23125.00,138750.00,FG-DISP-0001230,SN-DISP-0001230,Generated dispatch item.
1231,1236,3988,101,PMSM Motor 3 kW,No,39,6,45625.00,273750.00,FG-DISP-0001231,SN-DISP-0001231,Generated dispatch item.
1232,1237,1289,102,PMSM Motor 7.5 kW,No,42,7,102500.00,717500.00,FG-DISP-0001232,SN-DISP-0001232,Generated dispatch item.
1233,1238,3990,100,BLDC Motor 1.5 kW,No,47,7,23125.00,161875.00,FG-DISP-0001233,SN-DISP-0001233,Generated dispatch item.
1234,1239,1291,101,PMSM Motor 3 kW,No,12,1,45625.00,45625.00,FG-DISP-0001234,SN-DISP-0001234,Generated dispatch item.
1235,1240,3992,102,PMSM Motor 7.5 kW,No,12,6,102500.00,615000.00,FG-DISP-0001235,SN-DISP-0001235,Generated dispatch item.
1236,1241,1293,100,BLDC Motor 1.5 kW,No,48,2,23125.00,46250.00,FG-DISP-0001236,SN-DISP-0001236,Generated dispatch item.
1237,1242,3994,101,PMSM Motor 3 kW,No,48,3,45625.00,136875.00,FG-DISP-0001237,SN-DISP-0001237,Generated dispatch item.
1238,1243,1295,102,PMSM Motor 7.5 kW,No,20,4,102500.00,410000.00,FG-DISP-0001238,SN-DISP-0001238,Generated dispatch item.
1239,1244,3996,100,BLDC Motor 1.5 kW,No,42,7,23125.00,161875.00,FG-DISP-0001239,SN-DISP-0001239,Generated dispatch item.
1240,1245,1297,101,PMSM Motor 3 kW,No,50,4,45625.00,182500.00,FG-DISP-0001240,SN-DISP-0001240,Generated dispatch item.
1241,1246,3998,102,PMSM Motor 7.5 kW,No,39,2,102500.00,205000.00,FG-DISP-0001241,SN-DISP-0001241,Generated dispatch item.
1242,1247,1299,100,BLDC Motor 1.5 kW,No,25,1,23125.00,23125.00,FG-DISP-0001242,SN-DISP-0001242,Generated dispatch item.
1243,1248,4000,101,PMSM Motor 3 kW,No,22,5,45625.00,228125.00,FG-DISP-0001243,SN-DISP-0001243,Generated dispatch item.
1244,1249,1301,102,PMSM Motor 7.5 kW,No,25,6,102500.00,615000.00,FG-DISP-0001244,SN-DISP-0001244,Generated dispatch item.
1245,1250,4002,100,BLDC Motor 1.5 kW,No,14,5,23125.00,115625.00,FG-DISP-0001245,SN-DISP-0001245,Generated dispatch item.
1246,1251,1303,101,PMSM Motor 3 kW,No,47,7,45625.00,319375.00,FG-DISP-0001246,SN-DISP-0001246,Generated dispatch item.
1247,1252,4004,102,PMSM Motor 7.5 kW,No,60,1,102500.00,102500.00,FG-DISP-0001247,SN-DISP-0001247,Generated dispatch item.
1248,1253,1305,100,BLDC Motor 1.5 kW,No,33,3,23125.00,69375.00,FG-DISP-0001248,SN-DISP-0001248,Generated dispatch item.
1249,1254,4006,101,PMSM Motor 3 kW,No,37,5,45625.00,228125.00,FG-DISP-0001249,SN-DISP-0001249,Generated dispatch item.
1250,1255,1307,102,PMSM Motor 7.5 kW,No,16,7,102500.00,717500.00,FG-DISP-0001250,SN-DISP-0001250,Generated dispatch item.
1251,1256,4008,100,BLDC Motor 1.5 kW,No,44,3,23125.00,69375.00,FG-DISP-0001251,SN-DISP-0001251,Generated dispatch item.
1252,1257,1309,101,PMSM Motor 3 kW,No,52,5,45625.00,228125.00,FG-DISP-0001252,SN-DISP-0001252,Generated dispatch item.
1253,1258,4010,102,PMSM Motor 7.5 kW,No,37,2,102500.00,205000.00,FG-DISP-0001253,SN-DISP-0001253,Generated dispatch item.
1254,1259,1311,100,BLDC Motor 1.5 kW,No,24,5,23125.00,115625.00,FG-DISP-0001254,SN-DISP-0001254,Generated dispatch item.
1255,1260,4012,101,PMSM Motor 3 kW,No,43,6,45625.00,273750.00,FG-DISP-0001255,SN-DISP-0001255,Generated dispatch item.
1256,1261,1313,102,PMSM Motor 7.5 kW,No,10,6,102500.00,615000.00,FG-DISP-0001256,SN-DISP-0001256,Generated dispatch item.
1257,1262,4014,100,BLDC Motor 1.5 kW,No,33,4,23125.00,92500.00,FG-DISP-0001257,SN-DISP-0001257,Generated dispatch item.
1258,1263,1315,101,PMSM Motor 3 kW,No,28,4,45625.00,182500.00,FG-DISP-0001258,SN-DISP-0001258,Generated dispatch item.
1259,1264,4016,102,PMSM Motor 7.5 kW,No,18,7,102500.00,717500.00,FG-DISP-0001259,SN-DISP-0001259,Generated dispatch item.
1260,1265,1317,100,BLDC Motor 1.5 kW,No,37,4,23125.00,92500.00,FG-DISP-0001260,SN-DISP-0001260,Generated dispatch item.
1261,1266,4018,101,PMSM Motor 3 kW,No,44,3,45625.00,136875.00,FG-DISP-0001261,SN-DISP-0001261,Generated dispatch item.
1262,1267,1319,102,PMSM Motor 7.5 kW,No,39,2,102500.00,205000.00,FG-DISP-0001262,SN-DISP-0001262,Generated dispatch item.
1263,1268,4020,100,BLDC Motor 1.5 kW,No,37,5,23125.00,115625.00,FG-DISP-0001263,SN-DISP-0001263,Generated dispatch item.
1264,1269,1321,101,PMSM Motor 3 kW,No,51,5,45625.00,228125.00,FG-DISP-0001264,SN-DISP-0001264,Generated dispatch item.
1265,1270,4022,102,PMSM Motor 7.5 kW,No,27,4,102500.00,410000.00,FG-DISP-0001265,SN-DISP-0001265,Generated dispatch item.
1266,1271,1323,100,BLDC Motor 1.5 kW,No,35,2,23125.00,46250.00,FG-DISP-0001266,SN-DISP-0001266,Generated dispatch item.
1267,1272,4024,101,PMSM Motor 3 kW,No,59,2,45625.00,91250.00,FG-DISP-0001267,SN-DISP-0001267,Generated dispatch item.
1268,1273,1325,102,PMSM Motor 7.5 kW,No,17,2,102500.00,205000.00,FG-DISP-0001268,SN-DISP-0001268,Generated dispatch item.
1269,1274,4026,100,BLDC Motor 1.5 kW,No,16,1,23125.00,23125.00,FG-DISP-0001269,SN-DISP-0001269,Generated dispatch item.
1270,1275,1327,101,PMSM Motor 3 kW,No,19,4,45625.00,182500.00,FG-DISP-0001270,SN-DISP-0001270,Generated dispatch item.
1271,1276,4028,102,PMSM Motor 7.5 kW,No,7,3,102500.00,307500.00,FG-DISP-0001271,SN-DISP-0001271,Generated dispatch item.
1272,1277,1329,100,BLDC Motor 1.5 kW,No,10,3,23125.00,69375.00,FG-DISP-0001272,SN-DISP-0001272,Generated dispatch item.
1273,1278,4030,101,PMSM Motor 3 kW,No,20,7,45625.00,319375.00,FG-DISP-0001273,SN-DISP-0001273,Generated dispatch item.
1274,1279,1331,102,PMSM Motor 7.5 kW,No,46,2,102500.00,205000.00,FG-DISP-0001274,SN-DISP-0001274,Generated dispatch item.
1275,1280,4032,100,BLDC Motor 1.5 kW,No,41,6,23125.00,138750.00,FG-DISP-0001275,SN-DISP-0001275,Generated dispatch item.
1276,1281,1333,101,PMSM Motor 3 kW,No,10,2,45625.00,91250.00,FG-DISP-0001276,SN-DISP-0001276,Generated dispatch item.
1277,1282,4034,102,PMSM Motor 7.5 kW,No,15,5,102500.00,512500.00,FG-DISP-0001277,SN-DISP-0001277,Generated dispatch item.
1278,1283,1335,100,BLDC Motor 1.5 kW,No,38,7,23125.00,161875.00,FG-DISP-0001278,SN-DISP-0001278,Generated dispatch item.
1279,1284,4036,101,PMSM Motor 3 kW,No,42,6,45625.00,273750.00,FG-DISP-0001279,SN-DISP-0001279,Generated dispatch item.
1280,1285,1337,102,PMSM Motor 7.5 kW,No,38,5,102500.00,512500.00,FG-DISP-0001280,SN-DISP-0001280,Generated dispatch item.
1281,1286,4038,100,BLDC Motor 1.5 kW,No,19,2,23125.00,46250.00,FG-DISP-0001281,SN-DISP-0001281,Generated dispatch item.
1282,1287,1339,101,PMSM Motor 3 kW,No,48,3,45625.00,136875.00,FG-DISP-0001282,SN-DISP-0001282,Generated dispatch item.
1283,1288,4040,102,PMSM Motor 7.5 kW,No,22,3,102500.00,307500.00,FG-DISP-0001283,SN-DISP-0001283,Generated dispatch item.
1284,1289,1341,100,BLDC Motor 1.5 kW,No,9,6,23125.00,138750.00,FG-DISP-0001284,SN-DISP-0001284,Generated dispatch item.
1285,1290,4042,101,PMSM Motor 3 kW,No,37,3,45625.00,136875.00,FG-DISP-0001285,SN-DISP-0001285,Generated dispatch item.
1286,1291,1343,102,PMSM Motor 7.5 kW,No,16,6,102500.00,615000.00,FG-DISP-0001286,SN-DISP-0001286,Generated dispatch item.
1287,1292,4044,100,BLDC Motor 1.5 kW,No,11,7,23125.00,161875.00,FG-DISP-0001287,SN-DISP-0001287,Generated dispatch item.
1288,1293,1345,101,PMSM Motor 3 kW,No,55,1,45625.00,45625.00,FG-DISP-0001288,SN-DISP-0001288,Generated dispatch item.
1289,1294,4046,102,PMSM Motor 7.5 kW,No,47,7,102500.00,717500.00,FG-DISP-0001289,SN-DISP-0001289,Generated dispatch item.
1290,1295,1347,100,BLDC Motor 1.5 kW,No,37,4,23125.00,92500.00,FG-DISP-0001290,SN-DISP-0001290,Generated dispatch item.
1291,1296,4048,101,PMSM Motor 3 kW,No,27,5,45625.00,228125.00,FG-DISP-0001291,SN-DISP-0001291,Generated dispatch item.
1292,1297,1349,102,PMSM Motor 7.5 kW,No,30,3,102500.00,307500.00,FG-DISP-0001292,SN-DISP-0001292,Generated dispatch item.
1293,1298,4050,100,BLDC Motor 1.5 kW,No,6,3,23125.00,69375.00,FG-DISP-0001293,SN-DISP-0001293,Generated dispatch item.
1294,1299,1351,101,PMSM Motor 3 kW,No,46,4,45625.00,182500.00,FG-DISP-0001294,SN-DISP-0001294,Generated dispatch item.
1295,1300,4052,102,PMSM Motor 7.5 kW,No,20,2,102500.00,205000.00,FG-DISP-0001295,SN-DISP-0001295,Generated dispatch item.
1296,1301,1353,100,BLDC Motor 1.5 kW,No,55,6,23125.00,138750.00,FG-DISP-0001296,SN-DISP-0001296,Generated dispatch item.
1297,1302,4054,101,PMSM Motor 3 kW,No,32,5,45625.00,228125.00,FG-DISP-0001297,SN-DISP-0001297,Generated dispatch item.
1298,1303,1355,102,PMSM Motor 7.5 kW,No,19,1,102500.00,102500.00,FG-DISP-0001298,SN-DISP-0001298,Generated dispatch item.
1299,1304,4056,100,BLDC Motor 1.5 kW,No,36,2,23125.00,46250.00,FG-DISP-0001299,SN-DISP-0001299,Generated dispatch item.
1300,1305,1357,101,PMSM Motor 3 kW,No,55,4,45625.00,182500.00,FG-DISP-0001300,SN-DISP-0001300,Generated dispatch item.
1301,1306,4058,102,PMSM Motor 7.5 kW,No,58,6,102500.00,615000.00,FG-DISP-0001301,SN-DISP-0001301,Generated dispatch item.
1302,1307,1359,100,BLDC Motor 1.5 kW,No,11,3,23125.00,69375.00,FG-DISP-0001302,SN-DISP-0001302,Generated dispatch item.
1303,1308,4060,101,PMSM Motor 3 kW,No,30,7,45625.00,319375.00,FG-DISP-0001303,SN-DISP-0001303,Generated dispatch item.
1304,1309,1361,102,PMSM Motor 7.5 kW,No,59,4,102500.00,410000.00,FG-DISP-0001304,SN-DISP-0001304,Generated dispatch item.
1305,1310,4062,100,BLDC Motor 1.5 kW,No,41,4,23125.00,92500.00,FG-DISP-0001305,SN-DISP-0001305,Generated dispatch item.
1306,1311,1363,101,PMSM Motor 3 kW,No,14,1,45625.00,45625.00,FG-DISP-0001306,SN-DISP-0001306,Generated dispatch item.
1307,1312,4064,102,PMSM Motor 7.5 kW,No,26,5,102500.00,512500.00,FG-DISP-0001307,SN-DISP-0001307,Generated dispatch item.
1308,1313,1365,100,BLDC Motor 1.5 kW,No,19,6,23125.00,138750.00,FG-DISP-0001308,SN-DISP-0001308,Generated dispatch item.
1309,1314,4066,101,PMSM Motor 3 kW,No,55,2,45625.00,91250.00,FG-DISP-0001309,SN-DISP-0001309,Generated dispatch item.
1310,1315,1367,102,PMSM Motor 7.5 kW,No,10,4,102500.00,410000.00,FG-DISP-0001310,SN-DISP-0001310,Generated dispatch item.
1311,1316,4068,100,BLDC Motor 1.5 kW,No,26,1,23125.00,23125.00,FG-DISP-0001311,SN-DISP-0001311,Generated dispatch item.
1312,1317,1369,101,PMSM Motor 3 kW,No,50,2,45625.00,91250.00,FG-DISP-0001312,SN-DISP-0001312,Generated dispatch item.
1313,1318,4070,102,PMSM Motor 7.5 kW,No,16,1,102500.00,102500.00,FG-DISP-0001313,SN-DISP-0001313,Generated dispatch item.
1314,1319,1371,100,BLDC Motor 1.5 kW,No,60,6,23125.00,138750.00,FG-DISP-0001314,SN-DISP-0001314,Generated dispatch item.
1315,1320,4072,101,PMSM Motor 3 kW,No,9,7,45625.00,319375.00,FG-DISP-0001315,SN-DISP-0001315,Generated dispatch item.
1316,1321,1373,102,PMSM Motor 7.5 kW,No,21,1,102500.00,102500.00,FG-DISP-0001316,SN-DISP-0001316,Generated dispatch item.
1317,1322,4074,100,BLDC Motor 1.5 kW,No,54,5,23125.00,115625.00,FG-DISP-0001317,SN-DISP-0001317,Generated dispatch item.
1318,1323,1375,101,PMSM Motor 3 kW,No,23,5,45625.00,228125.00,FG-DISP-0001318,SN-DISP-0001318,Generated dispatch item.
1319,1324,4076,102,PMSM Motor 7.5 kW,No,23,5,102500.00,512500.00,FG-DISP-0001319,SN-DISP-0001319,Generated dispatch item.
1320,1325,1377,100,BLDC Motor 1.5 kW,No,20,4,23125.00,92500.00,FG-DISP-0001320,SN-DISP-0001320,Generated dispatch item.
1321,1326,4078,101,PMSM Motor 3 kW,No,39,7,45625.00,319375.00,FG-DISP-0001321,SN-DISP-0001321,Generated dispatch item.
1322,1327,1379,102,PMSM Motor 7.5 kW,No,13,1,102500.00,102500.00,FG-DISP-0001322,SN-DISP-0001322,Generated dispatch item.
1323,1328,4080,100,BLDC Motor 1.5 kW,No,59,2,23125.00,46250.00,FG-DISP-0001323,SN-DISP-0001323,Generated dispatch item.
1324,1329,1381,101,PMSM Motor 3 kW,No,49,2,45625.00,91250.00,FG-DISP-0001324,SN-DISP-0001324,Generated dispatch item.
1325,1330,4082,102,PMSM Motor 7.5 kW,No,18,6,102500.00,615000.00,FG-DISP-0001325,SN-DISP-0001325,Generated dispatch item.
1326,1331,1383,100,BLDC Motor 1.5 kW,No,8,1,23125.00,23125.00,FG-DISP-0001326,SN-DISP-0001326,Generated dispatch item.
1327,1332,4084,101,PMSM Motor 3 kW,No,54,1,45625.00,45625.00,FG-DISP-0001327,SN-DISP-0001327,Generated dispatch item.
1328,1333,1385,102,PMSM Motor 7.5 kW,No,59,6,102500.00,615000.00,FG-DISP-0001328,SN-DISP-0001328,Generated dispatch item.
1329,1334,4086,100,BLDC Motor 1.5 kW,No,55,3,23125.00,69375.00,FG-DISP-0001329,SN-DISP-0001329,Generated dispatch item.
1330,1335,1387,101,PMSM Motor 3 kW,No,56,5,45625.00,228125.00,FG-DISP-0001330,SN-DISP-0001330,Generated dispatch item.
1331,1336,4088,102,PMSM Motor 7.5 kW,No,47,3,102500.00,307500.00,FG-DISP-0001331,SN-DISP-0001331,Generated dispatch item.
1332,1337,1389,100,BLDC Motor 1.5 kW,No,11,1,23125.00,23125.00,FG-DISP-0001332,SN-DISP-0001332,Generated dispatch item.
1333,1338,4090,101,PMSM Motor 3 kW,No,44,5,45625.00,228125.00,FG-DISP-0001333,SN-DISP-0001333,Generated dispatch item.
1334,1339,1391,102,PMSM Motor 7.5 kW,No,34,1,102500.00,102500.00,FG-DISP-0001334,SN-DISP-0001334,Generated dispatch item.
1335,1340,4092,100,BLDC Motor 1.5 kW,No,22,4,23125.00,92500.00,FG-DISP-0001335,SN-DISP-0001335,Generated dispatch item.
1336,1341,1393,101,PMSM Motor 3 kW,No,60,7,45625.00,319375.00,FG-DISP-0001336,SN-DISP-0001336,Generated dispatch item.
1337,1342,4094,102,PMSM Motor 7.5 kW,No,5,2,102500.00,205000.00,FG-DISP-0001337,SN-DISP-0001337,Generated dispatch item.
1338,1343,1395,100,BLDC Motor 1.5 kW,No,52,2,23125.00,46250.00,FG-DISP-0001338,SN-DISP-0001338,Generated dispatch item.
1339,1344,4096,101,PMSM Motor 3 kW,No,54,7,45625.00,319375.00,FG-DISP-0001339,SN-DISP-0001339,Generated dispatch item.
1340,1345,1397,102,PMSM Motor 7.5 kW,No,45,3,102500.00,307500.00,FG-DISP-0001340,SN-DISP-0001340,Generated dispatch item.
1341,1346,4098,100,BLDC Motor 1.5 kW,No,42,3,23125.00,69375.00,FG-DISP-0001341,SN-DISP-0001341,Generated dispatch item.
1342,1347,1399,101,PMSM Motor 3 kW,No,6,5,45625.00,228125.00,FG-DISP-0001342,SN-DISP-0001342,Generated dispatch item.
1343,1348,4100,102,PMSM Motor 7.5 kW,No,32,1,102500.00,102500.00,FG-DISP-0001343,SN-DISP-0001343,Generated dispatch item.
1344,1349,1401,100,BLDC Motor 1.5 kW,No,8,1,23125.00,23125.00,FG-DISP-0001344,SN-DISP-0001344,Generated dispatch item.
1345,1350,4102,101,PMSM Motor 3 kW,No,12,6,45625.00,273750.00,FG-DISP-0001345,SN-DISP-0001345,Generated dispatch item.
1346,1351,1403,102,PMSM Motor 7.5 kW,No,49,7,102500.00,717500.00,FG-DISP-0001346,SN-DISP-0001346,Generated dispatch item.
1347,1352,4104,100,BLDC Motor 1.5 kW,No,25,7,23125.00,161875.00,FG-DISP-0001347,SN-DISP-0001347,Generated dispatch item.
1348,1353,1405,101,PMSM Motor 3 kW,No,26,1,45625.00,45625.00,FG-DISP-0001348,SN-DISP-0001348,Generated dispatch item.
1349,1354,4106,102,PMSM Motor 7.5 kW,No,38,4,102500.00,410000.00,FG-DISP-0001349,SN-DISP-0001349,Generated dispatch item.
1350,1355,1407,100,BLDC Motor 1.5 kW,No,42,6,23125.00,138750.00,FG-DISP-0001350,SN-DISP-0001350,Generated dispatch item.
1351,1356,4108,101,PMSM Motor 3 kW,No,57,6,45625.00,273750.00,FG-DISP-0001351,SN-DISP-0001351,Generated dispatch item.
1352,1357,1409,102,PMSM Motor 7.5 kW,No,46,3,102500.00,307500.00,FG-DISP-0001352,SN-DISP-0001352,Generated dispatch item.
1353,1358,4110,100,BLDC Motor 1.5 kW,No,43,4,23125.00,92500.00,FG-DISP-0001353,SN-DISP-0001353,Generated dispatch item.
1354,1359,1411,101,PMSM Motor 3 kW,No,28,2,45625.00,91250.00,FG-DISP-0001354,SN-DISP-0001354,Generated dispatch item.
1355,1360,4112,102,PMSM Motor 7.5 kW,No,13,1,102500.00,102500.00,FG-DISP-0001355,SN-DISP-0001355,Generated dispatch item.
1356,1361,1413,100,BLDC Motor 1.5 kW,No,13,3,23125.00,69375.00,FG-DISP-0001356,SN-DISP-0001356,Generated dispatch item.
1357,1362,4114,101,PMSM Motor 3 kW,No,28,2,45625.00,91250.00,FG-DISP-0001357,SN-DISP-0001357,Generated dispatch item.
1358,1363,1415,102,PMSM Motor 7.5 kW,No,26,7,102500.00,717500.00,FG-DISP-0001358,SN-DISP-0001358,Generated dispatch item.
1359,1364,4116,100,BLDC Motor 1.5 kW,No,40,1,23125.00,23125.00,FG-DISP-0001359,SN-DISP-0001359,Generated dispatch item.
1360,1365,1417,101,PMSM Motor 3 kW,No,53,4,45625.00,182500.00,FG-DISP-0001360,SN-DISP-0001360,Generated dispatch item.
1361,1366,4118,102,PMSM Motor 7.5 kW,No,52,4,102500.00,410000.00,FG-DISP-0001361,SN-DISP-0001361,Generated dispatch item.
1362,1367,1419,100,BLDC Motor 1.5 kW,No,23,1,23125.00,23125.00,FG-DISP-0001362,SN-DISP-0001362,Generated dispatch item.
1363,1368,4120,101,PMSM Motor 3 kW,No,54,4,45625.00,182500.00,FG-DISP-0001363,SN-DISP-0001363,Generated dispatch item.
1364,1369,1421,102,PMSM Motor 7.5 kW,No,8,7,102500.00,717500.00,FG-DISP-0001364,SN-DISP-0001364,Generated dispatch item.
1365,1370,4122,100,BLDC Motor 1.5 kW,No,14,1,23125.00,23125.00,FG-DISP-0001365,SN-DISP-0001365,Generated dispatch item.
1366,1371,1423,101,PMSM Motor 3 kW,No,58,2,45625.00,91250.00,FG-DISP-0001366,SN-DISP-0001366,Generated dispatch item.
1367,1372,4124,102,PMSM Motor 7.5 kW,No,6,2,102500.00,205000.00,FG-DISP-0001367,SN-DISP-0001367,Generated dispatch item.
1368,1373,1425,100,BLDC Motor 1.5 kW,No,43,1,23125.00,23125.00,FG-DISP-0001368,SN-DISP-0001368,Generated dispatch item.
1369,1374,4126,101,PMSM Motor 3 kW,No,6,6,45625.00,273750.00,FG-DISP-0001369,SN-DISP-0001369,Generated dispatch item.
1370,1375,1427,102,PMSM Motor 7.5 kW,No,35,1,102500.00,102500.00,FG-DISP-0001370,SN-DISP-0001370,Generated dispatch item.
1371,1376,4128,100,BLDC Motor 1.5 kW,No,5,2,23125.00,46250.00,FG-DISP-0001371,SN-DISP-0001371,Generated dispatch item.
1372,1377,1429,101,PMSM Motor 3 kW,No,51,6,45625.00,273750.00,FG-DISP-0001372,SN-DISP-0001372,Generated dispatch item.
1373,1378,4130,102,PMSM Motor 7.5 kW,No,27,7,102500.00,717500.00,FG-DISP-0001373,SN-DISP-0001373,Generated dispatch item.
1374,1379,1431,100,BLDC Motor 1.5 kW,No,28,2,23125.00,46250.00,FG-DISP-0001374,SN-DISP-0001374,Generated dispatch item.
1375,1380,4132,101,PMSM Motor 3 kW,No,47,3,45625.00,136875.00,FG-DISP-0001375,SN-DISP-0001375,Generated dispatch item.
1376,1381,1433,102,PMSM Motor 7.5 kW,No,60,2,102500.00,205000.00,FG-DISP-0001376,SN-DISP-0001376,Generated dispatch item.
1377,1382,4134,100,BLDC Motor 1.5 kW,No,34,2,23125.00,46250.00,FG-DISP-0001377,SN-DISP-0001377,Generated dispatch item.
1378,1383,1435,101,PMSM Motor 3 kW,No,53,7,45625.00,319375.00,FG-DISP-0001378,SN-DISP-0001378,Generated dispatch item.
1379,1384,4136,102,PMSM Motor 7.5 kW,No,41,3,102500.00,307500.00,FG-DISP-0001379,SN-DISP-0001379,Generated dispatch item.
1380,1385,1437,100,BLDC Motor 1.5 kW,No,20,5,23125.00,115625.00,FG-DISP-0001380,SN-DISP-0001380,Generated dispatch item.
1381,1386,4138,101,PMSM Motor 3 kW,No,29,2,45625.00,91250.00,FG-DISP-0001381,SN-DISP-0001381,Generated dispatch item.
1382,1387,1439,102,PMSM Motor 7.5 kW,No,25,2,102500.00,205000.00,FG-DISP-0001382,SN-DISP-0001382,Generated dispatch item.
1383,1388,4140,100,BLDC Motor 1.5 kW,No,15,3,23125.00,69375.00,FG-DISP-0001383,SN-DISP-0001383,Generated dispatch item.
1384,1389,1441,101,PMSM Motor 3 kW,No,20,5,45625.00,228125.00,FG-DISP-0001384,SN-DISP-0001384,Generated dispatch item.
1385,1390,4142,102,PMSM Motor 7.5 kW,No,41,7,102500.00,717500.00,FG-DISP-0001385,SN-DISP-0001385,Generated dispatch item.
1386,1391,1443,100,BLDC Motor 1.5 kW,No,41,2,23125.00,46250.00,FG-DISP-0001386,SN-DISP-0001386,Generated dispatch item.
1387,1392,4144,101,PMSM Motor 3 kW,No,28,5,45625.00,228125.00,FG-DISP-0001387,SN-DISP-0001387,Generated dispatch item.
1388,1393,1445,102,PMSM Motor 7.5 kW,No,40,4,102500.00,410000.00,FG-DISP-0001388,SN-DISP-0001388,Generated dispatch item.
1389,1394,4146,100,BLDC Motor 1.5 kW,No,39,6,23125.00,138750.00,FG-DISP-0001389,SN-DISP-0001389,Generated dispatch item.
1390,1395,1447,101,PMSM Motor 3 kW,No,34,3,45625.00,136875.00,FG-DISP-0001390,SN-DISP-0001390,Generated dispatch item.
1391,1396,4148,102,PMSM Motor 7.5 kW,No,34,3,102500.00,307500.00,FG-DISP-0001391,SN-DISP-0001391,Generated dispatch item.
1392,1397,1449,100,BLDC Motor 1.5 kW,No,59,5,23125.00,115625.00,FG-DISP-0001392,SN-DISP-0001392,Generated dispatch item.
1393,1398,4150,101,PMSM Motor 3 kW,No,9,4,45625.00,182500.00,FG-DISP-0001393,SN-DISP-0001393,Generated dispatch item.
1394,1399,1451,102,PMSM Motor 7.5 kW,No,31,6,102500.00,615000.00,FG-DISP-0001394,SN-DISP-0001394,Generated dispatch item.
1395,1400,4152,100,BLDC Motor 1.5 kW,No,53,1,23125.00,23125.00,FG-DISP-0001395,SN-DISP-0001395,Generated dispatch item.
1396,1401,1453,101,PMSM Motor 3 kW,No,48,3,45625.00,136875.00,FG-DISP-0001396,SN-DISP-0001396,Generated dispatch item.
1397,1402,4154,102,PMSM Motor 7.5 kW,No,47,2,102500.00,205000.00,FG-DISP-0001397,SN-DISP-0001397,Generated dispatch item.
1398,1403,1455,100,BLDC Motor 1.5 kW,No,41,2,23125.00,46250.00,FG-DISP-0001398,SN-DISP-0001398,Generated dispatch item.
1399,1404,4156,101,PMSM Motor 3 kW,No,7,1,45625.00,45625.00,FG-DISP-0001399,SN-DISP-0001399,Generated dispatch item.
1400,1405,1457,102,PMSM Motor 7.5 kW,No,34,3,102500.00,307500.00,FG-DISP-0001400,SN-DISP-0001400,Generated dispatch item.
1401,1406,4158,100,BLDC Motor 1.5 kW,No,5,2,23125.00,46250.00,FG-DISP-0001401,SN-DISP-0001401,Generated dispatch item.
1402,1407,1459,101,PMSM Motor 3 kW,No,7,6,45625.00,273750.00,FG-DISP-0001402,SN-DISP-0001402,Generated dispatch item.
1403,1408,4160,102,PMSM Motor 7.5 kW,No,14,4,102500.00,410000.00,FG-DISP-0001403,SN-DISP-0001403,Generated dispatch item.
1404,1409,1461,100,BLDC Motor 1.5 kW,No,41,6,23125.00,138750.00,FG-DISP-0001404,SN-DISP-0001404,Generated dispatch item.
1405,1410,4162,101,PMSM Motor 3 kW,No,10,7,45625.00,319375.00,FG-DISP-0001405,SN-DISP-0001405,Generated dispatch item.
1406,1411,1463,102,PMSM Motor 7.5 kW,No,40,6,102500.00,615000.00,FG-DISP-0001406,SN-DISP-0001406,Generated dispatch item.
1407,1412,4164,100,BLDC Motor 1.5 kW,No,49,3,23125.00,69375.00,FG-DISP-0001407,SN-DISP-0001407,Generated dispatch item.
1408,1413,1465,101,PMSM Motor 3 kW,No,11,7,45625.00,319375.00,FG-DISP-0001408,SN-DISP-0001408,Generated dispatch item.
1409,1414,4166,102,PMSM Motor 7.5 kW,No,19,3,102500.00,307500.00,FG-DISP-0001409,SN-DISP-0001409,Generated dispatch item.
1410,1415,1467,100,BLDC Motor 1.5 kW,No,49,6,23125.00,138750.00,FG-DISP-0001410,SN-DISP-0001410,Generated dispatch item.
1411,1416,4168,101,PMSM Motor 3 kW,No,10,2,45625.00,91250.00,FG-DISP-0001411,SN-DISP-0001411,Generated dispatch item.
1412,1417,1469,102,PMSM Motor 7.5 kW,No,31,7,102500.00,717500.00,FG-DISP-0001412,SN-DISP-0001412,Generated dispatch item.
1413,1418,4170,100,BLDC Motor 1.5 kW,No,19,3,23125.00,69375.00,FG-DISP-0001413,SN-DISP-0001413,Generated dispatch item.
1414,1419,1471,101,PMSM Motor 3 kW,No,23,5,45625.00,228125.00,FG-DISP-0001414,SN-DISP-0001414,Generated dispatch item.
1415,1420,4172,102,PMSM Motor 7.5 kW,No,30,3,102500.00,307500.00,FG-DISP-0001415,SN-DISP-0001415,Generated dispatch item.
1416,1421,1473,100,BLDC Motor 1.5 kW,No,51,2,23125.00,46250.00,FG-DISP-0001416,SN-DISP-0001416,Generated dispatch item.
1417,1422,4174,101,PMSM Motor 3 kW,No,24,3,45625.00,136875.00,FG-DISP-0001417,SN-DISP-0001417,Generated dispatch item.
1418,1423,1475,102,PMSM Motor 7.5 kW,No,24,5,102500.00,512500.00,FG-DISP-0001418,SN-DISP-0001418,Generated dispatch item.
1419,1424,4176,100,BLDC Motor 1.5 kW,No,10,1,23125.00,23125.00,FG-DISP-0001419,SN-DISP-0001419,Generated dispatch item.
1420,1425,1477,101,PMSM Motor 3 kW,No,39,2,45625.00,91250.00,FG-DISP-0001420,SN-DISP-0001420,Generated dispatch item.
1421,1426,4178,102,PMSM Motor 7.5 kW,No,15,7,102500.00,717500.00,FG-DISP-0001421,SN-DISP-0001421,Generated dispatch item.
1422,1427,1479,100,BLDC Motor 1.5 kW,No,39,1,23125.00,23125.00,FG-DISP-0001422,SN-DISP-0001422,Generated dispatch item.
1423,1428,4180,101,PMSM Motor 3 kW,No,36,6,45625.00,273750.00,FG-DISP-0001423,SN-DISP-0001423,Generated dispatch item.
1424,1429,1481,102,PMSM Motor 7.5 kW,No,7,3,102500.00,307500.00,FG-DISP-0001424,SN-DISP-0001424,Generated dispatch item.
1425,1430,4182,100,BLDC Motor 1.5 kW,No,11,3,23125.00,69375.00,FG-DISP-0001425,SN-DISP-0001425,Generated dispatch item.
1426,1431,1483,101,PMSM Motor 3 kW,No,28,3,45625.00,136875.00,FG-DISP-0001426,SN-DISP-0001426,Generated dispatch item.
1427,1432,4184,102,PMSM Motor 7.5 kW,No,7,3,102500.00,307500.00,FG-DISP-0001427,SN-DISP-0001427,Generated dispatch item.
1428,1433,1485,100,BLDC Motor 1.5 kW,No,17,5,23125.00,115625.00,FG-DISP-0001428,SN-DISP-0001428,Generated dispatch item.
1429,1434,4186,101,PMSM Motor 3 kW,No,57,6,45625.00,273750.00,FG-DISP-0001429,SN-DISP-0001429,Generated dispatch item.
1430,1435,1487,102,PMSM Motor 7.5 kW,No,16,3,102500.00,307500.00,FG-DISP-0001430,SN-DISP-0001430,Generated dispatch item.
1431,1436,4188,100,BLDC Motor 1.5 kW,No,9,2,23125.00,46250.00,FG-DISP-0001431,SN-DISP-0001431,Generated dispatch item.
1432,1437,1489,101,PMSM Motor 3 kW,No,41,1,45625.00,45625.00,FG-DISP-0001432,SN-DISP-0001432,Generated dispatch item.
1433,1438,4190,102,PMSM Motor 7.5 kW,No,53,6,102500.00,615000.00,FG-DISP-0001433,SN-DISP-0001433,Generated dispatch item.
1434,1439,1491,100,BLDC Motor 1.5 kW,No,5,5,23125.00,115625.00,FG-DISP-0001434,SN-DISP-0001434,Generated dispatch item.
1435,1440,4192,101,PMSM Motor 3 kW,No,47,1,45625.00,45625.00,FG-DISP-0001435,SN-DISP-0001435,Generated dispatch item.
1436,1441,1493,102,PMSM Motor 7.5 kW,No,59,5,102500.00,512500.00,FG-DISP-0001436,SN-DISP-0001436,Generated dispatch item.
1437,1442,4194,100,BLDC Motor 1.5 kW,No,31,2,23125.00,46250.00,FG-DISP-0001437,SN-DISP-0001437,Generated dispatch item.
1438,1443,1495,101,PMSM Motor 3 kW,No,27,2,45625.00,91250.00,FG-DISP-0001438,SN-DISP-0001438,Generated dispatch item.
1439,1444,4196,102,PMSM Motor 7.5 kW,No,42,6,102500.00,615000.00,FG-DISP-0001439,SN-DISP-0001439,Generated dispatch item.
1440,1445,1497,100,BLDC Motor 1.5 kW,No,21,2,23125.00,46250.00,FG-DISP-0001440,SN-DISP-0001440,Generated dispatch item.
1441,1446,4198,101,PMSM Motor 3 kW,No,5,3,45625.00,136875.00,FG-DISP-0001441,SN-DISP-0001441,Generated dispatch item.
1442,1447,1499,102,PMSM Motor 7.5 kW,No,56,1,102500.00,102500.00,FG-DISP-0001442,SN-DISP-0001442,Generated dispatch item.
1443,1448,4200,100,BLDC Motor 1.5 kW,No,28,7,23125.00,161875.00,FG-DISP-0001443,SN-DISP-0001443,Generated dispatch item.
1444,1449,1501,101,PMSM Motor 3 kW,No,32,7,45625.00,319375.00,FG-DISP-0001444,SN-DISP-0001444,Generated dispatch item.
1445,1450,4202,102,PMSM Motor 7.5 kW,No,54,7,102500.00,717500.00,FG-DISP-0001445,SN-DISP-0001445,Generated dispatch item.
1446,1451,1503,100,BLDC Motor 1.5 kW,No,39,2,23125.00,46250.00,FG-DISP-0001446,SN-DISP-0001446,Generated dispatch item.
1447,1452,4204,101,PMSM Motor 3 kW,No,35,2,45625.00,91250.00,FG-DISP-0001447,SN-DISP-0001447,Generated dispatch item.
1448,1453,1505,102,PMSM Motor 7.5 kW,No,43,7,102500.00,717500.00,FG-DISP-0001448,SN-DISP-0001448,Generated dispatch item.
1449,1454,4206,100,BLDC Motor 1.5 kW,No,23,5,23125.00,115625.00,FG-DISP-0001449,SN-DISP-0001449,Generated dispatch item.
1450,1455,1507,101,PMSM Motor 3 kW,No,53,2,45625.00,91250.00,FG-DISP-0001450,SN-DISP-0001450,Generated dispatch item.
1451,1456,4208,102,PMSM Motor 7.5 kW,No,9,1,102500.00,102500.00,FG-DISP-0001451,SN-DISP-0001451,Generated dispatch item.
1452,1457,1509,100,BLDC Motor 1.5 kW,No,12,6,23125.00,138750.00,FG-DISP-0001452,SN-DISP-0001452,Generated dispatch item.
1453,1458,4210,101,PMSM Motor 3 kW,No,59,6,45625.00,273750.00,FG-DISP-0001453,SN-DISP-0001453,Generated dispatch item.
1454,1459,1511,102,PMSM Motor 7.5 kW,No,9,1,102500.00,102500.00,FG-DISP-0001454,SN-DISP-0001454,Generated dispatch item.
1455,1460,4212,100,BLDC Motor 1.5 kW,No,13,4,23125.00,92500.00,FG-DISP-0001455,SN-DISP-0001455,Generated dispatch item.
1456,1461,1513,101,PMSM Motor 3 kW,No,60,4,45625.00,182500.00,FG-DISP-0001456,SN-DISP-0001456,Generated dispatch item.
1457,1462,4214,102,PMSM Motor 7.5 kW,No,45,4,102500.00,410000.00,FG-DISP-0001457,SN-DISP-0001457,Generated dispatch item.
1458,1463,1515,100,BLDC Motor 1.5 kW,No,5,3,23125.00,69375.00,FG-DISP-0001458,SN-DISP-0001458,Generated dispatch item.
1459,1464,4216,101,PMSM Motor 3 kW,No,27,3,45625.00,136875.00,FG-DISP-0001459,SN-DISP-0001459,Generated dispatch item.
1460,1465,1517,102,PMSM Motor 7.5 kW,No,44,3,102500.00,307500.00,FG-DISP-0001460,SN-DISP-0001460,Generated dispatch item.
1461,1466,4218,100,BLDC Motor 1.5 kW,No,16,7,23125.00,161875.00,FG-DISP-0001461,SN-DISP-0001461,Generated dispatch item.
1462,1467,1519,101,PMSM Motor 3 kW,No,39,7,45625.00,319375.00,FG-DISP-0001462,SN-DISP-0001462,Generated dispatch item.
1463,1468,4220,102,PMSM Motor 7.5 kW,No,32,1,102500.00,102500.00,FG-DISP-0001463,SN-DISP-0001463,Generated dispatch item.
1464,1469,1521,100,BLDC Motor 1.5 kW,No,35,6,23125.00,138750.00,FG-DISP-0001464,SN-DISP-0001464,Generated dispatch item.
1465,1470,4222,101,PMSM Motor 3 kW,No,38,5,45625.00,228125.00,FG-DISP-0001465,SN-DISP-0001465,Generated dispatch item.
1466,1471,1523,102,PMSM Motor 7.5 kW,No,49,2,102500.00,205000.00,FG-DISP-0001466,SN-DISP-0001466,Generated dispatch item.
1467,1472,4224,100,BLDC Motor 1.5 kW,No,50,2,23125.00,46250.00,FG-DISP-0001467,SN-DISP-0001467,Generated dispatch item.
1468,1473,1525,101,PMSM Motor 3 kW,No,60,6,45625.00,273750.00,FG-DISP-0001468,SN-DISP-0001468,Generated dispatch item.
1469,1474,4226,102,PMSM Motor 7.5 kW,No,50,3,102500.00,307500.00,FG-DISP-0001469,SN-DISP-0001469,Generated dispatch item.
1470,1475,1527,100,BLDC Motor 1.5 kW,No,7,1,23125.00,23125.00,FG-DISP-0001470,SN-DISP-0001470,Generated dispatch item.
1471,1476,4228,101,PMSM Motor 3 kW,No,28,7,45625.00,319375.00,FG-DISP-0001471,SN-DISP-0001471,Generated dispatch item.
1472,1477,1529,102,PMSM Motor 7.5 kW,No,39,7,102500.00,717500.00,FG-DISP-0001472,SN-DISP-0001472,Generated dispatch item.
1473,1478,4230,100,BLDC Motor 1.5 kW,No,53,3,23125.00,69375.00,FG-DISP-0001473,SN-DISP-0001473,Generated dispatch item.
1474,1479,1531,101,PMSM Motor 3 kW,No,45,3,45625.00,136875.00,FG-DISP-0001474,SN-DISP-0001474,Generated dispatch item.
1475,1480,4232,102,PMSM Motor 7.5 kW,No,46,3,102500.00,307500.00,FG-DISP-0001475,SN-DISP-0001475,Generated dispatch item.
1476,1481,1533,100,BLDC Motor 1.5 kW,No,22,2,23125.00,46250.00,FG-DISP-0001476,SN-DISP-0001476,Generated dispatch item.
1477,1482,4234,101,PMSM Motor 3 kW,No,17,1,45625.00,45625.00,FG-DISP-0001477,SN-DISP-0001477,Generated dispatch item.
1478,1483,1535,102,PMSM Motor 7.5 kW,No,55,2,102500.00,205000.00,FG-DISP-0001478,SN-DISP-0001478,Generated dispatch item.
1479,1484,4236,100,BLDC Motor 1.5 kW,No,29,3,23125.00,69375.00,FG-DISP-0001479,SN-DISP-0001479,Generated dispatch item.
1480,1485,1537,101,PMSM Motor 3 kW,No,30,2,45625.00,91250.00,FG-DISP-0001480,SN-DISP-0001480,Generated dispatch item.
1481,1486,4238,102,PMSM Motor 7.5 kW,No,21,1,102500.00,102500.00,FG-DISP-0001481,SN-DISP-0001481,Generated dispatch item.
1482,1487,1539,100,BLDC Motor 1.5 kW,No,14,7,23125.00,161875.00,FG-DISP-0001482,SN-DISP-0001482,Generated dispatch item.
1483,1488,4240,101,PMSM Motor 3 kW,No,30,7,45625.00,319375.00,FG-DISP-0001483,SN-DISP-0001483,Generated dispatch item.
1484,1489,1541,102,PMSM Motor 7.5 kW,No,52,3,102500.00,307500.00,FG-DISP-0001484,SN-DISP-0001484,Generated dispatch item.
1485,1490,4242,100,BLDC Motor 1.5 kW,No,23,5,23125.00,115625.00,FG-DISP-0001485,SN-DISP-0001485,Generated dispatch item.
1486,1491,1543,101,PMSM Motor 3 kW,No,57,1,45625.00,45625.00,FG-DISP-0001486,SN-DISP-0001486,Generated dispatch item.
1487,1492,4244,102,PMSM Motor 7.5 kW,No,47,7,102500.00,717500.00,FG-DISP-0001487,SN-DISP-0001487,Generated dispatch item.
1488,1493,1545,100,BLDC Motor 1.5 kW,No,10,6,23125.00,138750.00,FG-DISP-0001488,SN-DISP-0001488,Generated dispatch item.
1489,1494,4246,101,PMSM Motor 3 kW,No,50,2,45625.00,91250.00,FG-DISP-0001489,SN-DISP-0001489,Generated dispatch item.
1490,1495,1547,102,PMSM Motor 7.5 kW,No,47,2,102500.00,205000.00,FG-DISP-0001490,SN-DISP-0001490,Generated dispatch item.
1491,1496,4248,100,BLDC Motor 1.5 kW,No,45,3,23125.00,69375.00,FG-DISP-0001491,SN-DISP-0001491,Generated dispatch item.
1492,1497,1549,101,PMSM Motor 3 kW,No,17,1,45625.00,45625.00,FG-DISP-0001492,SN-DISP-0001492,Generated dispatch item.
1493,1498,4250,102,PMSM Motor 7.5 kW,No,44,3,102500.00,307500.00,FG-DISP-0001493,SN-DISP-0001493,Generated dispatch item.
1494,1499,1551,100,BLDC Motor 1.5 kW,No,5,5,23125.00,115625.00,FG-DISP-0001494,SN-DISP-0001494,Generated dispatch item.
1495,1500,4252,101,PMSM Motor 3 kW,No,10,6,45625.00,273750.00,FG-DISP-0001495,SN-DISP-0001495,Generated dispatch item.
1496,1501,1553,102,PMSM Motor 7.5 kW,No,19,1,102500.00,102500.00,FG-DISP-0001496,SN-DISP-0001496,Generated dispatch item.
1497,1502,4254,100,BLDC Motor 1.5 kW,No,54,3,23125.00,69375.00,FG-DISP-0001497,SN-DISP-0001497,Generated dispatch item.
1498,1503,1555,101,PMSM Motor 3 kW,No,52,6,45625.00,273750.00,FG-DISP-0001498,SN-DISP-0001498,Generated dispatch item.
1499,1504,4256,102,PMSM Motor 7.5 kW,No,5,5,102500.00,512500.00,FG-DISP-0001499,SN-DISP-0001499,Generated dispatch item.
1500,1505,1557,100,BLDC Motor 1.5 kW,No,12,4,23125.00,92500.00,FG-DISP-0001500,SN-DISP-0001500,Generated dispatch item.
1501,1506,4258,101,PMSM Motor 3 kW,No,41,6,45625.00,273750.00,FG-DISP-0001501,SN-DISP-0001501,Generated dispatch item.
1502,1507,1559,102,PMSM Motor 7.5 kW,No,12,2,102500.00,205000.00,FG-DISP-0001502,SN-DISP-0001502,Generated dispatch item.
1503,1508,4260,100,BLDC Motor 1.5 kW,No,5,5,23125.00,115625.00,FG-DISP-0001503,SN-DISP-0001503,Generated dispatch item.
1504,1509,1561,101,PMSM Motor 3 kW,No,46,4,45625.00,182500.00,FG-DISP-0001504,SN-DISP-0001504,Generated dispatch item.
1505,1510,4262,102,PMSM Motor 7.5 kW,No,33,5,102500.00,512500.00,FG-DISP-0001505,SN-DISP-0001505,Generated dispatch item.
1506,1511,1563,100,BLDC Motor 1.5 kW,No,27,2,23125.00,46250.00,FG-DISP-0001506,SN-DISP-0001506,Generated dispatch item.
1507,1512,4264,101,PMSM Motor 3 kW,No,34,2,45625.00,91250.00,FG-DISP-0001507,SN-DISP-0001507,Generated dispatch item.
1508,1513,1565,102,PMSM Motor 7.5 kW,No,13,4,102500.00,410000.00,FG-DISP-0001508,SN-DISP-0001508,Generated dispatch item.
1509,1514,4266,100,BLDC Motor 1.5 kW,No,16,4,23125.00,92500.00,FG-DISP-0001509,SN-DISP-0001509,Generated dispatch item.
1510,1515,1567,101,PMSM Motor 3 kW,No,17,5,45625.00,228125.00,FG-DISP-0001510,SN-DISP-0001510,Generated dispatch item.
1511,1516,4268,102,PMSM Motor 7.5 kW,No,7,6,102500.00,615000.00,FG-DISP-0001511,SN-DISP-0001511,Generated dispatch item.
1512,1517,1569,100,BLDC Motor 1.5 kW,No,49,6,23125.00,138750.00,FG-DISP-0001512,SN-DISP-0001512,Generated dispatch item.
1513,1518,4270,101,PMSM Motor 3 kW,No,13,3,45625.00,136875.00,FG-DISP-0001513,SN-DISP-0001513,Generated dispatch item.
1514,1519,1571,102,PMSM Motor 7.5 kW,No,39,4,102500.00,410000.00,FG-DISP-0001514,SN-DISP-0001514,Generated dispatch item.
1515,1520,4272,100,BLDC Motor 1.5 kW,No,60,1,23125.00,23125.00,FG-DISP-0001515,SN-DISP-0001515,Generated dispatch item.
1516,1521,1573,101,PMSM Motor 3 kW,No,47,6,45625.00,273750.00,FG-DISP-0001516,SN-DISP-0001516,Generated dispatch item.
1517,1522,4274,102,PMSM Motor 7.5 kW,No,56,1,102500.00,102500.00,FG-DISP-0001517,SN-DISP-0001517,Generated dispatch item.
1518,1523,1575,100,BLDC Motor 1.5 kW,No,10,1,23125.00,23125.00,FG-DISP-0001518,SN-DISP-0001518,Generated dispatch item.
1519,1524,4276,101,PMSM Motor 3 kW,No,46,4,45625.00,182500.00,FG-DISP-0001519,SN-DISP-0001519,Generated dispatch item.
1520,1525,1577,102,PMSM Motor 7.5 kW,No,30,7,102500.00,717500.00,FG-DISP-0001520,SN-DISP-0001520,Generated dispatch item.
1521,1526,4278,100,BLDC Motor 1.5 kW,No,17,3,23125.00,69375.00,FG-DISP-0001521,SN-DISP-0001521,Generated dispatch item.
1522,1527,1579,101,PMSM Motor 3 kW,No,49,2,45625.00,91250.00,FG-DISP-0001522,SN-DISP-0001522,Generated dispatch item.
1523,1528,4280,102,PMSM Motor 7.5 kW,No,53,2,102500.00,205000.00,FG-DISP-0001523,SN-DISP-0001523,Generated dispatch item.
1524,1529,1581,100,BLDC Motor 1.5 kW,No,19,6,23125.00,138750.00,FG-DISP-0001524,SN-DISP-0001524,Generated dispatch item.
1525,1530,4282,101,PMSM Motor 3 kW,No,11,5,45625.00,228125.00,FG-DISP-0001525,SN-DISP-0001525,Generated dispatch item.
1526,1531,1583,102,PMSM Motor 7.5 kW,No,14,4,102500.00,410000.00,FG-DISP-0001526,SN-DISP-0001526,Generated dispatch item.
1527,1532,4284,100,BLDC Motor 1.5 kW,No,38,7,23125.00,161875.00,FG-DISP-0001527,SN-DISP-0001527,Generated dispatch item.
1528,1533,1585,101,PMSM Motor 3 kW,No,26,1,45625.00,45625.00,FG-DISP-0001528,SN-DISP-0001528,Generated dispatch item.
1529,1534,4286,102,PMSM Motor 7.5 kW,No,36,5,102500.00,512500.00,FG-DISP-0001529,SN-DISP-0001529,Generated dispatch item.
1530,1535,1587,100,BLDC Motor 1.5 kW,No,23,3,23125.00,69375.00,FG-DISP-0001530,SN-DISP-0001530,Generated dispatch item.
1531,1536,4288,101,PMSM Motor 3 kW,No,53,2,45625.00,91250.00,FG-DISP-0001531,SN-DISP-0001531,Generated dispatch item.
1532,1537,1589,102,PMSM Motor 7.5 kW,No,15,7,102500.00,717500.00,FG-DISP-0001532,SN-DISP-0001532,Generated dispatch item.
1533,1538,4290,100,BLDC Motor 1.5 kW,No,55,7,23125.00,161875.00,FG-DISP-0001533,SN-DISP-0001533,Generated dispatch item.
1534,1539,1591,101,PMSM Motor 3 kW,No,58,6,45625.00,273750.00,FG-DISP-0001534,SN-DISP-0001534,Generated dispatch item.
1535,1540,4292,102,PMSM Motor 7.5 kW,No,20,2,102500.00,205000.00,FG-DISP-0001535,SN-DISP-0001535,Generated dispatch item.
1536,1541,1593,100,BLDC Motor 1.5 kW,No,32,6,23125.00,138750.00,FG-DISP-0001536,SN-DISP-0001536,Generated dispatch item.
1537,1542,4294,101,PMSM Motor 3 kW,No,41,3,45625.00,136875.00,FG-DISP-0001537,SN-DISP-0001537,Generated dispatch item.
1538,1543,1595,102,PMSM Motor 7.5 kW,No,39,3,102500.00,307500.00,FG-DISP-0001538,SN-DISP-0001538,Generated dispatch item.
1539,1544,4296,100,BLDC Motor 1.5 kW,No,23,2,23125.00,46250.00,FG-DISP-0001539,SN-DISP-0001539,Generated dispatch item.
1540,1545,1597,101,PMSM Motor 3 kW,No,11,5,45625.00,228125.00,FG-DISP-0001540,SN-DISP-0001540,Generated dispatch item.
1541,1546,4298,102,PMSM Motor 7.5 kW,No,49,7,102500.00,717500.00,FG-DISP-0001541,SN-DISP-0001541,Generated dispatch item.
1542,1547,1599,100,BLDC Motor 1.5 kW,No,39,2,23125.00,46250.00,FG-DISP-0001542,SN-DISP-0001542,Generated dispatch item.
1543,1548,4300,101,PMSM Motor 3 kW,No,14,4,45625.00,182500.00,FG-DISP-0001543,SN-DISP-0001543,Generated dispatch item.
1544,1549,1601,102,PMSM Motor 7.5 kW,No,36,5,102500.00,512500.00,FG-DISP-0001544,SN-DISP-0001544,Generated dispatch item.
1545,1550,4302,100,BLDC Motor 1.5 kW,No,32,5,23125.00,115625.00,FG-DISP-0001545,SN-DISP-0001545,Generated dispatch item.
1546,1551,1603,101,PMSM Motor 3 kW,No,57,2,45625.00,91250.00,FG-DISP-0001546,SN-DISP-0001546,Generated dispatch item.
1547,1552,4304,102,PMSM Motor 7.5 kW,No,16,1,102500.00,102500.00,FG-DISP-0001547,SN-DISP-0001547,Generated dispatch item.
1548,1553,1605,100,BLDC Motor 1.5 kW,No,28,6,23125.00,138750.00,FG-DISP-0001548,SN-DISP-0001548,Generated dispatch item.
1549,1554,4306,101,PMSM Motor 3 kW,No,55,5,45625.00,228125.00,FG-DISP-0001549,SN-DISP-0001549,Generated dispatch item.
1550,1555,1607,102,PMSM Motor 7.5 kW,No,48,5,102500.00,512500.00,FG-DISP-0001550,SN-DISP-0001550,Generated dispatch item.
1551,1556,4308,100,BLDC Motor 1.5 kW,No,58,4,23125.00,92500.00,FG-DISP-0001551,SN-DISP-0001551,Generated dispatch item.
1552,1557,1609,101,PMSM Motor 3 kW,No,22,3,45625.00,136875.00,FG-DISP-0001552,SN-DISP-0001552,Generated dispatch item.
1553,1558,4310,102,PMSM Motor 7.5 kW,No,49,2,102500.00,205000.00,FG-DISP-0001553,SN-DISP-0001553,Generated dispatch item.
1554,1559,1611,100,BLDC Motor 1.5 kW,No,37,5,23125.00,115625.00,FG-DISP-0001554,SN-DISP-0001554,Generated dispatch item.
1555,1560,4312,101,PMSM Motor 3 kW,No,21,6,45625.00,273750.00,FG-DISP-0001555,SN-DISP-0001555,Generated dispatch item.
1556,1561,1613,102,PMSM Motor 7.5 kW,No,56,3,102500.00,307500.00,FG-DISP-0001556,SN-DISP-0001556,Generated dispatch item.
1557,1562,4314,100,BLDC Motor 1.5 kW,No,29,1,23125.00,23125.00,FG-DISP-0001557,SN-DISP-0001557,Generated dispatch item.
1558,1563,1615,101,PMSM Motor 3 kW,No,40,2,45625.00,91250.00,FG-DISP-0001558,SN-DISP-0001558,Generated dispatch item.
1559,1564,4316,102,PMSM Motor 7.5 kW,No,45,5,102500.00,512500.00,FG-DISP-0001559,SN-DISP-0001559,Generated dispatch item.
1560,1565,1617,100,BLDC Motor 1.5 kW,No,44,2,23125.00,46250.00,FG-DISP-0001560,SN-DISP-0001560,Generated dispatch item.
1561,1566,4318,101,PMSM Motor 3 kW,No,57,6,45625.00,273750.00,FG-DISP-0001561,SN-DISP-0001561,Generated dispatch item.
1562,1567,1619,102,PMSM Motor 7.5 kW,No,54,2,102500.00,205000.00,FG-DISP-0001562,SN-DISP-0001562,Generated dispatch item.
1563,1568,4320,100,BLDC Motor 1.5 kW,No,10,4,23125.00,92500.00,FG-DISP-0001563,SN-DISP-0001563,Generated dispatch item.
1564,1569,1621,101,PMSM Motor 3 kW,No,56,2,45625.00,91250.00,FG-DISP-0001564,SN-DISP-0001564,Generated dispatch item.
1565,1570,4322,102,PMSM Motor 7.5 kW,No,58,4,102500.00,410000.00,FG-DISP-0001565,SN-DISP-0001565,Generated dispatch item.
1566,1571,1623,100,BLDC Motor 1.5 kW,No,16,5,23125.00,115625.00,FG-DISP-0001566,SN-DISP-0001566,Generated dispatch item.
1567,1572,4324,101,PMSM Motor 3 kW,No,20,6,45625.00,273750.00,FG-DISP-0001567,SN-DISP-0001567,Generated dispatch item.
1568,1573,1625,102,PMSM Motor 7.5 kW,No,15,6,102500.00,615000.00,FG-DISP-0001568,SN-DISP-0001568,Generated dispatch item.
1569,1574,4326,100,BLDC Motor 1.5 kW,No,53,4,23125.00,92500.00,FG-DISP-0001569,SN-DISP-0001569,Generated dispatch item.
1570,1575,1627,101,PMSM Motor 3 kW,No,35,4,45625.00,182500.00,FG-DISP-0001570,SN-DISP-0001570,Generated dispatch item.
1571,1576,4328,102,PMSM Motor 7.5 kW,No,29,3,102500.00,307500.00,FG-DISP-0001571,SN-DISP-0001571,Generated dispatch item.
1572,1577,1629,100,BLDC Motor 1.5 kW,No,60,7,23125.00,161875.00,FG-DISP-0001572,SN-DISP-0001572,Generated dispatch item.
1573,1578,4330,101,PMSM Motor 3 kW,No,26,6,45625.00,273750.00,FG-DISP-0001573,SN-DISP-0001573,Generated dispatch item.
1574,1579,1631,102,PMSM Motor 7.5 kW,No,32,7,102500.00,717500.00,FG-DISP-0001574,SN-DISP-0001574,Generated dispatch item.
1575,1580,4332,100,BLDC Motor 1.5 kW,No,42,6,23125.00,138750.00,FG-DISP-0001575,SN-DISP-0001575,Generated dispatch item.
1576,1581,1633,101,PMSM Motor 3 kW,No,23,1,45625.00,45625.00,FG-DISP-0001576,SN-DISP-0001576,Generated dispatch item.
1577,1582,4334,102,PMSM Motor 7.5 kW,No,17,2,102500.00,205000.00,FG-DISP-0001577,SN-DISP-0001577,Generated dispatch item.
1578,1583,1635,100,BLDC Motor 1.5 kW,No,35,4,23125.00,92500.00,FG-DISP-0001578,SN-DISP-0001578,Generated dispatch item.
1579,1584,4336,101,PMSM Motor 3 kW,No,23,3,45625.00,136875.00,FG-DISP-0001579,SN-DISP-0001579,Generated dispatch item.
1580,1585,1637,102,PMSM Motor 7.5 kW,No,8,7,102500.00,717500.00,FG-DISP-0001580,SN-DISP-0001580,Generated dispatch item.
1581,1586,4338,100,BLDC Motor 1.5 kW,No,25,4,23125.00,92500.00,FG-DISP-0001581,SN-DISP-0001581,Generated dispatch item.
1582,1587,1639,101,PMSM Motor 3 kW,No,14,2,45625.00,91250.00,FG-DISP-0001582,SN-DISP-0001582,Generated dispatch item.
1583,1588,4340,102,PMSM Motor 7.5 kW,No,52,5,102500.00,512500.00,FG-DISP-0001583,SN-DISP-0001583,Generated dispatch item.
1584,1589,1641,100,BLDC Motor 1.5 kW,No,13,3,23125.00,69375.00,FG-DISP-0001584,SN-DISP-0001584,Generated dispatch item.
1585,1590,4342,101,PMSM Motor 3 kW,No,44,1,45625.00,45625.00,FG-DISP-0001585,SN-DISP-0001585,Generated dispatch item.
1586,1591,1643,102,PMSM Motor 7.5 kW,No,6,6,102500.00,615000.00,FG-DISP-0001586,SN-DISP-0001586,Generated dispatch item.
1587,1592,4344,100,BLDC Motor 1.5 kW,No,60,7,23125.00,161875.00,FG-DISP-0001587,SN-DISP-0001587,Generated dispatch item.
1588,1593,1645,101,PMSM Motor 3 kW,No,45,6,45625.00,273750.00,FG-DISP-0001588,SN-DISP-0001588,Generated dispatch item.
1589,1594,4346,102,PMSM Motor 7.5 kW,No,53,3,102500.00,307500.00,FG-DISP-0001589,SN-DISP-0001589,Generated dispatch item.
1590,1595,1647,100,BLDC Motor 1.5 kW,No,23,6,23125.00,138750.00,FG-DISP-0001590,SN-DISP-0001590,Generated dispatch item.
1591,1596,4348,101,PMSM Motor 3 kW,No,14,3,45625.00,136875.00,FG-DISP-0001591,SN-DISP-0001591,Generated dispatch item.
1592,1597,1649,102,PMSM Motor 7.5 kW,No,14,7,102500.00,717500.00,FG-DISP-0001592,SN-DISP-0001592,Generated dispatch item.
1593,1598,4350,100,BLDC Motor 1.5 kW,No,46,7,23125.00,161875.00,FG-DISP-0001593,SN-DISP-0001593,Generated dispatch item.
1594,1599,1651,101,PMSM Motor 3 kW,No,33,2,45625.00,91250.00,FG-DISP-0001594,SN-DISP-0001594,Generated dispatch item.
1595,1600,4352,102,PMSM Motor 7.5 kW,No,45,3,102500.00,307500.00,FG-DISP-0001595,SN-DISP-0001595,Generated dispatch item.
1596,1601,1653,100,BLDC Motor 1.5 kW,No,23,5,23125.00,115625.00,FG-DISP-0001596,SN-DISP-0001596,Generated dispatch item.
1597,1602,4354,101,PMSM Motor 3 kW,No,41,2,45625.00,91250.00,FG-DISP-0001597,SN-DISP-0001597,Generated dispatch item.
1598,1603,1655,102,PMSM Motor 7.5 kW,No,27,6,102500.00,615000.00,FG-DISP-0001598,SN-DISP-0001598,Generated dispatch item.
1599,1604,4356,100,BLDC Motor 1.5 kW,No,56,5,23125.00,115625.00,FG-DISP-0001599,SN-DISP-0001599,Generated dispatch item.
1600,1605,1657,101,PMSM Motor 3 kW,No,22,2,45625.00,91250.00,FG-DISP-0001600,SN-DISP-0001600,Generated dispatch item.
1601,1606,4358,102,PMSM Motor 7.5 kW,No,49,6,102500.00,615000.00,FG-DISP-0001601,SN-DISP-0001601,Generated dispatch item.
1602,1607,1659,100,BLDC Motor 1.5 kW,No,5,1,23125.00,23125.00,FG-DISP-0001602,SN-DISP-0001602,Generated dispatch item.
1603,1608,4360,101,PMSM Motor 3 kW,No,23,3,45625.00,136875.00,FG-DISP-0001603,SN-DISP-0001603,Generated dispatch item.
1604,1609,1661,102,PMSM Motor 7.5 kW,No,43,2,102500.00,205000.00,FG-DISP-0001604,SN-DISP-0001604,Generated dispatch item.
1605,1610,4362,100,BLDC Motor 1.5 kW,No,11,1,23125.00,23125.00,FG-DISP-0001605,SN-DISP-0001605,Generated dispatch item.
1606,1611,1663,101,PMSM Motor 3 kW,No,11,6,45625.00,273750.00,FG-DISP-0001606,SN-DISP-0001606,Generated dispatch item.
1607,1612,4364,102,PMSM Motor 7.5 kW,No,8,2,102500.00,205000.00,FG-DISP-0001607,SN-DISP-0001607,Generated dispatch item.
1608,1613,1665,100,BLDC Motor 1.5 kW,No,17,5,23125.00,115625.00,FG-DISP-0001608,SN-DISP-0001608,Generated dispatch item.
1609,1614,4366,101,PMSM Motor 3 kW,No,9,1,45625.00,45625.00,FG-DISP-0001609,SN-DISP-0001609,Generated dispatch item.
1610,1615,1667,102,PMSM Motor 7.5 kW,No,15,7,102500.00,717500.00,FG-DISP-0001610,SN-DISP-0001610,Generated dispatch item.
1611,1616,4368,100,BLDC Motor 1.5 kW,No,14,7,23125.00,161875.00,FG-DISP-0001611,SN-DISP-0001611,Generated dispatch item.
1612,1617,1669,101,PMSM Motor 3 kW,No,23,3,45625.00,136875.00,FG-DISP-0001612,SN-DISP-0001612,Generated dispatch item.
1613,1618,4370,102,PMSM Motor 7.5 kW,No,29,4,102500.00,410000.00,FG-DISP-0001613,SN-DISP-0001613,Generated dispatch item.
1614,1619,1671,100,BLDC Motor 1.5 kW,No,13,5,23125.00,115625.00,FG-DISP-0001614,SN-DISP-0001614,Generated dispatch item.
1615,1620,4372,101,PMSM Motor 3 kW,No,43,5,45625.00,228125.00,FG-DISP-0001615,SN-DISP-0001615,Generated dispatch item.
1616,1621,1673,102,PMSM Motor 7.5 kW,No,24,1,102500.00,102500.00,FG-DISP-0001616,SN-DISP-0001616,Generated dispatch item.
1617,1622,4374,100,BLDC Motor 1.5 kW,No,19,7,23125.00,161875.00,FG-DISP-0001617,SN-DISP-0001617,Generated dispatch item.
1618,1623,1675,101,PMSM Motor 3 kW,No,18,7,45625.00,319375.00,FG-DISP-0001618,SN-DISP-0001618,Generated dispatch item.
1619,1624,4376,102,PMSM Motor 7.5 kW,No,58,4,102500.00,410000.00,FG-DISP-0001619,SN-DISP-0001619,Generated dispatch item.
1620,1625,1677,100,BLDC Motor 1.5 kW,No,8,4,23125.00,92500.00,FG-DISP-0001620,SN-DISP-0001620,Generated dispatch item.
1621,1626,4378,101,PMSM Motor 3 kW,No,29,2,45625.00,91250.00,FG-DISP-0001621,SN-DISP-0001621,Generated dispatch item.
1622,1627,1679,102,PMSM Motor 7.5 kW,No,53,6,102500.00,615000.00,FG-DISP-0001622,SN-DISP-0001622,Generated dispatch item.
1623,1628,4380,100,BLDC Motor 1.5 kW,No,16,4,23125.00,92500.00,FG-DISP-0001623,SN-DISP-0001623,Generated dispatch item.
1624,1629,1681,101,PMSM Motor 3 kW,No,22,2,45625.00,91250.00,FG-DISP-0001624,SN-DISP-0001624,Generated dispatch item.
1625,1630,4382,102,PMSM Motor 7.5 kW,No,57,3,102500.00,307500.00,FG-DISP-0001625,SN-DISP-0001625,Generated dispatch item.
1626,1631,1683,100,BLDC Motor 1.5 kW,No,10,1,23125.00,23125.00,FG-DISP-0001626,SN-DISP-0001626,Generated dispatch item.
1627,1632,4384,101,PMSM Motor 3 kW,No,34,6,45625.00,273750.00,FG-DISP-0001627,SN-DISP-0001627,Generated dispatch item.
1628,1633,1685,102,PMSM Motor 7.5 kW,No,34,1,102500.00,102500.00,FG-DISP-0001628,SN-DISP-0001628,Generated dispatch item.
1629,1634,4386,100,BLDC Motor 1.5 kW,No,9,4,23125.00,92500.00,FG-DISP-0001629,SN-DISP-0001629,Generated dispatch item.
1630,1635,1687,101,PMSM Motor 3 kW,No,11,6,45625.00,273750.00,FG-DISP-0001630,SN-DISP-0001630,Generated dispatch item.
1631,1636,4388,102,PMSM Motor 7.5 kW,No,46,1,102500.00,102500.00,FG-DISP-0001631,SN-DISP-0001631,Generated dispatch item.
1632,1637,1689,100,BLDC Motor 1.5 kW,No,48,2,23125.00,46250.00,FG-DISP-0001632,SN-DISP-0001632,Generated dispatch item.
1633,1638,4390,101,PMSM Motor 3 kW,No,11,6,45625.00,273750.00,FG-DISP-0001633,SN-DISP-0001633,Generated dispatch item.
1634,1639,1691,102,PMSM Motor 7.5 kW,No,8,6,102500.00,615000.00,FG-DISP-0001634,SN-DISP-0001634,Generated dispatch item.
1635,1640,4392,100,BLDC Motor 1.5 kW,No,25,1,23125.00,23125.00,FG-DISP-0001635,SN-DISP-0001635,Generated dispatch item.
1636,1641,1693,101,PMSM Motor 3 kW,No,31,2,45625.00,91250.00,FG-DISP-0001636,SN-DISP-0001636,Generated dispatch item.
1637,1642,4394,102,PMSM Motor 7.5 kW,No,60,5,102500.00,512500.00,FG-DISP-0001637,SN-DISP-0001637,Generated dispatch item.
1638,1643,1695,100,BLDC Motor 1.5 kW,No,57,4,23125.00,92500.00,FG-DISP-0001638,SN-DISP-0001638,Generated dispatch item.
1639,1644,4396,101,PMSM Motor 3 kW,No,56,4,45625.00,182500.00,FG-DISP-0001639,SN-DISP-0001639,Generated dispatch item.
1640,1645,1697,102,PMSM Motor 7.5 kW,No,13,2,102500.00,205000.00,FG-DISP-0001640,SN-DISP-0001640,Generated dispatch item.
1641,1646,4398,100,BLDC Motor 1.5 kW,No,23,4,23125.00,92500.00,FG-DISP-0001641,SN-DISP-0001641,Generated dispatch item.
1642,1647,1699,101,PMSM Motor 3 kW,No,16,1,45625.00,45625.00,FG-DISP-0001642,SN-DISP-0001642,Generated dispatch item.
1643,1648,4400,102,PMSM Motor 7.5 kW,No,33,7,102500.00,717500.00,FG-DISP-0001643,SN-DISP-0001643,Generated dispatch item.
1644,1649,1701,100,BLDC Motor 1.5 kW,No,38,4,23125.00,92500.00,FG-DISP-0001644,SN-DISP-0001644,Generated dispatch item.
1645,1650,4402,101,PMSM Motor 3 kW,No,43,3,45625.00,136875.00,FG-DISP-0001645,SN-DISP-0001645,Generated dispatch item.
1646,1651,1703,102,PMSM Motor 7.5 kW,No,59,3,102500.00,307500.00,FG-DISP-0001646,SN-DISP-0001646,Generated dispatch item.
1647,1652,4404,100,BLDC Motor 1.5 kW,No,50,3,23125.00,69375.00,FG-DISP-0001647,SN-DISP-0001647,Generated dispatch item.
1648,1653,1705,101,PMSM Motor 3 kW,No,26,4,45625.00,182500.00,FG-DISP-0001648,SN-DISP-0001648,Generated dispatch item.
1649,1654,4406,102,PMSM Motor 7.5 kW,No,41,2,102500.00,205000.00,FG-DISP-0001649,SN-DISP-0001649,Generated dispatch item.
1650,1655,1707,100,BLDC Motor 1.5 kW,No,41,5,23125.00,115625.00,FG-DISP-0001650,SN-DISP-0001650,Generated dispatch item.
1651,1656,4408,101,PMSM Motor 3 kW,No,16,2,45625.00,91250.00,FG-DISP-0001651,SN-DISP-0001651,Generated dispatch item.
1652,1657,1709,102,PMSM Motor 7.5 kW,No,13,3,102500.00,307500.00,FG-DISP-0001652,SN-DISP-0001652,Generated dispatch item.
1653,1658,4410,100,BLDC Motor 1.5 kW,No,52,7,23125.00,161875.00,FG-DISP-0001653,SN-DISP-0001653,Generated dispatch item.
1654,1659,1711,101,PMSM Motor 3 kW,No,40,4,45625.00,182500.00,FG-DISP-0001654,SN-DISP-0001654,Generated dispatch item.
1655,1660,4412,102,PMSM Motor 7.5 kW,No,52,7,102500.00,717500.00,FG-DISP-0001655,SN-DISP-0001655,Generated dispatch item.
1656,1661,1713,100,BLDC Motor 1.5 kW,No,19,5,23125.00,115625.00,FG-DISP-0001656,SN-DISP-0001656,Generated dispatch item.
1657,1662,4414,101,PMSM Motor 3 kW,No,31,6,45625.00,273750.00,FG-DISP-0001657,SN-DISP-0001657,Generated dispatch item.
1658,1663,1715,102,PMSM Motor 7.5 kW,No,39,1,102500.00,102500.00,FG-DISP-0001658,SN-DISP-0001658,Generated dispatch item.
1659,1664,4416,100,BLDC Motor 1.5 kW,No,59,4,23125.00,92500.00,FG-DISP-0001659,SN-DISP-0001659,Generated dispatch item.
1660,1665,1717,101,PMSM Motor 3 kW,No,9,3,45625.00,136875.00,FG-DISP-0001660,SN-DISP-0001660,Generated dispatch item.
1661,1666,4418,102,PMSM Motor 7.5 kW,No,40,1,102500.00,102500.00,FG-DISP-0001661,SN-DISP-0001661,Generated dispatch item.
1662,1667,1719,100,BLDC Motor 1.5 kW,No,34,1,23125.00,23125.00,FG-DISP-0001662,SN-DISP-0001662,Generated dispatch item.
1663,1668,4420,101,PMSM Motor 3 kW,No,54,2,45625.00,91250.00,FG-DISP-0001663,SN-DISP-0001663,Generated dispatch item.
1664,1669,1721,102,PMSM Motor 7.5 kW,No,18,1,102500.00,102500.00,FG-DISP-0001664,SN-DISP-0001664,Generated dispatch item.
1665,1670,4422,100,BLDC Motor 1.5 kW,No,56,4,23125.00,92500.00,FG-DISP-0001665,SN-DISP-0001665,Generated dispatch item.
1666,1671,1723,101,PMSM Motor 3 kW,No,43,1,45625.00,45625.00,FG-DISP-0001666,SN-DISP-0001666,Generated dispatch item.
1667,1672,4424,102,PMSM Motor 7.5 kW,No,52,6,102500.00,615000.00,FG-DISP-0001667,SN-DISP-0001667,Generated dispatch item.
1668,1673,1725,100,BLDC Motor 1.5 kW,No,46,5,23125.00,115625.00,FG-DISP-0001668,SN-DISP-0001668,Generated dispatch item.
1669,1674,4426,101,PMSM Motor 3 kW,No,13,7,45625.00,319375.00,FG-DISP-0001669,SN-DISP-0001669,Generated dispatch item.
1670,1675,1727,102,PMSM Motor 7.5 kW,No,52,1,102500.00,102500.00,FG-DISP-0001670,SN-DISP-0001670,Generated dispatch item.
1671,1676,4428,100,BLDC Motor 1.5 kW,No,31,1,23125.00,23125.00,FG-DISP-0001671,SN-DISP-0001671,Generated dispatch item.
1672,1677,1729,101,PMSM Motor 3 kW,No,60,7,45625.00,319375.00,FG-DISP-0001672,SN-DISP-0001672,Generated dispatch item.
1673,1678,4430,102,PMSM Motor 7.5 kW,No,9,3,102500.00,307500.00,FG-DISP-0001673,SN-DISP-0001673,Generated dispatch item.
1674,1679,1731,100,BLDC Motor 1.5 kW,No,30,6,23125.00,138750.00,FG-DISP-0001674,SN-DISP-0001674,Generated dispatch item.
1675,1680,4432,101,PMSM Motor 3 kW,No,42,2,45625.00,91250.00,FG-DISP-0001675,SN-DISP-0001675,Generated dispatch item.
1676,1681,1733,102,PMSM Motor 7.5 kW,No,42,1,102500.00,102500.00,FG-DISP-0001676,SN-DISP-0001676,Generated dispatch item.
1677,1682,4434,100,BLDC Motor 1.5 kW,No,48,4,23125.00,92500.00,FG-DISP-0001677,SN-DISP-0001677,Generated dispatch item.
1678,1683,1735,101,PMSM Motor 3 kW,No,6,5,45625.00,228125.00,FG-DISP-0001678,SN-DISP-0001678,Generated dispatch item.
1679,1684,4436,102,PMSM Motor 7.5 kW,No,44,1,102500.00,102500.00,FG-DISP-0001679,SN-DISP-0001679,Generated dispatch item.
1680,1685,1737,100,BLDC Motor 1.5 kW,No,55,1,23125.00,23125.00,FG-DISP-0001680,SN-DISP-0001680,Generated dispatch item.
1681,1686,4438,101,PMSM Motor 3 kW,No,49,2,45625.00,91250.00,FG-DISP-0001681,SN-DISP-0001681,Generated dispatch item.
1682,1687,1739,102,PMSM Motor 7.5 kW,No,39,1,102500.00,102500.00,FG-DISP-0001682,SN-DISP-0001682,Generated dispatch item.
1683,1688,4440,100,BLDC Motor 1.5 kW,No,35,7,23125.00,161875.00,FG-DISP-0001683,SN-DISP-0001683,Generated dispatch item.
1684,1689,1741,101,PMSM Motor 3 kW,No,28,7,45625.00,319375.00,FG-DISP-0001684,SN-DISP-0001684,Generated dispatch item.
1685,1690,4442,102,PMSM Motor 7.5 kW,No,59,1,102500.00,102500.00,FG-DISP-0001685,SN-DISP-0001685,Generated dispatch item.
1686,1691,1743,100,BLDC Motor 1.5 kW,No,29,4,23125.00,92500.00,FG-DISP-0001686,SN-DISP-0001686,Generated dispatch item.
1687,1692,4444,101,PMSM Motor 3 kW,No,26,3,45625.00,136875.00,FG-DISP-0001687,SN-DISP-0001687,Generated dispatch item.
1688,1693,1745,102,PMSM Motor 7.5 kW,No,47,1,102500.00,102500.00,FG-DISP-0001688,SN-DISP-0001688,Generated dispatch item.
1689,1694,4446,100,BLDC Motor 1.5 kW,No,40,5,23125.00,115625.00,FG-DISP-0001689,SN-DISP-0001689,Generated dispatch item.
1690,1695,1747,101,PMSM Motor 3 kW,No,51,6,45625.00,273750.00,FG-DISP-0001690,SN-DISP-0001690,Generated dispatch item.
1691,1696,4448,102,PMSM Motor 7.5 kW,No,24,5,102500.00,512500.00,FG-DISP-0001691,SN-DISP-0001691,Generated dispatch item.
1692,1697,1749,100,BLDC Motor 1.5 kW,No,50,7,23125.00,161875.00,FG-DISP-0001692,SN-DISP-0001692,Generated dispatch item.
1693,1698,4450,101,PMSM Motor 3 kW,No,51,5,45625.00,228125.00,FG-DISP-0001693,SN-DISP-0001693,Generated dispatch item.
1694,1699,1751,102,PMSM Motor 7.5 kW,No,33,4,102500.00,410000.00,FG-DISP-0001694,SN-DISP-0001694,Generated dispatch item.
1695,1700,4452,100,BLDC Motor 1.5 kW,No,27,7,23125.00,161875.00,FG-DISP-0001695,SN-DISP-0001695,Generated dispatch item.
1696,1701,1753,101,PMSM Motor 3 kW,No,25,5,45625.00,228125.00,FG-DISP-0001696,SN-DISP-0001696,Generated dispatch item.
1697,1702,4454,102,PMSM Motor 7.5 kW,No,11,6,102500.00,615000.00,FG-DISP-0001697,SN-DISP-0001697,Generated dispatch item.
1698,1703,1755,100,BLDC Motor 1.5 kW,No,57,6,23125.00,138750.00,FG-DISP-0001698,SN-DISP-0001698,Generated dispatch item.
1699,1704,4456,101,PMSM Motor 3 kW,No,13,1,45625.00,45625.00,FG-DISP-0001699,SN-DISP-0001699,Generated dispatch item.
1700,1705,1757,102,PMSM Motor 7.5 kW,No,40,6,102500.00,615000.00,FG-DISP-0001700,SN-DISP-0001700,Generated dispatch item.
1701,1706,4458,100,BLDC Motor 1.5 kW,No,30,6,23125.00,138750.00,FG-DISP-0001701,SN-DISP-0001701,Generated dispatch item.
1702,1707,1759,101,PMSM Motor 3 kW,No,35,4,45625.00,182500.00,FG-DISP-0001702,SN-DISP-0001702,Generated dispatch item.
1703,1708,4460,102,PMSM Motor 7.5 kW,No,12,4,102500.00,410000.00,FG-DISP-0001703,SN-DISP-0001703,Generated dispatch item.
1704,1709,1761,100,BLDC Motor 1.5 kW,No,38,6,23125.00,138750.00,FG-DISP-0001704,SN-DISP-0001704,Generated dispatch item.
1705,1710,4462,101,PMSM Motor 3 kW,No,50,1,45625.00,45625.00,FG-DISP-0001705,SN-DISP-0001705,Generated dispatch item.
1706,1711,1763,102,PMSM Motor 7.5 kW,No,40,4,102500.00,410000.00,FG-DISP-0001706,SN-DISP-0001706,Generated dispatch item.
1707,1712,4464,100,BLDC Motor 1.5 kW,No,42,6,23125.00,138750.00,FG-DISP-0001707,SN-DISP-0001707,Generated dispatch item.
1708,1713,1765,101,PMSM Motor 3 kW,No,44,2,45625.00,91250.00,FG-DISP-0001708,SN-DISP-0001708,Generated dispatch item.
1709,1714,4466,102,PMSM Motor 7.5 kW,No,36,2,102500.00,205000.00,FG-DISP-0001709,SN-DISP-0001709,Generated dispatch item.
1710,1715,1767,100,BLDC Motor 1.5 kW,No,35,1,23125.00,23125.00,FG-DISP-0001710,SN-DISP-0001710,Generated dispatch item.
1711,1716,4468,101,PMSM Motor 3 kW,No,14,3,45625.00,136875.00,FG-DISP-0001711,SN-DISP-0001711,Generated dispatch item.
1712,1717,1769,102,PMSM Motor 7.5 kW,No,54,3,102500.00,307500.00,FG-DISP-0001712,SN-DISP-0001712,Generated dispatch item.
1713,1718,4470,100,BLDC Motor 1.5 kW,No,58,7,23125.00,161875.00,FG-DISP-0001713,SN-DISP-0001713,Generated dispatch item.
1714,1719,1771,101,PMSM Motor 3 kW,No,53,1,45625.00,45625.00,FG-DISP-0001714,SN-DISP-0001714,Generated dispatch item.
1715,1720,4472,102,PMSM Motor 7.5 kW,No,55,5,102500.00,512500.00,FG-DISP-0001715,SN-DISP-0001715,Generated dispatch item.
1716,1721,1773,100,BLDC Motor 1.5 kW,No,29,1,23125.00,23125.00,FG-DISP-0001716,SN-DISP-0001716,Generated dispatch item.
1717,1722,4474,101,PMSM Motor 3 kW,No,42,6,45625.00,273750.00,FG-DISP-0001717,SN-DISP-0001717,Generated dispatch item.
1718,1723,1775,102,PMSM Motor 7.5 kW,No,14,4,102500.00,410000.00,FG-DISP-0001718,SN-DISP-0001718,Generated dispatch item.
1719,1724,4476,100,BLDC Motor 1.5 kW,No,7,3,23125.00,69375.00,FG-DISP-0001719,SN-DISP-0001719,Generated dispatch item.
1720,1725,1777,101,PMSM Motor 3 kW,No,37,7,45625.00,319375.00,FG-DISP-0001720,SN-DISP-0001720,Generated dispatch item.
1721,1726,4478,102,PMSM Motor 7.5 kW,No,16,6,102500.00,615000.00,FG-DISP-0001721,SN-DISP-0001721,Generated dispatch item.
1722,1727,1779,100,BLDC Motor 1.5 kW,No,39,1,23125.00,23125.00,FG-DISP-0001722,SN-DISP-0001722,Generated dispatch item.
1723,1728,4480,101,PMSM Motor 3 kW,No,18,2,45625.00,91250.00,FG-DISP-0001723,SN-DISP-0001723,Generated dispatch item.
1724,1729,1781,102,PMSM Motor 7.5 kW,No,34,2,102500.00,205000.00,FG-DISP-0001724,SN-DISP-0001724,Generated dispatch item.
1725,1730,4482,100,BLDC Motor 1.5 kW,No,32,5,23125.00,115625.00,FG-DISP-0001725,SN-DISP-0001725,Generated dispatch item.
1726,1731,1783,101,PMSM Motor 3 kW,No,54,6,45625.00,273750.00,FG-DISP-0001726,SN-DISP-0001726,Generated dispatch item.
1727,1732,4484,102,PMSM Motor 7.5 kW,No,33,5,102500.00,512500.00,FG-DISP-0001727,SN-DISP-0001727,Generated dispatch item.
1728,1733,1785,100,BLDC Motor 1.5 kW,No,10,3,23125.00,69375.00,FG-DISP-0001728,SN-DISP-0001728,Generated dispatch item.
1729,1734,4486,101,PMSM Motor 3 kW,No,43,6,45625.00,273750.00,FG-DISP-0001729,SN-DISP-0001729,Generated dispatch item.
1730,1735,1787,102,PMSM Motor 7.5 kW,No,21,6,102500.00,615000.00,FG-DISP-0001730,SN-DISP-0001730,Generated dispatch item.
1731,1736,4488,100,BLDC Motor 1.5 kW,No,11,1,23125.00,23125.00,FG-DISP-0001731,SN-DISP-0001731,Generated dispatch item.
1732,1737,1789,101,PMSM Motor 3 kW,No,53,4,45625.00,182500.00,FG-DISP-0001732,SN-DISP-0001732,Generated dispatch item.
1733,1738,4490,102,PMSM Motor 7.5 kW,No,20,5,102500.00,512500.00,FG-DISP-0001733,SN-DISP-0001733,Generated dispatch item.
1734,1739,1791,100,BLDC Motor 1.5 kW,No,57,5,23125.00,115625.00,FG-DISP-0001734,SN-DISP-0001734,Generated dispatch item.
1735,1740,4492,101,PMSM Motor 3 kW,No,59,2,45625.00,91250.00,FG-DISP-0001735,SN-DISP-0001735,Generated dispatch item.
1736,1741,1793,102,PMSM Motor 7.5 kW,No,28,2,102500.00,205000.00,FG-DISP-0001736,SN-DISP-0001736,Generated dispatch item.
1737,1742,4494,100,BLDC Motor 1.5 kW,No,54,3,23125.00,69375.00,FG-DISP-0001737,SN-DISP-0001737,Generated dispatch item.
1738,1743,1795,101,PMSM Motor 3 kW,No,15,3,45625.00,136875.00,FG-DISP-0001738,SN-DISP-0001738,Generated dispatch item.
1739,1744,4496,102,PMSM Motor 7.5 kW,No,57,7,102500.00,717500.00,FG-DISP-0001739,SN-DISP-0001739,Generated dispatch item.
1740,1745,1797,100,BLDC Motor 1.5 kW,No,28,5,23125.00,115625.00,FG-DISP-0001740,SN-DISP-0001740,Generated dispatch item.
1741,1746,4498,101,PMSM Motor 3 kW,No,51,6,45625.00,273750.00,FG-DISP-0001741,SN-DISP-0001741,Generated dispatch item.
1742,1747,1799,102,PMSM Motor 7.5 kW,No,30,1,102500.00,102500.00,FG-DISP-0001742,SN-DISP-0001742,Generated dispatch item.
1743,1748,4500,100,BLDC Motor 1.5 kW,No,49,6,23125.00,138750.00,FG-DISP-0001743,SN-DISP-0001743,Generated dispatch item.
1744,1749,1801,101,PMSM Motor 3 kW,No,34,2,45625.00,91250.00,FG-DISP-0001744,SN-DISP-0001744,Generated dispatch item.
1745,1750,4502,102,PMSM Motor 7.5 kW,No,55,4,102500.00,410000.00,FG-DISP-0001745,SN-DISP-0001745,Generated dispatch item.
1746,1751,1803,100,BLDC Motor 1.5 kW,No,20,3,23125.00,69375.00,FG-DISP-0001746,SN-DISP-0001746,Generated dispatch item.
1747,1752,4504,101,PMSM Motor 3 kW,No,39,7,45625.00,319375.00,FG-DISP-0001747,SN-DISP-0001747,Generated dispatch item.
1748,1753,1805,102,PMSM Motor 7.5 kW,No,22,5,102500.00,512500.00,FG-DISP-0001748,SN-DISP-0001748,Generated dispatch item.
1749,1754,4506,100,BLDC Motor 1.5 kW,No,34,4,23125.00,92500.00,FG-DISP-0001749,SN-DISP-0001749,Generated dispatch item.
1750,1755,1807,101,PMSM Motor 3 kW,No,41,4,45625.00,182500.00,FG-DISP-0001750,SN-DISP-0001750,Generated dispatch item.
1751,1756,4508,102,PMSM Motor 7.5 kW,No,53,5,102500.00,512500.00,FG-DISP-0001751,SN-DISP-0001751,Generated dispatch item.
1752,1757,1809,100,BLDC Motor 1.5 kW,No,39,6,23125.00,138750.00,FG-DISP-0001752,SN-DISP-0001752,Generated dispatch item.
1753,1758,4510,101,PMSM Motor 3 kW,No,7,5,45625.00,228125.00,FG-DISP-0001753,SN-DISP-0001753,Generated dispatch item.
1754,1759,1811,102,PMSM Motor 7.5 kW,No,42,6,102500.00,615000.00,FG-DISP-0001754,SN-DISP-0001754,Generated dispatch item.
1755,1760,4512,100,BLDC Motor 1.5 kW,No,45,6,23125.00,138750.00,FG-DISP-0001755,SN-DISP-0001755,Generated dispatch item.
1756,1761,1813,101,PMSM Motor 3 kW,No,26,1,45625.00,45625.00,FG-DISP-0001756,SN-DISP-0001756,Generated dispatch item.
1757,1762,4514,102,PMSM Motor 7.5 kW,No,44,3,102500.00,307500.00,FG-DISP-0001757,SN-DISP-0001757,Generated dispatch item.
1758,1763,1815,100,BLDC Motor 1.5 kW,No,23,7,23125.00,161875.00,FG-DISP-0001758,SN-DISP-0001758,Generated dispatch item.
1759,1764,4516,101,PMSM Motor 3 kW,No,22,3,45625.00,136875.00,FG-DISP-0001759,SN-DISP-0001759,Generated dispatch item.
1760,1765,1817,102,PMSM Motor 7.5 kW,No,24,6,102500.00,615000.00,FG-DISP-0001760,SN-DISP-0001760,Generated dispatch item.
1761,1766,4518,100,BLDC Motor 1.5 kW,No,23,4,23125.00,92500.00,FG-DISP-0001761,SN-DISP-0001761,Generated dispatch item.
1762,1767,1819,101,PMSM Motor 3 kW,No,58,2,45625.00,91250.00,FG-DISP-0001762,SN-DISP-0001762,Generated dispatch item.
1763,1768,4520,102,PMSM Motor 7.5 kW,No,12,3,102500.00,307500.00,FG-DISP-0001763,SN-DISP-0001763,Generated dispatch item.
1764,1769,1821,100,BLDC Motor 1.5 kW,No,27,4,23125.00,92500.00,FG-DISP-0001764,SN-DISP-0001764,Generated dispatch item.
1765,1770,4522,101,PMSM Motor 3 kW,No,17,1,45625.00,45625.00,FG-DISP-0001765,SN-DISP-0001765,Generated dispatch item.
1766,1771,1823,102,PMSM Motor 7.5 kW,No,38,3,102500.00,307500.00,FG-DISP-0001766,SN-DISP-0001766,Generated dispatch item.
1767,1772,4524,100,BLDC Motor 1.5 kW,No,20,5,23125.00,115625.00,FG-DISP-0001767,SN-DISP-0001767,Generated dispatch item.
1768,1773,1825,101,PMSM Motor 3 kW,No,34,7,45625.00,319375.00,FG-DISP-0001768,SN-DISP-0001768,Generated dispatch item.
1769,1774,4526,102,PMSM Motor 7.5 kW,No,37,7,102500.00,717500.00,FG-DISP-0001769,SN-DISP-0001769,Generated dispatch item.
1770,1775,1827,100,BLDC Motor 1.5 kW,No,54,3,23125.00,69375.00,FG-DISP-0001770,SN-DISP-0001770,Generated dispatch item.
1771,1776,4528,101,PMSM Motor 3 kW,No,38,6,45625.00,273750.00,FG-DISP-0001771,SN-DISP-0001771,Generated dispatch item.
1772,1777,1829,102,PMSM Motor 7.5 kW,No,25,3,102500.00,307500.00,FG-DISP-0001772,SN-DISP-0001772,Generated dispatch item.
1773,1778,4530,100,BLDC Motor 1.5 kW,No,32,6,23125.00,138750.00,FG-DISP-0001773,SN-DISP-0001773,Generated dispatch item.
1774,1779,1831,101,PMSM Motor 3 kW,No,29,7,45625.00,319375.00,FG-DISP-0001774,SN-DISP-0001774,Generated dispatch item.
1775,1780,4532,102,PMSM Motor 7.5 kW,No,45,4,102500.00,410000.00,FG-DISP-0001775,SN-DISP-0001775,Generated dispatch item.
1776,1781,1833,100,BLDC Motor 1.5 kW,No,52,5,23125.00,115625.00,FG-DISP-0001776,SN-DISP-0001776,Generated dispatch item.
1777,1782,4534,101,PMSM Motor 3 kW,No,50,7,45625.00,319375.00,FG-DISP-0001777,SN-DISP-0001777,Generated dispatch item.
1778,1783,1835,102,PMSM Motor 7.5 kW,No,14,1,102500.00,102500.00,FG-DISP-0001778,SN-DISP-0001778,Generated dispatch item.
1779,1784,4536,100,BLDC Motor 1.5 kW,No,9,2,23125.00,46250.00,FG-DISP-0001779,SN-DISP-0001779,Generated dispatch item.
1780,1785,1837,101,PMSM Motor 3 kW,No,38,5,45625.00,228125.00,FG-DISP-0001780,SN-DISP-0001780,Generated dispatch item.
1781,1786,4538,102,PMSM Motor 7.5 kW,No,26,2,102500.00,205000.00,FG-DISP-0001781,SN-DISP-0001781,Generated dispatch item.
1782,1787,1839,100,BLDC Motor 1.5 kW,No,27,6,23125.00,138750.00,FG-DISP-0001782,SN-DISP-0001782,Generated dispatch item.
1783,1788,4540,101,PMSM Motor 3 kW,No,43,2,45625.00,91250.00,FG-DISP-0001783,SN-DISP-0001783,Generated dispatch item.
1784,1789,1841,102,PMSM Motor 7.5 kW,No,60,3,102500.00,307500.00,FG-DISP-0001784,SN-DISP-0001784,Generated dispatch item.
1785,1790,4542,100,BLDC Motor 1.5 kW,No,32,6,23125.00,138750.00,FG-DISP-0001785,SN-DISP-0001785,Generated dispatch item.
1786,1791,1843,101,PMSM Motor 3 kW,No,45,4,45625.00,182500.00,FG-DISP-0001786,SN-DISP-0001786,Generated dispatch item.
1787,1792,4544,102,PMSM Motor 7.5 kW,No,46,6,102500.00,615000.00,FG-DISP-0001787,SN-DISP-0001787,Generated dispatch item.
1788,1793,1845,100,BLDC Motor 1.5 kW,No,5,5,23125.00,115625.00,FG-DISP-0001788,SN-DISP-0001788,Generated dispatch item.
1789,1794,4546,101,PMSM Motor 3 kW,No,39,4,45625.00,182500.00,FG-DISP-0001789,SN-DISP-0001789,Generated dispatch item.
1790,1795,1847,102,PMSM Motor 7.5 kW,No,52,4,102500.00,410000.00,FG-DISP-0001790,SN-DISP-0001790,Generated dispatch item.
1791,1796,4548,100,BLDC Motor 1.5 kW,No,17,6,23125.00,138750.00,FG-DISP-0001791,SN-DISP-0001791,Generated dispatch item.
1792,1797,1849,101,PMSM Motor 3 kW,No,44,7,45625.00,319375.00,FG-DISP-0001792,SN-DISP-0001792,Generated dispatch item.
1793,1798,4550,102,PMSM Motor 7.5 kW,No,42,1,102500.00,102500.00,FG-DISP-0001793,SN-DISP-0001793,Generated dispatch item.
1794,1799,1851,100,BLDC Motor 1.5 kW,No,36,4,23125.00,92500.00,FG-DISP-0001794,SN-DISP-0001794,Generated dispatch item.
1795,1800,4552,101,PMSM Motor 3 kW,No,43,6,45625.00,273750.00,FG-DISP-0001795,SN-DISP-0001795,Generated dispatch item.
1796,1801,1853,102,PMSM Motor 7.5 kW,No,18,5,102500.00,512500.00,FG-DISP-0001796,SN-DISP-0001796,Generated dispatch item.
1797,1802,4554,100,BLDC Motor 1.5 kW,No,5,4,23125.00,92500.00,FG-DISP-0001797,SN-DISP-0001797,Generated dispatch item.
1798,1803,1855,101,PMSM Motor 3 kW,No,13,6,45625.00,273750.00,FG-DISP-0001798,SN-DISP-0001798,Generated dispatch item.
1799,1804,4556,102,PMSM Motor 7.5 kW,No,26,4,102500.00,410000.00,FG-DISP-0001799,SN-DISP-0001799,Generated dispatch item.
1800,1805,1857,100,BLDC Motor 1.5 kW,No,40,1,23125.00,23125.00,FG-DISP-0001800,SN-DISP-0001800,Generated dispatch item.
1801,1806,4558,101,PMSM Motor 3 kW,No,39,2,45625.00,91250.00,FG-DISP-0001801,SN-DISP-0001801,Generated dispatch item.
1802,1807,1859,102,PMSM Motor 7.5 kW,No,29,1,102500.00,102500.00,FG-DISP-0001802,SN-DISP-0001802,Generated dispatch item.
1803,1808,4560,100,BLDC Motor 1.5 kW,No,39,5,23125.00,115625.00,FG-DISP-0001803,SN-DISP-0001803,Generated dispatch item.
1804,1809,1861,101,PMSM Motor 3 kW,No,53,7,45625.00,319375.00,FG-DISP-0001804,SN-DISP-0001804,Generated dispatch item.
1805,1810,4562,102,PMSM Motor 7.5 kW,No,41,3,102500.00,307500.00,FG-DISP-0001805,SN-DISP-0001805,Generated dispatch item.
1806,1811,1863,100,BLDC Motor 1.5 kW,No,19,6,23125.00,138750.00,FG-DISP-0001806,SN-DISP-0001806,Generated dispatch item.
1807,1812,4564,101,PMSM Motor 3 kW,No,17,7,45625.00,319375.00,FG-DISP-0001807,SN-DISP-0001807,Generated dispatch item.
1808,1813,1865,102,PMSM Motor 7.5 kW,No,40,3,102500.00,307500.00,FG-DISP-0001808,SN-DISP-0001808,Generated dispatch item.
1809,1814,4566,100,BLDC Motor 1.5 kW,No,31,7,23125.00,161875.00,FG-DISP-0001809,SN-DISP-0001809,Generated dispatch item.
1810,1815,1867,101,PMSM Motor 3 kW,No,18,1,45625.00,45625.00,FG-DISP-0001810,SN-DISP-0001810,Generated dispatch item.
1811,1816,4568,102,PMSM Motor 7.5 kW,No,15,5,102500.00,512500.00,FG-DISP-0001811,SN-DISP-0001811,Generated dispatch item.
1812,1817,1869,100,BLDC Motor 1.5 kW,No,40,2,23125.00,46250.00,FG-DISP-0001812,SN-DISP-0001812,Generated dispatch item.
1813,1818,4570,101,PMSM Motor 3 kW,No,13,6,45625.00,273750.00,FG-DISP-0001813,SN-DISP-0001813,Generated dispatch item.
1814,1819,1871,102,PMSM Motor 7.5 kW,No,7,1,102500.00,102500.00,FG-DISP-0001814,SN-DISP-0001814,Generated dispatch item.
1815,1820,4572,100,BLDC Motor 1.5 kW,No,27,6,23125.00,138750.00,FG-DISP-0001815,SN-DISP-0001815,Generated dispatch item.
1816,1821,1873,101,PMSM Motor 3 kW,No,26,3,45625.00,136875.00,FG-DISP-0001816,SN-DISP-0001816,Generated dispatch item.
1817,1822,4574,102,PMSM Motor 7.5 kW,No,23,2,102500.00,205000.00,FG-DISP-0001817,SN-DISP-0001817,Generated dispatch item.
1818,1823,1875,100,BLDC Motor 1.5 kW,No,14,4,23125.00,92500.00,FG-DISP-0001818,SN-DISP-0001818,Generated dispatch item.
1819,1824,4576,101,PMSM Motor 3 kW,No,32,7,45625.00,319375.00,FG-DISP-0001819,SN-DISP-0001819,Generated dispatch item.
1820,1825,1877,102,PMSM Motor 7.5 kW,No,38,2,102500.00,205000.00,FG-DISP-0001820,SN-DISP-0001820,Generated dispatch item.
1821,1826,4578,100,BLDC Motor 1.5 kW,No,36,3,23125.00,69375.00,FG-DISP-0001821,SN-DISP-0001821,Generated dispatch item.
1822,1827,1879,101,PMSM Motor 3 kW,No,22,5,45625.00,228125.00,FG-DISP-0001822,SN-DISP-0001822,Generated dispatch item.
1823,1828,4580,102,PMSM Motor 7.5 kW,No,20,1,102500.00,102500.00,FG-DISP-0001823,SN-DISP-0001823,Generated dispatch item.
1824,1829,1881,100,BLDC Motor 1.5 kW,No,48,7,23125.00,161875.00,FG-DISP-0001824,SN-DISP-0001824,Generated dispatch item.
1825,1830,4582,101,PMSM Motor 3 kW,No,13,4,45625.00,182500.00,FG-DISP-0001825,SN-DISP-0001825,Generated dispatch item.
1826,1831,1883,102,PMSM Motor 7.5 kW,No,11,7,102500.00,717500.00,FG-DISP-0001826,SN-DISP-0001826,Generated dispatch item.
1827,1832,4584,100,BLDC Motor 1.5 kW,No,57,3,23125.00,69375.00,FG-DISP-0001827,SN-DISP-0001827,Generated dispatch item.
1828,1833,1885,101,PMSM Motor 3 kW,No,36,6,45625.00,273750.00,FG-DISP-0001828,SN-DISP-0001828,Generated dispatch item.
1829,1834,4586,102,PMSM Motor 7.5 kW,No,36,3,102500.00,307500.00,FG-DISP-0001829,SN-DISP-0001829,Generated dispatch item.
1830,1835,1887,100,BLDC Motor 1.5 kW,No,38,4,23125.00,92500.00,FG-DISP-0001830,SN-DISP-0001830,Generated dispatch item.
1831,1836,4588,101,PMSM Motor 3 kW,No,49,3,45625.00,136875.00,FG-DISP-0001831,SN-DISP-0001831,Generated dispatch item.
1832,1837,1889,102,PMSM Motor 7.5 kW,No,6,4,102500.00,410000.00,FG-DISP-0001832,SN-DISP-0001832,Generated dispatch item.
1833,1838,4590,100,BLDC Motor 1.5 kW,No,8,2,23125.00,46250.00,FG-DISP-0001833,SN-DISP-0001833,Generated dispatch item.
1834,1839,1891,101,PMSM Motor 3 kW,No,7,4,45625.00,182500.00,FG-DISP-0001834,SN-DISP-0001834,Generated dispatch item.
1835,1840,4592,102,PMSM Motor 7.5 kW,No,57,6,102500.00,615000.00,FG-DISP-0001835,SN-DISP-0001835,Generated dispatch item.
1836,1841,1893,100,BLDC Motor 1.5 kW,No,22,2,23125.00,46250.00,FG-DISP-0001836,SN-DISP-0001836,Generated dispatch item.
1837,1842,4594,101,PMSM Motor 3 kW,No,18,6,45625.00,273750.00,FG-DISP-0001837,SN-DISP-0001837,Generated dispatch item.
1838,1843,1895,102,PMSM Motor 7.5 kW,No,39,6,102500.00,615000.00,FG-DISP-0001838,SN-DISP-0001838,Generated dispatch item.
1839,1844,4596,100,BLDC Motor 1.5 kW,No,15,1,23125.00,23125.00,FG-DISP-0001839,SN-DISP-0001839,Generated dispatch item.
1840,1845,1897,101,PMSM Motor 3 kW,No,58,5,45625.00,228125.00,FG-DISP-0001840,SN-DISP-0001840,Generated dispatch item.
1841,1846,4598,102,PMSM Motor 7.5 kW,No,49,4,102500.00,410000.00,FG-DISP-0001841,SN-DISP-0001841,Generated dispatch item.
1842,1847,1899,100,BLDC Motor 1.5 kW,No,10,5,23125.00,115625.00,FG-DISP-0001842,SN-DISP-0001842,Generated dispatch item.
1843,1848,4600,101,PMSM Motor 3 kW,No,54,3,45625.00,136875.00,FG-DISP-0001843,SN-DISP-0001843,Generated dispatch item.
1844,1849,1901,102,PMSM Motor 7.5 kW,No,44,2,102500.00,205000.00,FG-DISP-0001844,SN-DISP-0001844,Generated dispatch item.
1845,1850,4602,100,BLDC Motor 1.5 kW,No,10,3,23125.00,69375.00,FG-DISP-0001845,SN-DISP-0001845,Generated dispatch item.
1846,1851,1903,101,PMSM Motor 3 kW,No,43,2,45625.00,91250.00,FG-DISP-0001846,SN-DISP-0001846,Generated dispatch item.
1847,1852,4604,102,PMSM Motor 7.5 kW,No,14,3,102500.00,307500.00,FG-DISP-0001847,SN-DISP-0001847,Generated dispatch item.
1848,1853,1905,100,BLDC Motor 1.5 kW,No,42,7,23125.00,161875.00,FG-DISP-0001848,SN-DISP-0001848,Generated dispatch item.
1849,1854,4606,101,PMSM Motor 3 kW,No,24,6,45625.00,273750.00,FG-DISP-0001849,SN-DISP-0001849,Generated dispatch item.
1850,1855,1907,102,PMSM Motor 7.5 kW,No,33,2,102500.00,205000.00,FG-DISP-0001850,SN-DISP-0001850,Generated dispatch item.
1851,1856,4608,100,BLDC Motor 1.5 kW,No,31,4,23125.00,92500.00,FG-DISP-0001851,SN-DISP-0001851,Generated dispatch item.
1852,1857,1909,101,PMSM Motor 3 kW,No,59,1,45625.00,45625.00,FG-DISP-0001852,SN-DISP-0001852,Generated dispatch item.
1853,1858,4610,102,PMSM Motor 7.5 kW,No,18,1,102500.00,102500.00,FG-DISP-0001853,SN-DISP-0001853,Generated dispatch item.
1854,1859,1911,100,BLDC Motor 1.5 kW,No,33,5,23125.00,115625.00,FG-DISP-0001854,SN-DISP-0001854,Generated dispatch item.
1855,1860,4612,101,PMSM Motor 3 kW,No,8,3,45625.00,136875.00,FG-DISP-0001855,SN-DISP-0001855,Generated dispatch item.
1856,1861,1913,102,PMSM Motor 7.5 kW,No,51,5,102500.00,512500.00,FG-DISP-0001856,SN-DISP-0001856,Generated dispatch item.
1857,1862,4614,100,BLDC Motor 1.5 kW,No,31,2,23125.00,46250.00,FG-DISP-0001857,SN-DISP-0001857,Generated dispatch item.
1858,1863,1915,101,PMSM Motor 3 kW,No,19,1,45625.00,45625.00,FG-DISP-0001858,SN-DISP-0001858,Generated dispatch item.
1859,1864,4616,102,PMSM Motor 7.5 kW,No,23,6,102500.00,615000.00,FG-DISP-0001859,SN-DISP-0001859,Generated dispatch item.
1860,1865,1917,100,BLDC Motor 1.5 kW,No,50,2,23125.00,46250.00,FG-DISP-0001860,SN-DISP-0001860,Generated dispatch item.
1861,1866,4618,101,PMSM Motor 3 kW,No,20,1,45625.00,45625.00,FG-DISP-0001861,SN-DISP-0001861,Generated dispatch item.
1862,1867,1919,102,PMSM Motor 7.5 kW,No,60,6,102500.00,615000.00,FG-DISP-0001862,SN-DISP-0001862,Generated dispatch item.
1863,1868,4620,100,BLDC Motor 1.5 kW,No,46,5,23125.00,115625.00,FG-DISP-0001863,SN-DISP-0001863,Generated dispatch item.
1864,1869,1921,101,PMSM Motor 3 kW,No,55,7,45625.00,319375.00,FG-DISP-0001864,SN-DISP-0001864,Generated dispatch item.
1865,1870,4622,102,PMSM Motor 7.5 kW,No,44,5,102500.00,512500.00,FG-DISP-0001865,SN-DISP-0001865,Generated dispatch item.
1866,1871,1923,100,BLDC Motor 1.5 kW,No,22,4,23125.00,92500.00,FG-DISP-0001866,SN-DISP-0001866,Generated dispatch item.
1867,1872,4624,101,PMSM Motor 3 kW,No,32,5,45625.00,228125.00,FG-DISP-0001867,SN-DISP-0001867,Generated dispatch item.
1868,1873,1925,102,PMSM Motor 7.5 kW,No,52,6,102500.00,615000.00,FG-DISP-0001868,SN-DISP-0001868,Generated dispatch item.
1869,1874,4626,100,BLDC Motor 1.5 kW,No,53,5,23125.00,115625.00,FG-DISP-0001869,SN-DISP-0001869,Generated dispatch item.
1870,1875,1927,101,PMSM Motor 3 kW,No,10,3,45625.00,136875.00,FG-DISP-0001870,SN-DISP-0001870,Generated dispatch item.
1871,1876,4628,102,PMSM Motor 7.5 kW,No,51,7,102500.00,717500.00,FG-DISP-0001871,SN-DISP-0001871,Generated dispatch item.
1872,1877,1929,100,BLDC Motor 1.5 kW,No,42,5,23125.00,115625.00,FG-DISP-0001872,SN-DISP-0001872,Generated dispatch item.
1873,1878,4630,101,PMSM Motor 3 kW,No,57,7,45625.00,319375.00,FG-DISP-0001873,SN-DISP-0001873,Generated dispatch item.
1874,1879,1931,102,PMSM Motor 7.5 kW,No,24,4,102500.00,410000.00,FG-DISP-0001874,SN-DISP-0001874,Generated dispatch item.
1875,1880,4632,100,BLDC Motor 1.5 kW,No,33,4,23125.00,92500.00,FG-DISP-0001875,SN-DISP-0001875,Generated dispatch item.
1876,1881,1933,101,PMSM Motor 3 kW,No,41,6,45625.00,273750.00,FG-DISP-0001876,SN-DISP-0001876,Generated dispatch item.
1877,1882,4634,102,PMSM Motor 7.5 kW,No,11,5,102500.00,512500.00,FG-DISP-0001877,SN-DISP-0001877,Generated dispatch item.
1878,1883,1935,100,BLDC Motor 1.5 kW,No,28,6,23125.00,138750.00,FG-DISP-0001878,SN-DISP-0001878,Generated dispatch item.
1879,1884,4636,101,PMSM Motor 3 kW,No,16,7,45625.00,319375.00,FG-DISP-0001879,SN-DISP-0001879,Generated dispatch item.
1880,1885,1937,102,PMSM Motor 7.5 kW,No,5,2,102500.00,205000.00,FG-DISP-0001880,SN-DISP-0001880,Generated dispatch item.
1881,1886,4638,100,BLDC Motor 1.5 kW,No,21,2,23125.00,46250.00,FG-DISP-0001881,SN-DISP-0001881,Generated dispatch item.
1882,1887,1939,101,PMSM Motor 3 kW,No,17,2,45625.00,91250.00,FG-DISP-0001882,SN-DISP-0001882,Generated dispatch item.
1883,1888,4640,102,PMSM Motor 7.5 kW,No,13,5,102500.00,512500.00,FG-DISP-0001883,SN-DISP-0001883,Generated dispatch item.
1884,1889,1941,100,BLDC Motor 1.5 kW,No,7,6,23125.00,138750.00,FG-DISP-0001884,SN-DISP-0001884,Generated dispatch item.
1885,1890,4642,101,PMSM Motor 3 kW,No,42,7,45625.00,319375.00,FG-DISP-0001885,SN-DISP-0001885,Generated dispatch item.
1886,1891,1943,102,PMSM Motor 7.5 kW,No,28,1,102500.00,102500.00,FG-DISP-0001886,SN-DISP-0001886,Generated dispatch item.
1887,1892,4644,100,BLDC Motor 1.5 kW,No,56,1,23125.00,23125.00,FG-DISP-0001887,SN-DISP-0001887,Generated dispatch item.
1888,1893,1945,101,PMSM Motor 3 kW,No,52,5,45625.00,228125.00,FG-DISP-0001888,SN-DISP-0001888,Generated dispatch item.
1889,1894,4646,102,PMSM Motor 7.5 kW,No,25,2,102500.00,205000.00,FG-DISP-0001889,SN-DISP-0001889,Generated dispatch item.
1890,1895,1947,100,BLDC Motor 1.5 kW,No,46,4,23125.00,92500.00,FG-DISP-0001890,SN-DISP-0001890,Generated dispatch item.
1891,1896,4648,101,PMSM Motor 3 kW,No,36,1,45625.00,45625.00,FG-DISP-0001891,SN-DISP-0001891,Generated dispatch item.
1892,1897,1949,102,PMSM Motor 7.5 kW,No,49,1,102500.00,102500.00,FG-DISP-0001892,SN-DISP-0001892,Generated dispatch item.
1893,1898,4650,100,BLDC Motor 1.5 kW,No,28,4,23125.00,92500.00,FG-DISP-0001893,SN-DISP-0001893,Generated dispatch item.
1894,1899,1951,101,PMSM Motor 3 kW,No,50,5,45625.00,228125.00,FG-DISP-0001894,SN-DISP-0001894,Generated dispatch item.
1895,1900,4652,102,PMSM Motor 7.5 kW,No,58,7,102500.00,717500.00,FG-DISP-0001895,SN-DISP-0001895,Generated dispatch item.
1896,1901,1953,100,BLDC Motor 1.5 kW,No,25,4,23125.00,92500.00,FG-DISP-0001896,SN-DISP-0001896,Generated dispatch item.
1897,1902,4654,101,PMSM Motor 3 kW,No,44,5,45625.00,228125.00,FG-DISP-0001897,SN-DISP-0001897,Generated dispatch item.
1898,1903,1955,102,PMSM Motor 7.5 kW,No,33,7,102500.00,717500.00,FG-DISP-0001898,SN-DISP-0001898,Generated dispatch item.
1899,1904,4656,100,BLDC Motor 1.5 kW,No,56,4,23125.00,92500.00,FG-DISP-0001899,SN-DISP-0001899,Generated dispatch item.
1900,1905,1957,101,PMSM Motor 3 kW,No,33,2,45625.00,91250.00,FG-DISP-0001900,SN-DISP-0001900,Generated dispatch item.
1901,1906,4658,102,PMSM Motor 7.5 kW,No,18,6,102500.00,615000.00,FG-DISP-0001901,SN-DISP-0001901,Generated dispatch item.
1902,1907,1959,100,BLDC Motor 1.5 kW,No,11,1,23125.00,23125.00,FG-DISP-0001902,SN-DISP-0001902,Generated dispatch item.
1903,1908,4660,101,PMSM Motor 3 kW,No,21,2,45625.00,91250.00,FG-DISP-0001903,SN-DISP-0001903,Generated dispatch item.
1904,1909,1961,102,PMSM Motor 7.5 kW,No,38,1,102500.00,102500.00,FG-DISP-0001904,SN-DISP-0001904,Generated dispatch item.
1905,1910,4662,100,BLDC Motor 1.5 kW,No,49,5,23125.00,115625.00,FG-DISP-0001905,SN-DISP-0001905,Generated dispatch item.
1906,1911,1963,101,PMSM Motor 3 kW,No,45,2,45625.00,91250.00,FG-DISP-0001906,SN-DISP-0001906,Generated dispatch item.
1907,1912,4664,102,PMSM Motor 7.5 kW,No,58,3,102500.00,307500.00,FG-DISP-0001907,SN-DISP-0001907,Generated dispatch item.
1908,1913,1965,100,BLDC Motor 1.5 kW,No,39,5,23125.00,115625.00,FG-DISP-0001908,SN-DISP-0001908,Generated dispatch item.
1909,1914,4666,101,PMSM Motor 3 kW,No,34,3,45625.00,136875.00,FG-DISP-0001909,SN-DISP-0001909,Generated dispatch item.
1910,1915,1967,102,PMSM Motor 7.5 kW,No,46,3,102500.00,307500.00,FG-DISP-0001910,SN-DISP-0001910,Generated dispatch item.
1911,1916,4668,100,BLDC Motor 1.5 kW,No,51,4,23125.00,92500.00,FG-DISP-0001911,SN-DISP-0001911,Generated dispatch item.
1912,1917,1969,101,PMSM Motor 3 kW,No,11,1,45625.00,45625.00,FG-DISP-0001912,SN-DISP-0001912,Generated dispatch item.
1913,1918,4670,102,PMSM Motor 7.5 kW,No,53,7,102500.00,717500.00,FG-DISP-0001913,SN-DISP-0001913,Generated dispatch item.
1914,1919,1971,100,BLDC Motor 1.5 kW,No,47,7,23125.00,161875.00,FG-DISP-0001914,SN-DISP-0001914,Generated dispatch item.
1915,1920,4672,101,PMSM Motor 3 kW,No,11,5,45625.00,228125.00,FG-DISP-0001915,SN-DISP-0001915,Generated dispatch item.
1916,1921,1973,102,PMSM Motor 7.5 kW,No,16,1,102500.00,102500.00,FG-DISP-0001916,SN-DISP-0001916,Generated dispatch item.
1917,1922,4674,100,BLDC Motor 1.5 kW,No,30,4,23125.00,92500.00,FG-DISP-0001917,SN-DISP-0001917,Generated dispatch item.
1918,1923,1975,101,PMSM Motor 3 kW,No,54,3,45625.00,136875.00,FG-DISP-0001918,SN-DISP-0001918,Generated dispatch item.
1919,1924,4676,102,PMSM Motor 7.5 kW,No,32,2,102500.00,205000.00,FG-DISP-0001919,SN-DISP-0001919,Generated dispatch item.
1920,1925,1977,100,BLDC Motor 1.5 kW,No,18,7,23125.00,161875.00,FG-DISP-0001920,SN-DISP-0001920,Generated dispatch item.
1921,1926,4678,101,PMSM Motor 3 kW,No,20,3,45625.00,136875.00,FG-DISP-0001921,SN-DISP-0001921,Generated dispatch item.
1922,1927,1979,102,PMSM Motor 7.5 kW,No,32,5,102500.00,512500.00,FG-DISP-0001922,SN-DISP-0001922,Generated dispatch item.
1923,1928,4680,100,BLDC Motor 1.5 kW,No,59,5,23125.00,115625.00,FG-DISP-0001923,SN-DISP-0001923,Generated dispatch item.
1924,1929,1981,101,PMSM Motor 3 kW,No,32,3,45625.00,136875.00,FG-DISP-0001924,SN-DISP-0001924,Generated dispatch item.
1925,1930,4682,102,PMSM Motor 7.5 kW,No,51,3,102500.00,307500.00,FG-DISP-0001925,SN-DISP-0001925,Generated dispatch item.
1926,1931,1983,100,BLDC Motor 1.5 kW,No,20,7,23125.00,161875.00,FG-DISP-0001926,SN-DISP-0001926,Generated dispatch item.
1927,1932,4684,101,PMSM Motor 3 kW,No,42,6,45625.00,273750.00,FG-DISP-0001927,SN-DISP-0001927,Generated dispatch item.
1928,1933,1985,102,PMSM Motor 7.5 kW,No,25,4,102500.00,410000.00,FG-DISP-0001928,SN-DISP-0001928,Generated dispatch item.
1929,1934,4686,100,BLDC Motor 1.5 kW,No,19,4,23125.00,92500.00,FG-DISP-0001929,SN-DISP-0001929,Generated dispatch item.
1930,1935,1987,101,PMSM Motor 3 kW,No,15,1,45625.00,45625.00,FG-DISP-0001930,SN-DISP-0001930,Generated dispatch item.
1931,1936,4688,102,PMSM Motor 7.5 kW,No,60,2,102500.00,205000.00,FG-DISP-0001931,SN-DISP-0001931,Generated dispatch item.
1932,1937,1989,100,BLDC Motor 1.5 kW,No,36,1,23125.00,23125.00,FG-DISP-0001932,SN-DISP-0001932,Generated dispatch item.
1933,1938,4690,101,PMSM Motor 3 kW,No,21,6,45625.00,273750.00,FG-DISP-0001933,SN-DISP-0001933,Generated dispatch item.
1934,1939,1991,102,PMSM Motor 7.5 kW,No,56,7,102500.00,717500.00,FG-DISP-0001934,SN-DISP-0001934,Generated dispatch item.
1935,1940,4692,100,BLDC Motor 1.5 kW,No,27,2,23125.00,46250.00,FG-DISP-0001935,SN-DISP-0001935,Generated dispatch item.
1936,1941,1993,101,PMSM Motor 3 kW,No,22,2,45625.00,91250.00,FG-DISP-0001936,SN-DISP-0001936,Generated dispatch item.
1937,1942,4694,102,PMSM Motor 7.5 kW,No,33,3,102500.00,307500.00,FG-DISP-0001937,SN-DISP-0001937,Generated dispatch item.
1938,1943,1995,100,BLDC Motor 1.5 kW,No,33,6,23125.00,138750.00,FG-DISP-0001938,SN-DISP-0001938,Generated dispatch item.
1939,1944,4696,101,PMSM Motor 3 kW,No,43,3,45625.00,136875.00,FG-DISP-0001939,SN-DISP-0001939,Generated dispatch item.
1940,1945,1997,102,PMSM Motor 7.5 kW,No,53,1,102500.00,102500.00,FG-DISP-0001940,SN-DISP-0001940,Generated dispatch item.
1941,1946,4698,100,BLDC Motor 1.5 kW,No,25,5,23125.00,115625.00,FG-DISP-0001941,SN-DISP-0001941,Generated dispatch item.
1942,1947,1999,101,PMSM Motor 3 kW,No,30,2,45625.00,91250.00,FG-DISP-0001942,SN-DISP-0001942,Generated dispatch item.
1943,1948,4700,102,PMSM Motor 7.5 kW,No,18,5,102500.00,512500.00,FG-DISP-0001943,SN-DISP-0001943,Generated dispatch item.
1944,1949,2001,100,BLDC Motor 1.5 kW,No,51,6,23125.00,138750.00,FG-DISP-0001944,SN-DISP-0001944,Generated dispatch item.
1945,1950,4702,101,PMSM Motor 3 kW,No,51,1,45625.00,45625.00,FG-DISP-0001945,SN-DISP-0001945,Generated dispatch item.
1946,1951,2003,102,PMSM Motor 7.5 kW,No,29,7,102500.00,717500.00,FG-DISP-0001946,SN-DISP-0001946,Generated dispatch item.
1947,1952,4704,100,BLDC Motor 1.5 kW,No,6,5,23125.00,115625.00,FG-DISP-0001947,SN-DISP-0001947,Generated dispatch item.
1948,1953,2005,101,PMSM Motor 3 kW,No,29,1,45625.00,45625.00,FG-DISP-0001948,SN-DISP-0001948,Generated dispatch item.
1949,1954,4706,102,PMSM Motor 7.5 kW,No,22,2,102500.00,205000.00,FG-DISP-0001949,SN-DISP-0001949,Generated dispatch item.
1950,1955,2007,100,BLDC Motor 1.5 kW,No,13,2,23125.00,46250.00,FG-DISP-0001950,SN-DISP-0001950,Generated dispatch item.
1951,1956,4708,101,PMSM Motor 3 kW,No,28,7,45625.00,319375.00,FG-DISP-0001951,SN-DISP-0001951,Generated dispatch item.
1952,1957,2009,102,PMSM Motor 7.5 kW,No,11,6,102500.00,615000.00,FG-DISP-0001952,SN-DISP-0001952,Generated dispatch item.
1953,1958,4710,100,BLDC Motor 1.5 kW,No,54,3,23125.00,69375.00,FG-DISP-0001953,SN-DISP-0001953,Generated dispatch item.
1954,1959,2011,101,PMSM Motor 3 kW,No,39,4,45625.00,182500.00,FG-DISP-0001954,SN-DISP-0001954,Generated dispatch item.
1955,1960,4712,102,PMSM Motor 7.5 kW,No,21,3,102500.00,307500.00,FG-DISP-0001955,SN-DISP-0001955,Generated dispatch item.
1956,1961,2013,100,BLDC Motor 1.5 kW,No,51,3,23125.00,69375.00,FG-DISP-0001956,SN-DISP-0001956,Generated dispatch item.
1957,1962,4714,101,PMSM Motor 3 kW,No,35,5,45625.00,228125.00,FG-DISP-0001957,SN-DISP-0001957,Generated dispatch item.
1958,1963,2015,102,PMSM Motor 7.5 kW,No,12,2,102500.00,205000.00,FG-DISP-0001958,SN-DISP-0001958,Generated dispatch item.
1959,1964,4716,100,BLDC Motor 1.5 kW,No,40,6,23125.00,138750.00,FG-DISP-0001959,SN-DISP-0001959,Generated dispatch item.
1960,1965,2017,101,PMSM Motor 3 kW,No,55,7,45625.00,319375.00,FG-DISP-0001960,SN-DISP-0001960,Generated dispatch item.
1961,1966,4718,102,PMSM Motor 7.5 kW,No,37,7,102500.00,717500.00,FG-DISP-0001961,SN-DISP-0001961,Generated dispatch item.
1962,1967,2019,100,BLDC Motor 1.5 kW,No,25,2,23125.00,46250.00,FG-DISP-0001962,SN-DISP-0001962,Generated dispatch item.
1963,1968,4720,101,PMSM Motor 3 kW,No,31,3,45625.00,136875.00,FG-DISP-0001963,SN-DISP-0001963,Generated dispatch item.
1964,1969,2021,102,PMSM Motor 7.5 kW,No,28,2,102500.00,205000.00,FG-DISP-0001964,SN-DISP-0001964,Generated dispatch item.
1965,1970,4722,100,BLDC Motor 1.5 kW,No,42,5,23125.00,115625.00,FG-DISP-0001965,SN-DISP-0001965,Generated dispatch item.
1966,1971,2023,101,PMSM Motor 3 kW,No,55,3,45625.00,136875.00,FG-DISP-0001966,SN-DISP-0001966,Generated dispatch item.
1967,1972,4724,102,PMSM Motor 7.5 kW,No,60,3,102500.00,307500.00,FG-DISP-0001967,SN-DISP-0001967,Generated dispatch item.
1968,1973,2025,100,BLDC Motor 1.5 kW,No,55,1,23125.00,23125.00,FG-DISP-0001968,SN-DISP-0001968,Generated dispatch item.
1969,1974,4726,101,PMSM Motor 3 kW,No,29,4,45625.00,182500.00,FG-DISP-0001969,SN-DISP-0001969,Generated dispatch item.
1970,1975,2027,102,PMSM Motor 7.5 kW,No,34,4,102500.00,410000.00,FG-DISP-0001970,SN-DISP-0001970,Generated dispatch item.
1971,1976,4728,100,BLDC Motor 1.5 kW,No,23,4,23125.00,92500.00,FG-DISP-0001971,SN-DISP-0001971,Generated dispatch item.
1972,1977,2029,101,PMSM Motor 3 kW,No,20,3,45625.00,136875.00,FG-DISP-0001972,SN-DISP-0001972,Generated dispatch item.
1973,1978,4730,102,PMSM Motor 7.5 kW,No,43,6,102500.00,615000.00,FG-DISP-0001973,SN-DISP-0001973,Generated dispatch item.
1974,1979,2031,100,BLDC Motor 1.5 kW,No,14,5,23125.00,115625.00,FG-DISP-0001974,SN-DISP-0001974,Generated dispatch item.
1975,1980,4732,101,PMSM Motor 3 kW,No,46,2,45625.00,91250.00,FG-DISP-0001975,SN-DISP-0001975,Generated dispatch item.
1976,1981,2033,102,PMSM Motor 7.5 kW,No,20,3,102500.00,307500.00,FG-DISP-0001976,SN-DISP-0001976,Generated dispatch item.
1977,1982,4734,100,BLDC Motor 1.5 kW,No,58,5,23125.00,115625.00,FG-DISP-0001977,SN-DISP-0001977,Generated dispatch item.
1978,1983,2035,101,PMSM Motor 3 kW,No,48,1,45625.00,45625.00,FG-DISP-0001978,SN-DISP-0001978,Generated dispatch item.
1979,1984,4736,102,PMSM Motor 7.5 kW,No,25,3,102500.00,307500.00,FG-DISP-0001979,SN-DISP-0001979,Generated dispatch item.
1980,1985,2037,100,BLDC Motor 1.5 kW,No,23,7,23125.00,161875.00,FG-DISP-0001980,SN-DISP-0001980,Generated dispatch item.
1981,1986,4738,101,PMSM Motor 3 kW,No,29,4,45625.00,182500.00,FG-DISP-0001981,SN-DISP-0001981,Generated dispatch item.
1982,1987,2039,102,PMSM Motor 7.5 kW,No,43,4,102500.00,410000.00,FG-DISP-0001982,SN-DISP-0001982,Generated dispatch item.
1983,1988,4740,100,BLDC Motor 1.5 kW,No,46,5,23125.00,115625.00,FG-DISP-0001983,SN-DISP-0001983,Generated dispatch item.
1984,1989,2041,101,PMSM Motor 3 kW,No,15,3,45625.00,136875.00,FG-DISP-0001984,SN-DISP-0001984,Generated dispatch item.
1985,1990,4742,102,PMSM Motor 7.5 kW,No,17,6,102500.00,615000.00,FG-DISP-0001985,SN-DISP-0001985,Generated dispatch item.
1986,1991,2043,100,BLDC Motor 1.5 kW,No,31,1,23125.00,23125.00,FG-DISP-0001986,SN-DISP-0001986,Generated dispatch item.
1987,1992,4744,101,PMSM Motor 3 kW,No,31,4,45625.00,182500.00,FG-DISP-0001987,SN-DISP-0001987,Generated dispatch item.
1988,1993,2045,102,PMSM Motor 7.5 kW,No,24,5,102500.00,512500.00,FG-DISP-0001988,SN-DISP-0001988,Generated dispatch item.
1989,1994,4746,100,BLDC Motor 1.5 kW,No,55,2,23125.00,46250.00,FG-DISP-0001989,SN-DISP-0001989,Generated dispatch item.
1990,1995,2047,101,PMSM Motor 3 kW,No,33,6,45625.00,273750.00,FG-DISP-0001990,SN-DISP-0001990,Generated dispatch item.
1991,1996,4748,102,PMSM Motor 7.5 kW,No,18,1,102500.00,102500.00,FG-DISP-0001991,SN-DISP-0001991,Generated dispatch item.
1992,1997,2049,100,BLDC Motor 1.5 kW,No,36,5,23125.00,115625.00,FG-DISP-0001992,SN-DISP-0001992,Generated dispatch item.
1993,1998,4750,101,PMSM Motor 3 kW,No,39,5,45625.00,228125.00,FG-DISP-0001993,SN-DISP-0001993,Generated dispatch item.
1994,1999,2051,102,PMSM Motor 7.5 kW,No,60,6,102500.00,615000.00,FG-DISP-0001994,SN-DISP-0001994,Generated dispatch item.
1995,2000,4752,100,BLDC Motor 1.5 kW,No,18,2,23125.00,46250.00,FG-DISP-0001995,SN-DISP-0001995,Generated dispatch item.
1996,2001,2053,101,PMSM Motor 3 kW,No,55,2,45625.00,91250.00,FG-DISP-0001996,SN-DISP-0001996,Generated dispatch item.
1997,2002,4754,102,PMSM Motor 7.5 kW,No,25,5,102500.00,512500.00,FG-DISP-0001997,SN-DISP-0001997,Generated dispatch item.
1998,2003,2055,100,BLDC Motor 1.5 kW,No,43,7,23125.00,161875.00,FG-DISP-0001998,SN-DISP-0001998,Generated dispatch item.
1999,2004,4756,101,PMSM Motor 3 kW,No,10,6,45625.00,273750.00,FG-DISP-0001999,SN-DISP-0001999,Generated dispatch item.
2000,2005,2057,102,PMSM Motor 7.5 kW,No,13,2,102500.00,205000.00,FG-DISP-0002000,SN-DISP-0002000,Generated dispatch item.
2001,2006,4758,100,BLDC Motor 1.5 kW,No,41,3,23125.00,69375.00,FG-DISP-0002001,SN-DISP-0002001,Generated dispatch item.
2002,2007,2059,101,PMSM Motor 3 kW,No,56,2,45625.00,91250.00,FG-DISP-0002002,SN-DISP-0002002,Generated dispatch item.
2003,2008,4760,102,PMSM Motor 7.5 kW,No,52,6,102500.00,615000.00,FG-DISP-0002003,SN-DISP-0002003,Generated dispatch item.
2004,2009,2061,100,BLDC Motor 1.5 kW,No,54,4,23125.00,92500.00,FG-DISP-0002004,SN-DISP-0002004,Generated dispatch item.
2005,2010,4762,101,PMSM Motor 3 kW,No,5,4,45625.00,182500.00,FG-DISP-0002005,SN-DISP-0002005,Generated dispatch item.
2006,2011,2063,102,PMSM Motor 7.5 kW,No,54,1,102500.00,102500.00,FG-DISP-0002006,SN-DISP-0002006,Generated dispatch item.
2007,2012,4764,100,BLDC Motor 1.5 kW,No,24,5,23125.00,115625.00,FG-DISP-0002007,SN-DISP-0002007,Generated dispatch item.
2008,2013,2065,101,PMSM Motor 3 kW,No,31,4,45625.00,182500.00,FG-DISP-0002008,SN-DISP-0002008,Generated dispatch item.
2009,2014,4766,102,PMSM Motor 7.5 kW,No,31,1,102500.00,102500.00,FG-DISP-0002009,SN-DISP-0002009,Generated dispatch item.
2010,2015,2067,100,BLDC Motor 1.5 kW,No,14,2,23125.00,46250.00,FG-DISP-0002010,SN-DISP-0002010,Generated dispatch item.
2011,2016,4768,101,PMSM Motor 3 kW,No,8,6,45625.00,273750.00,FG-DISP-0002011,SN-DISP-0002011,Generated dispatch item.
2012,2017,2069,102,PMSM Motor 7.5 kW,No,47,6,102500.00,615000.00,FG-DISP-0002012,SN-DISP-0002012,Generated dispatch item.
2013,2018,4770,100,BLDC Motor 1.5 kW,No,8,4,23125.00,92500.00,FG-DISP-0002013,SN-DISP-0002013,Generated dispatch item.
2014,2019,2071,101,PMSM Motor 3 kW,No,26,6,45625.00,273750.00,FG-DISP-0002014,SN-DISP-0002014,Generated dispatch item.
2015,2020,4772,102,PMSM Motor 7.5 kW,No,54,6,102500.00,615000.00,FG-DISP-0002015,SN-DISP-0002015,Generated dispatch item.
2016,2021,2073,100,BLDC Motor 1.5 kW,No,24,5,23125.00,115625.00,FG-DISP-0002016,SN-DISP-0002016,Generated dispatch item.
2017,2022,4774,101,PMSM Motor 3 kW,No,21,2,45625.00,91250.00,FG-DISP-0002017,SN-DISP-0002017,Generated dispatch item.
2018,2023,2075,102,PMSM Motor 7.5 kW,No,26,3,102500.00,307500.00,FG-DISP-0002018,SN-DISP-0002018,Generated dispatch item.
2019,2024,4776,100,BLDC Motor 1.5 kW,No,45,6,23125.00,138750.00,FG-DISP-0002019,SN-DISP-0002019,Generated dispatch item.
2020,2025,2077,101,PMSM Motor 3 kW,No,36,3,45625.00,136875.00,FG-DISP-0002020,SN-DISP-0002020,Generated dispatch item.
2021,2026,4778,102,PMSM Motor 7.5 kW,No,18,5,102500.00,512500.00,FG-DISP-0002021,SN-DISP-0002021,Generated dispatch item.
2022,2027,2079,100,BLDC Motor 1.5 kW,No,23,6,23125.00,138750.00,FG-DISP-0002022,SN-DISP-0002022,Generated dispatch item.
2023,2028,4780,101,PMSM Motor 3 kW,No,50,4,45625.00,182500.00,FG-DISP-0002023,SN-DISP-0002023,Generated dispatch item.
2024,2029,2081,102,PMSM Motor 7.5 kW,No,43,4,102500.00,410000.00,FG-DISP-0002024,SN-DISP-0002024,Generated dispatch item.
2025,2030,4782,100,BLDC Motor 1.5 kW,No,54,2,23125.00,46250.00,FG-DISP-0002025,SN-DISP-0002025,Generated dispatch item.
2026,2031,2083,101,PMSM Motor 3 kW,No,41,4,45625.00,182500.00,FG-DISP-0002026,SN-DISP-0002026,Generated dispatch item.
2027,2032,4784,102,PMSM Motor 7.5 kW,No,53,1,102500.00,102500.00,FG-DISP-0002027,SN-DISP-0002027,Generated dispatch item.
2028,2033,2085,100,BLDC Motor 1.5 kW,No,33,1,23125.00,23125.00,FG-DISP-0002028,SN-DISP-0002028,Generated dispatch item.
2029,2034,4786,101,PMSM Motor 3 kW,No,42,4,45625.00,182500.00,FG-DISP-0002029,SN-DISP-0002029,Generated dispatch item.
2030,2035,2087,102,PMSM Motor 7.5 kW,No,8,2,102500.00,205000.00,FG-DISP-0002030,SN-DISP-0002030,Generated dispatch item.
2031,2036,4788,100,BLDC Motor 1.5 kW,No,15,3,23125.00,69375.00,FG-DISP-0002031,SN-DISP-0002031,Generated dispatch item.
2032,2037,2089,101,PMSM Motor 3 kW,No,57,3,45625.00,136875.00,FG-DISP-0002032,SN-DISP-0002032,Generated dispatch item.
2033,2038,4790,102,PMSM Motor 7.5 kW,No,32,4,102500.00,410000.00,FG-DISP-0002033,SN-DISP-0002033,Generated dispatch item.
2034,2039,2091,100,BLDC Motor 1.5 kW,No,28,5,23125.00,115625.00,FG-DISP-0002034,SN-DISP-0002034,Generated dispatch item.
2035,2040,4792,101,PMSM Motor 3 kW,No,16,4,45625.00,182500.00,FG-DISP-0002035,SN-DISP-0002035,Generated dispatch item.
2036,2041,2093,102,PMSM Motor 7.5 kW,No,30,6,102500.00,615000.00,FG-DISP-0002036,SN-DISP-0002036,Generated dispatch item.
2037,2042,4794,100,BLDC Motor 1.5 kW,No,20,4,23125.00,92500.00,FG-DISP-0002037,SN-DISP-0002037,Generated dispatch item.
2038,2043,2095,101,PMSM Motor 3 kW,No,30,7,45625.00,319375.00,FG-DISP-0002038,SN-DISP-0002038,Generated dispatch item.
2039,2044,4796,102,PMSM Motor 7.5 kW,No,51,7,102500.00,717500.00,FG-DISP-0002039,SN-DISP-0002039,Generated dispatch item.
2040,2045,2097,100,BLDC Motor 1.5 kW,No,25,3,23125.00,69375.00,FG-DISP-0002040,SN-DISP-0002040,Generated dispatch item.
2041,2046,4798,101,PMSM Motor 3 kW,No,20,6,45625.00,273750.00,FG-DISP-0002041,SN-DISP-0002041,Generated dispatch item.
2042,2047,2099,102,PMSM Motor 7.5 kW,No,42,4,102500.00,410000.00,FG-DISP-0002042,SN-DISP-0002042,Generated dispatch item.
2043,2048,4800,100,BLDC Motor 1.5 kW,No,16,7,23125.00,161875.00,FG-DISP-0002043,SN-DISP-0002043,Generated dispatch item.
2044,2049,2101,101,PMSM Motor 3 kW,No,5,5,45625.00,228125.00,FG-DISP-0002044,SN-DISP-0002044,Generated dispatch item.
2045,2050,4802,102,PMSM Motor 7.5 kW,No,16,3,102500.00,307500.00,FG-DISP-0002045,SN-DISP-0002045,Generated dispatch item.
2046,2051,2103,100,BLDC Motor 1.5 kW,No,53,3,23125.00,69375.00,FG-DISP-0002046,SN-DISP-0002046,Generated dispatch item.
2047,2052,4804,101,PMSM Motor 3 kW,No,36,7,45625.00,319375.00,FG-DISP-0002047,SN-DISP-0002047,Generated dispatch item.
2048,2053,2105,102,PMSM Motor 7.5 kW,No,10,4,102500.00,410000.00,FG-DISP-0002048,SN-DISP-0002048,Generated dispatch item.
2049,2054,4806,100,BLDC Motor 1.5 kW,No,31,5,23125.00,115625.00,FG-DISP-0002049,SN-DISP-0002049,Generated dispatch item.
2050,2055,2107,101,PMSM Motor 3 kW,No,60,5,45625.00,228125.00,FG-DISP-0002050,SN-DISP-0002050,Generated dispatch item.
2051,2056,4808,102,PMSM Motor 7.5 kW,No,32,2,102500.00,205000.00,FG-DISP-0002051,SN-DISP-0002051,Generated dispatch item.
2052,2057,2109,100,BLDC Motor 1.5 kW,No,40,2,23125.00,46250.00,FG-DISP-0002052,SN-DISP-0002052,Generated dispatch item.
2053,2058,4810,101,PMSM Motor 3 kW,No,29,7,45625.00,319375.00,FG-DISP-0002053,SN-DISP-0002053,Generated dispatch item.
2054,2059,2111,102,PMSM Motor 7.5 kW,No,8,2,102500.00,205000.00,FG-DISP-0002054,SN-DISP-0002054,Generated dispatch item.
2055,2060,4812,100,BLDC Motor 1.5 kW,No,24,7,23125.00,161875.00,FG-DISP-0002055,SN-DISP-0002055,Generated dispatch item.
2056,2061,2113,101,PMSM Motor 3 kW,No,36,3,45625.00,136875.00,FG-DISP-0002056,SN-DISP-0002056,Generated dispatch item.
2057,2062,4814,102,PMSM Motor 7.5 kW,No,60,6,102500.00,615000.00,FG-DISP-0002057,SN-DISP-0002057,Generated dispatch item.
2058,2063,2115,100,BLDC Motor 1.5 kW,No,23,5,23125.00,115625.00,FG-DISP-0002058,SN-DISP-0002058,Generated dispatch item.
2059,2064,4816,101,PMSM Motor 3 kW,No,13,1,45625.00,45625.00,FG-DISP-0002059,SN-DISP-0002059,Generated dispatch item.
2060,2065,2117,102,PMSM Motor 7.5 kW,No,58,2,102500.00,205000.00,FG-DISP-0002060,SN-DISP-0002060,Generated dispatch item.
2061,2066,4818,100,BLDC Motor 1.5 kW,No,59,7,23125.00,161875.00,FG-DISP-0002061,SN-DISP-0002061,Generated dispatch item.
2062,2067,2119,101,PMSM Motor 3 kW,No,47,2,45625.00,91250.00,FG-DISP-0002062,SN-DISP-0002062,Generated dispatch item.
2063,2068,4820,102,PMSM Motor 7.5 kW,No,29,2,102500.00,205000.00,FG-DISP-0002063,SN-DISP-0002063,Generated dispatch item.
2064,2069,2121,100,BLDC Motor 1.5 kW,No,33,2,23125.00,46250.00,FG-DISP-0002064,SN-DISP-0002064,Generated dispatch item.
2065,2070,4822,101,PMSM Motor 3 kW,No,7,5,45625.00,228125.00,FG-DISP-0002065,SN-DISP-0002065,Generated dispatch item.
2066,2071,2123,102,PMSM Motor 7.5 kW,No,29,6,102500.00,615000.00,FG-DISP-0002066,SN-DISP-0002066,Generated dispatch item.
2067,2072,4824,100,BLDC Motor 1.5 kW,No,15,7,23125.00,161875.00,FG-DISP-0002067,SN-DISP-0002067,Generated dispatch item.
2068,2073,2125,101,PMSM Motor 3 kW,No,60,7,45625.00,319375.00,FG-DISP-0002068,SN-DISP-0002068,Generated dispatch item.
2069,2074,4826,102,PMSM Motor 7.5 kW,No,59,7,102500.00,717500.00,FG-DISP-0002069,SN-DISP-0002069,Generated dispatch item.
2070,2075,2127,100,BLDC Motor 1.5 kW,No,42,7,23125.00,161875.00,FG-DISP-0002070,SN-DISP-0002070,Generated dispatch item.
2071,2076,4828,101,PMSM Motor 3 kW,No,53,4,45625.00,182500.00,FG-DISP-0002071,SN-DISP-0002071,Generated dispatch item.
2072,2077,2129,102,PMSM Motor 7.5 kW,No,33,6,102500.00,615000.00,FG-DISP-0002072,SN-DISP-0002072,Generated dispatch item.
2073,2078,4830,100,BLDC Motor 1.5 kW,No,20,5,23125.00,115625.00,FG-DISP-0002073,SN-DISP-0002073,Generated dispatch item.
2074,2079,2131,101,PMSM Motor 3 kW,No,27,1,45625.00,45625.00,FG-DISP-0002074,SN-DISP-0002074,Generated dispatch item.
2075,2080,4832,102,PMSM Motor 7.5 kW,No,13,1,102500.00,102500.00,FG-DISP-0002075,SN-DISP-0002075,Generated dispatch item.
2076,2081,2133,100,BLDC Motor 1.5 kW,No,23,1,23125.00,23125.00,FG-DISP-0002076,SN-DISP-0002076,Generated dispatch item.
2077,2082,4834,101,PMSM Motor 3 kW,No,42,3,45625.00,136875.00,FG-DISP-0002077,SN-DISP-0002077,Generated dispatch item.
2078,2083,2135,102,PMSM Motor 7.5 kW,No,44,4,102500.00,410000.00,FG-DISP-0002078,SN-DISP-0002078,Generated dispatch item.
2079,2084,4836,100,BLDC Motor 1.5 kW,No,33,5,23125.00,115625.00,FG-DISP-0002079,SN-DISP-0002079,Generated dispatch item.
2080,2085,2137,101,PMSM Motor 3 kW,No,37,4,45625.00,182500.00,FG-DISP-0002080,SN-DISP-0002080,Generated dispatch item.
2081,2086,4838,102,PMSM Motor 7.5 kW,No,55,3,102500.00,307500.00,FG-DISP-0002081,SN-DISP-0002081,Generated dispatch item.
2082,2087,2139,100,BLDC Motor 1.5 kW,No,52,6,23125.00,138750.00,FG-DISP-0002082,SN-DISP-0002082,Generated dispatch item.
2083,2088,4840,101,PMSM Motor 3 kW,No,49,7,45625.00,319375.00,FG-DISP-0002083,SN-DISP-0002083,Generated dispatch item.
2084,2089,2141,102,PMSM Motor 7.5 kW,No,35,2,102500.00,205000.00,FG-DISP-0002084,SN-DISP-0002084,Generated dispatch item.
2085,2090,4842,100,BLDC Motor 1.5 kW,No,46,2,23125.00,46250.00,FG-DISP-0002085,SN-DISP-0002085,Generated dispatch item.
2086,2091,2143,101,PMSM Motor 3 kW,No,37,7,45625.00,319375.00,FG-DISP-0002086,SN-DISP-0002086,Generated dispatch item.
2087,2092,4844,102,PMSM Motor 7.5 kW,No,21,7,102500.00,717500.00,FG-DISP-0002087,SN-DISP-0002087,Generated dispatch item.
2088,2093,2145,100,BLDC Motor 1.5 kW,No,31,3,23125.00,69375.00,FG-DISP-0002088,SN-DISP-0002088,Generated dispatch item.
2089,2094,4846,101,PMSM Motor 3 kW,No,24,4,45625.00,182500.00,FG-DISP-0002089,SN-DISP-0002089,Generated dispatch item.
2090,2095,2147,102,PMSM Motor 7.5 kW,No,47,5,102500.00,512500.00,FG-DISP-0002090,SN-DISP-0002090,Generated dispatch item.
2091,2096,4848,100,BLDC Motor 1.5 kW,No,45,5,23125.00,115625.00,FG-DISP-0002091,SN-DISP-0002091,Generated dispatch item.
2092,2097,2149,101,PMSM Motor 3 kW,No,28,7,45625.00,319375.00,FG-DISP-0002092,SN-DISP-0002092,Generated dispatch item.
2093,2098,4850,102,PMSM Motor 7.5 kW,No,31,1,102500.00,102500.00,FG-DISP-0002093,SN-DISP-0002093,Generated dispatch item.
2094,2099,2151,100,BLDC Motor 1.5 kW,No,52,4,23125.00,92500.00,FG-DISP-0002094,SN-DISP-0002094,Generated dispatch item.
2095,2100,4852,101,PMSM Motor 3 kW,No,13,2,45625.00,91250.00,FG-DISP-0002095,SN-DISP-0002095,Generated dispatch item.
2096,2101,2153,102,PMSM Motor 7.5 kW,No,23,6,102500.00,615000.00,FG-DISP-0002096,SN-DISP-0002096,Generated dispatch item.
2097,2102,4854,100,BLDC Motor 1.5 kW,No,57,5,23125.00,115625.00,FG-DISP-0002097,SN-DISP-0002097,Generated dispatch item.
2098,2103,2155,101,PMSM Motor 3 kW,No,43,6,45625.00,273750.00,FG-DISP-0002098,SN-DISP-0002098,Generated dispatch item.
2099,2104,4856,102,PMSM Motor 7.5 kW,No,30,7,102500.00,717500.00,FG-DISP-0002099,SN-DISP-0002099,Generated dispatch item.
2100,2105,2157,100,BLDC Motor 1.5 kW,No,55,6,23125.00,138750.00,FG-DISP-0002100,SN-DISP-0002100,Generated dispatch item.
2101,2106,4858,101,PMSM Motor 3 kW,No,58,6,45625.00,273750.00,FG-DISP-0002101,SN-DISP-0002101,Generated dispatch item.
2102,2107,2159,102,PMSM Motor 7.5 kW,No,48,6,102500.00,615000.00,FG-DISP-0002102,SN-DISP-0002102,Generated dispatch item.
2103,2108,4860,100,BLDC Motor 1.5 kW,No,55,5,23125.00,115625.00,FG-DISP-0002103,SN-DISP-0002103,Generated dispatch item.
2104,2109,2161,101,PMSM Motor 3 kW,No,24,3,45625.00,136875.00,FG-DISP-0002104,SN-DISP-0002104,Generated dispatch item.
2105,2110,4862,102,PMSM Motor 7.5 kW,No,34,3,102500.00,307500.00,FG-DISP-0002105,SN-DISP-0002105,Generated dispatch item.
2106,2111,2163,100,BLDC Motor 1.5 kW,No,44,3,23125.00,69375.00,FG-DISP-0002106,SN-DISP-0002106,Generated dispatch item.
2107,2112,4864,101,PMSM Motor 3 kW,No,7,5,45625.00,228125.00,FG-DISP-0002107,SN-DISP-0002107,Generated dispatch item.
2108,2113,2165,102,PMSM Motor 7.5 kW,No,16,6,102500.00,615000.00,FG-DISP-0002108,SN-DISP-0002108,Generated dispatch item.
2109,2114,4866,100,BLDC Motor 1.5 kW,No,8,3,23125.00,69375.00,FG-DISP-0002109,SN-DISP-0002109,Generated dispatch item.
2110,2115,2167,101,PMSM Motor 3 kW,No,8,5,45625.00,228125.00,FG-DISP-0002110,SN-DISP-0002110,Generated dispatch item.
2111,2116,4868,102,PMSM Motor 7.5 kW,No,43,3,102500.00,307500.00,FG-DISP-0002111,SN-DISP-0002111,Generated dispatch item.
2112,2117,2169,100,BLDC Motor 1.5 kW,No,49,5,23125.00,115625.00,FG-DISP-0002112,SN-DISP-0002112,Generated dispatch item.
2113,2118,4870,101,PMSM Motor 3 kW,No,34,6,45625.00,273750.00,FG-DISP-0002113,SN-DISP-0002113,Generated dispatch item.
2114,2119,2171,102,PMSM Motor 7.5 kW,No,50,3,102500.00,307500.00,FG-DISP-0002114,SN-DISP-0002114,Generated dispatch item.
2115,2120,4872,100,BLDC Motor 1.5 kW,No,50,3,23125.00,69375.00,FG-DISP-0002115,SN-DISP-0002115,Generated dispatch item.
2116,2121,2173,101,PMSM Motor 3 kW,No,6,2,45625.00,91250.00,FG-DISP-0002116,SN-DISP-0002116,Generated dispatch item.
2117,2122,4874,102,PMSM Motor 7.5 kW,No,39,4,102500.00,410000.00,FG-DISP-0002117,SN-DISP-0002117,Generated dispatch item.
2118,2123,2175,100,BLDC Motor 1.5 kW,No,58,4,23125.00,92500.00,FG-DISP-0002118,SN-DISP-0002118,Generated dispatch item.
2119,2124,4876,101,PMSM Motor 3 kW,No,13,2,45625.00,91250.00,FG-DISP-0002119,SN-DISP-0002119,Generated dispatch item.
2120,2125,2177,102,PMSM Motor 7.5 kW,No,29,7,102500.00,717500.00,FG-DISP-0002120,SN-DISP-0002120,Generated dispatch item.
2121,2126,4878,100,BLDC Motor 1.5 kW,No,26,7,23125.00,161875.00,FG-DISP-0002121,SN-DISP-0002121,Generated dispatch item.
2122,2127,2179,101,PMSM Motor 3 kW,No,55,3,45625.00,136875.00,FG-DISP-0002122,SN-DISP-0002122,Generated dispatch item.
2123,2128,4880,102,PMSM Motor 7.5 kW,No,44,7,102500.00,717500.00,FG-DISP-0002123,SN-DISP-0002123,Generated dispatch item.
2124,2129,2181,100,BLDC Motor 1.5 kW,No,49,2,23125.00,46250.00,FG-DISP-0002124,SN-DISP-0002124,Generated dispatch item.
2125,2130,4882,101,PMSM Motor 3 kW,No,38,3,45625.00,136875.00,FG-DISP-0002125,SN-DISP-0002125,Generated dispatch item.
2126,2131,2183,102,PMSM Motor 7.5 kW,No,55,1,102500.00,102500.00,FG-DISP-0002126,SN-DISP-0002126,Generated dispatch item.
2127,2132,4884,100,BLDC Motor 1.5 kW,No,43,5,23125.00,115625.00,FG-DISP-0002127,SN-DISP-0002127,Generated dispatch item.
2128,2133,2185,101,PMSM Motor 3 kW,No,51,4,45625.00,182500.00,FG-DISP-0002128,SN-DISP-0002128,Generated dispatch item.
2129,2134,4886,102,PMSM Motor 7.5 kW,No,18,2,102500.00,205000.00,FG-DISP-0002129,SN-DISP-0002129,Generated dispatch item.
2130,2135,2187,100,BLDC Motor 1.5 kW,No,59,3,23125.00,69375.00,FG-DISP-0002130,SN-DISP-0002130,Generated dispatch item.
2131,2136,4888,101,PMSM Motor 3 kW,No,40,7,45625.00,319375.00,FG-DISP-0002131,SN-DISP-0002131,Generated dispatch item.
2132,2137,2189,102,PMSM Motor 7.5 kW,No,40,5,102500.00,512500.00,FG-DISP-0002132,SN-DISP-0002132,Generated dispatch item.
2133,2138,4890,100,BLDC Motor 1.5 kW,No,34,2,23125.00,46250.00,FG-DISP-0002133,SN-DISP-0002133,Generated dispatch item.
2134,2139,2191,101,PMSM Motor 3 kW,No,17,1,45625.00,45625.00,FG-DISP-0002134,SN-DISP-0002134,Generated dispatch item.
2135,2140,4892,102,PMSM Motor 7.5 kW,No,8,1,102500.00,102500.00,FG-DISP-0002135,SN-DISP-0002135,Generated dispatch item.
2136,2141,2193,100,BLDC Motor 1.5 kW,No,26,2,23125.00,46250.00,FG-DISP-0002136,SN-DISP-0002136,Generated dispatch item.
2137,2142,4894,101,PMSM Motor 3 kW,No,41,6,45625.00,273750.00,FG-DISP-0002137,SN-DISP-0002137,Generated dispatch item.
2138,2143,2195,102,PMSM Motor 7.5 kW,No,47,1,102500.00,102500.00,FG-DISP-0002138,SN-DISP-0002138,Generated dispatch item.
2139,2144,4896,100,BLDC Motor 1.5 kW,No,10,2,23125.00,46250.00,FG-DISP-0002139,SN-DISP-0002139,Generated dispatch item.
2140,2145,2197,101,PMSM Motor 3 kW,No,13,1,45625.00,45625.00,FG-DISP-0002140,SN-DISP-0002140,Generated dispatch item.
2141,2146,4898,102,PMSM Motor 7.5 kW,No,22,5,102500.00,512500.00,FG-DISP-0002141,SN-DISP-0002141,Generated dispatch item.
2142,2147,2199,100,BLDC Motor 1.5 kW,No,57,6,23125.00,138750.00,FG-DISP-0002142,SN-DISP-0002142,Generated dispatch item.
2143,2148,4900,101,PMSM Motor 3 kW,No,49,4,45625.00,182500.00,FG-DISP-0002143,SN-DISP-0002143,Generated dispatch item.
2144,2149,2201,102,PMSM Motor 7.5 kW,No,16,7,102500.00,717500.00,FG-DISP-0002144,SN-DISP-0002144,Generated dispatch item.
2145,2150,4902,100,BLDC Motor 1.5 kW,No,34,5,23125.00,115625.00,FG-DISP-0002145,SN-DISP-0002145,Generated dispatch item.
2146,2151,2203,101,PMSM Motor 3 kW,No,54,6,45625.00,273750.00,FG-DISP-0002146,SN-DISP-0002146,Generated dispatch item.
2147,2152,4904,102,PMSM Motor 7.5 kW,No,27,3,102500.00,307500.00,FG-DISP-0002147,SN-DISP-0002147,Generated dispatch item.
2148,2153,2205,100,BLDC Motor 1.5 kW,No,32,7,23125.00,161875.00,FG-DISP-0002148,SN-DISP-0002148,Generated dispatch item.
2149,2154,4906,101,PMSM Motor 3 kW,No,22,5,45625.00,228125.00,FG-DISP-0002149,SN-DISP-0002149,Generated dispatch item.
2150,2155,2207,102,PMSM Motor 7.5 kW,No,52,1,102500.00,102500.00,FG-DISP-0002150,SN-DISP-0002150,Generated dispatch item.
2151,2156,4908,100,BLDC Motor 1.5 kW,No,49,1,23125.00,23125.00,FG-DISP-0002151,SN-DISP-0002151,Generated dispatch item.
2152,2157,2209,101,PMSM Motor 3 kW,No,58,7,45625.00,319375.00,FG-DISP-0002152,SN-DISP-0002152,Generated dispatch item.
2153,2158,4910,102,PMSM Motor 7.5 kW,No,31,2,102500.00,205000.00,FG-DISP-0002153,SN-DISP-0002153,Generated dispatch item.
2154,2159,2211,100,BLDC Motor 1.5 kW,No,28,4,23125.00,92500.00,FG-DISP-0002154,SN-DISP-0002154,Generated dispatch item.
2155,2160,4912,101,PMSM Motor 3 kW,No,21,6,45625.00,273750.00,FG-DISP-0002155,SN-DISP-0002155,Generated dispatch item.
2156,2161,2213,102,PMSM Motor 7.5 kW,No,44,6,102500.00,615000.00,FG-DISP-0002156,SN-DISP-0002156,Generated dispatch item.
2157,2162,4914,100,BLDC Motor 1.5 kW,No,49,1,23125.00,23125.00,FG-DISP-0002157,SN-DISP-0002157,Generated dispatch item.
2158,2163,2215,101,PMSM Motor 3 kW,No,17,5,45625.00,228125.00,FG-DISP-0002158,SN-DISP-0002158,Generated dispatch item.
2159,2164,4916,102,PMSM Motor 7.5 kW,No,23,7,102500.00,717500.00,FG-DISP-0002159,SN-DISP-0002159,Generated dispatch item.
2160,2165,2217,100,BLDC Motor 1.5 kW,No,49,3,23125.00,69375.00,FG-DISP-0002160,SN-DISP-0002160,Generated dispatch item.
2161,2166,4918,101,PMSM Motor 3 kW,No,56,4,45625.00,182500.00,FG-DISP-0002161,SN-DISP-0002161,Generated dispatch item.
2162,2167,2219,102,PMSM Motor 7.5 kW,No,50,2,102500.00,205000.00,FG-DISP-0002162,SN-DISP-0002162,Generated dispatch item.
2163,2168,4920,100,BLDC Motor 1.5 kW,No,20,6,23125.00,138750.00,FG-DISP-0002163,SN-DISP-0002163,Generated dispatch item.
2164,2169,2221,101,PMSM Motor 3 kW,No,21,1,45625.00,45625.00,FG-DISP-0002164,SN-DISP-0002164,Generated dispatch item.
2165,2170,4922,102,PMSM Motor 7.5 kW,No,31,4,102500.00,410000.00,FG-DISP-0002165,SN-DISP-0002165,Generated dispatch item.
2166,2171,2223,100,BLDC Motor 1.5 kW,No,6,3,23125.00,69375.00,FG-DISP-0002166,SN-DISP-0002166,Generated dispatch item.
2167,2172,4924,101,PMSM Motor 3 kW,No,22,5,45625.00,228125.00,FG-DISP-0002167,SN-DISP-0002167,Generated dispatch item.
2168,2173,2225,102,PMSM Motor 7.5 kW,No,29,4,102500.00,410000.00,FG-DISP-0002168,SN-DISP-0002168,Generated dispatch item.
2169,2174,4926,100,BLDC Motor 1.5 kW,No,59,7,23125.00,161875.00,FG-DISP-0002169,SN-DISP-0002169,Generated dispatch item.
2170,2175,2227,101,PMSM Motor 3 kW,No,14,7,45625.00,319375.00,FG-DISP-0002170,SN-DISP-0002170,Generated dispatch item.
2171,2176,4928,102,PMSM Motor 7.5 kW,No,53,2,102500.00,205000.00,FG-DISP-0002171,SN-DISP-0002171,Generated dispatch item.
2172,2177,2229,100,BLDC Motor 1.5 kW,No,50,1,23125.00,23125.00,FG-DISP-0002172,SN-DISP-0002172,Generated dispatch item.
2173,2178,4930,101,PMSM Motor 3 kW,No,60,4,45625.00,182500.00,FG-DISP-0002173,SN-DISP-0002173,Generated dispatch item.
2174,2179,2231,102,PMSM Motor 7.5 kW,No,19,5,102500.00,512500.00,FG-DISP-0002174,SN-DISP-0002174,Generated dispatch item.
2175,2180,4932,100,BLDC Motor 1.5 kW,No,51,6,23125.00,138750.00,FG-DISP-0002175,SN-DISP-0002175,Generated dispatch item.
2176,2181,2233,101,PMSM Motor 3 kW,No,57,4,45625.00,182500.00,FG-DISP-0002176,SN-DISP-0002176,Generated dispatch item.
2177,2182,4934,102,PMSM Motor 7.5 kW,No,22,5,102500.00,512500.00,FG-DISP-0002177,SN-DISP-0002177,Generated dispatch item.
2178,2183,2235,100,BLDC Motor 1.5 kW,No,59,1,23125.00,23125.00,FG-DISP-0002178,SN-DISP-0002178,Generated dispatch item.
2179,2184,4936,101,PMSM Motor 3 kW,No,59,6,45625.00,273750.00,FG-DISP-0002179,SN-DISP-0002179,Generated dispatch item.
2180,2185,2237,102,PMSM Motor 7.5 kW,No,55,3,102500.00,307500.00,FG-DISP-0002180,SN-DISP-0002180,Generated dispatch item.
2181,2186,4938,100,BLDC Motor 1.5 kW,No,29,3,23125.00,69375.00,FG-DISP-0002181,SN-DISP-0002181,Generated dispatch item.
2182,2187,2239,101,PMSM Motor 3 kW,No,38,3,45625.00,136875.00,FG-DISP-0002182,SN-DISP-0002182,Generated dispatch item.
2183,2188,4940,102,PMSM Motor 7.5 kW,No,31,1,102500.00,102500.00,FG-DISP-0002183,SN-DISP-0002183,Generated dispatch item.
2184,2189,2241,100,BLDC Motor 1.5 kW,No,19,4,23125.00,92500.00,FG-DISP-0002184,SN-DISP-0002184,Generated dispatch item.
2185,2190,4942,101,PMSM Motor 3 kW,No,28,3,45625.00,136875.00,FG-DISP-0002185,SN-DISP-0002185,Generated dispatch item.
2186,2191,2243,102,PMSM Motor 7.5 kW,No,50,2,102500.00,205000.00,FG-DISP-0002186,SN-DISP-0002186,Generated dispatch item.
2187,2192,4944,100,BLDC Motor 1.5 kW,No,20,2,23125.00,46250.00,FG-DISP-0002187,SN-DISP-0002187,Generated dispatch item.
2188,2193,2245,101,PMSM Motor 3 kW,No,44,1,45625.00,45625.00,FG-DISP-0002188,SN-DISP-0002188,Generated dispatch item.
2189,2194,4946,102,PMSM Motor 7.5 kW,No,6,6,102500.00,615000.00,FG-DISP-0002189,SN-DISP-0002189,Generated dispatch item.
2190,2195,2247,100,BLDC Motor 1.5 kW,No,59,3,23125.00,69375.00,FG-DISP-0002190,SN-DISP-0002190,Generated dispatch item.
2191,2196,4948,101,PMSM Motor 3 kW,No,58,7,45625.00,319375.00,FG-DISP-0002191,SN-DISP-0002191,Generated dispatch item.
2192,2197,2249,102,PMSM Motor 7.5 kW,No,26,6,102500.00,615000.00,FG-DISP-0002192,SN-DISP-0002192,Generated dispatch item.
2193,2198,4950,100,BLDC Motor 1.5 kW,No,18,4,23125.00,92500.00,FG-DISP-0002193,SN-DISP-0002193,Generated dispatch item.
2194,2199,2251,101,PMSM Motor 3 kW,No,8,6,45625.00,273750.00,FG-DISP-0002194,SN-DISP-0002194,Generated dispatch item.
2195,2200,4952,102,PMSM Motor 7.5 kW,No,36,2,102500.00,205000.00,FG-DISP-0002195,SN-DISP-0002195,Generated dispatch item.
2196,2201,2253,100,BLDC Motor 1.5 kW,No,60,2,23125.00,46250.00,FG-DISP-0002196,SN-DISP-0002196,Generated dispatch item.
2197,2202,4954,101,PMSM Motor 3 kW,No,8,7,45625.00,319375.00,FG-DISP-0002197,SN-DISP-0002197,Generated dispatch item.
2198,2203,2255,102,PMSM Motor 7.5 kW,No,51,5,102500.00,512500.00,FG-DISP-0002198,SN-DISP-0002198,Generated dispatch item.
2199,2204,4956,100,BLDC Motor 1.5 kW,No,35,5,23125.00,115625.00,FG-DISP-0002199,SN-DISP-0002199,Generated dispatch item.
2200,2205,2257,101,PMSM Motor 3 kW,No,17,7,45625.00,319375.00,FG-DISP-0002200,SN-DISP-0002200,Generated dispatch item.
2201,2206,4958,102,PMSM Motor 7.5 kW,No,8,1,102500.00,102500.00,FG-DISP-0002201,SN-DISP-0002201,Generated dispatch item.
2202,2207,2259,100,BLDC Motor 1.5 kW,No,45,2,23125.00,46250.00,FG-DISP-0002202,SN-DISP-0002202,Generated dispatch item.
2203,2208,4960,101,PMSM Motor 3 kW,No,9,7,45625.00,319375.00,FG-DISP-0002203,SN-DISP-0002203,Generated dispatch item.
2204,2209,2261,102,PMSM Motor 7.5 kW,No,5,1,102500.00,102500.00,FG-DISP-0002204,SN-DISP-0002204,Generated dispatch item.
2205,2210,4962,100,BLDC Motor 1.5 kW,No,48,4,23125.00,92500.00,FG-DISP-0002205,SN-DISP-0002205,Generated dispatch item.
2206,2211,2263,101,PMSM Motor 3 kW,No,36,1,45625.00,45625.00,FG-DISP-0002206,SN-DISP-0002206,Generated dispatch item.
2207,2212,4964,102,PMSM Motor 7.5 kW,No,43,3,102500.00,307500.00,FG-DISP-0002207,SN-DISP-0002207,Generated dispatch item.
2208,2213,2265,100,BLDC Motor 1.5 kW,No,25,2,23125.00,46250.00,FG-DISP-0002208,SN-DISP-0002208,Generated dispatch item.
2209,2214,4966,101,PMSM Motor 3 kW,No,60,2,45625.00,91250.00,FG-DISP-0002209,SN-DISP-0002209,Generated dispatch item.
2210,2215,2267,102,PMSM Motor 7.5 kW,No,26,6,102500.00,615000.00,FG-DISP-0002210,SN-DISP-0002210,Generated dispatch item.
2211,2216,4968,100,BLDC Motor 1.5 kW,No,33,2,23125.00,46250.00,FG-DISP-0002211,SN-DISP-0002211,Generated dispatch item.
2212,2217,2269,101,PMSM Motor 3 kW,No,18,6,45625.00,273750.00,FG-DISP-0002212,SN-DISP-0002212,Generated dispatch item.
2213,2218,4970,102,PMSM Motor 7.5 kW,No,10,7,102500.00,717500.00,FG-DISP-0002213,SN-DISP-0002213,Generated dispatch item.
2214,2219,2271,100,BLDC Motor 1.5 kW,No,20,4,23125.00,92500.00,FG-DISP-0002214,SN-DISP-0002214,Generated dispatch item.
2215,2220,4972,101,PMSM Motor 3 kW,No,9,4,45625.00,182500.00,FG-DISP-0002215,SN-DISP-0002215,Generated dispatch item.
2216,2221,2273,102,PMSM Motor 7.5 kW,No,30,3,102500.00,307500.00,FG-DISP-0002216,SN-DISP-0002216,Generated dispatch item.
2217,2222,4974,100,BLDC Motor 1.5 kW,No,19,5,23125.00,115625.00,FG-DISP-0002217,SN-DISP-0002217,Generated dispatch item.
2218,2223,2275,101,PMSM Motor 3 kW,No,18,6,45625.00,273750.00,FG-DISP-0002218,SN-DISP-0002218,Generated dispatch item.
2219,2224,4976,102,PMSM Motor 7.5 kW,No,44,7,102500.00,717500.00,FG-DISP-0002219,SN-DISP-0002219,Generated dispatch item.
2220,2225,2277,100,BLDC Motor 1.5 kW,No,31,2,23125.00,46250.00,FG-DISP-0002220,SN-DISP-0002220,Generated dispatch item.
2221,2226,4978,101,PMSM Motor 3 kW,No,7,5,45625.00,228125.00,FG-DISP-0002221,SN-DISP-0002221,Generated dispatch item.
2222,2227,2279,102,PMSM Motor 7.5 kW,No,37,1,102500.00,102500.00,FG-DISP-0002222,SN-DISP-0002222,Generated dispatch item.
2223,2228,4980,100,BLDC Motor 1.5 kW,No,45,4,23125.00,92500.00,FG-DISP-0002223,SN-DISP-0002223,Generated dispatch item.
2224,2229,2281,101,PMSM Motor 3 kW,No,44,1,45625.00,45625.00,FG-DISP-0002224,SN-DISP-0002224,Generated dispatch item.
2225,2230,4982,102,PMSM Motor 7.5 kW,No,59,4,102500.00,410000.00,FG-DISP-0002225,SN-DISP-0002225,Generated dispatch item.
2226,2231,2283,100,BLDC Motor 1.5 kW,No,42,6,23125.00,138750.00,FG-DISP-0002226,SN-DISP-0002226,Generated dispatch item.
2227,2232,4984,101,PMSM Motor 3 kW,No,14,6,45625.00,273750.00,FG-DISP-0002227,SN-DISP-0002227,Generated dispatch item.
2228,2233,2285,102,PMSM Motor 7.5 kW,No,18,6,102500.00,615000.00,FG-DISP-0002228,SN-DISP-0002228,Generated dispatch item.
2229,2234,4986,100,BLDC Motor 1.5 kW,No,10,5,23125.00,115625.00,FG-DISP-0002229,SN-DISP-0002229,Generated dispatch item.
2230,2235,2287,101,PMSM Motor 3 kW,No,7,5,45625.00,228125.00,FG-DISP-0002230,SN-DISP-0002230,Generated dispatch item.
2231,2236,4988,102,PMSM Motor 7.5 kW,No,49,1,102500.00,102500.00,FG-DISP-0002231,SN-DISP-0002231,Generated dispatch item.
2232,2237,2289,100,BLDC Motor 1.5 kW,No,51,6,23125.00,138750.00,FG-DISP-0002232,SN-DISP-0002232,Generated dispatch item.
2233,2238,4990,101,PMSM Motor 3 kW,No,60,5,45625.00,228125.00,FG-DISP-0002233,SN-DISP-0002233,Generated dispatch item.
2234,2239,2291,102,PMSM Motor 7.5 kW,No,53,2,102500.00,205000.00,FG-DISP-0002234,SN-DISP-0002234,Generated dispatch item.
2235,2240,4992,100,BLDC Motor 1.5 kW,No,33,5,23125.00,115625.00,FG-DISP-0002235,SN-DISP-0002235,Generated dispatch item.
2236,2241,2293,101,PMSM Motor 3 kW,No,59,3,45625.00,136875.00,FG-DISP-0002236,SN-DISP-0002236,Generated dispatch item.
2237,2242,4994,102,PMSM Motor 7.5 kW,No,60,4,102500.00,410000.00,FG-DISP-0002237,SN-DISP-0002237,Generated dispatch item.
2238,2243,2295,100,BLDC Motor 1.5 kW,No,58,6,23125.00,138750.00,FG-DISP-0002238,SN-DISP-0002238,Generated dispatch item.
2239,2244,4996,101,PMSM Motor 3 kW,No,48,3,45625.00,136875.00,FG-DISP-0002239,SN-DISP-0002239,Generated dispatch item.
2240,2245,2297,102,PMSM Motor 7.5 kW,No,40,7,102500.00,717500.00,FG-DISP-0002240,SN-DISP-0002240,Generated dispatch item.
2241,2246,4998,100,BLDC Motor 1.5 kW,No,55,3,23125.00,69375.00,FG-DISP-0002241,SN-DISP-0002241,Generated dispatch item.
2242,2247,2299,101,PMSM Motor 3 kW,No,55,4,45625.00,182500.00,FG-DISP-0002242,SN-DISP-0002242,Generated dispatch item.
2243,2248,5000,102,PMSM Motor 7.5 kW,No,48,1,102500.00,102500.00,FG-DISP-0002243,SN-DISP-0002243,Generated dispatch item.
2244,2249,2301,100,BLDC Motor 1.5 kW,No,30,1,23125.00,23125.00,FG-DISP-0002244,SN-DISP-0002244,Generated dispatch item.
2245,2250,5002,101,PMSM Motor 3 kW,No,56,2,45625.00,91250.00,FG-DISP-0002245,SN-DISP-0002245,Generated dispatch item.
2246,2251,2303,102,PMSM Motor 7.5 kW,No,49,7,102500.00,717500.00,FG-DISP-0002246,SN-DISP-0002246,Generated dispatch item.
2247,2252,5004,100,BLDC Motor 1.5 kW,No,8,2,23125.00,46250.00,FG-DISP-0002247,SN-DISP-0002247,Generated dispatch item.
2248,2253,2305,101,PMSM Motor 3 kW,No,58,3,45625.00,136875.00,FG-DISP-0002248,SN-DISP-0002248,Generated dispatch item.
2249,2254,5006,102,PMSM Motor 7.5 kW,No,6,6,102500.00,615000.00,FG-DISP-0002249,SN-DISP-0002249,Generated dispatch item.
2250,2255,2307,100,BLDC Motor 1.5 kW,No,49,3,23125.00,69375.00,FG-DISP-0002250,SN-DISP-0002250,Generated dispatch item.
2251,2256,5008,101,PMSM Motor 3 kW,No,18,6,45625.00,273750.00,FG-DISP-0002251,SN-DISP-0002251,Generated dispatch item.
2252,2257,2309,102,PMSM Motor 7.5 kW,No,28,1,102500.00,102500.00,FG-DISP-0002252,SN-DISP-0002252,Generated dispatch item.
2253,2258,5010,100,BLDC Motor 1.5 kW,No,45,1,23125.00,23125.00,FG-DISP-0002253,SN-DISP-0002253,Generated dispatch item.
2254,2259,2311,101,PMSM Motor 3 kW,No,26,1,45625.00,45625.00,FG-DISP-0002254,SN-DISP-0002254,Generated dispatch item.
2255,2260,5012,102,PMSM Motor 7.5 kW,No,44,1,102500.00,102500.00,FG-DISP-0002255,SN-DISP-0002255,Generated dispatch item.
2256,2261,2313,100,BLDC Motor 1.5 kW,No,21,5,23125.00,115625.00,FG-DISP-0002256,SN-DISP-0002256,Generated dispatch item.
2257,2262,5014,101,PMSM Motor 3 kW,No,53,1,45625.00,45625.00,FG-DISP-0002257,SN-DISP-0002257,Generated dispatch item.
2258,2263,2315,102,PMSM Motor 7.5 kW,No,25,5,102500.00,512500.00,FG-DISP-0002258,SN-DISP-0002258,Generated dispatch item.
2259,2264,5016,100,BLDC Motor 1.5 kW,No,34,5,23125.00,115625.00,FG-DISP-0002259,SN-DISP-0002259,Generated dispatch item.
2260,2265,2317,101,PMSM Motor 3 kW,No,50,2,45625.00,91250.00,FG-DISP-0002260,SN-DISP-0002260,Generated dispatch item.
2261,2266,5018,102,PMSM Motor 7.5 kW,No,11,1,102500.00,102500.00,FG-DISP-0002261,SN-DISP-0002261,Generated dispatch item.
2262,2267,2319,100,BLDC Motor 1.5 kW,No,44,2,23125.00,46250.00,FG-DISP-0002262,SN-DISP-0002262,Generated dispatch item.
2263,2268,5020,101,PMSM Motor 3 kW,No,32,2,45625.00,91250.00,FG-DISP-0002263,SN-DISP-0002263,Generated dispatch item.
2264,2269,2321,102,PMSM Motor 7.5 kW,No,18,4,102500.00,410000.00,FG-DISP-0002264,SN-DISP-0002264,Generated dispatch item.
2265,2270,5022,100,BLDC Motor 1.5 kW,No,51,7,23125.00,161875.00,FG-DISP-0002265,SN-DISP-0002265,Generated dispatch item.
2266,2271,2323,101,PMSM Motor 3 kW,No,44,4,45625.00,182500.00,FG-DISP-0002266,SN-DISP-0002266,Generated dispatch item.
2267,2272,5024,102,PMSM Motor 7.5 kW,No,42,5,102500.00,512500.00,FG-DISP-0002267,SN-DISP-0002267,Generated dispatch item.
2268,2273,2325,100,BLDC Motor 1.5 kW,No,26,3,23125.00,69375.00,FG-DISP-0002268,SN-DISP-0002268,Generated dispatch item.
2269,2274,5026,101,PMSM Motor 3 kW,No,53,1,45625.00,45625.00,FG-DISP-0002269,SN-DISP-0002269,Generated dispatch item.
2270,2275,2327,102,PMSM Motor 7.5 kW,No,36,2,102500.00,205000.00,FG-DISP-0002270,SN-DISP-0002270,Generated dispatch item.
2271,2276,5028,100,BLDC Motor 1.5 kW,No,20,4,23125.00,92500.00,FG-DISP-0002271,SN-DISP-0002271,Generated dispatch item.
2272,2277,2329,101,PMSM Motor 3 kW,No,25,7,45625.00,319375.00,FG-DISP-0002272,SN-DISP-0002272,Generated dispatch item.
2273,2278,5030,102,PMSM Motor 7.5 kW,No,60,2,102500.00,205000.00,FG-DISP-0002273,SN-DISP-0002273,Generated dispatch item.
2274,2279,2331,100,BLDC Motor 1.5 kW,No,34,7,23125.00,161875.00,FG-DISP-0002274,SN-DISP-0002274,Generated dispatch item.
2275,2280,5032,101,PMSM Motor 3 kW,No,42,5,45625.00,228125.00,FG-DISP-0002275,SN-DISP-0002275,Generated dispatch item.
2276,2281,2333,102,PMSM Motor 7.5 kW,No,45,3,102500.00,307500.00,FG-DISP-0002276,SN-DISP-0002276,Generated dispatch item.
2277,2282,5034,100,BLDC Motor 1.5 kW,No,17,5,23125.00,115625.00,FG-DISP-0002277,SN-DISP-0002277,Generated dispatch item.
2278,2283,2335,101,PMSM Motor 3 kW,No,45,5,45625.00,228125.00,FG-DISP-0002278,SN-DISP-0002278,Generated dispatch item.
2279,2284,5036,102,PMSM Motor 7.5 kW,No,35,5,102500.00,512500.00,FG-DISP-0002279,SN-DISP-0002279,Generated dispatch item.
2280,2285,2337,100,BLDC Motor 1.5 kW,No,47,7,23125.00,161875.00,FG-DISP-0002280,SN-DISP-0002280,Generated dispatch item.
2281,2286,5038,101,PMSM Motor 3 kW,No,52,5,45625.00,228125.00,FG-DISP-0002281,SN-DISP-0002281,Generated dispatch item.
2282,2287,2339,102,PMSM Motor 7.5 kW,No,26,1,102500.00,102500.00,FG-DISP-0002282,SN-DISP-0002282,Generated dispatch item.
2283,2288,5040,100,BLDC Motor 1.5 kW,No,11,3,23125.00,69375.00,FG-DISP-0002283,SN-DISP-0002283,Generated dispatch item.
2284,2289,2341,101,PMSM Motor 3 kW,No,43,7,45625.00,319375.00,FG-DISP-0002284,SN-DISP-0002284,Generated dispatch item.
2285,2290,5042,102,PMSM Motor 7.5 kW,No,18,2,102500.00,205000.00,FG-DISP-0002285,SN-DISP-0002285,Generated dispatch item.
2286,2291,2343,100,BLDC Motor 1.5 kW,No,18,4,23125.00,92500.00,FG-DISP-0002286,SN-DISP-0002286,Generated dispatch item.
2287,2292,5044,101,PMSM Motor 3 kW,No,5,4,45625.00,182500.00,FG-DISP-0002287,SN-DISP-0002287,Generated dispatch item.
2288,2293,2345,102,PMSM Motor 7.5 kW,No,31,4,102500.00,410000.00,FG-DISP-0002288,SN-DISP-0002288,Generated dispatch item.
2289,2294,5046,100,BLDC Motor 1.5 kW,No,41,7,23125.00,161875.00,FG-DISP-0002289,SN-DISP-0002289,Generated dispatch item.
2290,2295,2347,101,PMSM Motor 3 kW,No,37,4,45625.00,182500.00,FG-DISP-0002290,SN-DISP-0002290,Generated dispatch item.
2291,2296,5048,102,PMSM Motor 7.5 kW,No,43,1,102500.00,102500.00,FG-DISP-0002291,SN-DISP-0002291,Generated dispatch item.
2292,2297,2349,100,BLDC Motor 1.5 kW,No,43,2,23125.00,46250.00,FG-DISP-0002292,SN-DISP-0002292,Generated dispatch item.
2293,2298,5050,101,PMSM Motor 3 kW,No,5,5,45625.00,228125.00,FG-DISP-0002293,SN-DISP-0002293,Generated dispatch item.
2294,2299,2351,102,PMSM Motor 7.5 kW,No,56,6,102500.00,615000.00,FG-DISP-0002294,SN-DISP-0002294,Generated dispatch item.
2295,2300,5052,100,BLDC Motor 1.5 kW,No,24,5,23125.00,115625.00,FG-DISP-0002295,SN-DISP-0002295,Generated dispatch item.
2296,2301,2353,101,PMSM Motor 3 kW,No,22,6,45625.00,273750.00,FG-DISP-0002296,SN-DISP-0002296,Generated dispatch item.
2297,2302,5054,102,PMSM Motor 7.5 kW,No,37,2,102500.00,205000.00,FG-DISP-0002297,SN-DISP-0002297,Generated dispatch item.
2298,2303,2355,100,BLDC Motor 1.5 kW,No,52,1,23125.00,23125.00,FG-DISP-0002298,SN-DISP-0002298,Generated dispatch item.
2299,2304,5056,101,PMSM Motor 3 kW,No,14,7,45625.00,319375.00,FG-DISP-0002299,SN-DISP-0002299,Generated dispatch item.
2300,2305,2357,102,PMSM Motor 7.5 kW,No,22,4,102500.00,410000.00,FG-DISP-0002300,SN-DISP-0002300,Generated dispatch item.
2301,2306,5058,100,BLDC Motor 1.5 kW,No,41,6,23125.00,138750.00,FG-DISP-0002301,SN-DISP-0002301,Generated dispatch item.
2302,2307,2359,101,PMSM Motor 3 kW,No,35,7,45625.00,319375.00,FG-DISP-0002302,SN-DISP-0002302,Generated dispatch item.
2303,2308,5060,102,PMSM Motor 7.5 kW,No,19,2,102500.00,205000.00,FG-DISP-0002303,SN-DISP-0002303,Generated dispatch item.
2304,2309,2361,100,BLDC Motor 1.5 kW,No,51,7,23125.00,161875.00,FG-DISP-0002304,SN-DISP-0002304,Generated dispatch item.
2305,2310,5062,101,PMSM Motor 3 kW,No,7,3,45625.00,136875.00,FG-DISP-0002305,SN-DISP-0002305,Generated dispatch item.
2306,2311,2363,102,PMSM Motor 7.5 kW,No,45,5,102500.00,512500.00,FG-DISP-0002306,SN-DISP-0002306,Generated dispatch item.
2307,2312,5064,100,BLDC Motor 1.5 kW,No,52,3,23125.00,69375.00,FG-DISP-0002307,SN-DISP-0002307,Generated dispatch item.
2308,2313,2365,101,PMSM Motor 3 kW,No,53,2,45625.00,91250.00,FG-DISP-0002308,SN-DISP-0002308,Generated dispatch item.
2309,2314,5066,102,PMSM Motor 7.5 kW,No,24,7,102500.00,717500.00,FG-DISP-0002309,SN-DISP-0002309,Generated dispatch item.
2310,2315,2367,100,BLDC Motor 1.5 kW,No,50,3,23125.00,69375.00,FG-DISP-0002310,SN-DISP-0002310,Generated dispatch item.
2311,2316,5068,101,PMSM Motor 3 kW,No,22,1,45625.00,45625.00,FG-DISP-0002311,SN-DISP-0002311,Generated dispatch item.
2312,2317,2369,102,PMSM Motor 7.5 kW,No,20,2,102500.00,205000.00,FG-DISP-0002312,SN-DISP-0002312,Generated dispatch item.
2313,2318,5070,100,BLDC Motor 1.5 kW,No,9,7,23125.00,161875.00,FG-DISP-0002313,SN-DISP-0002313,Generated dispatch item.
2314,2319,2371,101,PMSM Motor 3 kW,No,60,6,45625.00,273750.00,FG-DISP-0002314,SN-DISP-0002314,Generated dispatch item.
2315,2320,5072,102,PMSM Motor 7.5 kW,No,22,5,102500.00,512500.00,FG-DISP-0002315,SN-DISP-0002315,Generated dispatch item.
2316,2321,2373,100,BLDC Motor 1.5 kW,No,57,6,23125.00,138750.00,FG-DISP-0002316,SN-DISP-0002316,Generated dispatch item.
2317,2322,5074,101,PMSM Motor 3 kW,No,50,5,45625.00,228125.00,FG-DISP-0002317,SN-DISP-0002317,Generated dispatch item.
2318,2323,2375,102,PMSM Motor 7.5 kW,No,29,7,102500.00,717500.00,FG-DISP-0002318,SN-DISP-0002318,Generated dispatch item.
2319,2324,5076,100,BLDC Motor 1.5 kW,No,60,1,23125.00,23125.00,FG-DISP-0002319,SN-DISP-0002319,Generated dispatch item.
2320,2325,2377,101,PMSM Motor 3 kW,No,7,1,45625.00,45625.00,FG-DISP-0002320,SN-DISP-0002320,Generated dispatch item.
2321,2326,5078,102,PMSM Motor 7.5 kW,No,38,5,102500.00,512500.00,FG-DISP-0002321,SN-DISP-0002321,Generated dispatch item.
2322,2327,2379,100,BLDC Motor 1.5 kW,No,21,7,23125.00,161875.00,FG-DISP-0002322,SN-DISP-0002322,Generated dispatch item.
2323,2328,5080,101,PMSM Motor 3 kW,No,15,5,45625.00,228125.00,FG-DISP-0002323,SN-DISP-0002323,Generated dispatch item.
2324,2329,2381,102,PMSM Motor 7.5 kW,No,51,7,102500.00,717500.00,FG-DISP-0002324,SN-DISP-0002324,Generated dispatch item.
2325,2330,5082,100,BLDC Motor 1.5 kW,No,8,3,23125.00,69375.00,FG-DISP-0002325,SN-DISP-0002325,Generated dispatch item.
2326,2331,2383,101,PMSM Motor 3 kW,No,58,5,45625.00,228125.00,FG-DISP-0002326,SN-DISP-0002326,Generated dispatch item.
2327,2332,5084,102,PMSM Motor 7.5 kW,No,38,4,102500.00,410000.00,FG-DISP-0002327,SN-DISP-0002327,Generated dispatch item.
2328,2333,2385,100,BLDC Motor 1.5 kW,No,51,7,23125.00,161875.00,FG-DISP-0002328,SN-DISP-0002328,Generated dispatch item.
2329,2334,5086,101,PMSM Motor 3 kW,No,20,5,45625.00,228125.00,FG-DISP-0002329,SN-DISP-0002329,Generated dispatch item.
2330,2335,2387,102,PMSM Motor 7.5 kW,No,27,4,102500.00,410000.00,FG-DISP-0002330,SN-DISP-0002330,Generated dispatch item.
2331,2336,5088,100,BLDC Motor 1.5 kW,No,47,2,23125.00,46250.00,FG-DISP-0002331,SN-DISP-0002331,Generated dispatch item.
2332,2337,2389,101,PMSM Motor 3 kW,No,8,3,45625.00,136875.00,FG-DISP-0002332,SN-DISP-0002332,Generated dispatch item.
2333,2338,5090,102,PMSM Motor 7.5 kW,No,36,1,102500.00,102500.00,FG-DISP-0002333,SN-DISP-0002333,Generated dispatch item.
2334,2339,2391,100,BLDC Motor 1.5 kW,No,33,2,23125.00,46250.00,FG-DISP-0002334,SN-DISP-0002334,Generated dispatch item.
2335,2340,5092,101,PMSM Motor 3 kW,No,44,4,45625.00,182500.00,FG-DISP-0002335,SN-DISP-0002335,Generated dispatch item.
2336,2341,2393,102,PMSM Motor 7.5 kW,No,26,1,102500.00,102500.00,FG-DISP-0002336,SN-DISP-0002336,Generated dispatch item.
2337,2342,5094,100,BLDC Motor 1.5 kW,No,12,4,23125.00,92500.00,FG-DISP-0002337,SN-DISP-0002337,Generated dispatch item.
2338,2343,2395,101,PMSM Motor 3 kW,No,11,1,45625.00,45625.00,FG-DISP-0002338,SN-DISP-0002338,Generated dispatch item.
2339,2344,5096,102,PMSM Motor 7.5 kW,No,23,2,102500.00,205000.00,FG-DISP-0002339,SN-DISP-0002339,Generated dispatch item.
2340,2345,2397,100,BLDC Motor 1.5 kW,No,10,5,23125.00,115625.00,FG-DISP-0002340,SN-DISP-0002340,Generated dispatch item.
2341,2346,5098,101,PMSM Motor 3 kW,No,7,1,45625.00,45625.00,FG-DISP-0002341,SN-DISP-0002341,Generated dispatch item.
2342,2347,2399,102,PMSM Motor 7.5 kW,No,13,3,102500.00,307500.00,FG-DISP-0002342,SN-DISP-0002342,Generated dispatch item.
2343,2348,5100,100,BLDC Motor 1.5 kW,No,42,2,23125.00,46250.00,FG-DISP-0002343,SN-DISP-0002343,Generated dispatch item.
2344,2349,2401,101,PMSM Motor 3 kW,No,16,1,45625.00,45625.00,FG-DISP-0002344,SN-DISP-0002344,Generated dispatch item.
2345,2350,5102,102,PMSM Motor 7.5 kW,No,8,2,102500.00,205000.00,FG-DISP-0002345,SN-DISP-0002345,Generated dispatch item.
2346,2351,2403,100,BLDC Motor 1.5 kW,No,47,1,23125.00,23125.00,FG-DISP-0002346,SN-DISP-0002346,Generated dispatch item.
2347,2352,5104,101,PMSM Motor 3 kW,No,25,1,45625.00,45625.00,FG-DISP-0002347,SN-DISP-0002347,Generated dispatch item.
2348,2353,2405,102,PMSM Motor 7.5 kW,No,26,5,102500.00,512500.00,FG-DISP-0002348,SN-DISP-0002348,Generated dispatch item.
2349,2354,5106,100,BLDC Motor 1.5 kW,No,32,1,23125.00,23125.00,FG-DISP-0002349,SN-DISP-0002349,Generated dispatch item.
2350,2355,2407,101,PMSM Motor 3 kW,No,29,7,45625.00,319375.00,FG-DISP-0002350,SN-DISP-0002350,Generated dispatch item.
2351,2356,5108,102,PMSM Motor 7.5 kW,No,19,4,102500.00,410000.00,FG-DISP-0002351,SN-DISP-0002351,Generated dispatch item.
2352,2357,2409,100,BLDC Motor 1.5 kW,No,38,3,23125.00,69375.00,FG-DISP-0002352,SN-DISP-0002352,Generated dispatch item.
2353,2358,5110,101,PMSM Motor 3 kW,No,51,7,45625.00,319375.00,FG-DISP-0002353,SN-DISP-0002353,Generated dispatch item.
2354,2359,2411,102,PMSM Motor 7.5 kW,No,58,6,102500.00,615000.00,FG-DISP-0002354,SN-DISP-0002354,Generated dispatch item.
2355,2360,5112,100,BLDC Motor 1.5 kW,No,48,3,23125.00,69375.00,FG-DISP-0002355,SN-DISP-0002355,Generated dispatch item.
2356,2361,2413,101,PMSM Motor 3 kW,No,47,7,45625.00,319375.00,FG-DISP-0002356,SN-DISP-0002356,Generated dispatch item.
2357,2362,5114,102,PMSM Motor 7.5 kW,No,14,4,102500.00,410000.00,FG-DISP-0002357,SN-DISP-0002357,Generated dispatch item.
2358,2363,2415,100,BLDC Motor 1.5 kW,No,41,5,23125.00,115625.00,FG-DISP-0002358,SN-DISP-0002358,Generated dispatch item.
2359,2364,5116,101,PMSM Motor 3 kW,No,11,7,45625.00,319375.00,FG-DISP-0002359,SN-DISP-0002359,Generated dispatch item.
2360,2365,2417,102,PMSM Motor 7.5 kW,No,46,6,102500.00,615000.00,FG-DISP-0002360,SN-DISP-0002360,Generated dispatch item.
2361,2366,5118,100,BLDC Motor 1.5 kW,No,60,5,23125.00,115625.00,FG-DISP-0002361,SN-DISP-0002361,Generated dispatch item.
2362,2367,2419,101,PMSM Motor 3 kW,No,45,5,45625.00,228125.00,FG-DISP-0002362,SN-DISP-0002362,Generated dispatch item.
2363,2368,5120,102,PMSM Motor 7.5 kW,No,30,5,102500.00,512500.00,FG-DISP-0002363,SN-DISP-0002363,Generated dispatch item.
2364,2369,2421,100,BLDC Motor 1.5 kW,No,43,7,23125.00,161875.00,FG-DISP-0002364,SN-DISP-0002364,Generated dispatch item.
2365,2370,5122,101,PMSM Motor 3 kW,No,38,5,45625.00,228125.00,FG-DISP-0002365,SN-DISP-0002365,Generated dispatch item.
2366,2371,2423,102,PMSM Motor 7.5 kW,No,32,3,102500.00,307500.00,FG-DISP-0002366,SN-DISP-0002366,Generated dispatch item.
2367,2372,5124,100,BLDC Motor 1.5 kW,No,17,1,23125.00,23125.00,FG-DISP-0002367,SN-DISP-0002367,Generated dispatch item.
2368,2373,2425,101,PMSM Motor 3 kW,No,36,6,45625.00,273750.00,FG-DISP-0002368,SN-DISP-0002368,Generated dispatch item.
2369,2374,5126,102,PMSM Motor 7.5 kW,No,31,4,102500.00,410000.00,FG-DISP-0002369,SN-DISP-0002369,Generated dispatch item.
2370,2375,2427,100,BLDC Motor 1.5 kW,No,30,3,23125.00,69375.00,FG-DISP-0002370,SN-DISP-0002370,Generated dispatch item.
2371,2376,5128,101,PMSM Motor 3 kW,No,49,7,45625.00,319375.00,FG-DISP-0002371,SN-DISP-0002371,Generated dispatch item.
2372,2377,2429,102,PMSM Motor 7.5 kW,No,27,2,102500.00,205000.00,FG-DISP-0002372,SN-DISP-0002372,Generated dispatch item.
2373,2378,5130,100,BLDC Motor 1.5 kW,No,10,1,23125.00,23125.00,FG-DISP-0002373,SN-DISP-0002373,Generated dispatch item.
2374,2379,2431,101,PMSM Motor 3 kW,No,20,6,45625.00,273750.00,FG-DISP-0002374,SN-DISP-0002374,Generated dispatch item.
2375,2380,5132,102,PMSM Motor 7.5 kW,No,28,7,102500.00,717500.00,FG-DISP-0002375,SN-DISP-0002375,Generated dispatch item.
2376,2381,2433,100,BLDC Motor 1.5 kW,No,24,6,23125.00,138750.00,FG-DISP-0002376,SN-DISP-0002376,Generated dispatch item.
2377,2382,5134,101,PMSM Motor 3 kW,No,7,7,45625.00,319375.00,FG-DISP-0002377,SN-DISP-0002377,Generated dispatch item.
2378,2383,2435,102,PMSM Motor 7.5 kW,No,28,7,102500.00,717500.00,FG-DISP-0002378,SN-DISP-0002378,Generated dispatch item.
2379,2384,5136,100,BLDC Motor 1.5 kW,No,6,5,23125.00,115625.00,FG-DISP-0002379,SN-DISP-0002379,Generated dispatch item.
2380,2385,2437,101,PMSM Motor 3 kW,No,37,7,45625.00,319375.00,FG-DISP-0002380,SN-DISP-0002380,Generated dispatch item.
2381,2386,5138,102,PMSM Motor 7.5 kW,No,18,3,102500.00,307500.00,FG-DISP-0002381,SN-DISP-0002381,Generated dispatch item.
2382,2387,2439,100,BLDC Motor 1.5 kW,No,32,6,23125.00,138750.00,FG-DISP-0002382,SN-DISP-0002382,Generated dispatch item.
2383,2388,5140,101,PMSM Motor 3 kW,No,57,1,45625.00,45625.00,FG-DISP-0002383,SN-DISP-0002383,Generated dispatch item.
2384,2389,2441,102,PMSM Motor 7.5 kW,No,11,4,102500.00,410000.00,FG-DISP-0002384,SN-DISP-0002384,Generated dispatch item.
2385,2390,5142,100,BLDC Motor 1.5 kW,No,60,3,23125.00,69375.00,FG-DISP-0002385,SN-DISP-0002385,Generated dispatch item.
2386,2391,2443,101,PMSM Motor 3 kW,No,24,7,45625.00,319375.00,FG-DISP-0002386,SN-DISP-0002386,Generated dispatch item.
2387,2392,5144,102,PMSM Motor 7.5 kW,No,45,4,102500.00,410000.00,FG-DISP-0002387,SN-DISP-0002387,Generated dispatch item.
2388,2393,2445,100,BLDC Motor 1.5 kW,No,26,2,23125.00,46250.00,FG-DISP-0002388,SN-DISP-0002388,Generated dispatch item.
2389,2394,5146,101,PMSM Motor 3 kW,No,38,4,45625.00,182500.00,FG-DISP-0002389,SN-DISP-0002389,Generated dispatch item.
2390,2395,2447,102,PMSM Motor 7.5 kW,No,44,1,102500.00,102500.00,FG-DISP-0002390,SN-DISP-0002390,Generated dispatch item.
2391,2396,5148,100,BLDC Motor 1.5 kW,No,10,1,23125.00,23125.00,FG-DISP-0002391,SN-DISP-0002391,Generated dispatch item.
2392,2397,2449,101,PMSM Motor 3 kW,No,23,4,45625.00,182500.00,FG-DISP-0002392,SN-DISP-0002392,Generated dispatch item.
2393,2398,5150,102,PMSM Motor 7.5 kW,No,31,5,102500.00,512500.00,FG-DISP-0002393,SN-DISP-0002393,Generated dispatch item.
2394,2399,2451,100,BLDC Motor 1.5 kW,No,5,5,23125.00,115625.00,FG-DISP-0002394,SN-DISP-0002394,Generated dispatch item.
2395,2400,5152,101,PMSM Motor 3 kW,No,10,1,45625.00,45625.00,FG-DISP-0002395,SN-DISP-0002395,Generated dispatch item.
2396,2401,2453,102,PMSM Motor 7.5 kW,No,9,5,102500.00,512500.00,FG-DISP-0002396,SN-DISP-0002396,Generated dispatch item.
2397,2402,5154,100,BLDC Motor 1.5 kW,No,32,1,23125.00,23125.00,FG-DISP-0002397,SN-DISP-0002397,Generated dispatch item.
2398,2403,2455,101,PMSM Motor 3 kW,No,32,6,45625.00,273750.00,FG-DISP-0002398,SN-DISP-0002398,Generated dispatch item.
2399,2404,5156,102,PMSM Motor 7.5 kW,No,58,1,102500.00,102500.00,FG-DISP-0002399,SN-DISP-0002399,Generated dispatch item.
2400,2405,2457,100,BLDC Motor 1.5 kW,No,15,1,23125.00,23125.00,FG-DISP-0002400,SN-DISP-0002400,Generated dispatch item.
2401,2406,5158,101,PMSM Motor 3 kW,No,52,4,45625.00,182500.00,FG-DISP-0002401,SN-DISP-0002401,Generated dispatch item.
2402,2407,2459,102,PMSM Motor 7.5 kW,No,32,6,102500.00,615000.00,FG-DISP-0002402,SN-DISP-0002402,Generated dispatch item.
2403,2408,5160,100,BLDC Motor 1.5 kW,No,59,6,23125.00,138750.00,FG-DISP-0002403,SN-DISP-0002403,Generated dispatch item.
2404,2409,2461,101,PMSM Motor 3 kW,No,37,5,45625.00,228125.00,FG-DISP-0002404,SN-DISP-0002404,Generated dispatch item.
2405,2410,5162,102,PMSM Motor 7.5 kW,No,12,2,102500.00,205000.00,FG-DISP-0002405,SN-DISP-0002405,Generated dispatch item.
2406,2411,2463,100,BLDC Motor 1.5 kW,No,57,7,23125.00,161875.00,FG-DISP-0002406,SN-DISP-0002406,Generated dispatch item.
2407,2412,5164,101,PMSM Motor 3 kW,No,30,1,45625.00,45625.00,FG-DISP-0002407,SN-DISP-0002407,Generated dispatch item.
2408,2413,2465,102,PMSM Motor 7.5 kW,No,41,3,102500.00,307500.00,FG-DISP-0002408,SN-DISP-0002408,Generated dispatch item.
2409,2414,5166,100,BLDC Motor 1.5 kW,No,28,6,23125.00,138750.00,FG-DISP-0002409,SN-DISP-0002409,Generated dispatch item.
2410,2415,2467,101,PMSM Motor 3 kW,No,6,5,45625.00,228125.00,FG-DISP-0002410,SN-DISP-0002410,Generated dispatch item.
2411,2416,5168,102,PMSM Motor 7.5 kW,No,56,6,102500.00,615000.00,FG-DISP-0002411,SN-DISP-0002411,Generated dispatch item.
2412,2417,2469,100,BLDC Motor 1.5 kW,No,26,6,23125.00,138750.00,FG-DISP-0002412,SN-DISP-0002412,Generated dispatch item.
2413,2418,5170,101,PMSM Motor 3 kW,No,30,7,45625.00,319375.00,FG-DISP-0002413,SN-DISP-0002413,Generated dispatch item.
2414,2419,2471,102,PMSM Motor 7.5 kW,No,49,4,102500.00,410000.00,FG-DISP-0002414,SN-DISP-0002414,Generated dispatch item.
2415,2420,5172,100,BLDC Motor 1.5 kW,No,46,6,23125.00,138750.00,FG-DISP-0002415,SN-DISP-0002415,Generated dispatch item.
2416,2421,2473,101,PMSM Motor 3 kW,No,19,2,45625.00,91250.00,FG-DISP-0002416,SN-DISP-0002416,Generated dispatch item.
2417,2422,5174,102,PMSM Motor 7.5 kW,No,27,2,102500.00,205000.00,FG-DISP-0002417,SN-DISP-0002417,Generated dispatch item.
2418,2423,2475,100,BLDC Motor 1.5 kW,No,56,1,23125.00,23125.00,FG-DISP-0002418,SN-DISP-0002418,Generated dispatch item.
2419,2424,5176,101,PMSM Motor 3 kW,No,25,2,45625.00,91250.00,FG-DISP-0002419,SN-DISP-0002419,Generated dispatch item.
2420,2425,2477,102,PMSM Motor 7.5 kW,No,34,1,102500.00,102500.00,FG-DISP-0002420,SN-DISP-0002420,Generated dispatch item.
2421,2426,5178,100,BLDC Motor 1.5 kW,No,23,6,23125.00,138750.00,FG-DISP-0002421,SN-DISP-0002421,Generated dispatch item.
2422,2427,2479,101,PMSM Motor 3 kW,No,10,4,45625.00,182500.00,FG-DISP-0002422,SN-DISP-0002422,Generated dispatch item.
2423,2428,5180,102,PMSM Motor 7.5 kW,No,36,4,102500.00,410000.00,FG-DISP-0002423,SN-DISP-0002423,Generated dispatch item.
2424,2429,2481,100,BLDC Motor 1.5 kW,No,18,5,23125.00,115625.00,FG-DISP-0002424,SN-DISP-0002424,Generated dispatch item.
2425,2430,5182,101,PMSM Motor 3 kW,No,12,3,45625.00,136875.00,FG-DISP-0002425,SN-DISP-0002425,Generated dispatch item.
2426,2431,2483,102,PMSM Motor 7.5 kW,No,55,4,102500.00,410000.00,FG-DISP-0002426,SN-DISP-0002426,Generated dispatch item.
2427,2432,5184,100,BLDC Motor 1.5 kW,No,19,1,23125.00,23125.00,FG-DISP-0002427,SN-DISP-0002427,Generated dispatch item.
2428,2433,2485,101,PMSM Motor 3 kW,No,60,5,45625.00,228125.00,FG-DISP-0002428,SN-DISP-0002428,Generated dispatch item.
2429,2434,5186,102,PMSM Motor 7.5 kW,No,42,7,102500.00,717500.00,FG-DISP-0002429,SN-DISP-0002429,Generated dispatch item.
2430,2435,2487,100,BLDC Motor 1.5 kW,No,53,1,23125.00,23125.00,FG-DISP-0002430,SN-DISP-0002430,Generated dispatch item.
2431,2436,5188,101,PMSM Motor 3 kW,No,47,1,45625.00,45625.00,FG-DISP-0002431,SN-DISP-0002431,Generated dispatch item.
2432,2437,2489,102,PMSM Motor 7.5 kW,No,22,1,102500.00,102500.00,FG-DISP-0002432,SN-DISP-0002432,Generated dispatch item.
2433,2438,5190,100,BLDC Motor 1.5 kW,No,43,5,23125.00,115625.00,FG-DISP-0002433,SN-DISP-0002433,Generated dispatch item.
2434,2439,2491,101,PMSM Motor 3 kW,No,48,6,45625.00,273750.00,FG-DISP-0002434,SN-DISP-0002434,Generated dispatch item.
2435,2440,5192,102,PMSM Motor 7.5 kW,No,32,6,102500.00,615000.00,FG-DISP-0002435,SN-DISP-0002435,Generated dispatch item.
2436,2441,2493,100,BLDC Motor 1.5 kW,No,17,6,23125.00,138750.00,FG-DISP-0002436,SN-DISP-0002436,Generated dispatch item.
2437,2442,5194,101,PMSM Motor 3 kW,No,39,5,45625.00,228125.00,FG-DISP-0002437,SN-DISP-0002437,Generated dispatch item.
2438,2443,2495,102,PMSM Motor 7.5 kW,No,26,5,102500.00,512500.00,FG-DISP-0002438,SN-DISP-0002438,Generated dispatch item.
2439,2444,5196,100,BLDC Motor 1.5 kW,No,54,2,23125.00,46250.00,FG-DISP-0002439,SN-DISP-0002439,Generated dispatch item.
2440,2445,2497,101,PMSM Motor 3 kW,No,44,6,45625.00,273750.00,FG-DISP-0002440,SN-DISP-0002440,Generated dispatch item.
2441,2446,5198,102,PMSM Motor 7.5 kW,No,32,2,102500.00,205000.00,FG-DISP-0002441,SN-DISP-0002441,Generated dispatch item.
2442,2447,2499,100,BLDC Motor 1.5 kW,No,59,7,23125.00,161875.00,FG-DISP-0002442,SN-DISP-0002442,Generated dispatch item.
2443,2448,5200,101,PMSM Motor 3 kW,No,15,1,45625.00,45625.00,FG-DISP-0002443,SN-DISP-0002443,Generated dispatch item.
2444,2449,2501,102,PMSM Motor 7.5 kW,No,29,7,102500.00,717500.00,FG-DISP-0002444,SN-DISP-0002444,Generated dispatch item.
2445,2450,5202,100,BLDC Motor 1.5 kW,No,47,4,23125.00,92500.00,FG-DISP-0002445,SN-DISP-0002445,Generated dispatch item.
2446,2451,2503,101,PMSM Motor 3 kW,No,32,5,45625.00,228125.00,FG-DISP-0002446,SN-DISP-0002446,Generated dispatch item.
2447,2452,5204,102,PMSM Motor 7.5 kW,No,17,2,102500.00,205000.00,FG-DISP-0002447,SN-DISP-0002447,Generated dispatch item.
2448,2453,2505,100,BLDC Motor 1.5 kW,No,17,3,23125.00,69375.00,FG-DISP-0002448,SN-DISP-0002448,Generated dispatch item.
2449,2454,5206,101,PMSM Motor 3 kW,No,15,7,45625.00,319375.00,FG-DISP-0002449,SN-DISP-0002449,Generated dispatch item.
2450,2455,2507,102,PMSM Motor 7.5 kW,No,27,1,102500.00,102500.00,FG-DISP-0002450,SN-DISP-0002450,Generated dispatch item.
2451,2456,5208,100,BLDC Motor 1.5 kW,No,19,2,23125.00,46250.00,FG-DISP-0002451,SN-DISP-0002451,Generated dispatch item.
2452,2457,2509,101,PMSM Motor 3 kW,No,8,5,45625.00,228125.00,FG-DISP-0002452,SN-DISP-0002452,Generated dispatch item.
2453,2458,5210,102,PMSM Motor 7.5 kW,No,38,6,102500.00,615000.00,FG-DISP-0002453,SN-DISP-0002453,Generated dispatch item.
2454,2459,2511,100,BLDC Motor 1.5 kW,No,53,4,23125.00,92500.00,FG-DISP-0002454,SN-DISP-0002454,Generated dispatch item.
2455,2460,5212,101,PMSM Motor 3 kW,No,17,1,45625.00,45625.00,FG-DISP-0002455,SN-DISP-0002455,Generated dispatch item.
2456,2461,2513,102,PMSM Motor 7.5 kW,No,6,2,102500.00,205000.00,FG-DISP-0002456,SN-DISP-0002456,Generated dispatch item.
2457,2462,5214,100,BLDC Motor 1.5 kW,No,12,7,23125.00,161875.00,FG-DISP-0002457,SN-DISP-0002457,Generated dispatch item.
2458,2463,2515,101,PMSM Motor 3 kW,No,43,2,45625.00,91250.00,FG-DISP-0002458,SN-DISP-0002458,Generated dispatch item.
2459,2464,5216,102,PMSM Motor 7.5 kW,No,16,5,102500.00,512500.00,FG-DISP-0002459,SN-DISP-0002459,Generated dispatch item.
2460,2465,2517,100,BLDC Motor 1.5 kW,No,20,7,23125.00,161875.00,FG-DISP-0002460,SN-DISP-0002460,Generated dispatch item.
2461,2466,5218,101,PMSM Motor 3 kW,No,40,3,45625.00,136875.00,FG-DISP-0002461,SN-DISP-0002461,Generated dispatch item.
2462,2467,2519,102,PMSM Motor 7.5 kW,No,31,1,102500.00,102500.00,FG-DISP-0002462,SN-DISP-0002462,Generated dispatch item.
2463,2468,5220,100,BLDC Motor 1.5 kW,No,35,6,23125.00,138750.00,FG-DISP-0002463,SN-DISP-0002463,Generated dispatch item.
2464,2469,2521,101,PMSM Motor 3 kW,No,20,6,45625.00,273750.00,FG-DISP-0002464,SN-DISP-0002464,Generated dispatch item.
2465,2470,5222,102,PMSM Motor 7.5 kW,No,41,5,102500.00,512500.00,FG-DISP-0002465,SN-DISP-0002465,Generated dispatch item.
2466,2471,2523,100,BLDC Motor 1.5 kW,No,27,7,23125.00,161875.00,FG-DISP-0002466,SN-DISP-0002466,Generated dispatch item.
2467,2472,5224,101,PMSM Motor 3 kW,No,38,6,45625.00,273750.00,FG-DISP-0002467,SN-DISP-0002467,Generated dispatch item.
2468,2473,2525,102,PMSM Motor 7.5 kW,No,35,5,102500.00,512500.00,FG-DISP-0002468,SN-DISP-0002468,Generated dispatch item.
2469,2474,5226,100,BLDC Motor 1.5 kW,No,15,3,23125.00,69375.00,FG-DISP-0002469,SN-DISP-0002469,Generated dispatch item.
2470,2475,2527,101,PMSM Motor 3 kW,No,40,1,45625.00,45625.00,FG-DISP-0002470,SN-DISP-0002470,Generated dispatch item.
2471,2476,5228,102,PMSM Motor 7.5 kW,No,27,6,102500.00,615000.00,FG-DISP-0002471,SN-DISP-0002471,Generated dispatch item.
2472,2477,2529,100,BLDC Motor 1.5 kW,No,57,6,23125.00,138750.00,FG-DISP-0002472,SN-DISP-0002472,Generated dispatch item.
2473,2478,5230,101,PMSM Motor 3 kW,No,12,5,45625.00,228125.00,FG-DISP-0002473,SN-DISP-0002473,Generated dispatch item.
2474,2479,2531,102,PMSM Motor 7.5 kW,No,23,5,102500.00,512500.00,FG-DISP-0002474,SN-DISP-0002474,Generated dispatch item.
2475,2480,5232,100,BLDC Motor 1.5 kW,No,57,6,23125.00,138750.00,FG-DISP-0002475,SN-DISP-0002475,Generated dispatch item.
2476,2481,2533,101,PMSM Motor 3 kW,No,37,2,45625.00,91250.00,FG-DISP-0002476,SN-DISP-0002476,Generated dispatch item.
2477,2482,5234,102,PMSM Motor 7.5 kW,No,28,1,102500.00,102500.00,FG-DISP-0002477,SN-DISP-0002477,Generated dispatch item.
2478,2483,2535,100,BLDC Motor 1.5 kW,No,55,5,23125.00,115625.00,FG-DISP-0002478,SN-DISP-0002478,Generated dispatch item.
2479,2484,5236,101,PMSM Motor 3 kW,No,41,7,45625.00,319375.00,FG-DISP-0002479,SN-DISP-0002479,Generated dispatch item.
2480,2485,2537,102,PMSM Motor 7.5 kW,No,21,1,102500.00,102500.00,FG-DISP-0002480,SN-DISP-0002480,Generated dispatch item.
2481,2486,5238,100,BLDC Motor 1.5 kW,No,23,1,23125.00,23125.00,FG-DISP-0002481,SN-DISP-0002481,Generated dispatch item.
2482,2487,2539,101,PMSM Motor 3 kW,No,53,5,45625.00,228125.00,FG-DISP-0002482,SN-DISP-0002482,Generated dispatch item.
2483,2488,5240,102,PMSM Motor 7.5 kW,No,21,3,102500.00,307500.00,FG-DISP-0002483,SN-DISP-0002483,Generated dispatch item.
2484,2489,2541,100,BLDC Motor 1.5 kW,No,58,7,23125.00,161875.00,FG-DISP-0002484,SN-DISP-0002484,Generated dispatch item.
2485,2490,5242,101,PMSM Motor 3 kW,No,6,4,45625.00,182500.00,FG-DISP-0002485,SN-DISP-0002485,Generated dispatch item.
2486,2491,2543,102,PMSM Motor 7.5 kW,No,52,4,102500.00,410000.00,FG-DISP-0002486,SN-DISP-0002486,Generated dispatch item.
2487,2492,5244,100,BLDC Motor 1.5 kW,No,59,1,23125.00,23125.00,FG-DISP-0002487,SN-DISP-0002487,Generated dispatch item.
2488,2493,2545,101,PMSM Motor 3 kW,No,36,7,45625.00,319375.00,FG-DISP-0002488,SN-DISP-0002488,Generated dispatch item.
2489,2494,5246,102,PMSM Motor 7.5 kW,No,7,3,102500.00,307500.00,FG-DISP-0002489,SN-DISP-0002489,Generated dispatch item.
2490,2495,2547,100,BLDC Motor 1.5 kW,No,45,4,23125.00,92500.00,FG-DISP-0002490,SN-DISP-0002490,Generated dispatch item.
2491,2496,5248,101,PMSM Motor 3 kW,No,35,5,45625.00,228125.00,FG-DISP-0002491,SN-DISP-0002491,Generated dispatch item.
2492,2497,2549,102,PMSM Motor 7.5 kW,No,31,7,102500.00,717500.00,FG-DISP-0002492,SN-DISP-0002492,Generated dispatch item.
2493,2498,5250,100,BLDC Motor 1.5 kW,No,22,6,23125.00,138750.00,FG-DISP-0002493,SN-DISP-0002493,Generated dispatch item.
2494,2499,2551,101,PMSM Motor 3 kW,No,38,6,45625.00,273750.00,FG-DISP-0002494,SN-DISP-0002494,Generated dispatch item.
2495,2500,5252,102,PMSM Motor 7.5 kW,No,10,1,102500.00,102500.00,FG-DISP-0002495,SN-DISP-0002495,Generated dispatch item.
2496,251,303,100,BLDC Motor 1.5 kW,No,60,1,23125.00,23125.00,FG-DISP-0002496,SN-DISP-0002496,Generated dispatch item.
2497,252,3004,101,PMSM Motor 3 kW,No,26,6,45625.00,273750.00,FG-DISP-0002497,SN-DISP-0002497,Generated dispatch item.
2498,253,5705,102,PMSM Motor 7.5 kW,No,44,7,102500.00,717500.00,FG-DISP-0002498,SN-DISP-0002498,Generated dispatch item.
2499,254,306,100,BLDC Motor 1.5 kW,No,51,5,23125.00,115625.00,FG-DISP-0002499,SN-DISP-0002499,Generated dispatch item.
2500,255,3007,101,PMSM Motor 3 kW,No,19,7,45625.00,319375.00,FG-DISP-0002500,SN-DISP-0002500,Generated dispatch item.
2501,256,5708,102,PMSM Motor 7.5 kW,No,44,3,102500.00,307500.00,FG-DISP-0002501,SN-DISP-0002501,Generated dispatch item.
2502,257,309,100,BLDC Motor 1.5 kW,No,14,3,23125.00,69375.00,FG-DISP-0002502,SN-DISP-0002502,Generated dispatch item.
2503,258,3010,101,PMSM Motor 3 kW,No,5,2,45625.00,91250.00,FG-DISP-0002503,SN-DISP-0002503,Generated dispatch item.
2504,259,5711,102,PMSM Motor 7.5 kW,No,10,6,102500.00,615000.00,FG-DISP-0002504,SN-DISP-0002504,Generated dispatch item.
2505,260,312,100,BLDC Motor 1.5 kW,No,34,5,23125.00,115625.00,FG-DISP-0002505,SN-DISP-0002505,Generated dispatch item.
2506,261,3013,101,PMSM Motor 3 kW,No,56,2,45625.00,91250.00,FG-DISP-0002506,SN-DISP-0002506,Generated dispatch item.
2507,262,5714,102,PMSM Motor 7.5 kW,No,7,4,102500.00,410000.00,FG-DISP-0002507,SN-DISP-0002507,Generated dispatch item.
2508,263,315,100,BLDC Motor 1.5 kW,No,26,1,23125.00,23125.00,FG-DISP-0002508,SN-DISP-0002508,Generated dispatch item.
2509,264,3016,101,PMSM Motor 3 kW,No,41,6,45625.00,273750.00,FG-DISP-0002509,SN-DISP-0002509,Generated dispatch item.
2510,265,5717,102,PMSM Motor 7.5 kW,No,42,2,102500.00,205000.00,FG-DISP-0002510,SN-DISP-0002510,Generated dispatch item.
2511,266,318,100,BLDC Motor 1.5 kW,No,13,6,23125.00,138750.00,FG-DISP-0002511,SN-DISP-0002511,Generated dispatch item.
2512,267,3019,101,PMSM Motor 3 kW,No,40,4,45625.00,182500.00,FG-DISP-0002512,SN-DISP-0002512,Generated dispatch item.
2513,268,5720,102,PMSM Motor 7.5 kW,No,29,2,102500.00,205000.00,FG-DISP-0002513,SN-DISP-0002513,Generated dispatch item.
2514,269,321,100,BLDC Motor 1.5 kW,No,29,1,23125.00,23125.00,FG-DISP-0002514,SN-DISP-0002514,Generated dispatch item.
2515,270,3022,101,PMSM Motor 3 kW,No,51,5,45625.00,228125.00,FG-DISP-0002515,SN-DISP-0002515,Generated dispatch item.
2516,271,5723,102,PMSM Motor 7.5 kW,No,53,2,102500.00,205000.00,FG-DISP-0002516,SN-DISP-0002516,Generated dispatch item.
2517,272,324,100,BLDC Motor 1.5 kW,No,38,4,23125.00,92500.00,FG-DISP-0002517,SN-DISP-0002517,Generated dispatch item.
2518,273,3025,101,PMSM Motor 3 kW,No,11,5,45625.00,228125.00,FG-DISP-0002518,SN-DISP-0002518,Generated dispatch item.
2519,274,5726,102,PMSM Motor 7.5 kW,No,23,7,102500.00,717500.00,FG-DISP-0002519,SN-DISP-0002519,Generated dispatch item.
2520,275,327,100,BLDC Motor 1.5 kW,No,11,4,23125.00,92500.00,FG-DISP-0002520,SN-DISP-0002520,Generated dispatch item.
2521,276,3028,101,PMSM Motor 3 kW,No,34,6,45625.00,273750.00,FG-DISP-0002521,SN-DISP-0002521,Generated dispatch item.
2522,277,5729,102,PMSM Motor 7.5 kW,No,18,6,102500.00,615000.00,FG-DISP-0002522,SN-DISP-0002522,Generated dispatch item.
2523,278,330,100,BLDC Motor 1.5 kW,No,33,5,23125.00,115625.00,FG-DISP-0002523,SN-DISP-0002523,Generated dispatch item.
2524,279,3031,101,PMSM Motor 3 kW,No,20,2,45625.00,91250.00,FG-DISP-0002524,SN-DISP-0002524,Generated dispatch item.
2525,280,5732,102,PMSM Motor 7.5 kW,No,34,6,102500.00,615000.00,FG-DISP-0002525,SN-DISP-0002525,Generated dispatch item.
2526,281,333,100,BLDC Motor 1.5 kW,No,31,1,23125.00,23125.00,FG-DISP-0002526,SN-DISP-0002526,Generated dispatch item.
2527,282,3034,101,PMSM Motor 3 kW,No,12,4,45625.00,182500.00,FG-DISP-0002527,SN-DISP-0002527,Generated dispatch item.
2528,283,5735,102,PMSM Motor 7.5 kW,No,56,6,102500.00,615000.00,FG-DISP-0002528,SN-DISP-0002528,Generated dispatch item.
2529,284,336,100,BLDC Motor 1.5 kW,No,54,4,23125.00,92500.00,FG-DISP-0002529,SN-DISP-0002529,Generated dispatch item.
2530,285,3037,101,PMSM Motor 3 kW,No,32,3,45625.00,136875.00,FG-DISP-0002530,SN-DISP-0002530,Generated dispatch item.
2531,286,5738,102,PMSM Motor 7.5 kW,No,20,3,102500.00,307500.00,FG-DISP-0002531,SN-DISP-0002531,Generated dispatch item.
2533,288,3040,101,PMSM Motor 3 kW,No,50,4,45625.00,182500.00,FG-DISP-0002533,SN-DISP-0002533,Generated dispatch item.
2534,289,5741,102,PMSM Motor 7.5 kW,No,35,6,102500.00,615000.00,FG-DISP-0002534,SN-DISP-0002534,Generated dispatch item.
2535,290,342,100,BLDC Motor 1.5 kW,No,45,7,23125.00,161875.00,FG-DISP-0002535,SN-DISP-0002535,Generated dispatch item.
2536,291,3043,101,PMSM Motor 3 kW,No,44,6,45625.00,273750.00,FG-DISP-0002536,SN-DISP-0002536,Generated dispatch item.
2537,292,5744,102,PMSM Motor 7.5 kW,No,34,3,102500.00,307500.00,FG-DISP-0002537,SN-DISP-0002537,Generated dispatch item.
2538,293,345,100,BLDC Motor 1.5 kW,No,12,1,23125.00,23125.00,FG-DISP-0002538,SN-DISP-0002538,Generated dispatch item.
2539,294,3046,101,PMSM Motor 3 kW,No,59,4,45625.00,182500.00,FG-DISP-0002539,SN-DISP-0002539,Generated dispatch item.
2540,295,5747,102,PMSM Motor 7.5 kW,No,51,7,102500.00,717500.00,FG-DISP-0002540,SN-DISP-0002540,Generated dispatch item.
2541,296,348,100,BLDC Motor 1.5 kW,No,50,5,23125.00,115625.00,FG-DISP-0002541,SN-DISP-0002541,Generated dispatch item.
2542,297,3049,101,PMSM Motor 3 kW,No,40,3,45625.00,136875.00,FG-DISP-0002542,SN-DISP-0002542,Generated dispatch item.
2543,298,5750,102,PMSM Motor 7.5 kW,No,48,1,102500.00,102500.00,FG-DISP-0002543,SN-DISP-0002543,Generated dispatch item.
2544,299,351,100,BLDC Motor 1.5 kW,No,57,2,23125.00,46250.00,FG-DISP-0002544,SN-DISP-0002544,Generated dispatch item.
2545,300,3052,101,PMSM Motor 3 kW,No,27,6,45625.00,273750.00,FG-DISP-0002545,SN-DISP-0002545,Generated dispatch item.
2546,301,5753,102,PMSM Motor 7.5 kW,No,58,5,102500.00,512500.00,FG-DISP-0002546,SN-DISP-0002546,Generated dispatch item.
2547,302,354,100,BLDC Motor 1.5 kW,No,51,4,23125.00,92500.00,FG-DISP-0002547,SN-DISP-0002547,Generated dispatch item.
2548,303,3055,101,PMSM Motor 3 kW,No,23,3,45625.00,136875.00,FG-DISP-0002548,SN-DISP-0002548,Generated dispatch item.
2549,304,5756,102,PMSM Motor 7.5 kW,No,7,2,102500.00,205000.00,FG-DISP-0002549,SN-DISP-0002549,Generated dispatch item.
2550,305,357,100,BLDC Motor 1.5 kW,No,60,7,23125.00,161875.00,FG-DISP-0002550,SN-DISP-0002550,Generated dispatch item.
2551,306,3058,101,PMSM Motor 3 kW,No,41,4,45625.00,182500.00,FG-DISP-0002551,SN-DISP-0002551,Generated dispatch item.
2552,307,5759,102,PMSM Motor 7.5 kW,No,36,6,102500.00,615000.00,FG-DISP-0002552,SN-DISP-0002552,Generated dispatch item.
2553,308,360,100,BLDC Motor 1.5 kW,No,33,4,23125.00,92500.00,FG-DISP-0002553,SN-DISP-0002553,Generated dispatch item.
2554,309,3061,101,PMSM Motor 3 kW,No,28,4,45625.00,182500.00,FG-DISP-0002554,SN-DISP-0002554,Generated dispatch item.
2555,310,5762,102,PMSM Motor 7.5 kW,No,42,5,102500.00,512500.00,FG-DISP-0002555,SN-DISP-0002555,Generated dispatch item.
2556,311,363,100,BLDC Motor 1.5 kW,No,11,3,23125.00,69375.00,FG-DISP-0002556,SN-DISP-0002556,Generated dispatch item.
2557,312,3064,101,PMSM Motor 3 kW,No,38,7,45625.00,319375.00,FG-DISP-0002557,SN-DISP-0002557,Generated dispatch item.
2558,313,5765,102,PMSM Motor 7.5 kW,No,39,4,102500.00,410000.00,FG-DISP-0002558,SN-DISP-0002558,Generated dispatch item.
2559,314,366,100,BLDC Motor 1.5 kW,No,27,6,23125.00,138750.00,FG-DISP-0002559,SN-DISP-0002559,Generated dispatch item.
2560,315,3067,101,PMSM Motor 3 kW,No,46,7,45625.00,319375.00,FG-DISP-0002560,SN-DISP-0002560,Generated dispatch item.
2561,316,5768,102,PMSM Motor 7.5 kW,No,40,3,102500.00,307500.00,FG-DISP-0002561,SN-DISP-0002561,Generated dispatch item.
2562,317,369,100,BLDC Motor 1.5 kW,No,48,2,23125.00,46250.00,FG-DISP-0002562,SN-DISP-0002562,Generated dispatch item.
2563,318,3070,101,PMSM Motor 3 kW,No,37,7,45625.00,319375.00,FG-DISP-0002563,SN-DISP-0002563,Generated dispatch item.
2564,319,5771,102,PMSM Motor 7.5 kW,No,34,6,102500.00,615000.00,FG-DISP-0002564,SN-DISP-0002564,Generated dispatch item.
2565,320,372,100,BLDC Motor 1.5 kW,No,7,5,23125.00,115625.00,FG-DISP-0002565,SN-DISP-0002565,Generated dispatch item.
2566,321,3073,101,PMSM Motor 3 kW,No,12,7,45625.00,319375.00,FG-DISP-0002566,SN-DISP-0002566,Generated dispatch item.
2567,322,5774,102,PMSM Motor 7.5 kW,No,20,1,102500.00,102500.00,FG-DISP-0002567,SN-DISP-0002567,Generated dispatch item.
2568,323,375,100,BLDC Motor 1.5 kW,No,59,7,23125.00,161875.00,FG-DISP-0002568,SN-DISP-0002568,Generated dispatch item.
2569,324,3076,101,PMSM Motor 3 kW,No,27,1,45625.00,45625.00,FG-DISP-0002569,SN-DISP-0002569,Generated dispatch item.
2570,325,5777,102,PMSM Motor 7.5 kW,No,24,2,102500.00,205000.00,FG-DISP-0002570,SN-DISP-0002570,Generated dispatch item.
2571,326,378,100,BLDC Motor 1.5 kW,No,8,2,23125.00,46250.00,FG-DISP-0002571,SN-DISP-0002571,Generated dispatch item.
2572,327,3079,101,PMSM Motor 3 kW,No,12,1,45625.00,45625.00,FG-DISP-0002572,SN-DISP-0002572,Generated dispatch item.
2573,328,5780,102,PMSM Motor 7.5 kW,No,15,1,102500.00,102500.00,FG-DISP-0002573,SN-DISP-0002573,Generated dispatch item.
2574,329,381,100,BLDC Motor 1.5 kW,No,51,1,23125.00,23125.00,FG-DISP-0002574,SN-DISP-0002574,Generated dispatch item.
2575,330,3082,101,PMSM Motor 3 kW,No,51,4,45625.00,182500.00,FG-DISP-0002575,SN-DISP-0002575,Generated dispatch item.
2576,331,5783,102,PMSM Motor 7.5 kW,No,32,3,102500.00,307500.00,FG-DISP-0002576,SN-DISP-0002576,Generated dispatch item.
2578,333,3085,101,PMSM Motor 3 kW,No,46,3,45625.00,136875.00,FG-DISP-0002578,SN-DISP-0002578,Generated dispatch item.
2579,334,5786,102,PMSM Motor 7.5 kW,No,41,2,102500.00,205000.00,FG-DISP-0002579,SN-DISP-0002579,Generated dispatch item.
2580,335,387,100,BLDC Motor 1.5 kW,No,20,7,23125.00,161875.00,FG-DISP-0002580,SN-DISP-0002580,Generated dispatch item.
2581,336,3088,101,PMSM Motor 3 kW,No,18,3,45625.00,136875.00,FG-DISP-0002581,SN-DISP-0002581,Generated dispatch item.
2582,337,5789,102,PMSM Motor 7.5 kW,No,19,4,102500.00,410000.00,FG-DISP-0002582,SN-DISP-0002582,Generated dispatch item.
2583,338,390,100,BLDC Motor 1.5 kW,No,49,1,23125.00,23125.00,FG-DISP-0002583,SN-DISP-0002583,Generated dispatch item.
2584,339,3091,101,PMSM Motor 3 kW,No,22,2,45625.00,91250.00,FG-DISP-0002584,SN-DISP-0002584,Generated dispatch item.
2585,340,5792,102,PMSM Motor 7.5 kW,No,33,2,102500.00,205000.00,FG-DISP-0002585,SN-DISP-0002585,Generated dispatch item.
2586,341,393,100,BLDC Motor 1.5 kW,No,36,7,23125.00,161875.00,FG-DISP-0002586,SN-DISP-0002586,Generated dispatch item.
2587,342,3094,101,PMSM Motor 3 kW,No,42,2,45625.00,91250.00,FG-DISP-0002587,SN-DISP-0002587,Generated dispatch item.
2588,343,5795,102,PMSM Motor 7.5 kW,No,44,4,102500.00,410000.00,FG-DISP-0002588,SN-DISP-0002588,Generated dispatch item.
2589,344,396,100,BLDC Motor 1.5 kW,No,8,4,23125.00,92500.00,FG-DISP-0002589,SN-DISP-0002589,Generated dispatch item.
2590,345,3097,101,PMSM Motor 3 kW,No,44,1,45625.00,45625.00,FG-DISP-0002590,SN-DISP-0002590,Generated dispatch item.
2591,346,5798,102,PMSM Motor 7.5 kW,No,19,3,102500.00,307500.00,FG-DISP-0002591,SN-DISP-0002591,Generated dispatch item.
2592,347,399,100,BLDC Motor 1.5 kW,No,22,1,23125.00,23125.00,FG-DISP-0002592,SN-DISP-0002592,Generated dispatch item.
2593,348,3100,101,PMSM Motor 3 kW,No,12,2,45625.00,91250.00,FG-DISP-0002593,SN-DISP-0002593,Generated dispatch item.
2594,349,5801,102,PMSM Motor 7.5 kW,No,60,5,102500.00,512500.00,FG-DISP-0002594,SN-DISP-0002594,Generated dispatch item.
2595,350,402,100,BLDC Motor 1.5 kW,No,19,4,23125.00,92500.00,FG-DISP-0002595,SN-DISP-0002595,Generated dispatch item.
2596,351,3103,101,PMSM Motor 3 kW,No,10,4,45625.00,182500.00,FG-DISP-0002596,SN-DISP-0002596,Generated dispatch item.
2597,352,5804,102,PMSM Motor 7.5 kW,No,30,2,102500.00,205000.00,FG-DISP-0002597,SN-DISP-0002597,Generated dispatch item.
2598,353,405,100,BLDC Motor 1.5 kW,No,58,5,23125.00,115625.00,FG-DISP-0002598,SN-DISP-0002598,Generated dispatch item.
2599,354,3106,101,PMSM Motor 3 kW,No,60,7,45625.00,319375.00,FG-DISP-0002599,SN-DISP-0002599,Generated dispatch item.
2600,355,5807,102,PMSM Motor 7.5 kW,No,26,6,102500.00,615000.00,FG-DISP-0002600,SN-DISP-0002600,Generated dispatch item.
2601,356,408,100,BLDC Motor 1.5 kW,No,6,2,23125.00,46250.00,FG-DISP-0002601,SN-DISP-0002601,Generated dispatch item.
2602,357,3109,101,PMSM Motor 3 kW,No,38,5,45625.00,228125.00,FG-DISP-0002602,SN-DISP-0002602,Generated dispatch item.
2603,358,5810,102,PMSM Motor 7.5 kW,No,28,2,102500.00,205000.00,FG-DISP-0002603,SN-DISP-0002603,Generated dispatch item.
2604,359,411,100,BLDC Motor 1.5 kW,No,48,7,23125.00,161875.00,FG-DISP-0002604,SN-DISP-0002604,Generated dispatch item.
2605,360,3112,101,PMSM Motor 3 kW,No,19,4,45625.00,182500.00,FG-DISP-0002605,SN-DISP-0002605,Generated dispatch item.
2606,361,5813,102,PMSM Motor 7.5 kW,No,52,6,102500.00,615000.00,FG-DISP-0002606,SN-DISP-0002606,Generated dispatch item.
2607,362,414,100,BLDC Motor 1.5 kW,No,12,4,23125.00,92500.00,FG-DISP-0002607,SN-DISP-0002607,Generated dispatch item.
2608,363,3115,101,PMSM Motor 3 kW,No,28,5,45625.00,228125.00,FG-DISP-0002608,SN-DISP-0002608,Generated dispatch item.
2609,364,5816,102,PMSM Motor 7.5 kW,No,12,7,102500.00,717500.00,FG-DISP-0002609,SN-DISP-0002609,Generated dispatch item.
2610,365,417,100,BLDC Motor 1.5 kW,No,40,1,23125.00,23125.00,FG-DISP-0002610,SN-DISP-0002610,Generated dispatch item.
2611,366,3118,101,PMSM Motor 3 kW,No,15,7,45625.00,319375.00,FG-DISP-0002611,SN-DISP-0002611,Generated dispatch item.
2612,367,5819,102,PMSM Motor 7.5 kW,No,58,4,102500.00,410000.00,FG-DISP-0002612,SN-DISP-0002612,Generated dispatch item.
2613,368,420,100,BLDC Motor 1.5 kW,No,54,1,23125.00,23125.00,FG-DISP-0002613,SN-DISP-0002613,Generated dispatch item.
2614,369,3121,101,PMSM Motor 3 kW,No,36,4,45625.00,182500.00,FG-DISP-0002614,SN-DISP-0002614,Generated dispatch item.
2615,370,5822,102,PMSM Motor 7.5 kW,No,55,1,102500.00,102500.00,FG-DISP-0002615,SN-DISP-0002615,Generated dispatch item.
2616,371,423,100,BLDC Motor 1.5 kW,No,35,4,23125.00,92500.00,FG-DISP-0002616,SN-DISP-0002616,Generated dispatch item.
2617,372,3124,101,PMSM Motor 3 kW,No,18,4,45625.00,182500.00,FG-DISP-0002617,SN-DISP-0002617,Generated dispatch item.
2618,373,5825,102,PMSM Motor 7.5 kW,No,11,3,102500.00,307500.00,FG-DISP-0002618,SN-DISP-0002618,Generated dispatch item.
2619,374,426,100,BLDC Motor 1.5 kW,No,17,4,23125.00,92500.00,FG-DISP-0002619,SN-DISP-0002619,Generated dispatch item.
2620,375,3127,101,PMSM Motor 3 kW,No,17,5,45625.00,228125.00,FG-DISP-0002620,SN-DISP-0002620,Generated dispatch item.
2621,376,5828,102,PMSM Motor 7.5 kW,No,19,6,102500.00,615000.00,FG-DISP-0002621,SN-DISP-0002621,Generated dispatch item.
2622,377,429,100,BLDC Motor 1.5 kW,No,53,3,23125.00,69375.00,FG-DISP-0002622,SN-DISP-0002622,Generated dispatch item.
2623,378,3130,101,PMSM Motor 3 kW,No,44,1,45625.00,45625.00,FG-DISP-0002623,SN-DISP-0002623,Generated dispatch item.
2624,379,5831,102,PMSM Motor 7.5 kW,No,9,4,102500.00,410000.00,FG-DISP-0002624,SN-DISP-0002624,Generated dispatch item.
2625,380,432,100,BLDC Motor 1.5 kW,No,45,7,23125.00,161875.00,FG-DISP-0002625,SN-DISP-0002625,Generated dispatch item.
2626,381,3133,101,PMSM Motor 3 kW,No,11,3,45625.00,136875.00,FG-DISP-0002626,SN-DISP-0002626,Generated dispatch item.
2627,382,5834,102,PMSM Motor 7.5 kW,No,11,1,102500.00,102500.00,FG-DISP-0002627,SN-DISP-0002627,Generated dispatch item.
2628,383,435,100,BLDC Motor 1.5 kW,No,45,7,23125.00,161875.00,FG-DISP-0002628,SN-DISP-0002628,Generated dispatch item.
2629,384,3136,101,PMSM Motor 3 kW,No,19,3,45625.00,136875.00,FG-DISP-0002629,SN-DISP-0002629,Generated dispatch item.
2630,385,5837,102,PMSM Motor 7.5 kW,No,27,3,102500.00,307500.00,FG-DISP-0002630,SN-DISP-0002630,Generated dispatch item.
2631,386,438,100,BLDC Motor 1.5 kW,No,56,3,23125.00,69375.00,FG-DISP-0002631,SN-DISP-0002631,Generated dispatch item.
2632,387,3139,101,PMSM Motor 3 kW,No,23,6,45625.00,273750.00,FG-DISP-0002632,SN-DISP-0002632,Generated dispatch item.
2633,388,5840,102,PMSM Motor 7.5 kW,No,18,2,102500.00,205000.00,FG-DISP-0002633,SN-DISP-0002633,Generated dispatch item.
2634,389,441,100,BLDC Motor 1.5 kW,No,28,5,23125.00,115625.00,FG-DISP-0002634,SN-DISP-0002634,Generated dispatch item.
2635,390,3142,101,PMSM Motor 3 kW,No,32,3,45625.00,136875.00,FG-DISP-0002635,SN-DISP-0002635,Generated dispatch item.
2636,391,5843,102,PMSM Motor 7.5 kW,No,32,3,102500.00,307500.00,FG-DISP-0002636,SN-DISP-0002636,Generated dispatch item.
2637,392,444,100,BLDC Motor 1.5 kW,No,47,2,23125.00,46250.00,FG-DISP-0002637,SN-DISP-0002637,Generated dispatch item.
2638,393,3145,101,PMSM Motor 3 kW,No,54,6,45625.00,273750.00,FG-DISP-0002638,SN-DISP-0002638,Generated dispatch item.
2639,394,5846,102,PMSM Motor 7.5 kW,No,14,4,102500.00,410000.00,FG-DISP-0002639,SN-DISP-0002639,Generated dispatch item.
2640,395,447,100,BLDC Motor 1.5 kW,No,32,7,23125.00,161875.00,FG-DISP-0002640,SN-DISP-0002640,Generated dispatch item.
2641,396,3148,101,PMSM Motor 3 kW,No,60,6,45625.00,273750.00,FG-DISP-0002641,SN-DISP-0002641,Generated dispatch item.
2642,397,5849,102,PMSM Motor 7.5 kW,No,5,3,102500.00,307500.00,FG-DISP-0002642,SN-DISP-0002642,Generated dispatch item.
2643,398,450,100,BLDC Motor 1.5 kW,No,30,4,23125.00,92500.00,FG-DISP-0002643,SN-DISP-0002643,Generated dispatch item.
2644,399,3151,101,PMSM Motor 3 kW,No,13,7,45625.00,319375.00,FG-DISP-0002644,SN-DISP-0002644,Generated dispatch item.
2645,400,5852,102,PMSM Motor 7.5 kW,No,23,5,102500.00,512500.00,FG-DISP-0002645,SN-DISP-0002645,Generated dispatch item.
2646,401,453,100,BLDC Motor 1.5 kW,No,12,4,23125.00,92500.00,FG-DISP-0002646,SN-DISP-0002646,Generated dispatch item.
2647,402,3154,101,PMSM Motor 3 kW,No,55,3,45625.00,136875.00,FG-DISP-0002647,SN-DISP-0002647,Generated dispatch item.
2648,403,5855,102,PMSM Motor 7.5 kW,No,31,7,102500.00,717500.00,FG-DISP-0002648,SN-DISP-0002648,Generated dispatch item.
2649,404,456,100,BLDC Motor 1.5 kW,No,21,2,23125.00,46250.00,FG-DISP-0002649,SN-DISP-0002649,Generated dispatch item.
2650,405,3157,101,PMSM Motor 3 kW,No,44,7,45625.00,319375.00,FG-DISP-0002650,SN-DISP-0002650,Generated dispatch item.
2651,406,5858,102,PMSM Motor 7.5 kW,No,6,2,102500.00,205000.00,FG-DISP-0002651,SN-DISP-0002651,Generated dispatch item.
2652,407,459,100,BLDC Motor 1.5 kW,No,24,6,23125.00,138750.00,FG-DISP-0002652,SN-DISP-0002652,Generated dispatch item.
2653,408,3160,101,PMSM Motor 3 kW,No,55,2,45625.00,91250.00,FG-DISP-0002653,SN-DISP-0002653,Generated dispatch item.
2654,409,5861,102,PMSM Motor 7.5 kW,No,54,6,102500.00,615000.00,FG-DISP-0002654,SN-DISP-0002654,Generated dispatch item.
2655,410,462,100,BLDC Motor 1.5 kW,No,55,6,23125.00,138750.00,FG-DISP-0002655,SN-DISP-0002655,Generated dispatch item.
2656,411,3163,101,PMSM Motor 3 kW,No,12,6,45625.00,273750.00,FG-DISP-0002656,SN-DISP-0002656,Generated dispatch item.
2657,412,5864,102,PMSM Motor 7.5 kW,No,12,7,102500.00,717500.00,FG-DISP-0002657,SN-DISP-0002657,Generated dispatch item.
2658,413,465,100,BLDC Motor 1.5 kW,No,47,4,23125.00,92500.00,FG-DISP-0002658,SN-DISP-0002658,Generated dispatch item.
2659,414,3166,101,PMSM Motor 3 kW,No,17,6,45625.00,273750.00,FG-DISP-0002659,SN-DISP-0002659,Generated dispatch item.
2660,415,5867,102,PMSM Motor 7.5 kW,No,26,4,102500.00,410000.00,FG-DISP-0002660,SN-DISP-0002660,Generated dispatch item.
2661,416,468,100,BLDC Motor 1.5 kW,No,30,1,23125.00,23125.00,FG-DISP-0002661,SN-DISP-0002661,Generated dispatch item.
2662,417,3169,101,PMSM Motor 3 kW,No,23,3,45625.00,136875.00,FG-DISP-0002662,SN-DISP-0002662,Generated dispatch item.
2663,418,5870,102,PMSM Motor 7.5 kW,No,32,1,102500.00,102500.00,FG-DISP-0002663,SN-DISP-0002663,Generated dispatch item.
2664,419,471,100,BLDC Motor 1.5 kW,No,8,4,23125.00,92500.00,FG-DISP-0002664,SN-DISP-0002664,Generated dispatch item.
2665,420,3172,101,PMSM Motor 3 kW,No,38,2,45625.00,91250.00,FG-DISP-0002665,SN-DISP-0002665,Generated dispatch item.
2666,421,5873,102,PMSM Motor 7.5 kW,No,45,3,102500.00,307500.00,FG-DISP-0002666,SN-DISP-0002666,Generated dispatch item.
2667,422,474,100,BLDC Motor 1.5 kW,No,34,7,23125.00,161875.00,FG-DISP-0002667,SN-DISP-0002667,Generated dispatch item.
2668,423,3175,101,PMSM Motor 3 kW,No,39,6,45625.00,273750.00,FG-DISP-0002668,SN-DISP-0002668,Generated dispatch item.
2669,424,5876,102,PMSM Motor 7.5 kW,No,17,3,102500.00,307500.00,FG-DISP-0002669,SN-DISP-0002669,Generated dispatch item.
2670,425,477,100,BLDC Motor 1.5 kW,No,26,4,23125.00,92500.00,FG-DISP-0002670,SN-DISP-0002670,Generated dispatch item.
2671,426,3178,101,PMSM Motor 3 kW,No,49,5,45625.00,228125.00,FG-DISP-0002671,SN-DISP-0002671,Generated dispatch item.
2672,427,5879,102,PMSM Motor 7.5 kW,No,45,3,102500.00,307500.00,FG-DISP-0002672,SN-DISP-0002672,Generated dispatch item.
2673,428,480,100,BLDC Motor 1.5 kW,No,47,6,23125.00,138750.00,FG-DISP-0002673,SN-DISP-0002673,Generated dispatch item.
2674,429,3181,101,PMSM Motor 3 kW,No,56,2,45625.00,91250.00,FG-DISP-0002674,SN-DISP-0002674,Generated dispatch item.
2675,430,5882,102,PMSM Motor 7.5 kW,No,19,3,102500.00,307500.00,FG-DISP-0002675,SN-DISP-0002675,Generated dispatch item.
2676,431,483,100,BLDC Motor 1.5 kW,No,28,2,23125.00,46250.00,FG-DISP-0002676,SN-DISP-0002676,Generated dispatch item.
2677,432,3184,101,PMSM Motor 3 kW,No,34,5,45625.00,228125.00,FG-DISP-0002677,SN-DISP-0002677,Generated dispatch item.
2678,433,5885,102,PMSM Motor 7.5 kW,No,60,5,102500.00,512500.00,FG-DISP-0002678,SN-DISP-0002678,Generated dispatch item.
2679,434,486,100,BLDC Motor 1.5 kW,No,13,6,23125.00,138750.00,FG-DISP-0002679,SN-DISP-0002679,Generated dispatch item.
2680,435,3187,101,PMSM Motor 3 kW,No,46,3,45625.00,136875.00,FG-DISP-0002680,SN-DISP-0002680,Generated dispatch item.
2681,436,5888,102,PMSM Motor 7.5 kW,No,50,2,102500.00,205000.00,FG-DISP-0002681,SN-DISP-0002681,Generated dispatch item.
2682,437,489,100,BLDC Motor 1.5 kW,No,46,1,23125.00,23125.00,FG-DISP-0002682,SN-DISP-0002682,Generated dispatch item.
2683,438,3190,101,PMSM Motor 3 kW,No,39,7,45625.00,319375.00,FG-DISP-0002683,SN-DISP-0002683,Generated dispatch item.
2684,439,5891,102,PMSM Motor 7.5 kW,No,51,3,102500.00,307500.00,FG-DISP-0002684,SN-DISP-0002684,Generated dispatch item.
2685,440,492,100,BLDC Motor 1.5 kW,No,31,6,23125.00,138750.00,FG-DISP-0002685,SN-DISP-0002685,Generated dispatch item.
2686,441,3193,101,PMSM Motor 3 kW,No,19,3,45625.00,136875.00,FG-DISP-0002686,SN-DISP-0002686,Generated dispatch item.
2687,442,5894,102,PMSM Motor 7.5 kW,No,29,3,102500.00,307500.00,FG-DISP-0002687,SN-DISP-0002687,Generated dispatch item.
2688,443,495,100,BLDC Motor 1.5 kW,No,49,2,23125.00,46250.00,FG-DISP-0002688,SN-DISP-0002688,Generated dispatch item.
2689,444,3196,101,PMSM Motor 3 kW,No,22,6,45625.00,273750.00,FG-DISP-0002689,SN-DISP-0002689,Generated dispatch item.
2690,445,5897,102,PMSM Motor 7.5 kW,No,16,3,102500.00,307500.00,FG-DISP-0002690,SN-DISP-0002690,Generated dispatch item.
2691,446,498,100,BLDC Motor 1.5 kW,No,47,3,23125.00,69375.00,FG-DISP-0002691,SN-DISP-0002691,Generated dispatch item.
2692,447,3199,101,PMSM Motor 3 kW,No,42,5,45625.00,228125.00,FG-DISP-0002692,SN-DISP-0002692,Generated dispatch item.
2693,448,5900,102,PMSM Motor 7.5 kW,No,7,2,102500.00,205000.00,FG-DISP-0002693,SN-DISP-0002693,Generated dispatch item.
2694,449,501,100,BLDC Motor 1.5 kW,No,10,4,23125.00,92500.00,FG-DISP-0002694,SN-DISP-0002694,Generated dispatch item.
2695,450,3202,101,PMSM Motor 3 kW,No,60,1,45625.00,45625.00,FG-DISP-0002695,SN-DISP-0002695,Generated dispatch item.
2696,451,5903,102,PMSM Motor 7.5 kW,No,23,7,102500.00,717500.00,FG-DISP-0002696,SN-DISP-0002696,Generated dispatch item.
2697,452,504,100,BLDC Motor 1.5 kW,No,60,2,23125.00,46250.00,FG-DISP-0002697,SN-DISP-0002697,Generated dispatch item.
2698,453,3205,101,PMSM Motor 3 kW,No,19,1,45625.00,45625.00,FG-DISP-0002698,SN-DISP-0002698,Generated dispatch item.
2699,454,5906,102,PMSM Motor 7.5 kW,No,59,1,102500.00,102500.00,FG-DISP-0002699,SN-DISP-0002699,Generated dispatch item.
2700,455,507,100,BLDC Motor 1.5 kW,No,10,3,23125.00,69375.00,FG-DISP-0002700,SN-DISP-0002700,Generated dispatch item.
2701,456,3208,101,PMSM Motor 3 kW,No,57,3,45625.00,136875.00,FG-DISP-0002701,SN-DISP-0002701,Generated dispatch item.
2702,457,5909,102,PMSM Motor 7.5 kW,No,48,1,102500.00,102500.00,FG-DISP-0002702,SN-DISP-0002702,Generated dispatch item.
2703,458,510,100,BLDC Motor 1.5 kW,No,38,5,23125.00,115625.00,FG-DISP-0002703,SN-DISP-0002703,Generated dispatch item.
2704,459,3211,101,PMSM Motor 3 kW,No,12,5,45625.00,228125.00,FG-DISP-0002704,SN-DISP-0002704,Generated dispatch item.
2705,460,5912,102,PMSM Motor 7.5 kW,No,23,6,102500.00,615000.00,FG-DISP-0002705,SN-DISP-0002705,Generated dispatch item.
2706,461,513,100,BLDC Motor 1.5 kW,No,58,1,23125.00,23125.00,FG-DISP-0002706,SN-DISP-0002706,Generated dispatch item.
2707,462,3214,101,PMSM Motor 3 kW,No,39,1,45625.00,45625.00,FG-DISP-0002707,SN-DISP-0002707,Generated dispatch item.
2708,463,5915,102,PMSM Motor 7.5 kW,No,6,2,102500.00,205000.00,FG-DISP-0002708,SN-DISP-0002708,Generated dispatch item.
2709,464,516,100,BLDC Motor 1.5 kW,No,55,4,23125.00,92500.00,FG-DISP-0002709,SN-DISP-0002709,Generated dispatch item.
2710,465,3217,101,PMSM Motor 3 kW,No,57,5,45625.00,228125.00,FG-DISP-0002710,SN-DISP-0002710,Generated dispatch item.
2711,466,5918,102,PMSM Motor 7.5 kW,No,12,2,102500.00,205000.00,FG-DISP-0002711,SN-DISP-0002711,Generated dispatch item.
2712,467,519,100,BLDC Motor 1.5 kW,No,15,3,23125.00,69375.00,FG-DISP-0002712,SN-DISP-0002712,Generated dispatch item.
2713,468,3220,101,PMSM Motor 3 kW,No,56,4,45625.00,182500.00,FG-DISP-0002713,SN-DISP-0002713,Generated dispatch item.
2714,469,5921,102,PMSM Motor 7.5 kW,No,22,4,102500.00,410000.00,FG-DISP-0002714,SN-DISP-0002714,Generated dispatch item.
2715,470,522,100,BLDC Motor 1.5 kW,No,14,4,23125.00,92500.00,FG-DISP-0002715,SN-DISP-0002715,Generated dispatch item.
2716,471,3223,101,PMSM Motor 3 kW,No,12,5,45625.00,228125.00,FG-DISP-0002716,SN-DISP-0002716,Generated dispatch item.
2717,472,5924,102,PMSM Motor 7.5 kW,No,16,6,102500.00,615000.00,FG-DISP-0002717,SN-DISP-0002717,Generated dispatch item.
2718,473,525,100,BLDC Motor 1.5 kW,No,57,6,23125.00,138750.00,FG-DISP-0002718,SN-DISP-0002718,Generated dispatch item.
2719,474,3226,101,PMSM Motor 3 kW,No,12,7,45625.00,319375.00,FG-DISP-0002719,SN-DISP-0002719,Generated dispatch item.
2720,475,5927,102,PMSM Motor 7.5 kW,No,25,3,102500.00,307500.00,FG-DISP-0002720,SN-DISP-0002720,Generated dispatch item.
2721,476,528,100,BLDC Motor 1.5 kW,No,60,3,23125.00,69375.00,FG-DISP-0002721,SN-DISP-0002721,Generated dispatch item.
2722,477,3229,101,PMSM Motor 3 kW,No,49,2,45625.00,91250.00,FG-DISP-0002722,SN-DISP-0002722,Generated dispatch item.
2723,478,5930,102,PMSM Motor 7.5 kW,No,33,3,102500.00,307500.00,FG-DISP-0002723,SN-DISP-0002723,Generated dispatch item.
2724,479,531,100,BLDC Motor 1.5 kW,No,39,4,23125.00,92500.00,FG-DISP-0002724,SN-DISP-0002724,Generated dispatch item.
2725,480,3232,101,PMSM Motor 3 kW,No,31,5,45625.00,228125.00,FG-DISP-0002725,SN-DISP-0002725,Generated dispatch item.
2726,481,5933,102,PMSM Motor 7.5 kW,No,54,1,102500.00,102500.00,FG-DISP-0002726,SN-DISP-0002726,Generated dispatch item.
2727,482,534,100,BLDC Motor 1.5 kW,No,11,7,23125.00,161875.00,FG-DISP-0002727,SN-DISP-0002727,Generated dispatch item.
2728,483,3235,101,PMSM Motor 3 kW,No,7,1,45625.00,45625.00,FG-DISP-0002728,SN-DISP-0002728,Generated dispatch item.
2729,484,5936,102,PMSM Motor 7.5 kW,No,50,3,102500.00,307500.00,FG-DISP-0002729,SN-DISP-0002729,Generated dispatch item.
2730,485,537,100,BLDC Motor 1.5 kW,No,11,4,23125.00,92500.00,FG-DISP-0002730,SN-DISP-0002730,Generated dispatch item.
2731,486,3238,101,PMSM Motor 3 kW,No,48,3,45625.00,136875.00,FG-DISP-0002731,SN-DISP-0002731,Generated dispatch item.
2732,487,5939,102,PMSM Motor 7.5 kW,No,49,2,102500.00,205000.00,FG-DISP-0002732,SN-DISP-0002732,Generated dispatch item.
2733,488,540,100,BLDC Motor 1.5 kW,No,30,4,23125.00,92500.00,FG-DISP-0002733,SN-DISP-0002733,Generated dispatch item.
2734,489,3241,101,PMSM Motor 3 kW,No,42,1,45625.00,45625.00,FG-DISP-0002734,SN-DISP-0002734,Generated dispatch item.
2735,490,5942,102,PMSM Motor 7.5 kW,No,49,6,102500.00,615000.00,FG-DISP-0002735,SN-DISP-0002735,Generated dispatch item.
2736,491,543,100,BLDC Motor 1.5 kW,No,24,5,23125.00,115625.00,FG-DISP-0002736,SN-DISP-0002736,Generated dispatch item.
2737,492,3244,101,PMSM Motor 3 kW,No,44,6,45625.00,273750.00,FG-DISP-0002737,SN-DISP-0002737,Generated dispatch item.
2738,493,5945,102,PMSM Motor 7.5 kW,No,38,6,102500.00,615000.00,FG-DISP-0002738,SN-DISP-0002738,Generated dispatch item.
2739,494,546,100,BLDC Motor 1.5 kW,No,15,7,23125.00,161875.00,FG-DISP-0002739,SN-DISP-0002739,Generated dispatch item.
2740,495,3247,101,PMSM Motor 3 kW,No,33,2,45625.00,91250.00,FG-DISP-0002740,SN-DISP-0002740,Generated dispatch item.
2741,496,5948,102,PMSM Motor 7.5 kW,No,50,6,102500.00,615000.00,FG-DISP-0002741,SN-DISP-0002741,Generated dispatch item.
2742,497,549,100,BLDC Motor 1.5 kW,No,57,4,23125.00,92500.00,FG-DISP-0002742,SN-DISP-0002742,Generated dispatch item.
2743,498,3250,101,PMSM Motor 3 kW,No,27,1,45625.00,45625.00,FG-DISP-0002743,SN-DISP-0002743,Generated dispatch item.
2744,499,5951,102,PMSM Motor 7.5 kW,No,12,6,102500.00,615000.00,FG-DISP-0002744,SN-DISP-0002744,Generated dispatch item.
2745,500,552,100,BLDC Motor 1.5 kW,No,26,6,23125.00,138750.00,FG-DISP-0002745,SN-DISP-0002745,Generated dispatch item.
2746,501,3253,101,PMSM Motor 3 kW,No,50,2,45625.00,91250.00,FG-DISP-0002746,SN-DISP-0002746,Generated dispatch item.
2747,502,5954,102,PMSM Motor 7.5 kW,No,47,7,102500.00,717500.00,FG-DISP-0002747,SN-DISP-0002747,Generated dispatch item.
2748,503,555,100,BLDC Motor 1.5 kW,No,21,6,23125.00,138750.00,FG-DISP-0002748,SN-DISP-0002748,Generated dispatch item.
2749,504,3256,101,PMSM Motor 3 kW,No,49,4,45625.00,182500.00,FG-DISP-0002749,SN-DISP-0002749,Generated dispatch item.
2750,505,5957,102,PMSM Motor 7.5 kW,No,43,2,102500.00,205000.00,FG-DISP-0002750,SN-DISP-0002750,Generated dispatch item.
2751,506,558,100,BLDC Motor 1.5 kW,No,22,6,23125.00,138750.00,FG-DISP-0002751,SN-DISP-0002751,Generated dispatch item.
2752,507,3259,101,PMSM Motor 3 kW,No,47,7,45625.00,319375.00,FG-DISP-0002752,SN-DISP-0002752,Generated dispatch item.
2753,508,5960,102,PMSM Motor 7.5 kW,No,48,2,102500.00,205000.00,FG-DISP-0002753,SN-DISP-0002753,Generated dispatch item.
2755,510,3262,101,PMSM Motor 3 kW,No,32,1,45625.00,45625.00,FG-DISP-0002755,SN-DISP-0002755,Generated dispatch item.
2756,511,5963,102,PMSM Motor 7.5 kW,No,29,2,102500.00,205000.00,FG-DISP-0002756,SN-DISP-0002756,Generated dispatch item.
2757,512,564,100,BLDC Motor 1.5 kW,No,43,3,23125.00,69375.00,FG-DISP-0002757,SN-DISP-0002757,Generated dispatch item.
2758,513,3265,101,PMSM Motor 3 kW,No,54,3,45625.00,136875.00,FG-DISP-0002758,SN-DISP-0002758,Generated dispatch item.
2759,514,5966,102,PMSM Motor 7.5 kW,No,38,7,102500.00,717500.00,FG-DISP-0002759,SN-DISP-0002759,Generated dispatch item.
2760,515,567,100,BLDC Motor 1.5 kW,No,27,7,23125.00,161875.00,FG-DISP-0002760,SN-DISP-0002760,Generated dispatch item.
2761,516,3268,101,PMSM Motor 3 kW,No,29,5,45625.00,228125.00,FG-DISP-0002761,SN-DISP-0002761,Generated dispatch item.
2762,517,5969,102,PMSM Motor 7.5 kW,No,23,2,102500.00,205000.00,FG-DISP-0002762,SN-DISP-0002762,Generated dispatch item.
2763,518,570,100,BLDC Motor 1.5 kW,No,30,2,23125.00,46250.00,FG-DISP-0002763,SN-DISP-0002763,Generated dispatch item.
2764,519,3271,101,PMSM Motor 3 kW,No,60,1,45625.00,45625.00,FG-DISP-0002764,SN-DISP-0002764,Generated dispatch item.
2765,520,5972,102,PMSM Motor 7.5 kW,No,11,6,102500.00,615000.00,FG-DISP-0002765,SN-DISP-0002765,Generated dispatch item.
2766,521,573,100,BLDC Motor 1.5 kW,No,13,2,23125.00,46250.00,FG-DISP-0002766,SN-DISP-0002766,Generated dispatch item.
2767,522,3274,101,PMSM Motor 3 kW,No,33,7,45625.00,319375.00,FG-DISP-0002767,SN-DISP-0002767,Generated dispatch item.
2768,523,5975,102,PMSM Motor 7.5 kW,No,60,5,102500.00,512500.00,FG-DISP-0002768,SN-DISP-0002768,Generated dispatch item.
2769,524,576,100,BLDC Motor 1.5 kW,No,30,4,23125.00,92500.00,FG-DISP-0002769,SN-DISP-0002769,Generated dispatch item.
2770,525,3277,101,PMSM Motor 3 kW,No,55,7,45625.00,319375.00,FG-DISP-0002770,SN-DISP-0002770,Generated dispatch item.
2771,526,5978,102,PMSM Motor 7.5 kW,No,43,2,102500.00,205000.00,FG-DISP-0002771,SN-DISP-0002771,Generated dispatch item.
2772,527,579,100,BLDC Motor 1.5 kW,No,46,4,23125.00,92500.00,FG-DISP-0002772,SN-DISP-0002772,Generated dispatch item.
2773,528,3280,101,PMSM Motor 3 kW,No,34,2,45625.00,91250.00,FG-DISP-0002773,SN-DISP-0002773,Generated dispatch item.
2774,529,5981,102,PMSM Motor 7.5 kW,No,19,2,102500.00,205000.00,FG-DISP-0002774,SN-DISP-0002774,Generated dispatch item.
2775,530,582,100,BLDC Motor 1.5 kW,No,29,7,23125.00,161875.00,FG-DISP-0002775,SN-DISP-0002775,Generated dispatch item.
2776,531,3283,101,PMSM Motor 3 kW,No,32,5,45625.00,228125.00,FG-DISP-0002776,SN-DISP-0002776,Generated dispatch item.
2777,532,5984,102,PMSM Motor 7.5 kW,No,35,2,102500.00,205000.00,FG-DISP-0002777,SN-DISP-0002777,Generated dispatch item.
2778,533,585,100,BLDC Motor 1.5 kW,No,41,1,23125.00,23125.00,FG-DISP-0002778,SN-DISP-0002778,Generated dispatch item.
2779,534,3286,101,PMSM Motor 3 kW,No,14,3,45625.00,136875.00,FG-DISP-0002779,SN-DISP-0002779,Generated dispatch item.
2780,535,5987,102,PMSM Motor 7.5 kW,No,59,6,102500.00,615000.00,FG-DISP-0002780,SN-DISP-0002780,Generated dispatch item.
2781,536,588,100,BLDC Motor 1.5 kW,No,27,2,23125.00,46250.00,FG-DISP-0002781,SN-DISP-0002781,Generated dispatch item.
2782,537,3289,101,PMSM Motor 3 kW,No,42,6,45625.00,273750.00,FG-DISP-0002782,SN-DISP-0002782,Generated dispatch item.
2783,538,5990,102,PMSM Motor 7.5 kW,No,56,1,102500.00,102500.00,FG-DISP-0002783,SN-DISP-0002783,Generated dispatch item.
2784,539,591,100,BLDC Motor 1.5 kW,No,28,3,23125.00,69375.00,FG-DISP-0002784,SN-DISP-0002784,Generated dispatch item.
2785,540,3292,101,PMSM Motor 3 kW,No,30,4,45625.00,182500.00,FG-DISP-0002785,SN-DISP-0002785,Generated dispatch item.
2786,541,5993,102,PMSM Motor 7.5 kW,No,10,1,102500.00,102500.00,FG-DISP-0002786,SN-DISP-0002786,Generated dispatch item.
2787,542,594,100,BLDC Motor 1.5 kW,No,31,3,23125.00,69375.00,FG-DISP-0002787,SN-DISP-0002787,Generated dispatch item.
2788,543,3295,101,PMSM Motor 3 kW,No,40,2,45625.00,91250.00,FG-DISP-0002788,SN-DISP-0002788,Generated dispatch item.
2789,544,5996,102,PMSM Motor 7.5 kW,No,27,1,102500.00,102500.00,FG-DISP-0002789,SN-DISP-0002789,Generated dispatch item.
2791,546,3298,101,PMSM Motor 3 kW,No,23,1,45625.00,45625.00,FG-DISP-0002791,SN-DISP-0002791,Generated dispatch item.
2792,547,5999,102,PMSM Motor 7.5 kW,No,25,2,102500.00,205000.00,FG-DISP-0002792,SN-DISP-0002792,Generated dispatch item.
2793,548,600,100,BLDC Motor 1.5 kW,No,43,6,23125.00,138750.00,FG-DISP-0002793,SN-DISP-0002793,Generated dispatch item.
2794,549,601,101,PMSM Motor 3 kW,No,16,1,45625.00,45625.00,FG-DISP-0002794,SN-DISP-0002794,Generated dispatch item.
2795,550,3302,102,PMSM Motor 7.5 kW,No,12,4,102500.00,410000.00,FG-DISP-0002795,SN-DISP-0002795,Generated dispatch item.
2796,551,603,100,BLDC Motor 1.5 kW,No,51,1,23125.00,23125.00,FG-DISP-0002796,SN-DISP-0002796,Generated dispatch item.
2797,552,3304,101,PMSM Motor 3 kW,No,43,2,45625.00,91250.00,FG-DISP-0002797,SN-DISP-0002797,Generated dispatch item.
2798,553,605,102,PMSM Motor 7.5 kW,No,13,2,102500.00,205000.00,FG-DISP-0002798,SN-DISP-0002798,Generated dispatch item.
2799,554,3306,100,BLDC Motor 1.5 kW,No,60,3,23125.00,69375.00,FG-DISP-0002799,SN-DISP-0002799,Generated dispatch item.
2800,555,607,101,PMSM Motor 3 kW,No,20,6,45625.00,273750.00,FG-DISP-0002800,SN-DISP-0002800,Generated dispatch item.
2801,556,3308,102,PMSM Motor 7.5 kW,No,12,3,102500.00,307500.00,FG-DISP-0002801,SN-DISP-0002801,Generated dispatch item.
2802,557,609,100,BLDC Motor 1.5 kW,No,40,1,23125.00,23125.00,FG-DISP-0002802,SN-DISP-0002802,Generated dispatch item.
2803,558,3310,101,PMSM Motor 3 kW,No,21,2,45625.00,91250.00,FG-DISP-0002803,SN-DISP-0002803,Generated dispatch item.
2804,559,611,102,PMSM Motor 7.5 kW,No,15,3,102500.00,307500.00,FG-DISP-0002804,SN-DISP-0002804,Generated dispatch item.
2805,560,3312,100,BLDC Motor 1.5 kW,No,26,2,23125.00,46250.00,FG-DISP-0002805,SN-DISP-0002805,Generated dispatch item.
2806,561,613,101,PMSM Motor 3 kW,No,21,4,45625.00,182500.00,FG-DISP-0002806,SN-DISP-0002806,Generated dispatch item.
2807,562,3314,102,PMSM Motor 7.5 kW,No,40,3,102500.00,307500.00,FG-DISP-0002807,SN-DISP-0002807,Generated dispatch item.
2808,563,615,100,BLDC Motor 1.5 kW,No,31,6,23125.00,138750.00,FG-DISP-0002808,SN-DISP-0002808,Generated dispatch item.
2809,564,3316,101,PMSM Motor 3 kW,No,23,2,45625.00,91250.00,FG-DISP-0002809,SN-DISP-0002809,Generated dispatch item.
2810,565,617,102,PMSM Motor 7.5 kW,No,17,5,102500.00,512500.00,FG-DISP-0002810,SN-DISP-0002810,Generated dispatch item.
2811,566,3318,100,BLDC Motor 1.5 kW,No,54,1,23125.00,23125.00,FG-DISP-0002811,SN-DISP-0002811,Generated dispatch item.
2812,567,619,101,PMSM Motor 3 kW,No,60,7,45625.00,319375.00,FG-DISP-0002812,SN-DISP-0002812,Generated dispatch item.
2813,568,3320,102,PMSM Motor 7.5 kW,No,21,7,102500.00,717500.00,FG-DISP-0002813,SN-DISP-0002813,Generated dispatch item.
2814,569,621,100,BLDC Motor 1.5 kW,No,14,2,23125.00,46250.00,FG-DISP-0002814,SN-DISP-0002814,Generated dispatch item.
2815,570,3322,101,PMSM Motor 3 kW,No,37,2,45625.00,91250.00,FG-DISP-0002815,SN-DISP-0002815,Generated dispatch item.
2816,571,623,102,PMSM Motor 7.5 kW,No,52,1,102500.00,102500.00,FG-DISP-0002816,SN-DISP-0002816,Generated dispatch item.
2817,572,3324,100,BLDC Motor 1.5 kW,No,34,7,23125.00,161875.00,FG-DISP-0002817,SN-DISP-0002817,Generated dispatch item.
2818,573,625,101,PMSM Motor 3 kW,No,31,1,45625.00,45625.00,FG-DISP-0002818,SN-DISP-0002818,Generated dispatch item.
2819,574,3326,102,PMSM Motor 7.5 kW,No,9,1,102500.00,102500.00,FG-DISP-0002819,SN-DISP-0002819,Generated dispatch item.
2820,575,627,100,BLDC Motor 1.5 kW,No,12,1,23125.00,23125.00,FG-DISP-0002820,SN-DISP-0002820,Generated dispatch item.
2821,576,3328,101,PMSM Motor 3 kW,No,34,3,45625.00,136875.00,FG-DISP-0002821,SN-DISP-0002821,Generated dispatch item.
2822,577,629,102,PMSM Motor 7.5 kW,No,11,5,102500.00,512500.00,FG-DISP-0002822,SN-DISP-0002822,Generated dispatch item.
2823,578,3330,100,BLDC Motor 1.5 kW,No,39,2,23125.00,46250.00,FG-DISP-0002823,SN-DISP-0002823,Generated dispatch item.
2824,579,631,101,PMSM Motor 3 kW,No,33,4,45625.00,182500.00,FG-DISP-0002824,SN-DISP-0002824,Generated dispatch item.
2825,580,3332,102,PMSM Motor 7.5 kW,No,42,5,102500.00,512500.00,FG-DISP-0002825,SN-DISP-0002825,Generated dispatch item.
2826,581,633,100,BLDC Motor 1.5 kW,No,24,6,23125.00,138750.00,FG-DISP-0002826,SN-DISP-0002826,Generated dispatch item.
2827,582,3334,101,PMSM Motor 3 kW,No,21,5,45625.00,228125.00,FG-DISP-0002827,SN-DISP-0002827,Generated dispatch item.
2828,583,635,102,PMSM Motor 7.5 kW,No,18,7,102500.00,717500.00,FG-DISP-0002828,SN-DISP-0002828,Generated dispatch item.
2829,584,3336,100,BLDC Motor 1.5 kW,No,41,5,23125.00,115625.00,FG-DISP-0002829,SN-DISP-0002829,Generated dispatch item.
2830,585,637,101,PMSM Motor 3 kW,No,58,6,45625.00,273750.00,FG-DISP-0002830,SN-DISP-0002830,Generated dispatch item.
2831,586,3338,102,PMSM Motor 7.5 kW,No,11,3,102500.00,307500.00,FG-DISP-0002831,SN-DISP-0002831,Generated dispatch item.
2832,587,639,100,BLDC Motor 1.5 kW,No,30,3,23125.00,69375.00,FG-DISP-0002832,SN-DISP-0002832,Generated dispatch item.
2833,588,3340,101,PMSM Motor 3 kW,No,20,6,45625.00,273750.00,FG-DISP-0002833,SN-DISP-0002833,Generated dispatch item.
2834,589,641,102,PMSM Motor 7.5 kW,No,57,7,102500.00,717500.00,FG-DISP-0002834,SN-DISP-0002834,Generated dispatch item.
2835,590,3342,100,BLDC Motor 1.5 kW,No,45,1,23125.00,23125.00,FG-DISP-0002835,SN-DISP-0002835,Generated dispatch item.
2836,591,643,101,PMSM Motor 3 kW,No,14,4,45625.00,182500.00,FG-DISP-0002836,SN-DISP-0002836,Generated dispatch item.
2837,592,3344,102,PMSM Motor 7.5 kW,No,16,6,102500.00,615000.00,FG-DISP-0002837,SN-DISP-0002837,Generated dispatch item.
2838,593,645,100,BLDC Motor 1.5 kW,No,15,1,23125.00,23125.00,FG-DISP-0002838,SN-DISP-0002838,Generated dispatch item.
2839,594,3346,101,PMSM Motor 3 kW,No,57,3,45625.00,136875.00,FG-DISP-0002839,SN-DISP-0002839,Generated dispatch item.
2840,595,647,102,PMSM Motor 7.5 kW,No,38,4,102500.00,410000.00,FG-DISP-0002840,SN-DISP-0002840,Generated dispatch item.
2841,596,3348,100,BLDC Motor 1.5 kW,No,11,1,23125.00,23125.00,FG-DISP-0002841,SN-DISP-0002841,Generated dispatch item.
2842,597,649,101,PMSM Motor 3 kW,No,20,7,45625.00,319375.00,FG-DISP-0002842,SN-DISP-0002842,Generated dispatch item.
2843,598,3350,102,PMSM Motor 7.5 kW,No,23,3,102500.00,307500.00,FG-DISP-0002843,SN-DISP-0002843,Generated dispatch item.
2844,599,651,100,BLDC Motor 1.5 kW,No,15,6,23125.00,138750.00,FG-DISP-0002844,SN-DISP-0002844,Generated dispatch item.
2845,600,3352,101,PMSM Motor 3 kW,No,38,3,45625.00,136875.00,FG-DISP-0002845,SN-DISP-0002845,Generated dispatch item.
2846,601,653,102,PMSM Motor 7.5 kW,No,10,3,102500.00,307500.00,FG-DISP-0002846,SN-DISP-0002846,Generated dispatch item.
2847,602,3354,100,BLDC Motor 1.5 kW,No,37,7,23125.00,161875.00,FG-DISP-0002847,SN-DISP-0002847,Generated dispatch item.
2848,603,655,101,PMSM Motor 3 kW,No,9,4,45625.00,182500.00,FG-DISP-0002848,SN-DISP-0002848,Generated dispatch item.
2849,604,3356,102,PMSM Motor 7.5 kW,No,50,4,102500.00,410000.00,FG-DISP-0002849,SN-DISP-0002849,Generated dispatch item.
2850,605,657,100,BLDC Motor 1.5 kW,No,47,4,23125.00,92500.00,FG-DISP-0002850,SN-DISP-0002850,Generated dispatch item.
2851,606,3358,101,PMSM Motor 3 kW,No,49,6,45625.00,273750.00,FG-DISP-0002851,SN-DISP-0002851,Generated dispatch item.
2852,607,659,102,PMSM Motor 7.5 kW,No,20,5,102500.00,512500.00,FG-DISP-0002852,SN-DISP-0002852,Generated dispatch item.
2853,608,3360,100,BLDC Motor 1.5 kW,No,19,7,23125.00,161875.00,FG-DISP-0002853,SN-DISP-0002853,Generated dispatch item.
2854,609,661,101,PMSM Motor 3 kW,No,59,3,45625.00,136875.00,FG-DISP-0002854,SN-DISP-0002854,Generated dispatch item.
2855,610,3362,102,PMSM Motor 7.5 kW,No,56,1,102500.00,102500.00,FG-DISP-0002855,SN-DISP-0002855,Generated dispatch item.
2856,611,663,100,BLDC Motor 1.5 kW,No,15,2,23125.00,46250.00,FG-DISP-0002856,SN-DISP-0002856,Generated dispatch item.
2857,612,3364,101,PMSM Motor 3 kW,No,44,4,45625.00,182500.00,FG-DISP-0002857,SN-DISP-0002857,Generated dispatch item.
2858,613,665,102,PMSM Motor 7.5 kW,No,24,3,102500.00,307500.00,FG-DISP-0002858,SN-DISP-0002858,Generated dispatch item.
2859,614,3366,100,BLDC Motor 1.5 kW,No,13,6,23125.00,138750.00,FG-DISP-0002859,SN-DISP-0002859,Generated dispatch item.
2860,615,667,101,PMSM Motor 3 kW,No,25,7,45625.00,319375.00,FG-DISP-0002860,SN-DISP-0002860,Generated dispatch item.
2861,616,3368,102,PMSM Motor 7.5 kW,No,60,2,102500.00,205000.00,FG-DISP-0002861,SN-DISP-0002861,Generated dispatch item.
2862,617,669,100,BLDC Motor 1.5 kW,No,33,7,23125.00,161875.00,FG-DISP-0002862,SN-DISP-0002862,Generated dispatch item.
2863,618,3370,101,PMSM Motor 3 kW,No,45,5,45625.00,228125.00,FG-DISP-0002863,SN-DISP-0002863,Generated dispatch item.
2864,619,671,102,PMSM Motor 7.5 kW,No,53,2,102500.00,205000.00,FG-DISP-0002864,SN-DISP-0002864,Generated dispatch item.
2865,620,3372,100,BLDC Motor 1.5 kW,No,33,2,23125.00,46250.00,FG-DISP-0002865,SN-DISP-0002865,Generated dispatch item.
2866,621,673,101,PMSM Motor 3 kW,No,51,2,45625.00,91250.00,FG-DISP-0002866,SN-DISP-0002866,Generated dispatch item.
2867,622,3374,102,PMSM Motor 7.5 kW,No,21,4,102500.00,410000.00,FG-DISP-0002867,SN-DISP-0002867,Generated dispatch item.
2868,623,675,100,BLDC Motor 1.5 kW,No,5,1,23125.00,23125.00,FG-DISP-0002868,SN-DISP-0002868,Generated dispatch item.
2869,624,3376,101,PMSM Motor 3 kW,No,29,1,45625.00,45625.00,FG-DISP-0002869,SN-DISP-0002869,Generated dispatch item.
2870,625,677,102,PMSM Motor 7.5 kW,No,27,6,102500.00,615000.00,FG-DISP-0002870,SN-DISP-0002870,Generated dispatch item.
2871,626,3378,100,BLDC Motor 1.5 kW,No,49,4,23125.00,92500.00,FG-DISP-0002871,SN-DISP-0002871,Generated dispatch item.
2872,627,679,101,PMSM Motor 3 kW,No,51,4,45625.00,182500.00,FG-DISP-0002872,SN-DISP-0002872,Generated dispatch item.
2873,628,3380,102,PMSM Motor 7.5 kW,No,46,3,102500.00,307500.00,FG-DISP-0002873,SN-DISP-0002873,Generated dispatch item.
2876,631,683,102,PMSM Motor 7.5 kW,No,34,4,102500.00,410000.00,FG-DISP-0002876,SN-DISP-0002876,Generated dispatch item.
2877,632,3384,100,BLDC Motor 1.5 kW,No,49,3,23125.00,69375.00,FG-DISP-0002877,SN-DISP-0002877,Generated dispatch item.
2878,633,685,101,PMSM Motor 3 kW,No,19,1,45625.00,45625.00,FG-DISP-0002878,SN-DISP-0002878,Generated dispatch item.
2879,634,3386,102,PMSM Motor 7.5 kW,No,35,4,102500.00,410000.00,FG-DISP-0002879,SN-DISP-0002879,Generated dispatch item.
2880,635,687,100,BLDC Motor 1.5 kW,No,28,1,23125.00,23125.00,FG-DISP-0002880,SN-DISP-0002880,Generated dispatch item.
2881,636,3388,101,PMSM Motor 3 kW,No,43,5,45625.00,228125.00,FG-DISP-0002881,SN-DISP-0002881,Generated dispatch item.
2882,637,689,102,PMSM Motor 7.5 kW,No,28,7,102500.00,717500.00,FG-DISP-0002882,SN-DISP-0002882,Generated dispatch item.
2883,638,3390,100,BLDC Motor 1.5 kW,No,46,5,23125.00,115625.00,FG-DISP-0002883,SN-DISP-0002883,Generated dispatch item.
2884,639,691,101,PMSM Motor 3 kW,No,26,5,45625.00,228125.00,FG-DISP-0002884,SN-DISP-0002884,Generated dispatch item.
2885,640,3392,102,PMSM Motor 7.5 kW,No,29,7,102500.00,717500.00,FG-DISP-0002885,SN-DISP-0002885,Generated dispatch item.
2886,641,693,100,BLDC Motor 1.5 kW,No,54,2,23125.00,46250.00,FG-DISP-0002886,SN-DISP-0002886,Generated dispatch item.
2887,642,3394,101,PMSM Motor 3 kW,No,29,6,45625.00,273750.00,FG-DISP-0002887,SN-DISP-0002887,Generated dispatch item.
2888,643,695,102,PMSM Motor 7.5 kW,No,35,2,102500.00,205000.00,FG-DISP-0002888,SN-DISP-0002888,Generated dispatch item.
2889,644,3396,100,BLDC Motor 1.5 kW,No,42,1,23125.00,23125.00,FG-DISP-0002889,SN-DISP-0002889,Generated dispatch item.
2890,645,697,101,PMSM Motor 3 kW,No,55,2,45625.00,91250.00,FG-DISP-0002890,SN-DISP-0002890,Generated dispatch item.
2891,646,3398,102,PMSM Motor 7.5 kW,No,33,4,102500.00,410000.00,FG-DISP-0002891,SN-DISP-0002891,Generated dispatch item.
2892,647,699,100,BLDC Motor 1.5 kW,No,45,1,23125.00,23125.00,FG-DISP-0002892,SN-DISP-0002892,Generated dispatch item.
2893,648,3400,101,PMSM Motor 3 kW,No,43,2,45625.00,91250.00,FG-DISP-0002893,SN-DISP-0002893,Generated dispatch item.
2894,649,701,102,PMSM Motor 7.5 kW,No,24,1,102500.00,102500.00,FG-DISP-0002894,SN-DISP-0002894,Generated dispatch item.
2895,650,3402,100,BLDC Motor 1.5 kW,No,43,2,23125.00,46250.00,FG-DISP-0002895,SN-DISP-0002895,Generated dispatch item.
2896,651,703,101,PMSM Motor 3 kW,No,32,6,45625.00,273750.00,FG-DISP-0002896,SN-DISP-0002896,Generated dispatch item.
2898,653,705,100,BLDC Motor 1.5 kW,No,26,2,23125.00,46250.00,FG-DISP-0002898,SN-DISP-0002898,Generated dispatch item.
2899,654,3406,101,PMSM Motor 3 kW,No,28,2,45625.00,91250.00,FG-DISP-0002899,SN-DISP-0002899,Generated dispatch item.
2900,655,707,102,PMSM Motor 7.5 kW,No,51,1,102500.00,102500.00,FG-DISP-0002900,SN-DISP-0002900,Generated dispatch item.
2901,656,3408,100,BLDC Motor 1.5 kW,No,9,3,23125.00,69375.00,FG-DISP-0002901,SN-DISP-0002901,Generated dispatch item.
2902,657,709,101,PMSM Motor 3 kW,No,15,6,45625.00,273750.00,FG-DISP-0002902,SN-DISP-0002902,Generated dispatch item.
2903,658,3410,102,PMSM Motor 7.5 kW,No,6,1,102500.00,102500.00,FG-DISP-0002903,SN-DISP-0002903,Generated dispatch item.
2904,659,711,100,BLDC Motor 1.5 kW,No,57,2,23125.00,46250.00,FG-DISP-0002904,SN-DISP-0002904,Generated dispatch item.
2905,660,3412,101,PMSM Motor 3 kW,No,17,3,45625.00,136875.00,FG-DISP-0002905,SN-DISP-0002905,Generated dispatch item.
2906,661,713,102,PMSM Motor 7.5 kW,No,37,5,102500.00,512500.00,FG-DISP-0002906,SN-DISP-0002906,Generated dispatch item.
2907,662,3414,100,BLDC Motor 1.5 kW,No,9,4,23125.00,92500.00,FG-DISP-0002907,SN-DISP-0002907,Generated dispatch item.
2908,663,715,101,PMSM Motor 3 kW,No,39,4,45625.00,182500.00,FG-DISP-0002908,SN-DISP-0002908,Generated dispatch item.
2909,664,3416,102,PMSM Motor 7.5 kW,No,58,7,102500.00,717500.00,FG-DISP-0002909,SN-DISP-0002909,Generated dispatch item.
2910,665,717,100,BLDC Motor 1.5 kW,No,33,6,23125.00,138750.00,FG-DISP-0002910,SN-DISP-0002910,Generated dispatch item.
2911,666,3418,101,PMSM Motor 3 kW,No,9,2,45625.00,91250.00,FG-DISP-0002911,SN-DISP-0002911,Generated dispatch item.
2912,667,719,102,PMSM Motor 7.5 kW,No,36,5,102500.00,512500.00,FG-DISP-0002912,SN-DISP-0002912,Generated dispatch item.
2913,668,3420,100,BLDC Motor 1.5 kW,No,37,6,23125.00,138750.00,FG-DISP-0002913,SN-DISP-0002913,Generated dispatch item.
2914,669,721,101,PMSM Motor 3 kW,No,42,7,45625.00,319375.00,FG-DISP-0002914,SN-DISP-0002914,Generated dispatch item.
2915,670,3422,102,PMSM Motor 7.5 kW,No,57,2,102500.00,205000.00,FG-DISP-0002915,SN-DISP-0002915,Generated dispatch item.
2916,671,723,100,BLDC Motor 1.5 kW,No,41,6,23125.00,138750.00,FG-DISP-0002916,SN-DISP-0002916,Generated dispatch item.
2917,672,3424,101,PMSM Motor 3 kW,No,15,2,45625.00,91250.00,FG-DISP-0002917,SN-DISP-0002917,Generated dispatch item.
2918,673,725,102,PMSM Motor 7.5 kW,No,16,4,102500.00,410000.00,FG-DISP-0002918,SN-DISP-0002918,Generated dispatch item.
2919,674,3426,100,BLDC Motor 1.5 kW,No,13,1,23125.00,23125.00,FG-DISP-0002919,SN-DISP-0002919,Generated dispatch item.
2920,675,727,101,PMSM Motor 3 kW,No,37,5,45625.00,228125.00,FG-DISP-0002920,SN-DISP-0002920,Generated dispatch item.
2921,676,3428,102,PMSM Motor 7.5 kW,No,12,5,102500.00,512500.00,FG-DISP-0002921,SN-DISP-0002921,Generated dispatch item.
2922,677,729,100,BLDC Motor 1.5 kW,No,24,4,23125.00,92500.00,FG-DISP-0002922,SN-DISP-0002922,Generated dispatch item.
2923,678,3430,101,PMSM Motor 3 kW,No,25,3,45625.00,136875.00,FG-DISP-0002923,SN-DISP-0002923,Generated dispatch item.
2924,679,731,102,PMSM Motor 7.5 kW,No,40,2,102500.00,205000.00,FG-DISP-0002924,SN-DISP-0002924,Generated dispatch item.
2925,680,3432,100,BLDC Motor 1.5 kW,No,53,6,23125.00,138750.00,FG-DISP-0002925,SN-DISP-0002925,Generated dispatch item.
2926,681,733,101,PMSM Motor 3 kW,No,35,7,45625.00,319375.00,FG-DISP-0002926,SN-DISP-0002926,Generated dispatch item.
2927,682,3434,102,PMSM Motor 7.5 kW,No,40,1,102500.00,102500.00,FG-DISP-0002927,SN-DISP-0002927,Generated dispatch item.
2928,683,735,100,BLDC Motor 1.5 kW,No,15,2,23125.00,46250.00,FG-DISP-0002928,SN-DISP-0002928,Generated dispatch item.
2929,684,3436,101,PMSM Motor 3 kW,No,60,5,45625.00,228125.00,FG-DISP-0002929,SN-DISP-0002929,Generated dispatch item.
2930,685,737,102,PMSM Motor 7.5 kW,No,46,3,102500.00,307500.00,FG-DISP-0002930,SN-DISP-0002930,Generated dispatch item.
2931,686,3438,100,BLDC Motor 1.5 kW,No,52,1,23125.00,23125.00,FG-DISP-0002931,SN-DISP-0002931,Generated dispatch item.
2932,687,739,101,PMSM Motor 3 kW,No,30,1,45625.00,45625.00,FG-DISP-0002932,SN-DISP-0002932,Generated dispatch item.
2933,688,3440,102,PMSM Motor 7.5 kW,No,23,2,102500.00,205000.00,FG-DISP-0002933,SN-DISP-0002933,Generated dispatch item.
2934,689,741,100,BLDC Motor 1.5 kW,No,35,7,23125.00,161875.00,FG-DISP-0002934,SN-DISP-0002934,Generated dispatch item.
2935,690,3442,101,PMSM Motor 3 kW,No,22,5,45625.00,228125.00,FG-DISP-0002935,SN-DISP-0002935,Generated dispatch item.
2936,691,743,102,PMSM Motor 7.5 kW,No,42,2,102500.00,205000.00,FG-DISP-0002936,SN-DISP-0002936,Generated dispatch item.
2937,692,3444,100,BLDC Motor 1.5 kW,No,29,1,23125.00,23125.00,FG-DISP-0002937,SN-DISP-0002937,Generated dispatch item.
2938,693,745,101,PMSM Motor 3 kW,No,41,6,45625.00,273750.00,FG-DISP-0002938,SN-DISP-0002938,Generated dispatch item.
2939,694,3446,102,PMSM Motor 7.5 kW,No,31,3,102500.00,307500.00,FG-DISP-0002939,SN-DISP-0002939,Generated dispatch item.
2940,695,747,100,BLDC Motor 1.5 kW,No,46,3,23125.00,69375.00,FG-DISP-0002940,SN-DISP-0002940,Generated dispatch item.
2941,696,3448,101,PMSM Motor 3 kW,No,31,4,45625.00,182500.00,FG-DISP-0002941,SN-DISP-0002941,Generated dispatch item.
2942,697,749,102,PMSM Motor 7.5 kW,No,16,2,102500.00,205000.00,FG-DISP-0002942,SN-DISP-0002942,Generated dispatch item.
2943,698,3450,100,BLDC Motor 1.5 kW,No,23,6,23125.00,138750.00,FG-DISP-0002943,SN-DISP-0002943,Generated dispatch item.
2944,699,751,101,PMSM Motor 3 kW,No,11,3,45625.00,136875.00,FG-DISP-0002944,SN-DISP-0002944,Generated dispatch item.
2945,700,3452,102,PMSM Motor 7.5 kW,No,12,5,102500.00,512500.00,FG-DISP-0002945,SN-DISP-0002945,Generated dispatch item.
2946,701,753,100,BLDC Motor 1.5 kW,No,42,4,23125.00,92500.00,FG-DISP-0002946,SN-DISP-0002946,Generated dispatch item.
2947,702,3454,101,PMSM Motor 3 kW,No,22,2,45625.00,91250.00,FG-DISP-0002947,SN-DISP-0002947,Generated dispatch item.
2948,703,755,102,PMSM Motor 7.5 kW,No,18,5,102500.00,512500.00,FG-DISP-0002948,SN-DISP-0002948,Generated dispatch item.
2949,704,3456,100,BLDC Motor 1.5 kW,No,12,1,23125.00,23125.00,FG-DISP-0002949,SN-DISP-0002949,Generated dispatch item.
2950,705,757,101,PMSM Motor 3 kW,No,11,5,45625.00,228125.00,FG-DISP-0002950,SN-DISP-0002950,Generated dispatch item.
2951,706,3458,102,PMSM Motor 7.5 kW,No,42,3,102500.00,307500.00,FG-DISP-0002951,SN-DISP-0002951,Generated dispatch item.
2952,707,759,100,BLDC Motor 1.5 kW,No,12,5,23125.00,115625.00,FG-DISP-0002952,SN-DISP-0002952,Generated dispatch item.
2953,708,3460,101,PMSM Motor 3 kW,No,29,2,45625.00,91250.00,FG-DISP-0002953,SN-DISP-0002953,Generated dispatch item.
2954,709,761,102,PMSM Motor 7.5 kW,No,22,3,102500.00,307500.00,FG-DISP-0002954,SN-DISP-0002954,Generated dispatch item.
2955,710,3462,100,BLDC Motor 1.5 kW,No,39,3,23125.00,69375.00,FG-DISP-0002955,SN-DISP-0002955,Generated dispatch item.
2956,711,763,101,PMSM Motor 3 kW,No,60,2,45625.00,91250.00,FG-DISP-0002956,SN-DISP-0002956,Generated dispatch item.
2957,712,3464,102,PMSM Motor 7.5 kW,No,18,3,102500.00,307500.00,FG-DISP-0002957,SN-DISP-0002957,Generated dispatch item.
2958,713,765,100,BLDC Motor 1.5 kW,No,13,1,23125.00,23125.00,FG-DISP-0002958,SN-DISP-0002958,Generated dispatch item.
2959,714,3466,101,PMSM Motor 3 kW,No,19,3,45625.00,136875.00,FG-DISP-0002959,SN-DISP-0002959,Generated dispatch item.
2960,715,767,102,PMSM Motor 7.5 kW,No,21,1,102500.00,102500.00,FG-DISP-0002960,SN-DISP-0002960,Generated dispatch item.
2961,716,3468,100,BLDC Motor 1.5 kW,No,9,4,23125.00,92500.00,FG-DISP-0002961,SN-DISP-0002961,Generated dispatch item.
2962,717,769,101,PMSM Motor 3 kW,No,56,1,45625.00,45625.00,FG-DISP-0002962,SN-DISP-0002962,Generated dispatch item.
2963,718,3470,102,PMSM Motor 7.5 kW,No,40,1,102500.00,102500.00,FG-DISP-0002963,SN-DISP-0002963,Generated dispatch item.
2964,719,771,100,BLDC Motor 1.5 kW,No,58,4,23125.00,92500.00,FG-DISP-0002964,SN-DISP-0002964,Generated dispatch item.
2965,720,3472,101,PMSM Motor 3 kW,No,54,3,45625.00,136875.00,FG-DISP-0002965,SN-DISP-0002965,Generated dispatch item.
2966,721,773,102,PMSM Motor 7.5 kW,No,17,7,102500.00,717500.00,FG-DISP-0002966,SN-DISP-0002966,Generated dispatch item.
2967,722,3474,100,BLDC Motor 1.5 kW,No,39,2,23125.00,46250.00,FG-DISP-0002967,SN-DISP-0002967,Generated dispatch item.
2968,723,775,101,PMSM Motor 3 kW,No,54,3,45625.00,136875.00,FG-DISP-0002968,SN-DISP-0002968,Generated dispatch item.
2969,724,3476,102,PMSM Motor 7.5 kW,No,38,2,102500.00,205000.00,FG-DISP-0002969,SN-DISP-0002969,Generated dispatch item.
2970,725,777,100,BLDC Motor 1.5 kW,No,12,6,23125.00,138750.00,FG-DISP-0002970,SN-DISP-0002970,Generated dispatch item.
2971,726,3478,101,PMSM Motor 3 kW,No,56,6,45625.00,273750.00,FG-DISP-0002971,SN-DISP-0002971,Generated dispatch item.
2972,727,779,102,PMSM Motor 7.5 kW,No,47,2,102500.00,205000.00,FG-DISP-0002972,SN-DISP-0002972,Generated dispatch item.
2973,728,3480,100,BLDC Motor 1.5 kW,No,55,2,23125.00,46250.00,FG-DISP-0002973,SN-DISP-0002973,Generated dispatch item.
2975,730,3482,102,PMSM Motor 7.5 kW,No,25,2,102500.00,205000.00,FG-DISP-0002975,SN-DISP-0002975,Generated dispatch item.
2976,731,783,100,BLDC Motor 1.5 kW,No,27,2,23125.00,46250.00,FG-DISP-0002976,SN-DISP-0002976,Generated dispatch item.
2977,732,3484,101,PMSM Motor 3 kW,No,16,2,45625.00,91250.00,FG-DISP-0002977,SN-DISP-0002977,Generated dispatch item.
2978,733,785,102,PMSM Motor 7.5 kW,No,18,6,102500.00,615000.00,FG-DISP-0002978,SN-DISP-0002978,Generated dispatch item.
2979,734,3486,100,BLDC Motor 1.5 kW,No,59,4,23125.00,92500.00,FG-DISP-0002979,SN-DISP-0002979,Generated dispatch item.
2980,735,787,101,PMSM Motor 3 kW,No,44,3,45625.00,136875.00,FG-DISP-0002980,SN-DISP-0002980,Generated dispatch item.
2981,736,3488,102,PMSM Motor 7.5 kW,No,46,2,102500.00,205000.00,FG-DISP-0002981,SN-DISP-0002981,Generated dispatch item.
2983,738,3490,101,PMSM Motor 3 kW,No,49,2,45625.00,91250.00,FG-DISP-0002983,SN-DISP-0002983,Generated dispatch item.
2984,739,791,102,PMSM Motor 7.5 kW,No,31,4,102500.00,410000.00,FG-DISP-0002984,SN-DISP-0002984,Generated dispatch item.
2985,740,3492,100,BLDC Motor 1.5 kW,No,19,6,23125.00,138750.00,FG-DISP-0002985,SN-DISP-0002985,Generated dispatch item.
2986,741,793,101,PMSM Motor 3 kW,No,44,4,45625.00,182500.00,FG-DISP-0002986,SN-DISP-0002986,Generated dispatch item.
2987,742,3494,102,PMSM Motor 7.5 kW,No,28,5,102500.00,512500.00,FG-DISP-0002987,SN-DISP-0002987,Generated dispatch item.
2988,743,795,100,BLDC Motor 1.5 kW,No,7,2,23125.00,46250.00,FG-DISP-0002988,SN-DISP-0002988,Generated dispatch item.
2989,744,3496,101,PMSM Motor 3 kW,No,46,7,45625.00,319375.00,FG-DISP-0002989,SN-DISP-0002989,Generated dispatch item.
2990,745,797,102,PMSM Motor 7.5 kW,No,55,6,102500.00,615000.00,FG-DISP-0002990,SN-DISP-0002990,Generated dispatch item.
2991,746,3498,100,BLDC Motor 1.5 kW,No,49,7,23125.00,161875.00,FG-DISP-0002991,SN-DISP-0002991,Generated dispatch item.
2992,747,799,101,PMSM Motor 3 kW,No,25,5,45625.00,228125.00,FG-DISP-0002992,SN-DISP-0002992,Generated dispatch item.
2993,748,3500,102,PMSM Motor 7.5 kW,No,24,5,102500.00,512500.00,FG-DISP-0002993,SN-DISP-0002993,Generated dispatch item.
2994,749,801,100,BLDC Motor 1.5 kW,No,14,1,23125.00,23125.00,FG-DISP-0002994,SN-DISP-0002994,Generated dispatch item.
2995,750,3502,101,PMSM Motor 3 kW,No,40,2,45625.00,91250.00,FG-DISP-0002995,SN-DISP-0002995,Generated dispatch item.
2996,751,803,102,PMSM Motor 7.5 kW,No,17,1,102500.00,102500.00,FG-DISP-0002996,SN-DISP-0002996,Generated dispatch item.
2997,752,3504,100,BLDC Motor 1.5 kW,No,59,4,23125.00,92500.00,FG-DISP-0002997,SN-DISP-0002997,Generated dispatch item.
2998,753,805,101,PMSM Motor 3 kW,No,23,5,45625.00,228125.00,FG-DISP-0002998,SN-DISP-0002998,Generated dispatch item.
2999,754,3506,102,PMSM Motor 7.5 kW,No,29,1,102500.00,102500.00,FG-DISP-0002999,SN-DISP-0002999,Generated dispatch item.
3000,755,807,100,BLDC Motor 1.5 kW,No,16,6,23125.00,138750.00,FG-DISP-0003000,SN-DISP-0003000,Generated dispatch item.
3001,756,3508,101,PMSM Motor 3 kW,No,25,4,45625.00,182500.00,FG-DISP-0003001,SN-DISP-0003001,Generated dispatch item.
3002,757,809,102,PMSM Motor 7.5 kW,No,33,5,102500.00,512500.00,FG-DISP-0003002,SN-DISP-0003002,Generated dispatch item.
3003,758,3510,100,BLDC Motor 1.5 kW,No,23,7,23125.00,161875.00,FG-DISP-0003003,SN-DISP-0003003,Generated dispatch item.
3004,759,811,101,PMSM Motor 3 kW,No,40,5,45625.00,228125.00,FG-DISP-0003004,SN-DISP-0003004,Generated dispatch item.
3005,760,3512,102,PMSM Motor 7.5 kW,No,39,1,102500.00,102500.00,FG-DISP-0003005,SN-DISP-0003005,Generated dispatch item.
3006,761,813,100,BLDC Motor 1.5 kW,No,29,6,23125.00,138750.00,FG-DISP-0003006,SN-DISP-0003006,Generated dispatch item.
3007,762,3514,101,PMSM Motor 3 kW,No,35,7,45625.00,319375.00,FG-DISP-0003007,SN-DISP-0003007,Generated dispatch item.
3008,763,815,102,PMSM Motor 7.5 kW,No,28,1,102500.00,102500.00,FG-DISP-0003008,SN-DISP-0003008,Generated dispatch item.
3009,764,3516,100,BLDC Motor 1.5 kW,No,33,4,23125.00,92500.00,FG-DISP-0003009,SN-DISP-0003009,Generated dispatch item.
3010,765,817,101,PMSM Motor 3 kW,No,48,4,45625.00,182500.00,FG-DISP-0003010,SN-DISP-0003010,Generated dispatch item.
3011,766,3518,102,PMSM Motor 7.5 kW,No,15,2,102500.00,205000.00,FG-DISP-0003011,SN-DISP-0003011,Generated dispatch item.
3012,767,819,100,BLDC Motor 1.5 kW,No,21,2,23125.00,46250.00,FG-DISP-0003012,SN-DISP-0003012,Generated dispatch item.
3013,768,3520,101,PMSM Motor 3 kW,No,53,6,45625.00,273750.00,FG-DISP-0003013,SN-DISP-0003013,Generated dispatch item.
3014,769,821,102,PMSM Motor 7.5 kW,No,39,3,102500.00,307500.00,FG-DISP-0003014,SN-DISP-0003014,Generated dispatch item.
3015,770,3522,100,BLDC Motor 1.5 kW,No,8,4,23125.00,92500.00,FG-DISP-0003015,SN-DISP-0003015,Generated dispatch item.
3016,771,823,101,PMSM Motor 3 kW,No,55,6,45625.00,273750.00,FG-DISP-0003016,SN-DISP-0003016,Generated dispatch item.
3017,772,3524,102,PMSM Motor 7.5 kW,No,23,4,102500.00,410000.00,FG-DISP-0003017,SN-DISP-0003017,Generated dispatch item.
3018,773,825,100,BLDC Motor 1.5 kW,No,17,7,23125.00,161875.00,FG-DISP-0003018,SN-DISP-0003018,Generated dispatch item.
3019,774,3526,101,PMSM Motor 3 kW,No,55,4,45625.00,182500.00,FG-DISP-0003019,SN-DISP-0003019,Generated dispatch item.
3020,775,827,102,PMSM Motor 7.5 kW,No,39,7,102500.00,717500.00,FG-DISP-0003020,SN-DISP-0003020,Generated dispatch item.
3021,776,3528,100,BLDC Motor 1.5 kW,No,11,2,23125.00,46250.00,FG-DISP-0003021,SN-DISP-0003021,Generated dispatch item.
3022,777,829,101,PMSM Motor 3 kW,No,58,7,45625.00,319375.00,FG-DISP-0003022,SN-DISP-0003022,Generated dispatch item.
3023,778,3530,102,PMSM Motor 7.5 kW,No,41,1,102500.00,102500.00,FG-DISP-0003023,SN-DISP-0003023,Generated dispatch item.
3024,779,831,100,BLDC Motor 1.5 kW,No,34,6,23125.00,138750.00,FG-DISP-0003024,SN-DISP-0003024,Generated dispatch item.
3025,780,3532,101,PMSM Motor 3 kW,No,51,5,45625.00,228125.00,FG-DISP-0003025,SN-DISP-0003025,Generated dispatch item.
3026,781,833,102,PMSM Motor 7.5 kW,No,59,4,102500.00,410000.00,FG-DISP-0003026,SN-DISP-0003026,Generated dispatch item.
3027,782,3534,100,BLDC Motor 1.5 kW,No,13,6,23125.00,138750.00,FG-DISP-0003027,SN-DISP-0003027,Generated dispatch item.
3028,783,835,101,PMSM Motor 3 kW,No,22,5,45625.00,228125.00,FG-DISP-0003028,SN-DISP-0003028,Generated dispatch item.
3029,784,3536,102,PMSM Motor 7.5 kW,No,42,5,102500.00,512500.00,FG-DISP-0003029,SN-DISP-0003029,Generated dispatch item.
3030,785,837,100,BLDC Motor 1.5 kW,No,36,6,23125.00,138750.00,FG-DISP-0003030,SN-DISP-0003030,Generated dispatch item.
3031,786,3538,101,PMSM Motor 3 kW,No,40,6,45625.00,273750.00,FG-DISP-0003031,SN-DISP-0003031,Generated dispatch item.
3032,787,839,102,PMSM Motor 7.5 kW,No,22,2,102500.00,205000.00,FG-DISP-0003032,SN-DISP-0003032,Generated dispatch item.
3033,788,3540,100,BLDC Motor 1.5 kW,No,50,6,23125.00,138750.00,FG-DISP-0003033,SN-DISP-0003033,Generated dispatch item.
3035,790,3542,102,PMSM Motor 7.5 kW,No,51,5,102500.00,512500.00,FG-DISP-0003035,SN-DISP-0003035,Generated dispatch item.
3036,791,843,100,BLDC Motor 1.5 kW,No,60,1,23125.00,23125.00,FG-DISP-0003036,SN-DISP-0003036,Generated dispatch item.
3037,792,3544,101,PMSM Motor 3 kW,No,43,7,45625.00,319375.00,FG-DISP-0003037,SN-DISP-0003037,Generated dispatch item.
3038,793,845,102,PMSM Motor 7.5 kW,No,18,6,102500.00,615000.00,FG-DISP-0003038,SN-DISP-0003038,Generated dispatch item.
3039,794,3546,100,BLDC Motor 1.5 kW,No,56,7,23125.00,161875.00,FG-DISP-0003039,SN-DISP-0003039,Generated dispatch item.
3040,795,847,101,PMSM Motor 3 kW,No,59,6,45625.00,273750.00,FG-DISP-0003040,SN-DISP-0003040,Generated dispatch item.
3041,796,3548,102,PMSM Motor 7.5 kW,No,35,3,102500.00,307500.00,FG-DISP-0003041,SN-DISP-0003041,Generated dispatch item.
3042,797,849,100,BLDC Motor 1.5 kW,No,41,3,23125.00,69375.00,FG-DISP-0003042,SN-DISP-0003042,Generated dispatch item.
3043,798,3550,101,PMSM Motor 3 kW,No,57,2,45625.00,91250.00,FG-DISP-0003043,SN-DISP-0003043,Generated dispatch item.
3044,799,851,102,PMSM Motor 7.5 kW,No,55,3,102500.00,307500.00,FG-DISP-0003044,SN-DISP-0003044,Generated dispatch item.
3045,800,3552,100,BLDC Motor 1.5 kW,No,38,1,23125.00,23125.00,FG-DISP-0003045,SN-DISP-0003045,Generated dispatch item.
3046,801,853,101,PMSM Motor 3 kW,No,59,6,45625.00,273750.00,FG-DISP-0003046,SN-DISP-0003046,Generated dispatch item.
3047,802,3554,102,PMSM Motor 7.5 kW,No,13,6,102500.00,615000.00,FG-DISP-0003047,SN-DISP-0003047,Generated dispatch item.
3048,803,855,100,BLDC Motor 1.5 kW,No,36,7,23125.00,161875.00,FG-DISP-0003048,SN-DISP-0003048,Generated dispatch item.
3049,804,3556,101,PMSM Motor 3 kW,No,29,4,45625.00,182500.00,FG-DISP-0003049,SN-DISP-0003049,Generated dispatch item.
3050,805,857,102,PMSM Motor 7.5 kW,No,60,7,102500.00,717500.00,FG-DISP-0003050,SN-DISP-0003050,Generated dispatch item.
3051,806,3558,100,BLDC Motor 1.5 kW,No,53,2,23125.00,46250.00,FG-DISP-0003051,SN-DISP-0003051,Generated dispatch item.
3052,807,859,101,PMSM Motor 3 kW,No,47,4,45625.00,182500.00,FG-DISP-0003052,SN-DISP-0003052,Generated dispatch item.
3053,808,3560,102,PMSM Motor 7.5 kW,No,10,3,102500.00,307500.00,FG-DISP-0003053,SN-DISP-0003053,Generated dispatch item.
3054,809,861,100,BLDC Motor 1.5 kW,No,34,6,23125.00,138750.00,FG-DISP-0003054,SN-DISP-0003054,Generated dispatch item.
3055,810,3562,101,PMSM Motor 3 kW,No,30,6,45625.00,273750.00,FG-DISP-0003055,SN-DISP-0003055,Generated dispatch item.
3056,811,863,102,PMSM Motor 7.5 kW,No,41,4,102500.00,410000.00,FG-DISP-0003056,SN-DISP-0003056,Generated dispatch item.
3057,812,3564,100,BLDC Motor 1.5 kW,No,29,1,23125.00,23125.00,FG-DISP-0003057,SN-DISP-0003057,Generated dispatch item.
3058,813,865,101,PMSM Motor 3 kW,No,15,7,45625.00,319375.00,FG-DISP-0003058,SN-DISP-0003058,Generated dispatch item.
3059,814,3566,102,PMSM Motor 7.5 kW,No,17,3,102500.00,307500.00,FG-DISP-0003059,SN-DISP-0003059,Generated dispatch item.
3060,815,867,100,BLDC Motor 1.5 kW,No,5,2,23125.00,46250.00,FG-DISP-0003060,SN-DISP-0003060,Generated dispatch item.
3061,816,3568,101,PMSM Motor 3 kW,No,17,1,45625.00,45625.00,FG-DISP-0003061,SN-DISP-0003061,Generated dispatch item.
3062,817,869,102,PMSM Motor 7.5 kW,No,19,7,102500.00,717500.00,FG-DISP-0003062,SN-DISP-0003062,Generated dispatch item.
3063,818,3570,100,BLDC Motor 1.5 kW,No,9,2,23125.00,46250.00,FG-DISP-0003063,SN-DISP-0003063,Generated dispatch item.
3064,819,871,101,PMSM Motor 3 kW,No,29,7,45625.00,319375.00,FG-DISP-0003064,SN-DISP-0003064,Generated dispatch item.
3065,820,3572,102,PMSM Motor 7.5 kW,No,24,6,102500.00,615000.00,FG-DISP-0003065,SN-DISP-0003065,Generated dispatch item.
3066,821,873,100,BLDC Motor 1.5 kW,No,17,3,23125.00,69375.00,FG-DISP-0003066,SN-DISP-0003066,Generated dispatch item.
3067,822,3574,101,PMSM Motor 3 kW,No,25,3,45625.00,136875.00,FG-DISP-0003067,SN-DISP-0003067,Generated dispatch item.
3068,823,875,102,PMSM Motor 7.5 kW,No,33,7,102500.00,717500.00,FG-DISP-0003068,SN-DISP-0003068,Generated dispatch item.
3069,824,3576,100,BLDC Motor 1.5 kW,No,60,5,23125.00,115625.00,FG-DISP-0003069,SN-DISP-0003069,Generated dispatch item.
3070,825,877,101,PMSM Motor 3 kW,No,41,5,45625.00,228125.00,FG-DISP-0003070,SN-DISP-0003070,Generated dispatch item.
3071,826,3578,102,PMSM Motor 7.5 kW,No,24,5,102500.00,512500.00,FG-DISP-0003071,SN-DISP-0003071,Generated dispatch item.
3072,827,879,100,BLDC Motor 1.5 kW,No,41,2,23125.00,46250.00,FG-DISP-0003072,SN-DISP-0003072,Generated dispatch item.
3073,828,3580,101,PMSM Motor 3 kW,No,42,1,45625.00,45625.00,FG-DISP-0003073,SN-DISP-0003073,Generated dispatch item.
3074,829,881,102,PMSM Motor 7.5 kW,No,55,1,102500.00,102500.00,FG-DISP-0003074,SN-DISP-0003074,Generated dispatch item.
3075,830,3582,100,BLDC Motor 1.5 kW,No,51,3,23125.00,69375.00,FG-DISP-0003075,SN-DISP-0003075,Generated dispatch item.
3076,831,883,101,PMSM Motor 3 kW,No,59,5,45625.00,228125.00,FG-DISP-0003076,SN-DISP-0003076,Generated dispatch item.
3077,832,3584,102,PMSM Motor 7.5 kW,No,52,3,102500.00,307500.00,FG-DISP-0003077,SN-DISP-0003077,Generated dispatch item.
3078,833,885,100,BLDC Motor 1.5 kW,No,54,2,23125.00,46250.00,FG-DISP-0003078,SN-DISP-0003078,Generated dispatch item.
3079,834,3586,101,PMSM Motor 3 kW,No,53,3,45625.00,136875.00,FG-DISP-0003079,SN-DISP-0003079,Generated dispatch item.
3080,835,887,102,PMSM Motor 7.5 kW,No,39,2,102500.00,205000.00,FG-DISP-0003080,SN-DISP-0003080,Generated dispatch item.
3081,836,3588,100,BLDC Motor 1.5 kW,No,7,3,23125.00,69375.00,FG-DISP-0003081,SN-DISP-0003081,Generated dispatch item.
3082,837,889,101,PMSM Motor 3 kW,No,16,4,45625.00,182500.00,FG-DISP-0003082,SN-DISP-0003082,Generated dispatch item.
3083,838,3590,102,PMSM Motor 7.5 kW,No,53,2,102500.00,205000.00,FG-DISP-0003083,SN-DISP-0003083,Generated dispatch item.
3084,839,891,100,BLDC Motor 1.5 kW,No,57,1,23125.00,23125.00,FG-DISP-0003084,SN-DISP-0003084,Generated dispatch item.
3085,840,3592,101,PMSM Motor 3 kW,No,60,1,45625.00,45625.00,FG-DISP-0003085,SN-DISP-0003085,Generated dispatch item.
3086,841,893,102,PMSM Motor 7.5 kW,No,14,3,102500.00,307500.00,FG-DISP-0003086,SN-DISP-0003086,Generated dispatch item.
3087,842,3594,100,BLDC Motor 1.5 kW,No,19,2,23125.00,46250.00,FG-DISP-0003087,SN-DISP-0003087,Generated dispatch item.
3088,843,895,101,PMSM Motor 3 kW,No,13,6,45625.00,273750.00,FG-DISP-0003088,SN-DISP-0003088,Generated dispatch item.
3089,844,3596,102,PMSM Motor 7.5 kW,No,50,2,102500.00,205000.00,FG-DISP-0003089,SN-DISP-0003089,Generated dispatch item.
3090,845,897,100,BLDC Motor 1.5 kW,No,22,1,23125.00,23125.00,FG-DISP-0003090,SN-DISP-0003090,Generated dispatch item.
3091,846,3598,101,PMSM Motor 3 kW,No,35,5,45625.00,228125.00,FG-DISP-0003091,SN-DISP-0003091,Generated dispatch item.
3092,847,899,102,PMSM Motor 7.5 kW,No,37,5,102500.00,512500.00,FG-DISP-0003092,SN-DISP-0003092,Generated dispatch item.
3093,848,3600,100,BLDC Motor 1.5 kW,No,25,5,23125.00,115625.00,FG-DISP-0003093,SN-DISP-0003093,Generated dispatch item.
3094,849,901,101,PMSM Motor 3 kW,No,43,2,45625.00,91250.00,FG-DISP-0003094,SN-DISP-0003094,Generated dispatch item.
3095,850,3602,102,PMSM Motor 7.5 kW,No,42,5,102500.00,512500.00,FG-DISP-0003095,SN-DISP-0003095,Generated dispatch item.
3097,852,3604,101,PMSM Motor 3 kW,No,15,7,45625.00,319375.00,FG-DISP-0003097,SN-DISP-0003097,Generated dispatch item.
3098,853,905,102,PMSM Motor 7.5 kW,No,48,5,102500.00,512500.00,FG-DISP-0003098,SN-DISP-0003098,Generated dispatch item.
3099,854,3606,100,BLDC Motor 1.5 kW,No,13,3,23125.00,69375.00,FG-DISP-0003099,SN-DISP-0003099,Generated dispatch item.
3100,855,907,101,PMSM Motor 3 kW,No,14,4,45625.00,182500.00,FG-DISP-0003100,SN-DISP-0003100,Generated dispatch item.
3101,856,3608,102,PMSM Motor 7.5 kW,No,41,6,102500.00,615000.00,FG-DISP-0003101,SN-DISP-0003101,Generated dispatch item.
3102,857,909,100,BLDC Motor 1.5 kW,No,21,2,23125.00,46250.00,FG-DISP-0003102,SN-DISP-0003102,Generated dispatch item.
3103,858,3610,101,PMSM Motor 3 kW,No,19,6,45625.00,273750.00,FG-DISP-0003103,SN-DISP-0003103,Generated dispatch item.
3104,859,911,102,PMSM Motor 7.5 kW,No,23,2,102500.00,205000.00,FG-DISP-0003104,SN-DISP-0003104,Generated dispatch item.
3105,860,3612,100,BLDC Motor 1.5 kW,No,57,7,23125.00,161875.00,FG-DISP-0003105,SN-DISP-0003105,Generated dispatch item.
3106,861,913,101,PMSM Motor 3 kW,No,23,1,45625.00,45625.00,FG-DISP-0003106,SN-DISP-0003106,Generated dispatch item.
3107,862,3614,102,PMSM Motor 7.5 kW,No,57,4,102500.00,410000.00,FG-DISP-0003107,SN-DISP-0003107,Generated dispatch item.
3108,863,915,100,BLDC Motor 1.5 kW,No,47,3,23125.00,69375.00,FG-DISP-0003108,SN-DISP-0003108,Generated dispatch item.
3109,864,3616,101,PMSM Motor 3 kW,No,5,3,45625.00,136875.00,FG-DISP-0003109,SN-DISP-0003109,Generated dispatch item.
3110,865,917,102,PMSM Motor 7.5 kW,No,7,1,102500.00,102500.00,FG-DISP-0003110,SN-DISP-0003110,Generated dispatch item.
3111,866,3618,100,BLDC Motor 1.5 kW,No,10,1,23125.00,23125.00,FG-DISP-0003111,SN-DISP-0003111,Generated dispatch item.
3112,867,919,101,PMSM Motor 3 kW,No,16,7,45625.00,319375.00,FG-DISP-0003112,SN-DISP-0003112,Generated dispatch item.
3113,868,3620,102,PMSM Motor 7.5 kW,No,41,4,102500.00,410000.00,FG-DISP-0003113,SN-DISP-0003113,Generated dispatch item.
3114,869,921,100,BLDC Motor 1.5 kW,No,6,5,23125.00,115625.00,FG-DISP-0003114,SN-DISP-0003114,Generated dispatch item.
3115,870,3622,101,PMSM Motor 3 kW,No,27,4,45625.00,182500.00,FG-DISP-0003115,SN-DISP-0003115,Generated dispatch item.
3116,871,923,102,PMSM Motor 7.5 kW,No,48,4,102500.00,410000.00,FG-DISP-0003116,SN-DISP-0003116,Generated dispatch item.
3117,872,3624,100,BLDC Motor 1.5 kW,No,22,5,23125.00,115625.00,FG-DISP-0003117,SN-DISP-0003117,Generated dispatch item.
3118,873,925,101,PMSM Motor 3 kW,No,60,3,45625.00,136875.00,FG-DISP-0003118,SN-DISP-0003118,Generated dispatch item.
3119,874,3626,102,PMSM Motor 7.5 kW,No,38,1,102500.00,102500.00,FG-DISP-0003119,SN-DISP-0003119,Generated dispatch item.
3120,875,927,100,BLDC Motor 1.5 kW,No,41,1,23125.00,23125.00,FG-DISP-0003120,SN-DISP-0003120,Generated dispatch item.
3121,876,3628,101,PMSM Motor 3 kW,No,22,4,45625.00,182500.00,FG-DISP-0003121,SN-DISP-0003121,Generated dispatch item.
3122,877,929,102,PMSM Motor 7.5 kW,No,38,2,102500.00,205000.00,FG-DISP-0003122,SN-DISP-0003122,Generated dispatch item.
3123,878,3630,100,BLDC Motor 1.5 kW,No,53,4,23125.00,92500.00,FG-DISP-0003123,SN-DISP-0003123,Generated dispatch item.
3124,879,931,101,PMSM Motor 3 kW,No,55,5,45625.00,228125.00,FG-DISP-0003124,SN-DISP-0003124,Generated dispatch item.
3125,880,3632,102,PMSM Motor 7.5 kW,No,31,5,102500.00,512500.00,FG-DISP-0003125,SN-DISP-0003125,Generated dispatch item.
3126,881,933,100,BLDC Motor 1.5 kW,No,19,2,23125.00,46250.00,FG-DISP-0003126,SN-DISP-0003126,Generated dispatch item.
3127,882,3634,101,PMSM Motor 3 kW,No,59,5,45625.00,228125.00,FG-DISP-0003127,SN-DISP-0003127,Generated dispatch item.
3128,883,935,102,PMSM Motor 7.5 kW,No,8,4,102500.00,410000.00,FG-DISP-0003128,SN-DISP-0003128,Generated dispatch item.
3129,884,3636,100,BLDC Motor 1.5 kW,No,53,3,23125.00,69375.00,FG-DISP-0003129,SN-DISP-0003129,Generated dispatch item.
3130,885,937,101,PMSM Motor 3 kW,No,33,1,45625.00,45625.00,FG-DISP-0003130,SN-DISP-0003130,Generated dispatch item.
3131,886,3638,102,PMSM Motor 7.5 kW,No,37,4,102500.00,410000.00,FG-DISP-0003131,SN-DISP-0003131,Generated dispatch item.
3132,887,939,100,BLDC Motor 1.5 kW,No,19,5,23125.00,115625.00,FG-DISP-0003132,SN-DISP-0003132,Generated dispatch item.
3133,888,3640,101,PMSM Motor 3 kW,No,22,3,45625.00,136875.00,FG-DISP-0003133,SN-DISP-0003133,Generated dispatch item.
3134,889,941,102,PMSM Motor 7.5 kW,No,30,5,102500.00,512500.00,FG-DISP-0003134,SN-DISP-0003134,Generated dispatch item.
3135,890,3642,100,BLDC Motor 1.5 kW,No,36,6,23125.00,138750.00,FG-DISP-0003135,SN-DISP-0003135,Generated dispatch item.
3136,891,943,101,PMSM Motor 3 kW,No,30,5,45625.00,228125.00,FG-DISP-0003136,SN-DISP-0003136,Generated dispatch item.
3137,892,3644,102,PMSM Motor 7.5 kW,No,31,6,102500.00,615000.00,FG-DISP-0003137,SN-DISP-0003137,Generated dispatch item.
3138,893,945,100,BLDC Motor 1.5 kW,No,22,2,23125.00,46250.00,FG-DISP-0003138,SN-DISP-0003138,Generated dispatch item.
3139,894,3646,101,PMSM Motor 3 kW,No,32,3,45625.00,136875.00,FG-DISP-0003139,SN-DISP-0003139,Generated dispatch item.
3140,895,947,102,PMSM Motor 7.5 kW,No,32,4,102500.00,410000.00,FG-DISP-0003140,SN-DISP-0003140,Generated dispatch item.
3141,896,3648,100,BLDC Motor 1.5 kW,No,26,2,23125.00,46250.00,FG-DISP-0003141,SN-DISP-0003141,Generated dispatch item.
3142,897,949,101,PMSM Motor 3 kW,No,26,7,45625.00,319375.00,FG-DISP-0003142,SN-DISP-0003142,Generated dispatch item.
3143,898,3650,102,PMSM Motor 7.5 kW,No,51,5,102500.00,512500.00,FG-DISP-0003143,SN-DISP-0003143,Generated dispatch item.
3144,899,951,100,BLDC Motor 1.5 kW,No,11,3,23125.00,69375.00,FG-DISP-0003144,SN-DISP-0003144,Generated dispatch item.
3145,900,3652,101,PMSM Motor 3 kW,No,53,6,45625.00,273750.00,FG-DISP-0003145,SN-DISP-0003145,Generated dispatch item.
3146,901,953,102,PMSM Motor 7.5 kW,No,53,7,102500.00,717500.00,FG-DISP-0003146,SN-DISP-0003146,Generated dispatch item.
3147,902,3654,100,BLDC Motor 1.5 kW,No,10,1,23125.00,23125.00,FG-DISP-0003147,SN-DISP-0003147,Generated dispatch item.
3148,903,955,101,PMSM Motor 3 kW,No,44,4,45625.00,182500.00,FG-DISP-0003148,SN-DISP-0003148,Generated dispatch item.
3149,904,3656,102,PMSM Motor 7.5 kW,No,14,3,102500.00,307500.00,FG-DISP-0003149,SN-DISP-0003149,Generated dispatch item.
3150,905,957,100,BLDC Motor 1.5 kW,No,7,4,23125.00,92500.00,FG-DISP-0003150,SN-DISP-0003150,Generated dispatch item.
3151,906,3658,101,PMSM Motor 3 kW,No,30,3,45625.00,136875.00,FG-DISP-0003151,SN-DISP-0003151,Generated dispatch item.
3152,907,959,102,PMSM Motor 7.5 kW,No,11,3,102500.00,307500.00,FG-DISP-0003152,SN-DISP-0003152,Generated dispatch item.
3153,908,3660,100,BLDC Motor 1.5 kW,No,32,6,23125.00,138750.00,FG-DISP-0003153,SN-DISP-0003153,Generated dispatch item.
3154,909,961,101,PMSM Motor 3 kW,No,10,7,45625.00,319375.00,FG-DISP-0003154,SN-DISP-0003154,Generated dispatch item.
3155,910,3662,102,PMSM Motor 7.5 kW,No,47,2,102500.00,205000.00,FG-DISP-0003155,SN-DISP-0003155,Generated dispatch item.
3156,911,963,100,BLDC Motor 1.5 kW,No,8,4,23125.00,92500.00,FG-DISP-0003156,SN-DISP-0003156,Generated dispatch item.
3157,912,3664,101,PMSM Motor 3 kW,No,21,6,45625.00,273750.00,FG-DISP-0003157,SN-DISP-0003157,Generated dispatch item.
3158,913,965,102,PMSM Motor 7.5 kW,No,8,2,102500.00,205000.00,FG-DISP-0003158,SN-DISP-0003158,Generated dispatch item.
3159,914,3666,100,BLDC Motor 1.5 kW,No,53,5,23125.00,115625.00,FG-DISP-0003159,SN-DISP-0003159,Generated dispatch item.
3160,915,967,101,PMSM Motor 3 kW,No,13,7,45625.00,319375.00,FG-DISP-0003160,SN-DISP-0003160,Generated dispatch item.
3161,916,3668,102,PMSM Motor 7.5 kW,No,21,6,102500.00,615000.00,FG-DISP-0003161,SN-DISP-0003161,Generated dispatch item.
3162,917,969,100,BLDC Motor 1.5 kW,No,52,2,23125.00,46250.00,FG-DISP-0003162,SN-DISP-0003162,Generated dispatch item.
3163,918,3670,101,PMSM Motor 3 kW,No,18,7,45625.00,319375.00,FG-DISP-0003163,SN-DISP-0003163,Generated dispatch item.
3164,919,971,102,PMSM Motor 7.5 kW,No,51,3,102500.00,307500.00,FG-DISP-0003164,SN-DISP-0003164,Generated dispatch item.
3165,920,3672,100,BLDC Motor 1.5 kW,No,42,4,23125.00,92500.00,FG-DISP-0003165,SN-DISP-0003165,Generated dispatch item.
3166,921,973,101,PMSM Motor 3 kW,No,48,3,45625.00,136875.00,FG-DISP-0003166,SN-DISP-0003166,Generated dispatch item.
3167,922,3674,102,PMSM Motor 7.5 kW,No,56,5,102500.00,512500.00,FG-DISP-0003167,SN-DISP-0003167,Generated dispatch item.
3168,923,975,100,BLDC Motor 1.5 kW,No,39,1,23125.00,23125.00,FG-DISP-0003168,SN-DISP-0003168,Generated dispatch item.
3169,924,3676,101,PMSM Motor 3 kW,No,13,5,45625.00,228125.00,FG-DISP-0003169,SN-DISP-0003169,Generated dispatch item.
3170,925,977,102,PMSM Motor 7.5 kW,No,45,1,102500.00,102500.00,FG-DISP-0003170,SN-DISP-0003170,Generated dispatch item.
3171,926,3678,100,BLDC Motor 1.5 kW,No,43,6,23125.00,138750.00,FG-DISP-0003171,SN-DISP-0003171,Generated dispatch item.
3172,927,979,101,PMSM Motor 3 kW,No,46,3,45625.00,136875.00,FG-DISP-0003172,SN-DISP-0003172,Generated dispatch item.
3173,928,3680,102,PMSM Motor 7.5 kW,No,11,4,102500.00,410000.00,FG-DISP-0003173,SN-DISP-0003173,Generated dispatch item.
3174,929,981,100,BLDC Motor 1.5 kW,No,54,2,23125.00,46250.00,FG-DISP-0003174,SN-DISP-0003174,Generated dispatch item.
3175,930,3682,101,PMSM Motor 3 kW,No,33,1,45625.00,45625.00,FG-DISP-0003175,SN-DISP-0003175,Generated dispatch item.
3176,931,983,102,PMSM Motor 7.5 kW,No,46,1,102500.00,102500.00,FG-DISP-0003176,SN-DISP-0003176,Generated dispatch item.
3177,932,3684,100,BLDC Motor 1.5 kW,No,10,7,23125.00,161875.00,FG-DISP-0003177,SN-DISP-0003177,Generated dispatch item.
3178,933,985,101,PMSM Motor 3 kW,No,46,1,45625.00,45625.00,FG-DISP-0003178,SN-DISP-0003178,Generated dispatch item.
3179,934,3686,102,PMSM Motor 7.5 kW,No,38,1,102500.00,102500.00,FG-DISP-0003179,SN-DISP-0003179,Generated dispatch item.
3180,935,987,100,BLDC Motor 1.5 kW,No,50,4,23125.00,92500.00,FG-DISP-0003180,SN-DISP-0003180,Generated dispatch item.
3181,936,3688,101,PMSM Motor 3 kW,No,39,7,45625.00,319375.00,FG-DISP-0003181,SN-DISP-0003181,Generated dispatch item.
3182,937,989,102,PMSM Motor 7.5 kW,No,36,1,102500.00,102500.00,FG-DISP-0003182,SN-DISP-0003182,Generated dispatch item.
3183,938,3690,100,BLDC Motor 1.5 kW,No,49,2,23125.00,46250.00,FG-DISP-0003183,SN-DISP-0003183,Generated dispatch item.
3184,939,991,101,PMSM Motor 3 kW,No,16,4,45625.00,182500.00,FG-DISP-0003184,SN-DISP-0003184,Generated dispatch item.
3185,940,3692,102,PMSM Motor 7.5 kW,No,30,4,102500.00,410000.00,FG-DISP-0003185,SN-DISP-0003185,Generated dispatch item.
3186,941,993,100,BLDC Motor 1.5 kW,No,9,2,23125.00,46250.00,FG-DISP-0003186,SN-DISP-0003186,Generated dispatch item.
3187,942,3694,101,PMSM Motor 3 kW,No,28,7,45625.00,319375.00,FG-DISP-0003187,SN-DISP-0003187,Generated dispatch item.
3188,943,995,102,PMSM Motor 7.5 kW,No,28,3,102500.00,307500.00,FG-DISP-0003188,SN-DISP-0003188,Generated dispatch item.
3189,944,3696,100,BLDC Motor 1.5 kW,No,41,5,23125.00,115625.00,FG-DISP-0003189,SN-DISP-0003189,Generated dispatch item.
3190,945,997,101,PMSM Motor 3 kW,No,10,3,45625.00,136875.00,FG-DISP-0003190,SN-DISP-0003190,Generated dispatch item.
3191,946,3698,102,PMSM Motor 7.5 kW,No,60,5,102500.00,512500.00,FG-DISP-0003191,SN-DISP-0003191,Generated dispatch item.
3192,947,999,100,BLDC Motor 1.5 kW,No,14,7,23125.00,161875.00,FG-DISP-0003192,SN-DISP-0003192,Generated dispatch item.
3193,948,3700,101,PMSM Motor 3 kW,No,53,3,45625.00,136875.00,FG-DISP-0003193,SN-DISP-0003193,Generated dispatch item.
3194,949,1001,102,PMSM Motor 7.5 kW,No,6,2,102500.00,205000.00,FG-DISP-0003194,SN-DISP-0003194,Generated dispatch item.
3195,950,3702,100,BLDC Motor 1.5 kW,No,22,3,23125.00,69375.00,FG-DISP-0003195,SN-DISP-0003195,Generated dispatch item.
3196,951,1003,101,PMSM Motor 3 kW,No,21,3,45625.00,136875.00,FG-DISP-0003196,SN-DISP-0003196,Generated dispatch item.
3197,952,3704,102,PMSM Motor 7.5 kW,No,44,1,102500.00,102500.00,FG-DISP-0003197,SN-DISP-0003197,Generated dispatch item.
3198,953,1005,100,BLDC Motor 1.5 kW,No,59,3,23125.00,69375.00,FG-DISP-0003198,SN-DISP-0003198,Generated dispatch item.
3199,954,3706,101,PMSM Motor 3 kW,No,14,5,45625.00,228125.00,FG-DISP-0003199,SN-DISP-0003199,Generated dispatch item.
3200,955,1007,102,PMSM Motor 7.5 kW,No,26,5,102500.00,512500.00,FG-DISP-0003200,SN-DISP-0003200,Generated dispatch item.
3201,956,3708,100,BLDC Motor 1.5 kW,No,45,4,23125.00,92500.00,FG-DISP-0003201,SN-DISP-0003201,Generated dispatch item.
3202,957,1009,101,PMSM Motor 3 kW,No,18,3,45625.00,136875.00,FG-DISP-0003202,SN-DISP-0003202,Generated dispatch item.
3203,958,3710,102,PMSM Motor 7.5 kW,No,40,2,102500.00,205000.00,FG-DISP-0003203,SN-DISP-0003203,Generated dispatch item.
3204,959,1011,100,BLDC Motor 1.5 kW,No,27,7,23125.00,161875.00,FG-DISP-0003204,SN-DISP-0003204,Generated dispatch item.
3205,960,3712,101,PMSM Motor 3 kW,No,59,3,45625.00,136875.00,FG-DISP-0003205,SN-DISP-0003205,Generated dispatch item.
3206,961,1013,102,PMSM Motor 7.5 kW,No,21,3,102500.00,307500.00,FG-DISP-0003206,SN-DISP-0003206,Generated dispatch item.
3207,962,3714,100,BLDC Motor 1.5 kW,No,55,7,23125.00,161875.00,FG-DISP-0003207,SN-DISP-0003207,Generated dispatch item.
3208,963,1015,101,PMSM Motor 3 kW,No,42,5,45625.00,228125.00,FG-DISP-0003208,SN-DISP-0003208,Generated dispatch item.
3209,964,3716,102,PMSM Motor 7.5 kW,No,47,6,102500.00,615000.00,FG-DISP-0003209,SN-DISP-0003209,Generated dispatch item.
3210,965,1017,100,BLDC Motor 1.5 kW,No,40,3,23125.00,69375.00,FG-DISP-0003210,SN-DISP-0003210,Generated dispatch item.
3211,966,3718,101,PMSM Motor 3 kW,No,35,4,45625.00,182500.00,FG-DISP-0003211,SN-DISP-0003211,Generated dispatch item.
3213,968,3720,100,BLDC Motor 1.5 kW,No,53,6,23125.00,138750.00,FG-DISP-0003213,SN-DISP-0003213,Generated dispatch item.
3214,969,1021,101,PMSM Motor 3 kW,No,33,7,45625.00,319375.00,FG-DISP-0003214,SN-DISP-0003214,Generated dispatch item.
3215,970,3722,102,PMSM Motor 7.5 kW,No,18,6,102500.00,615000.00,FG-DISP-0003215,SN-DISP-0003215,Generated dispatch item.
3216,971,1023,100,BLDC Motor 1.5 kW,No,7,4,23125.00,92500.00,FG-DISP-0003216,SN-DISP-0003216,Generated dispatch item.
3217,972,3724,101,PMSM Motor 3 kW,No,54,5,45625.00,228125.00,FG-DISP-0003217,SN-DISP-0003217,Generated dispatch item.
3218,973,1025,102,PMSM Motor 7.5 kW,No,42,3,102500.00,307500.00,FG-DISP-0003218,SN-DISP-0003218,Generated dispatch item.
3219,974,3726,100,BLDC Motor 1.5 kW,No,8,4,23125.00,92500.00,FG-DISP-0003219,SN-DISP-0003219,Generated dispatch item.
3220,975,1027,101,PMSM Motor 3 kW,No,57,3,45625.00,136875.00,FG-DISP-0003220,SN-DISP-0003220,Generated dispatch item.
3221,976,3728,102,PMSM Motor 7.5 kW,No,46,1,102500.00,102500.00,FG-DISP-0003221,SN-DISP-0003221,Generated dispatch item.
3222,977,1029,100,BLDC Motor 1.5 kW,No,55,7,23125.00,161875.00,FG-DISP-0003222,SN-DISP-0003222,Generated dispatch item.
3223,978,3730,101,PMSM Motor 3 kW,No,55,1,45625.00,45625.00,FG-DISP-0003223,SN-DISP-0003223,Generated dispatch item.
3224,979,1031,102,PMSM Motor 7.5 kW,No,16,2,102500.00,205000.00,FG-DISP-0003224,SN-DISP-0003224,Generated dispatch item.
3225,980,3732,100,BLDC Motor 1.5 kW,No,28,2,23125.00,46250.00,FG-DISP-0003225,SN-DISP-0003225,Generated dispatch item.
3226,981,1033,101,PMSM Motor 3 kW,No,46,2,45625.00,91250.00,FG-DISP-0003226,SN-DISP-0003226,Generated dispatch item.
3227,982,3734,102,PMSM Motor 7.5 kW,No,48,4,102500.00,410000.00,FG-DISP-0003227,SN-DISP-0003227,Generated dispatch item.
3228,983,1035,100,BLDC Motor 1.5 kW,No,49,7,23125.00,161875.00,FG-DISP-0003228,SN-DISP-0003228,Generated dispatch item.
3229,984,3736,101,PMSM Motor 3 kW,No,7,3,45625.00,136875.00,FG-DISP-0003229,SN-DISP-0003229,Generated dispatch item.
3230,985,1037,102,PMSM Motor 7.5 kW,No,53,6,102500.00,615000.00,FG-DISP-0003230,SN-DISP-0003230,Generated dispatch item.
3231,986,3738,100,BLDC Motor 1.5 kW,No,24,6,23125.00,138750.00,FG-DISP-0003231,SN-DISP-0003231,Generated dispatch item.
3232,987,1039,101,PMSM Motor 3 kW,No,19,6,45625.00,273750.00,FG-DISP-0003232,SN-DISP-0003232,Generated dispatch item.
3233,988,3740,102,PMSM Motor 7.5 kW,No,47,5,102500.00,512500.00,FG-DISP-0003233,SN-DISP-0003233,Generated dispatch item.
3234,989,1041,100,BLDC Motor 1.5 kW,No,30,6,23125.00,138750.00,FG-DISP-0003234,SN-DISP-0003234,Generated dispatch item.
3235,990,3742,101,PMSM Motor 3 kW,No,58,6,45625.00,273750.00,FG-DISP-0003235,SN-DISP-0003235,Generated dispatch item.
3236,991,1043,102,PMSM Motor 7.5 kW,No,17,5,102500.00,512500.00,FG-DISP-0003236,SN-DISP-0003236,Generated dispatch item.
3237,992,3744,100,BLDC Motor 1.5 kW,No,48,4,23125.00,92500.00,FG-DISP-0003237,SN-DISP-0003237,Generated dispatch item.
3238,993,1045,101,PMSM Motor 3 kW,No,6,1,45625.00,45625.00,FG-DISP-0003238,SN-DISP-0003238,Generated dispatch item.
3239,994,3746,102,PMSM Motor 7.5 kW,No,14,4,102500.00,410000.00,FG-DISP-0003239,SN-DISP-0003239,Generated dispatch item.
3240,995,1047,100,BLDC Motor 1.5 kW,No,41,6,23125.00,138750.00,FG-DISP-0003240,SN-DISP-0003240,Generated dispatch item.
3241,996,3748,101,PMSM Motor 3 kW,No,20,3,45625.00,136875.00,FG-DISP-0003241,SN-DISP-0003241,Generated dispatch item.
3242,997,1049,102,PMSM Motor 7.5 kW,No,29,2,102500.00,205000.00,FG-DISP-0003242,SN-DISP-0003242,Generated dispatch item.
3243,998,3750,100,BLDC Motor 1.5 kW,No,9,5,23125.00,115625.00,FG-DISP-0003243,SN-DISP-0003243,Generated dispatch item.
3244,999,1051,101,PMSM Motor 3 kW,No,18,1,45625.00,45625.00,FG-DISP-0003244,SN-DISP-0003244,Generated dispatch item.
3245,1000,3752,102,PMSM Motor 7.5 kW,No,50,6,102500.00,615000.00,FG-DISP-0003245,SN-DISP-0003245,Generated dispatch item.
3246,1001,1053,100,BLDC Motor 1.5 kW,No,52,7,23125.00,161875.00,FG-DISP-0003246,SN-DISP-0003246,Generated dispatch item.
3247,1002,3754,101,PMSM Motor 3 kW,No,48,4,45625.00,182500.00,FG-DISP-0003247,SN-DISP-0003247,Generated dispatch item.
3248,1003,1055,102,PMSM Motor 7.5 kW,No,32,1,102500.00,102500.00,FG-DISP-0003248,SN-DISP-0003248,Generated dispatch item.
3249,1004,3756,100,BLDC Motor 1.5 kW,No,36,2,23125.00,46250.00,FG-DISP-0003249,SN-DISP-0003249,Generated dispatch item.
3250,1005,1057,101,PMSM Motor 3 kW,No,60,1,45625.00,45625.00,FG-DISP-0003250,SN-DISP-0003250,Generated dispatch item.
3251,1006,3758,102,PMSM Motor 7.5 kW,No,29,4,102500.00,410000.00,FG-DISP-0003251,SN-DISP-0003251,Generated dispatch item.
3252,1007,1059,100,BLDC Motor 1.5 kW,No,49,3,23125.00,69375.00,FG-DISP-0003252,SN-DISP-0003252,Generated dispatch item.
3253,1008,3760,101,PMSM Motor 3 kW,No,13,6,45625.00,273750.00,FG-DISP-0003253,SN-DISP-0003253,Generated dispatch item.
3254,1009,1061,102,PMSM Motor 7.5 kW,No,53,6,102500.00,615000.00,FG-DISP-0003254,SN-DISP-0003254,Generated dispatch item.
3255,1010,3762,100,BLDC Motor 1.5 kW,No,52,4,23125.00,92500.00,FG-DISP-0003255,SN-DISP-0003255,Generated dispatch item.
3256,1011,1063,101,PMSM Motor 3 kW,No,48,7,45625.00,319375.00,FG-DISP-0003256,SN-DISP-0003256,Generated dispatch item.
3257,1012,3764,102,PMSM Motor 7.5 kW,No,21,4,102500.00,410000.00,FG-DISP-0003257,SN-DISP-0003257,Generated dispatch item.
3258,1013,1065,100,BLDC Motor 1.5 kW,No,10,1,23125.00,23125.00,FG-DISP-0003258,SN-DISP-0003258,Generated dispatch item.
3259,1014,3766,101,PMSM Motor 3 kW,No,39,7,45625.00,319375.00,FG-DISP-0003259,SN-DISP-0003259,Generated dispatch item.
3260,1015,1067,102,PMSM Motor 7.5 kW,No,8,1,102500.00,102500.00,FG-DISP-0003260,SN-DISP-0003260,Generated dispatch item.
3261,1016,3768,100,BLDC Motor 1.5 kW,No,51,7,23125.00,161875.00,FG-DISP-0003261,SN-DISP-0003261,Generated dispatch item.
3262,1017,1069,101,PMSM Motor 3 kW,No,56,6,45625.00,273750.00,FG-DISP-0003262,SN-DISP-0003262,Generated dispatch item.
3263,1018,3770,102,PMSM Motor 7.5 kW,No,47,7,102500.00,717500.00,FG-DISP-0003263,SN-DISP-0003263,Generated dispatch item.
3264,1019,1071,100,BLDC Motor 1.5 kW,No,12,5,23125.00,115625.00,FG-DISP-0003264,SN-DISP-0003264,Generated dispatch item.
3265,1020,3772,101,PMSM Motor 3 kW,No,26,5,45625.00,228125.00,FG-DISP-0003265,SN-DISP-0003265,Generated dispatch item.
3266,1021,1073,102,PMSM Motor 7.5 kW,No,26,2,102500.00,205000.00,FG-DISP-0003266,SN-DISP-0003266,Generated dispatch item.
3267,1022,3774,100,BLDC Motor 1.5 kW,No,28,2,23125.00,46250.00,FG-DISP-0003267,SN-DISP-0003267,Generated dispatch item.
3268,1023,1075,101,PMSM Motor 3 kW,No,39,3,45625.00,136875.00,FG-DISP-0003268,SN-DISP-0003268,Generated dispatch item.
3269,1024,3776,102,PMSM Motor 7.5 kW,No,54,3,102500.00,307500.00,FG-DISP-0003269,SN-DISP-0003269,Generated dispatch item.
3270,1025,1077,100,BLDC Motor 1.5 kW,No,16,5,23125.00,115625.00,FG-DISP-0003270,SN-DISP-0003270,Generated dispatch item.
3271,1026,3778,101,PMSM Motor 3 kW,No,39,7,45625.00,319375.00,FG-DISP-0003271,SN-DISP-0003271,Generated dispatch item.
3272,1027,1079,102,PMSM Motor 7.5 kW,No,17,1,102500.00,102500.00,FG-DISP-0003272,SN-DISP-0003272,Generated dispatch item.
3273,1028,3780,100,BLDC Motor 1.5 kW,No,13,5,23125.00,115625.00,FG-DISP-0003273,SN-DISP-0003273,Generated dispatch item.
3274,1029,1081,101,PMSM Motor 3 kW,No,31,6,45625.00,273750.00,FG-DISP-0003274,SN-DISP-0003274,Generated dispatch item.
3275,1030,3782,102,PMSM Motor 7.5 kW,No,41,4,102500.00,410000.00,FG-DISP-0003275,SN-DISP-0003275,Generated dispatch item.
3276,1031,1083,100,BLDC Motor 1.5 kW,No,25,2,23125.00,46250.00,FG-DISP-0003276,SN-DISP-0003276,Generated dispatch item.
3277,1032,3784,101,PMSM Motor 3 kW,No,41,4,45625.00,182500.00,FG-DISP-0003277,SN-DISP-0003277,Generated dispatch item.
3278,1033,1085,102,PMSM Motor 7.5 kW,No,42,6,102500.00,615000.00,FG-DISP-0003278,SN-DISP-0003278,Generated dispatch item.
3279,1034,3786,100,BLDC Motor 1.5 kW,No,23,7,23125.00,161875.00,FG-DISP-0003279,SN-DISP-0003279,Generated dispatch item.
3280,1035,1087,101,PMSM Motor 3 kW,No,9,5,45625.00,228125.00,FG-DISP-0003280,SN-DISP-0003280,Generated dispatch item.
3281,1036,3788,102,PMSM Motor 7.5 kW,No,33,4,102500.00,410000.00,FG-DISP-0003281,SN-DISP-0003281,Generated dispatch item.
3282,1037,1089,100,BLDC Motor 1.5 kW,No,32,5,23125.00,115625.00,FG-DISP-0003282,SN-DISP-0003282,Generated dispatch item.
3283,1038,3790,101,PMSM Motor 3 kW,No,8,4,45625.00,182500.00,FG-DISP-0003283,SN-DISP-0003283,Generated dispatch item.
3284,1039,1091,102,PMSM Motor 7.5 kW,No,14,6,102500.00,615000.00,FG-DISP-0003284,SN-DISP-0003284,Generated dispatch item.
3285,1040,3792,100,BLDC Motor 1.5 kW,No,57,2,23125.00,46250.00,FG-DISP-0003285,SN-DISP-0003285,Generated dispatch item.
3286,1041,1093,101,PMSM Motor 3 kW,No,38,1,45625.00,45625.00,FG-DISP-0003286,SN-DISP-0003286,Generated dispatch item.
3287,1042,3794,102,PMSM Motor 7.5 kW,No,36,3,102500.00,307500.00,FG-DISP-0003287,SN-DISP-0003287,Generated dispatch item.
3288,1043,1095,100,BLDC Motor 1.5 kW,No,11,2,23125.00,46250.00,FG-DISP-0003288,SN-DISP-0003288,Generated dispatch item.
3289,1044,3796,101,PMSM Motor 3 kW,No,8,3,45625.00,136875.00,FG-DISP-0003289,SN-DISP-0003289,Generated dispatch item.
3290,1045,1097,102,PMSM Motor 7.5 kW,No,16,4,102500.00,410000.00,FG-DISP-0003290,SN-DISP-0003290,Generated dispatch item.
3291,1046,3798,100,BLDC Motor 1.5 kW,No,55,7,23125.00,161875.00,FG-DISP-0003291,SN-DISP-0003291,Generated dispatch item.
3292,1047,1099,101,PMSM Motor 3 kW,No,50,6,45625.00,273750.00,FG-DISP-0003292,SN-DISP-0003292,Generated dispatch item.
3293,1048,3800,102,PMSM Motor 7.5 kW,No,54,2,102500.00,205000.00,FG-DISP-0003293,SN-DISP-0003293,Generated dispatch item.
3294,1049,1101,100,BLDC Motor 1.5 kW,No,18,6,23125.00,138750.00,FG-DISP-0003294,SN-DISP-0003294,Generated dispatch item.
3295,1050,3802,101,PMSM Motor 3 kW,No,12,6,45625.00,273750.00,FG-DISP-0003295,SN-DISP-0003295,Generated dispatch item.
3296,1051,1103,102,PMSM Motor 7.5 kW,No,46,3,102500.00,307500.00,FG-DISP-0003296,SN-DISP-0003296,Generated dispatch item.
3297,1052,3804,100,BLDC Motor 1.5 kW,No,25,1,23125.00,23125.00,FG-DISP-0003297,SN-DISP-0003297,Generated dispatch item.
3298,1053,1105,101,PMSM Motor 3 kW,No,20,6,45625.00,273750.00,FG-DISP-0003298,SN-DISP-0003298,Generated dispatch item.
3299,1054,3806,102,PMSM Motor 7.5 kW,No,42,2,102500.00,205000.00,FG-DISP-0003299,SN-DISP-0003299,Generated dispatch item.
3300,1055,1107,100,BLDC Motor 1.5 kW,No,18,2,23125.00,46250.00,FG-DISP-0003300,SN-DISP-0003300,Generated dispatch item.
3301,1056,3808,101,PMSM Motor 3 kW,No,55,4,45625.00,182500.00,FG-DISP-0003301,SN-DISP-0003301,Generated dispatch item.
3302,1057,1109,102,PMSM Motor 7.5 kW,No,21,1,102500.00,102500.00,FG-DISP-0003302,SN-DISP-0003302,Generated dispatch item.
3303,1058,3810,100,BLDC Motor 1.5 kW,No,48,3,23125.00,69375.00,FG-DISP-0003303,SN-DISP-0003303,Generated dispatch item.
3304,1059,1111,101,PMSM Motor 3 kW,No,54,2,45625.00,91250.00,FG-DISP-0003304,SN-DISP-0003304,Generated dispatch item.
3305,1060,3812,102,PMSM Motor 7.5 kW,No,58,1,102500.00,102500.00,FG-DISP-0003305,SN-DISP-0003305,Generated dispatch item.
3306,1061,1113,100,BLDC Motor 1.5 kW,No,27,7,23125.00,161875.00,FG-DISP-0003306,SN-DISP-0003306,Generated dispatch item.
3307,1062,3814,101,PMSM Motor 3 kW,No,46,2,45625.00,91250.00,FG-DISP-0003307,SN-DISP-0003307,Generated dispatch item.
3308,1063,1115,102,PMSM Motor 7.5 kW,No,18,4,102500.00,410000.00,FG-DISP-0003308,SN-DISP-0003308,Generated dispatch item.
3309,1064,3816,100,BLDC Motor 1.5 kW,No,48,6,23125.00,138750.00,FG-DISP-0003309,SN-DISP-0003309,Generated dispatch item.
3310,1065,1117,101,PMSM Motor 3 kW,No,35,4,45625.00,182500.00,FG-DISP-0003310,SN-DISP-0003310,Generated dispatch item.
3311,1066,3818,102,PMSM Motor 7.5 kW,No,44,3,102500.00,307500.00,FG-DISP-0003311,SN-DISP-0003311,Generated dispatch item.
3312,1067,1119,100,BLDC Motor 1.5 kW,No,26,6,23125.00,138750.00,FG-DISP-0003312,SN-DISP-0003312,Generated dispatch item.
3313,1068,3820,101,PMSM Motor 3 kW,No,57,5,45625.00,228125.00,FG-DISP-0003313,SN-DISP-0003313,Generated dispatch item.
3314,1069,1121,102,PMSM Motor 7.5 kW,No,49,1,102500.00,102500.00,FG-DISP-0003314,SN-DISP-0003314,Generated dispatch item.
3315,1070,3822,100,BLDC Motor 1.5 kW,No,30,6,23125.00,138750.00,FG-DISP-0003315,SN-DISP-0003315,Generated dispatch item.
3316,1071,1123,101,PMSM Motor 3 kW,No,60,1,45625.00,45625.00,FG-DISP-0003316,SN-DISP-0003316,Generated dispatch item.
3317,1072,3824,102,PMSM Motor 7.5 kW,No,5,4,102500.00,410000.00,FG-DISP-0003317,SN-DISP-0003317,Generated dispatch item.
3318,1073,1125,100,BLDC Motor 1.5 kW,No,34,1,23125.00,23125.00,FG-DISP-0003318,SN-DISP-0003318,Generated dispatch item.
3319,1074,3826,101,PMSM Motor 3 kW,No,49,1,45625.00,45625.00,FG-DISP-0003319,SN-DISP-0003319,Generated dispatch item.
3320,1075,1127,102,PMSM Motor 7.5 kW,No,30,1,102500.00,102500.00,FG-DISP-0003320,SN-DISP-0003320,Generated dispatch item.
3321,1076,3828,100,BLDC Motor 1.5 kW,No,60,6,23125.00,138750.00,FG-DISP-0003321,SN-DISP-0003321,Generated dispatch item.
3322,1077,1129,101,PMSM Motor 3 kW,No,24,4,45625.00,182500.00,FG-DISP-0003322,SN-DISP-0003322,Generated dispatch item.
3323,1078,3830,102,PMSM Motor 7.5 kW,No,19,5,102500.00,512500.00,FG-DISP-0003323,SN-DISP-0003323,Generated dispatch item.
3324,1079,1131,100,BLDC Motor 1.5 kW,No,59,2,23125.00,46250.00,FG-DISP-0003324,SN-DISP-0003324,Generated dispatch item.
3325,1080,3832,101,PMSM Motor 3 kW,No,25,1,45625.00,45625.00,FG-DISP-0003325,SN-DISP-0003325,Generated dispatch item.
3326,1081,1133,102,PMSM Motor 7.5 kW,No,32,6,102500.00,615000.00,FG-DISP-0003326,SN-DISP-0003326,Generated dispatch item.
3327,1082,3834,100,BLDC Motor 1.5 kW,No,20,6,23125.00,138750.00,FG-DISP-0003327,SN-DISP-0003327,Generated dispatch item.
3328,1083,1135,101,PMSM Motor 3 kW,No,14,6,45625.00,273750.00,FG-DISP-0003328,SN-DISP-0003328,Generated dispatch item.
3329,1084,3836,102,PMSM Motor 7.5 kW,No,53,1,102500.00,102500.00,FG-DISP-0003329,SN-DISP-0003329,Generated dispatch item.
3330,1085,1137,100,BLDC Motor 1.5 kW,No,59,7,23125.00,161875.00,FG-DISP-0003330,SN-DISP-0003330,Generated dispatch item.
3331,1086,3838,101,PMSM Motor 3 kW,No,52,4,45625.00,182500.00,FG-DISP-0003331,SN-DISP-0003331,Generated dispatch item.
3332,1087,1139,102,PMSM Motor 7.5 kW,No,58,2,102500.00,205000.00,FG-DISP-0003332,SN-DISP-0003332,Generated dispatch item.
3333,1088,3840,100,BLDC Motor 1.5 kW,No,52,2,23125.00,46250.00,FG-DISP-0003333,SN-DISP-0003333,Generated dispatch item.
3334,1089,1141,101,PMSM Motor 3 kW,No,29,4,45625.00,182500.00,FG-DISP-0003334,SN-DISP-0003334,Generated dispatch item.
3335,1090,3842,102,PMSM Motor 7.5 kW,No,43,5,102500.00,512500.00,FG-DISP-0003335,SN-DISP-0003335,Generated dispatch item.
3336,1091,1143,100,BLDC Motor 1.5 kW,No,24,1,23125.00,23125.00,FG-DISP-0003336,SN-DISP-0003336,Generated dispatch item.
3337,1092,3844,101,PMSM Motor 3 kW,No,46,4,45625.00,182500.00,FG-DISP-0003337,SN-DISP-0003337,Generated dispatch item.
3338,1093,1145,102,PMSM Motor 7.5 kW,No,43,2,102500.00,205000.00,FG-DISP-0003338,SN-DISP-0003338,Generated dispatch item.
3339,1094,3846,100,BLDC Motor 1.5 kW,No,33,7,23125.00,161875.00,FG-DISP-0003339,SN-DISP-0003339,Generated dispatch item.
3340,1095,1147,101,PMSM Motor 3 kW,No,51,5,45625.00,228125.00,FG-DISP-0003340,SN-DISP-0003340,Generated dispatch item.
3341,1096,3848,102,PMSM Motor 7.5 kW,No,10,3,102500.00,307500.00,FG-DISP-0003341,SN-DISP-0003341,Generated dispatch item.
3342,1097,1149,100,BLDC Motor 1.5 kW,No,32,3,23125.00,69375.00,FG-DISP-0003342,SN-DISP-0003342,Generated dispatch item.
3343,1098,3850,101,PMSM Motor 3 kW,No,31,6,45625.00,273750.00,FG-DISP-0003343,SN-DISP-0003343,Generated dispatch item.
3344,1099,1151,102,PMSM Motor 7.5 kW,No,23,5,102500.00,512500.00,FG-DISP-0003344,SN-DISP-0003344,Generated dispatch item.
3345,1100,3852,100,BLDC Motor 1.5 kW,No,6,3,23125.00,69375.00,FG-DISP-0003345,SN-DISP-0003345,Generated dispatch item.
3346,1101,1153,101,PMSM Motor 3 kW,No,21,6,45625.00,273750.00,FG-DISP-0003346,SN-DISP-0003346,Generated dispatch item.
3347,1102,3854,102,PMSM Motor 7.5 kW,No,8,2,102500.00,205000.00,FG-DISP-0003347,SN-DISP-0003347,Generated dispatch item.
3348,1103,1155,100,BLDC Motor 1.5 kW,No,23,1,23125.00,23125.00,FG-DISP-0003348,SN-DISP-0003348,Generated dispatch item.
3349,1104,3856,101,PMSM Motor 3 kW,No,28,5,45625.00,228125.00,FG-DISP-0003349,SN-DISP-0003349,Generated dispatch item.
3350,1105,1157,102,PMSM Motor 7.5 kW,No,11,4,102500.00,410000.00,FG-DISP-0003350,SN-DISP-0003350,Generated dispatch item.
3351,1106,3858,100,BLDC Motor 1.5 kW,No,7,3,23125.00,69375.00,FG-DISP-0003351,SN-DISP-0003351,Generated dispatch item.
3352,1107,1159,101,PMSM Motor 3 kW,No,48,1,45625.00,45625.00,FG-DISP-0003352,SN-DISP-0003352,Generated dispatch item.
3353,1108,3860,102,PMSM Motor 7.5 kW,No,12,6,102500.00,615000.00,FG-DISP-0003353,SN-DISP-0003353,Generated dispatch item.
3354,1109,1161,100,BLDC Motor 1.5 kW,No,10,7,23125.00,161875.00,FG-DISP-0003354,SN-DISP-0003354,Generated dispatch item.
3355,1110,3862,101,PMSM Motor 3 kW,No,36,2,45625.00,91250.00,FG-DISP-0003355,SN-DISP-0003355,Generated dispatch item.
3356,1111,1163,102,PMSM Motor 7.5 kW,No,27,5,102500.00,512500.00,FG-DISP-0003356,SN-DISP-0003356,Generated dispatch item.
3357,1112,3864,100,BLDC Motor 1.5 kW,No,59,6,23125.00,138750.00,FG-DISP-0003357,SN-DISP-0003357,Generated dispatch item.
3358,1113,1165,101,PMSM Motor 3 kW,No,51,1,45625.00,45625.00,FG-DISP-0003358,SN-DISP-0003358,Generated dispatch item.
3359,1114,3866,102,PMSM Motor 7.5 kW,No,30,6,102500.00,615000.00,FG-DISP-0003359,SN-DISP-0003359,Generated dispatch item.
3360,1115,1167,100,BLDC Motor 1.5 kW,No,27,3,23125.00,69375.00,FG-DISP-0003360,SN-DISP-0003360,Generated dispatch item.
3361,1116,3868,101,PMSM Motor 3 kW,No,42,3,45625.00,136875.00,FG-DISP-0003361,SN-DISP-0003361,Generated dispatch item.
3362,1117,1169,102,PMSM Motor 7.5 kW,No,21,2,102500.00,205000.00,FG-DISP-0003362,SN-DISP-0003362,Generated dispatch item.
3363,1118,3870,100,BLDC Motor 1.5 kW,No,49,4,23125.00,92500.00,FG-DISP-0003363,SN-DISP-0003363,Generated dispatch item.
3364,1119,1171,101,PMSM Motor 3 kW,No,58,6,45625.00,273750.00,FG-DISP-0003364,SN-DISP-0003364,Generated dispatch item.
3365,1120,3872,102,PMSM Motor 7.5 kW,No,30,6,102500.00,615000.00,FG-DISP-0003365,SN-DISP-0003365,Generated dispatch item.
3366,1121,1173,100,BLDC Motor 1.5 kW,No,12,2,23125.00,46250.00,FG-DISP-0003366,SN-DISP-0003366,Generated dispatch item.
3367,1122,3874,101,PMSM Motor 3 kW,No,14,6,45625.00,273750.00,FG-DISP-0003367,SN-DISP-0003367,Generated dispatch item.
3368,1123,1175,102,PMSM Motor 7.5 kW,No,54,6,102500.00,615000.00,FG-DISP-0003368,SN-DISP-0003368,Generated dispatch item.
3369,1124,3876,100,BLDC Motor 1.5 kW,No,60,1,23125.00,23125.00,FG-DISP-0003369,SN-DISP-0003369,Generated dispatch item.
3370,1125,1177,101,PMSM Motor 3 kW,No,8,3,45625.00,136875.00,FG-DISP-0003370,SN-DISP-0003370,Generated dispatch item.
3371,1126,3878,102,PMSM Motor 7.5 kW,No,24,1,102500.00,102500.00,FG-DISP-0003371,SN-DISP-0003371,Generated dispatch item.
3372,1127,1179,100,BLDC Motor 1.5 kW,No,28,7,23125.00,161875.00,FG-DISP-0003372,SN-DISP-0003372,Generated dispatch item.
3373,1128,3880,101,PMSM Motor 3 kW,No,7,1,45625.00,45625.00,FG-DISP-0003373,SN-DISP-0003373,Generated dispatch item.
3374,1129,1181,102,PMSM Motor 7.5 kW,No,40,2,102500.00,205000.00,FG-DISP-0003374,SN-DISP-0003374,Generated dispatch item.
3375,1130,3882,100,BLDC Motor 1.5 kW,No,40,7,23125.00,161875.00,FG-DISP-0003375,SN-DISP-0003375,Generated dispatch item.
3376,1131,1183,101,PMSM Motor 3 kW,No,25,5,45625.00,228125.00,FG-DISP-0003376,SN-DISP-0003376,Generated dispatch item.
3377,1132,3884,102,PMSM Motor 7.5 kW,No,15,7,102500.00,717500.00,FG-DISP-0003377,SN-DISP-0003377,Generated dispatch item.
3378,1133,1185,100,BLDC Motor 1.5 kW,No,34,6,23125.00,138750.00,FG-DISP-0003378,SN-DISP-0003378,Generated dispatch item.
3379,1134,3886,101,PMSM Motor 3 kW,No,43,7,45625.00,319375.00,FG-DISP-0003379,SN-DISP-0003379,Generated dispatch item.
3380,1135,1187,102,PMSM Motor 7.5 kW,No,16,2,102500.00,205000.00,FG-DISP-0003380,SN-DISP-0003380,Generated dispatch item.
3381,1136,3888,100,BLDC Motor 1.5 kW,No,23,2,23125.00,46250.00,FG-DISP-0003381,SN-DISP-0003381,Generated dispatch item.
3382,1137,1189,101,PMSM Motor 3 kW,No,36,1,45625.00,45625.00,FG-DISP-0003382,SN-DISP-0003382,Generated dispatch item.
3383,1138,3890,102,PMSM Motor 7.5 kW,No,52,3,102500.00,307500.00,FG-DISP-0003383,SN-DISP-0003383,Generated dispatch item.
3384,1139,1191,100,BLDC Motor 1.5 kW,No,12,4,23125.00,92500.00,FG-DISP-0003384,SN-DISP-0003384,Generated dispatch item.
3385,1140,3892,101,PMSM Motor 3 kW,No,19,4,45625.00,182500.00,FG-DISP-0003385,SN-DISP-0003385,Generated dispatch item.
3386,1141,1193,102,PMSM Motor 7.5 kW,No,49,5,102500.00,512500.00,FG-DISP-0003386,SN-DISP-0003386,Generated dispatch item.
3387,1142,3894,100,BLDC Motor 1.5 kW,No,49,6,23125.00,138750.00,FG-DISP-0003387,SN-DISP-0003387,Generated dispatch item.
3388,1143,1195,101,PMSM Motor 3 kW,No,37,6,45625.00,273750.00,FG-DISP-0003388,SN-DISP-0003388,Generated dispatch item.
3389,1144,3896,102,PMSM Motor 7.5 kW,No,24,4,102500.00,410000.00,FG-DISP-0003389,SN-DISP-0003389,Generated dispatch item.
3390,1145,1197,100,BLDC Motor 1.5 kW,No,31,2,23125.00,46250.00,FG-DISP-0003390,SN-DISP-0003390,Generated dispatch item.
3391,1146,3898,101,PMSM Motor 3 kW,No,50,4,45625.00,182500.00,FG-DISP-0003391,SN-DISP-0003391,Generated dispatch item.
3392,1147,1199,102,PMSM Motor 7.5 kW,No,8,6,102500.00,615000.00,FG-DISP-0003392,SN-DISP-0003392,Generated dispatch item.
3393,1148,3900,100,BLDC Motor 1.5 kW,No,31,6,23125.00,138750.00,FG-DISP-0003393,SN-DISP-0003393,Generated dispatch item.
3394,1149,1201,101,PMSM Motor 3 kW,No,32,7,45625.00,319375.00,FG-DISP-0003394,SN-DISP-0003394,Generated dispatch item.
3395,1150,3902,102,PMSM Motor 7.5 kW,No,39,4,102500.00,410000.00,FG-DISP-0003395,SN-DISP-0003395,Generated dispatch item.
3396,1151,1203,100,BLDC Motor 1.5 kW,No,36,6,23125.00,138750.00,FG-DISP-0003396,SN-DISP-0003396,Generated dispatch item.
3397,1152,3904,101,PMSM Motor 3 kW,No,37,3,45625.00,136875.00,FG-DISP-0003397,SN-DISP-0003397,Generated dispatch item.
3398,1153,1205,102,PMSM Motor 7.5 kW,No,19,1,102500.00,102500.00,FG-DISP-0003398,SN-DISP-0003398,Generated dispatch item.
3399,1154,3906,100,BLDC Motor 1.5 kW,No,15,6,23125.00,138750.00,FG-DISP-0003399,SN-DISP-0003399,Generated dispatch item.
3400,1155,1207,101,PMSM Motor 3 kW,No,42,1,45625.00,45625.00,FG-DISP-0003400,SN-DISP-0003400,Generated dispatch item.
3401,1156,3908,102,PMSM Motor 7.5 kW,No,28,5,102500.00,512500.00,FG-DISP-0003401,SN-DISP-0003401,Generated dispatch item.
3402,1157,1209,100,BLDC Motor 1.5 kW,No,9,3,23125.00,69375.00,FG-DISP-0003402,SN-DISP-0003402,Generated dispatch item.
3403,1158,3910,101,PMSM Motor 3 kW,No,34,1,45625.00,45625.00,FG-DISP-0003403,SN-DISP-0003403,Generated dispatch item.
3404,1159,1211,102,PMSM Motor 7.5 kW,No,16,6,102500.00,615000.00,FG-DISP-0003404,SN-DISP-0003404,Generated dispatch item.
3405,1160,3912,100,BLDC Motor 1.5 kW,No,11,4,23125.00,92500.00,FG-DISP-0003405,SN-DISP-0003405,Generated dispatch item.
3406,1161,1213,101,PMSM Motor 3 kW,No,46,5,45625.00,228125.00,FG-DISP-0003406,SN-DISP-0003406,Generated dispatch item.
3407,1162,3914,102,PMSM Motor 7.5 kW,No,19,5,102500.00,512500.00,FG-DISP-0003407,SN-DISP-0003407,Generated dispatch item.
3408,1163,1215,100,BLDC Motor 1.5 kW,No,13,7,23125.00,161875.00,FG-DISP-0003408,SN-DISP-0003408,Generated dispatch item.
3409,1164,3916,101,PMSM Motor 3 kW,No,16,6,45625.00,273750.00,FG-DISP-0003409,SN-DISP-0003409,Generated dispatch item.
3410,1165,1217,102,PMSM Motor 7.5 kW,No,18,1,102500.00,102500.00,FG-DISP-0003410,SN-DISP-0003410,Generated dispatch item.
3411,1166,3918,100,BLDC Motor 1.5 kW,No,51,6,23125.00,138750.00,FG-DISP-0003411,SN-DISP-0003411,Generated dispatch item.
3412,1167,1219,101,PMSM Motor 3 kW,No,41,6,45625.00,273750.00,FG-DISP-0003412,SN-DISP-0003412,Generated dispatch item.
3413,1168,3920,102,PMSM Motor 7.5 kW,No,32,2,102500.00,205000.00,FG-DISP-0003413,SN-DISP-0003413,Generated dispatch item.
3414,1169,1221,100,BLDC Motor 1.5 kW,No,45,5,23125.00,115625.00,FG-DISP-0003414,SN-DISP-0003414,Generated dispatch item.
3415,1170,3922,101,PMSM Motor 3 kW,No,36,6,45625.00,273750.00,FG-DISP-0003415,SN-DISP-0003415,Generated dispatch item.
3416,1171,1223,102,PMSM Motor 7.5 kW,No,7,1,102500.00,102500.00,FG-DISP-0003416,SN-DISP-0003416,Generated dispatch item.
3417,1172,3924,100,BLDC Motor 1.5 kW,No,26,7,23125.00,161875.00,FG-DISP-0003417,SN-DISP-0003417,Generated dispatch item.
3418,1173,1225,101,PMSM Motor 3 kW,No,12,6,45625.00,273750.00,FG-DISP-0003418,SN-DISP-0003418,Generated dispatch item.
3419,1174,3926,102,PMSM Motor 7.5 kW,No,18,1,102500.00,102500.00,FG-DISP-0003419,SN-DISP-0003419,Generated dispatch item.
3420,1175,1227,100,BLDC Motor 1.5 kW,No,29,4,23125.00,92500.00,FG-DISP-0003420,SN-DISP-0003420,Generated dispatch item.
3421,1176,3928,101,PMSM Motor 3 kW,No,25,2,45625.00,91250.00,FG-DISP-0003421,SN-DISP-0003421,Generated dispatch item.
3422,1177,1229,102,PMSM Motor 7.5 kW,No,38,1,102500.00,102500.00,FG-DISP-0003422,SN-DISP-0003422,Generated dispatch item.
3423,1178,3930,100,BLDC Motor 1.5 kW,No,50,2,23125.00,46250.00,FG-DISP-0003423,SN-DISP-0003423,Generated dispatch item.
3424,1179,1231,101,PMSM Motor 3 kW,No,30,7,45625.00,319375.00,FG-DISP-0003424,SN-DISP-0003424,Generated dispatch item.
3425,1180,3932,102,PMSM Motor 7.5 kW,No,9,5,102500.00,512500.00,FG-DISP-0003425,SN-DISP-0003425,Generated dispatch item.
3426,1181,1233,100,BLDC Motor 1.5 kW,No,41,6,23125.00,138750.00,FG-DISP-0003426,SN-DISP-0003426,Generated dispatch item.
3427,1182,3934,101,PMSM Motor 3 kW,No,26,4,45625.00,182500.00,FG-DISP-0003427,SN-DISP-0003427,Generated dispatch item.
3428,1183,1235,102,PMSM Motor 7.5 kW,No,47,3,102500.00,307500.00,FG-DISP-0003428,SN-DISP-0003428,Generated dispatch item.
3429,1184,3936,100,BLDC Motor 1.5 kW,No,8,4,23125.00,92500.00,FG-DISP-0003429,SN-DISP-0003429,Generated dispatch item.
3430,1185,1237,101,PMSM Motor 3 kW,No,58,7,45625.00,319375.00,FG-DISP-0003430,SN-DISP-0003430,Generated dispatch item.
3431,1186,3938,102,PMSM Motor 7.5 kW,No,55,3,102500.00,307500.00,FG-DISP-0003431,SN-DISP-0003431,Generated dispatch item.
3432,1187,1239,100,BLDC Motor 1.5 kW,No,24,3,23125.00,69375.00,FG-DISP-0003432,SN-DISP-0003432,Generated dispatch item.
3433,1188,3940,101,PMSM Motor 3 kW,No,48,6,45625.00,273750.00,FG-DISP-0003433,SN-DISP-0003433,Generated dispatch item.
3434,1189,1241,102,PMSM Motor 7.5 kW,No,14,3,102500.00,307500.00,FG-DISP-0003434,SN-DISP-0003434,Generated dispatch item.
3435,1190,3942,100,BLDC Motor 1.5 kW,No,41,7,23125.00,161875.00,FG-DISP-0003435,SN-DISP-0003435,Generated dispatch item.
3436,1191,1243,101,PMSM Motor 3 kW,No,19,7,45625.00,319375.00,FG-DISP-0003436,SN-DISP-0003436,Generated dispatch item.
3437,1192,3944,102,PMSM Motor 7.5 kW,No,10,1,102500.00,102500.00,FG-DISP-0003437,SN-DISP-0003437,Generated dispatch item.
3438,1193,1245,100,BLDC Motor 1.5 kW,No,13,5,23125.00,115625.00,FG-DISP-0003438,SN-DISP-0003438,Generated dispatch item.
3439,1194,3946,101,PMSM Motor 3 kW,No,28,1,45625.00,45625.00,FG-DISP-0003439,SN-DISP-0003439,Generated dispatch item.
3440,1195,1247,102,PMSM Motor 7.5 kW,No,27,7,102500.00,717500.00,FG-DISP-0003440,SN-DISP-0003440,Generated dispatch item.
3441,1196,3948,100,BLDC Motor 1.5 kW,No,38,1,23125.00,23125.00,FG-DISP-0003441,SN-DISP-0003441,Generated dispatch item.
3442,1197,1249,101,PMSM Motor 3 kW,No,53,7,45625.00,319375.00,FG-DISP-0003442,SN-DISP-0003442,Generated dispatch item.
3444,1199,1251,100,BLDC Motor 1.5 kW,No,24,6,23125.00,138750.00,FG-DISP-0003444,SN-DISP-0003444,Generated dispatch item.
3445,1200,3952,101,PMSM Motor 3 kW,No,20,4,45625.00,182500.00,FG-DISP-0003445,SN-DISP-0003445,Generated dispatch item.
3446,1201,1253,102,PMSM Motor 7.5 kW,No,13,2,102500.00,205000.00,FG-DISP-0003446,SN-DISP-0003446,Generated dispatch item.
3447,1202,3954,100,BLDC Motor 1.5 kW,No,60,2,23125.00,46250.00,FG-DISP-0003447,SN-DISP-0003447,Generated dispatch item.
3448,1203,1255,101,PMSM Motor 3 kW,No,34,4,45625.00,182500.00,FG-DISP-0003448,SN-DISP-0003448,Generated dispatch item.
3449,1204,3956,102,PMSM Motor 7.5 kW,No,12,6,102500.00,615000.00,FG-DISP-0003449,SN-DISP-0003449,Generated dispatch item.
3450,1205,1257,100,BLDC Motor 1.5 kW,No,60,7,23125.00,161875.00,FG-DISP-0003450,SN-DISP-0003450,Generated dispatch item.
3451,1206,3958,101,PMSM Motor 3 kW,No,26,4,45625.00,182500.00,FG-DISP-0003451,SN-DISP-0003451,Generated dispatch item.
3452,1207,1259,102,PMSM Motor 7.5 kW,No,15,2,102500.00,205000.00,FG-DISP-0003452,SN-DISP-0003452,Generated dispatch item.
3453,1208,3960,100,BLDC Motor 1.5 kW,No,29,4,23125.00,92500.00,FG-DISP-0003453,SN-DISP-0003453,Generated dispatch item.
3454,1209,1261,101,PMSM Motor 3 kW,No,48,6,45625.00,273750.00,FG-DISP-0003454,SN-DISP-0003454,Generated dispatch item.
3455,1210,3962,102,PMSM Motor 7.5 kW,No,54,4,102500.00,410000.00,FG-DISP-0003455,SN-DISP-0003455,Generated dispatch item.
3456,1211,1263,100,BLDC Motor 1.5 kW,No,51,7,23125.00,161875.00,FG-DISP-0003456,SN-DISP-0003456,Generated dispatch item.
3457,1212,3964,101,PMSM Motor 3 kW,No,20,1,45625.00,45625.00,FG-DISP-0003457,SN-DISP-0003457,Generated dispatch item.
3458,1213,1265,102,PMSM Motor 7.5 kW,No,27,4,102500.00,410000.00,FG-DISP-0003458,SN-DISP-0003458,Generated dispatch item.
3459,1214,3966,100,BLDC Motor 1.5 kW,No,40,1,23125.00,23125.00,FG-DISP-0003459,SN-DISP-0003459,Generated dispatch item.
3460,1215,1267,101,PMSM Motor 3 kW,No,39,5,45625.00,228125.00,FG-DISP-0003460,SN-DISP-0003460,Generated dispatch item.
3461,1216,3968,102,PMSM Motor 7.5 kW,No,9,5,102500.00,512500.00,FG-DISP-0003461,SN-DISP-0003461,Generated dispatch item.
3462,1217,1269,100,BLDC Motor 1.5 kW,No,29,3,23125.00,69375.00,FG-DISP-0003462,SN-DISP-0003462,Generated dispatch item.
3463,1218,3970,101,PMSM Motor 3 kW,No,48,6,45625.00,273750.00,FG-DISP-0003463,SN-DISP-0003463,Generated dispatch item.
3464,1219,1271,102,PMSM Motor 7.5 kW,No,19,7,102500.00,717500.00,FG-DISP-0003464,SN-DISP-0003464,Generated dispatch item.
3465,1220,3972,100,BLDC Motor 1.5 kW,No,60,4,23125.00,92500.00,FG-DISP-0003465,SN-DISP-0003465,Generated dispatch item.
3466,1221,1273,101,PMSM Motor 3 kW,No,28,4,45625.00,182500.00,FG-DISP-0003466,SN-DISP-0003466,Generated dispatch item.
3467,1222,3974,102,PMSM Motor 7.5 kW,No,57,2,102500.00,205000.00,FG-DISP-0003467,SN-DISP-0003467,Generated dispatch item.
3468,1223,1275,100,BLDC Motor 1.5 kW,No,10,1,23125.00,23125.00,FG-DISP-0003468,SN-DISP-0003468,Generated dispatch item.
3469,1224,3976,101,PMSM Motor 3 kW,No,28,3,45625.00,136875.00,FG-DISP-0003469,SN-DISP-0003469,Generated dispatch item.
3470,1225,1277,102,PMSM Motor 7.5 kW,No,44,4,102500.00,410000.00,FG-DISP-0003470,SN-DISP-0003470,Generated dispatch item.
3471,1226,3978,100,BLDC Motor 1.5 kW,No,52,6,23125.00,138750.00,FG-DISP-0003471,SN-DISP-0003471,Generated dispatch item.
3472,1227,1279,101,PMSM Motor 3 kW,No,51,7,45625.00,319375.00,FG-DISP-0003472,SN-DISP-0003472,Generated dispatch item.
3473,1228,3980,102,PMSM Motor 7.5 kW,No,9,1,102500.00,102500.00,FG-DISP-0003473,SN-DISP-0003473,Generated dispatch item.
3474,1229,1281,100,BLDC Motor 1.5 kW,No,22,2,23125.00,46250.00,FG-DISP-0003474,SN-DISP-0003474,Generated dispatch item.
3475,1230,3982,101,PMSM Motor 3 kW,No,54,4,45625.00,182500.00,FG-DISP-0003475,SN-DISP-0003475,Generated dispatch item.
3476,1231,1283,102,PMSM Motor 7.5 kW,No,36,3,102500.00,307500.00,FG-DISP-0003476,SN-DISP-0003476,Generated dispatch item.
3477,1232,3984,100,BLDC Motor 1.5 kW,No,50,5,23125.00,115625.00,FG-DISP-0003477,SN-DISP-0003477,Generated dispatch item.
3478,1233,1285,101,PMSM Motor 3 kW,No,18,3,45625.00,136875.00,FG-DISP-0003478,SN-DISP-0003478,Generated dispatch item.
3479,1234,3986,102,PMSM Motor 7.5 kW,No,29,3,102500.00,307500.00,FG-DISP-0003479,SN-DISP-0003479,Generated dispatch item.
3480,1235,1287,100,BLDC Motor 1.5 kW,No,12,4,23125.00,92500.00,FG-DISP-0003480,SN-DISP-0003480,Generated dispatch item.
3481,1236,3988,101,PMSM Motor 3 kW,No,39,5,45625.00,228125.00,FG-DISP-0003481,SN-DISP-0003481,Generated dispatch item.
3482,1237,1289,102,PMSM Motor 7.5 kW,No,42,1,102500.00,102500.00,FG-DISP-0003482,SN-DISP-0003482,Generated dispatch item.
3483,1238,3990,100,BLDC Motor 1.5 kW,No,47,7,23125.00,161875.00,FG-DISP-0003483,SN-DISP-0003483,Generated dispatch item.
3484,1239,1291,101,PMSM Motor 3 kW,No,12,3,45625.00,136875.00,FG-DISP-0003484,SN-DISP-0003484,Generated dispatch item.
3485,1240,3992,102,PMSM Motor 7.5 kW,No,12,2,102500.00,205000.00,FG-DISP-0003485,SN-DISP-0003485,Generated dispatch item.
3486,1241,1293,100,BLDC Motor 1.5 kW,No,48,5,23125.00,115625.00,FG-DISP-0003486,SN-DISP-0003486,Generated dispatch item.
3487,1242,3994,101,PMSM Motor 3 kW,No,48,1,45625.00,45625.00,FG-DISP-0003487,SN-DISP-0003487,Generated dispatch item.
3488,1243,1295,102,PMSM Motor 7.5 kW,No,20,5,102500.00,512500.00,FG-DISP-0003488,SN-DISP-0003488,Generated dispatch item.
3489,1244,3996,100,BLDC Motor 1.5 kW,No,42,1,23125.00,23125.00,FG-DISP-0003489,SN-DISP-0003489,Generated dispatch item.
3490,1245,1297,101,PMSM Motor 3 kW,No,50,2,45625.00,91250.00,FG-DISP-0003490,SN-DISP-0003490,Generated dispatch item.
3491,1246,3998,102,PMSM Motor 7.5 kW,No,39,6,102500.00,615000.00,FG-DISP-0003491,SN-DISP-0003491,Generated dispatch item.
3492,1247,1299,100,BLDC Motor 1.5 kW,No,25,3,23125.00,69375.00,FG-DISP-0003492,SN-DISP-0003492,Generated dispatch item.
3493,1248,4000,101,PMSM Motor 3 kW,No,22,7,45625.00,319375.00,FG-DISP-0003493,SN-DISP-0003493,Generated dispatch item.
3494,1249,1301,102,PMSM Motor 7.5 kW,No,25,3,102500.00,307500.00,FG-DISP-0003494,SN-DISP-0003494,Generated dispatch item.
3495,1250,4002,100,BLDC Motor 1.5 kW,No,14,5,23125.00,115625.00,FG-DISP-0003495,SN-DISP-0003495,Generated dispatch item.
3496,1251,1303,101,PMSM Motor 3 kW,No,47,1,45625.00,45625.00,FG-DISP-0003496,SN-DISP-0003496,Generated dispatch item.
3497,1252,4004,102,PMSM Motor 7.5 kW,No,60,7,102500.00,717500.00,FG-DISP-0003497,SN-DISP-0003497,Generated dispatch item.
3498,1253,1305,100,BLDC Motor 1.5 kW,No,33,5,23125.00,115625.00,FG-DISP-0003498,SN-DISP-0003498,Generated dispatch item.
3499,1254,4006,101,PMSM Motor 3 kW,No,37,5,45625.00,228125.00,FG-DISP-0003499,SN-DISP-0003499,Generated dispatch item.
3500,1255,1307,102,PMSM Motor 7.5 kW,No,16,3,102500.00,307500.00,FG-DISP-0003500,SN-DISP-0003500,Generated dispatch item.
3501,1256,4008,100,BLDC Motor 1.5 kW,No,44,3,23125.00,69375.00,FG-DISP-0003501,SN-DISP-0003501,Generated dispatch item.
3502,1257,1309,101,PMSM Motor 3 kW,No,52,4,45625.00,182500.00,FG-DISP-0003502,SN-DISP-0003502,Generated dispatch item.
3503,1258,4010,102,PMSM Motor 7.5 kW,No,37,2,102500.00,205000.00,FG-DISP-0003503,SN-DISP-0003503,Generated dispatch item.
3504,1259,1311,100,BLDC Motor 1.5 kW,No,24,1,23125.00,23125.00,FG-DISP-0003504,SN-DISP-0003504,Generated dispatch item.
3505,1260,4012,101,PMSM Motor 3 kW,No,43,5,45625.00,228125.00,FG-DISP-0003505,SN-DISP-0003505,Generated dispatch item.
3506,1261,1313,102,PMSM Motor 7.5 kW,No,10,4,102500.00,410000.00,FG-DISP-0003506,SN-DISP-0003506,Generated dispatch item.
3507,1262,4014,100,BLDC Motor 1.5 kW,No,33,5,23125.00,115625.00,FG-DISP-0003507,SN-DISP-0003507,Generated dispatch item.
3508,1263,1315,101,PMSM Motor 3 kW,No,28,4,45625.00,182500.00,FG-DISP-0003508,SN-DISP-0003508,Generated dispatch item.
3509,1264,4016,102,PMSM Motor 7.5 kW,No,18,4,102500.00,410000.00,FG-DISP-0003509,SN-DISP-0003509,Generated dispatch item.
3510,1265,1317,100,BLDC Motor 1.5 kW,No,37,7,23125.00,161875.00,FG-DISP-0003510,SN-DISP-0003510,Generated dispatch item.
3511,1266,4018,101,PMSM Motor 3 kW,No,44,4,45625.00,182500.00,FG-DISP-0003511,SN-DISP-0003511,Generated dispatch item.
3512,1267,1319,102,PMSM Motor 7.5 kW,No,39,5,102500.00,512500.00,FG-DISP-0003512,SN-DISP-0003512,Generated dispatch item.
3513,1268,4020,100,BLDC Motor 1.5 kW,No,37,3,23125.00,69375.00,FG-DISP-0003513,SN-DISP-0003513,Generated dispatch item.
3514,1269,1321,101,PMSM Motor 3 kW,No,51,1,45625.00,45625.00,FG-DISP-0003514,SN-DISP-0003514,Generated dispatch item.
3515,1270,4022,102,PMSM Motor 7.5 kW,No,27,3,102500.00,307500.00,FG-DISP-0003515,SN-DISP-0003515,Generated dispatch item.
3516,1271,1323,100,BLDC Motor 1.5 kW,No,35,6,23125.00,138750.00,FG-DISP-0003516,SN-DISP-0003516,Generated dispatch item.
3517,1272,4024,101,PMSM Motor 3 kW,No,59,5,45625.00,228125.00,FG-DISP-0003517,SN-DISP-0003517,Generated dispatch item.
3518,1273,1325,102,PMSM Motor 7.5 kW,No,17,5,102500.00,512500.00,FG-DISP-0003518,SN-DISP-0003518,Generated dispatch item.
3519,1274,4026,100,BLDC Motor 1.5 kW,No,16,6,23125.00,138750.00,FG-DISP-0003519,SN-DISP-0003519,Generated dispatch item.
3520,1275,1327,101,PMSM Motor 3 kW,No,19,2,45625.00,91250.00,FG-DISP-0003520,SN-DISP-0003520,Generated dispatch item.
3521,1276,4028,102,PMSM Motor 7.5 kW,No,7,4,102500.00,410000.00,FG-DISP-0003521,SN-DISP-0003521,Generated dispatch item.
3522,1277,1329,100,BLDC Motor 1.5 kW,No,10,6,23125.00,138750.00,FG-DISP-0003522,SN-DISP-0003522,Generated dispatch item.
3523,1278,4030,101,PMSM Motor 3 kW,No,20,3,45625.00,136875.00,FG-DISP-0003523,SN-DISP-0003523,Generated dispatch item.
3524,1279,1331,102,PMSM Motor 7.5 kW,No,46,4,102500.00,410000.00,FG-DISP-0003524,SN-DISP-0003524,Generated dispatch item.
3525,1280,4032,100,BLDC Motor 1.5 kW,No,41,7,23125.00,161875.00,FG-DISP-0003525,SN-DISP-0003525,Generated dispatch item.
3526,1281,1333,101,PMSM Motor 3 kW,No,10,2,45625.00,91250.00,FG-DISP-0003526,SN-DISP-0003526,Generated dispatch item.
3527,1282,4034,102,PMSM Motor 7.5 kW,No,15,3,102500.00,307500.00,FG-DISP-0003527,SN-DISP-0003527,Generated dispatch item.
3528,1283,1335,100,BLDC Motor 1.5 kW,No,38,2,23125.00,46250.00,FG-DISP-0003528,SN-DISP-0003528,Generated dispatch item.
3529,1284,4036,101,PMSM Motor 3 kW,No,42,3,45625.00,136875.00,FG-DISP-0003529,SN-DISP-0003529,Generated dispatch item.
3530,1285,1337,102,PMSM Motor 7.5 kW,No,38,2,102500.00,205000.00,FG-DISP-0003530,SN-DISP-0003530,Generated dispatch item.
3531,1286,4038,100,BLDC Motor 1.5 kW,No,19,6,23125.00,138750.00,FG-DISP-0003531,SN-DISP-0003531,Generated dispatch item.
3532,1287,1339,101,PMSM Motor 3 kW,No,48,7,45625.00,319375.00,FG-DISP-0003532,SN-DISP-0003532,Generated dispatch item.
3533,1288,4040,102,PMSM Motor 7.5 kW,No,22,7,102500.00,717500.00,FG-DISP-0003533,SN-DISP-0003533,Generated dispatch item.
3534,1289,1341,100,BLDC Motor 1.5 kW,No,9,3,23125.00,69375.00,FG-DISP-0003534,SN-DISP-0003534,Generated dispatch item.
3535,1290,4042,101,PMSM Motor 3 kW,No,37,7,45625.00,319375.00,FG-DISP-0003535,SN-DISP-0003535,Generated dispatch item.
3536,1291,1343,102,PMSM Motor 7.5 kW,No,16,1,102500.00,102500.00,FG-DISP-0003536,SN-DISP-0003536,Generated dispatch item.
3537,1292,4044,100,BLDC Motor 1.5 kW,No,11,1,23125.00,23125.00,FG-DISP-0003537,SN-DISP-0003537,Generated dispatch item.
3538,1293,1345,101,PMSM Motor 3 kW,No,55,3,45625.00,136875.00,FG-DISP-0003538,SN-DISP-0003538,Generated dispatch item.
3539,1294,4046,102,PMSM Motor 7.5 kW,No,47,3,102500.00,307500.00,FG-DISP-0003539,SN-DISP-0003539,Generated dispatch item.
3540,1295,1347,100,BLDC Motor 1.5 kW,No,37,7,23125.00,161875.00,FG-DISP-0003540,SN-DISP-0003540,Generated dispatch item.
3541,1296,4048,101,PMSM Motor 3 kW,No,27,6,45625.00,273750.00,FG-DISP-0003541,SN-DISP-0003541,Generated dispatch item.
3542,1297,1349,102,PMSM Motor 7.5 kW,No,30,6,102500.00,615000.00,FG-DISP-0003542,SN-DISP-0003542,Generated dispatch item.
3543,1298,4050,100,BLDC Motor 1.5 kW,No,6,3,23125.00,69375.00,FG-DISP-0003543,SN-DISP-0003543,Generated dispatch item.
3544,1299,1351,101,PMSM Motor 3 kW,No,46,6,45625.00,273750.00,FG-DISP-0003544,SN-DISP-0003544,Generated dispatch item.
3545,1300,4052,102,PMSM Motor 7.5 kW,No,20,4,102500.00,410000.00,FG-DISP-0003545,SN-DISP-0003545,Generated dispatch item.
3546,1301,1353,100,BLDC Motor 1.5 kW,No,55,1,23125.00,23125.00,FG-DISP-0003546,SN-DISP-0003546,Generated dispatch item.
3547,1302,4054,101,PMSM Motor 3 kW,No,32,1,45625.00,45625.00,FG-DISP-0003547,SN-DISP-0003547,Generated dispatch item.
3548,1303,1355,102,PMSM Motor 7.5 kW,No,19,7,102500.00,717500.00,FG-DISP-0003548,SN-DISP-0003548,Generated dispatch item.
3549,1304,4056,100,BLDC Motor 1.5 kW,No,36,4,23125.00,92500.00,FG-DISP-0003549,SN-DISP-0003549,Generated dispatch item.
3550,1305,1357,101,PMSM Motor 3 kW,No,55,7,45625.00,319375.00,FG-DISP-0003550,SN-DISP-0003550,Generated dispatch item.
3551,1306,4058,102,PMSM Motor 7.5 kW,No,58,1,102500.00,102500.00,FG-DISP-0003551,SN-DISP-0003551,Generated dispatch item.
3552,1307,1359,100,BLDC Motor 1.5 kW,No,11,5,23125.00,115625.00,FG-DISP-0003552,SN-DISP-0003552,Generated dispatch item.
3553,1308,4060,101,PMSM Motor 3 kW,No,30,2,45625.00,91250.00,FG-DISP-0003553,SN-DISP-0003553,Generated dispatch item.
3554,1309,1361,102,PMSM Motor 7.5 kW,No,59,3,102500.00,307500.00,FG-DISP-0003554,SN-DISP-0003554,Generated dispatch item.
3555,1310,4062,100,BLDC Motor 1.5 kW,No,41,5,23125.00,115625.00,FG-DISP-0003555,SN-DISP-0003555,Generated dispatch item.
3556,1311,1363,101,PMSM Motor 3 kW,No,14,4,45625.00,182500.00,FG-DISP-0003556,SN-DISP-0003556,Generated dispatch item.
3557,1312,4064,102,PMSM Motor 7.5 kW,No,26,1,102500.00,102500.00,FG-DISP-0003557,SN-DISP-0003557,Generated dispatch item.
3558,1313,1365,100,BLDC Motor 1.5 kW,No,19,7,23125.00,161875.00,FG-DISP-0003558,SN-DISP-0003558,Generated dispatch item.
3559,1314,4066,101,PMSM Motor 3 kW,No,55,5,45625.00,228125.00,FG-DISP-0003559,SN-DISP-0003559,Generated dispatch item.
3560,1315,1367,102,PMSM Motor 7.5 kW,No,10,3,102500.00,307500.00,FG-DISP-0003560,SN-DISP-0003560,Generated dispatch item.
3561,1316,4068,100,BLDC Motor 1.5 kW,No,26,5,23125.00,115625.00,FG-DISP-0003561,SN-DISP-0003561,Generated dispatch item.
3562,1317,1369,101,PMSM Motor 3 kW,No,50,2,45625.00,91250.00,FG-DISP-0003562,SN-DISP-0003562,Generated dispatch item.
3563,1318,4070,102,PMSM Motor 7.5 kW,No,16,4,102500.00,410000.00,FG-DISP-0003563,SN-DISP-0003563,Generated dispatch item.
3564,1319,1371,100,BLDC Motor 1.5 kW,No,60,3,23125.00,69375.00,FG-DISP-0003564,SN-DISP-0003564,Generated dispatch item.
3565,1320,4072,101,PMSM Motor 3 kW,No,9,2,45625.00,91250.00,FG-DISP-0003565,SN-DISP-0003565,Generated dispatch item.
3566,1321,1373,102,PMSM Motor 7.5 kW,No,21,4,102500.00,410000.00,FG-DISP-0003566,SN-DISP-0003566,Generated dispatch item.
3567,1322,4074,100,BLDC Motor 1.5 kW,No,54,7,23125.00,161875.00,FG-DISP-0003567,SN-DISP-0003567,Generated dispatch item.
3568,1323,1375,101,PMSM Motor 3 kW,No,23,1,45625.00,45625.00,FG-DISP-0003568,SN-DISP-0003568,Generated dispatch item.
3569,1324,4076,102,PMSM Motor 7.5 kW,No,23,4,102500.00,410000.00,FG-DISP-0003569,SN-DISP-0003569,Generated dispatch item.
3570,1325,1377,100,BLDC Motor 1.5 kW,No,20,7,23125.00,161875.00,FG-DISP-0003570,SN-DISP-0003570,Generated dispatch item.
3571,1326,4078,101,PMSM Motor 3 kW,No,39,7,45625.00,319375.00,FG-DISP-0003571,SN-DISP-0003571,Generated dispatch item.
3572,1327,1379,102,PMSM Motor 7.5 kW,No,13,7,102500.00,717500.00,FG-DISP-0003572,SN-DISP-0003572,Generated dispatch item.
3573,1328,4080,100,BLDC Motor 1.5 kW,No,59,3,23125.00,69375.00,FG-DISP-0003573,SN-DISP-0003573,Generated dispatch item.
3574,1329,1381,101,PMSM Motor 3 kW,No,49,4,45625.00,182500.00,FG-DISP-0003574,SN-DISP-0003574,Generated dispatch item.
3575,1330,4082,102,PMSM Motor 7.5 kW,No,18,5,102500.00,512500.00,FG-DISP-0003575,SN-DISP-0003575,Generated dispatch item.
3576,1331,1383,100,BLDC Motor 1.5 kW,No,8,6,23125.00,138750.00,FG-DISP-0003576,SN-DISP-0003576,Generated dispatch item.
3577,1332,4084,101,PMSM Motor 3 kW,No,54,7,45625.00,319375.00,FG-DISP-0003577,SN-DISP-0003577,Generated dispatch item.
3578,1333,1385,102,PMSM Motor 7.5 kW,No,59,2,102500.00,205000.00,FG-DISP-0003578,SN-DISP-0003578,Generated dispatch item.
3579,1334,4086,100,BLDC Motor 1.5 kW,No,55,1,23125.00,23125.00,FG-DISP-0003579,SN-DISP-0003579,Generated dispatch item.
3580,1335,1387,101,PMSM Motor 3 kW,No,56,2,45625.00,91250.00,FG-DISP-0003580,SN-DISP-0003580,Generated dispatch item.
3581,1336,4088,102,PMSM Motor 7.5 kW,No,47,2,102500.00,205000.00,FG-DISP-0003581,SN-DISP-0003581,Generated dispatch item.
3582,1337,1389,100,BLDC Motor 1.5 kW,No,11,3,23125.00,69375.00,FG-DISP-0003582,SN-DISP-0003582,Generated dispatch item.
3583,1338,4090,101,PMSM Motor 3 kW,No,44,7,45625.00,319375.00,FG-DISP-0003583,SN-DISP-0003583,Generated dispatch item.
3584,1339,1391,102,PMSM Motor 7.5 kW,No,34,2,102500.00,205000.00,FG-DISP-0003584,SN-DISP-0003584,Generated dispatch item.
3585,1340,4092,100,BLDC Motor 1.5 kW,No,22,3,23125.00,69375.00,FG-DISP-0003585,SN-DISP-0003585,Generated dispatch item.
3586,1341,1393,101,PMSM Motor 3 kW,No,60,3,45625.00,136875.00,FG-DISP-0003586,SN-DISP-0003586,Generated dispatch item.
3587,1342,4094,102,PMSM Motor 7.5 kW,No,5,2,102500.00,205000.00,FG-DISP-0003587,SN-DISP-0003587,Generated dispatch item.
3588,1343,1395,100,BLDC Motor 1.5 kW,No,52,2,23125.00,46250.00,FG-DISP-0003588,SN-DISP-0003588,Generated dispatch item.
3589,1344,4096,101,PMSM Motor 3 kW,No,54,7,45625.00,319375.00,FG-DISP-0003589,SN-DISP-0003589,Generated dispatch item.
3590,1345,1397,102,PMSM Motor 7.5 kW,No,45,5,102500.00,512500.00,FG-DISP-0003590,SN-DISP-0003590,Generated dispatch item.
3591,1346,4098,100,BLDC Motor 1.5 kW,No,42,1,23125.00,23125.00,FG-DISP-0003591,SN-DISP-0003591,Generated dispatch item.
3592,1347,1399,101,PMSM Motor 3 kW,No,6,1,45625.00,45625.00,FG-DISP-0003592,SN-DISP-0003592,Generated dispatch item.
3593,1348,4100,102,PMSM Motor 7.5 kW,No,32,5,102500.00,512500.00,FG-DISP-0003593,SN-DISP-0003593,Generated dispatch item.
3594,1349,1401,100,BLDC Motor 1.5 kW,No,8,3,23125.00,69375.00,FG-DISP-0003594,SN-DISP-0003594,Generated dispatch item.
3595,1350,4102,101,PMSM Motor 3 kW,No,12,6,45625.00,273750.00,FG-DISP-0003595,SN-DISP-0003595,Generated dispatch item.
3596,1351,1403,102,PMSM Motor 7.5 kW,No,49,6,102500.00,615000.00,FG-DISP-0003596,SN-DISP-0003596,Generated dispatch item.
3597,1352,4104,100,BLDC Motor 1.5 kW,No,25,6,23125.00,138750.00,FG-DISP-0003597,SN-DISP-0003597,Generated dispatch item.
3598,1353,1405,101,PMSM Motor 3 kW,No,26,5,45625.00,228125.00,FG-DISP-0003598,SN-DISP-0003598,Generated dispatch item.
3599,1354,4106,102,PMSM Motor 7.5 kW,No,38,4,102500.00,410000.00,FG-DISP-0003599,SN-DISP-0003599,Generated dispatch item.
3600,1355,1407,100,BLDC Motor 1.5 kW,No,42,2,23125.00,46250.00,FG-DISP-0003600,SN-DISP-0003600,Generated dispatch item.
3601,1356,4108,101,PMSM Motor 3 kW,No,57,1,45625.00,45625.00,FG-DISP-0003601,SN-DISP-0003601,Generated dispatch item.
3602,1357,1409,102,PMSM Motor 7.5 kW,No,46,7,102500.00,717500.00,FG-DISP-0003602,SN-DISP-0003602,Generated dispatch item.
3603,1358,4110,100,BLDC Motor 1.5 kW,No,43,6,23125.00,138750.00,FG-DISP-0003603,SN-DISP-0003603,Generated dispatch item.
3604,1359,1411,101,PMSM Motor 3 kW,No,28,2,45625.00,91250.00,FG-DISP-0003604,SN-DISP-0003604,Generated dispatch item.
3605,1360,4112,102,PMSM Motor 7.5 kW,No,13,6,102500.00,615000.00,FG-DISP-0003605,SN-DISP-0003605,Generated dispatch item.
3606,1361,1413,100,BLDC Motor 1.5 kW,No,13,1,23125.00,23125.00,FG-DISP-0003606,SN-DISP-0003606,Generated dispatch item.
3607,1362,4114,101,PMSM Motor 3 kW,No,28,2,45625.00,91250.00,FG-DISP-0003607,SN-DISP-0003607,Generated dispatch item.
3608,1363,1415,102,PMSM Motor 7.5 kW,No,26,2,102500.00,205000.00,FG-DISP-0003608,SN-DISP-0003608,Generated dispatch item.
3609,1364,4116,100,BLDC Motor 1.5 kW,No,40,3,23125.00,69375.00,FG-DISP-0003609,SN-DISP-0003609,Generated dispatch item.
3610,1365,1417,101,PMSM Motor 3 kW,No,53,3,45625.00,136875.00,FG-DISP-0003610,SN-DISP-0003610,Generated dispatch item.
3611,1366,4118,102,PMSM Motor 7.5 kW,No,52,4,102500.00,410000.00,FG-DISP-0003611,SN-DISP-0003611,Generated dispatch item.
3612,1367,1419,100,BLDC Motor 1.5 kW,No,23,4,23125.00,92500.00,FG-DISP-0003612,SN-DISP-0003612,Generated dispatch item.
3613,1368,4120,101,PMSM Motor 3 kW,No,54,1,45625.00,45625.00,FG-DISP-0003613,SN-DISP-0003613,Generated dispatch item.
3614,1369,1421,102,PMSM Motor 7.5 kW,No,8,1,102500.00,102500.00,FG-DISP-0003614,SN-DISP-0003614,Generated dispatch item.
3615,1370,4122,100,BLDC Motor 1.5 kW,No,14,6,23125.00,138750.00,FG-DISP-0003615,SN-DISP-0003615,Generated dispatch item.
3616,1371,1423,101,PMSM Motor 3 kW,No,58,4,45625.00,182500.00,FG-DISP-0003616,SN-DISP-0003616,Generated dispatch item.
3617,1372,4124,102,PMSM Motor 7.5 kW,No,6,4,102500.00,410000.00,FG-DISP-0003617,SN-DISP-0003617,Generated dispatch item.
3618,1373,1425,100,BLDC Motor 1.5 kW,No,43,1,23125.00,23125.00,FG-DISP-0003618,SN-DISP-0003618,Generated dispatch item.
3620,1375,1427,102,PMSM Motor 7.5 kW,No,35,3,102500.00,307500.00,FG-DISP-0003620,SN-DISP-0003620,Generated dispatch item.
3621,1376,4128,100,BLDC Motor 1.5 kW,No,5,2,23125.00,46250.00,FG-DISP-0003621,SN-DISP-0003621,Generated dispatch item.
3622,1377,1429,101,PMSM Motor 3 kW,No,51,7,45625.00,319375.00,FG-DISP-0003622,SN-DISP-0003622,Generated dispatch item.
3623,1378,4130,102,PMSM Motor 7.5 kW,No,27,2,102500.00,205000.00,FG-DISP-0003623,SN-DISP-0003623,Generated dispatch item.
3624,1379,1431,100,BLDC Motor 1.5 kW,No,28,6,23125.00,138750.00,FG-DISP-0003624,SN-DISP-0003624,Generated dispatch item.
3625,1380,4132,101,PMSM Motor 3 kW,No,47,2,45625.00,91250.00,FG-DISP-0003625,SN-DISP-0003625,Generated dispatch item.
3626,1381,1433,102,PMSM Motor 7.5 kW,No,60,6,102500.00,615000.00,FG-DISP-0003626,SN-DISP-0003626,Generated dispatch item.
3627,1382,4134,100,BLDC Motor 1.5 kW,No,34,4,23125.00,92500.00,FG-DISP-0003627,SN-DISP-0003627,Generated dispatch item.
3628,1383,1435,101,PMSM Motor 3 kW,No,53,7,45625.00,319375.00,FG-DISP-0003628,SN-DISP-0003628,Generated dispatch item.
3629,1384,4136,102,PMSM Motor 7.5 kW,No,41,1,102500.00,102500.00,FG-DISP-0003629,SN-DISP-0003629,Generated dispatch item.
3630,1385,1437,100,BLDC Motor 1.5 kW,No,20,3,23125.00,69375.00,FG-DISP-0003630,SN-DISP-0003630,Generated dispatch item.
3631,1386,4138,101,PMSM Motor 3 kW,No,29,6,45625.00,273750.00,FG-DISP-0003631,SN-DISP-0003631,Generated dispatch item.
3632,1387,1439,102,PMSM Motor 7.5 kW,No,25,7,102500.00,717500.00,FG-DISP-0003632,SN-DISP-0003632,Generated dispatch item.
3633,1388,4140,100,BLDC Motor 1.5 kW,No,15,4,23125.00,92500.00,FG-DISP-0003633,SN-DISP-0003633,Generated dispatch item.
3634,1389,1441,101,PMSM Motor 3 kW,No,20,1,45625.00,45625.00,FG-DISP-0003634,SN-DISP-0003634,Generated dispatch item.
3635,1390,4142,102,PMSM Motor 7.5 kW,No,41,5,102500.00,512500.00,FG-DISP-0003635,SN-DISP-0003635,Generated dispatch item.
3636,1391,1443,100,BLDC Motor 1.5 kW,No,41,4,23125.00,92500.00,FG-DISP-0003636,SN-DISP-0003636,Generated dispatch item.
3637,1392,4144,101,PMSM Motor 3 kW,No,28,6,45625.00,273750.00,FG-DISP-0003637,SN-DISP-0003637,Generated dispatch item.
3638,1393,1445,102,PMSM Motor 7.5 kW,No,40,4,102500.00,410000.00,FG-DISP-0003638,SN-DISP-0003638,Generated dispatch item.
3639,1394,4146,100,BLDC Motor 1.5 kW,No,39,7,23125.00,161875.00,FG-DISP-0003639,SN-DISP-0003639,Generated dispatch item.
3640,1395,1447,101,PMSM Motor 3 kW,No,34,1,45625.00,45625.00,FG-DISP-0003640,SN-DISP-0003640,Generated dispatch item.
3641,1396,4148,102,PMSM Motor 7.5 kW,No,34,5,102500.00,512500.00,FG-DISP-0003641,SN-DISP-0003641,Generated dispatch item.
3642,1397,1449,100,BLDC Motor 1.5 kW,No,59,6,23125.00,138750.00,FG-DISP-0003642,SN-DISP-0003642,Generated dispatch item.
3643,1398,4150,101,PMSM Motor 3 kW,No,9,3,45625.00,136875.00,FG-DISP-0003643,SN-DISP-0003643,Generated dispatch item.
3644,1399,1451,102,PMSM Motor 7.5 kW,No,31,4,102500.00,410000.00,FG-DISP-0003644,SN-DISP-0003644,Generated dispatch item.
3645,1400,4152,100,BLDC Motor 1.5 kW,No,53,5,23125.00,115625.00,FG-DISP-0003645,SN-DISP-0003645,Generated dispatch item.
3646,1401,1453,101,PMSM Motor 3 kW,No,48,4,45625.00,182500.00,FG-DISP-0003646,SN-DISP-0003646,Generated dispatch item.
3647,1402,4154,102,PMSM Motor 7.5 kW,No,47,3,102500.00,307500.00,FG-DISP-0003647,SN-DISP-0003647,Generated dispatch item.
3648,1403,1455,100,BLDC Motor 1.5 kW,No,41,5,23125.00,115625.00,FG-DISP-0003648,SN-DISP-0003648,Generated dispatch item.
3649,1404,4156,101,PMSM Motor 3 kW,No,7,6,45625.00,273750.00,FG-DISP-0003649,SN-DISP-0003649,Generated dispatch item.
3650,1405,1457,102,PMSM Motor 7.5 kW,No,34,1,102500.00,102500.00,FG-DISP-0003650,SN-DISP-0003650,Generated dispatch item.
3651,1406,4158,100,BLDC Motor 1.5 kW,No,5,3,23125.00,69375.00,FG-DISP-0003651,SN-DISP-0003651,Generated dispatch item.
3652,1407,1459,101,PMSM Motor 3 kW,No,7,1,45625.00,45625.00,FG-DISP-0003652,SN-DISP-0003652,Generated dispatch item.
3653,1408,4160,102,PMSM Motor 7.5 kW,No,14,1,102500.00,102500.00,FG-DISP-0003653,SN-DISP-0003653,Generated dispatch item.
3654,1409,1461,100,BLDC Motor 1.5 kW,No,41,2,23125.00,46250.00,FG-DISP-0003654,SN-DISP-0003654,Generated dispatch item.
3655,1410,4162,101,PMSM Motor 3 kW,No,10,1,45625.00,45625.00,FG-DISP-0003655,SN-DISP-0003655,Generated dispatch item.
3656,1411,1463,102,PMSM Motor 7.5 kW,No,40,7,102500.00,717500.00,FG-DISP-0003656,SN-DISP-0003656,Generated dispatch item.
3657,1412,4164,100,BLDC Motor 1.5 kW,No,49,3,23125.00,69375.00,FG-DISP-0003657,SN-DISP-0003657,Generated dispatch item.
3658,1413,1465,101,PMSM Motor 3 kW,No,11,4,45625.00,182500.00,FG-DISP-0003658,SN-DISP-0003658,Generated dispatch item.
3659,1414,4166,102,PMSM Motor 7.5 kW,No,19,2,102500.00,205000.00,FG-DISP-0003659,SN-DISP-0003659,Generated dispatch item.
3660,1415,1467,100,BLDC Motor 1.5 kW,No,49,4,23125.00,92500.00,FG-DISP-0003660,SN-DISP-0003660,Generated dispatch item.
3661,1416,4168,101,PMSM Motor 3 kW,No,10,3,45625.00,136875.00,FG-DISP-0003661,SN-DISP-0003661,Generated dispatch item.
3662,1417,1469,102,PMSM Motor 7.5 kW,No,31,5,102500.00,512500.00,FG-DISP-0003662,SN-DISP-0003662,Generated dispatch item.
3663,1418,4170,100,BLDC Motor 1.5 kW,No,19,7,23125.00,161875.00,FG-DISP-0003663,SN-DISP-0003663,Generated dispatch item.
3664,1419,1471,101,PMSM Motor 3 kW,No,23,5,45625.00,228125.00,FG-DISP-0003664,SN-DISP-0003664,Generated dispatch item.
3665,1420,4172,102,PMSM Motor 7.5 kW,No,30,5,102500.00,512500.00,FG-DISP-0003665,SN-DISP-0003665,Generated dispatch item.
3666,1421,1473,100,BLDC Motor 1.5 kW,No,51,2,23125.00,46250.00,FG-DISP-0003666,SN-DISP-0003666,Generated dispatch item.
3667,1422,4174,101,PMSM Motor 3 kW,No,24,1,45625.00,45625.00,FG-DISP-0003667,SN-DISP-0003667,Generated dispatch item.
3668,1423,1475,102,PMSM Motor 7.5 kW,No,24,1,102500.00,102500.00,FG-DISP-0003668,SN-DISP-0003668,Generated dispatch item.
3669,1424,4176,100,BLDC Motor 1.5 kW,No,10,3,23125.00,69375.00,FG-DISP-0003669,SN-DISP-0003669,Generated dispatch item.
3670,1425,1477,101,PMSM Motor 3 kW,No,39,4,45625.00,182500.00,FG-DISP-0003670,SN-DISP-0003670,Generated dispatch item.
3671,1426,4178,102,PMSM Motor 7.5 kW,No,15,1,102500.00,102500.00,FG-DISP-0003671,SN-DISP-0003671,Generated dispatch item.
3672,1427,1479,100,BLDC Motor 1.5 kW,No,39,2,23125.00,46250.00,FG-DISP-0003672,SN-DISP-0003672,Generated dispatch item.
3673,1428,4180,101,PMSM Motor 3 kW,No,36,5,45625.00,228125.00,FG-DISP-0003673,SN-DISP-0003673,Generated dispatch item.
3674,1429,1481,102,PMSM Motor 7.5 kW,No,7,4,102500.00,410000.00,FG-DISP-0003674,SN-DISP-0003674,Generated dispatch item.
3675,1430,4182,100,BLDC Motor 1.5 kW,No,11,7,23125.00,161875.00,FG-DISP-0003675,SN-DISP-0003675,Generated dispatch item.
3676,1431,1483,101,PMSM Motor 3 kW,No,28,2,45625.00,91250.00,FG-DISP-0003676,SN-DISP-0003676,Generated dispatch item.
3677,1432,4184,102,PMSM Motor 7.5 kW,No,7,1,102500.00,102500.00,FG-DISP-0003677,SN-DISP-0003677,Generated dispatch item.
3678,1433,1485,100,BLDC Motor 1.5 kW,No,17,5,23125.00,115625.00,FG-DISP-0003678,SN-DISP-0003678,Generated dispatch item.
3679,1434,4186,101,PMSM Motor 3 kW,No,57,7,45625.00,319375.00,FG-DISP-0003679,SN-DISP-0003679,Generated dispatch item.
3680,1435,1487,102,PMSM Motor 7.5 kW,No,16,3,102500.00,307500.00,FG-DISP-0003680,SN-DISP-0003680,Generated dispatch item.
3681,1436,4188,100,BLDC Motor 1.5 kW,No,9,7,23125.00,161875.00,FG-DISP-0003681,SN-DISP-0003681,Generated dispatch item.
3682,1437,1489,101,PMSM Motor 3 kW,No,41,6,45625.00,273750.00,FG-DISP-0003682,SN-DISP-0003682,Generated dispatch item.
3683,1438,4190,102,PMSM Motor 7.5 kW,No,53,7,102500.00,717500.00,FG-DISP-0003683,SN-DISP-0003683,Generated dispatch item.
3685,1440,4192,101,PMSM Motor 3 kW,No,47,7,45625.00,319375.00,FG-DISP-0003685,SN-DISP-0003685,Generated dispatch item.
3686,1441,1493,102,PMSM Motor 7.5 kW,No,59,1,102500.00,102500.00,FG-DISP-0003686,SN-DISP-0003686,Generated dispatch item.
3687,1442,4194,100,BLDC Motor 1.5 kW,No,31,3,23125.00,69375.00,FG-DISP-0003687,SN-DISP-0003687,Generated dispatch item.
3688,1443,1495,101,PMSM Motor 3 kW,No,27,1,45625.00,45625.00,FG-DISP-0003688,SN-DISP-0003688,Generated dispatch item.
3689,1444,4196,102,PMSM Motor 7.5 kW,No,42,1,102500.00,102500.00,FG-DISP-0003689,SN-DISP-0003689,Generated dispatch item.
3690,1445,1497,100,BLDC Motor 1.5 kW,No,21,4,23125.00,92500.00,FG-DISP-0003690,SN-DISP-0003690,Generated dispatch item.
3691,1446,4198,101,PMSM Motor 3 kW,No,5,2,45625.00,91250.00,FG-DISP-0003691,SN-DISP-0003691,Generated dispatch item.
3692,1447,1499,102,PMSM Motor 7.5 kW,No,56,7,102500.00,717500.00,FG-DISP-0003692,SN-DISP-0003692,Generated dispatch item.
3693,1448,4200,100,BLDC Motor 1.5 kW,No,28,1,23125.00,23125.00,FG-DISP-0003693,SN-DISP-0003693,Generated dispatch item.
3694,1449,1501,101,PMSM Motor 3 kW,No,32,1,45625.00,45625.00,FG-DISP-0003694,SN-DISP-0003694,Generated dispatch item.
3695,1450,4202,102,PMSM Motor 7.5 kW,No,54,1,102500.00,102500.00,FG-DISP-0003695,SN-DISP-0003695,Generated dispatch item.
3696,1451,1503,100,BLDC Motor 1.5 kW,No,39,7,23125.00,161875.00,FG-DISP-0003696,SN-DISP-0003696,Generated dispatch item.
3697,1452,4204,101,PMSM Motor 3 kW,No,35,5,45625.00,228125.00,FG-DISP-0003697,SN-DISP-0003697,Generated dispatch item.
3698,1453,1505,102,PMSM Motor 7.5 kW,No,43,4,102500.00,410000.00,FG-DISP-0003698,SN-DISP-0003698,Generated dispatch item.
3699,1454,4206,100,BLDC Motor 1.5 kW,No,23,1,23125.00,23125.00,FG-DISP-0003699,SN-DISP-0003699,Generated dispatch item.
3700,1455,1507,101,PMSM Motor 3 kW,No,53,3,45625.00,136875.00,FG-DISP-0003700,SN-DISP-0003700,Generated dispatch item.
3701,1456,4208,102,PMSM Motor 7.5 kW,No,9,1,102500.00,102500.00,FG-DISP-0003701,SN-DISP-0003701,Generated dispatch item.
3702,1457,1509,100,BLDC Motor 1.5 kW,No,12,1,23125.00,23125.00,FG-DISP-0003702,SN-DISP-0003702,Generated dispatch item.
3703,1458,4210,101,PMSM Motor 3 kW,No,59,4,45625.00,182500.00,FG-DISP-0003703,SN-DISP-0003703,Generated dispatch item.
3704,1459,1511,102,PMSM Motor 7.5 kW,No,9,4,102500.00,410000.00,FG-DISP-0003704,SN-DISP-0003704,Generated dispatch item.
3705,1460,4212,100,BLDC Motor 1.5 kW,No,13,4,23125.00,92500.00,FG-DISP-0003705,SN-DISP-0003705,Generated dispatch item.
3706,1461,1513,101,PMSM Motor 3 kW,No,60,7,45625.00,319375.00,FG-DISP-0003706,SN-DISP-0003706,Generated dispatch item.
3707,1462,4214,102,PMSM Motor 7.5 kW,No,45,7,102500.00,717500.00,FG-DISP-0003707,SN-DISP-0003707,Generated dispatch item.
3708,1463,1515,100,BLDC Motor 1.5 kW,No,5,1,23125.00,23125.00,FG-DISP-0003708,SN-DISP-0003708,Generated dispatch item.
3709,1464,4216,101,PMSM Motor 3 kW,No,27,2,45625.00,91250.00,FG-DISP-0003709,SN-DISP-0003709,Generated dispatch item.
3710,1465,1517,102,PMSM Motor 7.5 kW,No,44,4,102500.00,410000.00,FG-DISP-0003710,SN-DISP-0003710,Generated dispatch item.
3711,1466,4218,100,BLDC Motor 1.5 kW,No,16,3,23125.00,69375.00,FG-DISP-0003711,SN-DISP-0003711,Generated dispatch item.
3712,1467,1519,101,PMSM Motor 3 kW,No,39,4,45625.00,182500.00,FG-DISP-0003712,SN-DISP-0003712,Generated dispatch item.
3713,1468,4220,102,PMSM Motor 7.5 kW,No,32,5,102500.00,512500.00,FG-DISP-0003713,SN-DISP-0003713,Generated dispatch item.
3714,1469,1521,100,BLDC Motor 1.5 kW,No,35,2,23125.00,46250.00,FG-DISP-0003714,SN-DISP-0003714,Generated dispatch item.
3715,1470,4222,101,PMSM Motor 3 kW,No,38,6,45625.00,273750.00,FG-DISP-0003715,SN-DISP-0003715,Generated dispatch item.
3716,1471,1523,102,PMSM Motor 7.5 kW,No,49,2,102500.00,205000.00,FG-DISP-0003716,SN-DISP-0003716,Generated dispatch item.
3717,1472,4224,100,BLDC Motor 1.5 kW,No,50,3,23125.00,69375.00,FG-DISP-0003717,SN-DISP-0003717,Generated dispatch item.
3718,1473,1525,101,PMSM Motor 3 kW,No,60,2,45625.00,91250.00,FG-DISP-0003718,SN-DISP-0003718,Generated dispatch item.
3719,1474,4226,102,PMSM Motor 7.5 kW,No,50,5,102500.00,512500.00,FG-DISP-0003719,SN-DISP-0003719,Generated dispatch item.
3720,1475,1527,100,BLDC Motor 1.5 kW,No,7,5,23125.00,115625.00,FG-DISP-0003720,SN-DISP-0003720,Generated dispatch item.
3721,1476,4228,101,PMSM Motor 3 kW,No,28,5,45625.00,228125.00,FG-DISP-0003721,SN-DISP-0003721,Generated dispatch item.
3722,1477,1529,102,PMSM Motor 7.5 kW,No,39,4,102500.00,410000.00,FG-DISP-0003722,SN-DISP-0003722,Generated dispatch item.
3723,1478,4230,100,BLDC Motor 1.5 kW,No,53,3,23125.00,69375.00,FG-DISP-0003723,SN-DISP-0003723,Generated dispatch item.
3724,1479,1531,101,PMSM Motor 3 kW,No,45,5,45625.00,228125.00,FG-DISP-0003724,SN-DISP-0003724,Generated dispatch item.
3725,1480,4232,102,PMSM Motor 7.5 kW,No,46,1,102500.00,102500.00,FG-DISP-0003725,SN-DISP-0003725,Generated dispatch item.
3726,1481,1533,100,BLDC Motor 1.5 kW,No,22,3,23125.00,69375.00,FG-DISP-0003726,SN-DISP-0003726,Generated dispatch item.
3727,1482,4234,101,PMSM Motor 3 kW,No,17,5,45625.00,228125.00,FG-DISP-0003727,SN-DISP-0003727,Generated dispatch item.
3728,1483,1535,102,PMSM Motor 7.5 kW,No,55,5,102500.00,512500.00,FG-DISP-0003728,SN-DISP-0003728,Generated dispatch item.
3729,1484,4236,100,BLDC Motor 1.5 kW,No,29,2,23125.00,46250.00,FG-DISP-0003729,SN-DISP-0003729,Generated dispatch item.
3730,1485,1537,101,PMSM Motor 3 kW,No,30,3,45625.00,136875.00,FG-DISP-0003730,SN-DISP-0003730,Generated dispatch item.
3731,1486,4238,102,PMSM Motor 7.5 kW,No,21,3,102500.00,307500.00,FG-DISP-0003731,SN-DISP-0003731,Generated dispatch item.
3732,1487,1539,100,BLDC Motor 1.5 kW,No,14,7,23125.00,161875.00,FG-DISP-0003732,SN-DISP-0003732,Generated dispatch item.
3733,1488,4240,101,PMSM Motor 3 kW,No,30,5,45625.00,228125.00,FG-DISP-0003733,SN-DISP-0003733,Generated dispatch item.
3734,1489,1541,102,PMSM Motor 7.5 kW,No,52,1,102500.00,102500.00,FG-DISP-0003734,SN-DISP-0003734,Generated dispatch item.
3735,1490,4242,100,BLDC Motor 1.5 kW,No,23,2,23125.00,46250.00,FG-DISP-0003735,SN-DISP-0003735,Generated dispatch item.
3736,1491,1543,101,PMSM Motor 3 kW,No,57,1,45625.00,45625.00,FG-DISP-0003736,SN-DISP-0003736,Generated dispatch item.
3737,1492,4244,102,PMSM Motor 7.5 kW,No,47,2,102500.00,205000.00,FG-DISP-0003737,SN-DISP-0003737,Generated dispatch item.
3738,1493,1545,100,BLDC Motor 1.5 kW,No,10,2,23125.00,46250.00,FG-DISP-0003738,SN-DISP-0003738,Generated dispatch item.
3739,1494,4246,101,PMSM Motor 3 kW,No,50,4,45625.00,182500.00,FG-DISP-0003739,SN-DISP-0003739,Generated dispatch item.
3740,1495,1547,102,PMSM Motor 7.5 kW,No,47,6,102500.00,615000.00,FG-DISP-0003740,SN-DISP-0003740,Generated dispatch item.
3741,1496,4248,100,BLDC Motor 1.5 kW,No,45,7,23125.00,161875.00,FG-DISP-0003741,SN-DISP-0003741,Generated dispatch item.
3742,1497,1549,101,PMSM Motor 3 kW,No,17,4,45625.00,182500.00,FG-DISP-0003742,SN-DISP-0003742,Generated dispatch item.
3743,1498,4250,102,PMSM Motor 7.5 kW,No,44,6,102500.00,615000.00,FG-DISP-0003743,SN-DISP-0003743,Generated dispatch item.
3745,1500,4252,101,PMSM Motor 3 kW,No,10,4,45625.00,182500.00,FG-DISP-0003745,SN-DISP-0003745,Generated dispatch item.
3746,1501,1553,102,PMSM Motor 7.5 kW,No,19,3,102500.00,307500.00,FG-DISP-0003746,SN-DISP-0003746,Generated dispatch item.
3747,1502,4254,100,BLDC Motor 1.5 kW,No,54,5,23125.00,115625.00,FG-DISP-0003747,SN-DISP-0003747,Generated dispatch item.
3748,1503,1555,101,PMSM Motor 3 kW,No,52,3,45625.00,136875.00,FG-DISP-0003748,SN-DISP-0003748,Generated dispatch item.
3750,1505,1557,100,BLDC Motor 1.5 kW,No,12,3,23125.00,69375.00,FG-DISP-0003750,SN-DISP-0003750,Generated dispatch item.
3751,1506,4258,101,PMSM Motor 3 kW,No,41,7,45625.00,319375.00,FG-DISP-0003751,SN-DISP-0003751,Generated dispatch item.
3752,1507,1559,102,PMSM Motor 7.5 kW,No,12,7,102500.00,717500.00,FG-DISP-0003752,SN-DISP-0003752,Generated dispatch item.
3754,1509,1561,101,PMSM Motor 3 kW,No,46,5,45625.00,228125.00,FG-DISP-0003754,SN-DISP-0003754,Generated dispatch item.
3755,1510,4262,102,PMSM Motor 7.5 kW,No,33,5,102500.00,512500.00,FG-DISP-0003755,SN-DISP-0003755,Generated dispatch item.
3756,1511,1563,100,BLDC Motor 1.5 kW,No,27,5,23125.00,115625.00,FG-DISP-0003756,SN-DISP-0003756,Generated dispatch item.
3757,1512,4264,101,PMSM Motor 3 kW,No,34,6,45625.00,273750.00,FG-DISP-0003757,SN-DISP-0003757,Generated dispatch item.
3758,1513,1565,102,PMSM Motor 7.5 kW,No,13,1,102500.00,102500.00,FG-DISP-0003758,SN-DISP-0003758,Generated dispatch item.
3759,1514,4266,100,BLDC Motor 1.5 kW,No,16,3,23125.00,69375.00,FG-DISP-0003759,SN-DISP-0003759,Generated dispatch item.
3760,1515,1567,101,PMSM Motor 3 kW,No,17,1,45625.00,45625.00,FG-DISP-0003760,SN-DISP-0003760,Generated dispatch item.
3761,1516,4268,102,PMSM Motor 7.5 kW,No,7,1,102500.00,102500.00,FG-DISP-0003761,SN-DISP-0003761,Generated dispatch item.
3762,1517,1569,100,BLDC Motor 1.5 kW,No,49,3,23125.00,69375.00,FG-DISP-0003762,SN-DISP-0003762,Generated dispatch item.
3763,1518,4270,101,PMSM Motor 3 kW,No,13,3,45625.00,136875.00,FG-DISP-0003763,SN-DISP-0003763,Generated dispatch item.
3764,1519,1571,102,PMSM Motor 7.5 kW,No,39,6,102500.00,615000.00,FG-DISP-0003764,SN-DISP-0003764,Generated dispatch item.
3765,1520,4272,100,BLDC Motor 1.5 kW,No,60,2,23125.00,46250.00,FG-DISP-0003765,SN-DISP-0003765,Generated dispatch item.
3766,1521,1573,101,PMSM Motor 3 kW,No,47,7,45625.00,319375.00,FG-DISP-0003766,SN-DISP-0003766,Generated dispatch item.
3767,1522,4274,102,PMSM Motor 7.5 kW,No,56,3,102500.00,307500.00,FG-DISP-0003767,SN-DISP-0003767,Generated dispatch item.
3768,1523,1575,100,BLDC Motor 1.5 kW,No,10,2,23125.00,46250.00,FG-DISP-0003768,SN-DISP-0003768,Generated dispatch item.
3769,1524,4276,101,PMSM Motor 3 kW,No,46,2,45625.00,91250.00,FG-DISP-0003769,SN-DISP-0003769,Generated dispatch item.
3770,1525,1577,102,PMSM Motor 7.5 kW,No,30,5,102500.00,512500.00,FG-DISP-0003770,SN-DISP-0003770,Generated dispatch item.
3771,1526,4278,100,BLDC Motor 1.5 kW,No,17,7,23125.00,161875.00,FG-DISP-0003771,SN-DISP-0003771,Generated dispatch item.
3772,1527,1579,101,PMSM Motor 3 kW,No,49,7,45625.00,319375.00,FG-DISP-0003772,SN-DISP-0003772,Generated dispatch item.
3773,1528,4280,102,PMSM Motor 7.5 kW,No,53,2,102500.00,205000.00,FG-DISP-0003773,SN-DISP-0003773,Generated dispatch item.
3774,1529,1581,100,BLDC Motor 1.5 kW,No,19,7,23125.00,161875.00,FG-DISP-0003774,SN-DISP-0003774,Generated dispatch item.
3775,1530,4282,101,PMSM Motor 3 kW,No,11,2,45625.00,91250.00,FG-DISP-0003775,SN-DISP-0003775,Generated dispatch item.
3776,1531,1583,102,PMSM Motor 7.5 kW,No,14,4,102500.00,410000.00,FG-DISP-0003776,SN-DISP-0003776,Generated dispatch item.
3777,1532,4284,100,BLDC Motor 1.5 kW,No,38,1,23125.00,23125.00,FG-DISP-0003777,SN-DISP-0003777,Generated dispatch item.
3778,1533,1585,101,PMSM Motor 3 kW,No,26,2,45625.00,91250.00,FG-DISP-0003778,SN-DISP-0003778,Generated dispatch item.
3779,1534,4286,102,PMSM Motor 7.5 kW,No,36,3,102500.00,307500.00,FG-DISP-0003779,SN-DISP-0003779,Generated dispatch item.
3780,1535,1587,100,BLDC Motor 1.5 kW,No,23,7,23125.00,161875.00,FG-DISP-0003780,SN-DISP-0003780,Generated dispatch item.
3781,1536,4288,101,PMSM Motor 3 kW,No,53,2,45625.00,91250.00,FG-DISP-0003781,SN-DISP-0003781,Generated dispatch item.
3782,1537,1589,102,PMSM Motor 7.5 kW,No,15,2,102500.00,205000.00,FG-DISP-0003782,SN-DISP-0003782,Generated dispatch item.
3783,1538,4290,100,BLDC Motor 1.5 kW,No,55,2,23125.00,46250.00,FG-DISP-0003783,SN-DISP-0003783,Generated dispatch item.
3784,1539,1591,101,PMSM Motor 3 kW,No,58,2,45625.00,91250.00,FG-DISP-0003784,SN-DISP-0003784,Generated dispatch item.
3785,1540,4292,102,PMSM Motor 7.5 kW,No,20,4,102500.00,410000.00,FG-DISP-0003785,SN-DISP-0003785,Generated dispatch item.
3786,1541,1593,100,BLDC Motor 1.5 kW,No,32,2,23125.00,46250.00,FG-DISP-0003786,SN-DISP-0003786,Generated dispatch item.
3787,1542,4294,101,PMSM Motor 3 kW,No,41,3,45625.00,136875.00,FG-DISP-0003787,SN-DISP-0003787,Generated dispatch item.
3788,1543,1595,102,PMSM Motor 7.5 kW,No,39,4,102500.00,410000.00,FG-DISP-0003788,SN-DISP-0003788,Generated dispatch item.
3789,1544,4296,100,BLDC Motor 1.5 kW,No,23,6,23125.00,138750.00,FG-DISP-0003789,SN-DISP-0003789,Generated dispatch item.
3790,1545,1597,101,PMSM Motor 3 kW,No,11,1,45625.00,45625.00,FG-DISP-0003790,SN-DISP-0003790,Generated dispatch item.
3791,1546,4298,102,PMSM Motor 7.5 kW,No,49,3,102500.00,307500.00,FG-DISP-0003791,SN-DISP-0003791,Generated dispatch item.
3792,1547,1599,100,BLDC Motor 1.5 kW,No,39,4,23125.00,92500.00,FG-DISP-0003792,SN-DISP-0003792,Generated dispatch item.
3793,1548,4300,101,PMSM Motor 3 kW,No,14,7,45625.00,319375.00,FG-DISP-0003793,SN-DISP-0003793,Generated dispatch item.
3794,1549,1601,102,PMSM Motor 7.5 kW,No,36,7,102500.00,717500.00,FG-DISP-0003794,SN-DISP-0003794,Generated dispatch item.
3795,1550,4302,100,BLDC Motor 1.5 kW,No,32,7,23125.00,161875.00,FG-DISP-0003795,SN-DISP-0003795,Generated dispatch item.
3796,1551,1603,101,PMSM Motor 3 kW,No,57,4,45625.00,182500.00,FG-DISP-0003796,SN-DISP-0003796,Generated dispatch item.
3797,1552,4304,102,PMSM Motor 7.5 kW,No,16,1,102500.00,102500.00,FG-DISP-0003797,SN-DISP-0003797,Generated dispatch item.
3798,1553,1605,100,BLDC Motor 1.5 kW,No,28,7,23125.00,161875.00,FG-DISP-0003798,SN-DISP-0003798,Generated dispatch item.
3799,1554,4306,101,PMSM Motor 3 kW,No,55,5,45625.00,228125.00,FG-DISP-0003799,SN-DISP-0003799,Generated dispatch item.
3800,1555,1607,102,PMSM Motor 7.5 kW,No,48,7,102500.00,717500.00,FG-DISP-0003800,SN-DISP-0003800,Generated dispatch item.
3801,1556,4308,100,BLDC Motor 1.5 kW,No,58,7,23125.00,161875.00,FG-DISP-0003801,SN-DISP-0003801,Generated dispatch item.
3802,1557,1609,101,PMSM Motor 3 kW,No,22,6,45625.00,273750.00,FG-DISP-0003802,SN-DISP-0003802,Generated dispatch item.
3803,1558,4310,102,PMSM Motor 7.5 kW,No,49,3,102500.00,307500.00,FG-DISP-0003803,SN-DISP-0003803,Generated dispatch item.
3804,1559,1611,100,BLDC Motor 1.5 kW,No,37,5,23125.00,115625.00,FG-DISP-0003804,SN-DISP-0003804,Generated dispatch item.
3805,1560,4312,101,PMSM Motor 3 kW,No,21,5,45625.00,228125.00,FG-DISP-0003805,SN-DISP-0003805,Generated dispatch item.
3806,1561,1613,102,PMSM Motor 7.5 kW,No,56,7,102500.00,717500.00,FG-DISP-0003806,SN-DISP-0003806,Generated dispatch item.
3807,1562,4314,100,BLDC Motor 1.5 kW,No,29,2,23125.00,46250.00,FG-DISP-0003807,SN-DISP-0003807,Generated dispatch item.
3808,1563,1615,101,PMSM Motor 3 kW,No,40,4,45625.00,182500.00,FG-DISP-0003808,SN-DISP-0003808,Generated dispatch item.
3809,1564,4316,102,PMSM Motor 7.5 kW,No,45,5,102500.00,512500.00,FG-DISP-0003809,SN-DISP-0003809,Generated dispatch item.
3810,1565,1617,100,BLDC Motor 1.5 kW,No,44,2,23125.00,46250.00,FG-DISP-0003810,SN-DISP-0003810,Generated dispatch item.
3811,1566,4318,101,PMSM Motor 3 kW,No,57,3,45625.00,136875.00,FG-DISP-0003811,SN-DISP-0003811,Generated dispatch item.
3812,1567,1619,102,PMSM Motor 7.5 kW,No,54,7,102500.00,717500.00,FG-DISP-0003812,SN-DISP-0003812,Generated dispatch item.
3813,1568,4320,100,BLDC Motor 1.5 kW,No,10,1,23125.00,23125.00,FG-DISP-0003813,SN-DISP-0003813,Generated dispatch item.
3814,1569,1621,101,PMSM Motor 3 kW,No,56,4,45625.00,182500.00,FG-DISP-0003814,SN-DISP-0003814,Generated dispatch item.
3815,1570,4322,102,PMSM Motor 7.5 kW,No,58,5,102500.00,512500.00,FG-DISP-0003815,SN-DISP-0003815,Generated dispatch item.
3816,1571,1623,100,BLDC Motor 1.5 kW,No,16,7,23125.00,161875.00,FG-DISP-0003816,SN-DISP-0003816,Generated dispatch item.
3817,1572,4324,101,PMSM Motor 3 kW,No,20,2,45625.00,91250.00,FG-DISP-0003817,SN-DISP-0003817,Generated dispatch item.
3818,1573,1625,102,PMSM Motor 7.5 kW,No,15,3,102500.00,307500.00,FG-DISP-0003818,SN-DISP-0003818,Generated dispatch item.
3819,1574,4326,100,BLDC Motor 1.5 kW,No,53,1,23125.00,23125.00,FG-DISP-0003819,SN-DISP-0003819,Generated dispatch item.
3820,1575,1627,101,PMSM Motor 3 kW,No,35,3,45625.00,136875.00,FG-DISP-0003820,SN-DISP-0003820,Generated dispatch item.
3821,1576,4328,102,PMSM Motor 7.5 kW,No,29,7,102500.00,717500.00,FG-DISP-0003821,SN-DISP-0003821,Generated dispatch item.
3822,1577,1629,100,BLDC Motor 1.5 kW,No,60,6,23125.00,138750.00,FG-DISP-0003822,SN-DISP-0003822,Generated dispatch item.
3823,1578,4330,101,PMSM Motor 3 kW,No,26,3,45625.00,136875.00,FG-DISP-0003823,SN-DISP-0003823,Generated dispatch item.
3824,1579,1631,102,PMSM Motor 7.5 kW,No,32,5,102500.00,512500.00,FG-DISP-0003824,SN-DISP-0003824,Generated dispatch item.
3825,1580,4332,100,BLDC Motor 1.5 kW,No,42,7,23125.00,161875.00,FG-DISP-0003825,SN-DISP-0003825,Generated dispatch item.
3826,1581,1633,101,PMSM Motor 3 kW,No,23,4,45625.00,182500.00,FG-DISP-0003826,SN-DISP-0003826,Generated dispatch item.
3827,1582,4334,102,PMSM Motor 7.5 kW,No,17,3,102500.00,307500.00,FG-DISP-0003827,SN-DISP-0003827,Generated dispatch item.
3828,1583,1635,100,BLDC Motor 1.5 kW,No,35,7,23125.00,161875.00,FG-DISP-0003828,SN-DISP-0003828,Generated dispatch item.
3829,1584,4336,101,PMSM Motor 3 kW,No,23,6,45625.00,273750.00,FG-DISP-0003829,SN-DISP-0003829,Generated dispatch item.
3830,1585,1637,102,PMSM Motor 7.5 kW,No,8,1,102500.00,102500.00,FG-DISP-0003830,SN-DISP-0003830,Generated dispatch item.
3831,1586,4338,100,BLDC Motor 1.5 kW,No,25,1,23125.00,23125.00,FG-DISP-0003831,SN-DISP-0003831,Generated dispatch item.
3832,1587,1639,101,PMSM Motor 3 kW,No,14,1,45625.00,45625.00,FG-DISP-0003832,SN-DISP-0003832,Generated dispatch item.
3833,1588,4340,102,PMSM Motor 7.5 kW,No,52,1,102500.00,102500.00,FG-DISP-0003833,SN-DISP-0003833,Generated dispatch item.
3834,1589,1641,100,BLDC Motor 1.5 kW,No,13,5,23125.00,115625.00,FG-DISP-0003834,SN-DISP-0003834,Generated dispatch item.
3835,1590,4342,101,PMSM Motor 3 kW,No,44,2,45625.00,91250.00,FG-DISP-0003835,SN-DISP-0003835,Generated dispatch item.
3837,1592,4344,100,BLDC Motor 1.5 kW,No,60,1,23125.00,23125.00,FG-DISP-0003837,SN-DISP-0003837,Generated dispatch item.
3838,1593,1645,101,PMSM Motor 3 kW,No,45,5,45625.00,228125.00,FG-DISP-0003838,SN-DISP-0003838,Generated dispatch item.
3839,1594,4346,102,PMSM Motor 7.5 kW,No,53,4,102500.00,410000.00,FG-DISP-0003839,SN-DISP-0003839,Generated dispatch item.
3840,1595,1647,100,BLDC Motor 1.5 kW,No,23,4,23125.00,92500.00,FG-DISP-0003840,SN-DISP-0003840,Generated dispatch item.
3841,1596,4348,101,PMSM Motor 3 kW,No,14,2,45625.00,91250.00,FG-DISP-0003841,SN-DISP-0003841,Generated dispatch item.
3842,1597,1649,102,PMSM Motor 7.5 kW,No,14,2,102500.00,205000.00,FG-DISP-0003842,SN-DISP-0003842,Generated dispatch item.
3843,1598,4350,100,BLDC Motor 1.5 kW,No,46,2,23125.00,46250.00,FG-DISP-0003843,SN-DISP-0003843,Generated dispatch item.
3844,1599,1651,101,PMSM Motor 3 kW,No,33,5,45625.00,228125.00,FG-DISP-0003844,SN-DISP-0003844,Generated dispatch item.
3845,1600,4352,102,PMSM Motor 7.5 kW,No,45,7,102500.00,717500.00,FG-DISP-0003845,SN-DISP-0003845,Generated dispatch item.
3846,1601,1653,100,BLDC Motor 1.5 kW,No,23,7,23125.00,161875.00,FG-DISP-0003846,SN-DISP-0003846,Generated dispatch item.
3847,1602,4354,101,PMSM Motor 3 kW,No,41,1,45625.00,45625.00,FG-DISP-0003847,SN-DISP-0003847,Generated dispatch item.
3848,1603,1655,102,PMSM Motor 7.5 kW,No,27,5,102500.00,512500.00,FG-DISP-0003848,SN-DISP-0003848,Generated dispatch item.
3849,1604,4356,100,BLDC Motor 1.5 kW,No,56,6,23125.00,138750.00,FG-DISP-0003849,SN-DISP-0003849,Generated dispatch item.
3850,1605,1657,101,PMSM Motor 3 kW,No,22,1,45625.00,45625.00,FG-DISP-0003850,SN-DISP-0003850,Generated dispatch item.
3851,1606,4358,102,PMSM Motor 7.5 kW,No,49,5,102500.00,512500.00,FG-DISP-0003851,SN-DISP-0003851,Generated dispatch item.
3852,1607,1659,100,BLDC Motor 1.5 kW,No,5,4,23125.00,92500.00,FG-DISP-0003852,SN-DISP-0003852,Generated dispatch item.
3853,1608,4360,101,PMSM Motor 3 kW,No,23,2,45625.00,91250.00,FG-DISP-0003853,SN-DISP-0003853,Generated dispatch item.
3854,1609,1661,102,PMSM Motor 7.5 kW,No,43,6,102500.00,615000.00,FG-DISP-0003854,SN-DISP-0003854,Generated dispatch item.
3855,1610,4362,100,BLDC Motor 1.5 kW,No,11,7,23125.00,161875.00,FG-DISP-0003855,SN-DISP-0003855,Generated dispatch item.
3856,1611,1663,101,PMSM Motor 3 kW,No,11,5,45625.00,228125.00,FG-DISP-0003856,SN-DISP-0003856,Generated dispatch item.
3857,1612,4364,102,PMSM Motor 7.5 kW,No,8,2,102500.00,205000.00,FG-DISP-0003857,SN-DISP-0003857,Generated dispatch item.
3858,1613,1665,100,BLDC Motor 1.5 kW,No,17,4,23125.00,92500.00,FG-DISP-0003858,SN-DISP-0003858,Generated dispatch item.
3859,1614,4366,101,PMSM Motor 3 kW,No,9,4,45625.00,182500.00,FG-DISP-0003859,SN-DISP-0003859,Generated dispatch item.
3860,1615,1667,102,PMSM Motor 7.5 kW,No,15,7,102500.00,717500.00,FG-DISP-0003860,SN-DISP-0003860,Generated dispatch item.
3861,1616,4368,100,BLDC Motor 1.5 kW,No,14,6,23125.00,138750.00,FG-DISP-0003861,SN-DISP-0003861,Generated dispatch item.
3862,1617,1669,101,PMSM Motor 3 kW,No,23,5,45625.00,228125.00,FG-DISP-0003862,SN-DISP-0003862,Generated dispatch item.
3863,1618,4370,102,PMSM Motor 7.5 kW,No,29,6,102500.00,615000.00,FG-DISP-0003863,SN-DISP-0003863,Generated dispatch item.
3864,1619,1671,100,BLDC Motor 1.5 kW,No,13,5,23125.00,115625.00,FG-DISP-0003864,SN-DISP-0003864,Generated dispatch item.
3865,1620,4372,101,PMSM Motor 3 kW,No,43,3,45625.00,136875.00,FG-DISP-0003865,SN-DISP-0003865,Generated dispatch item.
3866,1621,1673,102,PMSM Motor 7.5 kW,No,24,1,102500.00,102500.00,FG-DISP-0003866,SN-DISP-0003866,Generated dispatch item.
3867,1622,4374,100,BLDC Motor 1.5 kW,No,19,6,23125.00,138750.00,FG-DISP-0003867,SN-DISP-0003867,Generated dispatch item.
3868,1623,1675,101,PMSM Motor 3 kW,No,18,4,45625.00,182500.00,FG-DISP-0003868,SN-DISP-0003868,Generated dispatch item.
3869,1624,4376,102,PMSM Motor 7.5 kW,No,58,7,102500.00,717500.00,FG-DISP-0003869,SN-DISP-0003869,Generated dispatch item.
3870,1625,1677,100,BLDC Motor 1.5 kW,No,8,4,23125.00,92500.00,FG-DISP-0003870,SN-DISP-0003870,Generated dispatch item.
3871,1626,4378,101,PMSM Motor 3 kW,No,29,4,45625.00,182500.00,FG-DISP-0003871,SN-DISP-0003871,Generated dispatch item.
3872,1627,1679,102,PMSM Motor 7.5 kW,No,53,5,102500.00,512500.00,FG-DISP-0003872,SN-DISP-0003872,Generated dispatch item.
3873,1628,4380,100,BLDC Motor 1.5 kW,No,16,5,23125.00,115625.00,FG-DISP-0003873,SN-DISP-0003873,Generated dispatch item.
3874,1629,1681,101,PMSM Motor 3 kW,No,22,7,45625.00,319375.00,FG-DISP-0003874,SN-DISP-0003874,Generated dispatch item.
3875,1630,4382,102,PMSM Motor 7.5 kW,No,57,3,102500.00,307500.00,FG-DISP-0003875,SN-DISP-0003875,Generated dispatch item.
3876,1631,1683,100,BLDC Motor 1.5 kW,No,10,3,23125.00,69375.00,FG-DISP-0003876,SN-DISP-0003876,Generated dispatch item.
3877,1632,4384,101,PMSM Motor 3 kW,No,34,3,45625.00,136875.00,FG-DISP-0003877,SN-DISP-0003877,Generated dispatch item.
3878,1633,1685,102,PMSM Motor 7.5 kW,No,34,1,102500.00,102500.00,FG-DISP-0003878,SN-DISP-0003878,Generated dispatch item.
3879,1634,4386,100,BLDC Motor 1.5 kW,No,9,4,23125.00,92500.00,FG-DISP-0003879,SN-DISP-0003879,Generated dispatch item.
3880,1635,1687,101,PMSM Motor 3 kW,No,11,4,45625.00,182500.00,FG-DISP-0003880,SN-DISP-0003880,Generated dispatch item.
3881,1636,4388,102,PMSM Motor 7.5 kW,No,46,2,102500.00,205000.00,FG-DISP-0003881,SN-DISP-0003881,Generated dispatch item.
3882,1637,1689,100,BLDC Motor 1.5 kW,No,48,6,23125.00,138750.00,FG-DISP-0003882,SN-DISP-0003882,Generated dispatch item.
3883,1638,4390,101,PMSM Motor 3 kW,No,11,5,45625.00,228125.00,FG-DISP-0003883,SN-DISP-0003883,Generated dispatch item.
3884,1639,1691,102,PMSM Motor 7.5 kW,No,8,2,102500.00,205000.00,FG-DISP-0003884,SN-DISP-0003884,Generated dispatch item.
3885,1640,4392,100,BLDC Motor 1.5 kW,No,25,2,23125.00,46250.00,FG-DISP-0003885,SN-DISP-0003885,Generated dispatch item.
3886,1641,1693,101,PMSM Motor 3 kW,No,31,5,45625.00,228125.00,FG-DISP-0003886,SN-DISP-0003886,Generated dispatch item.
3887,1642,4394,102,PMSM Motor 7.5 kW,No,60,1,102500.00,102500.00,FG-DISP-0003887,SN-DISP-0003887,Generated dispatch item.
3888,1643,1695,100,BLDC Motor 1.5 kW,No,57,2,23125.00,46250.00,FG-DISP-0003888,SN-DISP-0003888,Generated dispatch item.
3889,1644,4396,101,PMSM Motor 3 kW,No,56,4,45625.00,182500.00,FG-DISP-0003889,SN-DISP-0003889,Generated dispatch item.
3890,1645,1697,102,PMSM Motor 7.5 kW,No,13,7,102500.00,717500.00,FG-DISP-0003890,SN-DISP-0003890,Generated dispatch item.
3891,1646,4398,100,BLDC Motor 1.5 kW,No,23,1,23125.00,23125.00,FG-DISP-0003891,SN-DISP-0003891,Generated dispatch item.
3892,1647,1699,101,PMSM Motor 3 kW,No,16,4,45625.00,182500.00,FG-DISP-0003892,SN-DISP-0003892,Generated dispatch item.
3893,1648,4400,102,PMSM Motor 7.5 kW,No,33,4,102500.00,410000.00,FG-DISP-0003893,SN-DISP-0003893,Generated dispatch item.
3894,1649,1701,100,BLDC Motor 1.5 kW,No,38,2,23125.00,46250.00,FG-DISP-0003894,SN-DISP-0003894,Generated dispatch item.
3895,1650,4402,101,PMSM Motor 3 kW,No,43,4,45625.00,182500.00,FG-DISP-0003895,SN-DISP-0003895,Generated dispatch item.
3896,1651,1703,102,PMSM Motor 7.5 kW,No,59,5,102500.00,512500.00,FG-DISP-0003896,SN-DISP-0003896,Generated dispatch item.
3897,1652,4404,100,BLDC Motor 1.5 kW,No,50,1,23125.00,23125.00,FG-DISP-0003897,SN-DISP-0003897,Generated dispatch item.
3898,1653,1705,101,PMSM Motor 3 kW,No,26,7,45625.00,319375.00,FG-DISP-0003898,SN-DISP-0003898,Generated dispatch item.
3899,1654,4406,102,PMSM Motor 7.5 kW,No,41,2,102500.00,205000.00,FG-DISP-0003899,SN-DISP-0003899,Generated dispatch item.
3900,1655,1707,100,BLDC Motor 1.5 kW,No,41,3,23125.00,69375.00,FG-DISP-0003900,SN-DISP-0003900,Generated dispatch item.
3901,1656,4408,101,PMSM Motor 3 kW,No,16,1,45625.00,45625.00,FG-DISP-0003901,SN-DISP-0003901,Generated dispatch item.
3902,1657,1709,102,PMSM Motor 7.5 kW,No,13,5,102500.00,512500.00,FG-DISP-0003902,SN-DISP-0003902,Generated dispatch item.
3903,1658,4410,100,BLDC Motor 1.5 kW,No,52,5,23125.00,115625.00,FG-DISP-0003903,SN-DISP-0003903,Generated dispatch item.
3904,1659,1711,101,PMSM Motor 3 kW,No,40,1,45625.00,45625.00,FG-DISP-0003904,SN-DISP-0003904,Generated dispatch item.
3905,1660,4412,102,PMSM Motor 7.5 kW,No,52,3,102500.00,307500.00,FG-DISP-0003905,SN-DISP-0003905,Generated dispatch item.
3906,1661,1713,100,BLDC Motor 1.5 kW,No,19,6,23125.00,138750.00,FG-DISP-0003906,SN-DISP-0003906,Generated dispatch item.
3907,1662,4414,101,PMSM Motor 3 kW,No,31,5,45625.00,228125.00,FG-DISP-0003907,SN-DISP-0003907,Generated dispatch item.
3908,1663,1715,102,PMSM Motor 7.5 kW,No,39,3,102500.00,307500.00,FG-DISP-0003908,SN-DISP-0003908,Generated dispatch item.
3909,1664,4416,100,BLDC Motor 1.5 kW,No,59,5,23125.00,115625.00,FG-DISP-0003909,SN-DISP-0003909,Generated dispatch item.
3910,1665,1717,101,PMSM Motor 3 kW,No,9,6,45625.00,273750.00,FG-DISP-0003910,SN-DISP-0003910,Generated dispatch item.
3911,1666,4418,102,PMSM Motor 7.5 kW,No,40,3,102500.00,307500.00,FG-DISP-0003911,SN-DISP-0003911,Generated dispatch item.
3912,1667,1719,100,BLDC Motor 1.5 kW,No,34,2,23125.00,46250.00,FG-DISP-0003912,SN-DISP-0003912,Generated dispatch item.
3913,1668,4420,101,PMSM Motor 3 kW,No,54,1,45625.00,45625.00,FG-DISP-0003913,SN-DISP-0003913,Generated dispatch item.
3914,1669,1721,102,PMSM Motor 7.5 kW,No,18,7,102500.00,717500.00,FG-DISP-0003914,SN-DISP-0003914,Generated dispatch item.
3915,1670,4422,100,BLDC Motor 1.5 kW,No,56,3,23125.00,69375.00,FG-DISP-0003915,SN-DISP-0003915,Generated dispatch item.
3916,1671,1723,101,PMSM Motor 3 kW,No,43,6,45625.00,273750.00,FG-DISP-0003916,SN-DISP-0003916,Generated dispatch item.
3917,1672,4424,102,PMSM Motor 7.5 kW,No,52,3,102500.00,307500.00,FG-DISP-0003917,SN-DISP-0003917,Generated dispatch item.
3918,1673,1725,100,BLDC Motor 1.5 kW,No,46,5,23125.00,115625.00,FG-DISP-0003918,SN-DISP-0003918,Generated dispatch item.
3919,1674,4426,101,PMSM Motor 3 kW,No,13,3,45625.00,136875.00,FG-DISP-0003919,SN-DISP-0003919,Generated dispatch item.
3920,1675,1727,102,PMSM Motor 7.5 kW,No,52,5,102500.00,512500.00,FG-DISP-0003920,SN-DISP-0003920,Generated dispatch item.
3921,1676,4428,100,BLDC Motor 1.5 kW,No,31,7,23125.00,161875.00,FG-DISP-0003921,SN-DISP-0003921,Generated dispatch item.
3922,1677,1729,101,PMSM Motor 3 kW,No,60,6,45625.00,273750.00,FG-DISP-0003922,SN-DISP-0003922,Generated dispatch item.
3923,1678,4430,102,PMSM Motor 7.5 kW,No,9,2,102500.00,205000.00,FG-DISP-0003923,SN-DISP-0003923,Generated dispatch item.
3924,1679,1731,100,BLDC Motor 1.5 kW,No,30,4,23125.00,92500.00,FG-DISP-0003924,SN-DISP-0003924,Generated dispatch item.
3925,1680,4432,101,PMSM Motor 3 kW,No,42,2,45625.00,91250.00,FG-DISP-0003925,SN-DISP-0003925,Generated dispatch item.
3926,1681,1733,102,PMSM Motor 7.5 kW,No,42,2,102500.00,205000.00,FG-DISP-0003926,SN-DISP-0003926,Generated dispatch item.
3927,1682,4434,100,BLDC Motor 1.5 kW,No,48,6,23125.00,138750.00,FG-DISP-0003927,SN-DISP-0003927,Generated dispatch item.
3928,1683,1735,101,PMSM Motor 3 kW,No,6,1,45625.00,45625.00,FG-DISP-0003928,SN-DISP-0003928,Generated dispatch item.
3929,1684,4436,102,PMSM Motor 7.5 kW,No,44,7,102500.00,717500.00,FG-DISP-0003929,SN-DISP-0003929,Generated dispatch item.
3930,1685,1737,100,BLDC Motor 1.5 kW,No,55,6,23125.00,138750.00,FG-DISP-0003930,SN-DISP-0003930,Generated dispatch item.
3931,1686,4438,101,PMSM Motor 3 kW,No,49,4,45625.00,182500.00,FG-DISP-0003931,SN-DISP-0003931,Generated dispatch item.
3932,1687,1739,102,PMSM Motor 7.5 kW,No,39,4,102500.00,410000.00,FG-DISP-0003932,SN-DISP-0003932,Generated dispatch item.
3933,1688,4440,100,BLDC Motor 1.5 kW,No,35,4,23125.00,92500.00,FG-DISP-0003933,SN-DISP-0003933,Generated dispatch item.
3934,1689,1741,101,PMSM Motor 3 kW,No,28,6,45625.00,273750.00,FG-DISP-0003934,SN-DISP-0003934,Generated dispatch item.
3935,1690,4442,102,PMSM Motor 7.5 kW,No,59,1,102500.00,102500.00,FG-DISP-0003935,SN-DISP-0003935,Generated dispatch item.
3936,1691,1743,100,BLDC Motor 1.5 kW,No,29,6,23125.00,138750.00,FG-DISP-0003936,SN-DISP-0003936,Generated dispatch item.
3937,1692,4444,101,PMSM Motor 3 kW,No,26,6,45625.00,273750.00,FG-DISP-0003937,SN-DISP-0003937,Generated dispatch item.
3938,1693,1745,102,PMSM Motor 7.5 kW,No,47,7,102500.00,717500.00,FG-DISP-0003938,SN-DISP-0003938,Generated dispatch item.
3939,1694,4446,100,BLDC Motor 1.5 kW,No,40,5,23125.00,115625.00,FG-DISP-0003939,SN-DISP-0003939,Generated dispatch item.
3940,1695,1747,101,PMSM Motor 3 kW,No,51,4,45625.00,182500.00,FG-DISP-0003940,SN-DISP-0003940,Generated dispatch item.
3941,1696,4448,102,PMSM Motor 7.5 kW,No,24,4,102500.00,410000.00,FG-DISP-0003941,SN-DISP-0003941,Generated dispatch item.
3942,1697,1749,100,BLDC Motor 1.5 kW,No,50,5,23125.00,115625.00,FG-DISP-0003942,SN-DISP-0003942,Generated dispatch item.
3943,1698,4450,101,PMSM Motor 3 kW,No,51,3,45625.00,136875.00,FG-DISP-0003943,SN-DISP-0003943,Generated dispatch item.
3944,1699,1751,102,PMSM Motor 7.5 kW,No,33,6,102500.00,615000.00,FG-DISP-0003944,SN-DISP-0003944,Generated dispatch item.
3945,1700,4452,100,BLDC Motor 1.5 kW,No,27,4,23125.00,92500.00,FG-DISP-0003945,SN-DISP-0003945,Generated dispatch item.
3946,1701,1753,101,PMSM Motor 3 kW,No,25,2,45625.00,91250.00,FG-DISP-0003946,SN-DISP-0003946,Generated dispatch item.
3947,1702,4454,102,PMSM Motor 7.5 kW,No,11,5,102500.00,512500.00,FG-DISP-0003947,SN-DISP-0003947,Generated dispatch item.
3948,1703,1755,100,BLDC Motor 1.5 kW,No,57,3,23125.00,69375.00,FG-DISP-0003948,SN-DISP-0003948,Generated dispatch item.
3949,1704,4456,101,PMSM Motor 3 kW,No,13,1,45625.00,45625.00,FG-DISP-0003949,SN-DISP-0003949,Generated dispatch item.
3950,1705,1757,102,PMSM Motor 7.5 kW,No,40,4,102500.00,410000.00,FG-DISP-0003950,SN-DISP-0003950,Generated dispatch item.
3951,1706,4458,100,BLDC Motor 1.5 kW,No,30,4,23125.00,92500.00,FG-DISP-0003951,SN-DISP-0003951,Generated dispatch item.
3952,1707,1759,101,PMSM Motor 3 kW,No,35,3,45625.00,136875.00,FG-DISP-0003952,SN-DISP-0003952,Generated dispatch item.
3953,1708,4460,102,PMSM Motor 7.5 kW,No,12,1,102500.00,102500.00,FG-DISP-0003953,SN-DISP-0003953,Generated dispatch item.
3954,1709,1761,100,BLDC Motor 1.5 kW,No,38,4,23125.00,92500.00,FG-DISP-0003954,SN-DISP-0003954,Generated dispatch item.
3955,1710,4462,101,PMSM Motor 3 kW,No,50,6,45625.00,273750.00,FG-DISP-0003955,SN-DISP-0003955,Generated dispatch item.
3956,1711,1763,102,PMSM Motor 7.5 kW,No,40,6,102500.00,615000.00,FG-DISP-0003956,SN-DISP-0003956,Generated dispatch item.
3957,1712,4464,100,BLDC Motor 1.5 kW,No,42,2,23125.00,46250.00,FG-DISP-0003957,SN-DISP-0003957,Generated dispatch item.
3958,1713,1765,101,PMSM Motor 3 kW,No,44,4,45625.00,182500.00,FG-DISP-0003958,SN-DISP-0003958,Generated dispatch item.
3959,1714,4466,102,PMSM Motor 7.5 kW,No,36,7,102500.00,717500.00,FG-DISP-0003959,SN-DISP-0003959,Generated dispatch item.
3960,1715,1767,100,BLDC Motor 1.5 kW,No,35,3,23125.00,69375.00,FG-DISP-0003960,SN-DISP-0003960,Generated dispatch item.
3961,1716,4468,101,PMSM Motor 3 kW,No,14,4,45625.00,182500.00,FG-DISP-0003961,SN-DISP-0003961,Generated dispatch item.
3962,1717,1769,102,PMSM Motor 7.5 kW,No,54,5,102500.00,512500.00,FG-DISP-0003962,SN-DISP-0003962,Generated dispatch item.
3963,1718,4470,100,BLDC Motor 1.5 kW,No,58,4,23125.00,92500.00,FG-DISP-0003963,SN-DISP-0003963,Generated dispatch item.
3964,1719,1771,101,PMSM Motor 3 kW,No,53,6,45625.00,273750.00,FG-DISP-0003964,SN-DISP-0003964,Generated dispatch item.
3965,1720,4472,102,PMSM Motor 7.5 kW,No,55,3,102500.00,307500.00,FG-DISP-0003965,SN-DISP-0003965,Generated dispatch item.
3966,1721,1773,100,BLDC Motor 1.5 kW,No,29,4,23125.00,92500.00,FG-DISP-0003966,SN-DISP-0003966,Generated dispatch item.
3967,1722,4474,101,PMSM Motor 3 kW,No,42,4,45625.00,182500.00,FG-DISP-0003967,SN-DISP-0003967,Generated dispatch item.
3968,1723,1775,102,PMSM Motor 7.5 kW,No,14,6,102500.00,615000.00,FG-DISP-0003968,SN-DISP-0003968,Generated dispatch item.
3969,1724,4476,100,BLDC Motor 1.5 kW,No,7,3,23125.00,69375.00,FG-DISP-0003969,SN-DISP-0003969,Generated dispatch item.
3970,1725,1777,101,PMSM Motor 3 kW,No,37,2,45625.00,91250.00,FG-DISP-0003970,SN-DISP-0003970,Generated dispatch item.
3971,1726,4478,102,PMSM Motor 7.5 kW,No,16,3,102500.00,307500.00,FG-DISP-0003971,SN-DISP-0003971,Generated dispatch item.
3972,1727,1779,100,BLDC Motor 1.5 kW,No,39,2,23125.00,46250.00,FG-DISP-0003972,SN-DISP-0003972,Generated dispatch item.
3973,1728,4480,101,PMSM Motor 3 kW,No,18,2,45625.00,91250.00,FG-DISP-0003973,SN-DISP-0003973,Generated dispatch item.
3974,1729,1781,102,PMSM Motor 7.5 kW,No,34,6,102500.00,615000.00,FG-DISP-0003974,SN-DISP-0003974,Generated dispatch item.
3975,1730,4482,100,BLDC Motor 1.5 kW,No,32,3,23125.00,69375.00,FG-DISP-0003975,SN-DISP-0003975,Generated dispatch item.
3976,1731,1783,101,PMSM Motor 3 kW,No,54,2,45625.00,91250.00,FG-DISP-0003976,SN-DISP-0003976,Generated dispatch item.
3977,1732,4484,102,PMSM Motor 7.5 kW,No,33,6,102500.00,615000.00,FG-DISP-0003977,SN-DISP-0003977,Generated dispatch item.
3978,1733,1785,100,BLDC Motor 1.5 kW,No,10,6,23125.00,138750.00,FG-DISP-0003978,SN-DISP-0003978,Generated dispatch item.
3979,1734,4486,101,PMSM Motor 3 kW,No,43,2,45625.00,91250.00,FG-DISP-0003979,SN-DISP-0003979,Generated dispatch item.
3980,1735,1787,102,PMSM Motor 7.5 kW,No,21,3,102500.00,307500.00,FG-DISP-0003980,SN-DISP-0003980,Generated dispatch item.
3981,1736,4488,100,BLDC Motor 1.5 kW,No,11,6,23125.00,138750.00,FG-DISP-0003981,SN-DISP-0003981,Generated dispatch item.
3982,1737,1789,101,PMSM Motor 3 kW,No,53,2,45625.00,91250.00,FG-DISP-0003982,SN-DISP-0003982,Generated dispatch item.
3983,1738,4490,102,PMSM Motor 7.5 kW,No,20,7,102500.00,717500.00,FG-DISP-0003983,SN-DISP-0003983,Generated dispatch item.
3984,1739,1791,100,BLDC Motor 1.5 kW,No,57,5,23125.00,115625.00,FG-DISP-0003984,SN-DISP-0003984,Generated dispatch item.
3985,1740,4492,101,PMSM Motor 3 kW,No,59,5,45625.00,228125.00,FG-DISP-0003985,SN-DISP-0003985,Generated dispatch item.
3986,1741,1793,102,PMSM Motor 7.5 kW,No,28,4,102500.00,410000.00,FG-DISP-0003986,SN-DISP-0003986,Generated dispatch item.
3987,1742,4494,100,BLDC Motor 1.5 kW,No,54,1,23125.00,23125.00,FG-DISP-0003987,SN-DISP-0003987,Generated dispatch item.
3988,1743,1795,101,PMSM Motor 3 kW,No,15,6,45625.00,273750.00,FG-DISP-0003988,SN-DISP-0003988,Generated dispatch item.
3989,1744,4496,102,PMSM Motor 7.5 kW,No,57,4,102500.00,410000.00,FG-DISP-0003989,SN-DISP-0003989,Generated dispatch item.
3990,1745,1797,100,BLDC Motor 1.5 kW,No,28,2,23125.00,46250.00,FG-DISP-0003990,SN-DISP-0003990,Generated dispatch item.
3991,1746,4498,101,PMSM Motor 3 kW,No,51,6,45625.00,273750.00,FG-DISP-0003991,SN-DISP-0003991,Generated dispatch item.
3992,1747,1799,102,PMSM Motor 7.5 kW,No,30,3,102500.00,307500.00,FG-DISP-0003992,SN-DISP-0003992,Generated dispatch item.
3993,1748,4500,100,BLDC Motor 1.5 kW,No,49,3,23125.00,69375.00,FG-DISP-0003993,SN-DISP-0003993,Generated dispatch item.
3994,1749,1801,101,PMSM Motor 3 kW,No,34,5,45625.00,228125.00,FG-DISP-0003994,SN-DISP-0003994,Generated dispatch item.
3995,1750,4502,102,PMSM Motor 7.5 kW,No,55,2,102500.00,205000.00,FG-DISP-0003995,SN-DISP-0003995,Generated dispatch item.
3996,1751,1803,100,BLDC Motor 1.5 kW,No,20,1,23125.00,23125.00,FG-DISP-0003996,SN-DISP-0003996,Generated dispatch item.
3997,1752,4504,101,PMSM Motor 3 kW,No,39,3,45625.00,136875.00,FG-DISP-0003997,SN-DISP-0003997,Generated dispatch item.
3998,1753,1805,102,PMSM Motor 7.5 kW,No,22,5,102500.00,512500.00,FG-DISP-0003998,SN-DISP-0003998,Generated dispatch item.
3999,1754,4506,100,BLDC Motor 1.5 kW,No,34,3,23125.00,69375.00,FG-DISP-0003999,SN-DISP-0003999,Generated dispatch item.
4000,1755,1807,101,PMSM Motor 3 kW,No,41,5,45625.00,228125.00,FG-DISP-0004000,SN-DISP-0004000,Generated dispatch item.
4001,1756,4508,102,PMSM Motor 7.5 kW,No,53,1,102500.00,102500.00,FG-DISP-0004001,SN-DISP-0004001,Generated dispatch item.
4002,1757,1809,100,BLDC Motor 1.5 kW,No,39,2,23125.00,46250.00,FG-DISP-0004002,SN-DISP-0004002,Generated dispatch item.
4003,1758,4510,101,PMSM Motor 3 kW,No,7,2,45625.00,91250.00,FG-DISP-0004003,SN-DISP-0004003,Generated dispatch item.
4004,1759,1811,102,PMSM Motor 7.5 kW,No,42,1,102500.00,102500.00,FG-DISP-0004004,SN-DISP-0004004,Generated dispatch item.
4005,1760,4512,100,BLDC Motor 1.5 kW,No,45,5,23125.00,115625.00,FG-DISP-0004005,SN-DISP-0004005,Generated dispatch item.
4006,1761,1813,101,PMSM Motor 3 kW,No,26,2,45625.00,91250.00,FG-DISP-0004006,SN-DISP-0004006,Generated dispatch item.
4007,1762,4514,102,PMSM Motor 7.5 kW,No,44,4,102500.00,410000.00,FG-DISP-0004007,SN-DISP-0004007,Generated dispatch item.
4008,1763,1815,100,BLDC Motor 1.5 kW,No,23,7,23125.00,161875.00,FG-DISP-0004008,SN-DISP-0004008,Generated dispatch item.
4009,1764,4516,101,PMSM Motor 3 kW,No,22,2,45625.00,91250.00,FG-DISP-0004009,SN-DISP-0004009,Generated dispatch item.
4010,1765,1817,102,PMSM Motor 7.5 kW,No,24,2,102500.00,205000.00,FG-DISP-0004010,SN-DISP-0004010,Generated dispatch item.
4011,1766,4518,100,BLDC Motor 1.5 kW,No,23,7,23125.00,161875.00,FG-DISP-0004011,SN-DISP-0004011,Generated dispatch item.
4012,1767,1819,101,PMSM Motor 3 kW,No,58,3,45625.00,136875.00,FG-DISP-0004012,SN-DISP-0004012,Generated dispatch item.
4013,1768,4520,102,PMSM Motor 7.5 kW,No,12,3,102500.00,307500.00,FG-DISP-0004013,SN-DISP-0004013,Generated dispatch item.
4014,1769,1821,100,BLDC Motor 1.5 kW,No,27,6,23125.00,138750.00,FG-DISP-0004014,SN-DISP-0004014,Generated dispatch item.
4015,1770,4522,101,PMSM Motor 3 kW,No,17,1,45625.00,45625.00,FG-DISP-0004015,SN-DISP-0004015,Generated dispatch item.
4016,1771,1823,102,PMSM Motor 7.5 kW,No,38,3,102500.00,307500.00,FG-DISP-0004016,SN-DISP-0004016,Generated dispatch item.
4017,1772,4524,100,BLDC Motor 1.5 kW,No,20,2,23125.00,46250.00,FG-DISP-0004017,SN-DISP-0004017,Generated dispatch item.
4018,1773,1825,101,PMSM Motor 3 kW,No,34,7,45625.00,319375.00,FG-DISP-0004018,SN-DISP-0004018,Generated dispatch item.
4019,1774,4526,102,PMSM Motor 7.5 kW,No,37,3,102500.00,307500.00,FG-DISP-0004019,SN-DISP-0004019,Generated dispatch item.
4020,1775,1827,100,BLDC Motor 1.5 kW,No,54,4,23125.00,92500.00,FG-DISP-0004020,SN-DISP-0004020,Generated dispatch item.
4021,1776,4528,101,PMSM Motor 3 kW,No,38,4,45625.00,182500.00,FG-DISP-0004021,SN-DISP-0004021,Generated dispatch item.
4022,1777,1829,102,PMSM Motor 7.5 kW,No,25,4,102500.00,410000.00,FG-DISP-0004022,SN-DISP-0004022,Generated dispatch item.
4023,1778,4530,100,BLDC Motor 1.5 kW,No,32,1,23125.00,23125.00,FG-DISP-0004023,SN-DISP-0004023,Generated dispatch item.
4024,1779,1831,101,PMSM Motor 3 kW,No,29,2,45625.00,91250.00,FG-DISP-0004024,SN-DISP-0004024,Generated dispatch item.
4025,1780,4532,102,PMSM Motor 7.5 kW,No,45,6,102500.00,615000.00,FG-DISP-0004025,SN-DISP-0004025,Generated dispatch item.
4026,1781,1833,100,BLDC Motor 1.5 kW,No,52,4,23125.00,92500.00,FG-DISP-0004026,SN-DISP-0004026,Generated dispatch item.
4027,1782,4534,101,PMSM Motor 3 kW,No,50,7,45625.00,319375.00,FG-DISP-0004027,SN-DISP-0004027,Generated dispatch item.
4028,1783,1835,102,PMSM Motor 7.5 kW,No,14,4,102500.00,410000.00,FG-DISP-0004028,SN-DISP-0004028,Generated dispatch item.
4029,1784,4536,100,BLDC Motor 1.5 kW,No,9,3,23125.00,69375.00,FG-DISP-0004029,SN-DISP-0004029,Generated dispatch item.
4030,1785,1837,101,PMSM Motor 3 kW,No,38,3,45625.00,136875.00,FG-DISP-0004030,SN-DISP-0004030,Generated dispatch item.
4031,1786,4538,102,PMSM Motor 7.5 kW,No,26,6,102500.00,615000.00,FG-DISP-0004031,SN-DISP-0004031,Generated dispatch item.
4032,1787,1839,100,BLDC Motor 1.5 kW,No,27,2,23125.00,46250.00,FG-DISP-0004032,SN-DISP-0004032,Generated dispatch item.
4033,1788,4540,101,PMSM Motor 3 kW,No,43,5,45625.00,228125.00,FG-DISP-0004033,SN-DISP-0004033,Generated dispatch item.
4034,1789,1841,102,PMSM Motor 7.5 kW,No,60,7,102500.00,717500.00,FG-DISP-0004034,SN-DISP-0004034,Generated dispatch item.
4035,1790,4542,100,BLDC Motor 1.5 kW,No,32,6,23125.00,138750.00,FG-DISP-0004035,SN-DISP-0004035,Generated dispatch item.
4036,1791,1843,101,PMSM Motor 3 kW,No,45,3,45625.00,136875.00,FG-DISP-0004036,SN-DISP-0004036,Generated dispatch item.
4037,1792,4544,102,PMSM Motor 7.5 kW,No,46,2,102500.00,205000.00,FG-DISP-0004037,SN-DISP-0004037,Generated dispatch item.
4039,1794,4546,101,PMSM Motor 3 kW,No,39,5,45625.00,228125.00,FG-DISP-0004039,SN-DISP-0004039,Generated dispatch item.
4040,1795,1847,102,PMSM Motor 7.5 kW,No,52,5,102500.00,512500.00,FG-DISP-0004040,SN-DISP-0004040,Generated dispatch item.
4041,1796,4548,100,BLDC Motor 1.5 kW,No,17,6,23125.00,138750.00,FG-DISP-0004041,SN-DISP-0004041,Generated dispatch item.
4042,1797,1849,101,PMSM Motor 3 kW,No,44,1,45625.00,45625.00,FG-DISP-0004042,SN-DISP-0004042,Generated dispatch item.
4043,1798,4550,102,PMSM Motor 7.5 kW,No,42,4,102500.00,410000.00,FG-DISP-0004043,SN-DISP-0004043,Generated dispatch item.
4044,1799,1851,100,BLDC Motor 1.5 kW,No,36,1,23125.00,23125.00,FG-DISP-0004044,SN-DISP-0004044,Generated dispatch item.
4045,1800,4552,101,PMSM Motor 3 kW,No,43,7,45625.00,319375.00,FG-DISP-0004045,SN-DISP-0004045,Generated dispatch item.
4046,1801,1853,102,PMSM Motor 7.5 kW,No,18,7,102500.00,717500.00,FG-DISP-0004046,SN-DISP-0004046,Generated dispatch item.
4047,1802,4554,100,BLDC Motor 1.5 kW,No,5,1,23125.00,23125.00,FG-DISP-0004047,SN-DISP-0004047,Generated dispatch item.
4048,1803,1855,101,PMSM Motor 3 kW,No,13,3,45625.00,136875.00,FG-DISP-0004048,SN-DISP-0004048,Generated dispatch item.
4049,1804,4556,102,PMSM Motor 7.5 kW,No,26,6,102500.00,615000.00,FG-DISP-0004049,SN-DISP-0004049,Generated dispatch item.
4050,1805,1857,100,BLDC Motor 1.5 kW,No,40,4,23125.00,92500.00,FG-DISP-0004050,SN-DISP-0004050,Generated dispatch item.
4051,1806,4558,101,PMSM Motor 3 kW,No,39,5,45625.00,228125.00,FG-DISP-0004051,SN-DISP-0004051,Generated dispatch item.
4052,1807,1859,102,PMSM Motor 7.5 kW,No,29,2,102500.00,205000.00,FG-DISP-0004052,SN-DISP-0004052,Generated dispatch item.
4053,1808,4560,100,BLDC Motor 1.5 kW,No,39,4,23125.00,92500.00,FG-DISP-0004053,SN-DISP-0004053,Generated dispatch item.
4054,1809,1861,101,PMSM Motor 3 kW,No,53,7,45625.00,319375.00,FG-DISP-0004054,SN-DISP-0004054,Generated dispatch item.
4055,1810,4562,102,PMSM Motor 7.5 kW,No,41,2,102500.00,205000.00,FG-DISP-0004055,SN-DISP-0004055,Generated dispatch item.
4056,1811,1863,100,BLDC Motor 1.5 kW,No,19,3,23125.00,69375.00,FG-DISP-0004056,SN-DISP-0004056,Generated dispatch item.
4057,1812,4564,101,PMSM Motor 3 kW,No,17,3,45625.00,136875.00,FG-DISP-0004057,SN-DISP-0004057,Generated dispatch item.
4058,1813,1865,102,PMSM Motor 7.5 kW,No,40,2,102500.00,205000.00,FG-DISP-0004058,SN-DISP-0004058,Generated dispatch item.
4059,1814,4566,100,BLDC Motor 1.5 kW,No,31,3,23125.00,69375.00,FG-DISP-0004059,SN-DISP-0004059,Generated dispatch item.
4060,1815,1867,101,PMSM Motor 3 kW,No,18,5,45625.00,228125.00,FG-DISP-0004060,SN-DISP-0004060,Generated dispatch item.
4061,1816,4568,102,PMSM Motor 7.5 kW,No,15,1,102500.00,102500.00,FG-DISP-0004061,SN-DISP-0004061,Generated dispatch item.
4062,1817,1869,100,BLDC Motor 1.5 kW,No,40,2,23125.00,46250.00,FG-DISP-0004062,SN-DISP-0004062,Generated dispatch item.
4063,1818,4570,101,PMSM Motor 3 kW,No,13,6,45625.00,273750.00,FG-DISP-0004063,SN-DISP-0004063,Generated dispatch item.
4064,1819,1871,102,PMSM Motor 7.5 kW,No,7,2,102500.00,205000.00,FG-DISP-0004064,SN-DISP-0004064,Generated dispatch item.
4065,1820,4572,100,BLDC Motor 1.5 kW,No,27,3,23125.00,69375.00,FG-DISP-0004065,SN-DISP-0004065,Generated dispatch item.
4066,1821,1873,101,PMSM Motor 3 kW,No,26,5,45625.00,228125.00,FG-DISP-0004066,SN-DISP-0004066,Generated dispatch item.
4067,1822,4574,102,PMSM Motor 7.5 kW,No,23,6,102500.00,615000.00,FG-DISP-0004067,SN-DISP-0004067,Generated dispatch item.
4068,1823,1875,100,BLDC Motor 1.5 kW,No,14,7,23125.00,161875.00,FG-DISP-0004068,SN-DISP-0004068,Generated dispatch item.
4069,1824,4576,101,PMSM Motor 3 kW,No,32,2,45625.00,91250.00,FG-DISP-0004069,SN-DISP-0004069,Generated dispatch item.
4070,1825,1877,102,PMSM Motor 7.5 kW,No,38,6,102500.00,615000.00,FG-DISP-0004070,SN-DISP-0004070,Generated dispatch item.
4071,1826,4578,100,BLDC Motor 1.5 kW,No,36,6,23125.00,138750.00,FG-DISP-0004071,SN-DISP-0004071,Generated dispatch item.
4072,1827,1879,101,PMSM Motor 3 kW,No,22,1,45625.00,45625.00,FG-DISP-0004072,SN-DISP-0004072,Generated dispatch item.
4073,1828,4580,102,PMSM Motor 7.5 kW,No,20,7,102500.00,717500.00,FG-DISP-0004073,SN-DISP-0004073,Generated dispatch item.
4074,1829,1881,100,BLDC Motor 1.5 kW,No,48,3,23125.00,69375.00,FG-DISP-0004074,SN-DISP-0004074,Generated dispatch item.
4075,1830,4582,101,PMSM Motor 3 kW,No,13,3,45625.00,136875.00,FG-DISP-0004075,SN-DISP-0004075,Generated dispatch item.
4076,1831,1883,102,PMSM Motor 7.5 kW,No,11,4,102500.00,410000.00,FG-DISP-0004076,SN-DISP-0004076,Generated dispatch item.
4077,1832,4584,100,BLDC Motor 1.5 kW,No,57,4,23125.00,92500.00,FG-DISP-0004077,SN-DISP-0004077,Generated dispatch item.
4078,1833,1885,101,PMSM Motor 3 kW,No,36,2,45625.00,91250.00,FG-DISP-0004078,SN-DISP-0004078,Generated dispatch item.
4079,1834,4586,102,PMSM Motor 7.5 kW,No,36,3,102500.00,307500.00,FG-DISP-0004079,SN-DISP-0004079,Generated dispatch item.
4080,1835,1887,100,BLDC Motor 1.5 kW,No,38,6,23125.00,138750.00,FG-DISP-0004080,SN-DISP-0004080,Generated dispatch item.
4081,1836,4588,101,PMSM Motor 3 kW,No,49,2,45625.00,91250.00,FG-DISP-0004081,SN-DISP-0004081,Generated dispatch item.
4082,1837,1889,102,PMSM Motor 7.5 kW,No,6,2,102500.00,205000.00,FG-DISP-0004082,SN-DISP-0004082,Generated dispatch item.
4083,1838,4590,100,BLDC Motor 1.5 kW,No,8,6,23125.00,138750.00,FG-DISP-0004083,SN-DISP-0004083,Generated dispatch item.
4084,1839,1891,101,PMSM Motor 3 kW,No,7,3,45625.00,136875.00,FG-DISP-0004084,SN-DISP-0004084,Generated dispatch item.
4085,1840,4592,102,PMSM Motor 7.5 kW,No,57,6,102500.00,615000.00,FG-DISP-0004085,SN-DISP-0004085,Generated dispatch item.
4086,1841,1893,100,BLDC Motor 1.5 kW,No,22,3,23125.00,69375.00,FG-DISP-0004086,SN-DISP-0004086,Generated dispatch item.
4087,1842,4594,101,PMSM Motor 3 kW,No,18,2,45625.00,91250.00,FG-DISP-0004087,SN-DISP-0004087,Generated dispatch item.
4088,1843,1895,102,PMSM Motor 7.5 kW,No,39,7,102500.00,717500.00,FG-DISP-0004088,SN-DISP-0004088,Generated dispatch item.
4089,1844,4596,100,BLDC Motor 1.5 kW,No,15,5,23125.00,115625.00,FG-DISP-0004089,SN-DISP-0004089,Generated dispatch item.
4090,1845,1897,101,PMSM Motor 3 kW,No,58,3,45625.00,136875.00,FG-DISP-0004090,SN-DISP-0004090,Generated dispatch item.
4091,1846,4598,102,PMSM Motor 7.5 kW,No,49,7,102500.00,717500.00,FG-DISP-0004091,SN-DISP-0004091,Generated dispatch item.
4092,1847,1899,100,BLDC Motor 1.5 kW,No,10,5,23125.00,115625.00,FG-DISP-0004092,SN-DISP-0004092,Generated dispatch item.
4093,1848,4600,101,PMSM Motor 3 kW,No,54,4,45625.00,182500.00,FG-DISP-0004093,SN-DISP-0004093,Generated dispatch item.
4094,1849,1901,102,PMSM Motor 7.5 kW,No,44,2,102500.00,205000.00,FG-DISP-0004094,SN-DISP-0004094,Generated dispatch item.
4095,1850,4602,100,BLDC Motor 1.5 kW,No,10,1,23125.00,23125.00,FG-DISP-0004095,SN-DISP-0004095,Generated dispatch item.
4096,1851,1903,101,PMSM Motor 3 kW,No,43,4,45625.00,182500.00,FG-DISP-0004096,SN-DISP-0004096,Generated dispatch item.
4097,1852,4604,102,PMSM Motor 7.5 kW,No,14,1,102500.00,102500.00,FG-DISP-0004097,SN-DISP-0004097,Generated dispatch item.
4098,1853,1905,100,BLDC Motor 1.5 kW,No,42,3,23125.00,69375.00,FG-DISP-0004098,SN-DISP-0004098,Generated dispatch item.
4099,1854,4606,101,PMSM Motor 3 kW,No,24,5,45625.00,228125.00,FG-DISP-0004099,SN-DISP-0004099,Generated dispatch item.
4100,1855,1907,102,PMSM Motor 7.5 kW,No,33,1,102500.00,102500.00,FG-DISP-0004100,SN-DISP-0004100,Generated dispatch item.
4101,1856,4608,100,BLDC Motor 1.5 kW,No,31,7,23125.00,161875.00,FG-DISP-0004101,SN-DISP-0004101,Generated dispatch item.
4102,1857,1909,101,PMSM Motor 3 kW,No,59,4,45625.00,182500.00,FG-DISP-0004102,SN-DISP-0004102,Generated dispatch item.
4103,1858,4610,102,PMSM Motor 7.5 kW,No,18,7,102500.00,717500.00,FG-DISP-0004103,SN-DISP-0004103,Generated dispatch item.
4104,1859,1911,100,BLDC Motor 1.5 kW,No,33,2,23125.00,46250.00,FG-DISP-0004104,SN-DISP-0004104,Generated dispatch item.
4105,1860,4612,101,PMSM Motor 3 kW,No,8,4,45625.00,182500.00,FG-DISP-0004105,SN-DISP-0004105,Generated dispatch item.
4106,1861,1913,102,PMSM Motor 7.5 kW,No,51,7,102500.00,717500.00,FG-DISP-0004106,SN-DISP-0004106,Generated dispatch item.
4107,1862,4614,100,BLDC Motor 1.5 kW,No,31,5,23125.00,115625.00,FG-DISP-0004107,SN-DISP-0004107,Generated dispatch item.
4108,1863,1915,101,PMSM Motor 3 kW,No,19,6,45625.00,273750.00,FG-DISP-0004108,SN-DISP-0004108,Generated dispatch item.
4109,1864,4616,102,PMSM Motor 7.5 kW,No,23,5,102500.00,512500.00,FG-DISP-0004109,SN-DISP-0004109,Generated dispatch item.
4110,1865,1917,100,BLDC Motor 1.5 kW,No,50,6,23125.00,138750.00,FG-DISP-0004110,SN-DISP-0004110,Generated dispatch item.
4111,1866,4618,101,PMSM Motor 3 kW,No,20,3,45625.00,136875.00,FG-DISP-0004111,SN-DISP-0004111,Generated dispatch item.
4112,1867,1919,102,PMSM Motor 7.5 kW,No,60,4,102500.00,410000.00,FG-DISP-0004112,SN-DISP-0004112,Generated dispatch item.
4113,1868,4620,100,BLDC Motor 1.5 kW,No,46,1,23125.00,23125.00,FG-DISP-0004113,SN-DISP-0004113,Generated dispatch item.
4114,1869,1921,101,PMSM Motor 3 kW,No,55,2,45625.00,91250.00,FG-DISP-0004114,SN-DISP-0004114,Generated dispatch item.
4115,1870,4622,102,PMSM Motor 7.5 kW,No,44,1,102500.00,102500.00,FG-DISP-0004115,SN-DISP-0004115,Generated dispatch item.
4116,1871,1923,100,BLDC Motor 1.5 kW,No,22,3,23125.00,69375.00,FG-DISP-0004116,SN-DISP-0004116,Generated dispatch item.
4117,1872,4624,101,PMSM Motor 3 kW,No,32,6,45625.00,273750.00,FG-DISP-0004117,SN-DISP-0004117,Generated dispatch item.
4118,1873,1925,102,PMSM Motor 7.5 kW,No,52,2,102500.00,205000.00,FG-DISP-0004118,SN-DISP-0004118,Generated dispatch item.
4119,1874,4626,100,BLDC Motor 1.5 kW,No,53,4,23125.00,92500.00,FG-DISP-0004119,SN-DISP-0004119,Generated dispatch item.
4120,1875,1927,101,PMSM Motor 3 kW,No,10,4,45625.00,182500.00,FG-DISP-0004120,SN-DISP-0004120,Generated dispatch item.
4121,1876,4628,102,PMSM Motor 7.5 kW,No,51,2,102500.00,205000.00,FG-DISP-0004121,SN-DISP-0004121,Generated dispatch item.
4122,1877,1929,100,BLDC Motor 1.5 kW,No,42,6,23125.00,138750.00,FG-DISP-0004122,SN-DISP-0004122,Generated dispatch item.
4123,1878,4630,101,PMSM Motor 3 kW,No,57,6,45625.00,273750.00,FG-DISP-0004123,SN-DISP-0004123,Generated dispatch item.
4124,1879,1931,102,PMSM Motor 7.5 kW,No,24,2,102500.00,205000.00,FG-DISP-0004124,SN-DISP-0004124,Generated dispatch item.
4125,1880,4632,100,BLDC Motor 1.5 kW,No,33,1,23125.00,23125.00,FG-DISP-0004125,SN-DISP-0004125,Generated dispatch item.
4126,1881,1933,101,PMSM Motor 3 kW,No,41,1,45625.00,45625.00,FG-DISP-0004126,SN-DISP-0004126,Generated dispatch item.
4127,1882,4634,102,PMSM Motor 7.5 kW,No,11,3,102500.00,307500.00,FG-DISP-0004127,SN-DISP-0004127,Generated dispatch item.
4128,1883,1935,100,BLDC Motor 1.5 kW,No,28,1,23125.00,23125.00,FG-DISP-0004128,SN-DISP-0004128,Generated dispatch item.
4129,1884,4636,101,PMSM Motor 3 kW,No,16,1,45625.00,45625.00,FG-DISP-0004129,SN-DISP-0004129,Generated dispatch item.
4130,1885,1937,102,PMSM Motor 7.5 kW,No,5,3,102500.00,307500.00,FG-DISP-0004130,SN-DISP-0004130,Generated dispatch item.
4131,1886,4638,100,BLDC Motor 1.5 kW,No,21,4,23125.00,92500.00,FG-DISP-0004131,SN-DISP-0004131,Generated dispatch item.
4132,1887,1939,101,PMSM Motor 3 kW,No,17,1,45625.00,45625.00,FG-DISP-0004132,SN-DISP-0004132,Generated dispatch item.
4133,1888,4640,102,PMSM Motor 7.5 kW,No,13,5,102500.00,512500.00,FG-DISP-0004133,SN-DISP-0004133,Generated dispatch item.
4134,1889,1941,100,BLDC Motor 1.5 kW,No,7,1,23125.00,23125.00,FG-DISP-0004134,SN-DISP-0004134,Generated dispatch item.
4135,1890,4642,101,PMSM Motor 3 kW,No,42,2,45625.00,91250.00,FG-DISP-0004135,SN-DISP-0004135,Generated dispatch item.
4136,1891,1943,102,PMSM Motor 7.5 kW,No,28,1,102500.00,102500.00,FG-DISP-0004136,SN-DISP-0004136,Generated dispatch item.
4137,1892,4644,100,BLDC Motor 1.5 kW,No,56,6,23125.00,138750.00,FG-DISP-0004137,SN-DISP-0004137,Generated dispatch item.
4138,1893,1945,101,PMSM Motor 3 kW,No,52,1,45625.00,45625.00,FG-DISP-0004138,SN-DISP-0004138,Generated dispatch item.
4139,1894,4646,102,PMSM Motor 7.5 kW,No,25,2,102500.00,205000.00,FG-DISP-0004139,SN-DISP-0004139,Generated dispatch item.
4140,1895,1947,100,BLDC Motor 1.5 kW,No,46,5,23125.00,115625.00,FG-DISP-0004140,SN-DISP-0004140,Generated dispatch item.
4141,1896,4648,101,PMSM Motor 3 kW,No,36,5,45625.00,228125.00,FG-DISP-0004141,SN-DISP-0004141,Generated dispatch item.
4142,1897,1949,102,PMSM Motor 7.5 kW,No,49,7,102500.00,717500.00,FG-DISP-0004142,SN-DISP-0004142,Generated dispatch item.
4143,1898,4650,100,BLDC Motor 1.5 kW,No,28,1,23125.00,23125.00,FG-DISP-0004143,SN-DISP-0004143,Generated dispatch item.
4144,1899,1951,101,PMSM Motor 3 kW,No,50,2,45625.00,91250.00,FG-DISP-0004144,SN-DISP-0004144,Generated dispatch item.
4145,1900,4652,102,PMSM Motor 7.5 kW,No,58,5,102500.00,512500.00,FG-DISP-0004145,SN-DISP-0004145,Generated dispatch item.
4146,1901,1953,100,BLDC Motor 1.5 kW,No,25,2,23125.00,46250.00,FG-DISP-0004146,SN-DISP-0004146,Generated dispatch item.
4147,1902,4654,101,PMSM Motor 3 kW,No,44,3,45625.00,136875.00,FG-DISP-0004147,SN-DISP-0004147,Generated dispatch item.
4148,1903,1955,102,PMSM Motor 7.5 kW,No,33,3,102500.00,307500.00,FG-DISP-0004148,SN-DISP-0004148,Generated dispatch item.
4149,1904,4656,100,BLDC Motor 1.5 kW,No,56,6,23125.00,138750.00,FG-DISP-0004149,SN-DISP-0004149,Generated dispatch item.
4150,1905,1957,101,PMSM Motor 3 kW,No,33,6,45625.00,273750.00,FG-DISP-0004150,SN-DISP-0004150,Generated dispatch item.
4151,1906,4658,102,PMSM Motor 7.5 kW,No,18,6,102500.00,615000.00,FG-DISP-0004151,SN-DISP-0004151,Generated dispatch item.
4152,1907,1959,100,BLDC Motor 1.5 kW,No,11,4,23125.00,92500.00,FG-DISP-0004152,SN-DISP-0004152,Generated dispatch item.
4153,1908,4660,101,PMSM Motor 3 kW,No,21,4,45625.00,182500.00,FG-DISP-0004153,SN-DISP-0004153,Generated dispatch item.
4154,1909,1961,102,PMSM Motor 7.5 kW,No,38,4,102500.00,410000.00,FG-DISP-0004154,SN-DISP-0004154,Generated dispatch item.
4155,1910,4662,100,BLDC Motor 1.5 kW,No,49,1,23125.00,23125.00,FG-DISP-0004155,SN-DISP-0004155,Generated dispatch item.
4156,1911,1963,101,PMSM Motor 3 kW,No,45,4,45625.00,182500.00,FG-DISP-0004156,SN-DISP-0004156,Generated dispatch item.
4157,1912,4664,102,PMSM Motor 7.5 kW,No,58,2,102500.00,205000.00,FG-DISP-0004157,SN-DISP-0004157,Generated dispatch item.
4158,1913,1965,100,BLDC Motor 1.5 kW,No,39,7,23125.00,161875.00,FG-DISP-0004158,SN-DISP-0004158,Generated dispatch item.
4159,1914,4666,101,PMSM Motor 3 kW,No,34,2,45625.00,91250.00,FG-DISP-0004159,SN-DISP-0004159,Generated dispatch item.
4160,1915,1967,102,PMSM Motor 7.5 kW,No,46,1,102500.00,102500.00,FG-DISP-0004160,SN-DISP-0004160,Generated dispatch item.
4161,1916,4668,100,BLDC Motor 1.5 kW,No,51,7,23125.00,161875.00,FG-DISP-0004161,SN-DISP-0004161,Generated dispatch item.
4162,1917,1969,101,PMSM Motor 3 kW,No,11,2,45625.00,91250.00,FG-DISP-0004162,SN-DISP-0004162,Generated dispatch item.
4163,1918,4670,102,PMSM Motor 7.5 kW,No,53,4,102500.00,410000.00,FG-DISP-0004163,SN-DISP-0004163,Generated dispatch item.
4164,1919,1971,100,BLDC Motor 1.5 kW,No,47,3,23125.00,69375.00,FG-DISP-0004164,SN-DISP-0004164,Generated dispatch item.
4165,1920,4672,101,PMSM Motor 3 kW,No,11,2,45625.00,91250.00,FG-DISP-0004165,SN-DISP-0004165,Generated dispatch item.
4166,1921,1973,102,PMSM Motor 7.5 kW,No,16,4,102500.00,410000.00,FG-DISP-0004166,SN-DISP-0004166,Generated dispatch item.
4167,1922,4674,100,BLDC Motor 1.5 kW,No,30,6,23125.00,138750.00,FG-DISP-0004167,SN-DISP-0004167,Generated dispatch item.
4168,1923,1975,101,PMSM Motor 3 kW,No,54,1,45625.00,45625.00,FG-DISP-0004168,SN-DISP-0004168,Generated dispatch item.
4169,1924,4676,102,PMSM Motor 7.5 kW,No,32,5,102500.00,512500.00,FG-DISP-0004169,SN-DISP-0004169,Generated dispatch item.
4170,1925,1977,100,BLDC Motor 1.5 kW,No,18,7,23125.00,161875.00,FG-DISP-0004170,SN-DISP-0004170,Generated dispatch item.
4171,1926,4678,101,PMSM Motor 3 kW,No,20,3,45625.00,136875.00,FG-DISP-0004171,SN-DISP-0004171,Generated dispatch item.
4172,1927,1979,102,PMSM Motor 7.5 kW,No,32,5,102500.00,512500.00,FG-DISP-0004172,SN-DISP-0004172,Generated dispatch item.
4173,1928,4680,100,BLDC Motor 1.5 kW,No,59,7,23125.00,161875.00,FG-DISP-0004173,SN-DISP-0004173,Generated dispatch item.
4174,1929,1981,101,PMSM Motor 3 kW,No,32,7,45625.00,319375.00,FG-DISP-0004174,SN-DISP-0004174,Generated dispatch item.
4175,1930,4682,102,PMSM Motor 7.5 kW,No,51,5,102500.00,512500.00,FG-DISP-0004175,SN-DISP-0004175,Generated dispatch item.
4176,1931,1983,100,BLDC Motor 1.5 kW,No,20,7,23125.00,161875.00,FG-DISP-0004176,SN-DISP-0004176,Generated dispatch item.
4177,1932,4684,101,PMSM Motor 3 kW,No,42,6,45625.00,273750.00,FG-DISP-0004177,SN-DISP-0004177,Generated dispatch item.
4178,1933,1985,102,PMSM Motor 7.5 kW,No,25,4,102500.00,410000.00,FG-DISP-0004178,SN-DISP-0004178,Generated dispatch item.
4179,1934,4686,100,BLDC Motor 1.5 kW,No,19,1,23125.00,23125.00,FG-DISP-0004179,SN-DISP-0004179,Generated dispatch item.
4180,1935,1987,101,PMSM Motor 3 kW,No,15,6,45625.00,273750.00,FG-DISP-0004180,SN-DISP-0004180,Generated dispatch item.
4181,1936,4688,102,PMSM Motor 7.5 kW,No,60,3,102500.00,307500.00,FG-DISP-0004181,SN-DISP-0004181,Generated dispatch item.
4182,1937,1989,100,BLDC Motor 1.5 kW,No,36,6,23125.00,138750.00,FG-DISP-0004182,SN-DISP-0004182,Generated dispatch item.
4183,1938,4690,101,PMSM Motor 3 kW,No,21,5,45625.00,228125.00,FG-DISP-0004183,SN-DISP-0004183,Generated dispatch item.
4184,1939,1991,102,PMSM Motor 7.5 kW,No,56,3,102500.00,307500.00,FG-DISP-0004184,SN-DISP-0004184,Generated dispatch item.
4185,1940,4692,100,BLDC Motor 1.5 kW,No,27,6,23125.00,138750.00,FG-DISP-0004185,SN-DISP-0004185,Generated dispatch item.
4186,1941,1993,101,PMSM Motor 3 kW,No,22,5,45625.00,228125.00,FG-DISP-0004186,SN-DISP-0004186,Generated dispatch item.
4187,1942,4694,102,PMSM Motor 7.5 kW,No,33,6,102500.00,615000.00,FG-DISP-0004187,SN-DISP-0004187,Generated dispatch item.
4188,1943,1995,100,BLDC Motor 1.5 kW,No,33,7,23125.00,161875.00,FG-DISP-0004188,SN-DISP-0004188,Generated dispatch item.
4189,1944,4696,101,PMSM Motor 3 kW,No,43,2,45625.00,91250.00,FG-DISP-0004189,SN-DISP-0004189,Generated dispatch item.
4190,1945,1997,102,PMSM Motor 7.5 kW,No,53,6,102500.00,615000.00,FG-DISP-0004190,SN-DISP-0004190,Generated dispatch item.
4191,1946,4698,100,BLDC Motor 1.5 kW,No,25,1,23125.00,23125.00,FG-DISP-0004191,SN-DISP-0004191,Generated dispatch item.
4192,1947,1999,101,PMSM Motor 3 kW,No,30,5,45625.00,228125.00,FG-DISP-0004192,SN-DISP-0004192,Generated dispatch item.
4193,1948,4700,102,PMSM Motor 7.5 kW,No,18,2,102500.00,205000.00,FG-DISP-0004193,SN-DISP-0004193,Generated dispatch item.
4194,1949,2001,100,BLDC Motor 1.5 kW,No,51,2,23125.00,46250.00,FG-DISP-0004194,SN-DISP-0004194,Generated dispatch item.
4195,1950,4702,101,PMSM Motor 3 kW,No,51,2,45625.00,91250.00,FG-DISP-0004195,SN-DISP-0004195,Generated dispatch item.
4196,1951,2003,102,PMSM Motor 7.5 kW,No,29,6,102500.00,615000.00,FG-DISP-0004196,SN-DISP-0004196,Generated dispatch item.
4197,1952,4704,100,BLDC Motor 1.5 kW,No,6,1,23125.00,23125.00,FG-DISP-0004197,SN-DISP-0004197,Generated dispatch item.
4198,1953,2005,101,PMSM Motor 3 kW,No,29,3,45625.00,136875.00,FG-DISP-0004198,SN-DISP-0004198,Generated dispatch item.
4199,1954,4706,102,PMSM Motor 7.5 kW,No,22,3,102500.00,307500.00,FG-DISP-0004199,SN-DISP-0004199,Generated dispatch item.
4200,1955,2007,100,BLDC Motor 1.5 kW,No,13,5,23125.00,115625.00,FG-DISP-0004200,SN-DISP-0004200,Generated dispatch item.
4201,1956,4708,101,PMSM Motor 3 kW,No,28,7,45625.00,319375.00,FG-DISP-0004201,SN-DISP-0004201,Generated dispatch item.
4202,1957,2009,102,PMSM Motor 7.5 kW,No,11,5,102500.00,512500.00,FG-DISP-0004202,SN-DISP-0004202,Generated dispatch item.
4203,1958,4710,100,BLDC Motor 1.5 kW,No,54,1,23125.00,23125.00,FG-DISP-0004203,SN-DISP-0004203,Generated dispatch item.
4204,1959,2011,101,PMSM Motor 3 kW,No,39,4,45625.00,182500.00,FG-DISP-0004204,SN-DISP-0004204,Generated dispatch item.
4205,1960,4712,102,PMSM Motor 7.5 kW,No,21,1,102500.00,102500.00,FG-DISP-0004205,SN-DISP-0004205,Generated dispatch item.
4206,1961,2013,100,BLDC Motor 1.5 kW,No,51,2,23125.00,46250.00,FG-DISP-0004206,SN-DISP-0004206,Generated dispatch item.
4207,1962,4714,101,PMSM Motor 3 kW,No,35,2,45625.00,91250.00,FG-DISP-0004207,SN-DISP-0004207,Generated dispatch item.
4208,1963,2015,102,PMSM Motor 7.5 kW,No,12,5,102500.00,512500.00,FG-DISP-0004208,SN-DISP-0004208,Generated dispatch item.
4209,1964,4716,100,BLDC Motor 1.5 kW,No,40,7,23125.00,161875.00,FG-DISP-0004209,SN-DISP-0004209,Generated dispatch item.
4210,1965,2017,101,PMSM Motor 3 kW,No,55,2,45625.00,91250.00,FG-DISP-0004210,SN-DISP-0004210,Generated dispatch item.
4211,1966,4718,102,PMSM Motor 7.5 kW,No,37,7,102500.00,717500.00,FG-DISP-0004211,SN-DISP-0004211,Generated dispatch item.
4212,1967,2019,100,BLDC Motor 1.5 kW,No,25,2,23125.00,46250.00,FG-DISP-0004212,SN-DISP-0004212,Generated dispatch item.
4213,1968,4720,101,PMSM Motor 3 kW,No,31,3,45625.00,136875.00,FG-DISP-0004213,SN-DISP-0004213,Generated dispatch item.
4214,1969,2021,102,PMSM Motor 7.5 kW,No,28,1,102500.00,102500.00,FG-DISP-0004214,SN-DISP-0004214,Generated dispatch item.
4215,1970,4722,100,BLDC Motor 1.5 kW,No,42,1,23125.00,23125.00,FG-DISP-0004215,SN-DISP-0004215,Generated dispatch item.
4216,1971,2023,101,PMSM Motor 3 kW,No,55,5,45625.00,228125.00,FG-DISP-0004216,SN-DISP-0004216,Generated dispatch item.
4217,1972,4724,102,PMSM Motor 7.5 kW,No,60,3,102500.00,307500.00,FG-DISP-0004217,SN-DISP-0004217,Generated dispatch item.
4218,1973,2025,100,BLDC Motor 1.5 kW,No,55,1,23125.00,23125.00,FG-DISP-0004218,SN-DISP-0004218,Generated dispatch item.
4219,1974,4726,101,PMSM Motor 3 kW,No,29,4,45625.00,182500.00,FG-DISP-0004219,SN-DISP-0004219,Generated dispatch item.
4220,1975,2027,102,PMSM Motor 7.5 kW,No,34,3,102500.00,307500.00,FG-DISP-0004220,SN-DISP-0004220,Generated dispatch item.
4221,1976,4728,100,BLDC Motor 1.5 kW,No,23,3,23125.00,69375.00,FG-DISP-0004221,SN-DISP-0004221,Generated dispatch item.
4222,1977,2029,101,PMSM Motor 3 kW,No,20,7,45625.00,319375.00,FG-DISP-0004222,SN-DISP-0004222,Generated dispatch item.
4223,1978,4730,102,PMSM Motor 7.5 kW,No,43,3,102500.00,307500.00,FG-DISP-0004223,SN-DISP-0004223,Generated dispatch item.
4224,1979,2031,100,BLDC Motor 1.5 kW,No,14,4,23125.00,92500.00,FG-DISP-0004224,SN-DISP-0004224,Generated dispatch item.
4225,1980,4732,101,PMSM Motor 3 kW,No,46,5,45625.00,228125.00,FG-DISP-0004225,SN-DISP-0004225,Generated dispatch item.
4226,1981,2033,102,PMSM Motor 7.5 kW,No,20,7,102500.00,717500.00,FG-DISP-0004226,SN-DISP-0004226,Generated dispatch item.
4227,1982,4734,100,BLDC Motor 1.5 kW,No,58,6,23125.00,138750.00,FG-DISP-0004227,SN-DISP-0004227,Generated dispatch item.
4228,1983,2035,101,PMSM Motor 3 kW,No,48,4,45625.00,182500.00,FG-DISP-0004228,SN-DISP-0004228,Generated dispatch item.
4229,1984,4736,102,PMSM Motor 7.5 kW,No,25,3,102500.00,307500.00,FG-DISP-0004229,SN-DISP-0004229,Generated dispatch item.
4230,1985,2037,100,BLDC Motor 1.5 kW,No,23,2,23125.00,46250.00,FG-DISP-0004230,SN-DISP-0004230,Generated dispatch item.
4231,1986,4738,101,PMSM Motor 3 kW,No,29,1,45625.00,45625.00,FG-DISP-0004231,SN-DISP-0004231,Generated dispatch item.
4232,1987,2039,102,PMSM Motor 7.5 kW,No,43,6,102500.00,615000.00,FG-DISP-0004232,SN-DISP-0004232,Generated dispatch item.
4233,1988,4740,100,BLDC Motor 1.5 kW,No,46,6,23125.00,138750.00,FG-DISP-0004233,SN-DISP-0004233,Generated dispatch item.
4234,1989,2041,101,PMSM Motor 3 kW,No,15,3,45625.00,136875.00,FG-DISP-0004234,SN-DISP-0004234,Generated dispatch item.
4235,1990,4742,102,PMSM Motor 7.5 kW,No,17,7,102500.00,717500.00,FG-DISP-0004235,SN-DISP-0004235,Generated dispatch item.
4236,1991,2043,100,BLDC Motor 1.5 kW,No,31,7,23125.00,161875.00,FG-DISP-0004236,SN-DISP-0004236,Generated dispatch item.
4237,1992,4744,101,PMSM Motor 3 kW,No,31,5,45625.00,228125.00,FG-DISP-0004237,SN-DISP-0004237,Generated dispatch item.
4238,1993,2045,102,PMSM Motor 7.5 kW,No,24,2,102500.00,205000.00,FG-DISP-0004238,SN-DISP-0004238,Generated dispatch item.
4239,1994,4746,100,BLDC Motor 1.5 kW,No,55,4,23125.00,92500.00,FG-DISP-0004239,SN-DISP-0004239,Generated dispatch item.
4240,1995,2047,101,PMSM Motor 3 kW,No,33,6,45625.00,273750.00,FG-DISP-0004240,SN-DISP-0004240,Generated dispatch item.
4241,1996,4748,102,PMSM Motor 7.5 kW,No,18,4,102500.00,410000.00,FG-DISP-0004241,SN-DISP-0004241,Generated dispatch item.
4242,1997,2049,100,BLDC Motor 1.5 kW,No,36,4,23125.00,92500.00,FG-DISP-0004242,SN-DISP-0004242,Generated dispatch item.
4243,1998,4750,101,PMSM Motor 3 kW,No,39,4,45625.00,182500.00,FG-DISP-0004243,SN-DISP-0004243,Generated dispatch item.
4244,1999,2051,102,PMSM Motor 7.5 kW,No,60,6,102500.00,615000.00,FG-DISP-0004244,SN-DISP-0004244,Generated dispatch item.
4245,2000,4752,100,BLDC Motor 1.5 kW,No,18,3,23125.00,69375.00,FG-DISP-0004245,SN-DISP-0004245,Generated dispatch item.
4246,2001,2053,101,PMSM Motor 3 kW,No,55,2,45625.00,91250.00,FG-DISP-0004246,SN-DISP-0004246,Generated dispatch item.
4247,2002,4754,102,PMSM Motor 7.5 kW,No,25,4,102500.00,410000.00,FG-DISP-0004247,SN-DISP-0004247,Generated dispatch item.
4248,2003,2055,100,BLDC Motor 1.5 kW,No,43,5,23125.00,115625.00,FG-DISP-0004248,SN-DISP-0004248,Generated dispatch item.
4249,2004,4756,101,PMSM Motor 3 kW,No,10,4,45625.00,182500.00,FG-DISP-0004249,SN-DISP-0004249,Generated dispatch item.
4250,2005,2057,102,PMSM Motor 7.5 kW,No,13,1,102500.00,102500.00,FG-DISP-0004250,SN-DISP-0004250,Generated dispatch item.
4251,2006,4758,100,BLDC Motor 1.5 kW,No,41,7,23125.00,161875.00,FG-DISP-0004251,SN-DISP-0004251,Generated dispatch item.
4252,2007,2059,101,PMSM Motor 3 kW,No,56,6,45625.00,273750.00,FG-DISP-0004252,SN-DISP-0004252,Generated dispatch item.
4253,2008,4760,102,PMSM Motor 7.5 kW,No,52,5,102500.00,512500.00,FG-DISP-0004253,SN-DISP-0004253,Generated dispatch item.
4254,2009,2061,100,BLDC Motor 1.5 kW,No,54,2,23125.00,46250.00,FG-DISP-0004254,SN-DISP-0004254,Generated dispatch item.
4255,2010,4762,101,PMSM Motor 3 kW,No,5,1,45625.00,45625.00,FG-DISP-0004255,SN-DISP-0004255,Generated dispatch item.
4256,2011,2063,102,PMSM Motor 7.5 kW,No,54,3,102500.00,307500.00,FG-DISP-0004256,SN-DISP-0004256,Generated dispatch item.
4257,2012,4764,100,BLDC Motor 1.5 kW,No,24,2,23125.00,46250.00,FG-DISP-0004257,SN-DISP-0004257,Generated dispatch item.
4258,2013,2065,101,PMSM Motor 3 kW,No,31,5,45625.00,228125.00,FG-DISP-0004258,SN-DISP-0004258,Generated dispatch item.
4259,2014,4766,102,PMSM Motor 7.5 kW,No,31,6,102500.00,615000.00,FG-DISP-0004259,SN-DISP-0004259,Generated dispatch item.
4260,2015,2067,100,BLDC Motor 1.5 kW,No,14,4,23125.00,92500.00,FG-DISP-0004260,SN-DISP-0004260,Generated dispatch item.
4261,2016,4768,101,PMSM Motor 3 kW,No,8,2,45625.00,91250.00,FG-DISP-0004261,SN-DISP-0004261,Generated dispatch item.
4262,2017,2069,102,PMSM Motor 7.5 kW,No,47,6,102500.00,615000.00,FG-DISP-0004262,SN-DISP-0004262,Generated dispatch item.
4263,2018,4770,100,BLDC Motor 1.5 kW,No,8,4,23125.00,92500.00,FG-DISP-0004263,SN-DISP-0004263,Generated dispatch item.
4264,2019,2071,101,PMSM Motor 3 kW,No,26,5,45625.00,228125.00,FG-DISP-0004264,SN-DISP-0004264,Generated dispatch item.
4265,2020,4772,102,PMSM Motor 7.5 kW,No,54,2,102500.00,205000.00,FG-DISP-0004265,SN-DISP-0004265,Generated dispatch item.
4266,2021,2073,100,BLDC Motor 1.5 kW,No,24,1,23125.00,23125.00,FG-DISP-0004266,SN-DISP-0004266,Generated dispatch item.
4267,2022,4774,101,PMSM Motor 3 kW,No,21,7,45625.00,319375.00,FG-DISP-0004267,SN-DISP-0004267,Generated dispatch item.
4268,2023,2075,102,PMSM Motor 7.5 kW,No,26,6,102500.00,615000.00,FG-DISP-0004268,SN-DISP-0004268,Generated dispatch item.
4269,2024,4776,100,BLDC Motor 1.5 kW,No,45,6,23125.00,138750.00,FG-DISP-0004269,SN-DISP-0004269,Generated dispatch item.
4270,2025,2077,101,PMSM Motor 3 kW,No,36,3,45625.00,136875.00,FG-DISP-0004270,SN-DISP-0004270,Generated dispatch item.
4271,2026,4778,102,PMSM Motor 7.5 kW,No,18,2,102500.00,205000.00,FG-DISP-0004271,SN-DISP-0004271,Generated dispatch item.
4272,2027,2079,100,BLDC Motor 1.5 kW,No,23,5,23125.00,115625.00,FG-DISP-0004272,SN-DISP-0004272,Generated dispatch item.
4273,2028,4780,101,PMSM Motor 3 kW,No,50,5,45625.00,228125.00,FG-DISP-0004273,SN-DISP-0004273,Generated dispatch item.
4274,2029,2081,102,PMSM Motor 7.5 kW,No,43,2,102500.00,205000.00,FG-DISP-0004274,SN-DISP-0004274,Generated dispatch item.
4275,2030,4782,100,BLDC Motor 1.5 kW,No,54,4,23125.00,92500.00,FG-DISP-0004275,SN-DISP-0004275,Generated dispatch item.
4276,2031,2083,101,PMSM Motor 3 kW,No,41,3,45625.00,136875.00,FG-DISP-0004276,SN-DISP-0004276,Generated dispatch item.
4277,2032,4784,102,PMSM Motor 7.5 kW,No,53,2,102500.00,205000.00,FG-DISP-0004277,SN-DISP-0004277,Generated dispatch item.
4278,2033,2085,100,BLDC Motor 1.5 kW,No,33,6,23125.00,138750.00,FG-DISP-0004278,SN-DISP-0004278,Generated dispatch item.
4279,2034,4786,101,PMSM Motor 3 kW,No,42,4,45625.00,182500.00,FG-DISP-0004279,SN-DISP-0004279,Generated dispatch item.
4280,2035,2087,102,PMSM Motor 7.5 kW,No,8,6,102500.00,615000.00,FG-DISP-0004280,SN-DISP-0004280,Generated dispatch item.
4281,2036,4788,100,BLDC Motor 1.5 kW,No,15,1,23125.00,23125.00,FG-DISP-0004281,SN-DISP-0004281,Generated dispatch item.
4282,2037,2089,101,PMSM Motor 3 kW,No,57,7,45625.00,319375.00,FG-DISP-0004282,SN-DISP-0004282,Generated dispatch item.
4283,2038,4790,102,PMSM Motor 7.5 kW,No,32,5,102500.00,512500.00,FG-DISP-0004283,SN-DISP-0004283,Generated dispatch item.
4284,2039,2091,100,BLDC Motor 1.5 kW,No,28,5,23125.00,115625.00,FG-DISP-0004284,SN-DISP-0004284,Generated dispatch item.
4285,2040,4792,101,PMSM Motor 3 kW,No,16,3,45625.00,136875.00,FG-DISP-0004285,SN-DISP-0004285,Generated dispatch item.
4286,2041,2093,102,PMSM Motor 7.5 kW,No,30,1,102500.00,102500.00,FG-DISP-0004286,SN-DISP-0004286,Generated dispatch item.
4287,2042,4794,100,BLDC Motor 1.5 kW,No,20,2,23125.00,46250.00,FG-DISP-0004287,SN-DISP-0004287,Generated dispatch item.
4288,2043,2095,101,PMSM Motor 3 kW,No,30,4,45625.00,182500.00,FG-DISP-0004288,SN-DISP-0004288,Generated dispatch item.
4289,2044,4796,102,PMSM Motor 7.5 kW,No,51,3,102500.00,307500.00,FG-DISP-0004289,SN-DISP-0004289,Generated dispatch item.
4290,2045,2097,100,BLDC Motor 1.5 kW,No,25,2,23125.00,46250.00,FG-DISP-0004290,SN-DISP-0004290,Generated dispatch item.
4291,2046,4798,101,PMSM Motor 3 kW,No,20,1,45625.00,45625.00,FG-DISP-0004291,SN-DISP-0004291,Generated dispatch item.
4292,2047,2099,102,PMSM Motor 7.5 kW,No,42,5,102500.00,512500.00,FG-DISP-0004292,SN-DISP-0004292,Generated dispatch item.
4293,2048,4800,100,BLDC Motor 1.5 kW,No,16,5,23125.00,115625.00,FG-DISP-0004293,SN-DISP-0004293,Generated dispatch item.
4295,2050,4802,102,PMSM Motor 7.5 kW,No,16,2,102500.00,205000.00,FG-DISP-0004295,SN-DISP-0004295,Generated dispatch item.
4296,2051,2103,100,BLDC Motor 1.5 kW,No,53,6,23125.00,138750.00,FG-DISP-0004296,SN-DISP-0004296,Generated dispatch item.
4297,2052,4804,101,PMSM Motor 3 kW,No,36,7,45625.00,319375.00,FG-DISP-0004297,SN-DISP-0004297,Generated dispatch item.
4298,2053,2105,102,PMSM Motor 7.5 kW,No,10,6,102500.00,615000.00,FG-DISP-0004298,SN-DISP-0004298,Generated dispatch item.
4299,2054,4806,100,BLDC Motor 1.5 kW,No,31,2,23125.00,46250.00,FG-DISP-0004299,SN-DISP-0004299,Generated dispatch item.
4300,2055,2107,101,PMSM Motor 3 kW,No,60,3,45625.00,136875.00,FG-DISP-0004300,SN-DISP-0004300,Generated dispatch item.
4301,2056,4808,102,PMSM Motor 7.5 kW,No,32,1,102500.00,102500.00,FG-DISP-0004301,SN-DISP-0004301,Generated dispatch item.
4302,2057,2109,100,BLDC Motor 1.5 kW,No,40,1,23125.00,23125.00,FG-DISP-0004302,SN-DISP-0004302,Generated dispatch item.
4303,2058,4810,101,PMSM Motor 3 kW,No,29,6,45625.00,273750.00,FG-DISP-0004303,SN-DISP-0004303,Generated dispatch item.
4304,2059,2111,102,PMSM Motor 7.5 kW,No,8,6,102500.00,615000.00,FG-DISP-0004304,SN-DISP-0004304,Generated dispatch item.
4305,2060,4812,100,BLDC Motor 1.5 kW,No,24,2,23125.00,46250.00,FG-DISP-0004305,SN-DISP-0004305,Generated dispatch item.
4306,2061,2113,101,PMSM Motor 3 kW,No,36,4,45625.00,182500.00,FG-DISP-0004306,SN-DISP-0004306,Generated dispatch item.
4307,2062,4814,102,PMSM Motor 7.5 kW,No,60,1,102500.00,102500.00,FG-DISP-0004307,SN-DISP-0004307,Generated dispatch item.
4308,2063,2115,100,BLDC Motor 1.5 kW,No,23,6,23125.00,138750.00,FG-DISP-0004308,SN-DISP-0004308,Generated dispatch item.
4309,2064,4816,101,PMSM Motor 3 kW,No,13,4,45625.00,182500.00,FG-DISP-0004309,SN-DISP-0004309,Generated dispatch item.
4310,2065,2117,102,PMSM Motor 7.5 kW,No,58,3,102500.00,307500.00,FG-DISP-0004310,SN-DISP-0004310,Generated dispatch item.
4311,2066,4818,100,BLDC Motor 1.5 kW,No,59,7,23125.00,161875.00,FG-DISP-0004311,SN-DISP-0004311,Generated dispatch item.
4312,2067,2119,101,PMSM Motor 3 kW,No,47,1,45625.00,45625.00,FG-DISP-0004312,SN-DISP-0004312,Generated dispatch item.
4313,2068,4820,102,PMSM Motor 7.5 kW,No,29,2,102500.00,205000.00,FG-DISP-0004313,SN-DISP-0004313,Generated dispatch item.
4314,2069,2121,100,BLDC Motor 1.5 kW,No,33,6,23125.00,138750.00,FG-DISP-0004314,SN-DISP-0004314,Generated dispatch item.
4315,2070,4822,101,PMSM Motor 3 kW,No,7,2,45625.00,91250.00,FG-DISP-0004315,SN-DISP-0004315,Generated dispatch item.
4316,2071,2123,102,PMSM Motor 7.5 kW,No,29,5,102500.00,512500.00,FG-DISP-0004316,SN-DISP-0004316,Generated dispatch item.
4317,2072,4824,100,BLDC Motor 1.5 kW,No,15,2,23125.00,46250.00,FG-DISP-0004317,SN-DISP-0004317,Generated dispatch item.
4318,2073,2125,101,PMSM Motor 3 kW,No,60,5,45625.00,228125.00,FG-DISP-0004318,SN-DISP-0004318,Generated dispatch item.
4319,2074,4826,102,PMSM Motor 7.5 kW,No,59,4,102500.00,410000.00,FG-DISP-0004319,SN-DISP-0004319,Generated dispatch item.
4320,2075,2127,100,BLDC Motor 1.5 kW,No,42,1,23125.00,23125.00,FG-DISP-0004320,SN-DISP-0004320,Generated dispatch item.
4321,2076,4828,101,PMSM Motor 3 kW,No,53,3,45625.00,136875.00,FG-DISP-0004321,SN-DISP-0004321,Generated dispatch item.
4322,2077,2129,102,PMSM Motor 7.5 kW,No,33,3,102500.00,307500.00,FG-DISP-0004322,SN-DISP-0004322,Generated dispatch item.
4323,2078,4830,100,BLDC Motor 1.5 kW,No,20,5,23125.00,115625.00,FG-DISP-0004323,SN-DISP-0004323,Generated dispatch item.
4324,2079,2131,101,PMSM Motor 3 kW,No,27,4,45625.00,182500.00,FG-DISP-0004324,SN-DISP-0004324,Generated dispatch item.
4325,2080,4832,102,PMSM Motor 7.5 kW,No,13,4,102500.00,410000.00,FG-DISP-0004325,SN-DISP-0004325,Generated dispatch item.
4326,2081,2133,100,BLDC Motor 1.5 kW,No,23,2,23125.00,46250.00,FG-DISP-0004326,SN-DISP-0004326,Generated dispatch item.
4327,2082,4834,101,PMSM Motor 3 kW,No,42,7,45625.00,319375.00,FG-DISP-0004327,SN-DISP-0004327,Generated dispatch item.
4328,2083,2135,102,PMSM Motor 7.5 kW,No,44,6,102500.00,615000.00,FG-DISP-0004328,SN-DISP-0004328,Generated dispatch item.
4329,2084,4836,100,BLDC Motor 1.5 kW,No,33,5,23125.00,115625.00,FG-DISP-0004329,SN-DISP-0004329,Generated dispatch item.
4330,2085,2137,101,PMSM Motor 3 kW,No,37,2,45625.00,91250.00,FG-DISP-0004330,SN-DISP-0004330,Generated dispatch item.
4331,2086,4838,102,PMSM Motor 7.5 kW,No,55,5,102500.00,512500.00,FG-DISP-0004331,SN-DISP-0004331,Generated dispatch item.
4332,2087,2139,100,BLDC Motor 1.5 kW,No,52,2,23125.00,46250.00,FG-DISP-0004332,SN-DISP-0004332,Generated dispatch item.
4333,2088,4840,101,PMSM Motor 3 kW,No,49,4,45625.00,182500.00,FG-DISP-0004333,SN-DISP-0004333,Generated dispatch item.
4334,2089,2141,102,PMSM Motor 7.5 kW,No,35,2,102500.00,205000.00,FG-DISP-0004334,SN-DISP-0004334,Generated dispatch item.
4335,2090,4842,100,BLDC Motor 1.5 kW,No,46,3,23125.00,69375.00,FG-DISP-0004335,SN-DISP-0004335,Generated dispatch item.
4336,2091,2143,101,PMSM Motor 3 kW,No,37,5,45625.00,228125.00,FG-DISP-0004336,SN-DISP-0004336,Generated dispatch item.
4337,2092,4844,102,PMSM Motor 7.5 kW,No,21,3,102500.00,307500.00,FG-DISP-0004337,SN-DISP-0004337,Generated dispatch item.
4338,2093,2145,100,BLDC Motor 1.5 kW,No,31,6,23125.00,138750.00,FG-DISP-0004338,SN-DISP-0004338,Generated dispatch item.
4339,2094,4846,101,PMSM Motor 3 kW,No,24,4,45625.00,182500.00,FG-DISP-0004339,SN-DISP-0004339,Generated dispatch item.
4340,2095,2147,102,PMSM Motor 7.5 kW,No,47,7,102500.00,717500.00,FG-DISP-0004340,SN-DISP-0004340,Generated dispatch item.
4341,2096,4848,100,BLDC Motor 1.5 kW,No,45,2,23125.00,46250.00,FG-DISP-0004341,SN-DISP-0004341,Generated dispatch item.
4342,2097,2149,101,PMSM Motor 3 kW,No,28,7,45625.00,319375.00,FG-DISP-0004342,SN-DISP-0004342,Generated dispatch item.
4343,2098,4850,102,PMSM Motor 7.5 kW,No,31,1,102500.00,102500.00,FG-DISP-0004343,SN-DISP-0004343,Generated dispatch item.
4344,2099,2151,100,BLDC Motor 1.5 kW,No,52,4,23125.00,92500.00,FG-DISP-0004344,SN-DISP-0004344,Generated dispatch item.
4345,2100,4852,101,PMSM Motor 3 kW,No,13,3,45625.00,136875.00,FG-DISP-0004345,SN-DISP-0004345,Generated dispatch item.
4346,2101,2153,102,PMSM Motor 7.5 kW,No,23,6,102500.00,615000.00,FG-DISP-0004346,SN-DISP-0004346,Generated dispatch item.
4347,2102,4854,100,BLDC Motor 1.5 kW,No,57,1,23125.00,23125.00,FG-DISP-0004347,SN-DISP-0004347,Generated dispatch item.
4348,2103,2155,101,PMSM Motor 3 kW,No,43,2,45625.00,91250.00,FG-DISP-0004348,SN-DISP-0004348,Generated dispatch item.
4349,2104,4856,102,PMSM Motor 7.5 kW,No,30,2,102500.00,205000.00,FG-DISP-0004349,SN-DISP-0004349,Generated dispatch item.
4350,2105,2157,100,BLDC Motor 1.5 kW,No,55,7,23125.00,161875.00,FG-DISP-0004350,SN-DISP-0004350,Generated dispatch item.
4351,2106,4858,101,PMSM Motor 3 kW,No,58,4,45625.00,182500.00,FG-DISP-0004351,SN-DISP-0004351,Generated dispatch item.
4352,2107,2159,102,PMSM Motor 7.5 kW,No,48,2,102500.00,205000.00,FG-DISP-0004352,SN-DISP-0004352,Generated dispatch item.
4353,2108,4860,100,BLDC Motor 1.5 kW,No,55,6,23125.00,138750.00,FG-DISP-0004353,SN-DISP-0004353,Generated dispatch item.
4354,2109,2161,101,PMSM Motor 3 kW,No,24,2,45625.00,91250.00,FG-DISP-0004354,SN-DISP-0004354,Generated dispatch item.
4355,2110,4862,102,PMSM Motor 7.5 kW,No,34,2,102500.00,205000.00,FG-DISP-0004355,SN-DISP-0004355,Generated dispatch item.
4356,2111,2163,100,BLDC Motor 1.5 kW,No,44,4,23125.00,92500.00,FG-DISP-0004356,SN-DISP-0004356,Generated dispatch item.
4357,2112,4864,101,PMSM Motor 3 kW,No,7,2,45625.00,91250.00,FG-DISP-0004357,SN-DISP-0004357,Generated dispatch item.
4358,2113,2165,102,PMSM Motor 7.5 kW,No,16,6,102500.00,615000.00,FG-DISP-0004358,SN-DISP-0004358,Generated dispatch item.
4359,2114,4866,100,BLDC Motor 1.5 kW,No,8,1,23125.00,23125.00,FG-DISP-0004359,SN-DISP-0004359,Generated dispatch item.
4360,2115,2167,101,PMSM Motor 3 kW,No,8,3,45625.00,136875.00,FG-DISP-0004360,SN-DISP-0004360,Generated dispatch item.
4361,2116,4868,102,PMSM Motor 7.5 kW,No,43,7,102500.00,717500.00,FG-DISP-0004361,SN-DISP-0004361,Generated dispatch item.
4362,2117,2169,100,BLDC Motor 1.5 kW,No,49,3,23125.00,69375.00,FG-DISP-0004362,SN-DISP-0004362,Generated dispatch item.
4363,2118,4870,101,PMSM Motor 3 kW,No,34,4,45625.00,182500.00,FG-DISP-0004363,SN-DISP-0004363,Generated dispatch item.
4364,2119,2171,102,PMSM Motor 7.5 kW,No,50,3,102500.00,307500.00,FG-DISP-0004364,SN-DISP-0004364,Generated dispatch item.
4365,2120,4872,100,BLDC Motor 1.5 kW,No,50,4,23125.00,92500.00,FG-DISP-0004365,SN-DISP-0004365,Generated dispatch item.
4366,2121,2173,101,PMSM Motor 3 kW,No,6,4,45625.00,182500.00,FG-DISP-0004366,SN-DISP-0004366,Generated dispatch item.
4367,2122,4874,102,PMSM Motor 7.5 kW,No,39,5,102500.00,512500.00,FG-DISP-0004367,SN-DISP-0004367,Generated dispatch item.
4368,2123,2175,100,BLDC Motor 1.5 kW,No,58,4,23125.00,92500.00,FG-DISP-0004368,SN-DISP-0004368,Generated dispatch item.
4369,2124,4876,101,PMSM Motor 3 kW,No,13,4,45625.00,182500.00,FG-DISP-0004369,SN-DISP-0004369,Generated dispatch item.
4370,2125,2177,102,PMSM Motor 7.5 kW,No,29,4,102500.00,410000.00,FG-DISP-0004370,SN-DISP-0004370,Generated dispatch item.
4371,2126,4878,100,BLDC Motor 1.5 kW,No,26,3,23125.00,69375.00,FG-DISP-0004371,SN-DISP-0004371,Generated dispatch item.
4372,2127,2179,101,PMSM Motor 3 kW,No,55,1,45625.00,45625.00,FG-DISP-0004372,SN-DISP-0004372,Generated dispatch item.
4373,2128,4880,102,PMSM Motor 7.5 kW,No,44,3,102500.00,307500.00,FG-DISP-0004373,SN-DISP-0004373,Generated dispatch item.
4374,2129,2181,100,BLDC Motor 1.5 kW,No,49,6,23125.00,138750.00,FG-DISP-0004374,SN-DISP-0004374,Generated dispatch item.
4375,2130,4882,101,PMSM Motor 3 kW,No,38,7,45625.00,319375.00,FG-DISP-0004375,SN-DISP-0004375,Generated dispatch item.
4376,2131,2183,102,PMSM Motor 7.5 kW,No,55,6,102500.00,615000.00,FG-DISP-0004376,SN-DISP-0004376,Generated dispatch item.
4377,2132,4884,100,BLDC Motor 1.5 kW,No,43,7,23125.00,161875.00,FG-DISP-0004377,SN-DISP-0004377,Generated dispatch item.
4378,2133,2185,101,PMSM Motor 3 kW,No,51,6,45625.00,273750.00,FG-DISP-0004378,SN-DISP-0004378,Generated dispatch item.
4379,2134,4886,102,PMSM Motor 7.5 kW,No,18,4,102500.00,410000.00,FG-DISP-0004379,SN-DISP-0004379,Generated dispatch item.
4380,2135,2187,100,BLDC Motor 1.5 kW,No,59,5,23125.00,115625.00,FG-DISP-0004380,SN-DISP-0004380,Generated dispatch item.
4381,2136,4888,101,PMSM Motor 3 kW,No,40,6,45625.00,273750.00,FG-DISP-0004381,SN-DISP-0004381,Generated dispatch item.
4382,2137,2189,102,PMSM Motor 7.5 kW,No,40,2,102500.00,205000.00,FG-DISP-0004382,SN-DISP-0004382,Generated dispatch item.
4383,2138,4890,100,BLDC Motor 1.5 kW,No,34,2,23125.00,46250.00,FG-DISP-0004383,SN-DISP-0004383,Generated dispatch item.
4384,2139,2191,101,PMSM Motor 3 kW,No,17,2,45625.00,91250.00,FG-DISP-0004384,SN-DISP-0004384,Generated dispatch item.
4385,2140,4892,102,PMSM Motor 7.5 kW,No,8,4,102500.00,410000.00,FG-DISP-0004385,SN-DISP-0004385,Generated dispatch item.
4386,2141,2193,100,BLDC Motor 1.5 kW,No,26,6,23125.00,138750.00,FG-DISP-0004386,SN-DISP-0004386,Generated dispatch item.
4387,2142,4894,101,PMSM Motor 3 kW,No,41,4,45625.00,182500.00,FG-DISP-0004387,SN-DISP-0004387,Generated dispatch item.
4388,2143,2195,102,PMSM Motor 7.5 kW,No,47,7,102500.00,717500.00,FG-DISP-0004388,SN-DISP-0004388,Generated dispatch item.
4389,2144,4896,100,BLDC Motor 1.5 kW,No,10,3,23125.00,69375.00,FG-DISP-0004389,SN-DISP-0004389,Generated dispatch item.
4390,2145,2197,101,PMSM Motor 3 kW,No,13,4,45625.00,182500.00,FG-DISP-0004390,SN-DISP-0004390,Generated dispatch item.
4391,2146,4898,102,PMSM Motor 7.5 kW,No,22,7,102500.00,717500.00,FG-DISP-0004391,SN-DISP-0004391,Generated dispatch item.
4392,2147,2199,100,BLDC Motor 1.5 kW,No,57,2,23125.00,46250.00,FG-DISP-0004392,SN-DISP-0004392,Generated dispatch item.
4393,2148,4900,101,PMSM Motor 3 kW,No,49,6,45625.00,273750.00,FG-DISP-0004393,SN-DISP-0004393,Generated dispatch item.
4394,2149,2201,102,PMSM Motor 7.5 kW,No,16,2,102500.00,205000.00,FG-DISP-0004394,SN-DISP-0004394,Generated dispatch item.
4395,2150,4902,100,BLDC Motor 1.5 kW,No,34,7,23125.00,161875.00,FG-DISP-0004395,SN-DISP-0004395,Generated dispatch item.
4396,2151,2203,101,PMSM Motor 3 kW,No,54,3,45625.00,136875.00,FG-DISP-0004396,SN-DISP-0004396,Generated dispatch item.
4397,2152,4904,102,PMSM Motor 7.5 kW,No,27,5,102500.00,512500.00,FG-DISP-0004397,SN-DISP-0004397,Generated dispatch item.
4398,2153,2205,100,BLDC Motor 1.5 kW,No,32,5,23125.00,115625.00,FG-DISP-0004398,SN-DISP-0004398,Generated dispatch item.
4399,2154,4906,101,PMSM Motor 3 kW,No,22,3,45625.00,136875.00,FG-DISP-0004399,SN-DISP-0004399,Generated dispatch item.
4400,2155,2207,102,PMSM Motor 7.5 kW,No,52,4,102500.00,410000.00,FG-DISP-0004400,SN-DISP-0004400,Generated dispatch item.
4401,2156,4908,100,BLDC Motor 1.5 kW,No,49,6,23125.00,138750.00,FG-DISP-0004401,SN-DISP-0004401,Generated dispatch item.
4402,2157,2209,101,PMSM Motor 3 kW,No,58,7,45625.00,319375.00,FG-DISP-0004402,SN-DISP-0004402,Generated dispatch item.
4403,2158,4910,102,PMSM Motor 7.5 kW,No,31,1,102500.00,102500.00,FG-DISP-0004403,SN-DISP-0004403,Generated dispatch item.
4404,2159,2211,100,BLDC Motor 1.5 kW,No,28,4,23125.00,92500.00,FG-DISP-0004404,SN-DISP-0004404,Generated dispatch item.
4405,2160,4912,101,PMSM Motor 3 kW,No,21,6,45625.00,273750.00,FG-DISP-0004405,SN-DISP-0004405,Generated dispatch item.
4406,2161,2213,102,PMSM Motor 7.5 kW,No,44,4,102500.00,410000.00,FG-DISP-0004406,SN-DISP-0004406,Generated dispatch item.
4407,2162,4914,100,BLDC Motor 1.5 kW,No,49,1,23125.00,23125.00,FG-DISP-0004407,SN-DISP-0004407,Generated dispatch item.
4408,2163,2215,101,PMSM Motor 3 kW,No,17,1,45625.00,45625.00,FG-DISP-0004408,SN-DISP-0004408,Generated dispatch item.
4409,2164,4916,102,PMSM Motor 7.5 kW,No,23,6,102500.00,615000.00,FG-DISP-0004409,SN-DISP-0004409,Generated dispatch item.
4410,2165,2217,100,BLDC Motor 1.5 kW,No,49,3,23125.00,69375.00,FG-DISP-0004410,SN-DISP-0004410,Generated dispatch item.
4411,2166,4918,101,PMSM Motor 3 kW,No,56,5,45625.00,228125.00,FG-DISP-0004411,SN-DISP-0004411,Generated dispatch item.
4412,2167,2219,102,PMSM Motor 7.5 kW,No,50,7,102500.00,717500.00,FG-DISP-0004412,SN-DISP-0004412,Generated dispatch item.
4413,2168,4920,100,BLDC Motor 1.5 kW,No,20,1,23125.00,23125.00,FG-DISP-0004413,SN-DISP-0004413,Generated dispatch item.
4414,2169,2221,101,PMSM Motor 3 kW,No,21,4,45625.00,182500.00,FG-DISP-0004414,SN-DISP-0004414,Generated dispatch item.
4415,2170,4922,102,PMSM Motor 7.5 kW,No,31,2,102500.00,205000.00,FG-DISP-0004415,SN-DISP-0004415,Generated dispatch item.
4416,2171,2223,100,BLDC Motor 1.5 kW,No,6,3,23125.00,69375.00,FG-DISP-0004416,SN-DISP-0004416,Generated dispatch item.
4417,2172,4924,101,PMSM Motor 3 kW,No,22,4,45625.00,182500.00,FG-DISP-0004417,SN-DISP-0004417,Generated dispatch item.
4418,2173,2225,102,PMSM Motor 7.5 kW,No,29,7,102500.00,717500.00,FG-DISP-0004418,SN-DISP-0004418,Generated dispatch item.
4419,2174,4926,100,BLDC Motor 1.5 kW,No,59,3,23125.00,69375.00,FG-DISP-0004419,SN-DISP-0004419,Generated dispatch item.
4420,2175,2227,101,PMSM Motor 3 kW,No,14,2,45625.00,91250.00,FG-DISP-0004420,SN-DISP-0004420,Generated dispatch item.
4421,2176,4928,102,PMSM Motor 7.5 kW,No,53,7,102500.00,717500.00,FG-DISP-0004421,SN-DISP-0004421,Generated dispatch item.
4422,2177,2229,100,BLDC Motor 1.5 kW,No,50,5,23125.00,115625.00,FG-DISP-0004422,SN-DISP-0004422,Generated dispatch item.
4423,2178,4930,101,PMSM Motor 3 kW,No,60,2,45625.00,91250.00,FG-DISP-0004423,SN-DISP-0004423,Generated dispatch item.
4424,2179,2231,102,PMSM Motor 7.5 kW,No,19,5,102500.00,512500.00,FG-DISP-0004424,SN-DISP-0004424,Generated dispatch item.
4425,2180,4932,100,BLDC Motor 1.5 kW,No,51,3,23125.00,69375.00,FG-DISP-0004425,SN-DISP-0004425,Generated dispatch item.
4426,2181,2233,101,PMSM Motor 3 kW,No,57,1,45625.00,45625.00,FG-DISP-0004426,SN-DISP-0004426,Generated dispatch item.
4427,2182,4934,102,PMSM Motor 7.5 kW,No,22,2,102500.00,205000.00,FG-DISP-0004427,SN-DISP-0004427,Generated dispatch item.
4428,2183,2235,100,BLDC Motor 1.5 kW,No,59,6,23125.00,138750.00,FG-DISP-0004428,SN-DISP-0004428,Generated dispatch item.
4429,2184,4936,101,PMSM Motor 3 kW,No,59,1,45625.00,45625.00,FG-DISP-0004429,SN-DISP-0004429,Generated dispatch item.
4430,2185,2237,102,PMSM Motor 7.5 kW,No,55,3,102500.00,307500.00,FG-DISP-0004430,SN-DISP-0004430,Generated dispatch item.
4431,2186,4938,100,BLDC Motor 1.5 kW,No,29,2,23125.00,46250.00,FG-DISP-0004431,SN-DISP-0004431,Generated dispatch item.
4432,2187,2239,101,PMSM Motor 3 kW,No,38,6,45625.00,273750.00,FG-DISP-0004432,SN-DISP-0004432,Generated dispatch item.
4433,2188,4940,102,PMSM Motor 7.5 kW,No,31,7,102500.00,717500.00,FG-DISP-0004433,SN-DISP-0004433,Generated dispatch item.
4434,2189,2241,100,BLDC Motor 1.5 kW,No,19,6,23125.00,138750.00,FG-DISP-0004434,SN-DISP-0004434,Generated dispatch item.
4435,2190,4942,101,PMSM Motor 3 kW,No,28,6,45625.00,273750.00,FG-DISP-0004435,SN-DISP-0004435,Generated dispatch item.
4436,2191,2243,102,PMSM Motor 7.5 kW,No,50,1,102500.00,102500.00,FG-DISP-0004436,SN-DISP-0004436,Generated dispatch item.
4437,2192,4944,100,BLDC Motor 1.5 kW,No,20,7,23125.00,161875.00,FG-DISP-0004437,SN-DISP-0004437,Generated dispatch item.
4438,2193,2245,101,PMSM Motor 3 kW,No,44,2,45625.00,91250.00,FG-DISP-0004438,SN-DISP-0004438,Generated dispatch item.
4440,2195,2247,100,BLDC Motor 1.5 kW,No,59,3,23125.00,69375.00,FG-DISP-0004440,SN-DISP-0004440,Generated dispatch item.
4441,2196,4948,101,PMSM Motor 3 kW,No,58,6,45625.00,273750.00,FG-DISP-0004441,SN-DISP-0004441,Generated dispatch item.
4442,2197,2249,102,PMSM Motor 7.5 kW,No,26,2,102500.00,205000.00,FG-DISP-0004442,SN-DISP-0004442,Generated dispatch item.
4443,2198,4950,100,BLDC Motor 1.5 kW,No,18,2,23125.00,46250.00,FG-DISP-0004443,SN-DISP-0004443,Generated dispatch item.
4444,2199,2251,101,PMSM Motor 3 kW,No,8,1,45625.00,45625.00,FG-DISP-0004444,SN-DISP-0004444,Generated dispatch item.
4445,2200,4952,102,PMSM Motor 7.5 kW,No,36,3,102500.00,307500.00,FG-DISP-0004445,SN-DISP-0004445,Generated dispatch item.
4446,2201,2253,100,BLDC Motor 1.5 kW,No,60,4,23125.00,92500.00,FG-DISP-0004446,SN-DISP-0004446,Generated dispatch item.
4447,2202,4954,101,PMSM Motor 3 kW,No,8,1,45625.00,45625.00,FG-DISP-0004447,SN-DISP-0004447,Generated dispatch item.
4448,2203,2255,102,PMSM Motor 7.5 kW,No,51,1,102500.00,102500.00,FG-DISP-0004448,SN-DISP-0004448,Generated dispatch item.
4449,2204,4956,100,BLDC Motor 1.5 kW,No,35,2,23125.00,46250.00,FG-DISP-0004449,SN-DISP-0004449,Generated dispatch item.
4450,2205,2257,101,PMSM Motor 3 kW,No,17,1,45625.00,45625.00,FG-DISP-0004450,SN-DISP-0004450,Generated dispatch item.
4451,2206,4958,102,PMSM Motor 7.5 kW,No,8,2,102500.00,205000.00,FG-DISP-0004451,SN-DISP-0004451,Generated dispatch item.
4452,2207,2259,100,BLDC Motor 1.5 kW,No,45,5,23125.00,115625.00,FG-DISP-0004452,SN-DISP-0004452,Generated dispatch item.
4453,2208,4960,101,PMSM Motor 3 kW,No,9,1,45625.00,45625.00,FG-DISP-0004453,SN-DISP-0004453,Generated dispatch item.
4454,2209,2261,102,PMSM Motor 7.5 kW,No,5,2,102500.00,205000.00,FG-DISP-0004454,SN-DISP-0004454,Generated dispatch item.
4455,2210,4962,100,BLDC Motor 1.5 kW,No,48,4,23125.00,92500.00,FG-DISP-0004455,SN-DISP-0004455,Generated dispatch item.
4456,2211,2263,101,PMSM Motor 3 kW,No,36,4,45625.00,182500.00,FG-DISP-0004456,SN-DISP-0004456,Generated dispatch item.
4457,2212,4964,102,PMSM Motor 7.5 kW,No,43,7,102500.00,717500.00,FG-DISP-0004457,SN-DISP-0004457,Generated dispatch item.
4458,2213,2265,100,BLDC Motor 1.5 kW,No,25,5,23125.00,115625.00,FG-DISP-0004458,SN-DISP-0004458,Generated dispatch item.
4459,2214,4966,101,PMSM Motor 3 kW,No,60,7,45625.00,319375.00,FG-DISP-0004459,SN-DISP-0004459,Generated dispatch item.
4460,2215,2267,102,PMSM Motor 7.5 kW,No,26,6,102500.00,615000.00,FG-DISP-0004460,SN-DISP-0004460,Generated dispatch item.
4461,2216,4968,100,BLDC Motor 1.5 kW,No,33,4,23125.00,92500.00,FG-DISP-0004461,SN-DISP-0004461,Generated dispatch item.
4462,2217,2269,101,PMSM Motor 3 kW,No,18,3,45625.00,136875.00,FG-DISP-0004462,SN-DISP-0004462,Generated dispatch item.
4463,2218,4970,102,PMSM Motor 7.5 kW,No,10,1,102500.00,102500.00,FG-DISP-0004463,SN-DISP-0004463,Generated dispatch item.
4464,2219,2271,100,BLDC Motor 1.5 kW,No,20,5,23125.00,115625.00,FG-DISP-0004464,SN-DISP-0004464,Generated dispatch item.
4465,2220,4972,101,PMSM Motor 3 kW,No,9,5,45625.00,228125.00,FG-DISP-0004465,SN-DISP-0004465,Generated dispatch item.
4466,2221,2273,102,PMSM Motor 7.5 kW,No,30,3,102500.00,307500.00,FG-DISP-0004466,SN-DISP-0004466,Generated dispatch item.
4467,2222,4974,100,BLDC Motor 1.5 kW,No,19,3,23125.00,69375.00,FG-DISP-0004467,SN-DISP-0004467,Generated dispatch item.
4468,2223,2275,101,PMSM Motor 3 kW,No,18,1,45625.00,45625.00,FG-DISP-0004468,SN-DISP-0004468,Generated dispatch item.
4469,2224,4976,102,PMSM Motor 7.5 kW,No,44,5,102500.00,512500.00,FG-DISP-0004469,SN-DISP-0004469,Generated dispatch item.
4470,2225,2277,100,BLDC Motor 1.5 kW,No,31,3,23125.00,69375.00,FG-DISP-0004470,SN-DISP-0004470,Generated dispatch item.
4471,2226,4978,101,PMSM Motor 3 kW,No,7,1,45625.00,45625.00,FG-DISP-0004471,SN-DISP-0004471,Generated dispatch item.
4472,2227,2279,102,PMSM Motor 7.5 kW,No,37,1,102500.00,102500.00,FG-DISP-0004472,SN-DISP-0004472,Generated dispatch item.
4473,2228,4980,100,BLDC Motor 1.5 kW,No,45,3,23125.00,69375.00,FG-DISP-0004473,SN-DISP-0004473,Generated dispatch item.
4474,2229,2281,101,PMSM Motor 3 kW,No,44,4,45625.00,182500.00,FG-DISP-0004474,SN-DISP-0004474,Generated dispatch item.
4475,2230,4982,102,PMSM Motor 7.5 kW,No,59,4,102500.00,410000.00,FG-DISP-0004475,SN-DISP-0004475,Generated dispatch item.
4476,2231,2283,100,BLDC Motor 1.5 kW,No,42,6,23125.00,138750.00,FG-DISP-0004476,SN-DISP-0004476,Generated dispatch item.
4477,2232,4984,101,PMSM Motor 3 kW,No,14,4,45625.00,182500.00,FG-DISP-0004477,SN-DISP-0004477,Generated dispatch item.
4478,2233,2285,102,PMSM Motor 7.5 kW,No,18,6,102500.00,615000.00,FG-DISP-0004478,SN-DISP-0004478,Generated dispatch item.
4479,2234,4986,100,BLDC Motor 1.5 kW,No,10,3,23125.00,69375.00,FG-DISP-0004479,SN-DISP-0004479,Generated dispatch item.
4480,2235,2287,101,PMSM Motor 3 kW,No,7,2,45625.00,91250.00,FG-DISP-0004480,SN-DISP-0004480,Generated dispatch item.
4481,2236,4988,102,PMSM Motor 7.5 kW,No,49,4,102500.00,410000.00,FG-DISP-0004481,SN-DISP-0004481,Generated dispatch item.
4482,2237,2289,100,BLDC Motor 1.5 kW,No,51,1,23125.00,23125.00,FG-DISP-0004482,SN-DISP-0004482,Generated dispatch item.
4483,2238,4990,101,PMSM Motor 3 kW,No,60,6,45625.00,273750.00,FG-DISP-0004483,SN-DISP-0004483,Generated dispatch item.
4484,2239,2291,102,PMSM Motor 7.5 kW,No,53,2,102500.00,205000.00,FG-DISP-0004484,SN-DISP-0004484,Generated dispatch item.
4485,2240,4992,100,BLDC Motor 1.5 kW,No,33,7,23125.00,161875.00,FG-DISP-0004485,SN-DISP-0004485,Generated dispatch item.
4486,2241,2293,101,PMSM Motor 3 kW,No,59,7,45625.00,319375.00,FG-DISP-0004486,SN-DISP-0004486,Generated dispatch item.
4487,2242,4994,102,PMSM Motor 7.5 kW,No,60,4,102500.00,410000.00,FG-DISP-0004487,SN-DISP-0004487,Generated dispatch item.
4488,2243,2295,100,BLDC Motor 1.5 kW,No,58,3,23125.00,69375.00,FG-DISP-0004488,SN-DISP-0004488,Generated dispatch item.
4489,2244,4996,101,PMSM Motor 3 kW,No,48,3,45625.00,136875.00,FG-DISP-0004489,SN-DISP-0004489,Generated dispatch item.
4490,2245,2297,102,PMSM Motor 7.5 kW,No,40,4,102500.00,410000.00,FG-DISP-0004490,SN-DISP-0004490,Generated dispatch item.
4491,2246,4998,100,BLDC Motor 1.5 kW,No,55,4,23125.00,92500.00,FG-DISP-0004491,SN-DISP-0004491,Generated dispatch item.
4492,2247,2299,101,PMSM Motor 3 kW,No,55,1,45625.00,45625.00,FG-DISP-0004492,SN-DISP-0004492,Generated dispatch item.
4493,2248,5000,102,PMSM Motor 7.5 kW,No,48,2,102500.00,205000.00,FG-DISP-0004493,SN-DISP-0004493,Generated dispatch item.
4494,2249,2301,100,BLDC Motor 1.5 kW,No,30,6,23125.00,138750.00,FG-DISP-0004494,SN-DISP-0004494,Generated dispatch item.
4495,2250,5002,101,PMSM Motor 3 kW,No,56,1,45625.00,45625.00,FG-DISP-0004495,SN-DISP-0004495,Generated dispatch item.
4496,2251,2303,102,PMSM Motor 7.5 kW,No,49,4,102500.00,410000.00,FG-DISP-0004496,SN-DISP-0004496,Generated dispatch item.
4497,2252,5004,100,BLDC Motor 1.5 kW,No,8,6,23125.00,138750.00,FG-DISP-0004497,SN-DISP-0004497,Generated dispatch item.
4498,2253,2305,101,PMSM Motor 3 kW,No,58,1,45625.00,45625.00,FG-DISP-0004498,SN-DISP-0004498,Generated dispatch item.
4500,2255,2307,100,BLDC Motor 1.5 kW,No,49,7,23125.00,161875.00,FG-DISP-0004500,SN-DISP-0004500,Generated dispatch item.
4501,2256,5008,101,PMSM Motor 3 kW,No,18,4,45625.00,182500.00,FG-DISP-0004501,SN-DISP-0004501,Generated dispatch item.
4502,2257,2309,102,PMSM Motor 7.5 kW,No,28,3,102500.00,307500.00,FG-DISP-0004502,SN-DISP-0004502,Generated dispatch item.
4503,2258,5010,100,BLDC Motor 1.5 kW,No,45,5,23125.00,115625.00,FG-DISP-0004503,SN-DISP-0004503,Generated dispatch item.
4504,2259,2311,101,PMSM Motor 3 kW,No,26,6,45625.00,273750.00,FG-DISP-0004504,SN-DISP-0004504,Generated dispatch item.
4505,2260,5012,102,PMSM Motor 7.5 kW,No,44,4,102500.00,410000.00,FG-DISP-0004505,SN-DISP-0004505,Generated dispatch item.
4506,2261,2313,100,BLDC Motor 1.5 kW,No,21,1,23125.00,23125.00,FG-DISP-0004506,SN-DISP-0004506,Generated dispatch item.
4507,2262,5014,101,PMSM Motor 3 kW,No,53,7,45625.00,319375.00,FG-DISP-0004507,SN-DISP-0004507,Generated dispatch item.
4508,2263,2315,102,PMSM Motor 7.5 kW,No,25,1,102500.00,102500.00,FG-DISP-0004508,SN-DISP-0004508,Generated dispatch item.
4509,2264,5016,100,BLDC Motor 1.5 kW,No,34,7,23125.00,161875.00,FG-DISP-0004509,SN-DISP-0004509,Generated dispatch item.
4510,2265,2317,101,PMSM Motor 3 kW,No,50,4,45625.00,182500.00,FG-DISP-0004510,SN-DISP-0004510,Generated dispatch item.
4511,2266,5018,102,PMSM Motor 7.5 kW,No,11,4,102500.00,410000.00,FG-DISP-0004511,SN-DISP-0004511,Generated dispatch item.
4512,2267,2319,100,BLDC Motor 1.5 kW,No,44,6,23125.00,138750.00,FG-DISP-0004512,SN-DISP-0004512,Generated dispatch item.
4513,2268,5020,101,PMSM Motor 3 kW,No,32,7,45625.00,319375.00,FG-DISP-0004513,SN-DISP-0004513,Generated dispatch item.
4514,2269,2321,102,PMSM Motor 7.5 kW,No,18,2,102500.00,205000.00,FG-DISP-0004514,SN-DISP-0004514,Generated dispatch item.
4515,2270,5022,100,BLDC Motor 1.5 kW,No,51,6,23125.00,138750.00,FG-DISP-0004515,SN-DISP-0004515,Generated dispatch item.
4516,2271,2323,101,PMSM Motor 3 kW,No,44,5,45625.00,228125.00,FG-DISP-0004516,SN-DISP-0004516,Generated dispatch item.
4517,2272,5024,102,PMSM Motor 7.5 kW,No,42,3,102500.00,307500.00,FG-DISP-0004517,SN-DISP-0004517,Generated dispatch item.
4518,2273,2325,100,BLDC Motor 1.5 kW,No,26,3,23125.00,69375.00,FG-DISP-0004518,SN-DISP-0004518,Generated dispatch item.
4519,2274,5026,101,PMSM Motor 3 kW,No,53,6,45625.00,273750.00,FG-DISP-0004519,SN-DISP-0004519,Generated dispatch item.
4520,2275,2327,102,PMSM Motor 7.5 kW,No,36,1,102500.00,102500.00,FG-DISP-0004520,SN-DISP-0004520,Generated dispatch item.
4521,2276,5028,100,BLDC Motor 1.5 kW,No,20,4,23125.00,92500.00,FG-DISP-0004521,SN-DISP-0004521,Generated dispatch item.
4522,2277,2329,101,PMSM Motor 3 kW,No,25,6,45625.00,273750.00,FG-DISP-0004522,SN-DISP-0004522,Generated dispatch item.
4523,2278,5030,102,PMSM Motor 7.5 kW,No,60,4,102500.00,410000.00,FG-DISP-0004523,SN-DISP-0004523,Generated dispatch item.
4524,2279,2331,100,BLDC Motor 1.5 kW,No,34,4,23125.00,92500.00,FG-DISP-0004524,SN-DISP-0004524,Generated dispatch item.
4525,2280,5032,101,PMSM Motor 3 kW,No,42,4,45625.00,182500.00,FG-DISP-0004525,SN-DISP-0004525,Generated dispatch item.
4526,2281,2333,102,PMSM Motor 7.5 kW,No,45,4,102500.00,410000.00,FG-DISP-0004526,SN-DISP-0004526,Generated dispatch item.
4527,2282,5034,100,BLDC Motor 1.5 kW,No,17,6,23125.00,138750.00,FG-DISP-0004527,SN-DISP-0004527,Generated dispatch item.
4528,2283,2335,101,PMSM Motor 3 kW,No,45,6,45625.00,273750.00,FG-DISP-0004528,SN-DISP-0004528,Generated dispatch item.
4529,2284,5036,102,PMSM Motor 7.5 kW,No,35,7,102500.00,717500.00,FG-DISP-0004529,SN-DISP-0004529,Generated dispatch item.
4530,2285,2337,100,BLDC Motor 1.5 kW,No,47,1,23125.00,23125.00,FG-DISP-0004530,SN-DISP-0004530,Generated dispatch item.
4531,2286,5038,101,PMSM Motor 3 kW,No,52,3,45625.00,136875.00,FG-DISP-0004531,SN-DISP-0004531,Generated dispatch item.
4532,2287,2339,102,PMSM Motor 7.5 kW,No,26,7,102500.00,717500.00,FG-DISP-0004532,SN-DISP-0004532,Generated dispatch item.
4533,2288,5040,100,BLDC Motor 1.5 kW,No,11,5,23125.00,115625.00,FG-DISP-0004533,SN-DISP-0004533,Generated dispatch item.
4534,2289,2341,101,PMSM Motor 3 kW,No,43,3,45625.00,136875.00,FG-DISP-0004534,SN-DISP-0004534,Generated dispatch item.
4535,2290,5042,102,PMSM Motor 7.5 kW,No,18,5,102500.00,512500.00,FG-DISP-0004535,SN-DISP-0004535,Generated dispatch item.
4536,2291,2343,100,BLDC Motor 1.5 kW,No,18,4,23125.00,92500.00,FG-DISP-0004536,SN-DISP-0004536,Generated dispatch item.
4537,2292,5044,101,PMSM Motor 3 kW,No,5,1,45625.00,45625.00,FG-DISP-0004537,SN-DISP-0004537,Generated dispatch item.
4538,2293,2345,102,PMSM Motor 7.5 kW,No,31,4,102500.00,410000.00,FG-DISP-0004538,SN-DISP-0004538,Generated dispatch item.
4539,2294,5046,100,BLDC Motor 1.5 kW,No,41,4,23125.00,92500.00,FG-DISP-0004539,SN-DISP-0004539,Generated dispatch item.
4540,2295,2347,101,PMSM Motor 3 kW,No,37,5,45625.00,228125.00,FG-DISP-0004540,SN-DISP-0004540,Generated dispatch item.
4541,2296,5048,102,PMSM Motor 7.5 kW,No,43,2,102500.00,205000.00,FG-DISP-0004541,SN-DISP-0004541,Generated dispatch item.
4542,2297,2349,100,BLDC Motor 1.5 kW,No,43,6,23125.00,138750.00,FG-DISP-0004542,SN-DISP-0004542,Generated dispatch item.
4544,2299,2351,102,PMSM Motor 7.5 kW,No,56,2,102500.00,205000.00,FG-DISP-0004544,SN-DISP-0004544,Generated dispatch item.
4545,2300,5052,100,BLDC Motor 1.5 kW,No,24,1,23125.00,23125.00,FG-DISP-0004545,SN-DISP-0004545,Generated dispatch item.
4546,2301,2353,101,PMSM Motor 3 kW,No,22,1,45625.00,45625.00,FG-DISP-0004546,SN-DISP-0004546,Generated dispatch item.
4547,2302,5054,102,PMSM Motor 7.5 kW,No,37,1,102500.00,102500.00,FG-DISP-0004547,SN-DISP-0004547,Generated dispatch item.
4548,2303,2355,100,BLDC Motor 1.5 kW,No,52,1,23125.00,23125.00,FG-DISP-0004548,SN-DISP-0004548,Generated dispatch item.
4549,2304,5056,101,PMSM Motor 3 kW,No,14,1,45625.00,45625.00,FG-DISP-0004549,SN-DISP-0004549,Generated dispatch item.
4550,2305,2357,102,PMSM Motor 7.5 kW,No,22,3,102500.00,307500.00,FG-DISP-0004550,SN-DISP-0004550,Generated dispatch item.
4551,2306,5058,100,BLDC Motor 1.5 kW,No,41,7,23125.00,161875.00,FG-DISP-0004551,SN-DISP-0004551,Generated dispatch item.
4552,2307,2359,101,PMSM Motor 3 kW,No,35,1,45625.00,45625.00,FG-DISP-0004552,SN-DISP-0004552,Generated dispatch item.
4553,2308,5060,102,PMSM Motor 7.5 kW,No,19,5,102500.00,512500.00,FG-DISP-0004553,SN-DISP-0004553,Generated dispatch item.
4554,2309,2361,100,BLDC Motor 1.5 kW,No,51,7,23125.00,161875.00,FG-DISP-0004554,SN-DISP-0004554,Generated dispatch item.
4555,2310,5062,101,PMSM Motor 3 kW,No,7,4,45625.00,182500.00,FG-DISP-0004555,SN-DISP-0004555,Generated dispatch item.
4556,2311,2363,102,PMSM Motor 7.5 kW,No,45,3,102500.00,307500.00,FG-DISP-0004556,SN-DISP-0004556,Generated dispatch item.
4557,2312,5064,100,BLDC Motor 1.5 kW,No,52,1,23125.00,23125.00,FG-DISP-0004557,SN-DISP-0004557,Generated dispatch item.
4558,2313,2365,101,PMSM Motor 3 kW,No,53,3,45625.00,136875.00,FG-DISP-0004558,SN-DISP-0004558,Generated dispatch item.
4559,2314,5066,102,PMSM Motor 7.5 kW,No,24,5,102500.00,512500.00,FG-DISP-0004559,SN-DISP-0004559,Generated dispatch item.
4560,2315,2367,100,BLDC Motor 1.5 kW,No,50,6,23125.00,138750.00,FG-DISP-0004560,SN-DISP-0004560,Generated dispatch item.
4561,2316,5068,101,PMSM Motor 3 kW,No,22,1,45625.00,45625.00,FG-DISP-0004561,SN-DISP-0004561,Generated dispatch item.
4562,2317,2369,102,PMSM Motor 7.5 kW,No,20,3,102500.00,307500.00,FG-DISP-0004562,SN-DISP-0004562,Generated dispatch item.
4563,2318,5070,100,BLDC Motor 1.5 kW,No,9,2,23125.00,46250.00,FG-DISP-0004563,SN-DISP-0004563,Generated dispatch item.
4564,2319,2371,101,PMSM Motor 3 kW,No,60,6,45625.00,273750.00,FG-DISP-0004564,SN-DISP-0004564,Generated dispatch item.
4565,2320,5072,102,PMSM Motor 7.5 kW,No,22,3,102500.00,307500.00,FG-DISP-0004565,SN-DISP-0004565,Generated dispatch item.
4566,2321,2373,100,BLDC Motor 1.5 kW,No,57,6,23125.00,138750.00,FG-DISP-0004566,SN-DISP-0004566,Generated dispatch item.
4567,2322,5074,101,PMSM Motor 3 kW,No,50,6,45625.00,273750.00,FG-DISP-0004567,SN-DISP-0004567,Generated dispatch item.
4568,2323,2375,102,PMSM Motor 7.5 kW,No,29,3,102500.00,307500.00,FG-DISP-0004568,SN-DISP-0004568,Generated dispatch item.
4569,2324,5076,100,BLDC Motor 1.5 kW,No,60,4,23125.00,92500.00,FG-DISP-0004569,SN-DISP-0004569,Generated dispatch item.
4570,2325,2377,101,PMSM Motor 3 kW,No,7,4,45625.00,182500.00,FG-DISP-0004570,SN-DISP-0004570,Generated dispatch item.
4571,2326,5078,102,PMSM Motor 7.5 kW,No,38,5,102500.00,512500.00,FG-DISP-0004571,SN-DISP-0004571,Generated dispatch item.
4572,2327,2379,100,BLDC Motor 1.5 kW,No,21,3,23125.00,69375.00,FG-DISP-0004572,SN-DISP-0004572,Generated dispatch item.
4573,2328,5080,101,PMSM Motor 3 kW,No,15,3,45625.00,136875.00,FG-DISP-0004573,SN-DISP-0004573,Generated dispatch item.
4574,2329,2381,102,PMSM Motor 7.5 kW,No,51,3,102500.00,307500.00,FG-DISP-0004574,SN-DISP-0004574,Generated dispatch item.
4575,2330,5082,100,BLDC Motor 1.5 kW,No,8,2,23125.00,46250.00,FG-DISP-0004575,SN-DISP-0004575,Generated dispatch item.
4576,2331,2383,101,PMSM Motor 3 kW,No,58,5,45625.00,228125.00,FG-DISP-0004576,SN-DISP-0004576,Generated dispatch item.
4577,2332,5084,102,PMSM Motor 7.5 kW,No,38,7,102500.00,717500.00,FG-DISP-0004577,SN-DISP-0004577,Generated dispatch item.
4578,2333,2385,100,BLDC Motor 1.5 kW,No,51,3,23125.00,69375.00,FG-DISP-0004578,SN-DISP-0004578,Generated dispatch item.
4579,2334,5086,101,PMSM Motor 3 kW,No,20,7,45625.00,319375.00,FG-DISP-0004579,SN-DISP-0004579,Generated dispatch item.
4580,2335,2387,102,PMSM Motor 7.5 kW,No,27,4,102500.00,410000.00,FG-DISP-0004580,SN-DISP-0004580,Generated dispatch item.
4581,2336,5088,100,BLDC Motor 1.5 kW,No,47,2,23125.00,46250.00,FG-DISP-0004581,SN-DISP-0004581,Generated dispatch item.
4582,2337,2389,101,PMSM Motor 3 kW,No,8,4,45625.00,182500.00,FG-DISP-0004582,SN-DISP-0004582,Generated dispatch item.
4583,2338,5090,102,PMSM Motor 7.5 kW,No,36,4,102500.00,410000.00,FG-DISP-0004583,SN-DISP-0004583,Generated dispatch item.
4584,2339,2391,100,BLDC Motor 1.5 kW,No,33,1,23125.00,23125.00,FG-DISP-0004584,SN-DISP-0004584,Generated dispatch item.
4585,2340,5092,101,PMSM Motor 3 kW,No,44,4,45625.00,182500.00,FG-DISP-0004585,SN-DISP-0004585,Generated dispatch item.
4586,2341,2393,102,PMSM Motor 7.5 kW,No,26,2,102500.00,205000.00,FG-DISP-0004586,SN-DISP-0004586,Generated dispatch item.
4587,2342,5094,100,BLDC Motor 1.5 kW,No,12,6,23125.00,138750.00,FG-DISP-0004587,SN-DISP-0004587,Generated dispatch item.
4588,2343,2395,101,PMSM Motor 3 kW,No,11,4,45625.00,182500.00,FG-DISP-0004588,SN-DISP-0004588,Generated dispatch item.
4589,2344,5096,102,PMSM Motor 7.5 kW,No,23,3,102500.00,307500.00,FG-DISP-0004589,SN-DISP-0004589,Generated dispatch item.
4590,2345,2397,100,BLDC Motor 1.5 kW,No,10,1,23125.00,23125.00,FG-DISP-0004590,SN-DISP-0004590,Generated dispatch item.
4591,2346,5098,101,PMSM Motor 3 kW,No,7,4,45625.00,182500.00,FG-DISP-0004591,SN-DISP-0004591,Generated dispatch item.
4592,2347,2399,102,PMSM Motor 7.5 kW,No,13,5,102500.00,512500.00,FG-DISP-0004592,SN-DISP-0004592,Generated dispatch item.
4593,2348,5100,100,BLDC Motor 1.5 kW,No,42,3,23125.00,69375.00,FG-DISP-0004593,SN-DISP-0004593,Generated dispatch item.
4594,2349,2401,101,PMSM Motor 3 kW,No,16,7,45625.00,319375.00,FG-DISP-0004594,SN-DISP-0004594,Generated dispatch item.
4595,2350,5102,102,PMSM Motor 7.5 kW,No,8,2,102500.00,205000.00,FG-DISP-0004595,SN-DISP-0004595,Generated dispatch item.
4596,2351,2403,100,BLDC Motor 1.5 kW,No,47,6,23125.00,138750.00,FG-DISP-0004596,SN-DISP-0004596,Generated dispatch item.
4597,2352,5104,101,PMSM Motor 3 kW,No,25,4,45625.00,182500.00,FG-DISP-0004597,SN-DISP-0004597,Generated dispatch item.
4598,2353,2405,102,PMSM Motor 7.5 kW,No,26,3,102500.00,307500.00,FG-DISP-0004598,SN-DISP-0004598,Generated dispatch item.
4599,2354,5106,100,BLDC Motor 1.5 kW,No,32,3,23125.00,69375.00,FG-DISP-0004599,SN-DISP-0004599,Generated dispatch item.
4600,2355,2407,101,PMSM Motor 3 kW,No,29,4,45625.00,182500.00,FG-DISP-0004600,SN-DISP-0004600,Generated dispatch item.
4601,2356,5108,102,PMSM Motor 7.5 kW,No,19,1,102500.00,102500.00,FG-DISP-0004601,SN-DISP-0004601,Generated dispatch item.
4602,2357,2409,100,BLDC Motor 1.5 kW,No,38,5,23125.00,115625.00,FG-DISP-0004602,SN-DISP-0004602,Generated dispatch item.
4603,2358,5110,101,PMSM Motor 3 kW,No,51,3,45625.00,136875.00,FG-DISP-0004603,SN-DISP-0004603,Generated dispatch item.
4604,2359,2411,102,PMSM Motor 7.5 kW,No,58,5,102500.00,512500.00,FG-DISP-0004604,SN-DISP-0004604,Generated dispatch item.
4605,2360,5112,100,BLDC Motor 1.5 kW,No,48,4,23125.00,92500.00,FG-DISP-0004605,SN-DISP-0004605,Generated dispatch item.
4606,2361,2413,101,PMSM Motor 3 kW,No,47,7,45625.00,319375.00,FG-DISP-0004606,SN-DISP-0004606,Generated dispatch item.
4607,2362,5114,102,PMSM Motor 7.5 kW,No,14,1,102500.00,102500.00,FG-DISP-0004607,SN-DISP-0004607,Generated dispatch item.
4608,2363,2415,100,BLDC Motor 1.5 kW,No,41,4,23125.00,92500.00,FG-DISP-0004608,SN-DISP-0004608,Generated dispatch item.
4609,2364,5116,101,PMSM Motor 3 kW,No,11,4,45625.00,182500.00,FG-DISP-0004609,SN-DISP-0004609,Generated dispatch item.
4610,2365,2417,102,PMSM Motor 7.5 kW,No,46,2,102500.00,205000.00,FG-DISP-0004610,SN-DISP-0004610,Generated dispatch item.
4611,2366,5118,100,BLDC Motor 1.5 kW,No,60,5,23125.00,115625.00,FG-DISP-0004611,SN-DISP-0004611,Generated dispatch item.
4612,2367,2419,101,PMSM Motor 3 kW,No,45,3,45625.00,136875.00,FG-DISP-0004612,SN-DISP-0004612,Generated dispatch item.
4613,2368,5120,102,PMSM Motor 7.5 kW,No,30,6,102500.00,615000.00,FG-DISP-0004613,SN-DISP-0004613,Generated dispatch item.
4614,2369,2421,100,BLDC Motor 1.5 kW,No,43,7,23125.00,161875.00,FG-DISP-0004614,SN-DISP-0004614,Generated dispatch item.
4615,2370,5122,101,PMSM Motor 3 kW,No,38,6,45625.00,273750.00,FG-DISP-0004615,SN-DISP-0004615,Generated dispatch item.
4616,2371,2423,102,PMSM Motor 7.5 kW,No,32,5,102500.00,512500.00,FG-DISP-0004616,SN-DISP-0004616,Generated dispatch item.
4617,2372,5124,100,BLDC Motor 1.5 kW,No,17,6,23125.00,138750.00,FG-DISP-0004617,SN-DISP-0004617,Generated dispatch item.
4618,2373,2425,101,PMSM Motor 3 kW,No,36,7,45625.00,319375.00,FG-DISP-0004618,SN-DISP-0004618,Generated dispatch item.
4619,2374,5126,102,PMSM Motor 7.5 kW,No,31,7,102500.00,717500.00,FG-DISP-0004619,SN-DISP-0004619,Generated dispatch item.
4620,2375,2427,100,BLDC Motor 1.5 kW,No,30,6,23125.00,138750.00,FG-DISP-0004620,SN-DISP-0004620,Generated dispatch item.
4621,2376,5128,101,PMSM Motor 3 kW,No,49,7,45625.00,319375.00,FG-DISP-0004621,SN-DISP-0004621,Generated dispatch item.
4622,2377,2429,102,PMSM Motor 7.5 kW,No,27,7,102500.00,717500.00,FG-DISP-0004622,SN-DISP-0004622,Generated dispatch item.
4623,2378,5130,100,BLDC Motor 1.5 kW,No,10,2,23125.00,46250.00,FG-DISP-0004623,SN-DISP-0004623,Generated dispatch item.
4624,2379,2431,101,PMSM Motor 3 kW,No,20,4,45625.00,182500.00,FG-DISP-0004624,SN-DISP-0004624,Generated dispatch item.
4625,2380,5132,102,PMSM Motor 7.5 kW,No,28,3,102500.00,307500.00,FG-DISP-0004625,SN-DISP-0004625,Generated dispatch item.
4626,2381,2433,100,BLDC Motor 1.5 kW,No,24,7,23125.00,161875.00,FG-DISP-0004626,SN-DISP-0004626,Generated dispatch item.
4628,2383,2435,102,PMSM Motor 7.5 kW,No,28,6,102500.00,615000.00,FG-DISP-0004628,SN-DISP-0004628,Generated dispatch item.
4629,2384,5136,100,BLDC Motor 1.5 kW,No,6,1,23125.00,23125.00,FG-DISP-0004629,SN-DISP-0004629,Generated dispatch item.
4630,2385,2437,101,PMSM Motor 3 kW,No,37,3,45625.00,136875.00,FG-DISP-0004630,SN-DISP-0004630,Generated dispatch item.
4631,2386,5138,102,PMSM Motor 7.5 kW,No,18,6,102500.00,615000.00,FG-DISP-0004631,SN-DISP-0004631,Generated dispatch item.
4632,2387,2439,100,BLDC Motor 1.5 kW,No,32,1,23125.00,23125.00,FG-DISP-0004632,SN-DISP-0004632,Generated dispatch item.
4633,2388,5140,101,PMSM Motor 3 kW,No,57,7,45625.00,319375.00,FG-DISP-0004633,SN-DISP-0004633,Generated dispatch item.
4634,2389,2441,102,PMSM Motor 7.5 kW,No,11,2,102500.00,205000.00,FG-DISP-0004634,SN-DISP-0004634,Generated dispatch item.
4635,2390,5142,100,BLDC Motor 1.5 kW,No,60,4,23125.00,92500.00,FG-DISP-0004635,SN-DISP-0004635,Generated dispatch item.
4636,2391,2443,101,PMSM Motor 3 kW,No,24,6,45625.00,273750.00,FG-DISP-0004636,SN-DISP-0004636,Generated dispatch item.
4637,2392,5144,102,PMSM Motor 7.5 kW,No,45,6,102500.00,615000.00,FG-DISP-0004637,SN-DISP-0004637,Generated dispatch item.
4638,2393,2445,100,BLDC Motor 1.5 kW,No,26,2,23125.00,46250.00,FG-DISP-0004638,SN-DISP-0004638,Generated dispatch item.
4639,2394,5146,101,PMSM Motor 3 kW,No,38,4,45625.00,182500.00,FG-DISP-0004639,SN-DISP-0004639,Generated dispatch item.
4640,2395,2447,102,PMSM Motor 7.5 kW,No,44,4,102500.00,410000.00,FG-DISP-0004640,SN-DISP-0004640,Generated dispatch item.
4641,2396,5148,100,BLDC Motor 1.5 kW,No,10,6,23125.00,138750.00,FG-DISP-0004641,SN-DISP-0004641,Generated dispatch item.
4642,2397,2449,101,PMSM Motor 3 kW,No,23,3,45625.00,136875.00,FG-DISP-0004642,SN-DISP-0004642,Generated dispatch item.
4643,2398,5150,102,PMSM Motor 7.5 kW,No,31,6,102500.00,615000.00,FG-DISP-0004643,SN-DISP-0004643,Generated dispatch item.
4645,2400,5152,101,PMSM Motor 3 kW,No,10,5,45625.00,228125.00,FG-DISP-0004645,SN-DISP-0004645,Generated dispatch item.
4646,2401,2453,102,PMSM Motor 7.5 kW,No,9,4,102500.00,410000.00,FG-DISP-0004646,SN-DISP-0004646,Generated dispatch item.
4647,2402,5154,100,BLDC Motor 1.5 kW,No,32,7,23125.00,161875.00,FG-DISP-0004647,SN-DISP-0004647,Generated dispatch item.
4648,2403,2455,101,PMSM Motor 3 kW,No,32,3,45625.00,136875.00,FG-DISP-0004648,SN-DISP-0004648,Generated dispatch item.
4649,2404,5156,102,PMSM Motor 7.5 kW,No,58,4,102500.00,410000.00,FG-DISP-0004649,SN-DISP-0004649,Generated dispatch item.
4650,2405,2457,100,BLDC Motor 1.5 kW,No,15,6,23125.00,138750.00,FG-DISP-0004650,SN-DISP-0004650,Generated dispatch item.
4651,2406,5158,101,PMSM Motor 3 kW,No,52,6,45625.00,273750.00,FG-DISP-0004651,SN-DISP-0004651,Generated dispatch item.
4652,2407,2459,102,PMSM Motor 7.5 kW,No,32,7,102500.00,717500.00,FG-DISP-0004652,SN-DISP-0004652,Generated dispatch item.
4653,2408,5160,100,BLDC Motor 1.5 kW,No,59,4,23125.00,92500.00,FG-DISP-0004653,SN-DISP-0004653,Generated dispatch item.
4654,2409,2461,101,PMSM Motor 3 kW,No,37,5,45625.00,228125.00,FG-DISP-0004654,SN-DISP-0004654,Generated dispatch item.
4655,2410,5162,102,PMSM Motor 7.5 kW,No,12,1,102500.00,102500.00,FG-DISP-0004655,SN-DISP-0004655,Generated dispatch item.
4656,2411,2463,100,BLDC Motor 1.5 kW,No,57,4,23125.00,92500.00,FG-DISP-0004656,SN-DISP-0004656,Generated dispatch item.
4657,2412,5164,101,PMSM Motor 3 kW,No,30,2,45625.00,91250.00,FG-DISP-0004657,SN-DISP-0004657,Generated dispatch item.
4658,2413,2465,102,PMSM Motor 7.5 kW,No,41,6,102500.00,615000.00,FG-DISP-0004658,SN-DISP-0004658,Generated dispatch item.
4659,2414,5166,100,BLDC Motor 1.5 kW,No,28,1,23125.00,23125.00,FG-DISP-0004659,SN-DISP-0004659,Generated dispatch item.
4660,2415,2467,101,PMSM Motor 3 kW,No,6,1,45625.00,45625.00,FG-DISP-0004660,SN-DISP-0004660,Generated dispatch item.
4661,2416,5168,102,PMSM Motor 7.5 kW,No,56,6,102500.00,615000.00,FG-DISP-0004661,SN-DISP-0004661,Generated dispatch item.
4662,2417,2469,100,BLDC Motor 1.5 kW,No,26,4,23125.00,92500.00,FG-DISP-0004662,SN-DISP-0004662,Generated dispatch item.
4663,2418,5170,101,PMSM Motor 3 kW,No,30,5,45625.00,228125.00,FG-DISP-0004663,SN-DISP-0004663,Generated dispatch item.
4664,2419,2471,102,PMSM Motor 7.5 kW,No,49,5,102500.00,512500.00,FG-DISP-0004664,SN-DISP-0004664,Generated dispatch item.
4665,2420,5172,100,BLDC Motor 1.5 kW,No,46,5,23125.00,115625.00,FG-DISP-0004665,SN-DISP-0004665,Generated dispatch item.
4666,2421,2473,101,PMSM Motor 3 kW,No,19,5,45625.00,228125.00,FG-DISP-0004666,SN-DISP-0004666,Generated dispatch item.
4667,2422,5174,102,PMSM Motor 7.5 kW,No,27,2,102500.00,205000.00,FG-DISP-0004667,SN-DISP-0004667,Generated dispatch item.
4668,2423,2475,100,BLDC Motor 1.5 kW,No,56,5,23125.00,115625.00,FG-DISP-0004668,SN-DISP-0004668,Generated dispatch item.
4669,2424,5176,101,PMSM Motor 3 kW,No,25,7,45625.00,319375.00,FG-DISP-0004669,SN-DISP-0004669,Generated dispatch item.
4670,2425,2477,102,PMSM Motor 7.5 kW,No,34,3,102500.00,307500.00,FG-DISP-0004670,SN-DISP-0004670,Generated dispatch item.
4671,2426,5178,100,BLDC Motor 1.5 kW,No,23,3,23125.00,69375.00,FG-DISP-0004671,SN-DISP-0004671,Generated dispatch item.
4672,2427,2479,101,PMSM Motor 3 kW,No,10,3,45625.00,136875.00,FG-DISP-0004672,SN-DISP-0004672,Generated dispatch item.
4673,2428,5180,102,PMSM Motor 7.5 kW,No,36,7,102500.00,717500.00,FG-DISP-0004673,SN-DISP-0004673,Generated dispatch item.
4674,2429,2481,100,BLDC Motor 1.5 kW,No,18,7,23125.00,161875.00,FG-DISP-0004674,SN-DISP-0004674,Generated dispatch item.
4675,2430,5182,101,PMSM Motor 3 kW,No,12,3,45625.00,136875.00,FG-DISP-0004675,SN-DISP-0004675,Generated dispatch item.
4676,2431,2483,102,PMSM Motor 7.5 kW,No,55,7,102500.00,717500.00,FG-DISP-0004676,SN-DISP-0004676,Generated dispatch item.
4677,2432,5184,100,BLDC Motor 1.5 kW,No,19,6,23125.00,138750.00,FG-DISP-0004677,SN-DISP-0004677,Generated dispatch item.
4678,2433,2485,101,PMSM Motor 3 kW,No,60,3,45625.00,136875.00,FG-DISP-0004678,SN-DISP-0004678,Generated dispatch item.
4679,2434,5186,102,PMSM Motor 7.5 kW,No,42,6,102500.00,615000.00,FG-DISP-0004679,SN-DISP-0004679,Generated dispatch item.
4680,2435,2487,100,BLDC Motor 1.5 kW,No,53,7,23125.00,161875.00,FG-DISP-0004680,SN-DISP-0004680,Generated dispatch item.
4681,2436,5188,101,PMSM Motor 3 kW,No,47,7,45625.00,319375.00,FG-DISP-0004681,SN-DISP-0004681,Generated dispatch item.
4682,2437,2489,102,PMSM Motor 7.5 kW,No,22,4,102500.00,410000.00,FG-DISP-0004682,SN-DISP-0004682,Generated dispatch item.
4683,2438,5190,100,BLDC Motor 1.5 kW,No,43,2,23125.00,46250.00,FG-DISP-0004683,SN-DISP-0004683,Generated dispatch item.
4684,2439,2491,101,PMSM Motor 3 kW,No,48,2,45625.00,91250.00,FG-DISP-0004684,SN-DISP-0004684,Generated dispatch item.
4685,2440,5192,102,PMSM Motor 7.5 kW,No,32,6,102500.00,615000.00,FG-DISP-0004685,SN-DISP-0004685,Generated dispatch item.
4686,2441,2493,100,BLDC Motor 1.5 kW,No,17,6,23125.00,138750.00,FG-DISP-0004686,SN-DISP-0004686,Generated dispatch item.
4687,2442,5194,101,PMSM Motor 3 kW,No,39,5,45625.00,228125.00,FG-DISP-0004687,SN-DISP-0004687,Generated dispatch item.
4688,2443,2495,102,PMSM Motor 7.5 kW,No,26,1,102500.00,102500.00,FG-DISP-0004688,SN-DISP-0004688,Generated dispatch item.
4689,2444,5196,100,BLDC Motor 1.5 kW,No,54,7,23125.00,161875.00,FG-DISP-0004689,SN-DISP-0004689,Generated dispatch item.
4690,2445,2497,101,PMSM Motor 3 kW,No,44,1,45625.00,45625.00,FG-DISP-0004690,SN-DISP-0004690,Generated dispatch item.
4691,2446,5198,102,PMSM Motor 7.5 kW,No,32,5,102500.00,512500.00,FG-DISP-0004691,SN-DISP-0004691,Generated dispatch item.
4692,2447,2499,100,BLDC Motor 1.5 kW,No,59,7,23125.00,161875.00,FG-DISP-0004692,SN-DISP-0004692,Generated dispatch item.
4693,2448,5200,101,PMSM Motor 3 kW,No,15,2,45625.00,91250.00,FG-DISP-0004693,SN-DISP-0004693,Generated dispatch item.
4694,2449,2501,102,PMSM Motor 7.5 kW,No,29,4,102500.00,410000.00,FG-DISP-0004694,SN-DISP-0004694,Generated dispatch item.
4695,2450,5202,100,BLDC Motor 1.5 kW,No,47,6,23125.00,138750.00,FG-DISP-0004695,SN-DISP-0004695,Generated dispatch item.
4696,2451,2503,101,PMSM Motor 3 kW,No,32,2,45625.00,91250.00,FG-DISP-0004696,SN-DISP-0004696,Generated dispatch item.
4697,2452,5204,102,PMSM Motor 7.5 kW,No,17,1,102500.00,102500.00,FG-DISP-0004697,SN-DISP-0004697,Generated dispatch item.
4698,2453,2505,100,BLDC Motor 1.5 kW,No,17,4,23125.00,92500.00,FG-DISP-0004698,SN-DISP-0004698,Generated dispatch item.
4699,2454,5206,101,PMSM Motor 3 kW,No,15,6,45625.00,273750.00,FG-DISP-0004699,SN-DISP-0004699,Generated dispatch item.
4700,2455,2507,102,PMSM Motor 7.5 kW,No,27,5,102500.00,512500.00,FG-DISP-0004700,SN-DISP-0004700,Generated dispatch item.
4701,2456,5208,100,BLDC Motor 1.5 kW,No,19,4,23125.00,92500.00,FG-DISP-0004701,SN-DISP-0004701,Generated dispatch item.
4702,2457,2509,101,PMSM Motor 3 kW,No,8,3,45625.00,136875.00,FG-DISP-0004702,SN-DISP-0004702,Generated dispatch item.
4703,2458,5210,102,PMSM Motor 7.5 kW,No,38,1,102500.00,102500.00,FG-DISP-0004703,SN-DISP-0004703,Generated dispatch item.
4704,2459,2511,100,BLDC Motor 1.5 kW,No,53,3,23125.00,69375.00,FG-DISP-0004704,SN-DISP-0004704,Generated dispatch item.
4705,2460,5212,101,PMSM Motor 3 kW,No,17,7,45625.00,319375.00,FG-DISP-0004705,SN-DISP-0004705,Generated dispatch item.
4706,2461,2513,102,PMSM Motor 7.5 kW,No,6,3,102500.00,307500.00,FG-DISP-0004706,SN-DISP-0004706,Generated dispatch item.
4707,2462,5214,100,BLDC Motor 1.5 kW,No,12,5,23125.00,115625.00,FG-DISP-0004707,SN-DISP-0004707,Generated dispatch item.
4708,2463,2515,101,PMSM Motor 3 kW,No,43,4,45625.00,182500.00,FG-DISP-0004708,SN-DISP-0004708,Generated dispatch item.
4709,2464,5216,102,PMSM Motor 7.5 kW,No,16,7,102500.00,717500.00,FG-DISP-0004709,SN-DISP-0004709,Generated dispatch item.
4710,2465,2517,100,BLDC Motor 1.5 kW,No,20,5,23125.00,115625.00,FG-DISP-0004710,SN-DISP-0004710,Generated dispatch item.
4711,2466,5218,101,PMSM Motor 3 kW,No,40,3,45625.00,136875.00,FG-DISP-0004711,SN-DISP-0004711,Generated dispatch item.
4712,2467,2519,102,PMSM Motor 7.5 kW,No,31,7,102500.00,717500.00,FG-DISP-0004712,SN-DISP-0004712,Generated dispatch item.
4713,2468,5220,100,BLDC Motor 1.5 kW,No,35,2,23125.00,46250.00,FG-DISP-0004713,SN-DISP-0004713,Generated dispatch item.
4714,2469,2521,101,PMSM Motor 3 kW,No,20,3,45625.00,136875.00,FG-DISP-0004714,SN-DISP-0004714,Generated dispatch item.
4715,2470,5222,102,PMSM Motor 7.5 kW,No,41,6,102500.00,615000.00,FG-DISP-0004715,SN-DISP-0004715,Generated dispatch item.
4716,2471,2523,100,BLDC Motor 1.5 kW,No,27,7,23125.00,161875.00,FG-DISP-0004716,SN-DISP-0004716,Generated dispatch item.
4717,2472,5224,101,PMSM Motor 3 kW,No,38,2,45625.00,91250.00,FG-DISP-0004717,SN-DISP-0004717,Generated dispatch item.
4718,2473,2525,102,PMSM Motor 7.5 kW,No,35,7,102500.00,717500.00,FG-DISP-0004718,SN-DISP-0004718,Generated dispatch item.
4719,2474,5226,100,BLDC Motor 1.5 kW,No,15,4,23125.00,92500.00,FG-DISP-0004719,SN-DISP-0004719,Generated dispatch item.
4720,2475,2527,101,PMSM Motor 3 kW,No,40,3,45625.00,136875.00,FG-DISP-0004720,SN-DISP-0004720,Generated dispatch item.
4721,2476,5228,102,PMSM Motor 7.5 kW,No,27,1,102500.00,102500.00,FG-DISP-0004721,SN-DISP-0004721,Generated dispatch item.
4722,2477,2529,100,BLDC Motor 1.5 kW,No,57,1,23125.00,23125.00,FG-DISP-0004722,SN-DISP-0004722,Generated dispatch item.
4723,2478,5230,101,PMSM Motor 3 kW,No,12,4,45625.00,182500.00,FG-DISP-0004723,SN-DISP-0004723,Generated dispatch item.
4724,2479,2531,102,PMSM Motor 7.5 kW,No,23,5,102500.00,512500.00,FG-DISP-0004724,SN-DISP-0004724,Generated dispatch item.
4725,2480,5232,100,BLDC Motor 1.5 kW,No,57,1,23125.00,23125.00,FG-DISP-0004725,SN-DISP-0004725,Generated dispatch item.
4726,2481,2533,101,PMSM Motor 3 kW,No,37,7,45625.00,319375.00,FG-DISP-0004726,SN-DISP-0004726,Generated dispatch item.
4727,2482,5234,102,PMSM Motor 7.5 kW,No,28,4,102500.00,410000.00,FG-DISP-0004727,SN-DISP-0004727,Generated dispatch item.
4728,2483,2535,100,BLDC Motor 1.5 kW,No,55,1,23125.00,23125.00,FG-DISP-0004728,SN-DISP-0004728,Generated dispatch item.
4729,2484,5236,101,PMSM Motor 3 kW,No,41,6,45625.00,273750.00,FG-DISP-0004729,SN-DISP-0004729,Generated dispatch item.
4730,2485,2537,102,PMSM Motor 7.5 kW,No,21,2,102500.00,205000.00,FG-DISP-0004730,SN-DISP-0004730,Generated dispatch item.
4731,2486,5238,100,BLDC Motor 1.5 kW,No,23,5,23125.00,115625.00,FG-DISP-0004731,SN-DISP-0004731,Generated dispatch item.
4732,2487,2539,101,PMSM Motor 3 kW,No,53,5,45625.00,228125.00,FG-DISP-0004732,SN-DISP-0004732,Generated dispatch item.
4733,2488,5240,102,PMSM Motor 7.5 kW,No,21,6,102500.00,615000.00,FG-DISP-0004733,SN-DISP-0004733,Generated dispatch item.
4734,2489,2541,100,BLDC Motor 1.5 kW,No,58,6,23125.00,138750.00,FG-DISP-0004734,SN-DISP-0004734,Generated dispatch item.
4735,2490,5242,101,PMSM Motor 3 kW,No,6,2,45625.00,91250.00,FG-DISP-0004735,SN-DISP-0004735,Generated dispatch item.
4736,2491,2543,102,PMSM Motor 7.5 kW,No,52,1,102500.00,102500.00,FG-DISP-0004736,SN-DISP-0004736,Generated dispatch item.
4737,2492,5244,100,BLDC Motor 1.5 kW,No,59,3,23125.00,69375.00,FG-DISP-0004737,SN-DISP-0004737,Generated dispatch item.
4738,2493,2545,101,PMSM Motor 3 kW,No,36,3,45625.00,136875.00,FG-DISP-0004738,SN-DISP-0004738,Generated dispatch item.
4739,2494,5246,102,PMSM Motor 7.5 kW,No,7,3,102500.00,307500.00,FG-DISP-0004739,SN-DISP-0004739,Generated dispatch item.
4740,2495,2547,100,BLDC Motor 1.5 kW,No,45,2,23125.00,46250.00,FG-DISP-0004740,SN-DISP-0004740,Generated dispatch item.
4741,2496,5248,101,PMSM Motor 3 kW,No,35,2,45625.00,91250.00,FG-DISP-0004741,SN-DISP-0004741,Generated dispatch item.
4742,2497,2549,102,PMSM Motor 7.5 kW,No,31,7,102500.00,717500.00,FG-DISP-0004742,SN-DISP-0004742,Generated dispatch item.
4743,2498,5250,100,BLDC Motor 1.5 kW,No,22,7,23125.00,161875.00,FG-DISP-0004743,SN-DISP-0004743,Generated dispatch item.
4744,2499,2551,101,PMSM Motor 3 kW,No,38,5,45625.00,228125.00,FG-DISP-0004744,SN-DISP-0004744,Generated dispatch item.
4745,2500,5252,102,PMSM Motor 7.5 kW,No,10,4,102500.00,410000.00,FG-DISP-0004745,SN-DISP-0004745,Generated dispatch item.
4746,251,303,100,BLDC Motor 1.5 kW,No,60,4,23125.00,92500.00,FG-DISP-0004746,SN-DISP-0004746,Generated dispatch item.
4747,252,3004,101,PMSM Motor 3 kW,No,26,5,45625.00,228125.00,FG-DISP-0004747,SN-DISP-0004747,Generated dispatch item.
4748,253,5705,102,PMSM Motor 7.5 kW,No,44,7,102500.00,717500.00,FG-DISP-0004748,SN-DISP-0004748,Generated dispatch item.
4749,254,306,100,BLDC Motor 1.5 kW,No,51,3,23125.00,69375.00,FG-DISP-0004749,SN-DISP-0004749,Generated dispatch item.
4750,255,3007,101,PMSM Motor 3 kW,No,19,4,45625.00,182500.00,FG-DISP-0004750,SN-DISP-0004750,Generated dispatch item.
4751,256,5708,102,PMSM Motor 7.5 kW,No,44,7,102500.00,717500.00,FG-DISP-0004751,SN-DISP-0004751,Generated dispatch item.
4752,257,309,100,BLDC Motor 1.5 kW,No,14,7,23125.00,161875.00,FG-DISP-0004752,SN-DISP-0004752,Generated dispatch item.
4754,259,5711,102,PMSM Motor 7.5 kW,No,10,2,102500.00,205000.00,FG-DISP-0004754,SN-DISP-0004754,Generated dispatch item.
4755,260,312,100,BLDC Motor 1.5 kW,No,34,2,23125.00,46250.00,FG-DISP-0004755,SN-DISP-0004755,Generated dispatch item.
4756,261,3013,101,PMSM Motor 3 kW,No,56,2,45625.00,91250.00,FG-DISP-0004756,SN-DISP-0004756,Generated dispatch item.
4758,263,315,100,BLDC Motor 1.5 kW,No,26,1,23125.00,23125.00,FG-DISP-0004758,SN-DISP-0004758,Generated dispatch item.
4759,264,3016,101,PMSM Motor 3 kW,No,41,5,45625.00,228125.00,FG-DISP-0004759,SN-DISP-0004759,Generated dispatch item.
4760,265,5717,102,PMSM Motor 7.5 kW,No,42,4,102500.00,410000.00,FG-DISP-0004760,SN-DISP-0004760,Generated dispatch item.
4762,267,3019,101,PMSM Motor 3 kW,No,40,1,45625.00,45625.00,FG-DISP-0004762,SN-DISP-0004762,Generated dispatch item.
4763,268,5720,102,PMSM Motor 7.5 kW,No,29,2,102500.00,205000.00,FG-DISP-0004763,SN-DISP-0004763,Generated dispatch item.
4764,269,321,100,BLDC Motor 1.5 kW,No,29,4,23125.00,92500.00,FG-DISP-0004764,SN-DISP-0004764,Generated dispatch item.
4765,270,3022,101,PMSM Motor 3 kW,No,51,6,45625.00,273750.00,FG-DISP-0004765,SN-DISP-0004765,Generated dispatch item.
4766,271,5723,102,PMSM Motor 7.5 kW,No,53,5,102500.00,512500.00,FG-DISP-0004766,SN-DISP-0004766,Generated dispatch item.
4767,272,324,100,BLDC Motor 1.5 kW,No,38,4,23125.00,92500.00,FG-DISP-0004767,SN-DISP-0004767,Generated dispatch item.
4769,274,5726,102,PMSM Motor 7.5 kW,No,23,2,102500.00,205000.00,FG-DISP-0004769,SN-DISP-0004769,Generated dispatch item.
4770,275,327,100,BLDC Motor 1.5 kW,No,11,1,23125.00,23125.00,FG-DISP-0004770,SN-DISP-0004770,Generated dispatch item.
4771,276,3028,101,PMSM Motor 3 kW,No,34,6,45625.00,273750.00,FG-DISP-0004771,SN-DISP-0004771,Generated dispatch item.
4772,277,5729,102,PMSM Motor 7.5 kW,No,18,6,102500.00,615000.00,FG-DISP-0004772,SN-DISP-0004772,Generated dispatch item.
4773,278,330,100,BLDC Motor 1.5 kW,No,33,7,23125.00,161875.00,FG-DISP-0004773,SN-DISP-0004773,Generated dispatch item.
4774,279,3031,101,PMSM Motor 3 kW,No,20,4,45625.00,182500.00,FG-DISP-0004774,SN-DISP-0004774,Generated dispatch item.
4775,280,5732,102,PMSM Motor 7.5 kW,No,34,2,102500.00,205000.00,FG-DISP-0004775,SN-DISP-0004775,Generated dispatch item.
4776,281,333,100,BLDC Motor 1.5 kW,No,31,4,23125.00,92500.00,FG-DISP-0004776,SN-DISP-0004776,Generated dispatch item.
4777,282,3034,101,PMSM Motor 3 kW,No,12,3,45625.00,136875.00,FG-DISP-0004777,SN-DISP-0004777,Generated dispatch item.
4778,283,5735,102,PMSM Motor 7.5 kW,No,56,2,102500.00,205000.00,FG-DISP-0004778,SN-DISP-0004778,Generated dispatch item.
4779,284,336,100,BLDC Motor 1.5 kW,No,54,6,23125.00,138750.00,FG-DISP-0004779,SN-DISP-0004779,Generated dispatch item.
4780,285,3037,101,PMSM Motor 3 kW,No,32,7,45625.00,319375.00,FG-DISP-0004780,SN-DISP-0004780,Generated dispatch item.
4781,286,5738,102,PMSM Motor 7.5 kW,No,20,6,102500.00,615000.00,FG-DISP-0004781,SN-DISP-0004781,Generated dispatch item.
4783,288,3040,101,PMSM Motor 3 kW,No,50,5,45625.00,228125.00,FG-DISP-0004783,SN-DISP-0004783,Generated dispatch item.
4784,289,5741,102,PMSM Motor 7.5 kW,No,35,3,102500.00,307500.00,FG-DISP-0004784,SN-DISP-0004784,Generated dispatch item.
4785,290,342,100,BLDC Motor 1.5 kW,No,45,6,23125.00,138750.00,FG-DISP-0004785,SN-DISP-0004785,Generated dispatch item.
4786,291,3043,101,PMSM Motor 3 kW,No,44,2,45625.00,91250.00,FG-DISP-0004786,SN-DISP-0004786,Generated dispatch item.
4787,292,5744,102,PMSM Motor 7.5 kW,No,34,6,102500.00,615000.00,FG-DISP-0004787,SN-DISP-0004787,Generated dispatch item.
4788,293,345,100,BLDC Motor 1.5 kW,No,12,3,23125.00,69375.00,FG-DISP-0004788,SN-DISP-0004788,Generated dispatch item.
4789,294,3046,101,PMSM Motor 3 kW,No,59,4,45625.00,182500.00,FG-DISP-0004789,SN-DISP-0004789,Generated dispatch item.
4790,295,5747,102,PMSM Motor 7.5 kW,No,51,4,102500.00,410000.00,FG-DISP-0004790,SN-DISP-0004790,Generated dispatch item.
4791,296,348,100,BLDC Motor 1.5 kW,No,50,1,23125.00,23125.00,FG-DISP-0004791,SN-DISP-0004791,Generated dispatch item.
4792,297,3049,101,PMSM Motor 3 kW,No,40,7,45625.00,319375.00,FG-DISP-0004792,SN-DISP-0004792,Generated dispatch item.
4793,298,5750,102,PMSM Motor 7.5 kW,No,48,5,102500.00,512500.00,FG-DISP-0004793,SN-DISP-0004793,Generated dispatch item.
4794,299,351,100,BLDC Motor 1.5 kW,No,57,5,23125.00,115625.00,FG-DISP-0004794,SN-DISP-0004794,Generated dispatch item.
4795,300,3052,101,PMSM Motor 3 kW,No,27,1,45625.00,45625.00,FG-DISP-0004795,SN-DISP-0004795,Generated dispatch item.
4796,301,5753,102,PMSM Motor 7.5 kW,No,58,6,102500.00,615000.00,FG-DISP-0004796,SN-DISP-0004796,Generated dispatch item.
4797,302,354,100,BLDC Motor 1.5 kW,No,51,7,23125.00,161875.00,FG-DISP-0004797,SN-DISP-0004797,Generated dispatch item.
4798,303,3055,101,PMSM Motor 3 kW,No,23,6,45625.00,273750.00,FG-DISP-0004798,SN-DISP-0004798,Generated dispatch item.
4799,304,5756,102,PMSM Motor 7.5 kW,No,7,2,102500.00,205000.00,FG-DISP-0004799,SN-DISP-0004799,Generated dispatch item.
4800,305,357,100,BLDC Motor 1.5 kW,No,60,2,23125.00,46250.00,FG-DISP-0004800,SN-DISP-0004800,Generated dispatch item.
4801,306,3058,101,PMSM Motor 3 kW,No,41,3,45625.00,136875.00,FG-DISP-0004801,SN-DISP-0004801,Generated dispatch item.
4802,307,5759,102,PMSM Motor 7.5 kW,No,36,1,102500.00,102500.00,FG-DISP-0004802,SN-DISP-0004802,Generated dispatch item.
4803,308,360,100,BLDC Motor 1.5 kW,No,33,4,23125.00,92500.00,FG-DISP-0004803,SN-DISP-0004803,Generated dispatch item.
4804,309,3061,101,PMSM Motor 3 kW,No,28,4,45625.00,182500.00,FG-DISP-0004804,SN-DISP-0004804,Generated dispatch item.
4805,310,5762,102,PMSM Motor 7.5 kW,No,42,4,102500.00,410000.00,FG-DISP-0004805,SN-DISP-0004805,Generated dispatch item.
4806,311,363,100,BLDC Motor 1.5 kW,No,11,7,23125.00,161875.00,FG-DISP-0004806,SN-DISP-0004806,Generated dispatch item.
4807,312,3064,101,PMSM Motor 3 kW,No,38,5,45625.00,228125.00,FG-DISP-0004807,SN-DISP-0004807,Generated dispatch item.
4808,313,5765,102,PMSM Motor 7.5 kW,No,39,3,102500.00,307500.00,FG-DISP-0004808,SN-DISP-0004808,Generated dispatch item.
4809,314,366,100,BLDC Motor 1.5 kW,No,27,6,23125.00,138750.00,FG-DISP-0004809,SN-DISP-0004809,Generated dispatch item.
4810,315,3067,101,PMSM Motor 3 kW,No,46,3,45625.00,136875.00,FG-DISP-0004810,SN-DISP-0004810,Generated dispatch item.
4811,316,5768,102,PMSM Motor 7.5 kW,No,40,6,102500.00,615000.00,FG-DISP-0004811,SN-DISP-0004811,Generated dispatch item.
4812,317,369,100,BLDC Motor 1.5 kW,No,48,7,23125.00,161875.00,FG-DISP-0004812,SN-DISP-0004812,Generated dispatch item.
4813,318,3070,101,PMSM Motor 3 kW,No,37,7,45625.00,319375.00,FG-DISP-0004813,SN-DISP-0004813,Generated dispatch item.
4814,319,5771,102,PMSM Motor 7.5 kW,No,34,4,102500.00,410000.00,FG-DISP-0004814,SN-DISP-0004814,Generated dispatch item.
4816,321,3073,101,PMSM Motor 3 kW,No,12,1,45625.00,45625.00,FG-DISP-0004816,SN-DISP-0004816,Generated dispatch item.
4817,322,5774,102,PMSM Motor 7.5 kW,No,20,3,102500.00,307500.00,FG-DISP-0004817,SN-DISP-0004817,Generated dispatch item.
4818,323,375,100,BLDC Motor 1.5 kW,No,59,4,23125.00,92500.00,FG-DISP-0004818,SN-DISP-0004818,Generated dispatch item.
4819,324,3076,101,PMSM Motor 3 kW,No,27,7,45625.00,319375.00,FG-DISP-0004819,SN-DISP-0004819,Generated dispatch item.
4820,325,5777,102,PMSM Motor 7.5 kW,No,24,7,102500.00,717500.00,FG-DISP-0004820,SN-DISP-0004820,Generated dispatch item.
4821,326,378,100,BLDC Motor 1.5 kW,No,8,5,23125.00,115625.00,FG-DISP-0004821,SN-DISP-0004821,Generated dispatch item.
4822,327,3079,101,PMSM Motor 3 kW,No,12,2,45625.00,91250.00,FG-DISP-0004822,SN-DISP-0004822,Generated dispatch item.
4823,328,5780,102,PMSM Motor 7.5 kW,No,15,3,102500.00,307500.00,FG-DISP-0004823,SN-DISP-0004823,Generated dispatch item.
4824,329,381,100,BLDC Motor 1.5 kW,No,51,2,23125.00,46250.00,FG-DISP-0004824,SN-DISP-0004824,Generated dispatch item.
4825,330,3082,101,PMSM Motor 3 kW,No,51,2,45625.00,91250.00,FG-DISP-0004825,SN-DISP-0004825,Generated dispatch item.
4826,331,5783,102,PMSM Motor 7.5 kW,No,32,1,102500.00,102500.00,FG-DISP-0004826,SN-DISP-0004826,Generated dispatch item.
4828,333,3085,101,PMSM Motor 3 kW,No,46,6,45625.00,273750.00,FG-DISP-0004828,SN-DISP-0004828,Generated dispatch item.
4829,334,5786,102,PMSM Motor 7.5 kW,No,41,6,102500.00,615000.00,FG-DISP-0004829,SN-DISP-0004829,Generated dispatch item.
4830,335,387,100,BLDC Motor 1.5 kW,No,20,2,23125.00,46250.00,FG-DISP-0004830,SN-DISP-0004830,Generated dispatch item.
4831,336,3088,101,PMSM Motor 3 kW,No,18,5,45625.00,228125.00,FG-DISP-0004831,SN-DISP-0004831,Generated dispatch item.
4832,337,5789,102,PMSM Motor 7.5 kW,No,19,2,102500.00,205000.00,FG-DISP-0004832,SN-DISP-0004832,Generated dispatch item.
4833,338,390,100,BLDC Motor 1.5 kW,No,49,2,23125.00,46250.00,FG-DISP-0004833,SN-DISP-0004833,Generated dispatch item.
4834,339,3091,101,PMSM Motor 3 kW,No,22,2,45625.00,91250.00,FG-DISP-0004834,SN-DISP-0004834,Generated dispatch item.
4835,340,5792,102,PMSM Motor 7.5 kW,No,33,1,102500.00,102500.00,FG-DISP-0004835,SN-DISP-0004835,Generated dispatch item.
4836,341,393,100,BLDC Motor 1.5 kW,No,36,6,23125.00,138750.00,FG-DISP-0004836,SN-DISP-0004836,Generated dispatch item.
4837,342,3094,101,PMSM Motor 3 kW,No,42,1,45625.00,45625.00,FG-DISP-0004837,SN-DISP-0004837,Generated dispatch item.
4838,343,5795,102,PMSM Motor 7.5 kW,No,44,3,102500.00,307500.00,FG-DISP-0004838,SN-DISP-0004838,Generated dispatch item.
4839,344,396,100,BLDC Motor 1.5 kW,No,8,1,23125.00,23125.00,FG-DISP-0004839,SN-DISP-0004839,Generated dispatch item.
4840,345,3097,101,PMSM Motor 3 kW,No,44,5,45625.00,228125.00,FG-DISP-0004840,SN-DISP-0004840,Generated dispatch item.
4841,346,5798,102,PMSM Motor 7.5 kW,No,19,2,102500.00,205000.00,FG-DISP-0004841,SN-DISP-0004841,Generated dispatch item.
4842,347,399,100,BLDC Motor 1.5 kW,No,22,4,23125.00,92500.00,FG-DISP-0004842,SN-DISP-0004842,Generated dispatch item.
4843,348,3100,101,PMSM Motor 3 kW,No,12,6,45625.00,273750.00,FG-DISP-0004843,SN-DISP-0004843,Generated dispatch item.
4844,349,5801,102,PMSM Motor 7.5 kW,No,60,3,102500.00,307500.00,FG-DISP-0004844,SN-DISP-0004844,Generated dispatch item.
4845,350,402,100,BLDC Motor 1.5 kW,No,19,7,23125.00,161875.00,FG-DISP-0004845,SN-DISP-0004845,Generated dispatch item.
4847,352,5804,102,PMSM Motor 7.5 kW,No,30,4,102500.00,410000.00,FG-DISP-0004847,SN-DISP-0004847,Generated dispatch item.
4848,353,405,100,BLDC Motor 1.5 kW,No,58,6,23125.00,138750.00,FG-DISP-0004848,SN-DISP-0004848,Generated dispatch item.
4849,354,3106,101,PMSM Motor 3 kW,No,60,1,45625.00,45625.00,FG-DISP-0004849,SN-DISP-0004849,Generated dispatch item.
4850,355,5807,102,PMSM Motor 7.5 kW,No,26,6,102500.00,615000.00,FG-DISP-0004850,SN-DISP-0004850,Generated dispatch item.
4852,357,3109,101,PMSM Motor 3 kW,No,38,4,45625.00,182500.00,FG-DISP-0004852,SN-DISP-0004852,Generated dispatch item.
4853,358,5810,102,PMSM Motor 7.5 kW,No,28,7,102500.00,717500.00,FG-DISP-0004853,SN-DISP-0004853,Generated dispatch item.
4854,359,411,100,BLDC Motor 1.5 kW,No,48,5,23125.00,115625.00,FG-DISP-0004854,SN-DISP-0004854,Generated dispatch item.
4855,360,3112,101,PMSM Motor 3 kW,No,19,6,45625.00,273750.00,FG-DISP-0004855,SN-DISP-0004855,Generated dispatch item.
4856,361,5813,102,PMSM Motor 7.5 kW,No,52,2,102500.00,205000.00,FG-DISP-0004856,SN-DISP-0004856,Generated dispatch item.
4857,362,414,100,BLDC Motor 1.5 kW,No,12,2,23125.00,46250.00,FG-DISP-0004857,SN-DISP-0004857,Generated dispatch item.
4858,363,3115,101,PMSM Motor 3 kW,No,28,6,45625.00,273750.00,FG-DISP-0004858,SN-DISP-0004858,Generated dispatch item.
4859,364,5816,102,PMSM Motor 7.5 kW,No,12,1,102500.00,102500.00,FG-DISP-0004859,SN-DISP-0004859,Generated dispatch item.
4860,365,417,100,BLDC Motor 1.5 kW,No,40,3,23125.00,69375.00,FG-DISP-0004860,SN-DISP-0004860,Generated dispatch item.
4861,366,3118,101,PMSM Motor 3 kW,No,15,4,45625.00,182500.00,FG-DISP-0004861,SN-DISP-0004861,Generated dispatch item.
4862,367,5819,102,PMSM Motor 7.5 kW,No,58,2,102500.00,205000.00,FG-DISP-0004862,SN-DISP-0004862,Generated dispatch item.
4863,368,420,100,BLDC Motor 1.5 kW,No,54,4,23125.00,92500.00,FG-DISP-0004863,SN-DISP-0004863,Generated dispatch item.
4864,369,3121,101,PMSM Motor 3 kW,No,36,4,45625.00,182500.00,FG-DISP-0004864,SN-DISP-0004864,Generated dispatch item.
4865,370,5822,102,PMSM Motor 7.5 kW,No,55,1,102500.00,102500.00,FG-DISP-0004865,SN-DISP-0004865,Generated dispatch item.
4866,371,423,100,BLDC Motor 1.5 kW,No,35,7,23125.00,161875.00,FG-DISP-0004866,SN-DISP-0004866,Generated dispatch item.
4867,372,3124,101,PMSM Motor 3 kW,No,18,5,45625.00,228125.00,FG-DISP-0004867,SN-DISP-0004867,Generated dispatch item.
4868,373,5825,102,PMSM Motor 7.5 kW,No,11,2,102500.00,205000.00,FG-DISP-0004868,SN-DISP-0004868,Generated dispatch item.
4869,374,426,100,BLDC Motor 1.5 kW,No,17,7,23125.00,161875.00,FG-DISP-0004869,SN-DISP-0004869,Generated dispatch item.
4870,375,3127,101,PMSM Motor 3 kW,No,17,5,45625.00,228125.00,FG-DISP-0004870,SN-DISP-0004870,Generated dispatch item.
4871,376,5828,102,PMSM Motor 7.5 kW,No,19,5,102500.00,512500.00,FG-DISP-0004871,SN-DISP-0004871,Generated dispatch item.
4872,377,429,100,BLDC Motor 1.5 kW,No,53,7,23125.00,161875.00,FG-DISP-0004872,SN-DISP-0004872,Generated dispatch item.
4873,378,3130,101,PMSM Motor 3 kW,No,44,3,45625.00,136875.00,FG-DISP-0004873,SN-DISP-0004873,Generated dispatch item.
4875,380,432,100,BLDC Motor 1.5 kW,No,45,3,23125.00,69375.00,FG-DISP-0004875,SN-DISP-0004875,Generated dispatch item.
4876,381,3133,101,PMSM Motor 3 kW,No,11,1,45625.00,45625.00,FG-DISP-0004876,SN-DISP-0004876,Generated dispatch item.
4877,382,5834,102,PMSM Motor 7.5 kW,No,11,6,102500.00,615000.00,FG-DISP-0004877,SN-DISP-0004877,Generated dispatch item.
4878,383,435,100,BLDC Motor 1.5 kW,No,45,6,23125.00,138750.00,FG-DISP-0004878,SN-DISP-0004878,Generated dispatch item.
4879,384,3136,101,PMSM Motor 3 kW,No,19,6,45625.00,273750.00,FG-DISP-0004879,SN-DISP-0004879,Generated dispatch item.
4880,385,5837,102,PMSM Motor 7.5 kW,No,27,6,102500.00,615000.00,FG-DISP-0004880,SN-DISP-0004880,Generated dispatch item.
4881,386,438,100,BLDC Motor 1.5 kW,No,56,1,23125.00,23125.00,FG-DISP-0004881,SN-DISP-0004881,Generated dispatch item.
4882,387,3139,101,PMSM Motor 3 kW,No,23,4,45625.00,182500.00,FG-DISP-0004882,SN-DISP-0004882,Generated dispatch item.
4883,388,5840,102,PMSM Motor 7.5 kW,No,18,3,102500.00,307500.00,FG-DISP-0004883,SN-DISP-0004883,Generated dispatch item.
4884,389,441,100,BLDC Motor 1.5 kW,No,28,3,23125.00,69375.00,FG-DISP-0004884,SN-DISP-0004884,Generated dispatch item.
4885,390,3142,101,PMSM Motor 3 kW,No,32,6,45625.00,273750.00,FG-DISP-0004885,SN-DISP-0004885,Generated dispatch item.
4886,391,5843,102,PMSM Motor 7.5 kW,No,32,3,102500.00,307500.00,FG-DISP-0004886,SN-DISP-0004886,Generated dispatch item.
4887,392,444,100,BLDC Motor 1.5 kW,No,47,6,23125.00,138750.00,FG-DISP-0004887,SN-DISP-0004887,Generated dispatch item.
4888,393,3145,101,PMSM Motor 3 kW,No,54,7,45625.00,319375.00,FG-DISP-0004888,SN-DISP-0004888,Generated dispatch item.
4889,394,5846,102,PMSM Motor 7.5 kW,No,14,4,102500.00,410000.00,FG-DISP-0004889,SN-DISP-0004889,Generated dispatch item.
4890,395,447,100,BLDC Motor 1.5 kW,No,32,2,23125.00,46250.00,FG-DISP-0004890,SN-DISP-0004890,Generated dispatch item.
4891,396,3148,101,PMSM Motor 3 kW,No,60,5,45625.00,228125.00,FG-DISP-0004891,SN-DISP-0004891,Generated dispatch item.
4893,398,450,100,BLDC Motor 1.5 kW,No,30,7,23125.00,161875.00,FG-DISP-0004893,SN-DISP-0004893,Generated dispatch item.
4894,399,3151,101,PMSM Motor 3 kW,No,13,3,45625.00,136875.00,FG-DISP-0004894,SN-DISP-0004894,Generated dispatch item.
4895,400,5852,102,PMSM Motor 7.5 kW,No,23,2,102500.00,205000.00,FG-DISP-0004895,SN-DISP-0004895,Generated dispatch item.
4896,401,453,100,BLDC Motor 1.5 kW,No,12,4,23125.00,92500.00,FG-DISP-0004896,SN-DISP-0004896,Generated dispatch item.
4897,402,3154,101,PMSM Motor 3 kW,No,55,7,45625.00,319375.00,FG-DISP-0004897,SN-DISP-0004897,Generated dispatch item.
4898,403,5855,102,PMSM Motor 7.5 kW,No,31,4,102500.00,410000.00,FG-DISP-0004898,SN-DISP-0004898,Generated dispatch item.
4899,404,456,100,BLDC Motor 1.5 kW,No,21,4,23125.00,92500.00,FG-DISP-0004899,SN-DISP-0004899,Generated dispatch item.
4900,405,3157,101,PMSM Motor 3 kW,No,44,4,45625.00,182500.00,FG-DISP-0004900,SN-DISP-0004900,Generated dispatch item.
4901,406,5858,102,PMSM Motor 7.5 kW,No,6,1,102500.00,102500.00,FG-DISP-0004901,SN-DISP-0004901,Generated dispatch item.
4902,407,459,100,BLDC Motor 1.5 kW,No,24,3,23125.00,69375.00,FG-DISP-0004902,SN-DISP-0004902,Generated dispatch item.
4903,408,3160,101,PMSM Motor 3 kW,No,55,6,45625.00,273750.00,FG-DISP-0004903,SN-DISP-0004903,Generated dispatch item.
4904,409,5861,102,PMSM Motor 7.5 kW,No,54,7,102500.00,717500.00,FG-DISP-0004904,SN-DISP-0004904,Generated dispatch item.
4905,410,462,100,BLDC Motor 1.5 kW,No,55,6,23125.00,138750.00,FG-DISP-0004905,SN-DISP-0004905,Generated dispatch item.
4906,411,3163,101,PMSM Motor 3 kW,No,12,5,45625.00,228125.00,FG-DISP-0004906,SN-DISP-0004906,Generated dispatch item.
4907,412,5864,102,PMSM Motor 7.5 kW,No,12,1,102500.00,102500.00,FG-DISP-0004907,SN-DISP-0004907,Generated dispatch item.
4908,413,465,100,BLDC Motor 1.5 kW,No,47,6,23125.00,138750.00,FG-DISP-0004908,SN-DISP-0004908,Generated dispatch item.
4909,414,3166,101,PMSM Motor 3 kW,No,17,1,45625.00,45625.00,FG-DISP-0004909,SN-DISP-0004909,Generated dispatch item.
4910,415,5867,102,PMSM Motor 7.5 kW,No,26,3,102500.00,307500.00,FG-DISP-0004910,SN-DISP-0004910,Generated dispatch item.
4911,416,468,100,BLDC Motor 1.5 kW,No,30,2,23125.00,46250.00,FG-DISP-0004911,SN-DISP-0004911,Generated dispatch item.
4912,417,3169,101,PMSM Motor 3 kW,No,23,7,45625.00,319375.00,FG-DISP-0004912,SN-DISP-0004912,Generated dispatch item.
4913,418,5870,102,PMSM Motor 7.5 kW,No,32,2,102500.00,205000.00,FG-DISP-0004913,SN-DISP-0004913,Generated dispatch item.
4915,420,3172,101,PMSM Motor 3 kW,No,38,7,45625.00,319375.00,FG-DISP-0004915,SN-DISP-0004915,Generated dispatch item.
4916,421,5873,102,PMSM Motor 7.5 kW,No,45,5,102500.00,512500.00,FG-DISP-0004916,SN-DISP-0004916,Generated dispatch item.
4917,422,474,100,BLDC Motor 1.5 kW,No,34,1,23125.00,23125.00,FG-DISP-0004917,SN-DISP-0004917,Generated dispatch item.
4918,423,3175,101,PMSM Motor 3 kW,No,39,5,45625.00,228125.00,FG-DISP-0004918,SN-DISP-0004918,Generated dispatch item.
4919,424,5876,102,PMSM Motor 7.5 kW,No,17,3,102500.00,307500.00,FG-DISP-0004919,SN-DISP-0004919,Generated dispatch item.
4920,425,477,100,BLDC Motor 1.5 kW,No,26,3,23125.00,69375.00,FG-DISP-0004920,SN-DISP-0004920,Generated dispatch item.
4921,426,3178,101,PMSM Motor 3 kW,No,49,7,45625.00,319375.00,FG-DISP-0004921,SN-DISP-0004921,Generated dispatch item.
4922,427,5879,102,PMSM Motor 7.5 kW,No,45,6,102500.00,615000.00,FG-DISP-0004922,SN-DISP-0004922,Generated dispatch item.
4923,428,480,100,BLDC Motor 1.5 kW,No,47,6,23125.00,138750.00,FG-DISP-0004923,SN-DISP-0004923,Generated dispatch item.
4924,429,3181,101,PMSM Motor 3 kW,No,56,3,45625.00,136875.00,FG-DISP-0004924,SN-DISP-0004924,Generated dispatch item.
4925,430,5882,102,PMSM Motor 7.5 kW,No,19,5,102500.00,512500.00,FG-DISP-0004925,SN-DISP-0004925,Generated dispatch item.
4926,431,483,100,BLDC Motor 1.5 kW,No,28,3,23125.00,69375.00,FG-DISP-0004926,SN-DISP-0004926,Generated dispatch item.
4927,432,3184,101,PMSM Motor 3 kW,No,34,5,45625.00,228125.00,FG-DISP-0004927,SN-DISP-0004927,Generated dispatch item.
4928,433,5885,102,PMSM Motor 7.5 kW,No,60,3,102500.00,307500.00,FG-DISP-0004928,SN-DISP-0004928,Generated dispatch item.
4929,434,486,100,BLDC Motor 1.5 kW,No,13,3,23125.00,69375.00,FG-DISP-0004929,SN-DISP-0004929,Generated dispatch item.
4930,435,3187,101,PMSM Motor 3 kW,No,46,6,45625.00,273750.00,FG-DISP-0004930,SN-DISP-0004930,Generated dispatch item.
4931,436,5888,102,PMSM Motor 7.5 kW,No,50,3,102500.00,307500.00,FG-DISP-0004931,SN-DISP-0004931,Generated dispatch item.
4932,437,489,100,BLDC Motor 1.5 kW,No,46,1,23125.00,23125.00,FG-DISP-0004932,SN-DISP-0004932,Generated dispatch item.
4933,438,3190,101,PMSM Motor 3 kW,No,39,1,45625.00,45625.00,FG-DISP-0004933,SN-DISP-0004933,Generated dispatch item.
4934,439,5891,102,PMSM Motor 7.5 kW,No,51,7,102500.00,717500.00,FG-DISP-0004934,SN-DISP-0004934,Generated dispatch item.
4935,440,492,100,BLDC Motor 1.5 kW,No,31,7,23125.00,161875.00,FG-DISP-0004935,SN-DISP-0004935,Generated dispatch item.
4936,441,3193,101,PMSM Motor 3 kW,No,19,5,45625.00,228125.00,FG-DISP-0004936,SN-DISP-0004936,Generated dispatch item.
4937,442,5894,102,PMSM Motor 7.5 kW,No,29,1,102500.00,102500.00,FG-DISP-0004937,SN-DISP-0004937,Generated dispatch item.
4938,443,495,100,BLDC Motor 1.5 kW,No,49,5,23125.00,115625.00,FG-DISP-0004938,SN-DISP-0004938,Generated dispatch item.
4939,444,3196,101,PMSM Motor 3 kW,No,22,4,45625.00,182500.00,FG-DISP-0004939,SN-DISP-0004939,Generated dispatch item.
4940,445,5897,102,PMSM Motor 7.5 kW,No,16,2,102500.00,205000.00,FG-DISP-0004940,SN-DISP-0004940,Generated dispatch item.
4941,446,498,100,BLDC Motor 1.5 kW,No,47,3,23125.00,69375.00,FG-DISP-0004941,SN-DISP-0004941,Generated dispatch item.
4942,447,3199,101,PMSM Motor 3 kW,No,42,6,45625.00,273750.00,FG-DISP-0004942,SN-DISP-0004942,Generated dispatch item.
4945,450,3202,101,PMSM Motor 3 kW,No,60,7,45625.00,319375.00,FG-DISP-0004945,SN-DISP-0004945,Generated dispatch item.
4946,451,5903,102,PMSM Motor 7.5 kW,No,23,7,102500.00,717500.00,FG-DISP-0004946,SN-DISP-0004946,Generated dispatch item.
4947,452,504,100,BLDC Motor 1.5 kW,No,60,2,23125.00,46250.00,FG-DISP-0004947,SN-DISP-0004947,Generated dispatch item.
4948,453,3205,101,PMSM Motor 3 kW,No,19,4,45625.00,182500.00,FG-DISP-0004948,SN-DISP-0004948,Generated dispatch item.
4949,454,5906,102,PMSM Motor 7.5 kW,No,59,4,102500.00,410000.00,FG-DISP-0004949,SN-DISP-0004949,Generated dispatch item.
4950,455,507,100,BLDC Motor 1.5 kW,No,10,3,23125.00,69375.00,FG-DISP-0004950,SN-DISP-0004950,Generated dispatch item.
4951,456,3208,101,PMSM Motor 3 kW,No,57,4,45625.00,182500.00,FG-DISP-0004951,SN-DISP-0004951,Generated dispatch item.
4952,457,5909,102,PMSM Motor 7.5 kW,No,48,3,102500.00,307500.00,FG-DISP-0004952,SN-DISP-0004952,Generated dispatch item.
4953,458,510,100,BLDC Motor 1.5 kW,No,38,1,23125.00,23125.00,FG-DISP-0004953,SN-DISP-0004953,Generated dispatch item.
4955,460,5912,102,PMSM Motor 7.5 kW,No,23,3,102500.00,307500.00,FG-DISP-0004955,SN-DISP-0004955,Generated dispatch item.
4956,461,513,100,BLDC Motor 1.5 kW,No,58,3,23125.00,69375.00,FG-DISP-0004956,SN-DISP-0004956,Generated dispatch item.
4957,462,3214,101,PMSM Motor 3 kW,No,39,3,45625.00,136875.00,FG-DISP-0004957,SN-DISP-0004957,Generated dispatch item.
4958,463,5915,102,PMSM Motor 7.5 kW,No,6,3,102500.00,307500.00,FG-DISP-0004958,SN-DISP-0004958,Generated dispatch item.
4959,464,516,100,BLDC Motor 1.5 kW,No,55,5,23125.00,115625.00,FG-DISP-0004959,SN-DISP-0004959,Generated dispatch item.
4960,465,3217,101,PMSM Motor 3 kW,No,57,1,45625.00,45625.00,FG-DISP-0004960,SN-DISP-0004960,Generated dispatch item.
4961,466,5918,102,PMSM Motor 7.5 kW,No,12,3,102500.00,307500.00,FG-DISP-0004961,SN-DISP-0004961,Generated dispatch item.
4962,467,519,100,BLDC Motor 1.5 kW,No,15,1,23125.00,23125.00,FG-DISP-0004962,SN-DISP-0004962,Generated dispatch item.
4963,468,3220,101,PMSM Motor 3 kW,No,56,6,45625.00,273750.00,FG-DISP-0004963,SN-DISP-0004963,Generated dispatch item.
4964,469,5921,102,PMSM Motor 7.5 kW,No,22,7,102500.00,717500.00,FG-DISP-0004964,SN-DISP-0004964,Generated dispatch item.
4965,470,522,100,BLDC Motor 1.5 kW,No,14,4,23125.00,92500.00,FG-DISP-0004965,SN-DISP-0004965,Generated dispatch item.
4966,471,3223,101,PMSM Motor 3 kW,No,12,3,45625.00,136875.00,FG-DISP-0004966,SN-DISP-0004966,Generated dispatch item.
4967,472,5924,102,PMSM Motor 7.5 kW,No,16,5,102500.00,512500.00,FG-DISP-0004967,SN-DISP-0004967,Generated dispatch item.
4968,473,525,100,BLDC Motor 1.5 kW,No,57,7,23125.00,161875.00,FG-DISP-0004968,SN-DISP-0004968,Generated dispatch item.
4969,474,3226,101,PMSM Motor 3 kW,No,12,2,45625.00,91250.00,FG-DISP-0004969,SN-DISP-0004969,Generated dispatch item.
4970,475,5927,102,PMSM Motor 7.5 kW,No,25,5,102500.00,512500.00,FG-DISP-0004970,SN-DISP-0004970,Generated dispatch item.
4971,476,528,100,BLDC Motor 1.5 kW,No,60,4,23125.00,92500.00,FG-DISP-0004971,SN-DISP-0004971,Generated dispatch item.
4972,477,3229,101,PMSM Motor 3 kW,No,49,6,45625.00,273750.00,FG-DISP-0004972,SN-DISP-0004972,Generated dispatch item.
4973,478,5930,102,PMSM Motor 7.5 kW,No,33,2,102500.00,205000.00,FG-DISP-0004973,SN-DISP-0004973,Generated dispatch item.
4974,479,531,100,BLDC Motor 1.5 kW,No,39,3,23125.00,69375.00,FG-DISP-0004974,SN-DISP-0004974,Generated dispatch item.
4975,480,3232,101,PMSM Motor 3 kW,No,31,4,45625.00,182500.00,FG-DISP-0004975,SN-DISP-0004975,Generated dispatch item.
4976,481,5933,102,PMSM Motor 7.5 kW,No,54,2,102500.00,205000.00,FG-DISP-0004976,SN-DISP-0004976,Generated dispatch item.
4977,482,534,100,BLDC Motor 1.5 kW,No,11,3,23125.00,69375.00,FG-DISP-0004977,SN-DISP-0004977,Generated dispatch item.
4979,484,5936,102,PMSM Motor 7.5 kW,No,50,6,102500.00,615000.00,FG-DISP-0004979,SN-DISP-0004979,Generated dispatch item.
4980,485,537,100,BLDC Motor 1.5 kW,No,11,3,23125.00,69375.00,FG-DISP-0004980,SN-DISP-0004980,Generated dispatch item.
4981,486,3238,101,PMSM Motor 3 kW,No,48,7,45625.00,319375.00,FG-DISP-0004981,SN-DISP-0004981,Generated dispatch item.
4982,487,5939,102,PMSM Motor 7.5 kW,No,49,7,102500.00,717500.00,FG-DISP-0004982,SN-DISP-0004982,Generated dispatch item.
4983,488,540,100,BLDC Motor 1.5 kW,No,30,3,23125.00,69375.00,FG-DISP-0004983,SN-DISP-0004983,Generated dispatch item.
4984,489,3241,101,PMSM Motor 3 kW,No,42,5,45625.00,228125.00,FG-DISP-0004984,SN-DISP-0004984,Generated dispatch item.
4985,490,5942,102,PMSM Motor 7.5 kW,No,49,3,102500.00,307500.00,FG-DISP-0004985,SN-DISP-0004985,Generated dispatch item.
4986,491,543,100,BLDC Motor 1.5 kW,No,24,7,23125.00,161875.00,FG-DISP-0004986,SN-DISP-0004986,Generated dispatch item.
4987,492,3244,101,PMSM Motor 3 kW,No,44,2,45625.00,91250.00,FG-DISP-0004987,SN-DISP-0004987,Generated dispatch item.
4988,493,5945,102,PMSM Motor 7.5 kW,No,38,2,102500.00,205000.00,FG-DISP-0004988,SN-DISP-0004988,Generated dispatch item.
4989,494,546,100,BLDC Motor 1.5 kW,No,15,5,23125.00,115625.00,FG-DISP-0004989,SN-DISP-0004989,Generated dispatch item.
4990,495,3247,101,PMSM Motor 3 kW,No,33,2,45625.00,91250.00,FG-DISP-0004990,SN-DISP-0004990,Generated dispatch item.
4991,496,5948,102,PMSM Motor 7.5 kW,No,50,5,102500.00,512500.00,FG-DISP-0004991,SN-DISP-0004991,Generated dispatch item.
4992,497,549,100,BLDC Motor 1.5 kW,No,57,3,23125.00,69375.00,FG-DISP-0004992,SN-DISP-0004992,Generated dispatch item.
4993,498,3250,101,PMSM Motor 3 kW,No,27,2,45625.00,91250.00,FG-DISP-0004993,SN-DISP-0004993,Generated dispatch item.
4995,500,552,100,BLDC Motor 1.5 kW,No,26,5,23125.00,115625.00,FG-DISP-0004995,SN-DISP-0004995,Generated dispatch item.
4996,501,3253,101,PMSM Motor 3 kW,No,50,6,45625.00,273750.00,FG-DISP-0004996,SN-DISP-0004996,Generated dispatch item.
4997,502,5954,102,PMSM Motor 7.5 kW,No,47,2,102500.00,205000.00,FG-DISP-0004997,SN-DISP-0004997,Generated dispatch item.
4998,503,555,100,BLDC Motor 1.5 kW,No,21,7,23125.00,161875.00,FG-DISP-0004998,SN-DISP-0004998,Generated dispatch item.
4999,504,3256,101,PMSM Motor 3 kW,No,49,1,45625.00,45625.00,FG-DISP-0004999,SN-DISP-0004999,Generated dispatch item.
5000,505,5957,102,PMSM Motor 7.5 kW,No,43,1,102500.00,102500.00,FG-DISP-0005000,SN-DISP-0005000,Generated dispatch item.
5001,251,3003,100,BLDC Motor 1.5 kW,No,59.000,7.000,23125.00,161875.00,FG-TOP-0005001,SN-TOP-0005001,Reconciled dispatch item from open customer order balance.
5002,251,5703,100,BLDC Motor 1.5 kW,No,29.000,7.000,23125.00,161875.00,FG-TOP-0005002,SN-TOP-0005002,Reconciled dispatch item from open customer order balance.
5003,252,304,101,PMSM Motor 3 kW,No,23.000,7.000,45625.00,319375.00,FG-TOP-0005003,SN-TOP-0005003,Reconciled dispatch item from open customer order balance.
5004,252,5704,101,PMSM Motor 3 kW,No,41.000,7.000,45625.00,319375.00,FG-TOP-0005004,SN-TOP-0005004,Reconciled dispatch item from open customer order balance.
5005,253,305,102,PMSM Motor 7.5 kW,No,19.000,7.000,102500.00,717500.00,FG-TOP-0005005,SN-TOP-0005005,Reconciled dispatch item from open customer order balance.
5006,253,3005,102,PMSM Motor 7.5 kW,No,37.000,7.000,102500.00,717500.00,FG-TOP-0005006,SN-TOP-0005006,Reconciled dispatch item from open customer order balance.
5007,254,3006,100,BLDC Motor 1.5 kW,No,29.000,7.000,23125.00,161875.00,FG-TOP-0005007,SN-TOP-0005007,Reconciled dispatch item from open customer order balance.
5008,254,5706,100,BLDC Motor 1.5 kW,No,59.000,7.000,23125.00,161875.00,FG-TOP-0005008,SN-TOP-0005008,Reconciled dispatch item from open customer order balance.
5009,255,307,101,PMSM Motor 3 kW,No,17.000,7.000,45625.00,319375.00,FG-TOP-0005009,SN-TOP-0005009,Reconciled dispatch item from open customer order balance.
5010,255,5707,101,PMSM Motor 3 kW,No,38.000,7.000,45625.00,319375.00,FG-TOP-0005010,SN-TOP-0005010,Reconciled dispatch item from open customer order balance.
5011,256,308,102,PMSM Motor 7.5 kW,No,47.000,7.000,102500.00,717500.00,FG-TOP-0005011,SN-TOP-0005011,Reconciled dispatch item from open customer order balance.
5012,256,3008,102,PMSM Motor 7.5 kW,No,33.000,7.000,102500.00,717500.00,FG-TOP-0005012,SN-TOP-0005012,Reconciled dispatch item from open customer order balance.
5013,257,3009,100,BLDC Motor 1.5 kW,No,48.000,7.000,23125.00,161875.00,FG-TOP-0005013,SN-TOP-0005013,Reconciled dispatch item from open customer order balance.
5014,257,5709,100,BLDC Motor 1.5 kW,No,21.000,7.000,23125.00,161875.00,FG-TOP-0005014,SN-TOP-0005014,Reconciled dispatch item from open customer order balance.
5015,258,310,101,PMSM Motor 3 kW,No,53.000,7.000,45625.00,319375.00,FG-TOP-0005015,SN-TOP-0005015,Reconciled dispatch item from open customer order balance.
5016,258,5710,101,PMSM Motor 3 kW,No,13.000,7.000,45625.00,319375.00,FG-TOP-0005016,SN-TOP-0005016,Reconciled dispatch item from open customer order balance.
5017,259,311,102,PMSM Motor 7.5 kW,No,43.000,7.000,102500.00,717500.00,FG-TOP-0005017,SN-TOP-0005017,Reconciled dispatch item from open customer order balance.
5018,259,3011,102,PMSM Motor 7.5 kW,No,54.000,7.000,102500.00,717500.00,FG-TOP-0005018,SN-TOP-0005018,Reconciled dispatch item from open customer order balance.
5019,260,3012,100,BLDC Motor 1.5 kW,No,15.000,7.000,23125.00,161875.00,FG-TOP-0005019,SN-TOP-0005019,Reconciled dispatch item from open customer order balance.
5020,260,5712,100,BLDC Motor 1.5 kW,No,11.000,7.000,23125.00,161875.00,FG-TOP-0005020,SN-TOP-0005020,Reconciled dispatch item from open customer order balance.
5021,261,313,101,PMSM Motor 3 kW,No,30.000,7.000,45625.00,319375.00,FG-TOP-0005021,SN-TOP-0005021,Reconciled dispatch item from open customer order balance.
5022,261,5713,101,PMSM Motor 3 kW,No,51.000,7.000,45625.00,319375.00,FG-TOP-0005022,SN-TOP-0005022,Reconciled dispatch item from open customer order balance.
5023,262,314,102,PMSM Motor 7.5 kW,No,40.000,7.000,102500.00,717500.00,FG-TOP-0005023,SN-TOP-0005023,Reconciled dispatch item from open customer order balance.
5024,262,3014,102,PMSM Motor 7.5 kW,No,58.000,7.000,102500.00,717500.00,FG-TOP-0005024,SN-TOP-0005024,Reconciled dispatch item from open customer order balance.
5025,263,3015,100,BLDC Motor 1.5 kW,No,57.000,7.000,23125.00,161875.00,FG-TOP-0005025,SN-TOP-0005025,Reconciled dispatch item from open customer order balance.
5026,263,5715,100,BLDC Motor 1.5 kW,No,32.000,7.000,23125.00,161875.00,FG-TOP-0005026,SN-TOP-0005026,Reconciled dispatch item from open customer order balance.
5027,264,316,101,PMSM Motor 3 kW,No,27.000,7.000,45625.00,319375.00,FG-TOP-0005027,SN-TOP-0005027,Reconciled dispatch item from open customer order balance.
5028,264,5716,101,PMSM Motor 3 kW,No,39.000,7.000,45625.00,319375.00,FG-TOP-0005028,SN-TOP-0005028,Reconciled dispatch item from open customer order balance.
5029,265,317,102,PMSM Motor 7.5 kW,No,16.000,7.000,102500.00,717500.00,FG-TOP-0005029,SN-TOP-0005029,Reconciled dispatch item from open customer order balance.
5030,265,3017,102,PMSM Motor 7.5 kW,No,55.000,7.000,102500.00,717500.00,FG-TOP-0005030,SN-TOP-0005030,Reconciled dispatch item from open customer order balance.
5031,266,3018,100,BLDC Motor 1.5 kW,No,53.000,7.000,23125.00,161875.00,FG-TOP-0005031,SN-TOP-0005031,Reconciled dispatch item from open customer order balance.
5032,266,5718,100,BLDC Motor 1.5 kW,No,8.000,7.000,23125.00,161875.00,FG-TOP-0005032,SN-TOP-0005032,Reconciled dispatch item from open customer order balance.
5033,267,319,101,PMSM Motor 3 kW,No,54.000,7.000,45625.00,319375.00,FG-TOP-0005033,SN-TOP-0005033,Reconciled dispatch item from open customer order balance.
5034,267,5719,101,PMSM Motor 3 kW,No,53.000,7.000,45625.00,319375.00,FG-TOP-0005034,SN-TOP-0005034,Reconciled dispatch item from open customer order balance.
5035,268,320,102,PMSM Motor 7.5 kW,No,46.000,7.000,102500.00,717500.00,FG-TOP-0005035,SN-TOP-0005035,Reconciled dispatch item from open customer order balance.
5036,268,3020,102,PMSM Motor 7.5 kW,No,54.000,7.000,102500.00,717500.00,FG-TOP-0005036,SN-TOP-0005036,Reconciled dispatch item from open customer order balance.
5037,269,3021,100,BLDC Motor 1.5 kW,No,24.000,7.000,23125.00,161875.00,FG-TOP-0005037,SN-TOP-0005037,Reconciled dispatch item from open customer order balance.
5038,269,5721,100,BLDC Motor 1.5 kW,No,5.000,5.000,23125.00,115625.00,FG-TOP-0005038,SN-TOP-0005038,Reconciled dispatch item from open customer order balance.
5039,270,322,101,PMSM Motor 3 kW,No,51.000,7.000,45625.00,319375.00,FG-TOP-0005039,SN-TOP-0005039,Reconciled dispatch item from open customer order balance.
5040,270,5722,101,PMSM Motor 3 kW,No,12.000,7.000,45625.00,319375.00,FG-TOP-0005040,SN-TOP-0005040,Reconciled dispatch item from open customer order balance.
5041,271,323,102,PMSM Motor 7.5 kW,No,39.000,7.000,102500.00,717500.00,FG-TOP-0005041,SN-TOP-0005041,Reconciled dispatch item from open customer order balance.
5042,271,3023,102,PMSM Motor 7.5 kW,No,56.000,7.000,102500.00,717500.00,FG-TOP-0005042,SN-TOP-0005042,Reconciled dispatch item from open customer order balance.
5043,272,3024,100,BLDC Motor 1.5 kW,No,40.000,7.000,23125.00,161875.00,FG-TOP-0005043,SN-TOP-0005043,Reconciled dispatch item from open customer order balance.
