fg_receipt_id,fg_receipt_number,production_order_item_id,production_order_id,finished_item_id,received_quantity,accepted_quantity,rejected_quantity,uom,receipt_date,received_by,inspection_status,warehouse_location,batch_number,serial_number_start,serial_number_end,remarks
340,FGR-2024-0340,301,301,100,59.000,59.000,0.000,No,2024-04-15,1,Accepted,Finished Goods Warehouse,FG-0000340,SN0000340A,SN0000340Z,Generated finished goods receipt.
341,FGR-2024-0341,302,302,101,23.000,23.000,0.000,No,2024-04-19,3,Accepted,Finished Goods Warehouse,FG-0000341,SN0000341A,SN0000341Z,Generated finished goods receipt.
342,FGR-2024-0342,303,303,102,19.000,19.000,0.000,No,2024-04-14,4,Accepted,Finished Goods Warehouse,FG-0000342,SN0000342A,SN0000342Z,Generated finished goods receipt.
343,FGR-2024-0343,304,304,100,50.000,50.000,0.000,No,2024-04-16,5,Accepted,Finished Goods Warehouse,FG-0000343,SN0000343A,SN0000343Z,Generated finished goods receipt.
344,FGR-2024-0344,305,305,101,17.000,17.000,0.000,No,2024-04-22,6,Accepted,Finished Goods Warehouse,FG-0000344,SN0000344A,SN0000344Z,Generated finished goods receipt.
345,FGR-2024-0345,306,306,102,45.000,45.000,0.000,No,2024-04-24,7,Accepted,Finished Goods Warehouse,FG-0000345,SN0000345A,SN0000345Z,Generated finished goods receipt.
346,FGR-2024-0346,307,307,100,12.000,12.000,0.000,No,2024-04-24,8,Accepted,Finished Goods Warehouse,FG-0000346,SN0000346A,SN0000346Z,Generated finished goods receipt.
347,FGR-2024-0347,308,308,101,53.000,53.000,0.000,No,2024-04-23,9,Accepted,Finished Goods Warehouse,FG-0000347,SN0000347A,SN0000347Z,Generated finished goods receipt.
348,FGR-2024-0348,309,309,102,43.000,43.000,0.000,No,2024-04-19,10,Accepted,Finished Goods Warehouse,FG-0000348,SN0000348A,SN0000348Z,Generated finished goods receipt.
349,FGR-2024-0349,310,310,100,34.000,34.000,0.000,No,2024-04-20,11,Accepted,Finished Goods Warehouse,FG-0000349,SN0000349A,SN0000349Z,Generated finished goods receipt.
350,FGR-2024-0350,311,311,101,30.000,30.000,0.000,No,2024-04-21,12,Accepted,Finished Goods Warehouse,FG-0000350,SN0000350A,SN0000350Z,Generated finished goods receipt.
351,FGR-2024-0351,312,312,102,38.000,38.000,0.000,No,2024-04-17,13,Accepted,Finished Goods Warehouse,FG-0000351,SN0000351A,SN0000351Z,Generated finished goods receipt.
352,FGR-2024-0352,313,313,100,25.000,25.000,0.000,No,2024-04-23,1,Accepted,Finished Goods Warehouse,FG-0000352,SN0000352A,SN0000352Z,Generated finished goods receipt.
353,FGR-2024-0353,314,314,101,27.000,27.000,0.000,No,2024-04-18,3,Accepted,Finished Goods Warehouse,FG-0000353,SN0000353A,SN0000353Z,Generated finished goods receipt.
354,FGR-2024-0354,315,315,102,16.000,16.000,0.000,No,2024-04-16,4,Accepted,Finished Goods Warehouse,FG-0000354,SN0000354A,SN0000354Z,Generated finished goods receipt.
355,FGR-2024-0355,316,316,100,13.000,13.000,0.000,No,2024-04-17,5,Accepted,Finished Goods Warehouse,FG-0000355,SN0000355A,SN0000355Z,Generated finished goods receipt.
356,FGR-2024-0356,317,317,101,52.000,52.000,0.000,No,2024-04-20,6,Accepted,Finished Goods Warehouse,FG-0000356,SN0000356A,SN0000356Z,Generated finished goods receipt.
357,FGR-2024-0357,318,318,102,45.000,45.000,0.000,No,2024-04-24,7,Accepted,Finished Goods Warehouse,FG-0000357,SN0000357A,SN0000357Z,Generated finished goods receipt.
358,FGR-2024-0358,319,319,100,29.000,29.000,0.000,No,2024-04-16,8,Accepted,Finished Goods Warehouse,FG-0000358,SN0000358A,SN0000358Z,Generated finished goods receipt.
359,FGR-2024-0359,320,320,101,49.000,49.000,0.000,No,2024-04-19,9,Accepted,Finished Goods Warehouse,FG-0000359,SN0000359A,SN0000359Z,Generated finished goods receipt.
360,FGR-2024-0360,321,321,102,39.000,39.000,0.000,No,2024-04-25,10,Accepted,Finished Goods Warehouse,FG-0000360,SN0000360A,SN0000360Z,Generated finished goods receipt.
361,FGR-2024-0361,322,322,100,38.000,38.000,0.000,No,2024-04-24,11,Accepted,Finished Goods Warehouse,FG-0000361,SN0000361A,SN0000361Z,Generated finished goods receipt.
362,FGR-2024-0362,323,323,101,11.000,11.000,0.000,No,2024-04-23,12,Accepted,Finished Goods Warehouse,FG-0000362,SN0000362A,SN0000362Z,Generated finished goods receipt.
363,FGR-2024-0363,324,324,102,35.000,35.000,0.000,No,2024-04-24,13,Accepted,Finished Goods Warehouse,FG-0000363,SN0000363A,SN0000363Z,Generated finished goods receipt.
364,FGR-2024-0364,325,325,100,11.000,11.000,0.000,No,2024-04-26,1,Accepted,Finished Goods Warehouse,FG-0000364,SN0000364A,SN0000364Z,Generated finished goods receipt.
365,FGR-2024-0365,326,326,101,42.000,42.000,0.000,No,2024-04-25,3,Accepted,Finished Goods Warehouse,FG-0000365,SN0000365A,SN0000365Z,Generated finished goods receipt.
366,FGR-2024-0366,327,327,102,6.000,6.000,0.000,No,2024-04-30,4,Accepted,Finished Goods Warehouse,FG-0000366,SN0000366A,SN0000366Z,Generated finished goods receipt.
367,FGR-2024-0367,328,328,100,33.000,33.000,0.000,No,2024-04-20,5,Accepted,Finished Goods Warehouse,FG-0000367,SN0000367A,SN0000367Z,Generated finished goods receipt.
368,FGR-2024-0368,329,329,101,25.000,25.000,0.000,No,2024-04-23,6,Accepted,Finished Goods Warehouse,FG-0000368,SN0000368A,SN0000368Z,Generated finished goods receipt.
369,FGR-2024-0369,330,330,102,11.000,11.000,0.000,No,2024-04-19,7,Accepted,Finished Goods Warehouse,FG-0000369,SN0000369A,SN0000369Z,Generated finished goods receipt.
370,FGR-2024-0370,331,331,100,30.000,30.000,0.000,No,2024-04-26,8,Accepted,Finished Goods Warehouse,FG-0000370,SN0000370A,SN0000370Z,Generated finished goods receipt.
371,FGR-2024-0371,332,332,101,14.000,14.000,0.000,No,2024-04-21,9,Accepted,Finished Goods Warehouse,FG-0000371,SN0000371A,SN0000371Z,Generated finished goods receipt.
372,FGR-2024-0372,333,333,102,18.000,18.000,0.000,No,2024-04-24,10,Accepted,Finished Goods Warehouse,FG-0000372,SN0000372A,SN0000372Z,Generated finished goods receipt.
373,FGR-2024-0373,334,334,100,54.000,54.000,0.000,No,2024-04-26,11,Accepted,Finished Goods Warehouse,FG-0000373,SN0000373A,SN0000373Z,Generated finished goods receipt.
374,FGR-2024-0374,335,335,101,24.000,24.000,0.000,No,2024-04-26,12,Accepted,Finished Goods Warehouse,FG-0000374,SN0000374A,SN0000374Z,Generated finished goods receipt.
375,FGR-2024-0375,336,336,102,27.000,27.000,0.000,No,2024-04-29,13,Accepted,Finished Goods Warehouse,FG-0000375,SN0000375A,SN0000375Z,Generated finished goods receipt.
376,FGR-2024-0376,337,337,100,4.000,4.000,0.000,No,2024-04-27,1,Accepted,Finished Goods Warehouse,FG-0000376,SN0000376A,SN0000376Z,Generated finished goods receipt.
377,FGR-2024-0377,338,338,101,21.000,21.000,0.000,No,2024-04-24,3,Accepted,Finished Goods Warehouse,FG-0000377,SN0000377A,SN0000377Z,Generated finished goods receipt.
378,FGR-2024-0378,339,339,102,23.000,23.000,0.000,No,2024-04-26,4,Accepted,Finished Goods Warehouse,FG-0000378,SN0000378A,SN0000378Z,Generated finished goods receipt.
379,FGR-2024-0379,340,340,100,45.000,45.000,0.000,No,2024-04-25,5,Accepted,Finished Goods Warehouse,FG-0000379,SN0000379A,SN0000379Z,Generated finished goods receipt.
380,FGR-2024-0380,341,341,101,10.000,10.000,0.000,No,2024-04-30,6,Accepted,Finished Goods Warehouse,FG-0000380,SN0000380A,SN0000380Z,Generated finished goods receipt.
381,FGR-2024-0381,342,342,102,57.000,57.000,0.000,No,2024-04-29,7,Accepted,Finished Goods Warehouse,FG-0000381,SN0000381A,SN0000381Z,Generated finished goods receipt.
382,FGR-2024-0382,343,343,100,12.000,12.000,0.000,No,2024-05-02,8,Accepted,Finished Goods Warehouse,FG-0000382,SN0000382A,SN0000382Z,Generated finished goods receipt.
383,FGR-2024-0383,344,344,101,40.000,40.000,0.000,No,2024-04-26,9,Accepted,Finished Goods Warehouse,FG-0000383,SN0000383A,SN0000383Z,Generated finished goods receipt.
384,FGR-2024-0384,345,345,102,3.000,3.000,0.000,No,2024-04-27,10,Accepted,Finished Goods Warehouse,FG-0000384,SN0000384A,SN0000384Z,Generated finished goods receipt.
385,FGR-2024-0385,346,346,100,50.000,50.000,0.000,No,2024-04-30,11,Accepted,Finished Goods Warehouse,FG-0000385,SN0000385A,SN0000385Z,Generated finished goods receipt.
386,FGR-2024-0386,347,347,101,41.000,41.000,0.000,No,2024-04-26,12,Accepted,Finished Goods Warehouse,FG-0000386,SN0000386A,SN0000386Z,Generated finished goods receipt.
387,FGR-2024-0387,348,348,102,50.000,50.000,0.000,No,2024-05-07,13,Accepted,Finished Goods Warehouse,FG-0000387,SN0000387A,SN0000387Z,Generated finished goods receipt.
388,FGR-2024-0388,349,349,100,55.000,55.000,0.000,No,2024-04-26,1,Accepted,Finished Goods Warehouse,FG-0000388,SN0000388A,SN0000388Z,Generated finished goods receipt.
389,FGR-2024-0389,350,350,101,49.000,49.000,0.000,No,2024-04-30,3,Accepted,Finished Goods Warehouse,FG-0000389,SN0000389A,SN0000389Z,Generated finished goods receipt.
390,FGR-2024-0390,351,351,102,38.000,38.000,0.000,No,2024-05-01,4,Accepted,Finished Goods Warehouse,FG-0000390,SN0000390A,SN0000390Z,Generated finished goods receipt.
391,FGR-2024-0391,352,352,100,49.000,49.000,0.000,No,2024-05-04,5,Accepted,Finished Goods Warehouse,FG-0000391,SN0000391A,SN0000391Z,Generated finished goods receipt.
392,FGR-2024-0392,353,353,101,10.000,10.000,0.000,No,2024-05-05,6,Accepted,Finished Goods Warehouse,FG-0000392,SN0000392A,SN0000392Z,Generated finished goods receipt.
393,FGR-2024-0393,354,354,102,39.000,39.000,0.000,No,2024-05-04,7,Accepted,Finished Goods Warehouse,FG-0000393,SN0000393A,SN0000393Z,Generated finished goods receipt.
394,FGR-2024-0394,355,355,100,59.000,59.000,0.000,No,2024-05-10,8,Accepted,Finished Goods Warehouse,FG-0000394,SN0000394A,SN0000394Z,Generated finished goods receipt.
395,FGR-2024-0395,356,356,101,24.000,24.000,0.000,No,2024-05-03,9,Accepted,Finished Goods Warehouse,FG-0000395,SN0000395A,SN0000395Z,Generated finished goods receipt.
396,FGR-2024-0396,357,357,102,59.000,59.000,0.000,No,2024-05-04,10,Accepted,Finished Goods Warehouse,FG-0000396,SN0000396A,SN0000396Z,Generated finished goods receipt.
397,FGR-2024-0397,358,358,100,31.000,31.000,0.000,No,2024-05-02,11,Accepted,Finished Goods Warehouse,FG-0000397,SN0000397A,SN0000397Z,Generated finished goods receipt.
398,FGR-2024-0398,359,359,101,31.000,31.000,0.000,No,2024-05-06,12,Accepted,Finished Goods Warehouse,FG-0000398,SN0000398A,SN0000398Z,Generated finished goods receipt.
399,FGR-2024-0399,360,360,102,19.000,19.000,0.000,No,2024-05-09,13,Accepted,Finished Goods Warehouse,FG-0000399,SN0000399A,SN0000399Z,Generated finished goods receipt.
400,FGR-2024-0400,361,361,100,9.000,9.000,0.000,No,2024-05-05,1,Accepted,Finished Goods Warehouse,FG-0000400,SN0000400A,SN0000400Z,Generated finished goods receipt.
401,FGR-2024-0401,362,362,101,52.000,52.000,0.000,No,2024-05-02,3,Accepted,Finished Goods Warehouse,FG-0000401,SN0000401A,SN0000401Z,Generated finished goods receipt.
402,FGR-2024-0402,363,363,102,43.000,43.000,0.000,No,2024-05-05,4,Accepted,Finished Goods Warehouse,FG-0000402,SN0000402A,SN0000402Z,Generated finished goods receipt.
403,FGR-2024-0403,364,364,100,25.000,25.000,0.000,No,2024-05-08,5,Accepted,Finished Goods Warehouse,FG-0000403,SN0000403A,SN0000403Z,Generated finished goods receipt.
404,FGR-2024-0404,365,365,101,56.000,56.000,0.000,No,2024-05-06,6,Accepted,Finished Goods Warehouse,FG-0000404,SN0000404A,SN0000404Z,Generated finished goods receipt.
405,FGR-2024-0405,366,366,102,14.000,14.000,0.000,No,2024-05-12,7,Accepted,Finished Goods Warehouse,FG-0000405,SN0000405A,SN0000405Z,Generated finished goods receipt.
406,FGR-2024-0406,367,367,100,46.000,46.000,0.000,No,2024-05-08,8,Accepted,Finished Goods Warehouse,FG-0000406,SN0000406A,SN0000406Z,Generated finished goods receipt.
407,FGR-2024-0407,368,368,101,30.000,30.000,0.000,No,2024-05-05,9,Accepted,Finished Goods Warehouse,FG-0000407,SN0000407A,SN0000407Z,Generated finished goods receipt.
408,FGR-2024-0408,369,369,102,39.000,39.000,0.000,No,2024-05-15,10,Accepted,Finished Goods Warehouse,FG-0000408,SN0000408A,SN0000408Z,Generated finished goods receipt.
409,FGR-2024-0409,370,370,100,6.000,6.000,0.000,No,2024-05-03,11,Accepted,Finished Goods Warehouse,FG-0000409,SN0000409A,SN0000409Z,Generated finished goods receipt.
410,FGR-2024-0410,371,371,101,39.000,39.000,0.000,No,2024-05-04,12,Accepted,Finished Goods Warehouse,FG-0000410,SN0000410A,SN0000410Z,Generated finished goods receipt.
411,FGR-2024-0411,372,372,102,43.000,43.000,0.000,No,2024-05-02,13,Accepted,Finished Goods Warehouse,FG-0000411,SN0000411A,SN0000411Z,Generated finished goods receipt.
412,FGR-2024-0412,373,373,100,59.000,59.000,0.000,No,2024-05-11,1,Accepted,Finished Goods Warehouse,FG-0000412,SN0000412A,SN0000412Z,Generated finished goods receipt.
413,FGR-2024-0413,374,374,101,22.000,22.000,0.000,No,2024-05-10,3,Accepted,Finished Goods Warehouse,FG-0000413,SN0000413A,SN0000413Z,Generated finished goods receipt.
414,FGR-2024-0414,375,375,102,9.000,9.000,0.000,No,2024-05-09,4,Accepted,Finished Goods Warehouse,FG-0000414,SN0000414A,SN0000414Z,Generated finished goods receipt.
415,FGR-2024-0415,376,376,100,8.000,8.000,0.000,No,2024-05-14,5,Accepted,Finished Goods Warehouse,FG-0000415,SN0000415A,SN0000415Z,Generated finished goods receipt.
416,FGR-2024-0416,377,377,101,11.000,11.000,0.000,No,2024-05-12,6,Accepted,Finished Goods Warehouse,FG-0000416,SN0000416A,SN0000416Z,Generated finished goods receipt.
417,FGR-2024-0417,378,378,102,19.000,19.000,0.000,No,2024-05-12,7,Accepted,Finished Goods Warehouse,FG-0000417,SN0000417A,SN0000417Z,Generated finished goods receipt.
418,FGR-2024-0418,379,379,100,49.000,49.000,0.000,No,2024-05-16,8,Accepted,Finished Goods Warehouse,FG-0000418,SN0000418A,SN0000418Z,Generated finished goods receipt.
419,FGR-2024-0419,380,380,101,13.000,13.000,0.000,No,2024-05-14,9,Accepted,Finished Goods Warehouse,FG-0000419,SN0000419A,SN0000419Z,Generated finished goods receipt.
420,FGR-2024-0420,381,381,102,12.000,12.000,0.000,No,2024-05-12,10,Accepted,Finished Goods Warehouse,FG-0000420,SN0000420A,SN0000420Z,Generated finished goods receipt.
421,FGR-2024-0421,382,382,100,6.000,6.000,0.000,No,2024-05-14,11,Accepted,Finished Goods Warehouse,FG-0000421,SN0000421A,SN0000421Z,Generated finished goods receipt.
422,FGR-2024-0422,383,383,101,24.000,24.000,0.000,No,2024-05-09,12,Accepted,Finished Goods Warehouse,FG-0000422,SN0000422A,SN0000422Z,Generated finished goods receipt.
423,FGR-2024-0423,384,384,102,37.000,37.000,0.000,No,2024-05-09,13,Accepted,Finished Goods Warehouse,FG-0000423,SN0000423A,SN0000423Z,Generated finished goods receipt.
424,FGR-2024-0424,385,385,100,19.000,19.000,0.000,No,2024-05-10,1,Accepted,Finished Goods Warehouse,FG-0000424,SN0000424A,SN0000424Z,Generated finished goods receipt.
425,FGR-2024-0425,386,386,101,30.000,30.000,0.000,No,2024-05-13,3,Accepted,Finished Goods Warehouse,FG-0000425,SN0000425A,SN0000425Z,Generated finished goods receipt.
426,FGR-2024-0426,387,387,102,17.000,17.000,0.000,No,2024-05-14,4,Accepted,Finished Goods Warehouse,FG-0000426,SN0000426A,SN0000426Z,Generated finished goods receipt.
427,FGR-2024-0427,388,388,100,47.000,47.000,0.000,No,2024-05-12,5,Accepted,Finished Goods Warehouse,FG-0000427,SN0000427A,SN0000427Z,Generated finished goods receipt.
428,FGR-2024-0428,389,389,101,4.000,4.000,0.000,No,2024-05-15,6,Accepted,Finished Goods Warehouse,FG-0000428,SN0000428A,SN0000428Z,Generated finished goods receipt.
429,FGR-2024-0429,390,390,102,14.000,14.000,0.000,No,2024-05-16,7,Accepted,Finished Goods Warehouse,FG-0000429,SN0000429A,SN0000429Z,Generated finished goods receipt.
430,FGR-2024-0430,391,391,100,36.000,36.000,0.000,No,2024-05-16,8,Accepted,Finished Goods Warehouse,FG-0000430,SN0000430A,SN0000430Z,Generated finished goods receipt.
431,FGR-2024-0431,392,392,101,51.000,51.000,0.000,No,2024-05-10,9,Accepted,Finished Goods Warehouse,FG-0000431,SN0000431A,SN0000431Z,Generated finished goods receipt.
432,FGR-2024-0432,393,393,102,27.000,27.000,0.000,No,2024-05-15,10,Accepted,Finished Goods Warehouse,FG-0000432,SN0000432A,SN0000432Z,Generated finished goods receipt.
433,FGR-2024-0433,394,394,100,7.000,7.000,0.000,No,2024-05-20,11,Accepted,Finished Goods Warehouse,FG-0000433,SN0000433A,SN0000433Z,Generated finished goods receipt.
434,FGR-2024-0434,395,395,101,35.000,35.000,0.000,No,2024-05-16,12,Accepted,Finished Goods Warehouse,FG-0000434,SN0000434A,SN0000434Z,Generated finished goods receipt.
435,FGR-2024-0435,396,396,102,18.000,18.000,0.000,No,2024-05-20,13,Accepted,Finished Goods Warehouse,FG-0000435,SN0000435A,SN0000435Z,Generated finished goods receipt.
436,FGR-2024-0436,397,397,100,22.000,22.000,0.000,No,2024-05-13,1,Accepted,Finished Goods Warehouse,FG-0000436,SN0000436A,SN0000436Z,Generated finished goods receipt.
437,FGR-2024-0437,398,398,101,55.000,55.000,0.000,No,2024-05-18,3,Accepted,Finished Goods Warehouse,FG-0000437,SN0000437A,SN0000437Z,Generated finished goods receipt.
438,FGR-2024-0438,399,399,102,55.000,55.000,0.000,No,2024-05-12,4,Accepted,Finished Goods Warehouse,FG-0000438,SN0000438A,SN0000438Z,Generated finished goods receipt.
439,FGR-2024-0439,400,400,100,18.000,18.000,0.000,No,2024-05-24,5,Accepted,Finished Goods Warehouse,FG-0000439,SN0000439A,SN0000439Z,Generated finished goods receipt.
440,FGR-2024-0440,401,401,101,36.000,36.000,0.000,No,2024-05-23,6,Accepted,Finished Goods Warehouse,FG-0000440,SN0000440A,SN0000440Z,Generated finished goods receipt.
441,FGR-2024-0441,402,402,102,33.000,33.000,0.000,No,2024-05-14,7,Accepted,Finished Goods Warehouse,FG-0000441,SN0000441A,SN0000441Z,Generated finished goods receipt.
442,FGR-2024-0442,403,403,100,56.000,56.000,0.000,No,2024-05-13,8,Accepted,Finished Goods Warehouse,FG-0000442,SN0000442A,SN0000442Z,Generated finished goods receipt.
443,FGR-2024-0443,404,404,101,56.000,56.000,0.000,No,2024-05-20,9,Accepted,Finished Goods Warehouse,FG-0000443,SN0000443A,SN0000443Z,Generated finished goods receipt.
444,FGR-2024-0444,405,405,102,24.000,24.000,0.000,No,2024-05-23,10,Accepted,Finished Goods Warehouse,FG-0000444,SN0000444A,SN0000444Z,Generated finished goods receipt.
445,FGR-2024-0445,406,406,100,4.000,4.000,0.000,No,2024-05-19,11,Accepted,Finished Goods Warehouse,FG-0000445,SN0000445A,SN0000445Z,Generated finished goods receipt.
446,FGR-2024-0446,407,407,101,5.000,5.000,0.000,No,2024-05-21,12,Accepted,Finished Goods Warehouse,FG-0000446,SN0000446A,SN0000446Z,Generated finished goods receipt.
447,FGR-2024-0447,408,408,102,4.000,4.000,0.000,No,2024-05-22,13,Accepted,Finished Goods Warehouse,FG-0000447,SN0000447A,SN0000447Z,Generated finished goods receipt.
448,FGR-2024-0448,409,409,100,47.000,47.000,0.000,No,2024-05-27,1,Accepted,Finished Goods Warehouse,FG-0000448,SN0000448A,SN0000448Z,Generated finished goods receipt.
449,FGR-2024-0449,410,410,101,44.000,44.000,0.000,No,2024-05-23,3,Accepted,Finished Goods Warehouse,FG-0000449,SN0000449A,SN0000449Z,Generated finished goods receipt.
450,FGR-2024-0450,411,411,102,51.000,51.000,0.000,No,2024-05-27,4,Accepted,Finished Goods Warehouse,FG-0000450,SN0000450A,SN0000450Z,Generated finished goods receipt.
451,FGR-2024-0451,412,412,100,10.000,10.000,0.000,No,2024-05-25,5,Accepted,Finished Goods Warehouse,FG-0000451,SN0000451A,SN0000451Z,Generated finished goods receipt.
452,FGR-2024-0452,413,413,101,8.000,8.000,0.000,No,2024-05-25,6,Accepted,Finished Goods Warehouse,FG-0000452,SN0000452A,SN0000452Z,Generated finished goods receipt.
453,FGR-2024-0453,414,414,102,12.000,12.000,0.000,No,2024-05-28,7,Accepted,Finished Goods Warehouse,FG-0000453,SN0000453A,SN0000453Z,Generated finished goods receipt.
454,FGR-2024-0454,415,415,100,40.000,40.000,0.000,No,2024-05-17,8,Accepted,Finished Goods Warehouse,FG-0000454,SN0000454A,SN0000454Z,Generated finished goods receipt.
455,FGR-2024-0455,416,416,101,3.000,3.000,0.000,No,2024-05-22,9,Accepted,Finished Goods Warehouse,FG-0000455,SN0000455A,SN0000455Z,Generated finished goods receipt.
456,FGR-2024-0456,417,417,102,41.000,41.000,0.000,No,2024-05-25,10,Accepted,Finished Goods Warehouse,FG-0000456,SN0000456A,SN0000456Z,Generated finished goods receipt.
457,FGR-2024-0457,418,418,100,54.000,54.000,0.000,No,2024-05-25,11,Accepted,Finished Goods Warehouse,FG-0000457,SN0000457A,SN0000457Z,Generated finished goods receipt.
458,FGR-2024-0458,419,419,101,11.000,11.000,0.000,No,2024-05-19,12,Accepted,Finished Goods Warehouse,FG-0000458,SN0000458A,SN0000458Z,Generated finished goods receipt.
459,FGR-2024-0459,420,420,102,45.000,45.000,0.000,No,2024-06-01,13,Accepted,Finished Goods Warehouse,FG-0000459,SN0000459A,SN0000459Z,Generated finished goods receipt.
460,FGR-2024-0460,421,421,100,34.000,34.000,0.000,No,2024-05-22,1,Accepted,Finished Goods Warehouse,FG-0000460,SN0000460A,SN0000460Z,Generated finished goods receipt.
461,FGR-2024-0461,422,422,101,56.000,56.000,0.000,No,2024-05-23,3,Accepted,Finished Goods Warehouse,FG-0000461,SN0000461A,SN0000461Z,Generated finished goods receipt.
462,FGR-2024-0462,423,423,102,16.000,16.000,0.000,No,2024-05-28,4,Accepted,Finished Goods Warehouse,FG-0000462,SN0000462A,SN0000462Z,Generated finished goods receipt.
463,FGR-2024-0463,424,424,100,15.000,15.000,0.000,No,2024-06-03,5,Accepted,Finished Goods Warehouse,FG-0000463,SN0000463A,SN0000463Z,Generated finished goods receipt.
464,FGR-2024-0464,425,425,101,4.000,4.000,0.000,No,2024-05-24,6,Accepted,Finished Goods Warehouse,FG-0000464,SN0000464A,SN0000464Z,Generated finished goods receipt.
465,FGR-2024-0465,426,426,102,42.000,42.000,0.000,No,2024-05-28,7,Accepted,Finished Goods Warehouse,FG-0000465,SN0000465A,SN0000465Z,Generated finished goods receipt.
466,FGR-2024-0466,427,427,100,51.000,51.000,0.000,No,2024-05-25,8,Accepted,Finished Goods Warehouse,FG-0000466,SN0000466A,SN0000466Z,Generated finished goods receipt.
467,FGR-2024-0467,428,428,101,5.000,5.000,0.000,No,2024-05-27,9,Accepted,Finished Goods Warehouse,FG-0000467,SN0000467A,SN0000467Z,Generated finished goods receipt.
468,FGR-2024-0468,429,429,102,31.000,31.000,0.000,No,2024-05-28,10,Accepted,Finished Goods Warehouse,FG-0000468,SN0000468A,SN0000468Z,Generated finished goods receipt.
469,FGR-2024-0469,430,430,100,44.000,44.000,0.000,No,2024-05-27,11,Accepted,Finished Goods Warehouse,FG-0000469,SN0000469A,SN0000469Z,Generated finished goods receipt.
470,FGR-2024-0470,431,431,101,46.000,46.000,0.000,No,2024-05-29,12,Accepted,Finished Goods Warehouse,FG-0000470,SN0000470A,SN0000470Z,Generated finished goods receipt.
471,FGR-2024-0471,432,432,102,57.000,57.000,0.000,No,2024-05-25,13,Accepted,Finished Goods Warehouse,FG-0000471,SN0000471A,SN0000471Z,Generated finished goods receipt.
472,FGR-2024-0472,433,433,100,43.000,43.000,0.000,No,2024-05-29,1,Accepted,Finished Goods Warehouse,FG-0000472,SN0000472A,SN0000472Z,Generated finished goods receipt.
473,FGR-2024-0473,434,434,101,54.000,54.000,0.000,No,2024-05-29,3,Accepted,Finished Goods Warehouse,FG-0000473,SN0000473A,SN0000473Z,Generated finished goods receipt.
474,FGR-2024-0474,435,435,102,60.000,60.000,0.000,No,2024-05-26,4,Accepted,Finished Goods Warehouse,FG-0000474,SN0000474A,SN0000474Z,Generated finished goods receipt.
475,FGR-2024-0475,436,436,100,55.000,55.000,0.000,No,2024-05-27,5,Accepted,Finished Goods Warehouse,FG-0000475,SN0000475A,SN0000475Z,Generated finished goods receipt.
476,FGR-2024-0476,437,437,101,29.000,29.000,0.000,No,2024-05-30,6,Accepted,Finished Goods Warehouse,FG-0000476,SN0000476A,SN0000476Z,Generated finished goods receipt.
477,FGR-2024-0477,438,438,102,27.000,27.000,0.000,No,2024-05-31,7,Accepted,Finished Goods Warehouse,FG-0000477,SN0000477A,SN0000477Z,Generated finished goods receipt.
478,FGR-2024-0478,439,439,100,28.000,28.000,0.000,No,2024-06-01,8,Accepted,Finished Goods Warehouse,FG-0000478,SN0000478A,SN0000478Z,Generated finished goods receipt.
479,FGR-2024-0479,440,440,101,56.000,56.000,0.000,No,2024-05-25,9,Accepted,Finished Goods Warehouse,FG-0000479,SN0000479A,SN0000479Z,Generated finished goods receipt.
480,FGR-2024-0480,441,441,102,20.000,20.000,0.000,No,2024-05-30,10,Accepted,Finished Goods Warehouse,FG-0000480,SN0000480A,SN0000480Z,Generated finished goods receipt.
481,FGR-2024-0481,442,442,100,45.000,45.000,0.000,No,2024-06-01,11,Accepted,Finished Goods Warehouse,FG-0000481,SN0000481A,SN0000481Z,Generated finished goods receipt.
482,FGR-2024-0482,443,443,101,39.000,39.000,0.000,No,2024-06-03,12,Accepted,Finished Goods Warehouse,FG-0000482,SN0000482A,SN0000482Z,Generated finished goods receipt.
483,FGR-2024-0483,444,444,102,6.000,6.000,0.000,No,2024-05-31,13,Accepted,Finished Goods Warehouse,FG-0000483,SN0000483A,SN0000483Z,Generated finished goods receipt.
484,FGR-2024-0484,445,445,100,31.000,31.000,0.000,No,2024-06-02,1,Accepted,Finished Goods Warehouse,FG-0000484,SN0000484A,SN0000484Z,Generated finished goods receipt.
485,FGR-2024-0485,446,446,101,13.000,13.000,0.000,No,2024-05-31,3,Accepted,Finished Goods Warehouse,FG-0000485,SN0000485A,SN0000485Z,Generated finished goods receipt.
486,FGR-2024-0486,447,447,102,43.000,43.000,0.000,No,2024-06-03,4,Accepted,Finished Goods Warehouse,FG-0000486,SN0000486A,SN0000486Z,Generated finished goods receipt.
487,FGR-2024-0487,448,448,100,28.000,28.000,0.000,No,2024-06-04,5,Accepted,Finished Goods Warehouse,FG-0000487,SN0000487A,SN0000487Z,Generated finished goods receipt.
488,FGR-2024-0488,449,449,101,24.000,24.000,0.000,No,2024-06-04,6,Accepted,Finished Goods Warehouse,FG-0000488,SN0000488A,SN0000488Z,Generated finished goods receipt.
489,FGR-2024-0489,450,450,102,7.000,7.000,0.000,No,2024-06-01,7,Accepted,Finished Goods Warehouse,FG-0000489,SN0000489A,SN0000489Z,Generated finished goods receipt.
490,FGR-2024-0490,451,451,100,11.000,11.000,0.000,No,2024-06-03,8,Accepted,Finished Goods Warehouse,FG-0000490,SN0000490A,SN0000490Z,Generated finished goods receipt.
491,FGR-2024-0491,452,452,101,47.000,47.000,0.000,No,2024-06-10,9,Accepted,Finished Goods Warehouse,FG-0000491,SN0000491A,SN0000491Z,Generated finished goods receipt.
492,FGR-2024-0492,453,453,102,51.000,51.000,0.000,No,2024-06-07,10,Accepted,Finished Goods Warehouse,FG-0000492,SN0000492A,SN0000492Z,Generated finished goods receipt.
493,FGR-2024-0493,454,454,100,19.000,19.000,0.000,No,2024-05-31,11,Accepted,Finished Goods Warehouse,FG-0000493,SN0000493A,SN0000493Z,Generated finished goods receipt.
494,FGR-2024-0494,455,455,101,51.000,51.000,0.000,No,2024-06-08,12,Accepted,Finished Goods Warehouse,FG-0000494,SN0000494A,SN0000494Z,Generated finished goods receipt.
495,FGR-2024-0495,456,456,102,33.000,33.000,0.000,No,2024-06-03,13,Accepted,Finished Goods Warehouse,FG-0000495,SN0000495A,SN0000495Z,Generated finished goods receipt.
496,FGR-2024-0496,457,457,100,23.000,23.000,0.000,No,2024-06-07,1,Accepted,Finished Goods Warehouse,FG-0000496,SN0000496A,SN0000496Z,Generated finished goods receipt.
497,FGR-2024-0497,458,458,101,29.000,29.000,0.000,No,2024-05-28,3,Accepted,Finished Goods Warehouse,FG-0000497,SN0000497A,SN0000497Z,Generated finished goods receipt.
498,FGR-2024-0498,459,459,102,43.000,43.000,0.000,No,2024-06-03,4,Accepted,Finished Goods Warehouse,FG-0000498,SN0000498A,SN0000498Z,Generated finished goods receipt.
499,FGR-2024-0499,460,460,100,55.000,55.000,0.000,No,2024-06-06,5,Accepted,Finished Goods Warehouse,FG-0000499,SN0000499A,SN0000499Z,Generated finished goods receipt.
500,FGR-2024-0500,461,461,101,30.000,30.000,0.000,No,2024-06-11,6,Accepted,Finished Goods Warehouse,FG-0000500,SN0000500A,SN0000500Z,Generated finished goods receipt.
501,FGR-2024-0501,462,462,102,22.000,22.000,0.000,No,2024-06-09,7,Accepted,Finished Goods Warehouse,FG-0000501,SN0000501A,SN0000501Z,Generated finished goods receipt.
502,FGR-2024-0502,463,463,100,47.000,47.000,0.000,No,2024-06-10,8,Accepted,Finished Goods Warehouse,FG-0000502,SN0000502A,SN0000502Z,Generated finished goods receipt.
503,FGR-2024-0503,464,464,101,33.000,33.000,0.000,No,2024-06-04,9,Accepted,Finished Goods Warehouse,FG-0000503,SN0000503A,SN0000503Z,Generated finished goods receipt.
504,FGR-2024-0504,465,465,102,26.000,26.000,0.000,No,2024-06-05,10,Accepted,Finished Goods Warehouse,FG-0000504,SN0000504A,SN0000504Z,Generated finished goods receipt.
505,FGR-2024-0505,466,466,100,29.000,29.000,0.000,No,2024-06-02,11,Accepted,Finished Goods Warehouse,FG-0000505,SN0000505A,SN0000505Z,Generated finished goods receipt.
506,FGR-2024-0506,467,467,101,32.000,32.000,0.000,No,2024-06-08,12,Accepted,Finished Goods Warehouse,FG-0000506,SN0000506A,SN0000506Z,Generated finished goods receipt.
507,FGR-2024-0507,468,468,102,11.000,11.000,0.000,No,2024-06-01,13,Accepted,Finished Goods Warehouse,FG-0000507,SN0000507A,SN0000507Z,Generated finished goods receipt.
508,FGR-2024-0508,469,469,100,8.000,8.000,0.000,No,2024-06-09,1,Accepted,Finished Goods Warehouse,FG-0000508,SN0000508A,SN0000508Z,Generated finished goods receipt.
509,FGR-2024-0509,470,470,101,40.000,40.000,0.000,No,2024-06-11,3,Accepted,Finished Goods Warehouse,FG-0000509,SN0000509A,SN0000509Z,Generated finished goods receipt.
510,FGR-2024-0510,471,471,102,13.000,13.000,0.000,No,2024-06-05,4,Accepted,Finished Goods Warehouse,FG-0000510,SN0000510A,SN0000510Z,Generated finished goods receipt.
511,FGR-2024-0511,472,472,100,33.000,33.000,0.000,No,2024-06-06,5,Accepted,Finished Goods Warehouse,FG-0000511,SN0000511A,SN0000511Z,Generated finished goods receipt.
512,FGR-2024-0512,473,473,101,48.000,48.000,0.000,No,2024-06-07,6,Accepted,Finished Goods Warehouse,FG-0000512,SN0000512A,SN0000512Z,Generated finished goods receipt.
513,FGR-2024-0513,474,474,102,15.000,15.000,0.000,No,2024-06-08,7,Accepted,Finished Goods Warehouse,FG-0000513,SN0000513A,SN0000513Z,Generated finished goods receipt.
514,FGR-2024-0514,475,475,100,24.000,24.000,0.000,No,2024-06-09,8,Accepted,Finished Goods Warehouse,FG-0000514,SN0000514A,SN0000514Z,Generated finished goods receipt.
515,FGR-2024-0515,476,476,101,57.000,57.000,0.000,No,2024-06-12,9,Accepted,Finished Goods Warehouse,FG-0000515,SN0000515A,SN0000515Z,Generated finished goods receipt.
516,FGR-2024-0516,477,477,102,5.000,5.000,0.000,No,2024-06-15,10,Accepted,Finished Goods Warehouse,FG-0000516,SN0000516A,SN0000516Z,Generated finished goods receipt.
517,FGR-2024-0517,478,478,100,45.000,45.000,0.000,No,2024-06-14,11,Accepted,Finished Goods Warehouse,FG-0000517,SN0000517A,SN0000517Z,Generated finished goods receipt.
518,FGR-2024-0518,479,479,101,13.000,13.000,0.000,No,2024-06-12,12,Accepted,Finished Goods Warehouse,FG-0000518,SN0000518A,SN0000518Z,Generated finished goods receipt.
519,FGR-2024-0519,480,480,102,53.000,53.000,0.000,No,2024-06-12,13,Accepted,Finished Goods Warehouse,FG-0000519,SN0000519A,SN0000519Z,Generated finished goods receipt.
520,FGR-2024-0520,481,481,100,26.000,26.000,0.000,No,2024-06-14,1,Accepted,Finished Goods Warehouse,FG-0000520,SN0000520A,SN0000520Z,Generated finished goods receipt.
521,FGR-2024-0521,482,482,101,4.000,4.000,0.000,No,2024-06-07,3,Accepted,Finished Goods Warehouse,FG-0000521,SN0000521A,SN0000521Z,Generated finished goods receipt.
522,FGR-2024-0522,483,483,102,44.000,44.000,0.000,No,2024-06-14,4,Accepted,Finished Goods Warehouse,FG-0000522,SN0000522A,SN0000522Z,Generated finished goods receipt.
523,FGR-2024-0523,484,484,100,11.000,11.000,0.000,No,2024-06-08,5,Accepted,Finished Goods Warehouse,FG-0000523,SN0000523A,SN0000523Z,Generated finished goods receipt.
524,FGR-2024-0524,485,485,101,25.000,25.000,0.000,No,2024-06-12,6,Accepted,Finished Goods Warehouse,FG-0000524,SN0000524A,SN0000524Z,Generated finished goods receipt.
525,FGR-2024-0525,486,486,102,33.000,33.000,0.000,No,2024-06-08,7,Accepted,Finished Goods Warehouse,FG-0000525,SN0000525A,SN0000525Z,Generated finished goods receipt.
526,FGR-2024-0526,487,487,100,45.000,45.000,0.000,No,2024-06-13,8,Accepted,Finished Goods Warehouse,FG-0000526,SN0000526A,SN0000526Z,Generated finished goods receipt.
527,FGR-2024-0527,488,488,101,28.000,28.000,0.000,No,2024-06-06,9,Accepted,Finished Goods Warehouse,FG-0000527,SN0000527A,SN0000527Z,Generated finished goods receipt.
528,FGR-2024-0528,489,489,102,51.000,51.000,0.000,No,2024-06-12,10,Accepted,Finished Goods Warehouse,FG-0000528,SN0000528A,SN0000528Z,Generated finished goods receipt.
529,FGR-2024-0529,490,490,100,29.000,29.000,0.000,No,2024-06-20,11,Accepted,Finished Goods Warehouse,FG-0000529,SN0000529A,SN0000529Z,Generated finished goods receipt.
530,FGR-2024-0530,491,491,101,22.000,22.000,0.000,No,2024-06-09,12,Accepted,Finished Goods Warehouse,FG-0000530,SN0000530A,SN0000530Z,Generated finished goods receipt.
531,FGR-2024-0531,492,492,102,23.000,23.000,0.000,No,2024-06-10,13,Accepted,Finished Goods Warehouse,FG-0000531,SN0000531A,SN0000531Z,Generated finished goods receipt.
532,FGR-2024-0532,493,493,100,49.000,49.000,0.000,No,2024-06-14,1,Accepted,Finished Goods Warehouse,FG-0000532,SN0000532A,SN0000532Z,Generated finished goods receipt.
533,FGR-2024-0533,494,494,101,41.000,41.000,0.000,No,2024-06-16,3,Accepted,Finished Goods Warehouse,FG-0000533,SN0000533A,SN0000533Z,Generated finished goods receipt.
534,FGR-2024-0534,495,495,102,10.000,10.000,0.000,No,2024-06-14,4,Accepted,Finished Goods Warehouse,FG-0000534,SN0000534A,SN0000534Z,Generated finished goods receipt.
535,FGR-2024-0535,496,496,100,47.000,47.000,0.000,No,2024-06-12,5,Accepted,Finished Goods Warehouse,FG-0000535,SN0000535A,SN0000535Z,Generated finished goods receipt.
536,FGR-2024-0536,497,497,101,28.000,28.000,0.000,No,2024-06-16,6,Accepted,Finished Goods Warehouse,FG-0000536,SN0000536A,SN0000536Z,Generated finished goods receipt.
537,FGR-2024-0537,498,498,102,23.000,23.000,0.000,No,2024-06-20,7,Accepted,Finished Goods Warehouse,FG-0000537,SN0000537A,SN0000537Z,Generated finished goods receipt.
538,FGR-2024-0538,499,499,100,9.000,9.000,0.000,No,2024-06-17,8,Accepted,Finished Goods Warehouse,FG-0000538,SN0000538A,SN0000538Z,Generated finished goods receipt.
539,FGR-2024-0539,500,500,101,59.000,59.000,0.000,No,2024-06-24,9,Accepted,Finished Goods Warehouse,FG-0000539,SN0000539A,SN0000539Z,Generated finished goods receipt.
540,FGR-2024-0540,501,501,102,5.000,5.000,0.000,No,2024-06-14,10,Accepted,Finished Goods Warehouse,FG-0000540,SN0000540A,SN0000540Z,Generated finished goods receipt.
541,FGR-2024-0541,502,502,100,59.000,59.000,0.000,No,2024-06-18,11,Accepted,Finished Goods Warehouse,FG-0000541,SN0000541A,SN0000541Z,Generated finished goods receipt.
542,FGR-2024-0542,503,503,101,7.000,7.000,0.000,No,2024-06-18,12,Accepted,Finished Goods Warehouse,FG-0000542,SN0000542A,SN0000542Z,Generated finished goods receipt.
543,FGR-2024-0543,504,504,102,32.000,32.000,0.000,No,2024-06-12,13,Accepted,Finished Goods Warehouse,FG-0000543,SN0000543A,SN0000543Z,Generated finished goods receipt.
544,FGR-2024-0544,505,505,100,8.000,8.000,0.000,No,2024-06-22,1,Accepted,Finished Goods Warehouse,FG-0000544,SN0000544A,SN0000544Z,Generated finished goods receipt.
545,FGR-2024-0545,506,506,101,32.000,32.000,0.000,No,2024-06-19,3,Accepted,Finished Goods Warehouse,FG-0000545,SN0000545A,SN0000545Z,Generated finished goods receipt.
546,FGR-2024-0546,507,507,102,51.000,51.000,0.000,No,2024-06-15,4,Accepted,Finished Goods Warehouse,FG-0000546,SN0000546A,SN0000546Z,Generated finished goods receipt.
547,FGR-2024-0547,508,508,100,38.000,38.000,0.000,No,2024-06-14,5,Accepted,Finished Goods Warehouse,FG-0000547,SN0000547A,SN0000547Z,Generated finished goods receipt.
548,FGR-2024-0548,509,509,101,33.000,33.000,0.000,No,2024-06-22,6,Accepted,Finished Goods Warehouse,FG-0000548,SN0000548A,SN0000548Z,Generated finished goods receipt.
549,FGR-2024-0549,510,510,102,10.000,10.000,0.000,No,2024-06-16,7,Accepted,Finished Goods Warehouse,FG-0000549,SN0000549A,SN0000549Z,Generated finished goods receipt.
550,FGR-2024-0550,511,511,100,57.000,57.000,0.000,No,2024-06-18,8,Accepted,Finished Goods Warehouse,FG-0000550,SN0000550A,SN0000550Z,Generated finished goods receipt.
551,FGR-2024-0551,512,512,101,24.000,24.000,0.000,No,2024-06-21,9,Accepted,Finished Goods Warehouse,FG-0000551,SN0000551A,SN0000551Z,Generated finished goods receipt.
552,FGR-2024-0552,513,513,102,34.000,34.000,0.000,No,2024-06-20,10,Accepted,Finished Goods Warehouse,FG-0000552,SN0000552A,SN0000552Z,Generated finished goods receipt.
553,FGR-2024-0553,514,514,100,55.000,55.000,0.000,No,2024-06-13,11,Accepted,Finished Goods Warehouse,FG-0000553,SN0000553A,SN0000553Z,Generated finished goods receipt.
554,FGR-2024-0554,515,515,101,39.000,39.000,0.000,No,2024-06-18,12,Accepted,Finished Goods Warehouse,FG-0000554,SN0000554A,SN0000554Z,Generated finished goods receipt.
555,FGR-2024-0555,516,516,102,45.000,45.000,0.000,No,2024-06-21,13,Accepted,Finished Goods Warehouse,FG-0000555,SN0000555A,SN0000555Z,Generated finished goods receipt.
556,FGR-2024-0556,517,517,100,13.000,13.000,0.000,No,2024-06-24,1,Accepted,Finished Goods Warehouse,FG-0000556,SN0000556A,SN0000556Z,Generated finished goods receipt.
557,FGR-2024-0557,518,518,101,30.000,30.000,0.000,No,2024-06-19,3,Accepted,Finished Goods Warehouse,FG-0000557,SN0000557A,SN0000557Z,Generated finished goods receipt.
558,FGR-2024-0558,519,519,102,34.000,34.000,0.000,No,2024-06-16,4,Accepted,Finished Goods Warehouse,FG-0000558,SN0000558A,SN0000558Z,Generated finished goods receipt.
559,FGR-2024-0559,520,520,100,14.000,14.000,0.000,No,2024-06-19,5,Accepted,Finished Goods Warehouse,FG-0000559,SN0000559A,SN0000559Z,Generated finished goods receipt.
560,FGR-2024-0560,521,521,101,25.000,25.000,0.000,No,2024-06-29,6,Accepted,Finished Goods Warehouse,FG-0000560,SN0000560A,SN0000560Z,Generated finished goods receipt.
561,FGR-2024-0561,522,522,102,50.000,50.000,0.000,No,2024-06-22,7,Accepted,Finished Goods Warehouse,FG-0000561,SN0000561A,SN0000561Z,Generated finished goods receipt.
562,FGR-2024-0562,523,523,100,55.000,55.000,0.000,No,2024-06-20,8,Accepted,Finished Goods Warehouse,FG-0000562,SN0000562A,SN0000562Z,Generated finished goods receipt.
563,FGR-2024-0563,524,524,101,50.000,50.000,0.000,No,2024-06-23,9,Accepted,Finished Goods Warehouse,FG-0000563,SN0000563A,SN0000563Z,Generated finished goods receipt.
564,FGR-2024-0564,525,525,102,56.000,56.000,0.000,No,2024-06-30,10,Accepted,Finished Goods Warehouse,FG-0000564,SN0000564A,SN0000564Z,Generated finished goods receipt.
565,FGR-2024-0565,526,526,100,59.000,59.000,0.000,No,2024-07-01,11,Accepted,Finished Goods Warehouse,FG-0000565,SN0000565A,SN0000565Z,Generated finished goods receipt.
566,FGR-2024-0566,527,527,101,16.000,16.000,0.000,No,2024-06-24,12,Accepted,Finished Goods Warehouse,FG-0000566,SN0000566A,SN0000566Z,Generated finished goods receipt.
567,FGR-2024-0567,528,528,102,52.000,52.000,0.000,No,2024-06-20,13,Accepted,Finished Goods Warehouse,FG-0000567,SN0000567A,SN0000567Z,Generated finished goods receipt.
568,FGR-2024-0568,529,529,100,37.000,37.000,0.000,No,2024-06-24,1,Accepted,Finished Goods Warehouse,FG-0000568,SN0000568A,SN0000568Z,Generated finished goods receipt.
569,FGR-2024-0569,530,530,101,53.000,53.000,0.000,No,2024-06-25,3,Accepted,Finished Goods Warehouse,FG-0000569,SN0000569A,SN0000569Z,Generated finished goods receipt.
570,FGR-2024-0570,531,531,102,38.000,38.000,0.000,No,2024-06-27,4,Accepted,Finished Goods Warehouse,FG-0000570,SN0000570A,SN0000570Z,Generated finished goods receipt.
571,FGR-2024-0571,532,532,100,9.000,9.000,0.000,No,2024-06-28,5,Accepted,Finished Goods Warehouse,FG-0000571,SN0000571A,SN0000571Z,Generated finished goods receipt.
572,FGR-2024-0572,533,533,101,36.000,36.000,0.000,No,2024-06-30,6,Accepted,Finished Goods Warehouse,FG-0000572,SN0000572A,SN0000572Z,Generated finished goods receipt.
573,FGR-2024-0573,534,534,102,46.000,46.000,0.000,No,2024-06-29,7,Accepted,Finished Goods Warehouse,FG-0000573,SN0000573A,SN0000573Z,Generated finished goods receipt.
574,FGR-2024-0574,535,535,100,11.000,11.000,0.000,No,2024-06-26,8,Accepted,Finished Goods Warehouse,FG-0000574,SN0000574A,SN0000574Z,Generated finished goods receipt.
575,FGR-2024-0575,536,536,101,33.000,33.000,0.000,No,2024-06-28,9,Accepted,Finished Goods Warehouse,FG-0000575,SN0000575A,SN0000575Z,Generated finished goods receipt.
576,FGR-2024-0576,537,537,102,41.000,41.000,0.000,No,2024-07-02,10,Accepted,Finished Goods Warehouse,FG-0000576,SN0000576A,SN0000576Z,Generated finished goods receipt.
577,FGR-2024-0577,538,538,100,28.000,28.000,0.000,No,2024-06-29,11,Accepted,Finished Goods Warehouse,FG-0000577,SN0000577A,SN0000577Z,Generated finished goods receipt.
578,FGR-2024-0578,539,539,101,47.000,47.000,0.000,No,2024-07-06,12,Accepted,Finished Goods Warehouse,FG-0000578,SN0000578A,SN0000578Z,Generated finished goods receipt.
579,FGR-2024-0579,540,540,102,11.000,11.000,0.000,No,2024-07-03,13,Accepted,Finished Goods Warehouse,FG-0000579,SN0000579A,SN0000579Z,Generated finished goods receipt.
580,FGR-2024-0580,541,541,100,24.000,24.000,0.000,No,2024-07-08,1,Accepted,Finished Goods Warehouse,FG-0000580,SN0000580A,SN0000580Z,Generated finished goods receipt.
581,FGR-2024-0581,542,542,101,56.000,56.000,0.000,No,2024-07-01,3,Accepted,Finished Goods Warehouse,FG-0000581,SN0000581A,SN0000581Z,Generated finished goods receipt.
582,FGR-2024-0582,543,543,102,31.000,31.000,0.000,No,2024-07-06,4,Accepted,Finished Goods Warehouse,FG-0000582,SN0000582A,SN0000582Z,Generated finished goods receipt.
583,FGR-2024-0583,544,544,100,13.000,13.000,0.000,No,2024-07-05,5,Accepted,Finished Goods Warehouse,FG-0000583,SN0000583A,SN0000583Z,Generated finished goods receipt.
584,FGR-2024-0584,545,545,101,11.000,11.000,0.000,No,2024-07-07,6,Accepted,Finished Goods Warehouse,FG-0000584,SN0000584A,SN0000584Z,Generated finished goods receipt.
585,FGR-2024-0585,546,546,102,36.000,36.000,0.000,No,2024-07-06,7,Accepted,Finished Goods Warehouse,FG-0000585,SN0000585A,SN0000585Z,Generated finished goods receipt.
586,FGR-2024-0586,547,547,100,56.000,56.000,0.000,No,2024-07-10,8,Accepted,Finished Goods Warehouse,FG-0000586,SN0000586A,SN0000586Z,Generated finished goods receipt.
587,FGR-2024-0587,548,548,101,5.000,5.000,0.000,No,2024-07-03,9,Accepted,Finished Goods Warehouse,FG-0000587,SN0000587A,SN0000587Z,Generated finished goods receipt.
588,FGR-2024-0588,549,549,102,10.000,10.000,0.000,No,2024-07-07,10,Accepted,Finished Goods Warehouse,FG-0000588,SN0000588A,SN0000588Z,Generated finished goods receipt.
589,FGR-2024-0589,550,550,100,25.000,25.000,0.000,No,2024-07-08,11,Accepted,Finished Goods Warehouse,FG-0000589,SN0000589A,SN0000589Z,Generated finished goods receipt.
590,FGR-2024-0590,551,551,101,14.000,14.000,0.000,No,2024-07-07,12,Accepted,Finished Goods Warehouse,FG-0000590,SN0000590A,SN0000590Z,Generated finished goods receipt.
591,FGR-2024-0591,552,552,102,10.000,10.000,0.000,No,2024-07-05,13,Accepted,Finished Goods Warehouse,FG-0000591,SN0000591A,SN0000591Z,Generated finished goods receipt.
592,FGR-2024-0592,553,553,100,20.000,20.000,0.000,No,2024-07-03,1,Accepted,Finished Goods Warehouse,FG-0000592,SN0000592A,SN0000592Z,Generated finished goods receipt.
593,FGR-2024-0593,554,554,101,39.000,39.000,0.000,No,2024-07-02,3,Accepted,Finished Goods Warehouse,FG-0000593,SN0000593A,SN0000593Z,Generated finished goods receipt.
594,FGR-2024-0594,555,555,102,49.000,49.000,0.000,No,2024-07-09,4,Accepted,Finished Goods Warehouse,FG-0000594,SN0000594A,SN0000594Z,Generated finished goods receipt.
595,FGR-2024-0595,556,556,100,21.000,21.000,0.000,No,2024-07-05,5,Accepted,Finished Goods Warehouse,FG-0000595,SN0000595A,SN0000595Z,Generated finished goods receipt.
596,FGR-2024-0596,557,557,101,44.000,44.000,0.000,No,2024-07-09,6,Accepted,Finished Goods Warehouse,FG-0000596,SN0000596A,SN0000596Z,Generated finished goods receipt.
597,FGR-2024-0597,558,558,102,49.000,49.000,0.000,No,2024-07-09,7,Accepted,Finished Goods Warehouse,FG-0000597,SN0000597A,SN0000597Z,Generated finished goods receipt.
598,FGR-2024-0598,559,559,100,5.000,5.000,0.000,No,2024-07-10,8,Accepted,Finished Goods Warehouse,FG-0000598,SN0000598A,SN0000598Z,Generated finished goods receipt.
599,FGR-2024-0599,560,560,101,50.000,50.000,0.000,No,2024-07-06,9,Accepted,Finished Goods Warehouse,FG-0000599,SN0000599A,SN0000599Z,Generated finished goods receipt.
600,FGR-2024-0600,561,561,102,15.000,15.000,0.000,No,2024-07-10,10,Accepted,Finished Goods Warehouse,FG-0000600,SN0000600A,SN0000600Z,Generated finished goods receipt.
601,FGR-2024-0601,562,562,100,43.000,43.000,0.000,No,2024-07-07,11,Accepted,Finished Goods Warehouse,FG-0000601,SN0000601A,SN0000601Z,Generated finished goods receipt.
602,FGR-2024-0602,563,563,101,46.000,46.000,0.000,No,2024-07-08,12,Accepted,Finished Goods Warehouse,FG-0000602,SN0000602A,SN0000602Z,Generated finished goods receipt.
603,FGR-2024-0603,564,564,102,51.000,51.000,0.000,No,2024-07-07,13,Accepted,Finished Goods Warehouse,FG-0000603,SN0000603A,SN0000603Z,Generated finished goods receipt.
604,FGR-2024-0604,565,565,100,25.000,25.000,0.000,No,2024-07-05,1,Accepted,Finished Goods Warehouse,FG-0000604,SN0000604A,SN0000604Z,Generated finished goods receipt.
605,FGR-2024-0605,566,566,101,41.000,41.000,0.000,No,2024-07-12,3,Accepted,Finished Goods Warehouse,FG-0000605,SN0000605A,SN0000605Z,Generated finished goods receipt.
606,FGR-2024-0606,567,567,102,6.000,6.000,0.000,No,2024-07-11,4,Accepted,Finished Goods Warehouse,FG-0000606,SN0000606A,SN0000606Z,Generated finished goods receipt.
607,FGR-2024-0607,568,568,100,28.000,28.000,0.000,No,2024-07-03,5,Accepted,Finished Goods Warehouse,FG-0000607,SN0000607A,SN0000607Z,Generated finished goods receipt.
608,FGR-2024-0608,569,569,101,56.000,56.000,0.000,No,2024-07-12,6,Accepted,Finished Goods Warehouse,FG-0000608,SN0000608A,SN0000608Z,Generated finished goods receipt.
609,FGR-2024-0609,570,570,102,13.000,13.000,0.000,No,2024-07-07,7,Accepted,Finished Goods Warehouse,FG-0000609,SN0000609A,SN0000609Z,Generated finished goods receipt.
610,FGR-2024-0610,571,571,100,11.000,11.000,0.000,No,2024-07-12,8,Accepted,Finished Goods Warehouse,FG-0000610,SN0000610A,SN0000610Z,Generated finished goods receipt.
611,FGR-2024-0611,572,572,101,42.000,42.000,0.000,No,2024-07-06,9,Accepted,Finished Goods Warehouse,FG-0000611,SN0000611A,SN0000611Z,Generated finished goods receipt.
612,FGR-2024-0612,573,573,102,32.000,32.000,0.000,No,2024-07-15,10,Accepted,Finished Goods Warehouse,FG-0000612,SN0000612A,SN0000612Z,Generated finished goods receipt.
613,FGR-2024-0613,574,574,100,30.000,30.000,0.000,No,2024-07-16,11,Accepted,Finished Goods Warehouse,FG-0000613,SN0000613A,SN0000613Z,Generated finished goods receipt.
614,FGR-2024-0614,575,575,101,17.000,17.000,0.000,No,2024-07-16,12,Accepted,Finished Goods Warehouse,FG-0000614,SN0000614A,SN0000614Z,Generated finished goods receipt.
615,FGR-2024-0615,576,576,102,13.000,13.000,0.000,No,2024-07-12,13,Accepted,Finished Goods Warehouse,FG-0000615,SN0000615A,SN0000615Z,Generated finished goods receipt.
616,FGR-2024-0616,577,577,100,44.000,44.000,0.000,No,2024-07-12,1,Accepted,Finished Goods Warehouse,FG-0000616,SN0000616A,SN0000616Z,Generated finished goods receipt.
617,FGR-2024-0617,578,578,101,24.000,24.000,0.000,No,2024-07-15,3,Accepted,Finished Goods Warehouse,FG-0000617,SN0000617A,SN0000617Z,Generated finished goods receipt.
618,FGR-2024-0618,579,579,102,47.000,47.000,0.000,No,2024-07-09,4,Accepted,Finished Goods Warehouse,FG-0000618,SN0000618A,SN0000618Z,Generated finished goods receipt.
619,FGR-2024-0619,580,580,100,29.000,29.000,0.000,No,2024-07-11,5,Accepted,Finished Goods Warehouse,FG-0000619,SN0000619A,SN0000619Z,Generated finished goods receipt.
620,FGR-2024-0620,581,581,101,27.000,27.000,0.000,No,2024-07-13,6,Accepted,Finished Goods Warehouse,FG-0000620,SN0000620A,SN0000620Z,Generated finished goods receipt.
621,FGR-2024-0621,582,582,102,16.000,16.000,0.000,No,2024-07-18,7,Accepted,Finished Goods Warehouse,FG-0000621,SN0000621A,SN0000621Z,Generated finished goods receipt.
622,FGR-2024-0622,583,583,100,40.000,40.000,0.000,No,2024-07-10,8,Accepted,Finished Goods Warehouse,FG-0000622,SN0000622A,SN0000622Z,Generated finished goods receipt.
623,FGR-2024-0623,584,584,101,19.000,19.000,0.000,No,2024-07-14,9,Accepted,Finished Goods Warehouse,FG-0000623,SN0000623A,SN0000623Z,Generated finished goods receipt.
624,FGR-2024-0624,585,585,102,53.000,53.000,0.000,No,2024-07-20,10,Accepted,Finished Goods Warehouse,FG-0000624,SN0000624A,SN0000624Z,Generated finished goods receipt.
625,FGR-2024-0625,586,586,100,26.000,26.000,0.000,No,2024-07-18,11,Accepted,Finished Goods Warehouse,FG-0000625,SN0000625A,SN0000625Z,Generated finished goods receipt.
626,FGR-2024-0626,587,587,101,50.000,50.000,0.000,No,2024-07-18,12,Accepted,Finished Goods Warehouse,FG-0000626,SN0000626A,SN0000626Z,Generated finished goods receipt.
627,FGR-2024-0627,588,588,102,31.000,31.000,0.000,No,2024-07-12,13,Accepted,Finished Goods Warehouse,FG-0000627,SN0000627A,SN0000627Z,Generated finished goods receipt.
628,FGR-2024-0628,589,589,100,28.000,28.000,0.000,No,2024-07-20,1,Accepted,Finished Goods Warehouse,FG-0000628,SN0000628A,SN0000628Z,Generated finished goods receipt.
629,FGR-2024-0629,590,590,101,28.000,28.000,0.000,No,2024-07-23,3,Accepted,Finished Goods Warehouse,FG-0000629,SN0000629A,SN0000629Z,Generated finished goods receipt.
630,FGR-2024-0630,591,591,102,27.000,27.000,0.000,No,2024-07-17,4,Accepted,Finished Goods Warehouse,FG-0000630,SN0000630A,SN0000630Z,Generated finished goods receipt.
631,FGR-2024-0631,592,592,100,29.000,29.000,0.000,No,2024-07-22,5,Accepted,Finished Goods Warehouse,FG-0000631,SN0000631A,SN0000631Z,Generated finished goods receipt.
632,FGR-2024-0632,593,593,101,54.000,54.000,0.000,No,2024-07-20,6,Accepted,Finished Goods Warehouse,FG-0000632,SN0000632A,SN0000632Z,Generated finished goods receipt.
633,FGR-2024-0633,594,594,102,43.000,43.000,0.000,No,2024-07-20,7,Accepted,Finished Goods Warehouse,FG-0000633,SN0000633A,SN0000633Z,Generated finished goods receipt.
634,FGR-2024-0634,595,595,100,6.000,6.000,0.000,No,2024-07-23,8,Accepted,Finished Goods Warehouse,FG-0000634,SN0000634A,SN0000634Z,Generated finished goods receipt.
635,FGR-2024-0635,596,596,101,7.000,7.000,0.000,No,2024-07-22,9,Accepted,Finished Goods Warehouse,FG-0000635,SN0000635A,SN0000635Z,Generated finished goods receipt.
636,FGR-2024-0636,597,597,102,6.000,6.000,0.000,No,2024-07-20,10,Accepted,Finished Goods Warehouse,FG-0000636,SN0000636A,SN0000636Z,Generated finished goods receipt.
637,FGR-2024-0637,598,598,100,43.000,43.000,0.000,No,2024-07-24,11,Accepted,Finished Goods Warehouse,FG-0000637,SN0000637A,SN0000637Z,Generated finished goods receipt.
638,FGR-2024-0638,599,599,101,16.000,16.000,0.000,No,2024-07-25,12,Accepted,Finished Goods Warehouse,FG-0000638,SN0000638A,SN0000638Z,Generated finished goods receipt.
639,FGR-2024-0639,600,600,102,25.000,25.000,0.000,No,2024-07-22,13,Accepted,Finished Goods Warehouse,FG-0000639,SN0000639A,SN0000639Z,Generated finished goods receipt.
640,FGR-2024-0640,601,601,100,51.000,51.000,0.000,No,2024-07-19,1,Accepted,Finished Goods Warehouse,FG-0000640,SN0000640A,SN0000640Z,Generated finished goods receipt.
641,FGR-2024-0641,602,602,101,12.000,12.000,0.000,No,2024-07-24,3,Accepted,Finished Goods Warehouse,FG-0000641,SN0000641A,SN0000641Z,Generated finished goods receipt.
642,FGR-2024-0642,603,603,102,11.000,11.000,0.000,No,2024-07-25,4,Accepted,Finished Goods Warehouse,FG-0000642,SN0000642A,SN0000642Z,Generated finished goods receipt.
643,FGR-2024-0643,604,604,100,9.000,9.000,0.000,No,2024-07-23,5,Accepted,Finished Goods Warehouse,FG-0000643,SN0000643A,SN0000643Z,Generated finished goods receipt.
644,FGR-2024-0644,605,605,101,18.000,18.000,0.000,No,2024-07-18,6,Accepted,Finished Goods Warehouse,FG-0000644,SN0000644A,SN0000644Z,Generated finished goods receipt.
645,FGR-2024-0645,606,606,102,9.000,9.000,0.000,No,2024-07-17,7,Accepted,Finished Goods Warehouse,FG-0000645,SN0000645A,SN0000645Z,Generated finished goods receipt.
646,FGR-2024-0646,607,607,100,39.000,39.000,0.000,No,2024-07-24,8,Accepted,Finished Goods Warehouse,FG-0000646,SN0000646A,SN0000646Z,Generated finished goods receipt.
647,FGR-2024-0647,608,608,101,44.000,44.000,0.000,No,2024-07-19,9,Accepted,Finished Goods Warehouse,FG-0000647,SN0000647A,SN0000647Z,Generated finished goods receipt.
648,FGR-2024-0648,609,609,102,15.000,15.000,0.000,No,2024-07-20,10,Accepted,Finished Goods Warehouse,FG-0000648,SN0000648A,SN0000648Z,Generated finished goods receipt.
649,FGR-2024-0649,610,610,100,34.000,34.000,0.000,No,2024-07-28,11,Accepted,Finished Goods Warehouse,FG-0000649,SN0000649A,SN0000649Z,Generated finished goods receipt.
650,FGR-2024-0650,611,611,101,19.000,19.000,0.000,No,2024-07-29,12,Accepted,Finished Goods Warehouse,FG-0000650,SN0000650A,SN0000650Z,Generated finished goods receipt.
651,FGR-2024-0651,612,612,102,7.000,7.000,0.000,No,2024-07-21,13,Accepted,Finished Goods Warehouse,FG-0000651,SN0000651A,SN0000651Z,Generated finished goods receipt.
652,FGR-2024-0652,613,613,100,30.000,30.000,0.000,No,2024-07-22,1,Accepted,Finished Goods Warehouse,FG-0000652,SN0000652A,SN0000652Z,Generated finished goods receipt.
653,FGR-2024-0653,614,614,101,43.000,43.000,0.000,No,2024-07-24,3,Accepted,Finished Goods Warehouse,FG-0000653,SN0000653A,SN0000653Z,Generated finished goods receipt.
654,FGR-2024-0654,615,615,102,17.000,17.000,0.000,No,2024-08-01,4,Accepted,Finished Goods Warehouse,FG-0000654,SN0000654A,SN0000654Z,Generated finished goods receipt.
655,FGR-2024-0655,616,616,100,47.000,47.000,0.000,No,2024-08-04,5,Accepted,Finished Goods Warehouse,FG-0000655,SN0000655A,SN0000655Z,Generated finished goods receipt.
656,FGR-2024-0656,617,617,101,58.000,58.000,0.000,No,2024-07-28,6,Accepted,Finished Goods Warehouse,FG-0000656,SN0000656A,SN0000656Z,Generated finished goods receipt.
657,FGR-2024-0657,618,618,102,6.000,6.000,0.000,No,2024-07-26,7,Accepted,Finished Goods Warehouse,FG-0000657,SN0000657A,SN0000657Z,Generated finished goods receipt.
658,FGR-2024-0658,619,619,100,14.000,14.000,0.000,No,2024-07-28,8,Accepted,Finished Goods Warehouse,FG-0000658,SN0000658A,SN0000658Z,Generated finished goods receipt.
659,FGR-2024-0659,620,620,101,21.000,21.000,0.000,No,2024-07-26,9,Accepted,Finished Goods Warehouse,FG-0000659,SN0000659A,SN0000659Z,Generated finished goods receipt.
660,FGR-2024-0660,621,621,102,52.000,52.000,0.000,No,2024-07-30,10,Accepted,Finished Goods Warehouse,FG-0000660,SN0000660A,SN0000660Z,Generated finished goods receipt.
661,FGR-2024-0661,622,622,100,12.000,12.000,0.000,No,2024-07-29,11,Accepted,Finished Goods Warehouse,FG-0000661,SN0000661A,SN0000661Z,Generated finished goods receipt.
662,FGR-2024-0662,623,623,101,30.000,30.000,0.000,No,2024-07-31,12,Accepted,Finished Goods Warehouse,FG-0000662,SN0000662A,SN0000662Z,Generated finished goods receipt.
663,FGR-2024-0663,624,624,102,35.000,35.000,0.000,No,2024-07-31,13,Accepted,Finished Goods Warehouse,FG-0000663,SN0000663A,SN0000663Z,Generated finished goods receipt.
664,FGR-2024-0664,625,625,100,12.000,12.000,0.000,No,2024-08-04,1,Accepted,Finished Goods Warehouse,FG-0000664,SN0000664A,SN0000664Z,Generated finished goods receipt.
665,FGR-2024-0665,626,626,101,7.000,7.000,0.000,No,2024-08-03,3,Accepted,Finished Goods Warehouse,FG-0000665,SN0000665A,SN0000665Z,Generated finished goods receipt.
666,FGR-2024-0666,627,627,102,10.000,10.000,0.000,No,2024-08-05,4,Accepted,Finished Goods Warehouse,FG-0000666,SN0000666A,SN0000666Z,Generated finished goods receipt.
667,FGR-2024-0667,628,628,100,8.000,8.000,0.000,No,2024-08-03,5,Accepted,Finished Goods Warehouse,FG-0000667,SN0000667A,SN0000667Z,Generated finished goods receipt.
668,FGR-2024-0668,629,629,101,32.000,32.000,0.000,No,2024-08-01,6,Accepted,Finished Goods Warehouse,FG-0000668,SN0000668A,SN0000668Z,Generated finished goods receipt.
669,FGR-2024-0669,630,630,102,55.000,55.000,0.000,No,2024-07-27,7,Accepted,Finished Goods Warehouse,FG-0000669,SN0000669A,SN0000669Z,Generated finished goods receipt.
670,FGR-2024-0670,631,631,100,24.000,24.000,0.000,No,2024-07-31,8,Accepted,Finished Goods Warehouse,FG-0000670,SN0000670A,SN0000670Z,Generated finished goods receipt.
671,FGR-2024-0671,632,632,101,17.000,17.000,0.000,No,2024-08-06,9,Accepted,Finished Goods Warehouse,FG-0000671,SN0000671A,SN0000671Z,Generated finished goods receipt.
672,FGR-2024-0672,633,633,102,17.000,17.000,0.000,No,2024-08-06,10,Accepted,Finished Goods Warehouse,FG-0000672,SN0000672A,SN0000672Z,Generated finished goods receipt.
673,FGR-2024-0673,634,634,100,57.000,57.000,0.000,No,2024-08-06,11,Accepted,Finished Goods Warehouse,FG-0000673,SN0000673A,SN0000673Z,Generated finished goods receipt.
674,FGR-2024-0674,635,635,101,58.000,58.000,0.000,No,2024-07-31,12,Accepted,Finished Goods Warehouse,FG-0000674,SN0000674A,SN0000674Z,Generated finished goods receipt.
675,FGR-2024-0675,636,636,102,39.000,39.000,0.000,No,2024-08-03,13,Accepted,Finished Goods Warehouse,FG-0000675,SN0000675A,SN0000675Z,Generated finished goods receipt.
676,FGR-2024-0676,637,637,100,30.000,30.000,0.000,No,2024-08-03,1,Accepted,Finished Goods Warehouse,FG-0000676,SN0000676A,SN0000676Z,Generated finished goods receipt.
677,FGR-2024-0677,638,638,101,11.000,11.000,0.000,No,2024-08-05,3,Accepted,Finished Goods Warehouse,FG-0000677,SN0000677A,SN0000677Z,Generated finished goods receipt.
678,FGR-2024-0678,639,639,102,56.000,56.000,0.000,No,2024-08-05,4,Accepted,Finished Goods Warehouse,FG-0000678,SN0000678A,SN0000678Z,Generated finished goods receipt.
679,FGR-2024-0679,640,640,100,4.000,4.000,0.000,No,2024-08-04,5,Accepted,Finished Goods Warehouse,FG-0000679,SN0000679A,SN0000679Z,Generated finished goods receipt.
680,FGR-2024-0680,641,641,101,13.000,13.000,0.000,No,2024-08-07,6,Accepted,Finished Goods Warehouse,FG-0000680,SN0000680A,SN0000680Z,Generated finished goods receipt.
681,FGR-2024-0681,642,642,102,42.000,42.000,0.000,No,2024-08-03,7,Accepted,Finished Goods Warehouse,FG-0000681,SN0000681A,SN0000681Z,Generated finished goods receipt.
682,FGR-2024-0682,643,643,100,15.000,15.000,0.000,No,2024-08-08,8,Accepted,Finished Goods Warehouse,FG-0000682,SN0000682A,SN0000682Z,Generated finished goods receipt.
683,FGR-2024-0683,644,644,101,11.000,11.000,0.000,No,2024-08-01,9,Accepted,Finished Goods Warehouse,FG-0000683,SN0000683A,SN0000683Z,Generated finished goods receipt.
684,FGR-2024-0684,645,645,102,37.000,37.000,0.000,No,2024-08-08,10,Accepted,Finished Goods Warehouse,FG-0000684,SN0000684A,SN0000684Z,Generated finished goods receipt.
685,FGR-2024-0685,646,646,100,5.000,5.000,0.000,No,2024-08-09,11,Accepted,Finished Goods Warehouse,FG-0000685,SN0000685A,SN0000685Z,Generated finished goods receipt.
686,FGR-2024-0686,647,647,101,20.000,20.000,0.000,No,2024-08-12,12,Accepted,Finished Goods Warehouse,FG-0000686,SN0000686A,SN0000686Z,Generated finished goods receipt.
687,FGR-2024-0687,648,648,102,38.000,38.000,0.000,No,2024-08-09,13,Accepted,Finished Goods Warehouse,FG-0000687,SN0000687A,SN0000687Z,Generated finished goods receipt.
688,FGR-2024-0688,649,649,100,14.000,14.000,0.000,No,2024-08-04,1,Accepted,Finished Goods Warehouse,FG-0000688,SN0000688A,SN0000688Z,Generated finished goods receipt.
689,FGR-2024-0689,650,650,101,46.000,46.000,0.000,No,2024-08-04,3,Accepted,Finished Goods Warehouse,FG-0000689,SN0000689A,SN0000689Z,Generated finished goods receipt.
690,FGR-2024-0690,651,651,102,8.000,8.000,0.000,No,2024-08-06,4,Accepted,Finished Goods Warehouse,FG-0000690,SN0000690A,SN0000690Z,Generated finished goods receipt.
691,FGR-2024-0691,652,652,100,37.000,37.000,0.000,No,2024-08-12,5,Accepted,Finished Goods Warehouse,FG-0000691,SN0000691A,SN0000691Z,Generated finished goods receipt.
692,FGR-2024-0692,653,653,101,7.000,7.000,0.000,No,2024-08-07,6,Accepted,Finished Goods Warehouse,FG-0000692,SN0000692A,SN0000692Z,Generated finished goods receipt.
693,FGR-2024-0693,654,654,102,43.000,43.000,0.000,No,2024-08-04,7,Accepted,Finished Goods Warehouse,FG-0000693,SN0000693A,SN0000693Z,Generated finished goods receipt.
694,FGR-2024-0694,655,655,100,45.000,45.000,0.000,No,2024-08-02,8,Accepted,Finished Goods Warehouse,FG-0000694,SN0000694A,SN0000694Z,Generated finished goods receipt.
695,FGR-2024-0695,656,656,101,48.000,48.000,0.000,No,2024-08-08,9,Accepted,Finished Goods Warehouse,FG-0000695,SN0000695A,SN0000695Z,Generated finished goods receipt.
696,FGR-2024-0696,657,657,102,19.000,19.000,0.000,No,2024-08-06,10,Accepted,Finished Goods Warehouse,FG-0000696,SN0000696A,SN0000696Z,Generated finished goods receipt.
697,FGR-2024-0697,658,658,100,18.000,18.000,0.000,No,2024-08-09,11,Accepted,Finished Goods Warehouse,FG-0000697,SN0000697A,SN0000697Z,Generated finished goods receipt.
698,FGR-2024-0698,659,659,101,58.000,58.000,0.000,No,2024-08-04,12,Accepted,Finished Goods Warehouse,FG-0000698,SN0000698A,SN0000698Z,Generated finished goods receipt.
699,FGR-2024-0699,660,660,102,43.000,43.000,0.000,No,2024-08-15,13,Accepted,Finished Goods Warehouse,FG-0000699,SN0000699A,SN0000699Z,Generated finished goods receipt.
700,FGR-2024-0700,661,661,100,15.000,15.000,0.000,No,2024-08-08,1,Accepted,Finished Goods Warehouse,FG-0000700,SN0000700A,SN0000700Z,Generated finished goods receipt.
701,FGR-2024-0701,662,662,101,6.000,6.000,0.000,No,2024-08-16,3,Accepted,Finished Goods Warehouse,FG-0000701,SN0000701A,SN0000701Z,Generated finished goods receipt.
702,FGR-2024-0702,663,663,102,22.000,22.000,0.000,No,2024-08-09,4,Accepted,Finished Goods Warehouse,FG-0000702,SN0000702A,SN0000702Z,Generated finished goods receipt.
703,FGR-2024-0703,664,664,100,40.000,40.000,0.000,No,2024-08-07,5,Accepted,Finished Goods Warehouse,FG-0000703,SN0000703A,SN0000703Z,Generated finished goods receipt.
704,FGR-2024-0704,665,665,101,23.000,23.000,0.000,No,2024-08-13,6,Accepted,Finished Goods Warehouse,FG-0000704,SN0000704A,SN0000704Z,Generated finished goods receipt.
705,FGR-2024-0705,666,666,102,50.000,50.000,0.000,No,2024-08-09,7,Accepted,Finished Goods Warehouse,FG-0000705,SN0000705A,SN0000705Z,Generated finished goods receipt.
706,FGR-2024-0706,667,667,100,32.000,32.000,0.000,No,2024-08-16,8,Accepted,Finished Goods Warehouse,FG-0000706,SN0000706A,SN0000706Z,Generated finished goods receipt.
707,FGR-2024-0707,668,668,101,59.000,59.000,0.000,No,2024-08-10,9,Accepted,Finished Goods Warehouse,FG-0000707,SN0000707A,SN0000707Z,Generated finished goods receipt.
708,FGR-2024-0708,669,669,102,53.000,53.000,0.000,No,2024-08-15,10,Accepted,Finished Goods Warehouse,FG-0000708,SN0000708A,SN0000708Z,Generated finished goods receipt.
709,FGR-2024-0709,670,670,100,30.000,30.000,0.000,No,2024-08-13,11,Accepted,Finished Goods Warehouse,FG-0000709,SN0000709A,SN0000709Z,Generated finished goods receipt.
710,FGR-2024-0710,671,671,101,51.000,51.000,0.000,No,2024-08-07,12,Accepted,Finished Goods Warehouse,FG-0000710,SN0000710A,SN0000710Z,Generated finished goods receipt.
711,FGR-2024-0711,672,672,102,29.000,29.000,0.000,No,2024-08-08,13,Accepted,Finished Goods Warehouse,FG-0000711,SN0000711A,SN0000711Z,Generated finished goods receipt.
712,FGR-2024-0712,673,673,100,4.000,4.000,0.000,No,2024-08-09,1,Accepted,Finished Goods Warehouse,FG-0000712,SN0000712A,SN0000712Z,Generated finished goods receipt.
713,FGR-2024-0713,674,674,101,20.000,20.000,0.000,No,2024-08-17,3,Accepted,Finished Goods Warehouse,FG-0000713,SN0000713A,SN0000713Z,Generated finished goods receipt.
714,FGR-2024-0714,675,675,102,26.000,26.000,0.000,No,2024-08-11,4,Accepted,Finished Goods Warehouse,FG-0000714,SN0000714A,SN0000714Z,Generated finished goods receipt.
715,FGR-2024-0715,676,676,100,57.000,57.000,0.000,No,2024-08-11,5,Accepted,Finished Goods Warehouse,FG-0000715,SN0000715A,SN0000715Z,Generated finished goods receipt.
716,FGR-2024-0716,677,677,101,51.000,51.000,0.000,No,2024-08-18,6,Accepted,Finished Goods Warehouse,FG-0000716,SN0000716A,SN0000716Z,Generated finished goods receipt.
717,FGR-2024-0717,678,678,102,11.000,11.000,0.000,No,2024-08-15,7,Accepted,Finished Goods Warehouse,FG-0000717,SN0000717A,SN0000717Z,Generated finished goods receipt.
718,FGR-2024-0718,679,679,100,5.000,5.000,0.000,No,2024-08-16,8,Accepted,Finished Goods Warehouse,FG-0000718,SN0000718A,SN0000718Z,Generated finished goods receipt.
719,FGR-2024-0719,680,680,101,33.000,33.000,0.000,No,2024-08-12,9,Accepted,Finished Goods Warehouse,FG-0000719,SN0000719A,SN0000719Z,Generated finished goods receipt.
720,FGR-2024-0720,681,681,102,32.000,32.000,0.000,No,2024-08-22,10,Accepted,Finished Goods Warehouse,FG-0000720,SN0000720A,SN0000720Z,Generated finished goods receipt.
721,FGR-2024-0721,682,682,100,44.000,44.000,0.000,No,2024-08-19,11,Accepted,Finished Goods Warehouse,FG-0000721,SN0000721A,SN0000721Z,Generated finished goods receipt.
722,FGR-2024-0722,683,683,101,19.000,19.000,0.000,No,2024-08-20,12,Accepted,Finished Goods Warehouse,FG-0000722,SN0000722A,SN0000722Z,Generated finished goods receipt.
723,FGR-2024-0723,684,684,102,49.000,49.000,0.000,No,2024-08-17,13,Accepted,Finished Goods Warehouse,FG-0000723,SN0000723A,SN0000723Z,Generated finished goods receipt.
724,FGR-2024-0724,685,685,100,26.000,26.000,0.000,No,2024-08-25,1,Accepted,Finished Goods Warehouse,FG-0000724,SN0000724A,SN0000724Z,Generated finished goods receipt.
725,FGR-2024-0725,686,686,101,22.000,22.000,0.000,No,2024-08-17,3,Accepted,Finished Goods Warehouse,FG-0000725,SN0000725A,SN0000725Z,Generated finished goods receipt.
726,FGR-2024-0726,687,687,102,28.000,28.000,0.000,No,2024-08-19,4,Accepted,Finished Goods Warehouse,FG-0000726,SN0000726A,SN0000726Z,Generated finished goods receipt.
727,FGR-2024-0727,688,688,100,56.000,56.000,0.000,No,2024-08-20,5,Accepted,Finished Goods Warehouse,FG-0000727,SN0000727A,SN0000727Z,Generated finished goods receipt.
728,FGR-2024-0728,689,689,101,26.000,26.000,0.000,No,2024-08-20,6,Accepted,Finished Goods Warehouse,FG-0000728,SN0000728A,SN0000728Z,Generated finished goods receipt.
729,FGR-2024-0729,690,690,102,35.000,35.000,0.000,No,2024-08-22,7,Accepted,Finished Goods Warehouse,FG-0000729,SN0000729A,SN0000729Z,Generated finished goods receipt.
730,FGR-2024-0730,691,691,100,53.000,53.000,0.000,No,2024-08-17,8,Accepted,Finished Goods Warehouse,FG-0000730,SN0000730A,SN0000730Z,Generated finished goods receipt.
731,FGR-2024-0731,692,692,101,5.000,5.000,0.000,No,2024-08-22,9,Accepted,Finished Goods Warehouse,FG-0000731,SN0000731A,SN0000731Z,Generated finished goods receipt.
732,FGR-2024-0732,693,693,102,35.000,35.000,0.000,No,2024-08-21,10,Accepted,Finished Goods Warehouse,FG-0000732,SN0000732A,SN0000732Z,Generated finished goods receipt.
733,FGR-2024-0733,694,694,100,44.000,44.000,0.000,No,2024-08-27,11,Accepted,Finished Goods Warehouse,FG-0000733,SN0000733A,SN0000733Z,Generated finished goods receipt.
734,FGR-2024-0734,695,695,101,55.000,55.000,0.000,No,2024-08-18,12,Accepted,Finished Goods Warehouse,FG-0000734,SN0000734A,SN0000734Z,Generated finished goods receipt.
735,FGR-2024-0735,696,696,102,8.000,8.000,0.000,No,2024-08-20,13,Accepted,Finished Goods Warehouse,FG-0000735,SN0000735A,SN0000735Z,Generated finished goods receipt.
736,FGR-2024-0736,697,697,100,45.000,45.000,0.000,No,2024-08-19,1,Accepted,Finished Goods Warehouse,FG-0000736,SN0000736A,SN0000736Z,Generated finished goods receipt.
737,FGR-2024-0737,698,698,101,47.000,47.000,0.000,No,2024-08-27,3,Accepted,Finished Goods Warehouse,FG-0000737,SN0000737A,SN0000737Z,Generated finished goods receipt.
738,FGR-2024-0738,699,699,102,22.000,22.000,0.000,No,2024-08-23,4,Accepted,Finished Goods Warehouse,FG-0000738,SN0000738A,SN0000738Z,Generated finished goods receipt.
739,FGR-2024-0739,700,700,100,46.000,46.000,0.000,No,2024-08-28,5,Accepted,Finished Goods Warehouse,FG-0000739,SN0000739A,SN0000739Z,Generated finished goods receipt.
740,FGR-2024-0740,701,701,101,32.000,32.000,0.000,No,2024-08-28,6,Accepted,Finished Goods Warehouse,FG-0000740,SN0000740A,SN0000740Z,Generated finished goods receipt.
741,FGR-2024-0741,702,702,102,39.000,39.000,0.000,No,2024-08-25,7,Accepted,Finished Goods Warehouse,FG-0000741,SN0000741A,SN0000741Z,Generated finished goods receipt.
742,FGR-2024-0742,703,703,100,25.000,25.000,0.000,No,2024-08-21,8,Accepted,Finished Goods Warehouse,FG-0000742,SN0000742A,SN0000742Z,Generated finished goods receipt.
743,FGR-2024-0743,704,704,101,12.000,12.000,0.000,No,2024-08-25,9,Accepted,Finished Goods Warehouse,FG-0000743,SN0000743A,SN0000743Z,Generated finished goods receipt.
744,FGR-2024-0744,705,705,102,50.000,50.000,0.000,No,2024-08-22,10,Accepted,Finished Goods Warehouse,FG-0000744,SN0000744A,SN0000744Z,Generated finished goods receipt.
745,FGR-2024-0745,706,706,100,16.000,16.000,0.000,No,2024-08-26,11,Accepted,Finished Goods Warehouse,FG-0000745,SN0000745A,SN0000745Z,Generated finished goods receipt.
746,FGR-2024-0746,707,707,101,15.000,15.000,0.000,No,2024-08-24,12,Accepted,Finished Goods Warehouse,FG-0000746,SN0000746A,SN0000746Z,Generated finished goods receipt.
747,FGR-2024-0747,708,708,102,54.000,54.000,0.000,No,2024-08-22,13,Accepted,Finished Goods Warehouse,FG-0000747,SN0000747A,SN0000747Z,Generated finished goods receipt.
748,FGR-2024-0748,709,709,100,56.000,56.000,0.000,No,2024-08-24,1,Accepted,Finished Goods Warehouse,FG-0000748,SN0000748A,SN0000748Z,Generated finished goods receipt.
749,FGR-2024-0749,710,710,101,37.000,37.000,0.000,No,2024-08-25,3,Accepted,Finished Goods Warehouse,FG-0000749,SN0000749A,SN0000749Z,Generated finished goods receipt.
750,FGR-2024-0750,711,711,102,35.000,35.000,0.000,No,2024-08-23,4,Accepted,Finished Goods Warehouse,FG-0000750,SN0000750A,SN0000750Z,Generated finished goods receipt.
751,FGR-2024-0751,712,712,100,23.000,23.000,0.000,No,2024-08-27,5,Accepted,Finished Goods Warehouse,FG-0000751,SN0000751A,SN0000751Z,Generated finished goods receipt.
752,FGR-2024-0752,713,713,101,38.000,38.000,0.000,No,2024-08-23,6,Accepted,Finished Goods Warehouse,FG-0000752,SN0000752A,SN0000752Z,Generated finished goods receipt.
753,FGR-2024-0753,714,714,102,39.000,39.000,0.000,No,2024-08-23,7,Accepted,Finished Goods Warehouse,FG-0000753,SN0000753A,SN0000753Z,Generated finished goods receipt.
754,FGR-2024-0754,715,715,100,31.000,31.000,0.000,No,2024-08-31,8,Accepted,Finished Goods Warehouse,FG-0000754,SN0000754A,SN0000754Z,Generated finished goods receipt.
755,FGR-2024-0755,716,716,101,41.000,41.000,0.000,No,2024-08-30,9,Accepted,Finished Goods Warehouse,FG-0000755,SN0000755A,SN0000755Z,Generated finished goods receipt.
756,FGR-2024-0756,717,717,102,35.000,35.000,0.000,No,2024-08-20,10,Accepted,Finished Goods Warehouse,FG-0000756,SN0000756A,SN0000756Z,Generated finished goods receipt.
757,FGR-2024-0757,718,718,100,54.000,54.000,0.000,No,2024-08-29,11,Accepted,Finished Goods Warehouse,FG-0000757,SN0000757A,SN0000757Z,Generated finished goods receipt.
758,FGR-2024-0758,719,719,101,40.000,40.000,0.000,No,2024-08-31,12,Accepted,Finished Goods Warehouse,FG-0000758,SN0000758A,SN0000758Z,Generated finished goods receipt.
759,FGR-2024-0759,720,720,102,26.000,26.000,0.000,No,2024-08-31,13,Accepted,Finished Goods Warehouse,FG-0000759,SN0000759A,SN0000759Z,Generated finished goods receipt.
760,FGR-2024-0760,721,721,100,40.000,40.000,0.000,No,2024-08-27,1,Accepted,Finished Goods Warehouse,FG-0000760,SN0000760A,SN0000760Z,Generated finished goods receipt.
761,FGR-2024-0761,722,722,101,15.000,15.000,0.000,No,2024-09-03,3,Accepted,Finished Goods Warehouse,FG-0000761,SN0000761A,SN0000761Z,Generated finished goods receipt.
762,FGR-2024-0762,723,723,102,16.000,16.000,0.000,No,2024-08-30,4,Accepted,Finished Goods Warehouse,FG-0000762,SN0000762A,SN0000762Z,Generated finished goods receipt.
763,FGR-2024-0763,724,724,100,51.000,51.000,0.000,No,2024-08-26,5,Accepted,Finished Goods Warehouse,FG-0000763,SN0000763A,SN0000763Z,Generated finished goods receipt.
764,FGR-2024-0764,725,725,101,35.000,35.000,0.000,No,2024-08-30,6,Accepted,Finished Goods Warehouse,FG-0000764,SN0000764A,SN0000764Z,Generated finished goods receipt.
765,FGR-2024-0765,726,726,102,6.000,6.000,0.000,No,2024-09-03,7,Accepted,Finished Goods Warehouse,FG-0000765,SN0000765A,SN0000765Z,Generated finished goods receipt.
766,FGR-2024-0766,727,727,100,24.000,24.000,0.000,No,2024-09-06,8,Accepted,Finished Goods Warehouse,FG-0000766,SN0000766A,SN0000766Z,Generated finished goods receipt.
767,FGR-2024-0767,728,728,101,58.000,58.000,0.000,No,2024-08-28,9,Accepted,Finished Goods Warehouse,FG-0000767,SN0000767A,SN0000767Z,Generated finished goods receipt.
768,FGR-2024-0768,729,729,102,39.000,39.000,0.000,No,2024-08-26,10,Accepted,Finished Goods Warehouse,FG-0000768,SN0000768A,SN0000768Z,Generated finished goods receipt.
769,FGR-2024-0769,730,730,100,52.000,52.000,0.000,No,2024-08-29,11,Accepted,Finished Goods Warehouse,FG-0000769,SN0000769A,SN0000769Z,Generated finished goods receipt.
770,FGR-2024-0770,731,731,101,34.000,34.000,0.000,No,2024-09-02,12,Accepted,Finished Goods Warehouse,FG-0000770,SN0000770A,SN0000770Z,Generated finished goods receipt.
771,FGR-2024-0771,732,732,102,6.000,6.000,0.000,No,2024-08-30,13,Accepted,Finished Goods Warehouse,FG-0000771,SN0000771A,SN0000771Z,Generated finished goods receipt.
772,FGR-2024-0772,733,733,100,15.000,15.000,0.000,No,2024-09-02,1,Accepted,Finished Goods Warehouse,FG-0000772,SN0000772A,SN0000772Z,Generated finished goods receipt.
773,FGR-2024-0773,734,734,101,9.000,9.000,0.000,No,2024-09-06,3,Accepted,Finished Goods Warehouse,FG-0000773,SN0000773A,SN0000773Z,Generated finished goods receipt.
774,FGR-2024-0774,735,735,102,45.000,45.000,0.000,No,2024-09-04,4,Accepted,Finished Goods Warehouse,FG-0000774,SN0000774A,SN0000774Z,Generated finished goods receipt.
775,FGR-2024-0775,736,736,100,47.000,47.000,0.000,No,2024-08-28,5,Accepted,Finished Goods Warehouse,FG-0000775,SN0000775A,SN0000775Z,Generated finished goods receipt.
776,FGR-2024-0776,737,737,101,28.000,28.000,0.000,No,2024-09-08,6,Accepted,Finished Goods Warehouse,FG-0000776,SN0000776A,SN0000776Z,Generated finished goods receipt.
777,FGR-2024-0777,738,738,102,43.000,43.000,0.000,No,2024-09-03,7,Accepted,Finished Goods Warehouse,FG-0000777,SN0000777A,SN0000777Z,Generated finished goods receipt.
778,FGR-2024-0778,739,739,100,34.000,34.000,0.000,No,2024-09-03,8,Accepted,Finished Goods Warehouse,FG-0000778,SN0000778A,SN0000778Z,Generated finished goods receipt.
779,FGR-2024-0779,740,740,101,45.000,45.000,0.000,No,2024-08-28,9,Accepted,Finished Goods Warehouse,FG-0000779,SN0000779A,SN0000779Z,Generated finished goods receipt.
780,FGR-2024-0780,741,741,102,42.000,42.000,0.000,No,2024-09-07,10,Accepted,Finished Goods Warehouse,FG-0000780,SN0000780A,SN0000780Z,Generated finished goods receipt.
781,FGR-2024-0781,742,742,100,30.000,30.000,0.000,No,2024-09-06,11,Accepted,Finished Goods Warehouse,FG-0000781,SN0000781A,SN0000781Z,Generated finished goods receipt.
782,FGR-2024-0782,743,743,101,40.000,40.000,0.000,No,2024-09-05,12,Accepted,Finished Goods Warehouse,FG-0000782,SN0000782A,SN0000782Z,Generated finished goods receipt.
783,FGR-2024-0783,744,744,102,20.000,20.000,0.000,No,2024-09-02,13,Accepted,Finished Goods Warehouse,FG-0000783,SN0000783A,SN0000783Z,Generated finished goods receipt.
784,FGR-2024-0784,745,745,100,44.000,44.000,0.000,No,2024-09-06,1,Accepted,Finished Goods Warehouse,FG-0000784,SN0000784A,SN0000784Z,Generated finished goods receipt.
785,FGR-2024-0785,746,746,101,55.000,55.000,0.000,No,2024-09-05,3,Accepted,Finished Goods Warehouse,FG-0000785,SN0000785A,SN0000785Z,Generated finished goods receipt.
786,FGR-2024-0786,747,747,102,14.000,14.000,0.000,No,2024-09-01,4,Accepted,Finished Goods Warehouse,FG-0000786,SN0000786A,SN0000786Z,Generated finished goods receipt.
787,FGR-2024-0787,748,748,100,40.000,40.000,0.000,No,2024-09-11,5,Accepted,Finished Goods Warehouse,FG-0000787,SN0000787A,SN0000787Z,Generated finished goods receipt.
788,FGR-2024-0788,749,749,101,11.000,11.000,0.000,No,2024-09-01,6,Accepted,Finished Goods Warehouse,FG-0000788,SN0000788A,SN0000788Z,Generated finished goods receipt.
789,FGR-2024-0789,750,750,102,25.000,25.000,0.000,No,2024-09-06,7,Accepted,Finished Goods Warehouse,FG-0000789,SN0000789A,SN0000789Z,Generated finished goods receipt.
790,FGR-2024-0790,751,751,100,41.000,41.000,0.000,No,2024-09-08,8,Accepted,Finished Goods Warehouse,FG-0000790,SN0000790A,SN0000790Z,Generated finished goods receipt.
791,FGR-2024-0791,752,752,101,19.000,19.000,0.000,No,2024-09-08,9,Accepted,Finished Goods Warehouse,FG-0000791,SN0000791A,SN0000791Z,Generated finished goods receipt.
792,FGR-2024-0792,753,753,102,17.000,17.000,0.000,No,2024-09-09,10,Accepted,Finished Goods Warehouse,FG-0000792,SN0000792A,SN0000792Z,Generated finished goods receipt.
793,FGR-2024-0793,754,754,100,24.000,24.000,0.000,No,2024-09-09,11,Accepted,Finished Goods Warehouse,FG-0000793,SN0000793A,SN0000793Z,Generated finished goods receipt.
794,FGR-2024-0794,755,755,101,9.000,9.000,0.000,No,2024-09-15,12,Accepted,Finished Goods Warehouse,FG-0000794,SN0000794A,SN0000794Z,Generated finished goods receipt.
795,FGR-2024-0795,756,756,102,40.000,40.000,0.000,No,2024-09-09,13,Accepted,Finished Goods Warehouse,FG-0000795,SN0000795A,SN0000795Z,Generated finished goods receipt.
796,FGR-2024-0796,757,757,100,12.000,12.000,0.000,No,2024-09-04,1,Accepted,Finished Goods Warehouse,FG-0000796,SN0000796A,SN0000796Z,Generated finished goods receipt.
797,FGR-2024-0797,758,758,101,22.000,22.000,0.000,No,2024-09-12,3,Accepted,Finished Goods Warehouse,FG-0000797,SN0000797A,SN0000797Z,Generated finished goods receipt.
798,FGR-2024-0798,759,759,102,21.000,21.000,0.000,No,2024-09-14,4,Accepted,Finished Goods Warehouse,FG-0000798,SN0000798A,SN0000798Z,Generated finished goods receipt.
799,FGR-2024-0799,760,760,100,59.000,59.000,0.000,No,2024-09-08,5,Accepted,Finished Goods Warehouse,FG-0000799,SN0000799A,SN0000799Z,Generated finished goods receipt.
800,FGR-2024-0800,761,761,101,58.000,58.000,0.000,No,2024-09-11,6,Accepted,Finished Goods Warehouse,FG-0000800,SN0000800A,SN0000800Z,Generated finished goods receipt.
801,FGR-2024-0801,762,762,102,8.000,8.000,0.000,No,2024-09-10,7,Accepted,Finished Goods Warehouse,FG-0000801,SN0000801A,SN0000801Z,Generated finished goods receipt.
802,FGR-2024-0802,763,763,100,12.000,12.000,0.000,No,2024-09-17,8,Accepted,Finished Goods Warehouse,FG-0000802,SN0000802A,SN0000802Z,Generated finished goods receipt.
803,FGR-2024-0803,764,764,101,46.000,46.000,0.000,No,2024-09-10,9,Accepted,Finished Goods Warehouse,FG-0000803,SN0000803A,SN0000803Z,Generated finished goods receipt.
804,FGR-2024-0804,765,765,102,21.000,21.000,0.000,No,2024-09-06,10,Accepted,Finished Goods Warehouse,FG-0000804,SN0000804A,SN0000804Z,Generated finished goods receipt.
805,FGR-2024-0805,766,766,100,39.000,39.000,0.000,No,2024-09-10,11,Accepted,Finished Goods Warehouse,FG-0000805,SN0000805A,SN0000805Z,Generated finished goods receipt.
806,FGR-2024-0806,767,767,101,56.000,56.000,0.000,No,2024-09-11,12,Accepted,Finished Goods Warehouse,FG-0000806,SN0000806A,SN0000806Z,Generated finished goods receipt.
807,FGR-2024-0807,768,768,102,12.000,12.000,0.000,No,2024-09-15,13,Accepted,Finished Goods Warehouse,FG-0000807,SN0000807A,SN0000807Z,Generated finished goods receipt.
808,FGR-2024-0808,769,769,100,57.000,57.000,0.000,No,2024-09-12,1,Accepted,Finished Goods Warehouse,FG-0000808,SN0000808A,SN0000808Z,Generated finished goods receipt.
809,FGR-2024-0809,770,770,101,6.000,6.000,0.000,No,2024-09-10,3,Accepted,Finished Goods Warehouse,FG-0000809,SN0000809A,SN0000809Z,Generated finished goods receipt.
810,FGR-2024-0810,771,771,102,17.000,17.000,0.000,No,2024-09-11,4,Accepted,Finished Goods Warehouse,FG-0000810,SN0000810A,SN0000810Z,Generated finished goods receipt.
811,FGR-2024-0811,772,772,100,32.000,32.000,0.000,No,2024-09-17,5,Accepted,Finished Goods Warehouse,FG-0000811,SN0000811A,SN0000811Z,Generated finished goods receipt.
812,FGR-2024-0812,773,773,101,54.000,54.000,0.000,No,2024-09-16,6,Accepted,Finished Goods Warehouse,FG-0000812,SN0000812A,SN0000812Z,Generated finished goods receipt.
813,FGR-2024-0813,774,774,102,35.000,35.000,0.000,No,2024-09-13,7,Accepted,Finished Goods Warehouse,FG-0000813,SN0000813A,SN0000813Z,Generated finished goods receipt.
814,FGR-2024-0814,775,775,100,10.000,10.000,0.000,No,2024-09-13,8,Accepted,Finished Goods Warehouse,FG-0000814,SN0000814A,SN0000814Z,Generated finished goods receipt.
815,FGR-2024-0815,776,776,101,18.000,18.000,0.000,No,2024-09-13,9,Accepted,Finished Goods Warehouse,FG-0000815,SN0000815A,SN0000815Z,Generated finished goods receipt.
816,FGR-2024-0816,777,777,102,45.000,45.000,0.000,No,2024-09-14,10,Accepted,Finished Goods Warehouse,FG-0000816,SN0000816A,SN0000816Z,Generated finished goods receipt.
817,FGR-2024-0817,778,778,100,36.000,36.000,0.000,No,2024-09-15,11,Accepted,Finished Goods Warehouse,FG-0000817,SN0000817A,SN0000817Z,Generated finished goods receipt.
818,FGR-2024-0818,779,779,101,3.000,3.000,0.000,No,2024-09-16,12,Accepted,Finished Goods Warehouse,FG-0000818,SN0000818A,SN0000818Z,Generated finished goods receipt.
819,FGR-2024-0819,780,780,102,31.000,31.000,0.000,No,2024-09-17,13,Accepted,Finished Goods Warehouse,FG-0000819,SN0000819A,SN0000819Z,Generated finished goods receipt.
820,FGR-2024-0820,781,781,100,25.000,25.000,0.000,No,2024-09-09,1,Accepted,Finished Goods Warehouse,FG-0000820,SN0000820A,SN0000820Z,Generated finished goods receipt.
821,FGR-2024-0821,782,782,101,4.000,4.000,0.000,No,2024-09-16,3,Accepted,Finished Goods Warehouse,FG-0000821,SN0000821A,SN0000821Z,Generated finished goods receipt.
822,FGR-2024-0822,783,783,102,18.000,18.000,0.000,No,2024-09-12,4,Accepted,Finished Goods Warehouse,FG-0000822,SN0000822A,SN0000822Z,Generated finished goods receipt.
823,FGR-2024-0823,784,784,100,56.000,56.000,0.000,No,2024-09-11,5,Accepted,Finished Goods Warehouse,FG-0000823,SN0000823A,SN0000823Z,Generated finished goods receipt.
824,FGR-2024-0824,785,785,101,44.000,44.000,0.000,No,2024-09-13,6,Accepted,Finished Goods Warehouse,FG-0000824,SN0000824A,SN0000824Z,Generated finished goods receipt.
825,FGR-2024-0825,786,786,102,6.000,6.000,0.000,No,2024-09-15,7,Accepted,Finished Goods Warehouse,FG-0000825,SN0000825A,SN0000825Z,Generated finished goods receipt.
826,FGR-2024-0826,787,787,100,3.000,3.000,0.000,No,2024-09-17,8,Accepted,Finished Goods Warehouse,FG-0000826,SN0000826A,SN0000826Z,Generated finished goods receipt.
827,FGR-2024-0827,788,788,101,24.000,24.000,0.000,No,2024-09-10,9,Accepted,Finished Goods Warehouse,FG-0000827,SN0000827A,SN0000827Z,Generated finished goods receipt.
828,FGR-2024-0828,789,789,102,30.000,30.000,0.000,No,2024-09-16,10,Accepted,Finished Goods Warehouse,FG-0000828,SN0000828A,SN0000828Z,Generated finished goods receipt.
829,FGR-2024-0829,790,790,100,29.000,29.000,0.000,No,2024-09-19,11,Accepted,Finished Goods Warehouse,FG-0000829,SN0000829A,SN0000829Z,Generated finished goods receipt.
830,FGR-2024-0830,791,791,101,44.000,44.000,0.000,No,2024-09-14,12,Accepted,Finished Goods Warehouse,FG-0000830,SN0000830A,SN0000830Z,Generated finished goods receipt.
831,FGR-2024-0831,792,792,102,14.000,14.000,0.000,No,2024-09-20,13,Accepted,Finished Goods Warehouse,FG-0000831,SN0000831A,SN0000831Z,Generated finished goods receipt.
832,FGR-2024-0832,793,793,100,5.000,5.000,0.000,No,2024-09-18,1,Accepted,Finished Goods Warehouse,FG-0000832,SN0000832A,SN0000832Z,Generated finished goods receipt.
833,FGR-2024-0833,794,794,101,42.000,42.000,0.000,No,2024-09-19,3,Accepted,Finished Goods Warehouse,FG-0000833,SN0000833A,SN0000833Z,Generated finished goods receipt.
834,FGR-2024-0834,795,795,102,54.000,54.000,0.000,No,2024-09-16,4,Accepted,Finished Goods Warehouse,FG-0000834,SN0000834A,SN0000834Z,Generated finished goods receipt.
835,FGR-2024-0835,796,796,100,14.000,14.000,0.000,No,2024-09-24,5,Accepted,Finished Goods Warehouse,FG-0000835,SN0000835A,SN0000835Z,Generated finished goods receipt.
836,FGR-2024-0836,797,797,101,23.000,23.000,0.000,No,2024-09-17,6,Accepted,Finished Goods Warehouse,FG-0000836,SN0000836A,SN0000836Z,Generated finished goods receipt.
837,FGR-2024-0837,798,798,102,38.000,38.000,0.000,No,2024-09-19,7,Accepted,Finished Goods Warehouse,FG-0000837,SN0000837A,SN0000837Z,Generated finished goods receipt.
838,FGR-2024-0838,799,799,100,14.000,14.000,0.000,No,2024-09-23,8,Accepted,Finished Goods Warehouse,FG-0000838,SN0000838A,SN0000838Z,Generated finished goods receipt.
839,FGR-2024-0839,800,800,101,51.000,51.000,0.000,No,2024-09-20,9,Accepted,Finished Goods Warehouse,FG-0000839,SN0000839A,SN0000839Z,Generated finished goods receipt.
840,FGR-2024-0840,801,801,102,17.000,17.000,0.000,No,2024-09-22,10,Accepted,Finished Goods Warehouse,FG-0000840,SN0000840A,SN0000840Z,Generated finished goods receipt.
841,FGR-2024-0841,802,802,100,33.000,33.000,0.000,No,2024-09-21,11,Accepted,Finished Goods Warehouse,FG-0000841,SN0000841A,SN0000841Z,Generated finished goods receipt.
842,FGR-2024-0842,803,803,101,23.000,23.000,0.000,No,2024-09-17,12,Accepted,Finished Goods Warehouse,FG-0000842,SN0000842A,SN0000842Z,Generated finished goods receipt.
843,FGR-2024-0843,804,804,102,40.000,40.000,0.000,No,2024-09-24,13,Accepted,Finished Goods Warehouse,FG-0000843,SN0000843A,SN0000843Z,Generated finished goods receipt.
844,FGR-2024-0844,805,805,100,15.000,15.000,0.000,No,2024-09-17,1,Accepted,Finished Goods Warehouse,FG-0000844,SN0000844A,SN0000844Z,Generated finished goods receipt.
845,FGR-2024-0845,806,806,101,10.000,10.000,0.000,No,2024-09-16,3,Accepted,Finished Goods Warehouse,FG-0000845,SN0000845A,SN0000845Z,Generated finished goods receipt.
846,FGR-2024-0846,807,807,102,31.000,31.000,0.000,No,2024-09-24,4,Accepted,Finished Goods Warehouse,FG-0000846,SN0000846A,SN0000846Z,Generated finished goods receipt.
847,FGR-2024-0847,808,808,100,53.000,53.000,0.000,No,2024-09-18,5,Accepted,Finished Goods Warehouse,FG-0000847,SN0000847A,SN0000847Z,Generated finished goods receipt.
848,FGR-2024-0848,809,809,101,38.000,38.000,0.000,No,2024-09-22,6,Accepted,Finished Goods Warehouse,FG-0000848,SN0000848A,SN0000848Z,Generated finished goods receipt.
849,FGR-2024-0849,810,810,102,47.000,47.000,0.000,No,2024-09-22,7,Accepted,Finished Goods Warehouse,FG-0000849,SN0000849A,SN0000849Z,Generated finished goods receipt.
850,FGR-2024-0850,811,811,100,29.000,29.000,0.000,No,2024-09-20,8,Accepted,Finished Goods Warehouse,FG-0000850,SN0000850A,SN0000850Z,Generated finished goods receipt.
851,FGR-2024-0851,812,812,101,10.000,10.000,0.000,No,2024-09-23,9,Accepted,Finished Goods Warehouse,FG-0000851,SN0000851A,SN0000851Z,Generated finished goods receipt.
852,FGR-2024-0852,813,813,102,27.000,27.000,0.000,No,2024-09-15,10,Accepted,Finished Goods Warehouse,FG-0000852,SN0000852A,SN0000852Z,Generated finished goods receipt.
853,FGR-2024-0853,814,814,100,58.000,58.000,0.000,No,2024-09-28,11,Accepted,Finished Goods Warehouse,FG-0000853,SN0000853A,SN0000853Z,Generated finished goods receipt.
854,FGR-2024-0854,815,815,101,47.000,47.000,0.000,No,2024-09-23,12,Accepted,Finished Goods Warehouse,FG-0000854,SN0000854A,SN0000854Z,Generated finished goods receipt.
855,FGR-2024-0855,816,816,102,42.000,42.000,0.000,No,2024-09-23,13,Accepted,Finished Goods Warehouse,FG-0000855,SN0000855A,SN0000855Z,Generated finished goods receipt.
856,FGR-2024-0856,817,817,100,20.000,20.000,0.000,No,2024-09-23,1,Accepted,Finished Goods Warehouse,FG-0000856,SN0000856A,SN0000856Z,Generated finished goods receipt.
857,FGR-2024-0857,818,818,101,38.000,38.000,0.000,No,2024-09-29,3,Accepted,Finished Goods Warehouse,FG-0000857,SN0000857A,SN0000857Z,Generated finished goods receipt.
858,FGR-2024-0858,819,819,102,37.000,37.000,0.000,No,2024-09-22,4,Accepted,Finished Goods Warehouse,FG-0000858,SN0000858A,SN0000858Z,Generated finished goods receipt.
859,FGR-2024-0859,820,820,100,39.000,39.000,0.000,No,2024-09-24,5,Accepted,Finished Goods Warehouse,FG-0000859,SN0000859A,SN0000859Z,Generated finished goods receipt.
860,FGR-2024-0860,821,821,101,54.000,54.000,0.000,No,2024-09-24,6,Accepted,Finished Goods Warehouse,FG-0000860,SN0000860A,SN0000860Z,Generated finished goods receipt.
861,FGR-2024-0861,822,822,102,41.000,41.000,0.000,No,2024-09-30,7,Accepted,Finished Goods Warehouse,FG-0000861,SN0000861A,SN0000861Z,Generated finished goods receipt.
862,FGR-2024-0862,823,823,100,17.000,17.000,0.000,No,2024-09-25,8,Accepted,Finished Goods Warehouse,FG-0000862,SN0000862A,SN0000862Z,Generated finished goods receipt.
863,FGR-2024-0863,824,824,101,16.000,16.000,0.000,No,2024-09-24,9,Accepted,Finished Goods Warehouse,FG-0000863,SN0000863A,SN0000863Z,Generated finished goods receipt.
864,FGR-2024-0864,825,825,102,38.000,38.000,0.000,No,2024-09-29,10,Accepted,Finished Goods Warehouse,FG-0000864,SN0000864A,SN0000864Z,Generated finished goods receipt.
865,FGR-2024-0865,826,826,100,51.000,51.000,0.000,No,2024-09-29,11,Accepted,Finished Goods Warehouse,FG-0000865,SN0000865A,SN0000865Z,Generated finished goods receipt.
866,FGR-2024-0866,827,827,101,56.000,56.000,0.000,No,2024-09-29,12,Accepted,Finished Goods Warehouse,FG-0000866,SN0000866A,SN0000866Z,Generated finished goods receipt.
867,FGR-2024-0867,828,828,102,37.000,37.000,0.000,No,2024-09-28,13,Accepted,Finished Goods Warehouse,FG-0000867,SN0000867A,SN0000867Z,Generated finished goods receipt.
868,FGR-2024-0868,829,829,100,32.000,32.000,0.000,No,2024-09-23,1,Accepted,Finished Goods Warehouse,FG-0000868,SN0000868A,SN0000868Z,Generated finished goods receipt.
869,FGR-2024-0869,830,830,101,50.000,50.000,0.000,No,2024-09-30,3,Accepted,Finished Goods Warehouse,FG-0000869,SN0000869A,SN0000869Z,Generated finished goods receipt.
870,FGR-2024-0870,831,831,102,57.000,57.000,0.000,No,2024-09-30,4,Accepted,Finished Goods Warehouse,FG-0000870,SN0000870A,SN0000870Z,Generated finished goods receipt.
871,FGR-2024-0871,832,832,100,5.000,5.000,0.000,No,2024-09-25,5,Accepted,Finished Goods Warehouse,FG-0000871,SN0000871A,SN0000871Z,Generated finished goods receipt.
872,FGR-2024-0872,833,833,101,22.000,22.000,0.000,No,2024-10-04,6,Accepted,Finished Goods Warehouse,FG-0000872,SN0000872A,SN0000872Z,Generated finished goods receipt.
873,FGR-2024-0873,834,834,102,23.000,23.000,0.000,No,2024-09-29,7,Accepted,Finished Goods Warehouse,FG-0000873,SN0000873A,SN0000873Z,Generated finished goods receipt.
874,FGR-2024-0874,835,835,100,36.000,36.000,0.000,No,2024-10-03,8,Accepted,Finished Goods Warehouse,FG-0000874,SN0000874A,SN0000874Z,Generated finished goods receipt.
875,FGR-2024-0875,836,836,101,21.000,21.000,0.000,No,2024-10-03,9,Accepted,Finished Goods Warehouse,FG-0000875,SN0000875A,SN0000875Z,Generated finished goods receipt.
876,FGR-2024-0876,837,837,102,21.000,21.000,0.000,No,2024-09-26,10,Accepted,Finished Goods Warehouse,FG-0000876,SN0000876A,SN0000876Z,Generated finished goods receipt.
877,FGR-2024-0877,838,838,100,5.000,5.000,0.000,No,2024-09-28,11,Accepted,Finished Goods Warehouse,FG-0000877,SN0000877A,SN0000877Z,Generated finished goods receipt.
878,FGR-2024-0878,839,839,101,5.000,5.000,0.000,No,2024-10-06,12,Accepted,Finished Goods Warehouse,FG-0000878,SN0000878A,SN0000878Z,Generated finished goods receipt.
879,FGR-2024-0879,840,840,102,29.000,29.000,0.000,No,2024-10-08,13,Accepted,Finished Goods Warehouse,FG-0000879,SN0000879A,SN0000879Z,Generated finished goods receipt.
880,FGR-2024-0880,841,841,100,59.000,59.000,0.000,No,2024-10-07,1,Accepted,Finished Goods Warehouse,FG-0000880,SN0000880A,SN0000880Z,Generated finished goods receipt.
881,FGR-2024-0881,842,842,101,20.000,20.000,0.000,No,2024-10-01,3,Accepted,Finished Goods Warehouse,FG-0000881,SN0000881A,SN0000881Z,Generated finished goods receipt.
882,FGR-2024-0882,843,843,102,16.000,16.000,0.000,No,2024-09-29,4,Accepted,Finished Goods Warehouse,FG-0000882,SN0000882A,SN0000882Z,Generated finished goods receipt.
883,FGR-2024-0883,844,844,100,17.000,17.000,0.000,No,2024-10-03,5,Accepted,Finished Goods Warehouse,FG-0000883,SN0000883A,SN0000883Z,Generated finished goods receipt.
884,FGR-2024-0884,845,845,101,59.000,59.000,0.000,No,2024-10-04,6,Accepted,Finished Goods Warehouse,FG-0000884,SN0000884A,SN0000884Z,Generated finished goods receipt.
885,FGR-2024-0885,846,846,102,40.000,40.000,0.000,No,2024-10-06,7,Accepted,Finished Goods Warehouse,FG-0000885,SN0000885A,SN0000885Z,Generated finished goods receipt.
886,FGR-2024-0886,847,847,100,40.000,40.000,0.000,No,2024-10-03,8,Accepted,Finished Goods Warehouse,FG-0000886,SN0000886A,SN0000886Z,Generated finished goods receipt.
887,FGR-2024-0887,848,848,101,14.000,14.000,0.000,No,2024-10-09,9,Accepted,Finished Goods Warehouse,FG-0000887,SN0000887A,SN0000887Z,Generated finished goods receipt.
888,FGR-2024-0888,849,849,102,53.000,53.000,0.000,No,2024-10-09,10,Accepted,Finished Goods Warehouse,FG-0000888,SN0000888A,SN0000888Z,Generated finished goods receipt.
889,FGR-2024-0889,850,850,100,15.000,15.000,0.000,No,2024-10-11,11,Accepted,Finished Goods Warehouse,FG-0000889,SN0000889A,SN0000889Z,Generated finished goods receipt.
890,FGR-2024-0890,851,851,101,58.000,58.000,0.000,No,2024-10-06,12,Accepted,Finished Goods Warehouse,FG-0000890,SN0000890A,SN0000890Z,Generated finished goods receipt.
891,FGR-2024-0891,852,852,102,58.000,58.000,0.000,No,2024-10-01,13,Accepted,Finished Goods Warehouse,FG-0000891,SN0000891A,SN0000891Z,Generated finished goods receipt.
892,FGR-2024-0892,853,853,100,36.000,36.000,0.000,No,2024-10-08,1,Accepted,Finished Goods Warehouse,FG-0000892,SN0000892A,SN0000892Z,Generated finished goods receipt.
893,FGR-2024-0893,854,854,101,51.000,51.000,0.000,No,2024-10-15,3,Accepted,Finished Goods Warehouse,FG-0000893,SN0000893A,SN0000893Z,Generated finished goods receipt.
894,FGR-2024-0894,855,855,102,60.000,60.000,0.000,No,2024-10-03,4,Accepted,Finished Goods Warehouse,FG-0000894,SN0000894A,SN0000894Z,Generated finished goods receipt.
895,FGR-2024-0895,856,856,100,35.000,35.000,0.000,No,2024-10-09,5,Accepted,Finished Goods Warehouse,FG-0000895,SN0000895A,SN0000895Z,Generated finished goods receipt.
896,FGR-2024-0896,857,857,101,45.000,45.000,0.000,No,2024-10-08,6,Accepted,Finished Goods Warehouse,FG-0000896,SN0000896A,SN0000896Z,Generated finished goods receipt.
897,FGR-2024-0897,858,858,102,36.000,36.000,0.000,No,2024-10-09,7,Accepted,Finished Goods Warehouse,FG-0000897,SN0000897A,SN0000897Z,Generated finished goods receipt.
898,FGR-2024-0898,859,859,100,34.000,34.000,0.000,No,2024-10-09,8,Accepted,Finished Goods Warehouse,FG-0000898,SN0000898A,SN0000898Z,Generated finished goods receipt.
899,FGR-2024-0899,860,860,101,22.000,22.000,0.000,No,2024-10-10,9,Accepted,Finished Goods Warehouse,FG-0000899,SN0000899A,SN0000899Z,Generated finished goods receipt.
900,FGR-2024-0900,861,861,102,41.000,41.000,0.000,No,2024-10-07,10,Accepted,Finished Goods Warehouse,FG-0000900,SN0000900A,SN0000900Z,Generated finished goods receipt.
901,FGR-2024-0901,862,862,100,17.000,17.000,0.000,No,2024-10-12,11,Accepted,Finished Goods Warehouse,FG-0000901,SN0000901A,SN0000901Z,Generated finished goods receipt.
902,FGR-2024-0902,863,863,101,15.000,15.000,0.000,No,2024-10-05,12,Accepted,Finished Goods Warehouse,FG-0000902,SN0000902A,SN0000902Z,Generated finished goods receipt.
903,FGR-2024-0903,864,864,102,20.000,20.000,0.000,No,2024-10-11,13,Accepted,Finished Goods Warehouse,FG-0000903,SN0000903A,SN0000903Z,Generated finished goods receipt.
904,FGR-2024-0904,865,865,100,4.000,4.000,0.000,No,2024-10-11,1,Accepted,Finished Goods Warehouse,FG-0000904,SN0000904A,SN0000904Z,Generated finished goods receipt.
905,FGR-2024-0905,866,866,101,56.000,56.000,0.000,No,2024-10-10,3,Accepted,Finished Goods Warehouse,FG-0000905,SN0000905A,SN0000905Z,Generated finished goods receipt.
906,FGR-2024-0906,867,867,102,18.000,18.000,0.000,No,2024-10-15,4,Accepted,Finished Goods Warehouse,FG-0000906,SN0000906A,SN0000906Z,Generated finished goods receipt.
907,FGR-2024-0907,868,868,100,49.000,49.000,0.000,No,2024-10-08,5,Accepted,Finished Goods Warehouse,FG-0000907,SN0000907A,SN0000907Z,Generated finished goods receipt.
908,FGR-2024-0908,869,869,101,27.000,27.000,0.000,No,2024-10-11,6,Accepted,Finished Goods Warehouse,FG-0000908,SN0000908A,SN0000908Z,Generated finished goods receipt.
909,FGR-2024-0909,870,870,102,23.000,23.000,0.000,No,2024-10-13,7,Accepted,Finished Goods Warehouse,FG-0000909,SN0000909A,SN0000909Z,Generated finished goods receipt.
910,FGR-2024-0910,871,871,100,15.000,15.000,0.000,No,2024-10-14,8,Accepted,Finished Goods Warehouse,FG-0000910,SN0000910A,SN0000910Z,Generated finished goods receipt.
911,FGR-2024-0911,872,872,101,48.000,48.000,0.000,No,2024-10-11,9,Accepted,Finished Goods Warehouse,FG-0000911,SN0000911A,SN0000911Z,Generated finished goods receipt.
912,FGR-2024-0912,873,873,102,31.000,31.000,0.000,No,2024-10-11,10,Accepted,Finished Goods Warehouse,FG-0000912,SN0000912A,SN0000912Z,Generated finished goods receipt.
913,FGR-2024-0913,874,874,100,30.000,30.000,0.000,No,2024-10-11,11,Accepted,Finished Goods Warehouse,FG-0000913,SN0000913A,SN0000913Z,Generated finished goods receipt.
914,FGR-2024-0914,875,875,101,40.000,40.000,0.000,No,2024-10-11,12,Accepted,Finished Goods Warehouse,FG-0000914,SN0000914A,SN0000914Z,Generated finished goods receipt.
915,FGR-2024-0915,876,876,102,49.000,49.000,0.000,No,2024-10-12,13,Accepted,Finished Goods Warehouse,FG-0000915,SN0000915A,SN0000915Z,Generated finished goods receipt.
916,FGR-2024-0916,877,877,100,40.000,40.000,0.000,No,2024-10-09,1,Accepted,Finished Goods Warehouse,FG-0000916,SN0000916A,SN0000916Z,Generated finished goods receipt.
917,FGR-2024-0917,878,878,101,29.000,29.000,0.000,No,2024-10-13,3,Accepted,Finished Goods Warehouse,FG-0000917,SN0000917A,SN0000917Z,Generated finished goods receipt.
918,FGR-2024-0918,879,879,102,53.000,53.000,0.000,No,2024-10-11,4,Accepted,Finished Goods Warehouse,FG-0000918,SN0000918A,SN0000918Z,Generated finished goods receipt.
919,FGR-2024-0919,880,880,100,55.000,55.000,0.000,No,2024-10-20,5,Accepted,Finished Goods Warehouse,FG-0000919,SN0000919A,SN0000919Z,Generated finished goods receipt.
920,FGR-2024-0920,881,881,101,59.000,59.000,0.000,No,2024-10-14,6,Accepted,Finished Goods Warehouse,FG-0000920,SN0000920A,SN0000920Z,Generated finished goods receipt.
921,FGR-2024-0921,882,882,102,9.000,9.000,0.000,No,2024-10-11,7,Accepted,Finished Goods Warehouse,FG-0000921,SN0000921A,SN0000921Z,Generated finished goods receipt.
922,FGR-2024-0922,883,883,100,54.000,54.000,0.000,No,2024-10-13,8,Accepted,Finished Goods Warehouse,FG-0000922,SN0000922A,SN0000922Z,Generated finished goods receipt.
923,FGR-2024-0923,884,884,101,13.000,13.000,0.000,No,2024-10-22,9,Accepted,Finished Goods Warehouse,FG-0000923,SN0000923A,SN0000923Z,Generated finished goods receipt.
924,FGR-2024-0924,885,885,102,37.000,37.000,0.000,No,2024-10-21,10,Accepted,Finished Goods Warehouse,FG-0000924,SN0000924A,SN0000924Z,Generated finished goods receipt.
925,FGR-2024-0925,886,886,100,39.000,39.000,0.000,No,2024-10-15,11,Accepted,Finished Goods Warehouse,FG-0000925,SN0000925A,SN0000925Z,Generated finished goods receipt.
926,FGR-2024-0926,887,887,101,15.000,15.000,0.000,No,2024-10-22,12,Accepted,Finished Goods Warehouse,FG-0000926,SN0000926A,SN0000926Z,Generated finished goods receipt.
927,FGR-2024-0927,888,888,102,5.000,5.000,0.000,No,2024-10-12,13,Accepted,Finished Goods Warehouse,FG-0000927,SN0000927A,SN0000927Z,Generated finished goods receipt.
928,FGR-2024-0928,889,889,100,57.000,57.000,0.000,No,2024-10-16,1,Accepted,Finished Goods Warehouse,FG-0000928,SN0000928A,SN0000928Z,Generated finished goods receipt.
929,FGR-2024-0929,890,890,101,54.000,54.000,0.000,No,2024-10-14,3,Accepted,Finished Goods Warehouse,FG-0000929,SN0000929A,SN0000929Z,Generated finished goods receipt.
930,FGR-2024-0930,891,891,102,13.000,13.000,0.000,No,2024-10-19,4,Accepted,Finished Goods Warehouse,FG-0000930,SN0000930A,SN0000930Z,Generated finished goods receipt.
931,FGR-2024-0931,892,892,100,37.000,37.000,0.000,No,2024-10-17,5,Accepted,Finished Goods Warehouse,FG-0000931,SN0000931A,SN0000931Z,Generated finished goods receipt.
932,FGR-2024-0932,893,893,101,13.000,13.000,0.000,No,2024-10-21,6,Accepted,Finished Goods Warehouse,FG-0000932,SN0000932A,SN0000932Z,Generated finished goods receipt.
933,FGR-2024-0933,894,894,102,34.000,34.000,0.000,No,2024-10-11,7,Accepted,Finished Goods Warehouse,FG-0000933,SN0000933A,SN0000933Z,Generated finished goods receipt.
934,FGR-2024-0934,895,895,100,21.000,21.000,0.000,No,2024-10-20,8,Accepted,Finished Goods Warehouse,FG-0000934,SN0000934A,SN0000934Z,Generated finished goods receipt.
935,FGR-2024-0935,896,896,101,46.000,46.000,0.000,No,2024-10-17,9,Accepted,Finished Goods Warehouse,FG-0000935,SN0000935A,SN0000935Z,Generated finished goods receipt.
936,FGR-2024-0936,897,897,102,36.000,36.000,0.000,No,2024-10-18,10,Accepted,Finished Goods Warehouse,FG-0000936,SN0000936A,SN0000936Z,Generated finished goods receipt.
937,FGR-2024-0937,898,898,100,31.000,31.000,0.000,No,2024-10-24,11,Accepted,Finished Goods Warehouse,FG-0000937,SN0000937A,SN0000937Z,Generated finished goods receipt.
938,FGR-2024-0938,899,899,101,42.000,42.000,0.000,No,2024-10-23,12,Accepted,Finished Goods Warehouse,FG-0000938,SN0000938A,SN0000938Z,Generated finished goods receipt.
939,FGR-2024-0939,900,900,102,30.000,30.000,0.000,No,2024-10-26,13,Accepted,Finished Goods Warehouse,FG-0000939,SN0000939A,SN0000939Z,Generated finished goods receipt.
940,FGR-2024-0940,901,901,100,5.000,5.000,0.000,No,2024-10-15,1,Accepted,Finished Goods Warehouse,FG-0000940,SN0000940A,SN0000940Z,Generated finished goods receipt.
941,FGR-2024-0941,902,902,101,38.000,38.000,0.000,No,2024-10-22,3,Accepted,Finished Goods Warehouse,FG-0000941,SN0000941A,SN0000941Z,Generated finished goods receipt.
942,FGR-2024-0942,903,903,102,48.000,48.000,0.000,No,2024-10-20,4,Accepted,Finished Goods Warehouse,FG-0000942,SN0000942A,SN0000942Z,Generated finished goods receipt.
943,FGR-2024-0943,904,904,100,32.000,32.000,0.000,No,2024-10-20,5,Accepted,Finished Goods Warehouse,FG-0000943,SN0000943A,SN0000943Z,Generated finished goods receipt.
944,FGR-2024-0944,905,905,101,12.000,12.000,0.000,No,2024-10-24,6,Accepted,Finished Goods Warehouse,FG-0000944,SN0000944A,SN0000944Z,Generated finished goods receipt.
945,FGR-2024-0945,906,906,102,4.000,4.000,0.000,No,2024-10-22,7,Accepted,Finished Goods Warehouse,FG-0000945,SN0000945A,SN0000945Z,Generated finished goods receipt.
946,FGR-2024-0946,907,907,100,19.000,19.000,0.000,No,2024-10-20,8,Accepted,Finished Goods Warehouse,FG-0000946,SN0000946A,SN0000946Z,Generated finished goods receipt.
947,FGR-2024-0947,908,908,101,46.000,46.000,0.000,No,2024-10-17,9,Accepted,Finished Goods Warehouse,FG-0000947,SN0000947A,SN0000947Z,Generated finished goods receipt.
948,FGR-2024-0948,909,909,102,21.000,21.000,0.000,No,2024-10-23,10,Accepted,Finished Goods Warehouse,FG-0000948,SN0000948A,SN0000948Z,Generated finished goods receipt.
949,FGR-2024-0949,910,910,100,58.000,58.000,0.000,No,2024-10-21,11,Accepted,Finished Goods Warehouse,FG-0000949,SN0000949A,SN0000949Z,Generated finished goods receipt.
950,FGR-2024-0950,911,911,101,21.000,21.000,0.000,No,2024-10-22,12,Accepted,Finished Goods Warehouse,FG-0000950,SN0000950A,SN0000950Z,Generated finished goods receipt.
951,FGR-2024-0951,912,912,102,28.000,28.000,0.000,No,2024-10-27,13,Accepted,Finished Goods Warehouse,FG-0000951,SN0000951A,SN0000951Z,Generated finished goods receipt.
952,FGR-2024-0952,913,913,100,46.000,46.000,0.000,No,2024-10-21,1,Accepted,Finished Goods Warehouse,FG-0000952,SN0000952A,SN0000952Z,Generated finished goods receipt.
953,FGR-2024-0953,914,914,101,38.000,38.000,0.000,No,2024-10-21,3,Accepted,Finished Goods Warehouse,FG-0000953,SN0000953A,SN0000953Z,Generated finished goods receipt.
954,FGR-2024-0954,915,915,102,5.000,5.000,0.000,No,2024-10-19,4,Accepted,Finished Goods Warehouse,FG-0000954,SN0000954A,SN0000954Z,Generated finished goods receipt.
955,FGR-2024-0955,916,916,100,9.000,9.000,0.000,No,2024-10-18,5,Accepted,Finished Goods Warehouse,FG-0000955,SN0000955A,SN0000955Z,Generated finished goods receipt.
956,FGR-2024-0956,917,917,101,15.000,15.000,0.000,No,2024-10-21,6,Accepted,Finished Goods Warehouse,FG-0000956,SN0000956A,SN0000956Z,Generated finished goods receipt.
957,FGR-2024-0957,918,918,102,53.000,53.000,0.000,No,2024-10-19,7,Accepted,Finished Goods Warehouse,FG-0000957,SN0000957A,SN0000957Z,Generated finished goods receipt.
958,FGR-2024-0958,919,919,100,6.000,6.000,0.000,No,2024-10-23,8,Accepted,Finished Goods Warehouse,FG-0000958,SN0000958A,SN0000958Z,Generated finished goods receipt.
959,FGR-2024-0959,920,920,101,7.000,7.000,0.000,No,2024-10-30,9,Accepted,Finished Goods Warehouse,FG-0000959,SN0000959A,SN0000959Z,Generated finished goods receipt.
960,FGR-2024-0960,921,921,102,48.000,48.000,0.000,No,2024-10-29,10,Accepted,Finished Goods Warehouse,FG-0000960,SN0000960A,SN0000960Z,Generated finished goods receipt.
961,FGR-2024-0961,922,922,100,39.000,39.000,0.000,No,2024-10-26,11,Accepted,Finished Goods Warehouse,FG-0000961,SN0000961A,SN0000961Z,Generated finished goods receipt.
962,FGR-2024-0962,923,923,101,58.000,58.000,0.000,No,2024-10-18,12,Accepted,Finished Goods Warehouse,FG-0000962,SN0000962A,SN0000962Z,Generated finished goods receipt.
963,FGR-2024-0963,924,924,102,17.000,17.000,0.000,No,2024-10-26,13,Accepted,Finished Goods Warehouse,FG-0000963,SN0000963A,SN0000963Z,Generated finished goods receipt.
964,FGR-2024-0964,925,925,100,41.000,41.000,0.000,No,2024-10-30,1,Accepted,Finished Goods Warehouse,FG-0000964,SN0000964A,SN0000964Z,Generated finished goods receipt.
965,FGR-2024-0965,926,926,101,12.000,12.000,0.000,No,2024-10-29,3,Accepted,Finished Goods Warehouse,FG-0000965,SN0000965A,SN0000965Z,Generated finished goods receipt.
966,FGR-2024-0966,927,927,102,38.000,38.000,0.000,No,2024-10-22,4,Accepted,Finished Goods Warehouse,FG-0000966,SN0000966A,SN0000966Z,Generated finished goods receipt.
967,FGR-2024-0967,928,928,100,9.000,9.000,0.000,No,2024-10-25,5,Accepted,Finished Goods Warehouse,FG-0000967,SN0000967A,SN0000967Z,Generated finished goods receipt.
968,FGR-2024-0968,929,929,101,55.000,55.000,0.000,No,2024-10-26,6,Accepted,Finished Goods Warehouse,FG-0000968,SN0000968A,SN0000968Z,Generated finished goods receipt.
969,FGR-2024-0969,930,930,102,26.000,26.000,0.000,No,2024-10-27,7,Accepted,Finished Goods Warehouse,FG-0000969,SN0000969A,SN0000969Z,Generated finished goods receipt.
970,FGR-2024-0970,931,931,100,18.000,18.000,0.000,No,2024-10-25,8,Accepted,Finished Goods Warehouse,FG-0000970,SN0000970A,SN0000970Z,Generated finished goods receipt.
971,FGR-2024-0971,932,932,101,58.000,58.000,0.000,No,2024-10-28,9,Accepted,Finished Goods Warehouse,FG-0000971,SN0000971A,SN0000971Z,Generated finished goods receipt.
972,FGR-2024-0972,933,933,102,7.000,7.000,0.000,No,2024-10-26,10,Accepted,Finished Goods Warehouse,FG-0000972,SN0000972A,SN0000972Z,Generated finished goods receipt.
973,FGR-2024-0973,934,934,100,48.000,48.000,0.000,No,2024-11-02,11,Accepted,Finished Goods Warehouse,FG-0000973,SN0000973A,SN0000973Z,Generated finished goods receipt.
974,FGR-2024-0974,935,935,101,33.000,33.000,0.000,No,2024-10-25,12,Accepted,Finished Goods Warehouse,FG-0000974,SN0000974A,SN0000974Z,Generated finished goods receipt.
975,FGR-2024-0975,936,936,102,41.000,41.000,0.000,No,2024-10-26,13,Accepted,Finished Goods Warehouse,FG-0000975,SN0000975A,SN0000975Z,Generated finished goods receipt.
976,FGR-2024-0976,937,937,100,17.000,17.000,0.000,No,2024-10-27,1,Accepted,Finished Goods Warehouse,FG-0000976,SN0000976A,SN0000976Z,Generated finished goods receipt.
977,FGR-2024-0977,938,938,101,54.000,54.000,0.000,No,2024-10-27,3,Accepted,Finished Goods Warehouse,FG-0000977,SN0000977A,SN0000977Z,Generated finished goods receipt.
978,FGR-2024-0978,939,939,102,29.000,29.000,0.000,No,2024-10-30,4,Accepted,Finished Goods Warehouse,FG-0000978,SN0000978A,SN0000978Z,Generated finished goods receipt.
979,FGR-2024-0979,940,940,100,26.000,26.000,0.000,No,2024-10-26,5,Accepted,Finished Goods Warehouse,FG-0000979,SN0000979A,SN0000979Z,Generated finished goods receipt.
980,FGR-2024-0980,941,941,101,28.000,28.000,0.000,No,2024-11-01,6,Accepted,Finished Goods Warehouse,FG-0000980,SN0000980A,SN0000980Z,Generated finished goods receipt.
981,FGR-2024-0981,942,942,102,19.000,19.000,0.000,No,2024-11-02,7,Accepted,Finished Goods Warehouse,FG-0000981,SN0000981A,SN0000981Z,Generated finished goods receipt.
982,FGR-2024-0982,943,943,100,21.000,21.000,0.000,No,2024-10-28,8,Accepted,Finished Goods Warehouse,FG-0000982,SN0000982A,SN0000982Z,Generated finished goods receipt.
983,FGR-2024-0983,944,944,101,10.000,10.000,0.000,No,2024-10-25,9,Accepted,Finished Goods Warehouse,FG-0000983,SN0000983A,SN0000983Z,Generated finished goods receipt.
984,FGR-2024-0984,945,945,102,31.000,31.000,0.000,No,2024-10-26,10,Accepted,Finished Goods Warehouse,FG-0000984,SN0000984A,SN0000984Z,Generated finished goods receipt.
985,FGR-2024-0985,946,946,100,29.000,29.000,0.000,No,2024-11-02,11,Accepted,Finished Goods Warehouse,FG-0000985,SN0000985A,SN0000985Z,Generated finished goods receipt.
986,FGR-2024-0986,947,947,101,25.000,25.000,0.000,No,2024-10-28,12,Accepted,Finished Goods Warehouse,FG-0000986,SN0000986A,SN0000986Z,Generated finished goods receipt.
987,FGR-2024-0987,948,948,102,59.000,59.000,0.000,No,2024-11-02,13,Accepted,Finished Goods Warehouse,FG-0000987,SN0000987A,SN0000987Z,Generated finished goods receipt.
988,FGR-2024-0988,949,949,100,11.000,11.000,0.000,No,2024-10-31,1,Accepted,Finished Goods Warehouse,FG-0000988,SN0000988A,SN0000988Z,Generated finished goods receipt.
989,FGR-2024-0989,950,950,101,55.000,55.000,0.000,No,2024-11-06,3,Accepted,Finished Goods Warehouse,FG-0000989,SN0000989A,SN0000989Z,Generated finished goods receipt.
990,FGR-2024-0990,951,951,102,53.000,53.000,0.000,No,2024-10-31,4,Accepted,Finished Goods Warehouse,FG-0000990,SN0000990A,SN0000990Z,Generated finished goods receipt.
991,FGR-2024-0991,952,952,100,5.000,5.000,0.000,No,2024-11-05,5,Accepted,Finished Goods Warehouse,FG-0000991,SN0000991A,SN0000991Z,Generated finished goods receipt.
992,FGR-2024-0992,953,953,101,42.000,42.000,0.000,No,2024-11-02,6,Accepted,Finished Goods Warehouse,FG-0000992,SN0000992A,SN0000992Z,Generated finished goods receipt.
993,FGR-2024-0993,954,954,102,15.000,15.000,0.000,No,2024-11-02,7,Accepted,Finished Goods Warehouse,FG-0000993,SN0000993A,SN0000993Z,Generated finished goods receipt.
994,FGR-2024-0994,955,955,100,5.000,5.000,0.000,No,2024-11-05,8,Accepted,Finished Goods Warehouse,FG-0000994,SN0000994A,SN0000994Z,Generated finished goods receipt.
995,FGR-2024-0995,956,956,101,51.000,51.000,0.000,No,2024-10-29,9,Accepted,Finished Goods Warehouse,FG-0000995,SN0000995A,SN0000995Z,Generated finished goods receipt.
996,FGR-2024-0996,957,957,102,11.000,11.000,0.000,No,2024-11-03,10,Accepted,Finished Goods Warehouse,FG-0000996,SN0000996A,SN0000996Z,Generated finished goods receipt.
997,FGR-2024-0997,958,958,100,19.000,19.000,0.000,No,2024-11-04,11,Accepted,Finished Goods Warehouse,FG-0000997,SN0000997A,SN0000997Z,Generated finished goods receipt.
998,FGR-2024-0998,959,959,101,10.000,10.000,0.000,No,2024-11-02,12,Accepted,Finished Goods Warehouse,FG-0000998,SN0000998A,SN0000998Z,Generated finished goods receipt.
999,FGR-2024-0999,960,960,102,10.000,10.000,0.000,No,2024-11-02,13,Accepted,Finished Goods Warehouse,FG-0000999,SN0000999A,SN0000999Z,Generated finished goods receipt.
1000,FGR-2024-1000,961,961,100,7.000,7.000,0.000,No,2024-11-02,1,Accepted,Finished Goods Warehouse,FG-0001000,SN0001000A,SN0001000Z,Generated finished goods receipt.
1001,FGR-2024-1001,962,962,101,50.000,50.000,0.000,No,2024-11-03,3,Accepted,Finished Goods Warehouse,FG-0001001,SN0001001A,SN0001001Z,Generated finished goods receipt.
1002,FGR-2024-1002,963,963,102,8.000,8.000,0.000,No,2024-11-06,4,Accepted,Finished Goods Warehouse,FG-0001002,SN0001002A,SN0001002Z,Generated finished goods receipt.
1003,FGR-2024-1003,964,964,100,45.000,45.000,0.000,No,2024-11-11,5,Accepted,Finished Goods Warehouse,FG-0001003,SN0001003A,SN0001003Z,Generated finished goods receipt.
1004,FGR-2024-1004,965,965,101,12.000,12.000,0.000,No,2024-11-08,6,Accepted,Finished Goods Warehouse,FG-0001004,SN0001004A,SN0001004Z,Generated finished goods receipt.
1005,FGR-2024-1005,966,966,102,54.000,54.000,0.000,No,2024-11-11,7,Accepted,Finished Goods Warehouse,FG-0001005,SN0001005A,SN0001005Z,Generated finished goods receipt.
1006,FGR-2024-1006,967,967,100,50.000,50.000,0.000,No,2024-11-13,8,Accepted,Finished Goods Warehouse,FG-0001006,SN0001006A,SN0001006Z,Generated finished goods receipt.
1007,FGR-2024-1007,968,968,101,38.000,38.000,0.000,No,2024-11-03,9,Accepted,Finished Goods Warehouse,FG-0001007,SN0001007A,SN0001007Z,Generated finished goods receipt.
1008,FGR-2024-1008,969,969,102,51.000,51.000,0.000,No,2024-11-06,10,Accepted,Finished Goods Warehouse,FG-0001008,SN0001008A,SN0001008Z,Generated finished goods receipt.
1009,FGR-2024-1009,970,970,100,21.000,21.000,0.000,No,2024-11-07,11,Accepted,Finished Goods Warehouse,FG-0001009,SN0001009A,SN0001009Z,Generated finished goods receipt.
1010,FGR-2024-1010,971,971,101,48.000,48.000,0.000,No,2024-11-10,12,Accepted,Finished Goods Warehouse,FG-0001010,SN0001010A,SN0001010Z,Generated finished goods receipt.
1011,FGR-2024-1011,972,972,102,15.000,15.000,0.000,No,2024-11-06,13,Accepted,Finished Goods Warehouse,FG-0001011,SN0001011A,SN0001011Z,Generated finished goods receipt.
1012,FGR-2024-1012,973,973,100,39.000,39.000,0.000,No,2024-11-08,1,Accepted,Finished Goods Warehouse,FG-0001012,SN0001012A,SN0001012Z,Generated finished goods receipt.
1013,FGR-2024-1013,974,974,101,56.000,56.000,0.000,No,2024-11-06,3,Accepted,Finished Goods Warehouse,FG-0001013,SN0001013A,SN0001013Z,Generated finished goods receipt.
1014,FGR-2024-1014,975,975,102,43.000,43.000,0.000,No,2024-11-03,4,Accepted,Finished Goods Warehouse,FG-0001014,SN0001014A,SN0001014Z,Generated finished goods receipt.
1015,FGR-2024-1015,976,976,100,19.000,19.000,0.000,No,2024-11-03,5,Accepted,Finished Goods Warehouse,FG-0001015,SN0001015A,SN0001015Z,Generated finished goods receipt.
1016,FGR-2024-1016,977,977,101,45.000,45.000,0.000,No,2024-11-10,6,Accepted,Finished Goods Warehouse,FG-0001016,SN0001016A,SN0001016Z,Generated finished goods receipt.
1017,FGR-2024-1017,978,978,102,52.000,52.000,0.000,No,2024-11-05,7,Accepted,Finished Goods Warehouse,FG-0001017,SN0001017A,SN0001017Z,Generated finished goods receipt.
1018,FGR-2024-1018,979,979,100,52.000,52.000,0.000,No,2024-11-12,8,Accepted,Finished Goods Warehouse,FG-0001018,SN0001018A,SN0001018Z,Generated finished goods receipt.
1019,FGR-2024-1019,980,980,101,44.000,44.000,0.000,No,2024-11-08,9,Accepted,Finished Goods Warehouse,FG-0001019,SN0001019A,SN0001019Z,Generated finished goods receipt.
1020,FGR-2024-1020,981,981,102,44.000,44.000,0.000,No,2024-11-08,10,Accepted,Finished Goods Warehouse,FG-0001020,SN0001020A,SN0001020Z,Generated finished goods receipt.
1021,FGR-2024-1021,982,982,100,47.000,47.000,0.000,No,2024-11-07,11,Accepted,Finished Goods Warehouse,FG-0001021,SN0001021A,SN0001021Z,Generated finished goods receipt.
1022,FGR-2024-1022,983,983,101,45.000,45.000,0.000,No,2024-11-04,12,Accepted,Finished Goods Warehouse,FG-0001022,SN0001022A,SN0001022Z,Generated finished goods receipt.
1023,FGR-2024-1023,984,984,102,10.000,10.000,0.000,No,2024-11-16,13,Accepted,Finished Goods Warehouse,FG-0001023,SN0001023A,SN0001023Z,Generated finished goods receipt.
1024,FGR-2024-1024,985,985,100,49.000,49.000,0.000,No,2024-11-08,1,Accepted,Finished Goods Warehouse,FG-0001024,SN0001024A,SN0001024Z,Generated finished goods receipt.
1025,FGR-2024-1025,986,986,101,15.000,15.000,0.000,No,2024-11-15,3,Accepted,Finished Goods Warehouse,FG-0001025,SN0001025A,SN0001025Z,Generated finished goods receipt.
1026,FGR-2024-1026,987,987,102,36.000,36.000,0.000,No,2024-11-17,4,Accepted,Finished Goods Warehouse,FG-0001026,SN0001026A,SN0001026Z,Generated finished goods receipt.
1027,FGR-2024-1027,988,988,100,24.000,24.000,0.000,No,2024-11-08,5,Accepted,Finished Goods Warehouse,FG-0001027,SN0001027A,SN0001027Z,Generated finished goods receipt.
1028,FGR-2024-1028,989,989,101,15.000,15.000,0.000,No,2024-11-18,6,Accepted,Finished Goods Warehouse,FG-0001028,SN0001028A,SN0001028Z,Generated finished goods receipt.
1029,FGR-2024-1029,990,990,102,19.000,19.000,0.000,No,2024-11-09,7,Accepted,Finished Goods Warehouse,FG-0001029,SN0001029A,SN0001029Z,Generated finished goods receipt.
1030,FGR-2024-1030,991,991,100,9.000,9.000,0.000,No,2024-11-18,8,Accepted,Finished Goods Warehouse,FG-0001030,SN0001030A,SN0001030Z,Generated finished goods receipt.
1031,FGR-2024-1031,992,992,101,28.000,28.000,0.000,No,2024-11-07,9,Accepted,Finished Goods Warehouse,FG-0001031,SN0001031A,SN0001031Z,Generated finished goods receipt.
1032,FGR-2024-1032,993,993,102,28.000,28.000,0.000,No,2024-11-09,10,Accepted,Finished Goods Warehouse,FG-0001032,SN0001032A,SN0001032Z,Generated finished goods receipt.
1033,FGR-2024-1033,994,994,100,27.000,27.000,0.000,No,2024-11-20,11,Accepted,Finished Goods Warehouse,FG-0001033,SN0001033A,SN0001033Z,Generated finished goods receipt.
1034,FGR-2024-1034,995,995,101,8.000,8.000,0.000,No,2024-11-13,12,Accepted,Finished Goods Warehouse,FG-0001034,SN0001034A,SN0001034Z,Generated finished goods receipt.
1035,FGR-2024-1035,996,996,102,36.000,36.000,0.000,No,2024-11-16,13,Accepted,Finished Goods Warehouse,FG-0001035,SN0001035A,SN0001035Z,Generated finished goods receipt.
1036,FGR-2024-1036,997,997,100,14.000,14.000,0.000,No,2024-11-10,1,Accepted,Finished Goods Warehouse,FG-0001036,SN0001036A,SN0001036Z,Generated finished goods receipt.
1037,FGR-2024-1037,998,998,101,51.000,51.000,0.000,No,2024-11-14,3,Accepted,Finished Goods Warehouse,FG-0001037,SN0001037A,SN0001037Z,Generated finished goods receipt.
1038,FGR-2024-1038,999,999,102,6.000,6.000,0.000,No,2024-11-18,4,Accepted,Finished Goods Warehouse,FG-0001038,SN0001038A,SN0001038Z,Generated finished goods receipt.
1039,FGR-2024-1039,1000,1000,100,7.000,7.000,0.000,No,2024-11-15,5,Accepted,Finished Goods Warehouse,FG-0001039,SN0001039A,SN0001039Z,Generated finished goods receipt.
1040,FGR-2024-1040,1001,1001,101,21.000,21.000,0.000,No,2024-11-16,6,Accepted,Finished Goods Warehouse,FG-0001040,SN0001040A,SN0001040Z,Generated finished goods receipt.
1041,FGR-2024-1041,1002,1002,102,27.000,27.000,0.000,No,2024-11-14,7,Accepted,Finished Goods Warehouse,FG-0001041,SN0001041A,SN0001041Z,Generated finished goods receipt.
1042,FGR-2024-1042,1003,1003,100,59.000,59.000,0.000,No,2024-11-20,8,Accepted,Finished Goods Warehouse,FG-0001042,SN0001042A,SN0001042Z,Generated finished goods receipt.
1043,FGR-2024-1043,1004,1004,101,34.000,34.000,0.000,No,2024-11-11,9,Accepted,Finished Goods Warehouse,FG-0001043,SN0001043A,SN0001043Z,Generated finished goods receipt.
1044,FGR-2024-1044,1005,1005,102,24.000,24.000,0.000,No,2024-11-14,10,Accepted,Finished Goods Warehouse,FG-0001044,SN0001044A,SN0001044Z,Generated finished goods receipt.
1045,FGR-2024-1045,1006,1006,100,51.000,51.000,0.000,No,2024-11-18,11,Accepted,Finished Goods Warehouse,FG-0001045,SN0001045A,SN0001045Z,Generated finished goods receipt.
1046,FGR-2024-1046,1007,1007,101,16.000,16.000,0.000,No,2024-11-20,12,Accepted,Finished Goods Warehouse,FG-0001046,SN0001046A,SN0001046Z,Generated finished goods receipt.
1047,FGR-2024-1047,1008,1008,102,53.000,53.000,0.000,No,2024-11-18,13,Accepted,Finished Goods Warehouse,FG-0001047,SN0001047A,SN0001047Z,Generated finished goods receipt.
1048,FGR-2024-1048,1009,1009,100,27.000,27.000,0.000,No,2024-11-20,1,Accepted,Finished Goods Warehouse,FG-0001048,SN0001048A,SN0001048Z,Generated finished goods receipt.
1049,FGR-2024-1049,1010,1010,101,22.000,22.000,0.000,No,2024-11-20,3,Accepted,Finished Goods Warehouse,FG-0001049,SN0001049A,SN0001049Z,Generated finished goods receipt.
1050,FGR-2024-1050,1011,1011,102,21.000,21.000,0.000,No,2024-11-16,4,Accepted,Finished Goods Warehouse,FG-0001050,SN0001050A,SN0001050Z,Generated finished goods receipt.
1051,FGR-2024-1051,1012,1012,100,3.000,3.000,0.000,No,2024-11-18,5,Accepted,Finished Goods Warehouse,FG-0001051,SN0001051A,SN0001051Z,Generated finished goods receipt.
1052,FGR-2024-1052,1013,1013,101,41.000,41.000,0.000,No,2024-11-20,6,Accepted,Finished Goods Warehouse,FG-0001052,SN0001052A,SN0001052Z,Generated finished goods receipt.
1053,FGR-2024-1053,1014,1014,102,36.000,36.000,0.000,No,2024-11-18,7,Accepted,Finished Goods Warehouse,FG-0001053,SN0001053A,SN0001053Z,Generated finished goods receipt.
1054,FGR-2024-1054,1015,1015,100,40.000,40.000,0.000,No,2024-11-24,8,Accepted,Finished Goods Warehouse,FG-0001054,SN0001054A,SN0001054Z,Generated finished goods receipt.
1055,FGR-2024-1055,1016,1016,101,41.000,41.000,0.000,No,2024-11-26,9,Accepted,Finished Goods Warehouse,FG-0001055,SN0001055A,SN0001055Z,Generated finished goods receipt.
1056,FGR-2024-1056,1017,1017,102,6.000,6.000,0.000,No,2024-11-22,10,Accepted,Finished Goods Warehouse,FG-0001056,SN0001056A,SN0001056Z,Generated finished goods receipt.
1057,FGR-2024-1057,1018,1018,100,53.000,53.000,0.000,No,2024-11-15,11,Accepted,Finished Goods Warehouse,FG-0001057,SN0001057A,SN0001057Z,Generated finished goods receipt.
1058,FGR-2024-1058,1019,1019,101,32.000,32.000,0.000,No,2024-11-21,12,Accepted,Finished Goods Warehouse,FG-0001058,SN0001058A,SN0001058Z,Generated finished goods receipt.
1059,FGR-2024-1059,1020,1020,102,41.000,41.000,0.000,No,2024-11-14,13,Accepted,Finished Goods Warehouse,FG-0001059,SN0001059A,SN0001059Z,Generated finished goods receipt.
1060,FGR-2024-1060,1021,1021,100,7.000,7.000,0.000,No,2024-11-20,1,Accepted,Finished Goods Warehouse,FG-0001060,SN0001060A,SN0001060Z,Generated finished goods receipt.
1061,FGR-2024-1061,1022,1022,101,45.000,45.000,0.000,No,2024-11-18,3,Accepted,Finished Goods Warehouse,FG-0001061,SN0001061A,SN0001061Z,Generated finished goods receipt.
1062,FGR-2024-1062,1023,1023,102,41.000,41.000,0.000,No,2024-11-26,4,Accepted,Finished Goods Warehouse,FG-0001062,SN0001062A,SN0001062Z,Generated finished goods receipt.
1063,FGR-2024-1063,1024,1024,100,24.000,24.000,0.000,No,2024-11-23,5,Accepted,Finished Goods Warehouse,FG-0001063,SN0001063A,SN0001063Z,Generated finished goods receipt.
1064,FGR-2024-1064,1025,1025,101,56.000,56.000,0.000,No,2024-11-23,6,Accepted,Finished Goods Warehouse,FG-0001064,SN0001064A,SN0001064Z,Generated finished goods receipt.
1065,FGR-2024-1065,1026,1026,102,40.000,40.000,0.000,No,2024-11-28,7,Accepted,Finished Goods Warehouse,FG-0001065,SN0001065A,SN0001065Z,Generated finished goods receipt.
1066,FGR-2024-1066,1027,1027,100,54.000,54.000,0.000,No,2024-11-24,8,Accepted,Finished Goods Warehouse,FG-0001066,SN0001066A,SN0001066Z,Generated finished goods receipt.
1067,FGR-2024-1067,1028,1028,101,51.000,51.000,0.000,No,2024-11-23,9,Accepted,Finished Goods Warehouse,FG-0001067,SN0001067A,SN0001067Z,Generated finished goods receipt.
1068,FGR-2024-1068,1029,1029,102,15.000,15.000,0.000,No,2024-11-28,10,Accepted,Finished Goods Warehouse,FG-0001068,SN0001068A,SN0001068Z,Generated finished goods receipt.
1069,FGR-2024-1069,1030,1030,100,60.000,60.000,0.000,No,2024-11-28,11,Accepted,Finished Goods Warehouse,FG-0001069,SN0001069A,SN0001069Z,Generated finished goods receipt.
1070,FGR-2024-1070,1031,1031,101,46.000,46.000,0.000,No,2024-11-25,12,Accepted,Finished Goods Warehouse,FG-0001070,SN0001070A,SN0001070Z,Generated finished goods receipt.
1071,FGR-2024-1071,1032,1032,102,15.000,15.000,0.000,No,2024-11-25,13,Accepted,Finished Goods Warehouse,FG-0001071,SN0001071A,SN0001071Z,Generated finished goods receipt.
1072,FGR-2024-1072,1033,1033,100,47.000,47.000,0.000,No,2024-11-19,1,Accepted,Finished Goods Warehouse,FG-0001072,SN0001072A,SN0001072Z,Generated finished goods receipt.
1073,FGR-2024-1073,1034,1034,101,28.000,28.000,0.000,No,2024-11-29,3,Accepted,Finished Goods Warehouse,FG-0001073,SN0001073A,SN0001073Z,Generated finished goods receipt.
1074,FGR-2024-1074,1035,1035,102,51.000,51.000,0.000,No,2024-11-22,4,Accepted,Finished Goods Warehouse,FG-0001074,SN0001074A,SN0001074Z,Generated finished goods receipt.
1075,FGR-2024-1075,1036,1036,100,14.000,14.000,0.000,No,2024-11-28,5,Accepted,Finished Goods Warehouse,FG-0001075,SN0001075A,SN0001075Z,Generated finished goods receipt.
1076,FGR-2024-1076,1037,1037,101,19.000,19.000,0.000,No,2024-11-30,6,Accepted,Finished Goods Warehouse,FG-0001076,SN0001076A,SN0001076Z,Generated finished goods receipt.
1077,FGR-2024-1077,1038,1038,102,22.000,22.000,0.000,No,2024-11-27,7,Accepted,Finished Goods Warehouse,FG-0001077,SN0001077A,SN0001077Z,Generated finished goods receipt.
1078,FGR-2024-1078,1039,1039,100,30.000,30.000,0.000,No,2024-11-27,8,Accepted,Finished Goods Warehouse,FG-0001078,SN0001078A,SN0001078Z,Generated finished goods receipt.
1079,FGR-2024-1079,1040,1040,101,40.000,40.000,0.000,No,2024-12-01,9,Accepted,Finished Goods Warehouse,FG-0001079,SN0001079A,SN0001079Z,Generated finished goods receipt.
1080,FGR-2024-1080,1041,1041,102,15.000,15.000,0.000,No,2024-11-27,10,Accepted,Finished Goods Warehouse,FG-0001080,SN0001080A,SN0001080Z,Generated finished goods receipt.
1081,FGR-2024-1081,1042,1042,100,43.000,43.000,0.000,No,2024-11-30,11,Accepted,Finished Goods Warehouse,FG-0001081,SN0001081A,SN0001081Z,Generated finished goods receipt.
1082,FGR-2024-1082,1043,1043,101,5.000,5.000,0.000,No,2024-11-26,12,Accepted,Finished Goods Warehouse,FG-0001082,SN0001082A,SN0001082Z,Generated finished goods receipt.
1083,FGR-2024-1083,1044,1044,102,21.000,21.000,0.000,No,2024-12-03,13,Accepted,Finished Goods Warehouse,FG-0001083,SN0001083A,SN0001083Z,Generated finished goods receipt.
1084,FGR-2024-1084,1045,1045,100,39.000,39.000,0.000,No,2024-12-01,1,Accepted,Finished Goods Warehouse,FG-0001084,SN0001084A,SN0001084Z,Generated finished goods receipt.
1085,FGR-2024-1085,1046,1046,101,18.000,18.000,0.000,No,2024-11-26,3,Accepted,Finished Goods Warehouse,FG-0001085,SN0001085A,SN0001085Z,Generated finished goods receipt.
1086,FGR-2024-1086,1047,1047,102,27.000,27.000,0.000,No,2024-11-27,4,Accepted,Finished Goods Warehouse,FG-0001086,SN0001086A,SN0001086Z,Generated finished goods receipt.
1087,FGR-2024-1087,1048,1048,100,37.000,37.000,0.000,No,2024-11-29,5,Accepted,Finished Goods Warehouse,FG-0001087,SN0001087A,SN0001087Z,Generated finished goods receipt.
1088,FGR-2024-1088,1049,1049,101,16.000,16.000,0.000,No,2024-11-25,6,Accepted,Finished Goods Warehouse,FG-0001088,SN0001088A,SN0001088Z,Generated finished goods receipt.
1089,FGR-2024-1089,1050,1050,102,58.000,58.000,0.000,No,2024-12-05,7,Accepted,Finished Goods Warehouse,FG-0001089,SN0001089A,SN0001089Z,Generated finished goods receipt.
1090,FGR-2024-1090,1051,1051,100,50.000,50.000,0.000,No,2024-12-01,8,Accepted,Finished Goods Warehouse,FG-0001090,SN0001090A,SN0001090Z,Generated finished goods receipt.
1091,FGR-2024-1091,1052,1052,101,59.000,59.000,0.000,No,2024-12-02,9,Accepted,Finished Goods Warehouse,FG-0001091,SN0001091A,SN0001091Z,Generated finished goods receipt.
1092,FGR-2024-1092,1053,1053,102,32.000,32.000,0.000,No,2024-12-07,10,Accepted,Finished Goods Warehouse,FG-0001092,SN0001092A,SN0001092Z,Generated finished goods receipt.
1093,FGR-2024-1093,1054,1054,100,24.000,24.000,0.000,No,2024-12-07,11,Accepted,Finished Goods Warehouse,FG-0001093,SN0001093A,SN0001093Z,Generated finished goods receipt.
1094,FGR-2024-1094,1055,1055,101,58.000,58.000,0.000,No,2024-12-09,12,Accepted,Finished Goods Warehouse,FG-0001094,SN0001094A,SN0001094Z,Generated finished goods receipt.
1095,FGR-2024-1095,1056,1056,102,45.000,45.000,0.000,No,2024-12-03,13,Accepted,Finished Goods Warehouse,FG-0001095,SN0001095A,SN0001095Z,Generated finished goods receipt.
1096,FGR-2024-1096,1057,1057,100,47.000,47.000,0.000,No,2024-12-04,1,Accepted,Finished Goods Warehouse,FG-0001096,SN0001096A,SN0001096Z,Generated finished goods receipt.
1097,FGR-2024-1097,1058,1058,101,14.000,14.000,0.000,No,2024-12-05,3,Accepted,Finished Goods Warehouse,FG-0001097,SN0001097A,SN0001097Z,Generated finished goods receipt.
1098,FGR-2024-1098,1059,1059,102,51.000,51.000,0.000,No,2024-12-05,4,Accepted,Finished Goods Warehouse,FG-0001098,SN0001098A,SN0001098Z,Generated finished goods receipt.
1099,FGR-2024-1099,1060,1060,100,33.000,33.000,0.000,No,2024-11-29,5,Accepted,Finished Goods Warehouse,FG-0001099,SN0001099A,SN0001099Z,Generated finished goods receipt.
1100,FGR-2024-1100,1061,1061,101,46.000,46.000,0.000,No,2024-12-06,6,Accepted,Finished Goods Warehouse,FG-0001100,SN0001100A,SN0001100Z,Generated finished goods receipt.
1101,FGR-2024-1101,1062,1062,102,50.000,50.000,0.000,No,2024-12-05,7,Accepted,Finished Goods Warehouse,FG-0001101,SN0001101A,SN0001101Z,Generated finished goods receipt.
1102,FGR-2024-1102,1063,1063,100,9.000,9.000,0.000,No,2024-12-08,8,Accepted,Finished Goods Warehouse,FG-0001102,SN0001102A,SN0001102Z,Generated finished goods receipt.
1103,FGR-2024-1103,1064,1064,101,8.000,8.000,0.000,No,2024-12-10,9,Accepted,Finished Goods Warehouse,FG-0001103,SN0001103A,SN0001103Z,Generated finished goods receipt.
1104,FGR-2024-1104,1065,1065,102,7.000,7.000,0.000,No,2024-12-08,10,Accepted,Finished Goods Warehouse,FG-0001104,SN0001104A,SN0001104Z,Generated finished goods receipt.
1105,FGR-2024-1105,1066,1066,100,41.000,41.000,0.000,No,2024-12-15,11,Accepted,Finished Goods Warehouse,FG-0001105,SN0001105A,SN0001105Z,Generated finished goods receipt.
1106,FGR-2024-1106,1067,1067,101,56.000,56.000,0.000,No,2024-12-07,12,Accepted,Finished Goods Warehouse,FG-0001106,SN0001106A,SN0001106Z,Generated finished goods receipt.
1107,FGR-2024-1107,1068,1068,102,5.000,5.000,0.000,No,2024-12-07,13,Accepted,Finished Goods Warehouse,FG-0001107,SN0001107A,SN0001107Z,Generated finished goods receipt.
1108,FGR-2024-1108,1069,1069,100,12.000,12.000,0.000,No,2024-12-16,1,Accepted,Finished Goods Warehouse,FG-0001108,SN0001108A,SN0001108Z,Generated finished goods receipt.
1109,FGR-2024-1109,1070,1070,101,30.000,30.000,0.000,No,2024-12-12,3,Accepted,Finished Goods Warehouse,FG-0001109,SN0001109A,SN0001109Z,Generated finished goods receipt.
1110,FGR-2024-1110,1071,1071,102,26.000,26.000,0.000,No,2024-12-12,4,Accepted,Finished Goods Warehouse,FG-0001110,SN0001110A,SN0001110Z,Generated finished goods receipt.
1111,FGR-2024-1111,1072,1072,100,8.000,8.000,0.000,No,2024-12-05,5,Accepted,Finished Goods Warehouse,FG-0001111,SN0001111A,SN0001111Z,Generated finished goods receipt.
1112,FGR-2024-1112,1073,1073,101,39.000,39.000,0.000,No,2024-12-07,6,Accepted,Finished Goods Warehouse,FG-0001112,SN0001112A,SN0001112Z,Generated finished goods receipt.
1113,FGR-2024-1113,1074,1074,102,54.000,54.000,0.000,No,2024-12-15,7,Accepted,Finished Goods Warehouse,FG-0001113,SN0001113A,SN0001113Z,Generated finished goods receipt.
1114,FGR-2024-1114,1075,1075,100,15.000,15.000,0.000,No,2024-12-12,8,Accepted,Finished Goods Warehouse,FG-0001114,SN0001114A,SN0001114Z,Generated finished goods receipt.
1115,FGR-2024-1115,1076,1076,101,4.000,4.000,0.000,No,2024-12-11,9,Accepted,Finished Goods Warehouse,FG-0001115,SN0001115A,SN0001115Z,Generated finished goods receipt.
1116,FGR-2024-1116,1077,1077,102,16.000,16.000,0.000,No,2024-12-15,10,Accepted,Finished Goods Warehouse,FG-0001116,SN0001116A,SN0001116Z,Generated finished goods receipt.
1117,FGR-2024-1117,1078,1078,100,14.000,14.000,0.000,No,2024-12-08,11,Accepted,Finished Goods Warehouse,FG-0001117,SN0001117A,SN0001117Z,Generated finished goods receipt.
1118,FGR-2024-1118,1079,1079,101,29.000,29.000,0.000,No,2024-12-13,12,Accepted,Finished Goods Warehouse,FG-0001118,SN0001118A,SN0001118Z,Generated finished goods receipt.
1119,FGR-2024-1119,1080,1080,102,9.000,9.000,0.000,No,2024-12-17,13,Accepted,Finished Goods Warehouse,FG-0001119,SN0001119A,SN0001119Z,Generated finished goods receipt.
1120,FGR-2024-1120,1081,1081,100,24.000,24.000,0.000,No,2024-12-17,1,Accepted,Finished Goods Warehouse,FG-0001120,SN0001120A,SN0001120Z,Generated finished goods receipt.
1121,FGR-2024-1121,1082,1082,101,9.000,9.000,0.000,No,2024-12-16,3,Accepted,Finished Goods Warehouse,FG-0001121,SN0001121A,SN0001121Z,Generated finished goods receipt.
1122,FGR-2024-1122,1083,1083,102,42.000,42.000,0.000,No,2024-12-12,4,Accepted,Finished Goods Warehouse,FG-0001122,SN0001122A,SN0001122Z,Generated finished goods receipt.
1123,FGR-2024-1123,1084,1084,100,30.000,30.000,0.000,No,2024-12-15,5,Accepted,Finished Goods Warehouse,FG-0001123,SN0001123A,SN0001123Z,Generated finished goods receipt.
1124,FGR-2024-1124,1085,1085,101,8.000,8.000,0.000,No,2024-12-12,6,Accepted,Finished Goods Warehouse,FG-0001124,SN0001124A,SN0001124Z,Generated finished goods receipt.
1125,FGR-2024-1125,1086,1086,102,6.000,6.000,0.000,No,2024-12-11,7,Accepted,Finished Goods Warehouse,FG-0001125,SN0001125A,SN0001125Z,Generated finished goods receipt.
1126,FGR-2024-1126,1087,1087,100,31.000,31.000,0.000,No,2024-12-08,8,Accepted,Finished Goods Warehouse,FG-0001126,SN0001126A,SN0001126Z,Generated finished goods receipt.
1127,FGR-2024-1127,1088,1088,101,37.000,37.000,0.000,No,2024-12-11,9,Accepted,Finished Goods Warehouse,FG-0001127,SN0001127A,SN0001127Z,Generated finished goods receipt.
1128,FGR-2024-1128,1089,1089,102,13.000,13.000,0.000,No,2024-12-10,10,Accepted,Finished Goods Warehouse,FG-0001128,SN0001128A,SN0001128Z,Generated finished goods receipt.
1129,FGR-2024-1129,1090,1090,100,21.000,21.000,0.000,No,2024-12-12,11,Accepted,Finished Goods Warehouse,FG-0001129,SN0001129A,SN0001129Z,Generated finished goods receipt.
1130,FGR-2024-1130,1091,1091,101,37.000,37.000,0.000,No,2024-12-13,12,Accepted,Finished Goods Warehouse,FG-0001130,SN0001130A,SN0001130Z,Generated finished goods receipt.
1131,FGR-2024-1131,1092,1092,102,31.000,31.000,0.000,No,2024-12-18,13,Accepted,Finished Goods Warehouse,FG-0001131,SN0001131A,SN0001131Z,Generated finished goods receipt.
1132,FGR-2024-1132,1093,1093,100,9.000,9.000,0.000,No,2024-12-16,1,Accepted,Finished Goods Warehouse,FG-0001132,SN0001132A,SN0001132Z,Generated finished goods receipt.
1133,FGR-2024-1133,1094,1094,101,24.000,24.000,0.000,No,2024-12-23,3,Accepted,Finished Goods Warehouse,FG-0001133,SN0001133A,SN0001133Z,Generated finished goods receipt.
1134,FGR-2024-1134,1095,1095,102,16.000,16.000,0.000,No,2024-12-21,4,Accepted,Finished Goods Warehouse,FG-0001134,SN0001134A,SN0001134Z,Generated finished goods receipt.
1135,FGR-2024-1135,1096,1096,100,54.000,54.000,0.000,No,2024-12-21,5,Accepted,Finished Goods Warehouse,FG-0001135,SN0001135A,SN0001135Z,Generated finished goods receipt.
1136,FGR-2024-1136,1097,1097,101,50.000,50.000,0.000,No,2024-12-20,6,Accepted,Finished Goods Warehouse,FG-0001136,SN0001136A,SN0001136Z,Generated finished goods receipt.
1137,FGR-2024-1137,1098,1098,102,22.000,22.000,0.000,No,2024-12-22,7,Accepted,Finished Goods Warehouse,FG-0001137,SN0001137A,SN0001137Z,Generated finished goods receipt.
1138,FGR-2024-1138,1099,1099,100,17.000,17.000,0.000,No,2024-12-18,8,Accepted,Finished Goods Warehouse,FG-0001138,SN0001138A,SN0001138Z,Generated finished goods receipt.
1139,FGR-2024-1139,1100,1100,101,12.000,12.000,0.000,No,2024-12-24,9,Accepted,Finished Goods Warehouse,FG-0001139,SN0001139A,SN0001139Z,Generated finished goods receipt.
1140,FGR-2024-1140,1101,1101,102,46.000,46.000,0.000,No,2024-12-18,10,Accepted,Finished Goods Warehouse,FG-0001140,SN0001140A,SN0001140Z,Generated finished goods receipt.
1141,FGR-2024-1141,1102,1102,100,54.000,54.000,0.000,No,2024-12-25,11,Accepted,Finished Goods Warehouse,FG-0001141,SN0001141A,SN0001141Z,Generated finished goods receipt.
1142,FGR-2024-1142,1103,1103,101,20.000,20.000,0.000,No,2024-12-14,12,Accepted,Finished Goods Warehouse,FG-0001142,SN0001142A,SN0001142Z,Generated finished goods receipt.
1143,FGR-2024-1143,1104,1104,102,40.000,40.000,0.000,No,2024-12-22,13,Accepted,Finished Goods Warehouse,FG-0001143,SN0001143A,SN0001143Z,Generated finished goods receipt.
1144,FGR-2024-1144,1105,1105,100,17.000,17.000,0.000,No,2024-12-24,1,Accepted,Finished Goods Warehouse,FG-0001144,SN0001144A,SN0001144Z,Generated finished goods receipt.
1145,FGR-2024-1145,1106,1106,101,55.000,55.000,0.000,No,2024-12-13,3,Accepted,Finished Goods Warehouse,FG-0001145,SN0001145A,SN0001145Z,Generated finished goods receipt.
1146,FGR-2024-1146,1107,1107,102,19.000,19.000,0.000,No,2024-12-18,4,Accepted,Finished Goods Warehouse,FG-0001146,SN0001146A,SN0001146Z,Generated finished goods receipt.
1147,FGR-2024-1147,1108,1108,100,9.000,9.000,0.000,No,2024-12-22,5,Accepted,Finished Goods Warehouse,FG-0001147,SN0001147A,SN0001147Z,Generated finished goods receipt.
1148,FGR-2024-1148,1109,1109,101,53.000,53.000,0.000,No,2024-12-24,6,Accepted,Finished Goods Warehouse,FG-0001148,SN0001148A,SN0001148Z,Generated finished goods receipt.
1149,FGR-2024-1149,1110,1110,102,57.000,57.000,0.000,No,2024-12-22,7,Accepted,Finished Goods Warehouse,FG-0001149,SN0001149A,SN0001149Z,Generated finished goods receipt.
1150,FGR-2024-1150,1111,1111,100,25.000,25.000,0.000,No,2024-12-24,8,Accepted,Finished Goods Warehouse,FG-0001150,SN0001150A,SN0001150Z,Generated finished goods receipt.
1151,FGR-2024-1151,1112,1112,101,53.000,53.000,0.000,No,2024-12-17,9,Accepted,Finished Goods Warehouse,FG-0001151,SN0001151A,SN0001151Z,Generated finished goods receipt.
1152,FGR-2024-1152,1113,1113,102,16.000,16.000,0.000,No,2024-12-25,10,Accepted,Finished Goods Warehouse,FG-0001152,SN0001152A,SN0001152Z,Generated finished goods receipt.
1153,FGR-2024-1153,1114,1114,100,19.000,19.000,0.000,No,2024-12-22,11,Accepted,Finished Goods Warehouse,FG-0001153,SN0001153A,SN0001153Z,Generated finished goods receipt.
1154,FGR-2024-1154,1115,1115,101,35.000,35.000,0.000,No,2024-12-24,12,Accepted,Finished Goods Warehouse,FG-0001154,SN0001154A,SN0001154Z,Generated finished goods receipt.
1155,FGR-2024-1155,1116,1116,102,36.000,36.000,0.000,No,2024-12-20,13,Accepted,Finished Goods Warehouse,FG-0001155,SN0001155A,SN0001155Z,Generated finished goods receipt.
1156,FGR-2024-1156,1117,1117,100,24.000,24.000,0.000,No,2024-12-23,1,Accepted,Finished Goods Warehouse,FG-0001156,SN0001156A,SN0001156Z,Generated finished goods receipt.
1157,FGR-2024-1157,1118,1118,101,47.000,47.000,0.000,No,2024-12-28,3,Accepted,Finished Goods Warehouse,FG-0001157,SN0001157A,SN0001157Z,Generated finished goods receipt.
1158,FGR-2024-1158,1119,1119,102,48.000,48.000,0.000,No,2024-12-28,4,Accepted,Finished Goods Warehouse,FG-0001158,SN0001158A,SN0001158Z,Generated finished goods receipt.
1159,FGR-2024-1159,1120,1120,100,10.000,10.000,0.000,No,2024-12-29,5,Accepted,Finished Goods Warehouse,FG-0001159,SN0001159A,SN0001159Z,Generated finished goods receipt.
1160,FGR-2024-1160,1121,1121,101,60.000,60.000,0.000,No,2024-12-28,6,Accepted,Finished Goods Warehouse,FG-0001160,SN0001160A,SN0001160Z,Generated finished goods receipt.
1161,FGR-2024-1161,1122,1122,102,13.000,13.000,0.000,No,2024-12-22,7,Accepted,Finished Goods Warehouse,FG-0001161,SN0001161A,SN0001161Z,Generated finished goods receipt.
1162,FGR-2024-1162,1123,1123,100,33.000,33.000,0.000,No,2024-12-24,8,Accepted,Finished Goods Warehouse,FG-0001162,SN0001162A,SN0001162Z,Generated finished goods receipt.
1163,FGR-2024-1163,1124,1124,101,28.000,28.000,0.000,No,2024-12-21,9,Accepted,Finished Goods Warehouse,FG-0001163,SN0001163A,SN0001163Z,Generated finished goods receipt.
1164,FGR-2025-1164,1125,1125,102,28.000,28.000,0.000,No,2025-01-01,10,Accepted,Finished Goods Warehouse,FG-0001164,SN0001164A,SN0001164Z,Generated finished goods receipt.
1165,FGR-2024-1165,1126,1126,100,10.000,10.000,0.000,No,2024-12-28,11,Accepted,Finished Goods Warehouse,FG-0001165,SN0001165A,SN0001165Z,Generated finished goods receipt.
1166,FGR-2024-1166,1127,1127,101,22.000,22.000,0.000,No,2024-12-25,12,Accepted,Finished Goods Warehouse,FG-0001166,SN0001166A,SN0001166Z,Generated finished goods receipt.
1167,FGR-2024-1167,1128,1128,102,6.000,6.000,0.000,No,2024-12-31,13,Accepted,Finished Goods Warehouse,FG-0001167,SN0001167A,SN0001167Z,Generated finished goods receipt.
1168,FGR-2024-1168,1129,1129,100,59.000,59.000,0.000,No,2024-12-23,1,Accepted,Finished Goods Warehouse,FG-0001168,SN0001168A,SN0001168Z,Generated finished goods receipt.
1169,FGR-2024-1169,1130,1130,101,11.000,11.000,0.000,No,2024-12-25,3,Accepted,Finished Goods Warehouse,FG-0001169,SN0001169A,SN0001169Z,Generated finished goods receipt.
1170,FGR-2024-1170,1131,1131,102,31.000,31.000,0.000,No,2024-12-23,4,Accepted,Finished Goods Warehouse,FG-0001170,SN0001170A,SN0001170Z,Generated finished goods receipt.
1171,FGR-2024-1171,1132,1132,100,15.000,15.000,0.000,No,2024-12-30,5,Accepted,Finished Goods Warehouse,FG-0001171,SN0001171A,SN0001171Z,Generated finished goods receipt.
1172,FGR-2024-1172,1133,1133,101,14.000,14.000,0.000,No,2024-12-23,6,Accepted,Finished Goods Warehouse,FG-0001172,SN0001172A,SN0001172Z,Generated finished goods receipt.
1173,FGR-2024-1173,1134,1134,102,26.000,26.000,0.000,No,2024-12-28,7,Accepted,Finished Goods Warehouse,FG-0001173,SN0001173A,SN0001173Z,Generated finished goods receipt.
1174,FGR-2024-1174,1135,1135,100,58.000,58.000,0.000,No,2024-12-24,8,Accepted,Finished Goods Warehouse,FG-0001174,SN0001174A,SN0001174Z,Generated finished goods receipt.
1175,FGR-2025-1175,1136,1136,101,30.000,30.000,0.000,No,2025-01-03,9,Accepted,Finished Goods Warehouse,FG-0001175,SN0001175A,SN0001175Z,Generated finished goods receipt.
1176,FGR-2025-1176,1137,1137,102,58.000,58.000,0.000,No,2025-01-05,10,Accepted,Finished Goods Warehouse,FG-0001176,SN0001176A,SN0001176Z,Generated finished goods receipt.
1177,FGR-2025-1177,1138,1138,100,51.000,51.000,0.000,No,2025-01-04,11,Accepted,Finished Goods Warehouse,FG-0001177,SN0001177A,SN0001177Z,Generated finished goods receipt.
1178,FGR-2025-1178,1139,1139,101,27.000,27.000,0.000,No,2025-01-05,12,Accepted,Finished Goods Warehouse,FG-0001178,SN0001178A,SN0001178Z,Generated finished goods receipt.
1179,FGR-2024-1179,1140,1140,102,55.000,55.000,0.000,No,2024-12-31,13,Accepted,Finished Goods Warehouse,FG-0001179,SN0001179A,SN0001179Z,Generated finished goods receipt.
1180,FGR-2025-1180,1141,1141,100,23.000,23.000,0.000,No,2025-01-03,1,Accepted,Finished Goods Warehouse,FG-0001180,SN0001180A,SN0001180Z,Generated finished goods receipt.
1181,FGR-2025-1181,1142,1142,101,31.000,31.000,0.000,No,2025-01-03,3,Accepted,Finished Goods Warehouse,FG-0001181,SN0001181A,SN0001181Z,Generated finished goods receipt.
1182,FGR-2025-1182,1143,1143,102,42.000,42.000,0.000,No,2025-01-03,4,Accepted,Finished Goods Warehouse,FG-0001182,SN0001182A,SN0001182Z,Generated finished goods receipt.
1183,FGR-2024-1183,1144,1144,100,38.000,38.000,0.000,No,2024-12-28,5,Accepted,Finished Goods Warehouse,FG-0001183,SN0001183A,SN0001183Z,Generated finished goods receipt.
1184,FGR-2025-1184,1145,1145,101,51.000,51.000,0.000,No,2025-01-04,6,Accepted,Finished Goods Warehouse,FG-0001184,SN0001184A,SN0001184Z,Generated finished goods receipt.
1185,FGR-2025-1185,1146,1146,102,13.000,13.000,0.000,No,2025-01-09,7,Accepted,Finished Goods Warehouse,FG-0001185,SN0001185A,SN0001185Z,Generated finished goods receipt.
1186,FGR-2025-1186,1147,1147,100,30.000,30.000,0.000,No,2025-01-05,8,Accepted,Finished Goods Warehouse,FG-0001186,SN0001186A,SN0001186Z,Generated finished goods receipt.
1187,FGR-2024-1187,1148,1148,101,41.000,41.000,0.000,No,2024-12-30,9,Accepted,Finished Goods Warehouse,FG-0001187,SN0001187A,SN0001187Z,Generated finished goods receipt.
1188,FGR-2025-1188,1149,1149,102,21.000,21.000,0.000,No,2025-01-07,10,Accepted,Finished Goods Warehouse,FG-0001188,SN0001188A,SN0001188Z,Generated finished goods receipt.
1189,FGR-2025-1189,1150,1150,100,51.000,51.000,0.000,No,2025-01-06,11,Accepted,Finished Goods Warehouse,FG-0001189,SN0001189A,SN0001189Z,Generated finished goods receipt.
1190,FGR-2025-1190,1151,1151,101,21.000,21.000,0.000,No,2025-01-03,12,Accepted,Finished Goods Warehouse,FG-0001190,SN0001190A,SN0001190Z,Generated finished goods receipt.
1191,FGR-2025-1191,1152,1152,102,19.000,19.000,0.000,No,2025-01-08,13,Accepted,Finished Goods Warehouse,FG-0001191,SN0001191A,SN0001191Z,Generated finished goods receipt.
1192,FGR-2025-1192,1153,1153,100,21.000,21.000,0.000,No,2025-01-02,1,Accepted,Finished Goods Warehouse,FG-0001192,SN0001192A,SN0001192Z,Generated finished goods receipt.
1193,FGR-2025-1193,1154,1154,101,42.000,42.000,0.000,No,2025-01-05,3,Accepted,Finished Goods Warehouse,FG-0001193,SN0001193A,SN0001193Z,Generated finished goods receipt.
1194,FGR-2025-1194,1155,1155,102,10.000,10.000,0.000,No,2025-01-10,4,Accepted,Finished Goods Warehouse,FG-0001194,SN0001194A,SN0001194Z,Generated finished goods receipt.
1195,FGR-2025-1195,1156,1156,100,12.000,12.000,0.000,No,2025-01-02,5,Accepted,Finished Goods Warehouse,FG-0001195,SN0001195A,SN0001195Z,Generated finished goods receipt.
1196,FGR-2025-1196,1157,1157,101,46.000,46.000,0.000,No,2025-01-10,6,Accepted,Finished Goods Warehouse,FG-0001196,SN0001196A,SN0001196Z,Generated finished goods receipt.
1197,FGR-2025-1197,1158,1158,102,15.000,15.000,0.000,No,2025-01-12,7,Accepted,Finished Goods Warehouse,FG-0001197,SN0001197A,SN0001197Z,Generated finished goods receipt.
1198,FGR-2025-1198,1159,1159,100,9.000,9.000,0.000,No,2025-01-09,8,Accepted,Finished Goods Warehouse,FG-0001198,SN0001198A,SN0001198Z,Generated finished goods receipt.
1199,FGR-2025-1199,1160,1160,101,19.000,19.000,0.000,No,2025-01-05,9,Accepted,Finished Goods Warehouse,FG-0001199,SN0001199A,SN0001199Z,Generated finished goods receipt.
1200,FGR-2025-1200,1161,1161,102,26.000,26.000,0.000,No,2025-01-06,10,Accepted,Finished Goods Warehouse,FG-0001200,SN0001200A,SN0001200Z,Generated finished goods receipt.
1201,FGR-2025-1201,1162,1162,100,4.000,4.000,0.000,No,2025-01-06,11,Accepted,Finished Goods Warehouse,FG-0001201,SN0001201A,SN0001201Z,Generated finished goods receipt.
1202,FGR-2025-1202,1163,1163,101,50.000,50.000,0.000,No,2025-01-10,12,Accepted,Finished Goods Warehouse,FG-0001202,SN0001202A,SN0001202Z,Generated finished goods receipt.
1203,FGR-2025-1203,1164,1164,102,11.000,11.000,0.000,No,2025-01-10,13,Accepted,Finished Goods Warehouse,FG-0001203,SN0001203A,SN0001203Z,Generated finished goods receipt.
1204,FGR-2025-1204,1165,1165,100,27.000,27.000,0.000,No,2025-01-09,1,Accepted,Finished Goods Warehouse,FG-0001204,SN0001204A,SN0001204Z,Generated finished goods receipt.
1205,FGR-2025-1205,1166,1166,101,16.000,16.000,0.000,No,2025-01-09,3,Accepted,Finished Goods Warehouse,FG-0001205,SN0001205A,SN0001205Z,Generated finished goods receipt.
1206,FGR-2025-1206,1167,1167,102,21.000,21.000,0.000,No,2025-01-05,4,Accepted,Finished Goods Warehouse,FG-0001206,SN0001206A,SN0001206Z,Generated finished goods receipt.
1207,FGR-2025-1207,1168,1168,100,5.000,5.000,0.000,No,2025-01-07,5,Accepted,Finished Goods Warehouse,FG-0001207,SN0001207A,SN0001207Z,Generated finished goods receipt.
1208,FGR-2025-1208,1169,1169,101,58.000,58.000,0.000,No,2025-01-13,6,Accepted,Finished Goods Warehouse,FG-0001208,SN0001208A,SN0001208Z,Generated finished goods receipt.
1209,FGR-2025-1209,1170,1170,102,55.000,55.000,0.000,No,2025-01-08,7,Accepted,Finished Goods Warehouse,FG-0001209,SN0001209A,SN0001209Z,Generated finished goods receipt.
1210,FGR-2025-1210,1171,1171,100,11.000,11.000,0.000,No,2025-01-11,8,Accepted,Finished Goods Warehouse,FG-0001210,SN0001210A,SN0001210Z,Generated finished goods receipt.
1211,FGR-2025-1211,1172,1172,101,14.000,14.000,0.000,No,2025-01-11,9,Accepted,Finished Goods Warehouse,FG-0001211,SN0001211A,SN0001211Z,Generated finished goods receipt.
1212,FGR-2025-1212,1173,1173,102,53.000,53.000,0.000,No,2025-01-14,10,Accepted,Finished Goods Warehouse,FG-0001212,SN0001212A,SN0001212Z,Generated finished goods receipt.
1213,FGR-2025-1213,1174,1174,100,27.000,27.000,0.000,No,2025-01-15,11,Accepted,Finished Goods Warehouse,FG-0001213,SN0001213A,SN0001213Z,Generated finished goods receipt.
1214,FGR-2025-1214,1175,1175,101,7.000,7.000,0.000,No,2025-01-11,12,Accepted,Finished Goods Warehouse,FG-0001214,SN0001214A,SN0001214Z,Generated finished goods receipt.
1215,FGR-2025-1215,1176,1176,102,11.000,11.000,0.000,No,2025-01-11,13,Accepted,Finished Goods Warehouse,FG-0001215,SN0001215A,SN0001215Z,Generated finished goods receipt.
1216,FGR-2025-1216,1177,1177,100,26.000,26.000,0.000,No,2025-01-08,1,Accepted,Finished Goods Warehouse,FG-0001216,SN0001216A,SN0001216Z,Generated finished goods receipt.
1217,FGR-2025-1217,1178,1178,101,36.000,36.000,0.000,No,2025-01-10,3,Accepted,Finished Goods Warehouse,FG-0001217,SN0001217A,SN0001217Z,Generated finished goods receipt.
1218,FGR-2025-1218,1179,1179,102,39.000,39.000,0.000,No,2025-01-12,4,Accepted,Finished Goods Warehouse,FG-0001218,SN0001218A,SN0001218Z,Generated finished goods receipt.
1219,FGR-2025-1219,1180,1180,100,13.000,13.000,0.000,No,2025-01-18,5,Accepted,Finished Goods Warehouse,FG-0001219,SN0001219A,SN0001219Z,Generated finished goods receipt.
1220,FGR-2025-1220,1181,1181,101,23.000,23.000,0.000,No,2025-01-13,6,Accepted,Finished Goods Warehouse,FG-0001220,SN0001220A,SN0001220Z,Generated finished goods receipt.
1221,FGR-2025-1221,1182,1182,102,18.000,18.000,0.000,No,2025-01-13,7,Accepted,Finished Goods Warehouse,FG-0001221,SN0001221A,SN0001221Z,Generated finished goods receipt.
1222,FGR-2025-1222,1183,1183,100,33.000,33.000,0.000,No,2025-01-15,8,Accepted,Finished Goods Warehouse,FG-0001222,SN0001222A,SN0001222Z,Generated finished goods receipt.
1223,FGR-2025-1223,1184,1184,101,21.000,21.000,0.000,No,2025-01-12,9,Accepted,Finished Goods Warehouse,FG-0001223,SN0001223A,SN0001223Z,Generated finished goods receipt.
1224,FGR-2025-1224,1185,1185,102,15.000,15.000,0.000,No,2025-01-16,10,Accepted,Finished Goods Warehouse,FG-0001224,SN0001224A,SN0001224Z,Generated finished goods receipt.
1225,FGR-2025-1225,1186,1186,100,50.000,50.000,0.000,No,2025-01-14,11,Accepted,Finished Goods Warehouse,FG-0001225,SN0001225A,SN0001225Z,Generated finished goods receipt.
1226,FGR-2025-1226,1187,1187,101,35.000,35.000,0.000,No,2025-01-17,12,Accepted,Finished Goods Warehouse,FG-0001226,SN0001226A,SN0001226Z,Generated finished goods receipt.
1227,FGR-2025-1227,1188,1188,102,29.000,29.000,0.000,No,2025-01-21,13,Accepted,Finished Goods Warehouse,FG-0001227,SN0001227A,SN0001227Z,Generated finished goods receipt.
1228,FGR-2025-1228,1189,1189,100,10.000,10.000,0.000,No,2025-01-17,1,Accepted,Finished Goods Warehouse,FG-0001228,SN0001228A,SN0001228Z,Generated finished goods receipt.
1229,FGR-2025-1229,1190,1190,101,6.000,6.000,0.000,No,2025-01-16,3,Accepted,Finished Goods Warehouse,FG-0001229,SN0001229A,SN0001229Z,Generated finished goods receipt.
1230,FGR-2025-1230,1191,1191,102,47.000,47.000,0.000,No,2025-01-11,4,Accepted,Finished Goods Warehouse,FG-0001230,SN0001230A,SN0001230Z,Generated finished goods receipt.
1231,FGR-2025-1231,1192,1192,100,57.000,57.000,0.000,No,2025-01-17,5,Accepted,Finished Goods Warehouse,FG-0001231,SN0001231A,SN0001231Z,Generated finished goods receipt.
1232,FGR-2025-1232,1193,1193,101,36.000,36.000,0.000,No,2025-01-17,6,Accepted,Finished Goods Warehouse,FG-0001232,SN0001232A,SN0001232Z,Generated finished goods receipt.
1233,FGR-2025-1233,1194,1194,102,6.000,6.000,0.000,No,2025-01-11,7,Accepted,Finished Goods Warehouse,FG-0001233,SN0001233A,SN0001233Z,Generated finished goods receipt.
1234,FGR-2025-1234,1195,1195,100,30.000,30.000,0.000,No,2025-01-09,8,Accepted,Finished Goods Warehouse,FG-0001234,SN0001234A,SN0001234Z,Generated finished goods receipt.
1235,FGR-2025-1235,1196,1196,101,20.000,20.000,0.000,No,2025-01-12,9,Accepted,Finished Goods Warehouse,FG-0001235,SN0001235A,SN0001235Z,Generated finished goods receipt.
1236,FGR-2025-1236,1197,1197,102,8.000,8.000,0.000,No,2025-01-18,10,Accepted,Finished Goods Warehouse,FG-0001236,SN0001236A,SN0001236Z,Generated finished goods receipt.
1237,FGR-2025-1237,1198,1198,100,10.000,10.000,0.000,No,2025-01-14,11,Accepted,Finished Goods Warehouse,FG-0001237,SN0001237A,SN0001237Z,Generated finished goods receipt.
1238,FGR-2025-1238,1199,1199,101,31.000,31.000,0.000,No,2025-01-15,12,Accepted,Finished Goods Warehouse,FG-0001238,SN0001238A,SN0001238Z,Generated finished goods receipt.
1239,FGR-2025-1239,1200,1200,102,27.000,27.000,0.000,No,2025-01-22,13,Accepted,Finished Goods Warehouse,FG-0001239,SN0001239A,SN0001239Z,Generated finished goods receipt.
1240,FGR-2025-1240,1201,1201,100,34.000,34.000,0.000,No,2025-01-21,1,Accepted,Finished Goods Warehouse,FG-0001240,SN0001240A,SN0001240Z,Generated finished goods receipt.
1241,FGR-2025-1241,1202,1202,101,43.000,43.000,0.000,No,2025-01-13,3,Accepted,Finished Goods Warehouse,FG-0001241,SN0001241A,SN0001241Z,Generated finished goods receipt.
1242,FGR-2025-1242,1203,1203,102,19.000,19.000,0.000,No,2025-01-13,4,Accepted,Finished Goods Warehouse,FG-0001242,SN0001242A,SN0001242Z,Generated finished goods receipt.
1243,FGR-2025-1243,1204,1204,100,19.000,19.000,0.000,No,2025-01-25,5,Accepted,Finished Goods Warehouse,FG-0001243,SN0001243A,SN0001243Z,Generated finished goods receipt.
1244,FGR-2025-1244,1205,1205,101,41.000,41.000,0.000,No,2025-01-14,6,Accepted,Finished Goods Warehouse,FG-0001244,SN0001244A,SN0001244Z,Generated finished goods receipt.
1245,FGR-2025-1245,1206,1206,102,14.000,14.000,0.000,No,2025-01-22,7,Accepted,Finished Goods Warehouse,FG-0001245,SN0001245A,SN0001245Z,Generated finished goods receipt.
1246,FGR-2025-1246,1207,1207,100,9.000,9.000,0.000,No,2025-01-15,8,Accepted,Finished Goods Warehouse,FG-0001246,SN0001246A,SN0001246Z,Generated finished goods receipt.
1247,FGR-2025-1247,1208,1208,101,51.000,51.000,0.000,No,2025-01-16,9,Accepted,Finished Goods Warehouse,FG-0001247,SN0001247A,SN0001247Z,Generated finished goods receipt.
1248,FGR-2025-1248,1209,1209,102,16.000,16.000,0.000,No,2025-01-13,10,Accepted,Finished Goods Warehouse,FG-0001248,SN0001248A,SN0001248Z,Generated finished goods receipt.
1249,FGR-2025-1249,1210,1210,100,10.000,10.000,0.000,No,2025-01-25,11,Accepted,Finished Goods Warehouse,FG-0001249,SN0001249A,SN0001249Z,Generated finished goods receipt.
1250,FGR-2025-1250,1211,1211,101,44.000,44.000,0.000,No,2025-01-16,12,Accepted,Finished Goods Warehouse,FG-0001250,SN0001250A,SN0001250Z,Generated finished goods receipt.
1251,FGR-2025-1251,1212,1212,102,33.000,33.000,0.000,No,2025-01-18,13,Accepted,Finished Goods Warehouse,FG-0001251,SN0001251A,SN0001251Z,Generated finished goods receipt.
1252,FGR-2025-1252,1213,1213,100,11.000,11.000,0.000,No,2025-01-18,1,Accepted,Finished Goods Warehouse,FG-0001252,SN0001252A,SN0001252Z,Generated finished goods receipt.
1253,FGR-2025-1253,1214,1214,101,52.000,52.000,0.000,No,2025-01-25,3,Accepted,Finished Goods Warehouse,FG-0001253,SN0001253A,SN0001253Z,Generated finished goods receipt.
1254,FGR-2025-1254,1215,1215,102,16.000,16.000,0.000,No,2025-01-28,4,Accepted,Finished Goods Warehouse,FG-0001254,SN0001254A,SN0001254Z,Generated finished goods receipt.
1255,FGR-2025-1255,1216,1216,100,40.000,40.000,0.000,No,2025-01-24,5,Accepted,Finished Goods Warehouse,FG-0001255,SN0001255A,SN0001255Z,Generated finished goods receipt.
1256,FGR-2025-1256,1217,1217,101,41.000,41.000,0.000,No,2025-01-21,6,Accepted,Finished Goods Warehouse,FG-0001256,SN0001256A,SN0001256Z,Generated finished goods receipt.
1257,FGR-2025-1257,1218,1218,102,49.000,49.000,0.000,No,2025-01-26,7,Accepted,Finished Goods Warehouse,FG-0001257,SN0001257A,SN0001257Z,Generated finished goods receipt.
1258,FGR-2025-1258,1219,1219,100,43.000,43.000,0.000,No,2025-01-21,8,Accepted,Finished Goods Warehouse,FG-0001258,SN0001258A,SN0001258Z,Generated finished goods receipt.
1259,FGR-2025-1259,1220,1220,101,42.000,42.000,0.000,No,2025-01-20,9,Accepted,Finished Goods Warehouse,FG-0001259,SN0001259A,SN0001259Z,Generated finished goods receipt.
1260,FGR-2025-1260,1221,1221,102,5.000,5.000,0.000,No,2025-01-25,10,Accepted,Finished Goods Warehouse,FG-0001260,SN0001260A,SN0001260Z,Generated finished goods receipt.
1261,FGR-2025-1261,1222,1222,100,55.000,55.000,0.000,No,2025-01-20,11,Accepted,Finished Goods Warehouse,FG-0001261,SN0001261A,SN0001261Z,Generated finished goods receipt.
1262,FGR-2025-1262,1223,1223,101,10.000,10.000,0.000,No,2025-02-01,12,Accepted,Finished Goods Warehouse,FG-0001262,SN0001262A,SN0001262Z,Generated finished goods receipt.
1263,FGR-2025-1263,1224,1224,102,19.000,19.000,0.000,No,2025-01-24,13,Accepted,Finished Goods Warehouse,FG-0001263,SN0001263A,SN0001263Z,Generated finished goods receipt.
1264,FGR-2025-1264,1225,1225,100,27.000,27.000,0.000,No,2025-01-29,1,Accepted,Finished Goods Warehouse,FG-0001264,SN0001264A,SN0001264Z,Generated finished goods receipt.
1265,FGR-2025-1265,1226,1226,101,20.000,20.000,0.000,No,2025-01-22,3,Accepted,Finished Goods Warehouse,FG-0001265,SN0001265A,SN0001265Z,Generated finished goods receipt.
1266,FGR-2025-1266,1227,1227,102,37.000,37.000,0.000,No,2025-01-25,4,Accepted,Finished Goods Warehouse,FG-0001266,SN0001266A,SN0001266Z,Generated finished goods receipt.
1267,FGR-2025-1267,1228,1228,100,7.000,7.000,0.000,No,2025-01-26,5,Accepted,Finished Goods Warehouse,FG-0001267,SN0001267A,SN0001267Z,Generated finished goods receipt.
1268,FGR-2025-1268,1229,1229,101,29.000,29.000,0.000,No,2025-01-29,6,Accepted,Finished Goods Warehouse,FG-0001268,SN0001268A,SN0001268Z,Generated finished goods receipt.
1269,FGR-2025-1269,1230,1230,102,23.000,23.000,0.000,No,2025-01-24,7,Accepted,Finished Goods Warehouse,FG-0001269,SN0001269A,SN0001269Z,Generated finished goods receipt.
1270,FGR-2025-1270,1231,1231,100,40.000,40.000,0.000,No,2025-01-22,8,Accepted,Finished Goods Warehouse,FG-0001270,SN0001270A,SN0001270Z,Generated finished goods receipt.
1271,FGR-2025-1271,1232,1232,101,32.000,32.000,0.000,No,2025-01-28,9,Accepted,Finished Goods Warehouse,FG-0001271,SN0001271A,SN0001271Z,Generated finished goods receipt.
1272,FGR-2025-1272,1233,1233,102,47.000,47.000,0.000,No,2025-01-25,10,Accepted,Finished Goods Warehouse,FG-0001272,SN0001272A,SN0001272Z,Generated finished goods receipt.
1273,FGR-2025-1273,1234,1234,100,14.000,14.000,0.000,No,2025-01-26,11,Accepted,Finished Goods Warehouse,FG-0001273,SN0001273A,SN0001273Z,Generated finished goods receipt.
1274,FGR-2025-1274,1235,1235,101,58.000,58.000,0.000,No,2025-01-26,12,Accepted,Finished Goods Warehouse,FG-0001274,SN0001274A,SN0001274Z,Generated finished goods receipt.
1275,FGR-2025-1275,1236,1236,102,25.000,25.000,0.000,No,2025-01-29,13,Accepted,Finished Goods Warehouse,FG-0001275,SN0001275A,SN0001275Z,Generated finished goods receipt.
1276,FGR-2025-1276,1237,1237,100,24.000,24.000,0.000,No,2025-01-31,1,Accepted,Finished Goods Warehouse,FG-0001276,SN0001276A,SN0001276Z,Generated finished goods receipt.
1277,FGR-2025-1277,1238,1238,101,33.000,33.000,0.000,No,2025-01-27,3,Accepted,Finished Goods Warehouse,FG-0001277,SN0001277A,SN0001277Z,Generated finished goods receipt.
1278,FGR-2025-1278,1239,1239,102,12.000,12.000,0.000,No,2025-02-05,4,Accepted,Finished Goods Warehouse,FG-0001278,SN0001278A,SN0001278Z,Generated finished goods receipt.
1279,FGR-2025-1279,1240,1240,100,50.000,50.000,0.000,No,2025-01-23,5,Accepted,Finished Goods Warehouse,FG-0001279,SN0001279A,SN0001279Z,Generated finished goods receipt.
1280,FGR-2025-1280,1241,1241,101,19.000,19.000,0.000,No,2025-02-03,6,Accepted,Finished Goods Warehouse,FG-0001280,SN0001280A,SN0001280Z,Generated finished goods receipt.
1281,FGR-2025-1281,1242,1242,102,56.000,56.000,0.000,No,2025-02-03,7,Accepted,Finished Goods Warehouse,FG-0001281,SN0001281A,SN0001281Z,Generated finished goods receipt.
1282,FGR-2025-1282,1243,1243,100,13.000,13.000,0.000,No,2025-01-30,8,Accepted,Finished Goods Warehouse,FG-0001282,SN0001282A,SN0001282Z,Generated finished goods receipt.
1283,FGR-2025-1283,1244,1244,101,51.000,51.000,0.000,No,2025-01-29,9,Accepted,Finished Goods Warehouse,FG-0001283,SN0001283A,SN0001283Z,Generated finished goods receipt.
1284,FGR-2025-1284,1245,1245,102,27.000,27.000,0.000,No,2025-02-05,10,Accepted,Finished Goods Warehouse,FG-0001284,SN0001284A,SN0001284Z,Generated finished goods receipt.
1285,FGR-2025-1285,1246,1246,100,39.000,39.000,0.000,No,2025-01-30,11,Accepted,Finished Goods Warehouse,FG-0001285,SN0001285A,SN0001285Z,Generated finished goods receipt.
1286,FGR-2025-1286,1247,1247,101,52.000,52.000,0.000,No,2025-02-02,12,Accepted,Finished Goods Warehouse,FG-0001286,SN0001286A,SN0001286Z,Generated finished goods receipt.
1287,FGR-2025-1287,1248,1248,102,10.000,10.000,0.000,No,2025-02-02,13,Accepted,Finished Goods Warehouse,FG-0001287,SN0001287A,SN0001287Z,Generated finished goods receipt.
1288,FGR-2025-1288,1249,1249,100,22.000,22.000,0.000,No,2025-01-28,1,Accepted,Finished Goods Warehouse,FG-0001288,SN0001288A,SN0001288Z,Generated finished goods receipt.
1289,FGR-2025-1289,1250,1250,101,57.000,57.000,0.000,No,2025-02-04,3,Accepted,Finished Goods Warehouse,FG-0001289,SN0001289A,SN0001289Z,Generated finished goods receipt.
1290,FGR-2025-1290,1251,1251,102,12.000,12.000,0.000,No,2025-02-06,4,Accepted,Finished Goods Warehouse,FG-0001290,SN0001290A,SN0001290Z,Generated finished goods receipt.
1291,FGR-2025-1291,1252,1252,100,9.000,9.000,0.000,No,2025-02-03,5,Accepted,Finished Goods Warehouse,FG-0001291,SN0001291A,SN0001291Z,Generated finished goods receipt.
1292,FGR-2025-1292,1253,1253,101,33.000,33.000,0.000,No,2025-01-29,6,Accepted,Finished Goods Warehouse,FG-0001292,SN0001292A,SN0001292Z,Generated finished goods receipt.
1293,FGR-2025-1293,1254,1254,102,4.000,4.000,0.000,No,2025-02-03,7,Accepted,Finished Goods Warehouse,FG-0001293,SN0001293A,SN0001293Z,Generated finished goods receipt.
1294,FGR-2025-1294,1255,1255,100,59.000,59.000,0.000,No,2025-02-03,8,Accepted,Finished Goods Warehouse,FG-0001294,SN0001294A,SN0001294Z,Generated finished goods receipt.
1295,FGR-2025-1295,1256,1256,101,53.000,53.000,0.000,No,2025-01-31,9,Accepted,Finished Goods Warehouse,FG-0001295,SN0001295A,SN0001295Z,Generated finished goods receipt.
1296,FGR-2025-1296,1257,1257,102,14.000,14.000,0.000,No,2025-02-01,10,Accepted,Finished Goods Warehouse,FG-0001296,SN0001296A,SN0001296Z,Generated finished goods receipt.
1297,FGR-2025-1297,1258,1258,100,14.000,14.000,0.000,No,2025-02-12,11,Accepted,Finished Goods Warehouse,FG-0001297,SN0001297A,SN0001297Z,Generated finished goods receipt.
1298,FGR-2025-1298,1259,1259,101,47.000,47.000,0.000,No,2025-02-04,12,Accepted,Finished Goods Warehouse,FG-0001298,SN0001298A,SN0001298Z,Generated finished goods receipt.
1299,FGR-2025-1299,1260,1260,102,33.000,33.000,0.000,No,2025-02-06,13,Accepted,Finished Goods Warehouse,FG-0001299,SN0001299A,SN0001299Z,Generated finished goods receipt.
1300,FGR-2025-1300,1261,1261,100,50.000,50.000,0.000,No,2025-02-11,1,Accepted,Finished Goods Warehouse,FG-0001300,SN0001300A,SN0001300Z,Generated finished goods receipt.
1301,FGR-2025-1301,1262,1262,101,58.000,58.000,0.000,No,2025-02-05,3,Accepted,Finished Goods Warehouse,FG-0001301,SN0001301A,SN0001301Z,Generated finished goods receipt.
1302,FGR-2025-1302,1263,1263,102,26.000,26.000,0.000,No,2025-02-08,4,Accepted,Finished Goods Warehouse,FG-0001302,SN0001302A,SN0001302Z,Generated finished goods receipt.
1303,FGR-2025-1303,1264,1264,100,19.000,19.000,0.000,No,2025-02-07,5,Accepted,Finished Goods Warehouse,FG-0001303,SN0001303A,SN0001303Z,Generated finished goods receipt.
1304,FGR-2025-1304,1265,1265,101,39.000,39.000,0.000,No,2025-02-07,6,Accepted,Finished Goods Warehouse,FG-0001304,SN0001304A,SN0001304Z,Generated finished goods receipt.
1305,FGR-2025-1305,1266,1266,102,39.000,39.000,0.000,No,2025-02-09,7,Accepted,Finished Goods Warehouse,FG-0001305,SN0001305A,SN0001305Z,Generated finished goods receipt.
1306,FGR-2025-1306,1267,1267,100,27.000,27.000,0.000,No,2025-02-04,8,Accepted,Finished Goods Warehouse,FG-0001306,SN0001306A,SN0001306Z,Generated finished goods receipt.
1307,FGR-2025-1307,1268,1268,101,19.000,19.000,0.000,No,2025-02-05,9,Accepted,Finished Goods Warehouse,FG-0001307,SN0001307A,SN0001307Z,Generated finished goods receipt.
1308,FGR-2025-1308,1269,1269,102,17.000,17.000,0.000,No,2025-02-06,10,Accepted,Finished Goods Warehouse,FG-0001308,SN0001308A,SN0001308Z,Generated finished goods receipt.
1309,FGR-2025-1309,1270,1270,100,34.000,34.000,0.000,No,2025-02-14,11,Accepted,Finished Goods Warehouse,FG-0001309,SN0001309A,SN0001309Z,Generated finished goods receipt.
1310,FGR-2025-1310,1271,1271,101,26.000,26.000,0.000,No,2025-02-08,12,Accepted,Finished Goods Warehouse,FG-0001310,SN0001310A,SN0001310Z,Generated finished goods receipt.
1311,FGR-2025-1311,1272,1272,102,29.000,29.000,0.000,No,2025-02-15,13,Accepted,Finished Goods Warehouse,FG-0001311,SN0001311A,SN0001311Z,Generated finished goods receipt.
1312,FGR-2025-1312,1273,1273,100,8.000,8.000,0.000,No,2025-02-06,1,Accepted,Finished Goods Warehouse,FG-0001312,SN0001312A,SN0001312Z,Generated finished goods receipt.
1313,FGR-2025-1313,1274,1274,101,52.000,52.000,0.000,No,2025-02-14,3,Accepted,Finished Goods Warehouse,FG-0001313,SN0001313A,SN0001313Z,Generated finished goods receipt.
1314,FGR-2025-1314,1275,1275,102,43.000,43.000,0.000,No,2025-02-10,4,Accepted,Finished Goods Warehouse,FG-0001314,SN0001314A,SN0001314Z,Generated finished goods receipt.
1315,FGR-2025-1315,1276,1276,100,54.000,54.000,0.000,No,2025-02-05,5,Accepted,Finished Goods Warehouse,FG-0001315,SN0001315A,SN0001315Z,Generated finished goods receipt.
1316,FGR-2025-1316,1277,1277,101,51.000,51.000,0.000,No,2025-02-07,6,Accepted,Finished Goods Warehouse,FG-0001316,SN0001316A,SN0001316Z,Generated finished goods receipt.
1317,FGR-2025-1317,1278,1278,102,37.000,37.000,0.000,No,2025-02-13,7,Accepted,Finished Goods Warehouse,FG-0001317,SN0001317A,SN0001317Z,Generated finished goods receipt.
1318,FGR-2025-1318,1279,1279,100,22.000,22.000,0.000,No,2025-02-10,8,Accepted,Finished Goods Warehouse,FG-0001318,SN0001318A,SN0001318Z,Generated finished goods receipt.
1319,FGR-2025-1319,1280,1280,101,39.000,39.000,0.000,No,2025-02-13,9,Accepted,Finished Goods Warehouse,FG-0001319,SN0001319A,SN0001319Z,Generated finished goods receipt.
1320,FGR-2025-1320,1281,1281,102,35.000,35.000,0.000,No,2025-02-08,10,Accepted,Finished Goods Warehouse,FG-0001320,SN0001320A,SN0001320Z,Generated finished goods receipt.
1321,FGR-2025-1321,1282,1282,100,55.000,55.000,0.000,No,2025-02-11,11,Accepted,Finished Goods Warehouse,FG-0001321,SN0001321A,SN0001321Z,Generated finished goods receipt.
1322,FGR-2025-1322,1283,1283,101,16.000,16.000,0.000,No,2025-02-07,12,Accepted,Finished Goods Warehouse,FG-0001322,SN0001322A,SN0001322Z,Generated finished goods receipt.
1323,FGR-2025-1323,1284,1284,102,6.000,6.000,0.000,No,2025-02-12,13,Accepted,Finished Goods Warehouse,FG-0001323,SN0001323A,SN0001323Z,Generated finished goods receipt.
1324,FGR-2025-1324,1285,1285,100,10.000,10.000,0.000,No,2025-02-13,1,Accepted,Finished Goods Warehouse,FG-0001324,SN0001324A,SN0001324Z,Generated finished goods receipt.
1325,FGR-2025-1325,1286,1286,101,13.000,13.000,0.000,No,2025-02-13,3,Accepted,Finished Goods Warehouse,FG-0001325,SN0001325A,SN0001325Z,Generated finished goods receipt.
1326,FGR-2025-1326,1287,1287,102,41.000,41.000,0.000,No,2025-02-12,4,Accepted,Finished Goods Warehouse,FG-0001326,SN0001326A,SN0001326Z,Generated finished goods receipt.
1327,FGR-2025-1327,1288,1288,100,13.000,13.000,0.000,No,2025-02-09,5,Accepted,Finished Goods Warehouse,FG-0001327,SN0001327A,SN0001327Z,Generated finished goods receipt.
1328,FGR-2025-1328,1289,1289,101,11.000,11.000,0.000,No,2025-02-14,6,Accepted,Finished Goods Warehouse,FG-0001328,SN0001328A,SN0001328Z,Generated finished goods receipt.
1329,FGR-2025-1329,1290,1290,102,26.000,26.000,0.000,No,2025-02-13,7,Accepted,Finished Goods Warehouse,FG-0001329,SN0001329A,SN0001329Z,Generated finished goods receipt.
1330,FGR-2025-1330,1291,1291,100,46.000,46.000,0.000,No,2025-02-12,8,Accepted,Finished Goods Warehouse,FG-0001330,SN0001330A,SN0001330Z,Generated finished goods receipt.
1331,FGR-2025-1331,1292,1292,101,28.000,28.000,0.000,No,2025-02-17,9,Accepted,Finished Goods Warehouse,FG-0001331,SN0001331A,SN0001331Z,Generated finished goods receipt.
1332,FGR-2025-1332,1293,1293,102,20.000,20.000,0.000,No,2025-02-23,10,Accepted,Finished Goods Warehouse,FG-0001332,SN0001332A,SN0001332Z,Generated finished goods receipt.
1333,FGR-2025-1333,1294,1294,100,18.000,18.000,0.000,No,2025-02-20,11,Accepted,Finished Goods Warehouse,FG-0001333,SN0001333A,SN0001333Z,Generated finished goods receipt.
1334,FGR-2025-1334,1295,1295,101,48.000,48.000,0.000,No,2025-02-18,12,Accepted,Finished Goods Warehouse,FG-0001334,SN0001334A,SN0001334Z,Generated finished goods receipt.
1335,FGR-2025-1335,1296,1296,102,29.000,29.000,0.000,No,2025-02-14,13,Accepted,Finished Goods Warehouse,FG-0001335,SN0001335A,SN0001335Z,Generated finished goods receipt.
1336,FGR-2025-1336,1297,1297,100,24.000,24.000,0.000,No,2025-02-18,1,Accepted,Finished Goods Warehouse,FG-0001336,SN0001336A,SN0001336Z,Generated finished goods receipt.
1337,FGR-2025-1337,1298,1298,101,47.000,47.000,0.000,No,2025-02-20,3,Accepted,Finished Goods Warehouse,FG-0001337,SN0001337A,SN0001337Z,Generated finished goods receipt.
1338,FGR-2025-1338,1299,1299,102,25.000,25.000,0.000,No,2025-02-20,4,Accepted,Finished Goods Warehouse,FG-0001338,SN0001338A,SN0001338Z,Generated finished goods receipt.
1339,FGR-2025-1339,1300,1300,100,23.000,23.000,0.000,No,2025-02-16,5,Accepted,Finished Goods Warehouse,FG-0001339,SN0001339A,SN0001339Z,Generated finished goods receipt.
1340,FGR-2025-1340,1301,1301,101,47.000,47.000,0.000,No,2025-02-24,6,Accepted,Finished Goods Warehouse,FG-0001340,SN0001340A,SN0001340Z,Generated finished goods receipt.
1341,FGR-2025-1341,1302,1302,102,23.000,23.000,0.000,No,2025-02-18,7,Accepted,Finished Goods Warehouse,FG-0001341,SN0001341A,SN0001341Z,Generated finished goods receipt.
1342,FGR-2025-1342,1303,1303,100,32.000,32.000,0.000,No,2025-02-24,8,Accepted,Finished Goods Warehouse,FG-0001342,SN0001342A,SN0001342Z,Generated finished goods receipt.
1343,FGR-2025-1343,1304,1304,101,42.000,42.000,0.000,No,2025-02-20,9,Accepted,Finished Goods Warehouse,FG-0001343,SN0001343A,SN0001343Z,Generated finished goods receipt.
1344,FGR-2025-1344,1305,1305,102,14.000,14.000,0.000,No,2025-02-18,10,Accepted,Finished Goods Warehouse,FG-0001344,SN0001344A,SN0001344Z,Generated finished goods receipt.
1345,FGR-2025-1345,1306,1306,100,11.000,11.000,0.000,No,2025-02-20,11,Accepted,Finished Goods Warehouse,FG-0001345,SN0001345A,SN0001345Z,Generated finished goods receipt.
1346,FGR-2025-1346,1307,1307,101,51.000,51.000,0.000,No,2025-02-25,12,Accepted,Finished Goods Warehouse,FG-0001346,SN0001346A,SN0001346Z,Generated finished goods receipt.
1347,FGR-2025-1347,1308,1308,102,20.000,20.000,0.000,No,2025-02-26,13,Accepted,Finished Goods Warehouse,FG-0001347,SN0001347A,SN0001347Z,Generated finished goods receipt.
1348,FGR-2025-1348,1309,1309,100,24.000,24.000,0.000,No,2025-02-17,1,Accepted,Finished Goods Warehouse,FG-0001348,SN0001348A,SN0001348Z,Generated finished goods receipt.
1349,FGR-2025-1349,1310,1310,101,37.000,37.000,0.000,No,2025-02-24,3,Accepted,Finished Goods Warehouse,FG-0001349,SN0001349A,SN0001349Z,Generated finished goods receipt.
1350,FGR-2025-1350,1311,1311,102,10.000,10.000,0.000,No,2025-02-25,4,Accepted,Finished Goods Warehouse,FG-0001350,SN0001350A,SN0001350Z,Generated finished goods receipt.
1351,FGR-2025-1351,1312,1312,100,7.000,7.000,0.000,No,2025-02-28,5,Accepted,Finished Goods Warehouse,FG-0001351,SN0001351A,SN0001351Z,Generated finished goods receipt.
1352,FGR-2025-1352,1313,1313,101,28.000,28.000,0.000,No,2025-02-19,6,Accepted,Finished Goods Warehouse,FG-0001352,SN0001352A,SN0001352Z,Generated finished goods receipt.
1353,FGR-2025-1353,1314,1314,102,57.000,57.000,0.000,No,2025-02-27,7,Accepted,Finished Goods Warehouse,FG-0001353,SN0001353A,SN0001353Z,Generated finished goods receipt.
1354,FGR-2025-1354,1315,1315,100,36.000,36.000,0.000,No,2025-03-01,8,Accepted,Finished Goods Warehouse,FG-0001354,SN0001354A,SN0001354Z,Generated finished goods receipt.
1355,FGR-2025-1355,1316,1316,101,35.000,35.000,0.000,No,2025-02-27,9,Accepted,Finished Goods Warehouse,FG-0001355,SN0001355A,SN0001355Z,Generated finished goods receipt.
1356,FGR-2025-1356,1317,1317,102,39.000,39.000,0.000,No,2025-02-23,10,Accepted,Finished Goods Warehouse,FG-0001356,SN0001356A,SN0001356Z,Generated finished goods receipt.
1357,FGR-2025-1357,1318,1318,100,52.000,52.000,0.000,No,2025-02-27,11,Accepted,Finished Goods Warehouse,FG-0001357,SN0001357A,SN0001357Z,Generated finished goods receipt.
1358,FGR-2025-1358,1319,1319,101,50.000,50.000,0.000,No,2025-03-02,12,Accepted,Finished Goods Warehouse,FG-0001358,SN0001358A,SN0001358Z,Generated finished goods receipt.
1359,FGR-2025-1359,1320,1320,102,4.000,4.000,0.000,No,2025-02-27,13,Accepted,Finished Goods Warehouse,FG-0001359,SN0001359A,SN0001359Z,Generated finished goods receipt.
1360,FGR-2025-1360,1321,1321,100,33.000,33.000,0.000,No,2025-03-01,1,Accepted,Finished Goods Warehouse,FG-0001360,SN0001360A,SN0001360Z,Generated finished goods receipt.
1361,FGR-2025-1361,1322,1322,101,35.000,35.000,0.000,No,2025-02-25,3,Accepted,Finished Goods Warehouse,FG-0001361,SN0001361A,SN0001361Z,Generated finished goods receipt.
1362,FGR-2025-1362,1323,1323,102,15.000,15.000,0.000,No,2025-02-27,4,Accepted,Finished Goods Warehouse,FG-0001362,SN0001362A,SN0001362Z,Generated finished goods receipt.
1363,FGR-2025-1363,1324,1324,100,59.000,59.000,0.000,No,2025-02-23,5,Accepted,Finished Goods Warehouse,FG-0001363,SN0001363A,SN0001363Z,Generated finished goods receipt.
1364,FGR-2025-1364,1325,1325,101,17.000,17.000,0.000,No,2025-02-25,6,Accepted,Finished Goods Warehouse,FG-0001364,SN0001364A,SN0001364Z,Generated finished goods receipt.
1365,FGR-2025-1365,1326,1326,102,51.000,51.000,0.000,No,2025-03-02,7,Accepted,Finished Goods Warehouse,FG-0001365,SN0001365A,SN0001365Z,Generated finished goods receipt.
1366,FGR-2025-1366,1327,1327,100,8.000,8.000,0.000,No,2025-03-08,8,Accepted,Finished Goods Warehouse,FG-0001366,SN0001366A,SN0001366Z,Generated finished goods receipt.
1367,FGR-2025-1367,1328,1328,101,36.000,36.000,0.000,No,2025-03-02,9,Accepted,Finished Goods Warehouse,FG-0001367,SN0001367A,SN0001367Z,Generated finished goods receipt.
1368,FGR-2025-1368,1329,1329,102,45.000,45.000,0.000,No,2025-03-03,10,Accepted,Finished Goods Warehouse,FG-0001368,SN0001368A,SN0001368Z,Generated finished goods receipt.
1369,FGR-2025-1369,1330,1330,100,31.000,31.000,0.000,No,2025-03-09,11,Accepted,Finished Goods Warehouse,FG-0001369,SN0001369A,SN0001369Z,Generated finished goods receipt.
1370,FGR-2025-1370,1331,1331,101,8.000,8.000,0.000,No,2025-03-05,12,Accepted,Finished Goods Warehouse,FG-0001370,SN0001370A,SN0001370Z,Generated finished goods receipt.
1371,FGR-2025-1371,1332,1332,102,11.000,11.000,0.000,No,2025-03-04,13,Accepted,Finished Goods Warehouse,FG-0001371,SN0001371A,SN0001371Z,Generated finished goods receipt.
1372,FGR-2025-1372,1333,1333,100,38.000,38.000,0.000,No,2025-03-07,1,Accepted,Finished Goods Warehouse,FG-0001372,SN0001372A,SN0001372Z,Generated finished goods receipt.
1373,FGR-2025-1373,1334,1334,101,53.000,53.000,0.000,No,2025-03-09,3,Accepted,Finished Goods Warehouse,FG-0001373,SN0001373A,SN0001373Z,Generated finished goods receipt.
1374,FGR-2025-1374,1335,1335,102,38.000,38.000,0.000,No,2025-03-09,4,Accepted,Finished Goods Warehouse,FG-0001374,SN0001374A,SN0001374Z,Generated finished goods receipt.
1375,FGR-2025-1375,1336,1336,100,10.000,10.000,0.000,No,2025-03-02,5,Accepted,Finished Goods Warehouse,FG-0001375,SN0001375A,SN0001375Z,Generated finished goods receipt.
1376,FGR-2025-1376,1337,1337,101,47.000,47.000,0.000,No,2025-03-09,6,Accepted,Finished Goods Warehouse,FG-0001376,SN0001376A,SN0001376Z,Generated finished goods receipt.
1377,FGR-2025-1377,1338,1338,102,28.000,28.000,0.000,No,2025-03-13,7,Accepted,Finished Goods Warehouse,FG-0001377,SN0001377A,SN0001377Z,Generated finished goods receipt.
1378,FGR-2025-1378,1339,1339,100,9.000,9.000,0.000,No,2025-03-08,8,Accepted,Finished Goods Warehouse,FG-0001378,SN0001378A,SN0001378Z,Generated finished goods receipt.
1379,FGR-2025-1379,1340,1340,101,25.000,25.000,0.000,No,2025-03-09,9,Accepted,Finished Goods Warehouse,FG-0001379,SN0001379A,SN0001379Z,Generated finished goods receipt.
1380,FGR-2025-1380,1341,1341,102,16.000,16.000,0.000,No,2025-03-06,10,Accepted,Finished Goods Warehouse,FG-0001380,SN0001380A,SN0001380Z,Generated finished goods receipt.
1381,FGR-2025-1381,1342,1342,100,60.000,60.000,0.000,No,2025-03-09,11,Accepted,Finished Goods Warehouse,FG-0001381,SN0001381A,SN0001381Z,Generated finished goods receipt.
1382,FGR-2025-1382,1343,1343,101,55.000,55.000,0.000,No,2025-03-04,12,Accepted,Finished Goods Warehouse,FG-0001382,SN0001382A,SN0001382Z,Generated finished goods receipt.
1383,FGR-2025-1383,1344,1344,102,8.000,8.000,0.000,No,2025-03-06,13,Accepted,Finished Goods Warehouse,FG-0001383,SN0001383A,SN0001383Z,Generated finished goods receipt.
1384,FGR-2025-1384,1345,1345,100,35.000,35.000,0.000,No,2025-03-09,1,Accepted,Finished Goods Warehouse,FG-0001384,SN0001384A,SN0001384Z,Generated finished goods receipt.
1385,FGR-2025-1385,1346,1346,101,4.000,4.000,0.000,No,2025-03-08,3,Accepted,Finished Goods Warehouse,FG-0001385,SN0001385A,SN0001385Z,Generated finished goods receipt.
1386,FGR-2025-1386,1347,1347,102,29.000,29.000,0.000,No,2025-03-08,4,Accepted,Finished Goods Warehouse,FG-0001386,SN0001386A,SN0001386Z,Generated finished goods receipt.
1387,FGR-2025-1387,1348,1348,100,12.000,12.000,0.000,No,2025-03-03,5,Accepted,Finished Goods Warehouse,FG-0001387,SN0001387A,SN0001387Z,Generated finished goods receipt.
1388,FGR-2025-1388,1349,1349,101,45.000,45.000,0.000,No,2025-03-07,6,Accepted,Finished Goods Warehouse,FG-0001388,SN0001388A,SN0001388Z,Generated finished goods receipt.
1389,FGR-2025-1389,1350,1350,102,9.000,9.000,0.000,No,2025-03-16,7,Accepted,Finished Goods Warehouse,FG-0001389,SN0001389A,SN0001389Z,Generated finished goods receipt.
1390,FGR-2025-1390,1351,1351,100,55.000,55.000,0.000,No,2025-03-13,8,Accepted,Finished Goods Warehouse,FG-0001390,SN0001390A,SN0001390Z,Generated finished goods receipt.
1391,FGR-2025-1391,1352,1352,101,15.000,15.000,0.000,No,2025-03-03,9,Accepted,Finished Goods Warehouse,FG-0001391,SN0001391A,SN0001391Z,Generated finished goods receipt.
1392,FGR-2025-1392,1353,1353,102,19.000,19.000,0.000,No,2025-03-12,10,Accepted,Finished Goods Warehouse,FG-0001392,SN0001392A,SN0001392Z,Generated finished goods receipt.
1393,FGR-2025-1393,1354,1354,100,54.000,54.000,0.000,No,2025-03-09,11,Accepted,Finished Goods Warehouse,FG-0001393,SN0001393A,SN0001393Z,Generated finished goods receipt.
1394,FGR-2025-1394,1355,1355,101,54.000,54.000,0.000,No,2025-03-08,12,Accepted,Finished Goods Warehouse,FG-0001394,SN0001394A,SN0001394Z,Generated finished goods receipt.
1395,FGR-2025-1395,1356,1356,102,10.000,10.000,0.000,No,2025-03-10,13,Accepted,Finished Goods Warehouse,FG-0001395,SN0001395A,SN0001395Z,Generated finished goods receipt.
1396,FGR-2025-1396,1357,1357,100,9.000,9.000,0.000,No,2025-03-16,1,Accepted,Finished Goods Warehouse,FG-0001396,SN0001396A,SN0001396Z,Generated finished goods receipt.
1397,FGR-2025-1397,1358,1358,101,52.000,52.000,0.000,No,2025-03-15,3,Accepted,Finished Goods Warehouse,FG-0001397,SN0001397A,SN0001397Z,Generated finished goods receipt.
1398,FGR-2025-1398,1359,1359,102,59.000,59.000,0.000,No,2025-03-12,4,Accepted,Finished Goods Warehouse,FG-0001398,SN0001398A,SN0001398Z,Generated finished goods receipt.
1399,FGR-2025-1399,1360,1360,100,31.000,31.000,0.000,No,2025-03-17,5,Accepted,Finished Goods Warehouse,FG-0001399,SN0001399A,SN0001399Z,Generated finished goods receipt.
1400,FGR-2025-1400,1361,1361,101,12.000,12.000,0.000,No,2025-03-08,6,Accepted,Finished Goods Warehouse,FG-0001400,SN0001400A,SN0001400Z,Generated finished goods receipt.
1401,FGR-2025-1401,1362,1362,102,11.000,11.000,0.000,No,2025-03-11,7,Accepted,Finished Goods Warehouse,FG-0001401,SN0001401A,SN0001401Z,Generated finished goods receipt.
1402,FGR-2025-1402,1363,1363,100,17.000,17.000,0.000,No,2025-03-09,8,Accepted,Finished Goods Warehouse,FG-0001402,SN0001402A,SN0001402Z,Generated finished goods receipt.
1403,FGR-2025-1403,1364,1364,101,41.000,41.000,0.000,No,2025-03-11,9,Accepted,Finished Goods Warehouse,FG-0001403,SN0001403A,SN0001403Z,Generated finished goods receipt.
1404,FGR-2025-1404,1365,1365,102,8.000,8.000,0.000,No,2025-03-05,10,Accepted,Finished Goods Warehouse,FG-0001404,SN0001404A,SN0001404Z,Generated finished goods receipt.
1405,FGR-2025-1405,1366,1366,100,40.000,40.000,0.000,No,2025-03-10,11,Accepted,Finished Goods Warehouse,FG-0001405,SN0001405A,SN0001405Z,Generated finished goods receipt.
1406,FGR-2025-1406,1367,1367,101,50.000,50.000,0.000,No,2025-03-08,12,Accepted,Finished Goods Warehouse,FG-0001406,SN0001406A,SN0001406Z,Generated finished goods receipt.
1407,FGR-2025-1407,1368,1368,102,13.000,13.000,0.000,No,2025-03-08,13,Accepted,Finished Goods Warehouse,FG-0001407,SN0001407A,SN0001407Z,Generated finished goods receipt.
1408,FGR-2025-1408,1369,1369,100,60.000,60.000,0.000,No,2025-03-14,1,Accepted,Finished Goods Warehouse,FG-0001408,SN0001408A,SN0001408Z,Generated finished goods receipt.
1409,FGR-2025-1409,1370,1370,101,58.000,58.000,0.000,No,2025-03-09,3,Accepted,Finished Goods Warehouse,FG-0001409,SN0001409A,SN0001409Z,Generated finished goods receipt.
1410,FGR-2025-1410,1371,1371,102,19.000,19.000,0.000,No,2025-03-16,4,Accepted,Finished Goods Warehouse,FG-0001410,SN0001410A,SN0001410Z,Generated finished goods receipt.
1411,FGR-2025-1411,1372,1372,100,9.000,9.000,0.000,No,2025-03-09,5,Accepted,Finished Goods Warehouse,FG-0001411,SN0001411A,SN0001411Z,Generated finished goods receipt.
1412,FGR-2025-1412,1373,1373,101,21.000,21.000,0.000,No,2025-03-19,6,Accepted,Finished Goods Warehouse,FG-0001412,SN0001412A,SN0001412Z,Generated finished goods receipt.
1413,FGR-2025-1413,1374,1374,102,19.000,19.000,0.000,No,2025-03-15,7,Accepted,Finished Goods Warehouse,FG-0001413,SN0001413A,SN0001413Z,Generated finished goods receipt.
1414,FGR-2025-1414,1375,1375,100,18.000,18.000,0.000,No,2025-03-17,8,Accepted,Finished Goods Warehouse,FG-0001414,SN0001414A,SN0001414Z,Generated finished goods receipt.
1415,FGR-2025-1415,1376,1376,101,56.000,56.000,0.000,No,2025-03-16,9,Accepted,Finished Goods Warehouse,FG-0001415,SN0001415A,SN0001415Z,Generated finished goods receipt.
1416,FGR-2025-1416,1377,1377,102,13.000,13.000,0.000,No,2025-03-17,10,Accepted,Finished Goods Warehouse,FG-0001416,SN0001416A,SN0001416Z,Generated finished goods receipt.
1417,FGR-2025-1417,1378,1378,100,20.000,20.000,0.000,No,2025-03-19,11,Accepted,Finished Goods Warehouse,FG-0001417,SN0001417A,SN0001417Z,Generated finished goods receipt.
1418,FGR-2025-1418,1379,1379,101,49.000,49.000,0.000,No,2025-03-20,12,Accepted,Finished Goods Warehouse,FG-0001418,SN0001418A,SN0001418Z,Generated finished goods receipt.
1419,FGR-2025-1419,1380,1380,102,7.000,7.000,0.000,No,2025-03-21,13,Accepted,Finished Goods Warehouse,FG-0001419,SN0001419A,SN0001419Z,Generated finished goods receipt.
1420,FGR-2025-1420,1381,1381,100,8.000,8.000,0.000,No,2025-03-26,1,Accepted,Finished Goods Warehouse,FG-0001420,SN0001420A,SN0001420Z,Generated finished goods receipt.
1421,FGR-2025-1421,1382,1382,101,19.000,19.000,0.000,No,2025-03-20,3,Accepted,Finished Goods Warehouse,FG-0001421,SN0001421A,SN0001421Z,Generated finished goods receipt.
1422,FGR-2025-1422,1383,1383,102,59.000,59.000,0.000,No,2025-03-26,4,Accepted,Finished Goods Warehouse,FG-0001422,SN0001422A,SN0001422Z,Generated finished goods receipt.
1423,FGR-2025-1423,1384,1384,100,50.000,50.000,0.000,No,2025-03-23,5,Accepted,Finished Goods Warehouse,FG-0001423,SN0001423A,SN0001423Z,Generated finished goods receipt.
1424,FGR-2025-1424,1385,1385,101,55.000,55.000,0.000,No,2025-03-21,6,Accepted,Finished Goods Warehouse,FG-0001424,SN0001424A,SN0001424Z,Generated finished goods receipt.
1425,FGR-2025-1425,1386,1386,102,52.000,52.000,0.000,No,2025-03-19,7,Accepted,Finished Goods Warehouse,FG-0001425,SN0001425A,SN0001425Z,Generated finished goods receipt.
1426,FGR-2025-1426,1387,1387,100,11.000,11.000,0.000,No,2025-03-28,8,Accepted,Finished Goods Warehouse,FG-0001426,SN0001426A,SN0001426Z,Generated finished goods receipt.
1427,FGR-2025-1427,1388,1388,101,27.000,27.000,0.000,No,2025-03-21,9,Accepted,Finished Goods Warehouse,FG-0001427,SN0001427A,SN0001427Z,Generated finished goods receipt.
1428,FGR-2025-1428,1389,1389,102,34.000,34.000,0.000,No,2025-03-22,10,Accepted,Finished Goods Warehouse,FG-0001428,SN0001428A,SN0001428Z,Generated finished goods receipt.
1429,FGR-2025-1429,1390,1390,100,13.000,13.000,0.000,No,2025-03-19,11,Accepted,Finished Goods Warehouse,FG-0001429,SN0001429A,SN0001429Z,Generated finished goods receipt.
1430,FGR-2025-1430,1391,1391,101,60.000,60.000,0.000,No,2025-03-20,12,Accepted,Finished Goods Warehouse,FG-0001430,SN0001430A,SN0001430Z,Generated finished goods receipt.
1431,FGR-2025-1431,1392,1392,102,37.000,37.000,0.000,No,2025-03-17,13,Accepted,Finished Goods Warehouse,FG-0001431,SN0001431A,SN0001431Z,Generated finished goods receipt.
1432,FGR-2025-1432,1393,1393,100,51.000,51.000,0.000,No,2025-03-26,1,Accepted,Finished Goods Warehouse,FG-0001432,SN0001432A,SN0001432Z,Generated finished goods receipt.
1433,FGR-2025-1433,1394,1394,101,19.000,19.000,0.000,No,2025-03-19,3,Accepted,Finished Goods Warehouse,FG-0001433,SN0001433A,SN0001433Z,Generated finished goods receipt.
1434,FGR-2025-1434,1395,1395,102,45.000,45.000,0.000,No,2025-03-19,4,Accepted,Finished Goods Warehouse,FG-0001434,SN0001434A,SN0001434Z,Generated finished goods receipt.
1435,FGR-2025-1435,1396,1396,100,9.000,9.000,0.000,No,2025-03-24,5,Accepted,Finished Goods Warehouse,FG-0001435,SN0001435A,SN0001435Z,Generated finished goods receipt.
1436,FGR-2025-1436,1397,1397,101,6.000,6.000,0.000,No,2025-03-21,6,Accepted,Finished Goods Warehouse,FG-0001436,SN0001436A,SN0001436Z,Generated finished goods receipt.
1437,FGR-2025-1437,1398,1398,102,39.000,39.000,0.000,No,2025-03-23,7,Accepted,Finished Goods Warehouse,FG-0001437,SN0001437A,SN0001437Z,Generated finished goods receipt.
1438,FGR-2025-1438,1399,1399,100,6.000,6.000,0.000,No,2025-03-27,8,Accepted,Finished Goods Warehouse,FG-0001438,SN0001438A,SN0001438Z,Generated finished goods receipt.
1439,FGR-2025-1439,1400,1400,101,18.000,18.000,0.000,No,2025-03-31,9,Accepted,Finished Goods Warehouse,FG-0001439,SN0001439A,SN0001439Z,Generated finished goods receipt.
1440,FGR-2025-1440,1401,1401,102,48.000,48.000,0.000,No,2025-03-27,10,Accepted,Finished Goods Warehouse,FG-0001440,SN0001440A,SN0001440Z,Generated finished goods receipt.
1441,FGR-2025-1441,1402,1402,100,30.000,30.000,0.000,No,2025-03-23,11,Accepted,Finished Goods Warehouse,FG-0001441,SN0001441A,SN0001441Z,Generated finished goods receipt.
1442,FGR-2025-1442,1403,1403,101,25.000,25.000,0.000,No,2025-03-20,12,Accepted,Finished Goods Warehouse,FG-0001442,SN0001442A,SN0001442Z,Generated finished goods receipt.
1443,FGR-2025-1443,1404,1404,102,21.000,21.000,0.000,No,2025-03-27,13,Accepted,Finished Goods Warehouse,FG-0001443,SN0001443A,SN0001443Z,Generated finished goods receipt.
1444,FGR-2025-1444,1405,1405,100,42.000,42.000,0.000,No,2025-03-26,1,Accepted,Finished Goods Warehouse,FG-0001444,SN0001444A,SN0001444Z,Generated finished goods receipt.
1445,FGR-2025-1445,1406,1406,101,58.000,58.000,0.000,No,2025-03-27,3,Accepted,Finished Goods Warehouse,FG-0001445,SN0001445A,SN0001445Z,Generated finished goods receipt.
1446,FGR-2025-1446,1407,1407,102,46.000,46.000,0.000,No,2025-03-30,4,Accepted,Finished Goods Warehouse,FG-0001446,SN0001446A,SN0001446Z,Generated finished goods receipt.
1447,FGR-2025-1447,1408,1408,100,23.000,23.000,0.000,No,2025-03-30,5,Accepted,Finished Goods Warehouse,FG-0001447,SN0001447A,SN0001447Z,Generated finished goods receipt.
1448,FGR-2025-1448,1409,1409,101,26.000,26.000,0.000,No,2025-03-25,6,Accepted,Finished Goods Warehouse,FG-0001448,SN0001448A,SN0001448Z,Generated finished goods receipt.
1449,FGR-2025-1449,1410,1410,102,8.000,8.000,0.000,No,2025-03-27,7,Accepted,Finished Goods Warehouse,FG-0001449,SN0001449A,SN0001449Z,Generated finished goods receipt.
1450,FGR-2025-1450,1411,1411,100,11.000,11.000,0.000,No,2025-03-30,8,Accepted,Finished Goods Warehouse,FG-0001450,SN0001450A,SN0001450Z,Generated finished goods receipt.
1451,FGR-2025-1451,1412,1412,101,19.000,19.000,0.000,No,2025-04-03,9,Accepted,Finished Goods Warehouse,FG-0001451,SN0001451A,SN0001451Z,Generated finished goods receipt.
1452,FGR-2025-1452,1413,1413,102,24.000,24.000,0.000,No,2025-03-26,10,Accepted,Finished Goods Warehouse,FG-0001452,SN0001452A,SN0001452Z,Generated finished goods receipt.
1453,FGR-2025-1453,1414,1414,100,59.000,59.000,0.000,No,2025-03-26,11,Accepted,Finished Goods Warehouse,FG-0001453,SN0001453A,SN0001453Z,Generated finished goods receipt.
1454,FGR-2025-1454,1415,1415,101,51.000,51.000,0.000,No,2025-03-30,12,Accepted,Finished Goods Warehouse,FG-0001454,SN0001454A,SN0001454Z,Generated finished goods receipt.
1455,FGR-2025-1455,1416,1416,102,11.000,11.000,0.000,No,2025-03-23,13,Accepted,Finished Goods Warehouse,FG-0001455,SN0001455A,SN0001455Z,Generated finished goods receipt.
1456,FGR-2025-1456,1417,1417,100,21.000,21.000,0.000,No,2025-03-30,1,Accepted,Finished Goods Warehouse,FG-0001456,SN0001456A,SN0001456Z,Generated finished goods receipt.
1457,FGR-2025-1457,1418,1418,101,7.000,7.000,0.000,No,2025-04-05,3,Accepted,Finished Goods Warehouse,FG-0001457,SN0001457A,SN0001457Z,Generated finished goods receipt.
1458,FGR-2025-1458,1419,1419,102,8.000,8.000,0.000,No,2025-03-30,4,Accepted,Finished Goods Warehouse,FG-0001458,SN0001458A,SN0001458Z,Generated finished goods receipt.
1459,FGR-2025-1459,1420,1420,100,25.000,25.000,0.000,No,2025-03-27,5,Accepted,Finished Goods Warehouse,FG-0001459,SN0001459A,SN0001459Z,Generated finished goods receipt.
1460,FGR-2025-1460,1421,1421,101,57.000,57.000,0.000,No,2025-03-24,6,Accepted,Finished Goods Warehouse,FG-0001460,SN0001460A,SN0001460Z,Generated finished goods receipt.
1461,FGR-2025-1461,1422,1422,102,15.000,15.000,0.000,No,2025-03-31,7,Accepted,Finished Goods Warehouse,FG-0001461,SN0001461A,SN0001461Z,Generated finished goods receipt.
1462,FGR-2025-1462,1423,1423,100,41.000,41.000,0.000,No,2025-04-01,8,Accepted,Finished Goods Warehouse,FG-0001462,SN0001462A,SN0001462Z,Generated finished goods receipt.
1463,FGR-2025-1463,1424,1424,101,24.000,24.000,0.000,No,2025-03-27,9,Accepted,Finished Goods Warehouse,FG-0001463,SN0001463A,SN0001463Z,Generated finished goods receipt.
1464,FGR-2025-1464,1425,1425,102,35.000,35.000,0.000,No,2025-03-28,10,Accepted,Finished Goods Warehouse,FG-0001464,SN0001464A,SN0001464Z,Generated finished goods receipt.
1465,FGR-2025-1465,1426,1426,100,51.000,51.000,0.000,No,2025-04-04,11,Accepted,Finished Goods Warehouse,FG-0001465,SN0001465A,SN0001465Z,Generated finished goods receipt.
1466,FGR-2025-1466,1427,1427,101,51.000,51.000,0.000,No,2025-04-05,12,Accepted,Finished Goods Warehouse,FG-0001466,SN0001466A,SN0001466Z,Generated finished goods receipt.
1467,FGR-2025-1467,1428,1428,102,49.000,49.000,0.000,No,2025-04-04,13,Accepted,Finished Goods Warehouse,FG-0001467,SN0001467A,SN0001467Z,Generated finished goods receipt.
1468,FGR-2025-1468,1429,1429,100,28.000,28.000,0.000,No,2025-04-07,1,Accepted,Finished Goods Warehouse,FG-0001468,SN0001468A,SN0001468Z,Generated finished goods receipt.
1469,FGR-2025-1469,1430,1430,101,5.000,5.000,0.000,No,2025-04-07,3,Accepted,Finished Goods Warehouse,FG-0001469,SN0001469A,SN0001469Z,Generated finished goods receipt.
1470,FGR-2025-1470,1431,1431,102,58.000,58.000,0.000,No,2025-03-25,4,Accepted,Finished Goods Warehouse,FG-0001470,SN0001470A,SN0001470Z,Generated finished goods receipt.
1471,FGR-2025-1471,1432,1432,100,58.000,58.000,0.000,No,2025-03-26,5,Accepted,Finished Goods Warehouse,FG-0001471,SN0001471A,SN0001471Z,Generated finished goods receipt.
1472,FGR-2025-1472,1433,1433,101,51.000,51.000,0.000,No,2025-03-28,6,Accepted,Finished Goods Warehouse,FG-0001472,SN0001472A,SN0001472Z,Generated finished goods receipt.
1473,FGR-2025-1473,1434,1434,102,30.000,30.000,0.000,No,2025-04-02,7,Accepted,Finished Goods Warehouse,FG-0001473,SN0001473A,SN0001473Z,Generated finished goods receipt.
1474,FGR-2025-1474,1435,1435,100,18.000,18.000,0.000,No,2025-03-30,8,Accepted,Finished Goods Warehouse,FG-0001474,SN0001474A,SN0001474Z,Generated finished goods receipt.
1475,FGR-2025-1475,1436,1436,101,13.000,13.000,0.000,No,2025-04-04,9,Accepted,Finished Goods Warehouse,FG-0001475,SN0001475A,SN0001475Z,Generated finished goods receipt.
1476,FGR-2025-1476,1437,1437,102,23.000,23.000,0.000,No,2025-04-08,10,Accepted,Finished Goods Warehouse,FG-0001476,SN0001476A,SN0001476Z,Generated finished goods receipt.
1477,FGR-2025-1477,1438,1438,100,21.000,21.000,0.000,No,2025-03-29,11,Accepted,Finished Goods Warehouse,FG-0001477,SN0001477A,SN0001477Z,Generated finished goods receipt.
1478,FGR-2025-1478,1439,1439,101,20.000,20.000,0.000,No,2025-04-05,12,Accepted,Finished Goods Warehouse,FG-0001478,SN0001478A,SN0001478Z,Generated finished goods receipt.
1479,FGR-2025-1479,1440,1440,102,57.000,57.000,0.000,No,2025-04-07,13,Accepted,Finished Goods Warehouse,FG-0001479,SN0001479A,SN0001479Z,Generated finished goods receipt.
1480,FGR-2025-1480,1441,1441,100,41.000,41.000,0.000,No,2025-03-31,1,Accepted,Finished Goods Warehouse,FG-0001480,SN0001480A,SN0001480Z,Generated finished goods receipt.
1481,FGR-2025-1481,1442,1442,101,16.000,16.000,0.000,No,2025-04-05,3,Accepted,Finished Goods Warehouse,FG-0001481,SN0001481A,SN0001481Z,Generated finished goods receipt.
1482,FGR-2025-1482,1443,1443,102,40.000,40.000,0.000,No,2025-04-04,4,Accepted,Finished Goods Warehouse,FG-0001482,SN0001482A,SN0001482Z,Generated finished goods receipt.
1483,FGR-2025-1483,1444,1444,100,44.000,44.000,0.000,No,2025-03-30,5,Accepted,Finished Goods Warehouse,FG-0001483,SN0001483A,SN0001483Z,Generated finished goods receipt.
1484,FGR-2025-1484,1445,1445,101,32.000,32.000,0.000,No,2025-04-05,6,Accepted,Finished Goods Warehouse,FG-0001484,SN0001484A,SN0001484Z,Generated finished goods receipt.
1485,FGR-2025-1485,1446,1446,102,58.000,58.000,0.000,No,2025-03-29,7,Accepted,Finished Goods Warehouse,FG-0001485,SN0001485A,SN0001485Z,Generated finished goods receipt.
1486,FGR-2025-1486,1447,1447,100,59.000,59.000,0.000,No,2025-04-10,8,Accepted,Finished Goods Warehouse,FG-0001486,SN0001486A,SN0001486Z,Generated finished goods receipt.
1487,FGR-2025-1487,1448,1448,101,29.000,29.000,0.000,No,2025-04-03,9,Accepted,Finished Goods Warehouse,FG-0001487,SN0001487A,SN0001487Z,Generated finished goods receipt.
1488,FGR-2025-1488,1449,1449,102,29.000,29.000,0.000,No,2025-03-29,10,Accepted,Finished Goods Warehouse,FG-0001488,SN0001488A,SN0001488Z,Generated finished goods receipt.
1489,FGR-2025-1489,1450,1450,100,16.000,16.000,0.000,No,2025-04-11,11,Accepted,Finished Goods Warehouse,FG-0001489,SN0001489A,SN0001489Z,Generated finished goods receipt.
1490,FGR-2025-1490,1451,1451,101,46.000,46.000,0.000,No,2025-04-01,12,Accepted,Finished Goods Warehouse,FG-0001490,SN0001490A,SN0001490Z,Generated finished goods receipt.
1491,FGR-2025-1491,1452,1452,102,55.000,55.000,0.000,No,2025-04-01,13,Accepted,Finished Goods Warehouse,FG-0001491,SN0001491A,SN0001491Z,Generated finished goods receipt.
1492,FGR-2025-1492,1453,1453,100,40.000,40.000,0.000,No,2025-04-05,1,Accepted,Finished Goods Warehouse,FG-0001492,SN0001492A,SN0001492Z,Generated finished goods receipt.
1493,FGR-2025-1493,1454,1454,101,15.000,15.000,0.000,No,2025-04-07,3,Accepted,Finished Goods Warehouse,FG-0001493,SN0001493A,SN0001493Z,Generated finished goods receipt.
1494,FGR-2025-1494,1455,1455,102,33.000,33.000,0.000,No,2025-04-06,4,Accepted,Finished Goods Warehouse,FG-0001494,SN0001494A,SN0001494Z,Generated finished goods receipt.
1495,FGR-2025-1495,1456,1456,100,47.000,47.000,0.000,No,2025-04-03,5,Accepted,Finished Goods Warehouse,FG-0001495,SN0001495A,SN0001495Z,Generated finished goods receipt.
1496,FGR-2025-1496,1457,1457,101,5.000,5.000,0.000,No,2025-04-08,6,Accepted,Finished Goods Warehouse,FG-0001496,SN0001496A,SN0001496Z,Generated finished goods receipt.
1497,FGR-2025-1497,1458,1458,102,38.000,38.000,0.000,No,2025-04-06,7,Accepted,Finished Goods Warehouse,FG-0001497,SN0001497A,SN0001497Z,Generated finished goods receipt.
1498,FGR-2025-1498,1459,1459,100,41.000,41.000,0.000,No,2025-04-05,8,Accepted,Finished Goods Warehouse,FG-0001498,SN0001498A,SN0001498Z,Generated finished goods receipt.
1499,FGR-2025-1499,1460,1460,101,35.000,35.000,0.000,No,2025-04-02,9,Accepted,Finished Goods Warehouse,FG-0001499,SN0001499A,SN0001499Z,Generated finished goods receipt.
1500,FGR-2025-1500,1461,1461,102,38.000,38.000,0.000,No,2025-04-04,10,Accepted,Finished Goods Warehouse,FG-0001500,SN0001500A,SN0001500Z,Generated finished goods receipt.
1501,FGR-2025-1501,1462,1462,100,55.000,55.000,0.000,No,2025-04-10,11,Accepted,Finished Goods Warehouse,FG-0001501,SN0001501A,SN0001501Z,Generated finished goods receipt.
1502,FGR-2025-1502,1463,1463,101,9.000,9.000,0.000,No,2025-04-02,12,Accepted,Finished Goods Warehouse,FG-0001502,SN0001502A,SN0001502Z,Generated finished goods receipt.
1503,FGR-2025-1503,1464,1464,102,35.000,35.000,0.000,No,2025-04-09,13,Accepted,Finished Goods Warehouse,FG-0001503,SN0001503A,SN0001503Z,Generated finished goods receipt.
1504,FGR-2025-1504,1465,1465,100,49.000,49.000,0.000,No,2025-04-07,1,Accepted,Finished Goods Warehouse,FG-0001504,SN0001504A,SN0001504Z,Generated finished goods receipt.
1505,FGR-2025-1505,1466,1466,101,51.000,51.000,0.000,No,2025-04-11,3,Accepted,Finished Goods Warehouse,FG-0001505,SN0001505A,SN0001505Z,Generated finished goods receipt.
1506,FGR-2025-1506,1467,1467,102,31.000,31.000,0.000,No,2025-04-13,4,Accepted,Finished Goods Warehouse,FG-0001506,SN0001506A,SN0001506Z,Generated finished goods receipt.
1507,FGR-2025-1507,1468,1468,100,59.000,59.000,0.000,No,2025-04-11,5,Accepted,Finished Goods Warehouse,FG-0001507,SN0001507A,SN0001507Z,Generated finished goods receipt.
1508,FGR-2025-1508,1469,1469,101,23.000,23.000,0.000,No,2025-04-16,6,Accepted,Finished Goods Warehouse,FG-0001508,SN0001508A,SN0001508Z,Generated finished goods receipt.
1509,FGR-2025-1509,1470,1470,102,27.000,27.000,0.000,No,2025-04-12,7,Accepted,Finished Goods Warehouse,FG-0001509,SN0001509A,SN0001509Z,Generated finished goods receipt.
1510,FGR-2025-1510,1471,1471,100,51.000,51.000,0.000,No,2025-04-14,8,Accepted,Finished Goods Warehouse,FG-0001510,SN0001510A,SN0001510Z,Generated finished goods receipt.
1511,FGR-2025-1511,1472,1472,101,29.000,29.000,0.000,No,2025-04-16,9,Accepted,Finished Goods Warehouse,FG-0001511,SN0001511A,SN0001511Z,Generated finished goods receipt.
1512,FGR-2025-1512,1473,1473,102,23.000,23.000,0.000,No,2025-04-19,10,Accepted,Finished Goods Warehouse,FG-0001512,SN0001512A,SN0001512Z,Generated finished goods receipt.
1513,FGR-2025-1513,1474,1474,100,34.000,34.000,0.000,No,2025-04-10,11,Accepted,Finished Goods Warehouse,FG-0001513,SN0001513A,SN0001513Z,Generated finished goods receipt.
1514,FGR-2025-1514,1475,1475,101,38.000,38.000,0.000,No,2025-04-14,12,Accepted,Finished Goods Warehouse,FG-0001514,SN0001514A,SN0001514Z,Generated finished goods receipt.
1515,FGR-2025-1515,1476,1476,102,59.000,59.000,0.000,No,2025-04-16,13,Accepted,Finished Goods Warehouse,FG-0001515,SN0001515A,SN0001515Z,Generated finished goods receipt.
1516,FGR-2025-1516,1477,1477,100,39.000,39.000,0.000,No,2025-04-09,1,Accepted,Finished Goods Warehouse,FG-0001516,SN0001516A,SN0001516Z,Generated finished goods receipt.
1517,FGR-2025-1517,1478,1478,101,15.000,15.000,0.000,No,2025-04-13,3,Accepted,Finished Goods Warehouse,FG-0001517,SN0001517A,SN0001517Z,Generated finished goods receipt.
1518,FGR-2025-1518,1479,1479,102,7.000,7.000,0.000,No,2025-04-15,4,Accepted,Finished Goods Warehouse,FG-0001518,SN0001518A,SN0001518Z,Generated finished goods receipt.
1519,FGR-2025-1519,1480,1480,100,58.000,58.000,0.000,No,2025-04-19,5,Accepted,Finished Goods Warehouse,FG-0001519,SN0001519A,SN0001519Z,Generated finished goods receipt.
1520,FGR-2025-1520,1481,1481,101,26.000,26.000,0.000,No,2025-04-15,6,Accepted,Finished Goods Warehouse,FG-0001520,SN0001520A,SN0001520Z,Generated finished goods receipt.
1521,FGR-2025-1521,1482,1482,102,15.000,15.000,0.000,No,2025-04-18,7,Accepted,Finished Goods Warehouse,FG-0001521,SN0001521A,SN0001521Z,Generated finished goods receipt.
1522,FGR-2025-1522,1483,1483,100,17.000,17.000,0.000,No,2025-04-14,8,Accepted,Finished Goods Warehouse,FG-0001522,SN0001522A,SN0001522Z,Generated finished goods receipt.
1523,FGR-2025-1523,1484,1484,101,10.000,10.000,0.000,No,2025-04-21,9,Accepted,Finished Goods Warehouse,FG-0001523,SN0001523A,SN0001523Z,Generated finished goods receipt.
1524,FGR-2025-1524,1485,1485,102,14.000,14.000,0.000,No,2025-04-15,10,Accepted,Finished Goods Warehouse,FG-0001524,SN0001524A,SN0001524Z,Generated finished goods receipt.
1525,FGR-2025-1525,1486,1486,100,46.000,46.000,0.000,No,2025-04-18,11,Accepted,Finished Goods Warehouse,FG-0001525,SN0001525A,SN0001525Z,Generated finished goods receipt.
1526,FGR-2025-1526,1487,1487,101,40.000,40.000,0.000,No,2025-04-21,12,Accepted,Finished Goods Warehouse,FG-0001526,SN0001526A,SN0001526Z,Generated finished goods receipt.
1527,FGR-2025-1527,1488,1488,102,36.000,36.000,0.000,No,2025-04-20,13,Accepted,Finished Goods Warehouse,FG-0001527,SN0001527A,SN0001527Z,Generated finished goods receipt.
1528,FGR-2025-1528,1489,1489,100,3.000,3.000,0.000,No,2025-04-21,1,Accepted,Finished Goods Warehouse,FG-0001528,SN0001528A,SN0001528Z,Generated finished goods receipt.
1529,FGR-2025-1529,1490,1490,101,41.000,41.000,0.000,No,2025-04-12,3,Accepted,Finished Goods Warehouse,FG-0001529,SN0001529A,SN0001529Z,Generated finished goods receipt.
1530,FGR-2025-1530,1491,1491,102,58.000,58.000,0.000,No,2025-04-11,4,Accepted,Finished Goods Warehouse,FG-0001530,SN0001530A,SN0001530Z,Generated finished goods receipt.
1531,FGR-2025-1531,1492,1492,100,56.000,56.000,0.000,No,2025-04-22,5,Accepted,Finished Goods Warehouse,FG-0001531,SN0001531A,SN0001531Z,Generated finished goods receipt.
1532,FGR-2025-1532,1493,1493,101,26.000,26.000,0.000,No,2025-04-24,6,Accepted,Finished Goods Warehouse,FG-0001532,SN0001532A,SN0001532Z,Generated finished goods receipt.
1533,FGR-2025-1533,1494,1494,102,37.000,37.000,0.000,No,2025-04-15,7,Accepted,Finished Goods Warehouse,FG-0001533,SN0001533A,SN0001533Z,Generated finished goods receipt.
1534,FGR-2025-1534,1495,1495,100,19.000,19.000,0.000,No,2025-04-19,8,Accepted,Finished Goods Warehouse,FG-0001534,SN0001534A,SN0001534Z,Generated finished goods receipt.
1535,FGR-2025-1535,1496,1496,101,54.000,54.000,0.000,No,2025-04-15,9,Accepted,Finished Goods Warehouse,FG-0001535,SN0001535A,SN0001535Z,Generated finished goods receipt.
1536,FGR-2025-1536,1497,1497,102,55.000,55.000,0.000,No,2025-04-18,10,Accepted,Finished Goods Warehouse,FG-0001536,SN0001536A,SN0001536Z,Generated finished goods receipt.
1537,FGR-2025-1537,1498,1498,100,17.000,17.000,0.000,No,2025-04-27,11,Accepted,Finished Goods Warehouse,FG-0001537,SN0001537A,SN0001537Z,Generated finished goods receipt.
1538,FGR-2025-1538,1499,1499,101,30.000,30.000,0.000,No,2025-04-27,12,Accepted,Finished Goods Warehouse,FG-0001538,SN0001538A,SN0001538Z,Generated finished goods receipt.
1539,FGR-2025-1539,1500,1500,102,18.000,18.000,0.000,No,2025-04-26,13,Accepted,Finished Goods Warehouse,FG-0001539,SN0001539A,SN0001539Z,Generated finished goods receipt.
1540,FGR-2025-1540,1501,1501,100,37.000,37.000,0.000,No,2025-04-19,1,Accepted,Finished Goods Warehouse,FG-0001540,SN0001540A,SN0001540Z,Generated finished goods receipt.
1541,FGR-2025-1541,1502,1502,101,21.000,21.000,0.000,No,2025-04-25,3,Accepted,Finished Goods Warehouse,FG-0001541,SN0001541A,SN0001541Z,Generated finished goods receipt.
1542,FGR-2025-1542,1503,1503,102,41.000,41.000,0.000,No,2025-04-22,4,Accepted,Finished Goods Warehouse,FG-0001542,SN0001542A,SN0001542Z,Generated finished goods receipt.
1543,FGR-2025-1543,1504,1504,100,57.000,57.000,0.000,No,2025-04-20,5,Accepted,Finished Goods Warehouse,FG-0001543,SN0001543A,SN0001543Z,Generated finished goods receipt.
1544,FGR-2025-1544,1505,1505,101,51.000,51.000,0.000,No,2025-04-23,6,Accepted,Finished Goods Warehouse,FG-0001544,SN0001544A,SN0001544Z,Generated finished goods receipt.
1545,FGR-2025-1545,1506,1506,102,15.000,15.000,0.000,No,2025-04-20,7,Accepted,Finished Goods Warehouse,FG-0001545,SN0001545A,SN0001545Z,Generated finished goods receipt.
1546,FGR-2025-1546,1507,1507,100,12.000,12.000,0.000,No,2025-04-20,8,Accepted,Finished Goods Warehouse,FG-0001546,SN0001546A,SN0001546Z,Generated finished goods receipt.
1547,FGR-2025-1547,1508,1508,101,50.000,50.000,0.000,No,2025-04-28,9,Accepted,Finished Goods Warehouse,FG-0001547,SN0001547A,SN0001547Z,Generated finished goods receipt.
1548,FGR-2025-1548,1509,1509,102,8.000,8.000,0.000,No,2025-04-26,10,Accepted,Finished Goods Warehouse,FG-0001548,SN0001548A,SN0001548Z,Generated finished goods receipt.
1549,FGR-2025-1549,1510,1510,100,25.000,25.000,0.000,No,2025-04-29,11,Accepted,Finished Goods Warehouse,FG-0001549,SN0001549A,SN0001549Z,Generated finished goods receipt.
1550,FGR-2025-1550,1511,1511,101,60.000,60.000,0.000,No,2025-04-29,12,Accepted,Finished Goods Warehouse,FG-0001550,SN0001550A,SN0001550Z,Generated finished goods receipt.
1551,FGR-2025-1551,1512,1512,102,29.000,29.000,0.000,No,2025-05-02,13,Accepted,Finished Goods Warehouse,FG-0001551,SN0001551A,SN0001551Z,Generated finished goods receipt.
1552,FGR-2025-1552,1513,1513,100,3.000,3.000,0.000,No,2025-04-29,1,Accepted,Finished Goods Warehouse,FG-0001552,SN0001552A,SN0001552Z,Generated finished goods receipt.
1553,FGR-2025-1553,1514,1514,101,58.000,58.000,0.000,No,2025-04-30,3,Accepted,Finished Goods Warehouse,FG-0001553,SN0001553A,SN0001553Z,Generated finished goods receipt.
1554,FGR-2025-1554,1515,1515,102,42.000,42.000,0.000,No,2025-05-02,4,Accepted,Finished Goods Warehouse,FG-0001554,SN0001554A,SN0001554Z,Generated finished goods receipt.
1555,FGR-2025-1555,1516,1516,100,22.000,22.000,0.000,No,2025-04-29,5,Accepted,Finished Goods Warehouse,FG-0001555,SN0001555A,SN0001555Z,Generated finished goods receipt.
1556,FGR-2025-1556,1517,1517,101,39.000,39.000,0.000,No,2025-05-01,6,Accepted,Finished Goods Warehouse,FG-0001556,SN0001556A,SN0001556Z,Generated finished goods receipt.
1557,FGR-2025-1557,1518,1518,102,38.000,38.000,0.000,No,2025-04-26,7,Accepted,Finished Goods Warehouse,FG-0001557,SN0001557A,SN0001557Z,Generated finished goods receipt.
1558,FGR-2025-1558,1519,1519,100,35.000,35.000,0.000,No,2025-04-30,8,Accepted,Finished Goods Warehouse,FG-0001558,SN0001558A,SN0001558Z,Generated finished goods receipt.
1559,FGR-2025-1559,1520,1520,101,58.000,58.000,0.000,No,2025-04-28,9,Accepted,Finished Goods Warehouse,FG-0001559,SN0001559A,SN0001559Z,Generated finished goods receipt.
1560,FGR-2025-1560,1521,1521,102,47.000,47.000,0.000,No,2025-04-30,10,Accepted,Finished Goods Warehouse,FG-0001560,SN0001560A,SN0001560Z,Generated finished goods receipt.
1561,FGR-2025-1561,1522,1522,100,19.000,19.000,0.000,No,2025-04-30,11,Accepted,Finished Goods Warehouse,FG-0001561,SN0001561A,SN0001561Z,Generated finished goods receipt.
1562,FGR-2025-1562,1523,1523,101,58.000,58.000,0.000,No,2025-05-02,12,Accepted,Finished Goods Warehouse,FG-0001562,SN0001562A,SN0001562Z,Generated finished goods receipt.
1563,FGR-2025-1563,1524,1524,102,58.000,58.000,0.000,No,2025-05-04,13,Accepted,Finished Goods Warehouse,FG-0001563,SN0001563A,SN0001563Z,Generated finished goods receipt.
1564,FGR-2025-1564,1525,1525,100,5.000,5.000,0.000,No,2025-04-27,1,Accepted,Finished Goods Warehouse,FG-0001564,SN0001564A,SN0001564Z,Generated finished goods receipt.
1565,FGR-2025-1565,1526,1526,101,20.000,20.000,0.000,No,2025-05-01,3,Accepted,Finished Goods Warehouse,FG-0001565,SN0001565A,SN0001565Z,Generated finished goods receipt.
1566,FGR-2025-1566,1527,1527,102,38.000,38.000,0.000,No,2025-05-02,4,Accepted,Finished Goods Warehouse,FG-0001566,SN0001566A,SN0001566Z,Generated finished goods receipt.
1567,FGR-2025-1567,1528,1528,100,54.000,54.000,0.000,No,2025-04-30,5,Accepted,Finished Goods Warehouse,FG-0001567,SN0001567A,SN0001567Z,Generated finished goods receipt.
1568,FGR-2025-1568,1529,1529,101,44.000,44.000,0.000,No,2025-05-01,6,Accepted,Finished Goods Warehouse,FG-0001568,SN0001568A,SN0001568Z,Generated finished goods receipt.
1569,FGR-2025-1569,1530,1530,102,37.000,37.000,0.000,No,2025-05-02,7,Accepted,Finished Goods Warehouse,FG-0001569,SN0001569A,SN0001569Z,Generated finished goods receipt.
1570,FGR-2025-1570,1531,1531,100,20.000,20.000,0.000,No,2025-04-29,8,Accepted,Finished Goods Warehouse,FG-0001570,SN0001570A,SN0001570Z,Generated finished goods receipt.
1571,FGR-2025-1571,1532,1532,101,10.000,10.000,0.000,No,2025-05-08,9,Accepted,Finished Goods Warehouse,FG-0001571,SN0001571A,SN0001571Z,Generated finished goods receipt.
1572,FGR-2025-1572,1533,1533,102,55.000,55.000,0.000,No,2025-04-28,10,Accepted,Finished Goods Warehouse,FG-0001572,SN0001572A,SN0001572Z,Generated finished goods receipt.
1573,FGR-2025-1573,1534,1534,100,32.000,32.000,0.000,No,2025-04-30,11,Accepted,Finished Goods Warehouse,FG-0001573,SN0001573A,SN0001573Z,Generated finished goods receipt.
1574,FGR-2025-1574,1535,1535,101,30.000,30.000,0.000,No,2025-05-07,12,Accepted,Finished Goods Warehouse,FG-0001574,SN0001574A,SN0001574Z,Generated finished goods receipt.
1575,FGR-2025-1575,1536,1536,102,59.000,59.000,0.000,No,2025-05-07,13,Accepted,Finished Goods Warehouse,FG-0001575,SN0001575A,SN0001575Z,Generated finished goods receipt.
1576,FGR-2025-1576,1537,1537,100,12.000,12.000,0.000,No,2025-05-04,1,Accepted,Finished Goods Warehouse,FG-0001576,SN0001576A,SN0001576Z,Generated finished goods receipt.
1577,FGR-2025-1577,1538,1538,101,19.000,19.000,0.000,No,2025-05-10,3,Accepted,Finished Goods Warehouse,FG-0001577,SN0001577A,SN0001577Z,Generated finished goods receipt.
1578,FGR-2025-1578,1539,1539,102,52.000,52.000,0.000,No,2025-05-03,4,Accepted,Finished Goods Warehouse,FG-0001578,SN0001578A,SN0001578Z,Generated finished goods receipt.
1579,FGR-2025-1579,1540,1540,100,19.000,19.000,0.000,No,2025-05-05,5,Accepted,Finished Goods Warehouse,FG-0001579,SN0001579A,SN0001579Z,Generated finished goods receipt.
1580,FGR-2025-1580,1541,1541,101,55.000,55.000,0.000,No,2025-04-30,6,Accepted,Finished Goods Warehouse,FG-0001580,SN0001580A,SN0001580Z,Generated finished goods receipt.
1581,FGR-2025-1581,1542,1542,102,53.000,53.000,0.000,No,2025-05-07,7,Accepted,Finished Goods Warehouse,FG-0001581,SN0001581A,SN0001581Z,Generated finished goods receipt.
1582,FGR-2025-1582,1543,1543,100,9.000,9.000,0.000,No,2025-05-13,8,Accepted,Finished Goods Warehouse,FG-0001582,SN0001582A,SN0001582Z,Generated finished goods receipt.
1583,FGR-2025-1583,1544,1544,101,28.000,28.000,0.000,No,2025-05-02,9,Accepted,Finished Goods Warehouse,FG-0001583,SN0001583A,SN0001583Z,Generated finished goods receipt.
1584,FGR-2025-1584,1545,1545,102,47.000,47.000,0.000,No,2025-05-05,10,Accepted,Finished Goods Warehouse,FG-0001584,SN0001584A,SN0001584Z,Generated finished goods receipt.
1585,FGR-2025-1585,1546,1546,100,32.000,32.000,0.000,No,2025-05-07,11,Accepted,Finished Goods Warehouse,FG-0001585,SN0001585A,SN0001585Z,Generated finished goods receipt.
1586,FGR-2025-1586,1547,1547,101,15.000,15.000,0.000,No,2025-05-07,12,Accepted,Finished Goods Warehouse,FG-0001586,SN0001586A,SN0001586Z,Generated finished goods receipt.
1587,FGR-2025-1587,1548,1548,102,6.000,6.000,0.000,No,2025-05-08,13,Accepted,Finished Goods Warehouse,FG-0001587,SN0001587A,SN0001587Z,Generated finished goods receipt.
1588,FGR-2025-1588,1549,1549,100,5.000,5.000,0.000,No,2025-05-09,1,Accepted,Finished Goods Warehouse,FG-0001588,SN0001588A,SN0001588Z,Generated finished goods receipt.
1589,FGR-2025-1589,1550,1550,101,12.000,12.000,0.000,No,2025-05-10,3,Accepted,Finished Goods Warehouse,FG-0001589,SN0001589A,SN0001589Z,Generated finished goods receipt.
1590,FGR-2025-1590,1551,1551,102,18.000,18.000,0.000,No,2025-05-09,4,Accepted,Finished Goods Warehouse,FG-0001590,SN0001590A,SN0001590Z,Generated finished goods receipt.
1591,FGR-2025-1591,1552,1552,100,19.000,19.000,0.000,No,2025-05-11,5,Accepted,Finished Goods Warehouse,FG-0001591,SN0001591A,SN0001591Z,Generated finished goods receipt.
1592,FGR-2025-1592,1553,1553,101,51.000,51.000,0.000,No,2025-05-09,6,Accepted,Finished Goods Warehouse,FG-0001592,SN0001592A,SN0001592Z,Generated finished goods receipt.
1593,FGR-2025-1593,1554,1554,102,31.000,31.000,0.000,No,2025-05-13,7,Accepted,Finished Goods Warehouse,FG-0001593,SN0001593A,SN0001593Z,Generated finished goods receipt.
1594,FGR-2025-1594,1555,1555,100,11.000,11.000,0.000,No,2025-05-13,8,Accepted,Finished Goods Warehouse,FG-0001594,SN0001594A,SN0001594Z,Generated finished goods receipt.
1595,FGR-2025-1595,1556,1556,101,9.000,9.000,0.000,No,2025-05-12,9,Accepted,Finished Goods Warehouse,FG-0001595,SN0001595A,SN0001595Z,Generated finished goods receipt.
1596,FGR-2025-1596,1557,1557,102,10.000,10.000,0.000,No,2025-05-16,10,Accepted,Finished Goods Warehouse,FG-0001596,SN0001596A,SN0001596Z,Generated finished goods receipt.
1597,FGR-2025-1597,1558,1558,100,21.000,21.000,0.000,No,2025-05-09,11,Accepted,Finished Goods Warehouse,FG-0001597,SN0001597A,SN0001597Z,Generated finished goods receipt.
1598,FGR-2025-1598,1559,1559,101,45.000,45.000,0.000,No,2025-05-18,12,Accepted,Finished Goods Warehouse,FG-0001598,SN0001598A,SN0001598Z,Generated finished goods receipt.
1599,FGR-2025-1599,1560,1560,102,5.000,5.000,0.000,No,2025-05-17,13,Accepted,Finished Goods Warehouse,FG-0001599,SN0001599A,SN0001599Z,Generated finished goods receipt.
1600,FGR-2025-1600,1561,1561,100,26.000,26.000,0.000,No,2025-05-14,1,Accepted,Finished Goods Warehouse,FG-0001600,SN0001600A,SN0001600Z,Generated finished goods receipt.
1601,FGR-2025-1601,1562,1562,101,28.000,28.000,0.000,No,2025-05-11,3,Accepted,Finished Goods Warehouse,FG-0001601,SN0001601A,SN0001601Z,Generated finished goods receipt.
1602,FGR-2025-1602,1563,1563,102,13.000,13.000,0.000,No,2025-05-15,4,Accepted,Finished Goods Warehouse,FG-0001602,SN0001602A,SN0001602Z,Generated finished goods receipt.
1603,FGR-2025-1603,1564,1564,100,8.000,8.000,0.000,No,2025-05-15,5,Accepted,Finished Goods Warehouse,FG-0001603,SN0001603A,SN0001603Z,Generated finished goods receipt.
1604,FGR-2025-1604,1565,1565,101,16.000,16.000,0.000,No,2025-05-12,6,Accepted,Finished Goods Warehouse,FG-0001604,SN0001604A,SN0001604Z,Generated finished goods receipt.
1605,FGR-2025-1605,1566,1566,102,12.000,12.000,0.000,No,2025-05-17,7,Accepted,Finished Goods Warehouse,FG-0001605,SN0001605A,SN0001605Z,Generated finished goods receipt.
1606,FGR-2025-1606,1567,1567,100,49.000,49.000,0.000,No,2025-05-14,8,Accepted,Finished Goods Warehouse,FG-0001606,SN0001606A,SN0001606Z,Generated finished goods receipt.
1607,FGR-2025-1607,1568,1568,101,55.000,55.000,0.000,No,2025-05-18,9,Accepted,Finished Goods Warehouse,FG-0001607,SN0001607A,SN0001607Z,Generated finished goods receipt.
1608,FGR-2025-1608,1569,1569,102,37.000,37.000,0.000,No,2025-05-21,10,Accepted,Finished Goods Warehouse,FG-0001608,SN0001608A,SN0001608Z,Generated finished goods receipt.
1609,FGR-2025-1609,1570,1570,100,45.000,45.000,0.000,No,2025-05-17,11,Accepted,Finished Goods Warehouse,FG-0001609,SN0001609A,SN0001609Z,Generated finished goods receipt.
1610,FGR-2025-1610,1571,1571,101,47.000,47.000,0.000,No,2025-05-14,12,Accepted,Finished Goods Warehouse,FG-0001610,SN0001610A,SN0001610Z,Generated finished goods receipt.
1611,FGR-2025-1611,1572,1572,102,52.000,52.000,0.000,No,2025-05-18,13,Accepted,Finished Goods Warehouse,FG-0001611,SN0001611A,SN0001611Z,Generated finished goods receipt.
1612,FGR-2025-1612,1573,1573,100,8.000,8.000,0.000,No,2025-05-16,1,Accepted,Finished Goods Warehouse,FG-0001612,SN0001612A,SN0001612Z,Generated finished goods receipt.
1613,FGR-2025-1613,1574,1574,101,60.000,60.000,0.000,No,2025-05-15,3,Accepted,Finished Goods Warehouse,FG-0001613,SN0001613A,SN0001613Z,Generated finished goods receipt.
1614,FGR-2025-1614,1575,1575,102,30.000,30.000,0.000,No,2025-05-15,4,Accepted,Finished Goods Warehouse,FG-0001614,SN0001614A,SN0001614Z,Generated finished goods receipt.
1615,FGR-2025-1615,1576,1576,100,33.000,33.000,0.000,No,2025-05-22,5,Accepted,Finished Goods Warehouse,FG-0001615,SN0001615A,SN0001615Z,Generated finished goods receipt.
1616,FGR-2025-1616,1577,1577,101,48.000,48.000,0.000,No,2025-05-19,6,Accepted,Finished Goods Warehouse,FG-0001616,SN0001616A,SN0001616Z,Generated finished goods receipt.
1617,FGR-2025-1617,1578,1578,102,30.000,30.000,0.000,No,2025-05-14,7,Accepted,Finished Goods Warehouse,FG-0001617,SN0001617A,SN0001617Z,Generated finished goods receipt.
1618,FGR-2025-1618,1579,1579,100,19.000,19.000,0.000,No,2025-05-16,8,Accepted,Finished Goods Warehouse,FG-0001618,SN0001618A,SN0001618Z,Generated finished goods receipt.
1619,FGR-2025-1619,1580,1580,101,5.000,5.000,0.000,No,2025-05-21,9,Accepted,Finished Goods Warehouse,FG-0001619,SN0001619A,SN0001619Z,Generated finished goods receipt.
1620,FGR-2025-1620,1581,1581,102,13.000,13.000,0.000,No,2025-05-19,10,Accepted,Finished Goods Warehouse,FG-0001620,SN0001620A,SN0001620Z,Generated finished goods receipt.
1621,FGR-2025-1621,1582,1582,100,8.000,8.000,0.000,No,2025-05-16,11,Accepted,Finished Goods Warehouse,FG-0001621,SN0001621A,SN0001621Z,Generated finished goods receipt.
1622,FGR-2025-1622,1583,1583,101,24.000,24.000,0.000,No,2025-05-25,12,Accepted,Finished Goods Warehouse,FG-0001622,SN0001622A,SN0001622Z,Generated finished goods receipt.
1623,FGR-2025-1623,1584,1584,102,46.000,46.000,0.000,No,2025-05-24,13,Accepted,Finished Goods Warehouse,FG-0001623,SN0001623A,SN0001623Z,Generated finished goods receipt.
1624,FGR-2025-1624,1585,1585,100,21.000,21.000,0.000,No,2025-05-21,1,Accepted,Finished Goods Warehouse,FG-0001624,SN0001624A,SN0001624Z,Generated finished goods receipt.
1625,FGR-2025-1625,1586,1586,101,38.000,38.000,0.000,No,2025-05-21,3,Accepted,Finished Goods Warehouse,FG-0001625,SN0001625A,SN0001625Z,Generated finished goods receipt.
1626,FGR-2025-1626,1587,1587,102,13.000,13.000,0.000,No,2025-05-22,4,Accepted,Finished Goods Warehouse,FG-0001626,SN0001626A,SN0001626Z,Generated finished goods receipt.
1627,FGR-2025-1627,1588,1588,100,36.000,36.000,0.000,No,2025-05-25,5,Accepted,Finished Goods Warehouse,FG-0001627,SN0001627A,SN0001627Z,Generated finished goods receipt.
1628,FGR-2025-1628,1589,1589,101,56.000,56.000,0.000,No,2025-05-17,6,Accepted,Finished Goods Warehouse,FG-0001628,SN0001628A,SN0001628Z,Generated finished goods receipt.
1629,FGR-2025-1629,1590,1590,102,21.000,21.000,0.000,No,2025-05-23,7,Accepted,Finished Goods Warehouse,FG-0001629,SN0001629A,SN0001629Z,Generated finished goods receipt.
1630,FGR-2025-1630,1591,1591,100,31.000,31.000,0.000,No,2025-05-24,8,Accepted,Finished Goods Warehouse,FG-0001630,SN0001630A,SN0001630Z,Generated finished goods receipt.
1631,FGR-2025-1631,1592,1592,101,56.000,56.000,0.000,No,2025-05-25,9,Accepted,Finished Goods Warehouse,FG-0001631,SN0001631A,SN0001631Z,Generated finished goods receipt.
1632,FGR-2025-1632,1593,1593,102,39.000,39.000,0.000,No,2025-05-27,10,Accepted,Finished Goods Warehouse,FG-0001632,SN0001632A,SN0001632Z,Generated finished goods receipt.
1633,FGR-2025-1633,1594,1594,100,27.000,27.000,0.000,No,2025-05-18,11,Accepted,Finished Goods Warehouse,FG-0001633,SN0001633A,SN0001633Z,Generated finished goods receipt.
1634,FGR-2025-1634,1595,1595,101,10.000,10.000,0.000,No,2025-05-20,12,Accepted,Finished Goods Warehouse,FG-0001634,SN0001634A,SN0001634Z,Generated finished goods receipt.
1635,FGR-2025-1635,1596,1596,102,57.000,57.000,0.000,No,2025-05-25,13,Accepted,Finished Goods Warehouse,FG-0001635,SN0001635A,SN0001635Z,Generated finished goods receipt.
1636,FGR-2025-1636,1597,1597,100,38.000,38.000,0.000,No,2025-05-25,1,Accepted,Finished Goods Warehouse,FG-0001636,SN0001636A,SN0001636Z,Generated finished goods receipt.
1637,FGR-2025-1637,1598,1598,101,6.000,6.000,0.000,No,2025-05-23,3,Accepted,Finished Goods Warehouse,FG-0001637,SN0001637A,SN0001637Z,Generated finished goods receipt.
1638,FGR-2025-1638,1599,1599,102,35.000,35.000,0.000,No,2025-05-30,4,Accepted,Finished Goods Warehouse,FG-0001638,SN0001638A,SN0001638Z,Generated finished goods receipt.
1639,FGR-2025-1639,1600,1600,100,58.000,58.000,0.000,No,2025-05-20,5,Accepted,Finished Goods Warehouse,FG-0001639,SN0001639A,SN0001639Z,Generated finished goods receipt.
1640,FGR-2025-1640,1601,1601,101,56.000,56.000,0.000,No,2025-05-21,6,Accepted,Finished Goods Warehouse,FG-0001640,SN0001640A,SN0001640Z,Generated finished goods receipt.
1641,FGR-2025-1641,1602,1602,102,14.000,14.000,0.000,No,2025-05-22,7,Accepted,Finished Goods Warehouse,FG-0001641,SN0001641A,SN0001641Z,Generated finished goods receipt.
1642,FGR-2025-1642,1603,1603,100,28.000,28.000,0.000,No,2025-06-01,8,Accepted,Finished Goods Warehouse,FG-0001642,SN0001642A,SN0001642Z,Generated finished goods receipt.
1643,FGR-2025-1643,1604,1604,101,58.000,58.000,0.000,No,2025-05-28,9,Accepted,Finished Goods Warehouse,FG-0001643,SN0001643A,SN0001643Z,Generated finished goods receipt.
1644,FGR-2025-1644,1605,1605,102,46.000,46.000,0.000,No,2025-05-23,10,Accepted,Finished Goods Warehouse,FG-0001644,SN0001644A,SN0001644Z,Generated finished goods receipt.
1645,FGR-2025-1645,1606,1606,100,36.000,36.000,0.000,No,2025-05-27,11,Accepted,Finished Goods Warehouse,FG-0001645,SN0001645A,SN0001645Z,Generated finished goods receipt.
1646,FGR-2025-1646,1607,1607,101,22.000,22.000,0.000,No,2025-05-29,12,Accepted,Finished Goods Warehouse,FG-0001646,SN0001646A,SN0001646Z,Generated finished goods receipt.
1647,FGR-2025-1647,1608,1608,102,45.000,45.000,0.000,No,2025-05-30,13,Accepted,Finished Goods Warehouse,FG-0001647,SN0001647A,SN0001647Z,Generated finished goods receipt.
1648,FGR-2025-1648,1609,1609,100,35.000,35.000,0.000,No,2025-06-02,1,Accepted,Finished Goods Warehouse,FG-0001648,SN0001648A,SN0001648Z,Generated finished goods receipt.
1649,FGR-2025-1649,1610,1610,101,32.000,32.000,0.000,No,2025-05-29,3,Accepted,Finished Goods Warehouse,FG-0001649,SN0001649A,SN0001649Z,Generated finished goods receipt.
1650,FGR-2025-1650,1611,1611,102,54.000,54.000,0.000,No,2025-05-30,4,Accepted,Finished Goods Warehouse,FG-0001650,SN0001650A,SN0001650Z,Generated finished goods receipt.
1651,FGR-2025-1651,1612,1612,100,26.000,26.000,0.000,No,2025-06-02,5,Accepted,Finished Goods Warehouse,FG-0001651,SN0001651A,SN0001651Z,Generated finished goods receipt.
1652,FGR-2025-1652,1613,1613,101,40.000,40.000,0.000,No,2025-05-30,6,Accepted,Finished Goods Warehouse,FG-0001652,SN0001652A,SN0001652Z,Generated finished goods receipt.
1653,FGR-2025-1653,1614,1614,102,6.000,6.000,0.000,No,2025-06-04,7,Accepted,Finished Goods Warehouse,FG-0001653,SN0001653A,SN0001653Z,Generated finished goods receipt.
1654,FGR-2025-1654,1615,1615,100,42.000,42.000,0.000,No,2025-06-01,8,Accepted,Finished Goods Warehouse,FG-0001654,SN0001654A,SN0001654Z,Generated finished goods receipt.
1655,FGR-2025-1655,1616,1616,101,33.000,33.000,0.000,No,2025-05-23,9,Accepted,Finished Goods Warehouse,FG-0001655,SN0001655A,SN0001655Z,Generated finished goods receipt.
1656,FGR-2025-1656,1617,1617,102,54.000,54.000,0.000,No,2025-06-02,10,Accepted,Finished Goods Warehouse,FG-0001656,SN0001656A,SN0001656Z,Generated finished goods receipt.
1657,FGR-2025-1657,1618,1618,100,21.000,21.000,0.000,No,2025-06-07,11,Accepted,Finished Goods Warehouse,FG-0001657,SN0001657A,SN0001657Z,Generated finished goods receipt.
1658,FGR-2025-1658,1619,1619,101,54.000,54.000,0.000,No,2025-06-01,12,Accepted,Finished Goods Warehouse,FG-0001658,SN0001658A,SN0001658Z,Generated finished goods receipt.
1659,FGR-2025-1659,1620,1620,102,37.000,37.000,0.000,No,2025-05-29,13,Accepted,Finished Goods Warehouse,FG-0001659,SN0001659A,SN0001659Z,Generated finished goods receipt.
1660,FGR-2025-1660,1621,1621,100,16.000,16.000,0.000,No,2025-06-07,1,Accepted,Finished Goods Warehouse,FG-0001660,SN0001660A,SN0001660Z,Generated finished goods receipt.
1661,FGR-2025-1661,1622,1622,101,11.000,11.000,0.000,No,2025-06-05,3,Accepted,Finished Goods Warehouse,FG-0001661,SN0001661A,SN0001661Z,Generated finished goods receipt.
1662,FGR-2025-1662,1623,1623,102,14.000,14.000,0.000,No,2025-05-30,4,Accepted,Finished Goods Warehouse,FG-0001662,SN0001662A,SN0001662Z,Generated finished goods receipt.
1663,FGR-2025-1663,1624,1624,100,21.000,21.000,0.000,No,2025-06-02,5,Accepted,Finished Goods Warehouse,FG-0001663,SN0001663A,SN0001663Z,Generated finished goods receipt.
1664,FGR-2025-1664,1625,1625,101,35.000,35.000,0.000,No,2025-06-07,6,Accepted,Finished Goods Warehouse,FG-0001664,SN0001664A,SN0001664Z,Generated finished goods receipt.
1665,FGR-2025-1665,1626,1626,102,53.000,53.000,0.000,No,2025-06-09,7,Accepted,Finished Goods Warehouse,FG-0001665,SN0001665A,SN0001665Z,Generated finished goods receipt.
1666,FGR-2025-1666,1627,1627,100,60.000,60.000,0.000,No,2025-06-09,8,Accepted,Finished Goods Warehouse,FG-0001666,SN0001666A,SN0001666Z,Generated finished goods receipt.
1667,FGR-2025-1667,1628,1628,101,41.000,41.000,0.000,No,2025-06-01,9,Accepted,Finished Goods Warehouse,FG-0001667,SN0001667A,SN0001667Z,Generated finished goods receipt.
1668,FGR-2025-1668,1629,1629,102,32.000,32.000,0.000,No,2025-06-01,10,Accepted,Finished Goods Warehouse,FG-0001668,SN0001668A,SN0001668Z,Generated finished goods receipt.
1669,FGR-2025-1669,1630,1630,100,39.000,39.000,0.000,No,2025-06-06,11,Accepted,Finished Goods Warehouse,FG-0001669,SN0001669A,SN0001669Z,Generated finished goods receipt.
1670,FGR-2025-1670,1631,1631,101,21.000,21.000,0.000,No,2025-06-12,12,Accepted,Finished Goods Warehouse,FG-0001670,SN0001670A,SN0001670Z,Generated finished goods receipt.
1671,FGR-2025-1671,1632,1632,102,18.000,18.000,0.000,No,2025-06-06,13,Accepted,Finished Goods Warehouse,FG-0001671,SN0001671A,SN0001671Z,Generated finished goods receipt.
1672,FGR-2025-1672,1633,1633,100,34.000,34.000,0.000,No,2025-06-09,1,Accepted,Finished Goods Warehouse,FG-0001672,SN0001672A,SN0001672Z,Generated finished goods receipt.
1673,FGR-2025-1673,1634,1634,101,51.000,51.000,0.000,No,2025-06-10,3,Accepted,Finished Goods Warehouse,FG-0001673,SN0001673A,SN0001673Z,Generated finished goods receipt.
1674,FGR-2025-1674,1635,1635,102,7.000,7.000,0.000,No,2025-06-07,4,Accepted,Finished Goods Warehouse,FG-0001674,SN0001674A,SN0001674Z,Generated finished goods receipt.
1675,FGR-2025-1675,1636,1636,100,10.000,10.000,0.000,No,2025-06-08,5,Accepted,Finished Goods Warehouse,FG-0001675,SN0001675A,SN0001675Z,Generated finished goods receipt.
1676,FGR-2025-1676,1637,1637,101,14.000,14.000,0.000,No,2025-06-08,6,Accepted,Finished Goods Warehouse,FG-0001676,SN0001676A,SN0001676Z,Generated finished goods receipt.
1677,FGR-2025-1677,1638,1638,102,16.000,16.000,0.000,No,2025-06-08,7,Accepted,Finished Goods Warehouse,FG-0001677,SN0001677A,SN0001677Z,Generated finished goods receipt.
1678,FGR-2025-1678,1639,1639,100,11.000,11.000,0.000,No,2025-06-01,8,Accepted,Finished Goods Warehouse,FG-0001678,SN0001678A,SN0001678Z,Generated finished goods receipt.
1679,FGR-2025-1679,1640,1640,101,10.000,10.000,0.000,No,2025-06-11,9,Accepted,Finished Goods Warehouse,FG-0001679,SN0001679A,SN0001679Z,Generated finished goods receipt.
1680,FGR-2025-1680,1641,1641,102,4.000,4.000,0.000,No,2025-06-01,10,Accepted,Finished Goods Warehouse,FG-0001680,SN0001680A,SN0001680Z,Generated finished goods receipt.
1681,FGR-2025-1681,1642,1642,100,24.000,24.000,0.000,No,2025-06-08,11,Accepted,Finished Goods Warehouse,FG-0001681,SN0001681A,SN0001681Z,Generated finished goods receipt.
1682,FGR-2025-1682,1643,1643,101,43.000,43.000,0.000,No,2025-06-13,12,Accepted,Finished Goods Warehouse,FG-0001682,SN0001682A,SN0001682Z,Generated finished goods receipt.
1683,FGR-2025-1683,1644,1644,102,11.000,11.000,0.000,No,2025-06-05,13,Accepted,Finished Goods Warehouse,FG-0001683,SN0001683A,SN0001683Z,Generated finished goods receipt.
1684,FGR-2025-1684,1645,1645,100,22.000,22.000,0.000,No,2025-06-09,1,Accepted,Finished Goods Warehouse,FG-0001684,SN0001684A,SN0001684Z,Generated finished goods receipt.
1685,FGR-2025-1685,1646,1646,101,58.000,58.000,0.000,No,2025-06-05,3,Accepted,Finished Goods Warehouse,FG-0001685,SN0001685A,SN0001685Z,Generated finished goods receipt.
1686,FGR-2025-1686,1647,1647,102,13.000,13.000,0.000,No,2025-06-05,4,Accepted,Finished Goods Warehouse,FG-0001686,SN0001686A,SN0001686Z,Generated finished goods receipt.
1687,FGR-2025-1687,1648,1648,100,58.000,58.000,0.000,No,2025-06-05,5,Accepted,Finished Goods Warehouse,FG-0001687,SN0001687A,SN0001687Z,Generated finished goods receipt.
1688,FGR-2025-1688,1649,1649,101,32.000,32.000,0.000,No,2025-06-14,6,Accepted,Finished Goods Warehouse,FG-0001688,SN0001688A,SN0001688Z,Generated finished goods receipt.
1689,FGR-2025-1689,1650,1650,102,45.000,45.000,0.000,No,2025-06-17,7,Accepted,Finished Goods Warehouse,FG-0001689,SN0001689A,SN0001689Z,Generated finished goods receipt.
1690,FGR-2025-1690,1651,1651,100,23.000,23.000,0.000,No,2025-06-12,8,Accepted,Finished Goods Warehouse,FG-0001690,SN0001690A,SN0001690Z,Generated finished goods receipt.
1691,FGR-2025-1691,1652,1652,101,21.000,21.000,0.000,No,2025-06-12,9,Accepted,Finished Goods Warehouse,FG-0001691,SN0001691A,SN0001691Z,Generated finished goods receipt.
1692,FGR-2025-1692,1653,1653,102,25.000,25.000,0.000,No,2025-06-08,10,Accepted,Finished Goods Warehouse,FG-0001692,SN0001692A,SN0001692Z,Generated finished goods receipt.
1693,FGR-2025-1693,1654,1654,100,12.000,12.000,0.000,No,2025-06-08,11,Accepted,Finished Goods Warehouse,FG-0001693,SN0001693A,SN0001693Z,Generated finished goods receipt.
1694,FGR-2025-1694,1655,1655,101,21.000,21.000,0.000,No,2025-06-02,12,Accepted,Finished Goods Warehouse,FG-0001694,SN0001694A,SN0001694Z,Generated finished goods receipt.
1695,FGR-2025-1695,1656,1656,102,54.000,54.000,0.000,No,2025-06-03,13,Accepted,Finished Goods Warehouse,FG-0001695,SN0001695A,SN0001695Z,Generated finished goods receipt.
1696,FGR-2025-1696,1657,1657,100,4.000,4.000,0.000,No,2025-06-06,1,Accepted,Finished Goods Warehouse,FG-0001696,SN0001696A,SN0001696Z,Generated finished goods receipt.
1697,FGR-2025-1697,1658,1658,101,35.000,35.000,0.000,No,2025-06-08,3,Accepted,Finished Goods Warehouse,FG-0001697,SN0001697A,SN0001697Z,Generated finished goods receipt.
1698,FGR-2025-1698,1659,1659,102,42.000,42.000,0.000,No,2025-06-09,4,Accepted,Finished Goods Warehouse,FG-0001698,SN0001698A,SN0001698Z,Generated finished goods receipt.
1699,FGR-2025-1699,1660,1660,100,11.000,11.000,0.000,No,2025-06-10,5,Accepted,Finished Goods Warehouse,FG-0001699,SN0001699A,SN0001699Z,Generated finished goods receipt.
1700,FGR-2025-1700,1661,1661,101,10.000,10.000,0.000,No,2025-06-16,6,Accepted,Finished Goods Warehouse,FG-0001700,SN0001700A,SN0001700Z,Generated finished goods receipt.
1701,FGR-2025-1701,1662,1662,102,34.000,34.000,0.000,No,2025-06-07,7,Accepted,Finished Goods Warehouse,FG-0001701,SN0001701A,SN0001701Z,Generated finished goods receipt.
1702,FGR-2025-1702,1663,1663,100,16.000,16.000,0.000,No,2025-06-19,8,Accepted,Finished Goods Warehouse,FG-0001702,SN0001702A,SN0001702Z,Generated finished goods receipt.
1703,FGR-2025-1703,1664,1664,101,58.000,58.000,0.000,No,2025-06-11,9,Accepted,Finished Goods Warehouse,FG-0001703,SN0001703A,SN0001703Z,Generated finished goods receipt.
1704,FGR-2025-1704,1665,1665,102,13.000,13.000,0.000,No,2025-06-07,10,Accepted,Finished Goods Warehouse,FG-0001704,SN0001704A,SN0001704Z,Generated finished goods receipt.
1705,FGR-2025-1705,1666,1666,100,11.000,11.000,0.000,No,2025-06-10,11,Accepted,Finished Goods Warehouse,FG-0001705,SN0001705A,SN0001705Z,Generated finished goods receipt.
1706,FGR-2025-1706,1667,1667,101,22.000,22.000,0.000,No,2025-06-11,12,Accepted,Finished Goods Warehouse,FG-0001706,SN0001706A,SN0001706Z,Generated finished goods receipt.
1707,FGR-2025-1707,1668,1668,102,22.000,22.000,0.000,No,2025-06-12,13,Accepted,Finished Goods Warehouse,FG-0001707,SN0001707A,SN0001707Z,Generated finished goods receipt.
1708,FGR-2025-1708,1669,1669,100,11.000,11.000,0.000,No,2025-06-18,1,Accepted,Finished Goods Warehouse,FG-0001708,SN0001708A,SN0001708Z,Generated finished goods receipt.
1709,FGR-2025-1709,1670,1670,101,40.000,40.000,0.000,No,2025-06-09,3,Accepted,Finished Goods Warehouse,FG-0001709,SN0001709A,SN0001709Z,Generated finished goods receipt.
1710,FGR-2025-1710,1671,1671,102,23.000,23.000,0.000,No,2025-06-15,4,Accepted,Finished Goods Warehouse,FG-0001710,SN0001710A,SN0001710Z,Generated finished goods receipt.
1711,FGR-2025-1711,1672,1672,100,34.000,34.000,0.000,No,2025-06-10,5,Accepted,Finished Goods Warehouse,FG-0001711,SN0001711A,SN0001711Z,Generated finished goods receipt.
1712,FGR-2025-1712,1673,1673,101,17.000,17.000,0.000,No,2025-06-16,6,Accepted,Finished Goods Warehouse,FG-0001712,SN0001712A,SN0001712Z,Generated finished goods receipt.
1713,FGR-2025-1713,1674,1674,102,8.000,8.000,0.000,No,2025-06-12,7,Accepted,Finished Goods Warehouse,FG-0001713,SN0001713A,SN0001713Z,Generated finished goods receipt.
1714,FGR-2025-1714,1675,1675,100,7.000,7.000,0.000,No,2025-06-10,8,Accepted,Finished Goods Warehouse,FG-0001714,SN0001714A,SN0001714Z,Generated finished goods receipt.
1715,FGR-2025-1715,1676,1676,101,6.000,6.000,0.000,No,2025-06-16,9,Accepted,Finished Goods Warehouse,FG-0001715,SN0001715A,SN0001715Z,Generated finished goods receipt.
1716,FGR-2025-1716,1677,1677,102,51.000,51.000,0.000,No,2025-06-17,10,Accepted,Finished Goods Warehouse,FG-0001716,SN0001716A,SN0001716Z,Generated finished goods receipt.
1717,FGR-2025-1717,1678,1678,100,17.000,17.000,0.000,No,2025-06-20,11,Accepted,Finished Goods Warehouse,FG-0001717,SN0001717A,SN0001717Z,Generated finished goods receipt.
1718,FGR-2025-1718,1679,1679,101,22.000,22.000,0.000,No,2025-06-14,12,Accepted,Finished Goods Warehouse,FG-0001718,SN0001718A,SN0001718Z,Generated finished goods receipt.
1719,FGR-2025-1719,1680,1680,102,35.000,35.000,0.000,No,2025-06-16,13,Accepted,Finished Goods Warehouse,FG-0001719,SN0001719A,SN0001719Z,Generated finished goods receipt.
1720,FGR-2025-1720,1681,1681,100,8.000,8.000,0.000,No,2025-06-15,1,Accepted,Finished Goods Warehouse,FG-0001720,SN0001720A,SN0001720Z,Generated finished goods receipt.
1721,FGR-2025-1721,1682,1682,101,37.000,37.000,0.000,No,2025-06-11,3,Accepted,Finished Goods Warehouse,FG-0001721,SN0001721A,SN0001721Z,Generated finished goods receipt.
1722,FGR-2025-1722,1683,1683,102,34.000,34.000,0.000,No,2025-06-20,4,Accepted,Finished Goods Warehouse,FG-0001722,SN0001722A,SN0001722Z,Generated finished goods receipt.
1723,FGR-2025-1723,1684,1684,100,47.000,47.000,0.000,No,2025-06-16,5,Accepted,Finished Goods Warehouse,FG-0001723,SN0001723A,SN0001723Z,Generated finished goods receipt.
1724,FGR-2025-1724,1685,1685,101,10.000,10.000,0.000,No,2025-06-16,6,Accepted,Finished Goods Warehouse,FG-0001724,SN0001724A,SN0001724Z,Generated finished goods receipt.
1725,FGR-2025-1725,1686,1686,102,4.000,4.000,0.000,No,2025-06-18,7,Accepted,Finished Goods Warehouse,FG-0001725,SN0001725A,SN0001725Z,Generated finished goods receipt.
1726,FGR-2025-1726,1687,1687,100,48.000,48.000,0.000,No,2025-06-17,8,Accepted,Finished Goods Warehouse,FG-0001726,SN0001726A,SN0001726Z,Generated finished goods receipt.
1727,FGR-2025-1727,1688,1688,101,25.000,25.000,0.000,No,2025-06-17,9,Accepted,Finished Goods Warehouse,FG-0001727,SN0001727A,SN0001727Z,Generated finished goods receipt.
1728,FGR-2025-1728,1689,1689,102,6.000,6.000,0.000,No,2025-06-15,10,Accepted,Finished Goods Warehouse,FG-0001728,SN0001728A,SN0001728Z,Generated finished goods receipt.
1729,FGR-2025-1729,1690,1690,100,35.000,35.000,0.000,No,2025-06-19,11,Accepted,Finished Goods Warehouse,FG-0001729,SN0001729A,SN0001729Z,Generated finished goods receipt.
1730,FGR-2025-1730,1691,1691,101,29.000,29.000,0.000,No,2025-06-24,12,Accepted,Finished Goods Warehouse,FG-0001730,SN0001730A,SN0001730Z,Generated finished goods receipt.
1731,FGR-2025-1731,1692,1692,102,57.000,57.000,0.000,No,2025-06-20,13,Accepted,Finished Goods Warehouse,FG-0001731,SN0001731A,SN0001731Z,Generated finished goods receipt.
1732,FGR-2025-1732,1693,1693,100,56.000,56.000,0.000,No,2025-06-16,1,Accepted,Finished Goods Warehouse,FG-0001732,SN0001732A,SN0001732Z,Generated finished goods receipt.
1733,FGR-2025-1733,1694,1694,101,35.000,35.000,0.000,No,2025-06-21,3,Accepted,Finished Goods Warehouse,FG-0001733,SN0001733A,SN0001733Z,Generated finished goods receipt.
1734,FGR-2025-1734,1695,1695,102,13.000,13.000,0.000,No,2025-06-18,4,Accepted,Finished Goods Warehouse,FG-0001734,SN0001734A,SN0001734Z,Generated finished goods receipt.
1735,FGR-2025-1735,1696,1696,100,45.000,45.000,0.000,No,2025-06-23,5,Accepted,Finished Goods Warehouse,FG-0001735,SN0001735A,SN0001735Z,Generated finished goods receipt.
1736,FGR-2025-1736,1697,1697,101,14.000,14.000,0.000,No,2025-06-19,6,Accepted,Finished Goods Warehouse,FG-0001736,SN0001736A,SN0001736Z,Generated finished goods receipt.
1737,FGR-2025-1737,1698,1698,102,51.000,51.000,0.000,No,2025-06-22,7,Accepted,Finished Goods Warehouse,FG-0001737,SN0001737A,SN0001737Z,Generated finished goods receipt.
1738,FGR-2025-1738,1699,1699,100,38.000,38.000,0.000,No,2025-06-19,8,Accepted,Finished Goods Warehouse,FG-0001738,SN0001738A,SN0001738Z,Generated finished goods receipt.
1739,FGR-2025-1739,1700,1700,101,22.000,22.000,0.000,No,2025-06-19,9,Accepted,Finished Goods Warehouse,FG-0001739,SN0001739A,SN0001739Z,Generated finished goods receipt.
1740,FGR-2025-1740,1701,1701,102,58.000,58.000,0.000,No,2025-06-21,10,Accepted,Finished Goods Warehouse,FG-0001740,SN0001740A,SN0001740Z,Generated finished goods receipt.
1741,FGR-2025-1741,1702,1702,100,31.000,31.000,0.000,No,2025-06-14,11,Accepted,Finished Goods Warehouse,FG-0001741,SN0001741A,SN0001741Z,Generated finished goods receipt.
1742,FGR-2025-1742,1703,1703,101,24.000,24.000,0.000,No,2025-06-18,12,Accepted,Finished Goods Warehouse,FG-0001742,SN0001742A,SN0001742Z,Generated finished goods receipt.
1743,FGR-2025-1743,1704,1704,102,15.000,15.000,0.000,No,2025-06-25,13,Accepted,Finished Goods Warehouse,FG-0001743,SN0001743A,SN0001743Z,Generated finished goods receipt.
1744,FGR-2025-1744,1705,1705,100,39.000,39.000,0.000,No,2025-06-25,1,Accepted,Finished Goods Warehouse,FG-0001744,SN0001744A,SN0001744Z,Generated finished goods receipt.
1745,FGR-2025-1745,1706,1706,101,18.000,18.000,0.000,No,2025-06-20,3,Accepted,Finished Goods Warehouse,FG-0001745,SN0001745A,SN0001745Z,Generated finished goods receipt.
1746,FGR-2025-1746,1707,1707,102,11.000,11.000,0.000,No,2025-06-25,4,Accepted,Finished Goods Warehouse,FG-0001746,SN0001746A,SN0001746Z,Generated finished goods receipt.
1747,FGR-2025-1747,1708,1708,100,10.000,10.000,0.000,No,2025-06-23,5,Accepted,Finished Goods Warehouse,FG-0001747,SN0001747A,SN0001747Z,Generated finished goods receipt.
1748,FGR-2025-1748,1709,1709,101,39.000,39.000,0.000,No,2025-06-20,6,Accepted,Finished Goods Warehouse,FG-0001748,SN0001748A,SN0001748Z,Generated finished goods receipt.
1749,FGR-2025-1749,1710,1710,102,54.000,54.000,0.000,No,2025-06-16,7,Accepted,Finished Goods Warehouse,FG-0001749,SN0001749A,SN0001749Z,Generated finished goods receipt.
1750,FGR-2025-1750,1711,1711,100,18.000,18.000,0.000,No,2025-06-26,8,Accepted,Finished Goods Warehouse,FG-0001750,SN0001750A,SN0001750Z,Generated finished goods receipt.
1751,FGR-2025-1751,1712,1712,101,17.000,17.000,0.000,No,2025-06-17,9,Accepted,Finished Goods Warehouse,FG-0001751,SN0001751A,SN0001751Z,Generated finished goods receipt.
1752,FGR-2025-1752,1713,1713,102,38.000,38.000,0.000,No,2025-06-20,10,Accepted,Finished Goods Warehouse,FG-0001752,SN0001752A,SN0001752Z,Generated finished goods receipt.
1753,FGR-2025-1753,1714,1714,100,13.000,13.000,0.000,No,2025-06-24,11,Accepted,Finished Goods Warehouse,FG-0001753,SN0001753A,SN0001753Z,Generated finished goods receipt.
1754,FGR-2025-1754,1715,1715,101,9.000,9.000,0.000,No,2025-06-19,12,Accepted,Finished Goods Warehouse,FG-0001754,SN0001754A,SN0001754Z,Generated finished goods receipt.
1755,FGR-2025-1755,1716,1716,102,38.000,38.000,0.000,No,2025-06-22,13,Accepted,Finished Goods Warehouse,FG-0001755,SN0001755A,SN0001755Z,Generated finished goods receipt.
1756,FGR-2025-1756,1717,1717,100,32.000,32.000,0.000,No,2025-06-26,1,Accepted,Finished Goods Warehouse,FG-0001756,SN0001756A,SN0001756Z,Generated finished goods receipt.
1757,FGR-2025-1757,1718,1718,101,6.000,6.000,0.000,No,2025-06-22,3,Accepted,Finished Goods Warehouse,FG-0001757,SN0001757A,SN0001757Z,Generated finished goods receipt.
1758,FGR-2025-1758,1719,1719,102,18.000,18.000,0.000,No,2025-06-30,4,Accepted,Finished Goods Warehouse,FG-0001758,SN0001758A,SN0001758Z,Generated finished goods receipt.
1759,FGR-2025-1759,1720,1720,100,15.000,15.000,0.000,No,2025-06-28,5,Accepted,Finished Goods Warehouse,FG-0001759,SN0001759A,SN0001759Z,Generated finished goods receipt.
1760,FGR-2025-1760,1721,1721,101,42.000,42.000,0.000,No,2025-06-18,6,Accepted,Finished Goods Warehouse,FG-0001760,SN0001760A,SN0001760Z,Generated finished goods receipt.
1761,FGR-2025-1761,1722,1722,102,41.000,41.000,0.000,No,2025-06-23,7,Accepted,Finished Goods Warehouse,FG-0001761,SN0001761A,SN0001761Z,Generated finished goods receipt.
1762,FGR-2025-1762,1723,1723,100,46.000,46.000,0.000,No,2025-06-30,8,Accepted,Finished Goods Warehouse,FG-0001762,SN0001762A,SN0001762Z,Generated finished goods receipt.
1763,FGR-2025-1763,1724,1724,101,9.000,9.000,0.000,No,2025-06-28,9,Accepted,Finished Goods Warehouse,FG-0001763,SN0001763A,SN0001763Z,Generated finished goods receipt.
1764,FGR-2025-1764,1725,1725,102,50.000,50.000,0.000,No,2025-07-02,10,Accepted,Finished Goods Warehouse,FG-0001764,SN0001764A,SN0001764Z,Generated finished goods receipt.
1765,FGR-2025-1765,1726,1726,100,15.000,15.000,0.000,No,2025-06-23,11,Accepted,Finished Goods Warehouse,FG-0001765,SN0001765A,SN0001765Z,Generated finished goods receipt.
1766,FGR-2025-1766,1727,1727,101,59.000,59.000,0.000,No,2025-07-01,12,Accepted,Finished Goods Warehouse,FG-0001766,SN0001766A,SN0001766Z,Generated finished goods receipt.
1767,FGR-2025-1767,1728,1728,102,53.000,53.000,0.000,No,2025-07-03,13,Accepted,Finished Goods Warehouse,FG-0001767,SN0001767A,SN0001767Z,Generated finished goods receipt.
1768,FGR-2025-1768,1729,1729,100,29.000,29.000,0.000,No,2025-07-01,1,Accepted,Finished Goods Warehouse,FG-0001768,SN0001768A,SN0001768Z,Generated finished goods receipt.
1769,FGR-2025-1769,1730,1730,101,47.000,47.000,0.000,No,2025-07-04,3,Accepted,Finished Goods Warehouse,FG-0001769,SN0001769A,SN0001769Z,Generated finished goods receipt.
1770,FGR-2025-1770,1731,1731,102,41.000,41.000,0.000,No,2025-06-27,4,Accepted,Finished Goods Warehouse,FG-0001770,SN0001770A,SN0001770Z,Generated finished goods receipt.
1771,FGR-2025-1771,1732,1732,100,46.000,46.000,0.000,No,2025-06-24,5,Accepted,Finished Goods Warehouse,FG-0001771,SN0001771A,SN0001771Z,Generated finished goods receipt.
1772,FGR-2025-1772,1733,1733,101,5.000,5.000,0.000,No,2025-06-30,6,Accepted,Finished Goods Warehouse,FG-0001772,SN0001772A,SN0001772Z,Generated finished goods receipt.
1773,FGR-2025-1773,1734,1734,102,8.000,8.000,0.000,No,2025-06-27,7,Accepted,Finished Goods Warehouse,FG-0001773,SN0001773A,SN0001773Z,Generated finished goods receipt.
1774,FGR-2025-1774,1735,1735,100,55.000,55.000,0.000,No,2025-06-26,8,Accepted,Finished Goods Warehouse,FG-0001774,SN0001774A,SN0001774Z,Generated finished goods receipt.
1775,FGR-2025-1775,1736,1736,101,48.000,48.000,0.000,No,2025-07-04,9,Accepted,Finished Goods Warehouse,FG-0001775,SN0001775A,SN0001775Z,Generated finished goods receipt.
1776,FGR-2025-1776,1737,1737,102,37.000,37.000,0.000,No,2025-06-30,10,Accepted,Finished Goods Warehouse,FG-0001776,SN0001776A,SN0001776Z,Generated finished goods receipt.
1777,FGR-2025-1777,1738,1738,100,21.000,21.000,0.000,No,2025-07-06,11,Accepted,Finished Goods Warehouse,FG-0001777,SN0001777A,SN0001777Z,Generated finished goods receipt.
1778,FGR-2025-1778,1739,1739,101,26.000,26.000,0.000,No,2025-07-04,12,Accepted,Finished Goods Warehouse,FG-0001778,SN0001778A,SN0001778Z,Generated finished goods receipt.
1779,FGR-2025-1779,1740,1740,102,27.000,27.000,0.000,No,2025-06-29,13,Accepted,Finished Goods Warehouse,FG-0001779,SN0001779A,SN0001779Z,Generated finished goods receipt.
1780,FGR-2025-1780,1741,1741,100,28.000,28.000,0.000,No,2025-07-03,1,Accepted,Finished Goods Warehouse,FG-0001780,SN0001780A,SN0001780Z,Generated finished goods receipt.
1781,FGR-2025-1781,1742,1742,101,38.000,38.000,0.000,No,2025-06-30,3,Accepted,Finished Goods Warehouse,FG-0001781,SN0001781A,SN0001781Z,Generated finished goods receipt.
1782,FGR-2025-1782,1743,1743,102,45.000,45.000,0.000,No,2025-07-02,4,Accepted,Finished Goods Warehouse,FG-0001782,SN0001782A,SN0001782Z,Generated finished goods receipt.
1783,FGR-2025-1783,1744,1744,100,25.000,25.000,0.000,No,2025-06-30,5,Accepted,Finished Goods Warehouse,FG-0001783,SN0001783A,SN0001783Z,Generated finished goods receipt.
1784,FGR-2025-1784,1745,1745,101,50.000,50.000,0.000,No,2025-07-10,6,Accepted,Finished Goods Warehouse,FG-0001784,SN0001784A,SN0001784Z,Generated finished goods receipt.
1785,FGR-2025-1785,1746,1746,102,10.000,10.000,0.000,No,2025-07-05,7,Accepted,Finished Goods Warehouse,FG-0001785,SN0001785A,SN0001785Z,Generated finished goods receipt.
1786,FGR-2025-1786,1747,1747,100,49.000,49.000,0.000,No,2025-07-06,8,Accepted,Finished Goods Warehouse,FG-0001786,SN0001786A,SN0001786Z,Generated finished goods receipt.
1787,FGR-2025-1787,1748,1748,101,41.000,41.000,0.000,No,2025-07-09,9,Accepted,Finished Goods Warehouse,FG-0001787,SN0001787A,SN0001787Z,Generated finished goods receipt.
1788,FGR-2025-1788,1749,1749,102,31.000,31.000,0.000,No,2025-07-04,10,Accepted,Finished Goods Warehouse,FG-0001788,SN0001788A,SN0001788Z,Generated finished goods receipt.
1789,FGR-2025-1789,1750,1750,100,24.000,24.000,0.000,No,2025-07-06,11,Accepted,Finished Goods Warehouse,FG-0001789,SN0001789A,SN0001789Z,Generated finished goods receipt.
1790,FGR-2025-1790,1751,1751,101,24.000,24.000,0.000,No,2025-07-14,12,Accepted,Finished Goods Warehouse,FG-0001790,SN0001790A,SN0001790Z,Generated finished goods receipt.
1791,FGR-2025-1791,1752,1752,102,23.000,23.000,0.000,No,2025-07-12,13,Accepted,Finished Goods Warehouse,FG-0001791,SN0001791A,SN0001791Z,Generated finished goods receipt.
1792,FGR-2025-1792,1753,1753,100,57.000,57.000,0.000,No,2025-07-16,1,Accepted,Finished Goods Warehouse,FG-0001792,SN0001792A,SN0001792Z,Generated finished goods receipt.
1793,FGR-2025-1793,1754,1754,101,5.000,5.000,0.000,No,2025-07-16,3,Accepted,Finished Goods Warehouse,FG-0001793,SN0001793A,SN0001793Z,Generated finished goods receipt.
1794,FGR-2025-1794,1755,1755,102,38.000,38.000,0.000,No,2025-07-02,4,Accepted,Finished Goods Warehouse,FG-0001794,SN0001794A,SN0001794Z,Generated finished goods receipt.
1795,FGR-2025-1795,1756,1756,100,59.000,59.000,0.000,No,2025-07-14,5,Accepted,Finished Goods Warehouse,FG-0001795,SN0001795A,SN0001795Z,Generated finished goods receipt.
1796,FGR-2025-1796,1757,1757,101,34.000,34.000,0.000,No,2025-07-08,6,Accepted,Finished Goods Warehouse,FG-0001796,SN0001796A,SN0001796Z,Generated finished goods receipt.
1797,FGR-2025-1797,1758,1758,102,40.000,40.000,0.000,No,2025-07-11,7,Accepted,Finished Goods Warehouse,FG-0001797,SN0001797A,SN0001797Z,Generated finished goods receipt.
1798,FGR-2025-1798,1759,1759,100,37.000,37.000,0.000,No,2025-07-11,8,Accepted,Finished Goods Warehouse,FG-0001798,SN0001798A,SN0001798Z,Generated finished goods receipt.
1799,FGR-2025-1799,1760,1760,101,33.000,33.000,0.000,No,2025-07-16,9,Accepted,Finished Goods Warehouse,FG-0001799,SN0001799A,SN0001799Z,Generated finished goods receipt.
1800,FGR-2025-1800,1761,1761,102,39.000,39.000,0.000,No,2025-07-14,10,Accepted,Finished Goods Warehouse,FG-0001800,SN0001800A,SN0001800Z,Generated finished goods receipt.
1801,FGR-2025-1801,1762,1762,100,53.000,53.000,0.000,No,2025-07-12,11,Accepted,Finished Goods Warehouse,FG-0001801,SN0001801A,SN0001801Z,Generated finished goods receipt.
1802,FGR-2025-1802,1763,1763,101,44.000,44.000,0.000,No,2025-07-10,12,Accepted,Finished Goods Warehouse,FG-0001802,SN0001802A,SN0001802Z,Generated finished goods receipt.
1803,FGR-2025-1803,1764,1764,102,50.000,50.000,0.000,No,2025-07-13,13,Accepted,Finished Goods Warehouse,FG-0001803,SN0001803A,SN0001803Z,Generated finished goods receipt.
1804,FGR-2025-1804,1765,1765,100,35.000,35.000,0.000,No,2025-07-15,1,Accepted,Finished Goods Warehouse,FG-0001804,SN0001804A,SN0001804Z,Generated finished goods receipt.
1805,FGR-2025-1805,1766,1766,101,47.000,47.000,0.000,No,2025-07-18,3,Accepted,Finished Goods Warehouse,FG-0001805,SN0001805A,SN0001805Z,Generated finished goods receipt.
1806,FGR-2025-1806,1767,1767,102,52.000,52.000,0.000,No,2025-07-12,4,Accepted,Finished Goods Warehouse,FG-0001806,SN0001806A,SN0001806Z,Generated finished goods receipt.
1807,FGR-2025-1807,1768,1768,100,15.000,15.000,0.000,No,2025-07-13,5,Accepted,Finished Goods Warehouse,FG-0001807,SN0001807A,SN0001807Z,Generated finished goods receipt.
1808,FGR-2025-1808,1769,1769,101,52.000,52.000,0.000,No,2025-07-14,6,Accepted,Finished Goods Warehouse,FG-0001808,SN0001808A,SN0001808Z,Generated finished goods receipt.
1809,FGR-2025-1809,1770,1770,102,41.000,41.000,0.000,No,2025-07-16,7,Accepted,Finished Goods Warehouse,FG-0001809,SN0001809A,SN0001809Z,Generated finished goods receipt.
1810,FGR-2025-1810,1771,1771,100,29.000,29.000,0.000,No,2025-07-14,8,Accepted,Finished Goods Warehouse,FG-0001810,SN0001810A,SN0001810Z,Generated finished goods receipt.
1811,FGR-2025-1811,1772,1772,101,46.000,46.000,0.000,No,2025-07-14,9,Accepted,Finished Goods Warehouse,FG-0001811,SN0001811A,SN0001811Z,Generated finished goods receipt.
1812,FGR-2025-1812,1773,1773,102,12.000,12.000,0.000,No,2025-07-13,10,Accepted,Finished Goods Warehouse,FG-0001812,SN0001812A,SN0001812Z,Generated finished goods receipt.
1813,FGR-2025-1813,1774,1774,100,42.000,42.000,0.000,No,2025-07-08,11,Accepted,Finished Goods Warehouse,FG-0001813,SN0001813A,SN0001813Z,Generated finished goods receipt.
1814,FGR-2025-1814,1775,1775,101,36.000,36.000,0.000,No,2025-07-15,12,Accepted,Finished Goods Warehouse,FG-0001814,SN0001814A,SN0001814Z,Generated finished goods receipt.
1815,FGR-2025-1815,1776,1776,102,52.000,52.000,0.000,No,2025-07-08,13,Accepted,Finished Goods Warehouse,FG-0001815,SN0001815A,SN0001815Z,Generated finished goods receipt.
1816,FGR-2025-1816,1777,1777,100,38.000,38.000,0.000,No,2025-07-08,1,Accepted,Finished Goods Warehouse,FG-0001816,SN0001816A,SN0001816Z,Generated finished goods receipt.
1817,FGR-2025-1817,1778,1778,101,33.000,33.000,0.000,No,2025-07-09,3,Accepted,Finished Goods Warehouse,FG-0001817,SN0001817A,SN0001817Z,Generated finished goods receipt.
1818,FGR-2025-1818,1779,1779,102,32.000,32.000,0.000,No,2025-07-15,4,Accepted,Finished Goods Warehouse,FG-0001818,SN0001818A,SN0001818Z,Generated finished goods receipt.
1819,FGR-2025-1819,1780,1780,100,36.000,36.000,0.000,No,2025-07-12,5,Accepted,Finished Goods Warehouse,FG-0001819,SN0001819A,SN0001819Z,Generated finished goods receipt.
1820,FGR-2025-1820,1781,1781,101,54.000,54.000,0.000,No,2025-07-19,6,Accepted,Finished Goods Warehouse,FG-0001820,SN0001820A,SN0001820Z,Generated finished goods receipt.
1821,FGR-2025-1821,1782,1782,102,48.000,48.000,0.000,No,2025-07-10,7,Accepted,Finished Goods Warehouse,FG-0001821,SN0001821A,SN0001821Z,Generated finished goods receipt.
1822,FGR-2025-1822,1783,1783,100,10.000,10.000,0.000,No,2025-07-21,8,Accepted,Finished Goods Warehouse,FG-0001822,SN0001822A,SN0001822Z,Generated finished goods receipt.
1823,FGR-2025-1823,1784,1784,101,32.000,32.000,0.000,No,2025-07-21,9,Accepted,Finished Goods Warehouse,FG-0001823,SN0001823A,SN0001823Z,Generated finished goods receipt.
1824,FGR-2025-1824,1785,1785,102,19.000,19.000,0.000,No,2025-07-23,10,Accepted,Finished Goods Warehouse,FG-0001824,SN0001824A,SN0001824Z,Generated finished goods receipt.
1825,FGR-2025-1825,1786,1786,100,14.000,14.000,0.000,No,2025-07-24,11,Accepted,Finished Goods Warehouse,FG-0001825,SN0001825A,SN0001825Z,Generated finished goods receipt.
1826,FGR-2025-1826,1787,1787,101,52.000,52.000,0.000,No,2025-07-19,12,Accepted,Finished Goods Warehouse,FG-0001826,SN0001826A,SN0001826Z,Generated finished goods receipt.
1827,FGR-2025-1827,1788,1788,102,53.000,53.000,0.000,No,2025-07-19,13,Accepted,Finished Goods Warehouse,FG-0001827,SN0001827A,SN0001827Z,Generated finished goods receipt.
1828,FGR-2025-1828,1789,1789,100,57.000,57.000,0.000,No,2025-07-22,1,Accepted,Finished Goods Warehouse,FG-0001828,SN0001828A,SN0001828Z,Generated finished goods receipt.
1829,FGR-2025-1829,1790,1790,101,26.000,26.000,0.000,No,2025-07-17,3,Accepted,Finished Goods Warehouse,FG-0001829,SN0001829A,SN0001829Z,Generated finished goods receipt.
1830,FGR-2025-1830,1791,1791,102,28.000,28.000,0.000,No,2025-07-14,4,Accepted,Finished Goods Warehouse,FG-0001830,SN0001830A,SN0001830Z,Generated finished goods receipt.
1831,FGR-2025-1831,1792,1792,100,47.000,47.000,0.000,No,2025-07-20,5,Accepted,Finished Goods Warehouse,FG-0001831,SN0001831A,SN0001831Z,Generated finished goods receipt.
1832,FGR-2025-1832,1793,1793,101,15.000,15.000,0.000,No,2025-07-27,6,Accepted,Finished Goods Warehouse,FG-0001832,SN0001832A,SN0001832Z,Generated finished goods receipt.
1833,FGR-2025-1833,1794,1794,102,6.000,6.000,0.000,No,2025-07-23,7,Accepted,Finished Goods Warehouse,FG-0001833,SN0001833A,SN0001833Z,Generated finished goods receipt.
1834,FGR-2025-1834,1795,1795,100,28.000,28.000,0.000,No,2025-07-21,8,Accepted,Finished Goods Warehouse,FG-0001834,SN0001834A,SN0001834Z,Generated finished goods receipt.
1835,FGR-2025-1835,1796,1796,101,38.000,38.000,0.000,No,2025-07-18,9,Accepted,Finished Goods Warehouse,FG-0001835,SN0001835A,SN0001835Z,Generated finished goods receipt.
1836,FGR-2025-1836,1797,1797,102,28.000,28.000,0.000,No,2025-07-23,10,Accepted,Finished Goods Warehouse,FG-0001836,SN0001836A,SN0001836Z,Generated finished goods receipt.
1837,FGR-2025-1837,1798,1798,100,14.000,14.000,0.000,No,2025-07-20,11,Accepted,Finished Goods Warehouse,FG-0001837,SN0001837A,SN0001837Z,Generated finished goods receipt.
1838,FGR-2025-1838,1799,1799,101,32.000,32.000,0.000,No,2025-07-25,12,Accepted,Finished Goods Warehouse,FG-0001838,SN0001838A,SN0001838Z,Generated finished goods receipt.
1839,FGR-2025-1839,1800,1800,102,55.000,55.000,0.000,No,2025-07-20,13,Accepted,Finished Goods Warehouse,FG-0001839,SN0001839A,SN0001839Z,Generated finished goods receipt.
1840,FGR-2025-1840,1801,1801,100,19.000,19.000,0.000,No,2025-07-21,1,Accepted,Finished Goods Warehouse,FG-0001840,SN0001840A,SN0001840Z,Generated finished goods receipt.
1841,FGR-2025-1841,1802,1802,101,26.000,26.000,0.000,No,2025-07-22,3,Accepted,Finished Goods Warehouse,FG-0001841,SN0001841A,SN0001841Z,Generated finished goods receipt.
1842,FGR-2025-1842,1803,1803,102,21.000,21.000,0.000,No,2025-07-23,4,Accepted,Finished Goods Warehouse,FG-0001842,SN0001842A,SN0001842Z,Generated finished goods receipt.
1843,FGR-2025-1843,1804,1804,100,19.000,19.000,0.000,No,2025-07-29,5,Accepted,Finished Goods Warehouse,FG-0001843,SN0001843A,SN0001843Z,Generated finished goods receipt.
1844,FGR-2025-1844,1805,1805,101,39.000,39.000,0.000,No,2025-07-26,6,Accepted,Finished Goods Warehouse,FG-0001844,SN0001844A,SN0001844Z,Generated finished goods receipt.
1845,FGR-2025-1845,1806,1806,102,25.000,25.000,0.000,No,2025-07-20,7,Accepted,Finished Goods Warehouse,FG-0001845,SN0001845A,SN0001845Z,Generated finished goods receipt.
1846,FGR-2025-1846,1807,1807,100,37.000,37.000,0.000,No,2025-07-27,8,Accepted,Finished Goods Warehouse,FG-0001846,SN0001846A,SN0001846Z,Generated finished goods receipt.
1847,FGR-2025-1847,1808,1808,101,4.000,4.000,0.000,No,2025-07-27,9,Accepted,Finished Goods Warehouse,FG-0001847,SN0001847A,SN0001847Z,Generated finished goods receipt.
1848,FGR-2025-1848,1809,1809,102,41.000,41.000,0.000,No,2025-07-25,10,Accepted,Finished Goods Warehouse,FG-0001848,SN0001848A,SN0001848Z,Generated finished goods receipt.
1849,FGR-2025-1849,1810,1810,100,10.000,10.000,0.000,No,2025-07-26,11,Accepted,Finished Goods Warehouse,FG-0001849,SN0001849A,SN0001849Z,Generated finished goods receipt.
1850,FGR-2025-1850,1811,1811,101,24.000,24.000,0.000,No,2025-07-25,12,Accepted,Finished Goods Warehouse,FG-0001850,SN0001850A,SN0001850Z,Generated finished goods receipt.
1851,FGR-2025-1851,1812,1812,102,53.000,53.000,0.000,No,2025-07-30,13,Accepted,Finished Goods Warehouse,FG-0001851,SN0001851A,SN0001851Z,Generated finished goods receipt.
1852,FGR-2025-1852,1813,1813,100,23.000,23.000,0.000,No,2025-07-22,1,Accepted,Finished Goods Warehouse,FG-0001852,SN0001852A,SN0001852Z,Generated finished goods receipt.
1853,FGR-2025-1853,1814,1814,101,42.000,42.000,0.000,No,2025-07-22,3,Accepted,Finished Goods Warehouse,FG-0001853,SN0001853A,SN0001853Z,Generated finished goods receipt.
1854,FGR-2025-1854,1815,1815,102,24.000,24.000,0.000,No,2025-08-01,4,Accepted,Finished Goods Warehouse,FG-0001854,SN0001854A,SN0001854Z,Generated finished goods receipt.
1855,FGR-2025-1855,1816,1816,100,55.000,55.000,0.000,No,2025-07-28,5,Accepted,Finished Goods Warehouse,FG-0001855,SN0001855A,SN0001855Z,Generated finished goods receipt.
1856,FGR-2025-1856,1817,1817,101,57.000,57.000,0.000,No,2025-07-29,6,Accepted,Finished Goods Warehouse,FG-0001856,SN0001856A,SN0001856Z,Generated finished goods receipt.
1857,FGR-2025-1857,1818,1818,102,54.000,54.000,0.000,No,2025-07-27,7,Accepted,Finished Goods Warehouse,FG-0001857,SN0001857A,SN0001857Z,Generated finished goods receipt.
1858,FGR-2025-1858,1819,1819,100,27.000,27.000,0.000,No,2025-08-01,8,Accepted,Finished Goods Warehouse,FG-0001858,SN0001858A,SN0001858Z,Generated finished goods receipt.
1859,FGR-2025-1859,1820,1820,101,22.000,22.000,0.000,No,2025-07-25,9,Accepted,Finished Goods Warehouse,FG-0001859,SN0001859A,SN0001859Z,Generated finished goods receipt.
1860,FGR-2025-1860,1821,1821,102,37.000,37.000,0.000,No,2025-08-06,10,Accepted,Finished Goods Warehouse,FG-0001860,SN0001860A,SN0001860Z,Generated finished goods receipt.
1861,FGR-2025-1861,1822,1822,100,49.000,49.000,0.000,No,2025-07-27,11,Accepted,Finished Goods Warehouse,FG-0001861,SN0001861A,SN0001861Z,Generated finished goods receipt.
1862,FGR-2025-1862,1823,1823,101,34.000,34.000,0.000,No,2025-08-03,12,Accepted,Finished Goods Warehouse,FG-0001862,SN0001862A,SN0001862Z,Generated finished goods receipt.
1863,FGR-2025-1863,1824,1824,102,46.000,46.000,0.000,No,2025-07-27,13,Accepted,Finished Goods Warehouse,FG-0001863,SN0001863A,SN0001863Z,Generated finished goods receipt.
1864,FGR-2025-1864,1825,1825,100,52.000,52.000,0.000,No,2025-07-30,1,Accepted,Finished Goods Warehouse,FG-0001864,SN0001864A,SN0001864Z,Generated finished goods receipt.
1865,FGR-2025-1865,1826,1826,101,46.000,46.000,0.000,No,2025-08-05,3,Accepted,Finished Goods Warehouse,FG-0001865,SN0001865A,SN0001865Z,Generated finished goods receipt.
1866,FGR-2025-1866,1827,1827,102,24.000,24.000,0.000,No,2025-08-01,4,Accepted,Finished Goods Warehouse,FG-0001866,SN0001866A,SN0001866Z,Generated finished goods receipt.
1867,FGR-2025-1867,1828,1828,100,17.000,17.000,0.000,No,2025-07-28,5,Accepted,Finished Goods Warehouse,FG-0001867,SN0001867A,SN0001867Z,Generated finished goods receipt.
1868,FGR-2025-1868,1829,1829,101,28.000,28.000,0.000,No,2025-08-05,6,Accepted,Finished Goods Warehouse,FG-0001868,SN0001868A,SN0001868Z,Generated finished goods receipt.
1869,FGR-2025-1869,1830,1830,102,35.000,35.000,0.000,No,2025-08-04,7,Accepted,Finished Goods Warehouse,FG-0001869,SN0001869A,SN0001869Z,Generated finished goods receipt.
1870,FGR-2025-1870,1831,1831,100,51.000,51.000,0.000,No,2025-08-05,8,Accepted,Finished Goods Warehouse,FG-0001870,SN0001870A,SN0001870Z,Generated finished goods receipt.
1871,FGR-2025-1871,1832,1832,101,21.000,21.000,0.000,No,2025-08-04,9,Accepted,Finished Goods Warehouse,FG-0001871,SN0001871A,SN0001871Z,Generated finished goods receipt.
1872,FGR-2025-1872,1833,1833,102,12.000,12.000,0.000,No,2025-08-02,10,Accepted,Finished Goods Warehouse,FG-0001872,SN0001872A,SN0001872Z,Generated finished goods receipt.
1873,FGR-2025-1873,1834,1834,100,21.000,21.000,0.000,No,2025-08-04,11,Accepted,Finished Goods Warehouse,FG-0001873,SN0001873A,SN0001873Z,Generated finished goods receipt.
1874,FGR-2025-1874,1835,1835,101,38.000,38.000,0.000,No,2025-08-07,12,Accepted,Finished Goods Warehouse,FG-0001874,SN0001874A,SN0001874Z,Generated finished goods receipt.
1875,FGR-2025-1875,1836,1836,102,15.000,15.000,0.000,No,2025-08-04,13,Accepted,Finished Goods Warehouse,FG-0001875,SN0001875A,SN0001875Z,Generated finished goods receipt.
1876,FGR-2025-1876,1837,1837,100,26.000,26.000,0.000,No,2025-08-06,1,Accepted,Finished Goods Warehouse,FG-0001876,SN0001876A,SN0001876Z,Generated finished goods receipt.
1877,FGR-2025-1877,1838,1838,101,19.000,19.000,0.000,No,2025-08-06,3,Accepted,Finished Goods Warehouse,FG-0001877,SN0001877A,SN0001877Z,Generated finished goods receipt.
1878,FGR-2025-1878,1839,1839,102,58.000,58.000,0.000,No,2025-08-04,4,Accepted,Finished Goods Warehouse,FG-0001878,SN0001878A,SN0001878Z,Generated finished goods receipt.
1879,FGR-2025-1879,1840,1840,100,33.000,33.000,0.000,No,2025-08-08,5,Accepted,Finished Goods Warehouse,FG-0001879,SN0001879A,SN0001879Z,Generated finished goods receipt.
1880,FGR-2025-1880,1841,1841,101,44.000,44.000,0.000,No,2025-07-29,6,Accepted,Finished Goods Warehouse,FG-0001880,SN0001880A,SN0001880Z,Generated finished goods receipt.
1881,FGR-2025-1881,1842,1842,102,33.000,33.000,0.000,No,2025-07-31,7,Accepted,Finished Goods Warehouse,FG-0001881,SN0001881A,SN0001881Z,Generated finished goods receipt.
1882,FGR-2025-1882,1843,1843,100,3.000,3.000,0.000,No,2025-08-07,8,Accepted,Finished Goods Warehouse,FG-0001882,SN0001882A,SN0001882Z,Generated finished goods receipt.
1883,FGR-2025-1883,1844,1844,101,17.000,17.000,0.000,No,2025-08-02,9,Accepted,Finished Goods Warehouse,FG-0001883,SN0001883A,SN0001883Z,Generated finished goods receipt.
1884,FGR-2025-1884,1845,1845,102,52.000,52.000,0.000,No,2025-08-09,10,Accepted,Finished Goods Warehouse,FG-0001884,SN0001884A,SN0001884Z,Generated finished goods receipt.
1885,FGR-2025-1885,1846,1846,100,31.000,31.000,0.000,No,2025-08-04,11,Accepted,Finished Goods Warehouse,FG-0001885,SN0001885A,SN0001885Z,Generated finished goods receipt.
1886,FGR-2025-1886,1847,1847,101,44.000,44.000,0.000,No,2025-08-07,12,Accepted,Finished Goods Warehouse,FG-0001886,SN0001886A,SN0001886Z,Generated finished goods receipt.
1887,FGR-2025-1887,1848,1848,102,46.000,46.000,0.000,No,2025-08-07,13,Accepted,Finished Goods Warehouse,FG-0001887,SN0001887A,SN0001887Z,Generated finished goods receipt.
1888,FGR-2025-1888,1849,1849,100,36.000,36.000,0.000,No,2025-08-06,1,Accepted,Finished Goods Warehouse,FG-0001888,SN0001888A,SN0001888Z,Generated finished goods receipt.
1889,FGR-2025-1889,1850,1850,101,37.000,37.000,0.000,No,2025-08-10,3,Accepted,Finished Goods Warehouse,FG-0001889,SN0001889A,SN0001889Z,Generated finished goods receipt.
1890,FGR-2025-1890,1851,1851,102,16.000,16.000,0.000,No,2025-08-12,4,Accepted,Finished Goods Warehouse,FG-0001890,SN0001890A,SN0001890Z,Generated finished goods receipt.
1891,FGR-2025-1891,1852,1852,100,16.000,16.000,0.000,No,2025-08-04,5,Accepted,Finished Goods Warehouse,FG-0001891,SN0001891A,SN0001891Z,Generated finished goods receipt.
1892,FGR-2025-1892,1853,1853,101,13.000,13.000,0.000,No,2025-08-11,6,Accepted,Finished Goods Warehouse,FG-0001892,SN0001892A,SN0001892Z,Generated finished goods receipt.
1893,FGR-2025-1893,1854,1854,102,21.000,21.000,0.000,No,2025-08-07,7,Accepted,Finished Goods Warehouse,FG-0001893,SN0001893A,SN0001893Z,Generated finished goods receipt.
1894,FGR-2025-1894,1855,1855,100,39.000,39.000,0.000,No,2025-08-10,8,Accepted,Finished Goods Warehouse,FG-0001894,SN0001894A,SN0001894Z,Generated finished goods receipt.
1895,FGR-2025-1895,1856,1856,101,55.000,55.000,0.000,No,2025-08-14,9,Accepted,Finished Goods Warehouse,FG-0001895,SN0001895A,SN0001895Z,Generated finished goods receipt.
1896,FGR-2025-1896,1857,1857,102,29.000,29.000,0.000,No,2025-08-06,10,Accepted,Finished Goods Warehouse,FG-0001896,SN0001896A,SN0001896Z,Generated finished goods receipt.
1897,FGR-2025-1897,1858,1858,100,38.000,38.000,0.000,No,2025-08-11,11,Accepted,Finished Goods Warehouse,FG-0001897,SN0001897A,SN0001897Z,Generated finished goods receipt.
1898,FGR-2025-1898,1859,1859,101,53.000,53.000,0.000,No,2025-08-04,12,Accepted,Finished Goods Warehouse,FG-0001898,SN0001898A,SN0001898Z,Generated finished goods receipt.
1899,FGR-2025-1899,1860,1860,102,41.000,41.000,0.000,No,2025-08-08,13,Accepted,Finished Goods Warehouse,FG-0001899,SN0001899A,SN0001899Z,Generated finished goods receipt.
1900,FGR-2025-1900,1861,1861,100,18.000,18.000,0.000,No,2025-08-13,1,Accepted,Finished Goods Warehouse,FG-0001900,SN0001900A,SN0001900Z,Generated finished goods receipt.
1901,FGR-2025-1901,1862,1862,101,19.000,19.000,0.000,No,2025-08-12,3,Accepted,Finished Goods Warehouse,FG-0001901,SN0001901A,SN0001901Z,Generated finished goods receipt.
1902,FGR-2025-1902,1863,1863,102,40.000,40.000,0.000,No,2025-08-11,4,Accepted,Finished Goods Warehouse,FG-0001902,SN0001902A,SN0001902Z,Generated finished goods receipt.
1903,FGR-2025-1903,1864,1864,100,20.000,20.000,0.000,No,2025-08-05,5,Accepted,Finished Goods Warehouse,FG-0001903,SN0001903A,SN0001903Z,Generated finished goods receipt.
1904,FGR-2025-1904,1865,1865,101,17.000,17.000,0.000,No,2025-08-09,6,Accepted,Finished Goods Warehouse,FG-0001904,SN0001904A,SN0001904Z,Generated finished goods receipt.
1905,FGR-2025-1905,1866,1866,102,37.000,37.000,0.000,No,2025-08-06,7,Accepted,Finished Goods Warehouse,FG-0001905,SN0001905A,SN0001905Z,Generated finished goods receipt.
1906,FGR-2025-1906,1867,1867,100,40.000,40.000,0.000,No,2025-08-10,8,Accepted,Finished Goods Warehouse,FG-0001906,SN0001906A,SN0001906Z,Generated finished goods receipt.
1907,FGR-2025-1907,1868,1868,101,18.000,18.000,0.000,No,2025-08-14,9,Accepted,Finished Goods Warehouse,FG-0001907,SN0001907A,SN0001907Z,Generated finished goods receipt.
1908,FGR-2025-1908,1869,1869,102,7.000,7.000,0.000,No,2025-08-11,10,Accepted,Finished Goods Warehouse,FG-0001908,SN0001908A,SN0001908Z,Generated finished goods receipt.
1909,FGR-2025-1909,1870,1870,100,47.000,47.000,0.000,No,2025-08-09,11,Accepted,Finished Goods Warehouse,FG-0001909,SN0001909A,SN0001909Z,Generated finished goods receipt.
1910,FGR-2025-1910,1871,1871,101,24.000,24.000,0.000,No,2025-08-16,12,Accepted,Finished Goods Warehouse,FG-0001910,SN0001910A,SN0001910Z,Generated finished goods receipt.
1911,FGR-2025-1911,1872,1872,102,40.000,40.000,0.000,No,2025-08-14,13,Accepted,Finished Goods Warehouse,FG-0001911,SN0001911A,SN0001911Z,Generated finished goods receipt.
1912,FGR-2025-1912,1873,1873,100,12.000,12.000,0.000,No,2025-08-12,1,Accepted,Finished Goods Warehouse,FG-0001912,SN0001912A,SN0001912Z,Generated finished goods receipt.
1913,FGR-2025-1913,1874,1874,101,22.000,22.000,0.000,No,2025-08-14,3,Accepted,Finished Goods Warehouse,FG-0001913,SN0001913A,SN0001913Z,Generated finished goods receipt.
1914,FGR-2025-1914,1875,1875,102,38.000,38.000,0.000,No,2025-08-13,4,Accepted,Finished Goods Warehouse,FG-0001914,SN0001914A,SN0001914Z,Generated finished goods receipt.
1915,FGR-2025-1915,1876,1876,100,11.000,11.000,0.000,No,2025-08-17,5,Accepted,Finished Goods Warehouse,FG-0001915,SN0001915A,SN0001915Z,Generated finished goods receipt.
1916,FGR-2025-1916,1877,1877,101,21.000,21.000,0.000,No,2025-08-14,6,Accepted,Finished Goods Warehouse,FG-0001916,SN0001916A,SN0001916Z,Generated finished goods receipt.
1917,FGR-2025-1917,1878,1878,102,43.000,43.000,0.000,No,2025-08-13,7,Accepted,Finished Goods Warehouse,FG-0001917,SN0001917A,SN0001917Z,Generated finished goods receipt.
1918,FGR-2025-1918,1879,1879,100,46.000,46.000,0.000,No,2025-08-14,8,Accepted,Finished Goods Warehouse,FG-0001918,SN0001918A,SN0001918Z,Generated finished goods receipt.
1919,FGR-2025-1919,1880,1880,101,22.000,22.000,0.000,No,2025-08-13,9,Accepted,Finished Goods Warehouse,FG-0001919,SN0001919A,SN0001919Z,Generated finished goods receipt.
1920,FGR-2025-1920,1881,1881,102,10.000,10.000,0.000,No,2025-08-25,10,Accepted,Finished Goods Warehouse,FG-0001920,SN0001920A,SN0001920Z,Generated finished goods receipt.
1921,FGR-2025-1921,1882,1882,100,4.000,4.000,0.000,No,2025-08-17,11,Accepted,Finished Goods Warehouse,FG-0001921,SN0001921A,SN0001921Z,Generated finished goods receipt.
1922,FGR-2025-1922,1883,1883,101,35.000,35.000,0.000,No,2025-08-13,12,Accepted,Finished Goods Warehouse,FG-0001922,SN0001922A,SN0001922Z,Generated finished goods receipt.
1923,FGR-2025-1923,1884,1884,102,43.000,43.000,0.000,No,2025-08-26,13,Accepted,Finished Goods Warehouse,FG-0001923,SN0001923A,SN0001923Z,Generated finished goods receipt.
1924,FGR-2025-1924,1885,1885,100,38.000,38.000,0.000,No,2025-08-18,1,Accepted,Finished Goods Warehouse,FG-0001924,SN0001924A,SN0001924Z,Generated finished goods receipt.
1925,FGR-2025-1925,1886,1886,101,27.000,27.000,0.000,No,2025-08-21,3,Accepted,Finished Goods Warehouse,FG-0001925,SN0001925A,SN0001925Z,Generated finished goods receipt.
1926,FGR-2025-1926,1887,1887,102,6.000,6.000,0.000,No,2025-08-21,4,Accepted,Finished Goods Warehouse,FG-0001926,SN0001926A,SN0001926Z,Generated finished goods receipt.
1927,FGR-2025-1927,1888,1888,100,15.000,15.000,0.000,No,2025-08-24,5,Accepted,Finished Goods Warehouse,FG-0001927,SN0001927A,SN0001927Z,Generated finished goods receipt.
1928,FGR-2025-1928,1889,1889,101,6.000,6.000,0.000,No,2025-08-28,6,Accepted,Finished Goods Warehouse,FG-0001928,SN0001928A,SN0001928Z,Generated finished goods receipt.
1929,FGR-2025-1929,1890,1890,102,29.000,29.000,0.000,No,2025-08-24,7,Accepted,Finished Goods Warehouse,FG-0001929,SN0001929A,SN0001929Z,Generated finished goods receipt.
1930,FGR-2025-1930,1891,1891,100,21.000,21.000,0.000,No,2025-08-23,8,Accepted,Finished Goods Warehouse,FG-0001930,SN0001930A,SN0001930Z,Generated finished goods receipt.
1931,FGR-2025-1931,1892,1892,101,8.000,8.000,0.000,No,2025-08-21,9,Accepted,Finished Goods Warehouse,FG-0001931,SN0001931A,SN0001931Z,Generated finished goods receipt.
1932,FGR-2025-1932,1893,1893,102,37.000,37.000,0.000,No,2025-08-22,10,Accepted,Finished Goods Warehouse,FG-0001932,SN0001932A,SN0001932Z,Generated finished goods receipt.
1933,FGR-2025-1933,1894,1894,100,23.000,23.000,0.000,No,2025-08-24,11,Accepted,Finished Goods Warehouse,FG-0001933,SN0001933A,SN0001933Z,Generated finished goods receipt.
1934,FGR-2025-1934,1895,1895,101,57.000,57.000,0.000,No,2025-08-23,12,Accepted,Finished Goods Warehouse,FG-0001934,SN0001934A,SN0001934Z,Generated finished goods receipt.
1935,FGR-2025-1935,1896,1896,102,27.000,27.000,0.000,No,2025-08-26,13,Accepted,Finished Goods Warehouse,FG-0001935,SN0001935A,SN0001935Z,Generated finished goods receipt.
1936,FGR-2025-1936,1897,1897,100,9.000,9.000,0.000,No,2025-08-24,1,Accepted,Finished Goods Warehouse,FG-0001936,SN0001936A,SN0001936Z,Generated finished goods receipt.
1937,FGR-2025-1937,1898,1898,101,44.000,44.000,0.000,No,2025-08-23,3,Accepted,Finished Goods Warehouse,FG-0001937,SN0001937A,SN0001937Z,Generated finished goods receipt.
1938,FGR-2025-1938,1899,1899,102,42.000,42.000,0.000,No,2025-08-28,4,Accepted,Finished Goods Warehouse,FG-0001938,SN0001938A,SN0001938Z,Generated finished goods receipt.
1939,FGR-2025-1939,1900,1900,100,57.000,57.000,0.000,No,2025-08-27,5,Accepted,Finished Goods Warehouse,FG-0001939,SN0001939A,SN0001939Z,Generated finished goods receipt.
1940,FGR-2025-1940,1901,1901,101,41.000,41.000,0.000,No,2025-08-27,6,Accepted,Finished Goods Warehouse,FG-0001940,SN0001940A,SN0001940Z,Generated finished goods receipt.
1941,FGR-2025-1941,1902,1902,102,23.000,23.000,0.000,No,2025-08-29,7,Accepted,Finished Goods Warehouse,FG-0001941,SN0001941A,SN0001941Z,Generated finished goods receipt.
1942,FGR-2025-1942,1903,1903,100,42.000,42.000,0.000,No,2025-08-26,8,Accepted,Finished Goods Warehouse,FG-0001942,SN0001942A,SN0001942Z,Generated finished goods receipt.
1943,FGR-2025-1943,1904,1904,101,49.000,49.000,0.000,No,2025-08-26,9,Accepted,Finished Goods Warehouse,FG-0001943,SN0001943A,SN0001943Z,Generated finished goods receipt.
1944,FGR-2025-1944,1905,1905,102,31.000,31.000,0.000,No,2025-08-24,10,Accepted,Finished Goods Warehouse,FG-0001944,SN0001944A,SN0001944Z,Generated finished goods receipt.
1945,FGR-2025-1945,1906,1906,100,49.000,49.000,0.000,No,2025-08-19,11,Accepted,Finished Goods Warehouse,FG-0001945,SN0001945A,SN0001945Z,Generated finished goods receipt.
1946,FGR-2025-1946,1907,1907,101,58.000,58.000,0.000,No,2025-08-28,12,Accepted,Finished Goods Warehouse,FG-0001946,SN0001946A,SN0001946Z,Generated finished goods receipt.
1947,FGR-2025-1947,1908,1908,102,45.000,45.000,0.000,No,2025-08-28,13,Accepted,Finished Goods Warehouse,FG-0001947,SN0001947A,SN0001947Z,Generated finished goods receipt.
1948,FGR-2025-1948,1909,1909,100,33.000,33.000,0.000,No,2025-08-23,1,Accepted,Finished Goods Warehouse,FG-0001948,SN0001948A,SN0001948Z,Generated finished goods receipt.
1949,FGR-2025-1949,1910,1910,101,31.000,31.000,0.000,No,2025-08-22,3,Accepted,Finished Goods Warehouse,FG-0001949,SN0001949A,SN0001949Z,Generated finished goods receipt.
1950,FGR-2025-1950,1911,1911,102,50.000,50.000,0.000,No,2025-08-27,4,Accepted,Finished Goods Warehouse,FG-0001950,SN0001950A,SN0001950Z,Generated finished goods receipt.
1951,FGR-2025-1951,1912,1912,100,53.000,53.000,0.000,No,2025-08-22,5,Accepted,Finished Goods Warehouse,FG-0001951,SN0001951A,SN0001951Z,Generated finished goods receipt.
1952,FGR-2025-1952,1913,1913,101,17.000,17.000,0.000,No,2025-09-03,6,Accepted,Finished Goods Warehouse,FG-0001952,SN0001952A,SN0001952Z,Generated finished goods receipt.
1953,FGR-2025-1953,1914,1914,102,4.000,4.000,0.000,No,2025-09-02,7,Accepted,Finished Goods Warehouse,FG-0001953,SN0001953A,SN0001953Z,Generated finished goods receipt.
1954,FGR-2025-1954,1915,1915,100,49.000,49.000,0.000,No,2025-09-02,8,Accepted,Finished Goods Warehouse,FG-0001954,SN0001954A,SN0001954Z,Generated finished goods receipt.
1955,FGR-2025-1955,1916,1916,101,16.000,16.000,0.000,No,2025-08-26,9,Accepted,Finished Goods Warehouse,FG-0001955,SN0001955A,SN0001955Z,Generated finished goods receipt.
1956,FGR-2025-1956,1917,1917,102,58.000,58.000,0.000,No,2025-08-30,10,Accepted,Finished Goods Warehouse,FG-0001956,SN0001956A,SN0001956Z,Generated finished goods receipt.
1957,FGR-2025-1957,1918,1918,100,6.000,6.000,0.000,No,2025-09-01,11,Accepted,Finished Goods Warehouse,FG-0001957,SN0001957A,SN0001957Z,Generated finished goods receipt.
1958,FGR-2025-1958,1919,1919,101,55.000,55.000,0.000,No,2025-09-03,12,Accepted,Finished Goods Warehouse,FG-0001958,SN0001958A,SN0001958Z,Generated finished goods receipt.
1959,FGR-2025-1959,1920,1920,102,42.000,42.000,0.000,No,2025-08-28,13,Accepted,Finished Goods Warehouse,FG-0001959,SN0001959A,SN0001959Z,Generated finished goods receipt.
1960,FGR-2025-1960,1921,1921,100,22.000,22.000,0.000,No,2025-08-31,1,Accepted,Finished Goods Warehouse,FG-0001960,SN0001960A,SN0001960Z,Generated finished goods receipt.
1961,FGR-2025-1961,1922,1922,101,6.000,6.000,0.000,No,2025-08-28,3,Accepted,Finished Goods Warehouse,FG-0001961,SN0001961A,SN0001961Z,Generated finished goods receipt.
1962,FGR-2025-1962,1923,1923,102,50.000,50.000,0.000,No,2025-08-24,4,Accepted,Finished Goods Warehouse,FG-0001962,SN0001962A,SN0001962Z,Generated finished goods receipt.
1963,FGR-2025-1963,1924,1924,100,9.000,9.000,0.000,No,2025-09-07,5,Accepted,Finished Goods Warehouse,FG-0001963,SN0001963A,SN0001963Z,Generated finished goods receipt.
1964,FGR-2025-1964,1925,1925,101,8.000,8.000,0.000,No,2025-09-05,6,Accepted,Finished Goods Warehouse,FG-0001964,SN0001964A,SN0001964Z,Generated finished goods receipt.
1965,FGR-2025-1965,1926,1926,102,49.000,49.000,0.000,No,2025-08-24,7,Accepted,Finished Goods Warehouse,FG-0001965,SN0001965A,SN0001965Z,Generated finished goods receipt.
1966,FGR-2025-1966,1927,1927,100,41.000,41.000,0.000,No,2025-08-30,8,Accepted,Finished Goods Warehouse,FG-0001966,SN0001966A,SN0001966Z,Generated finished goods receipt.
1967,FGR-2025-1967,1928,1928,101,11.000,11.000,0.000,No,2025-09-07,9,Accepted,Finished Goods Warehouse,FG-0001967,SN0001967A,SN0001967Z,Generated finished goods receipt.
1968,FGR-2025-1968,1929,1929,102,24.000,24.000,0.000,No,2025-08-28,10,Accepted,Finished Goods Warehouse,FG-0001968,SN0001968A,SN0001968Z,Generated finished goods receipt.
1969,FGR-2025-1969,1930,1930,100,40.000,40.000,0.000,No,2025-09-02,11,Accepted,Finished Goods Warehouse,FG-0001969,SN0001969A,SN0001969Z,Generated finished goods receipt.
1970,FGR-2025-1970,1931,1931,101,41.000,41.000,0.000,No,2025-08-30,12,Accepted,Finished Goods Warehouse,FG-0001970,SN0001970A,SN0001970Z,Generated finished goods receipt.
1971,FGR-2025-1971,1932,1932,102,24.000,24.000,0.000,No,2025-09-02,13,Accepted,Finished Goods Warehouse,FG-0001971,SN0001971A,SN0001971Z,Generated finished goods receipt.
1972,FGR-2025-1972,1933,1933,100,28.000,28.000,0.000,No,2025-09-06,1,Accepted,Finished Goods Warehouse,FG-0001972,SN0001972A,SN0001972Z,Generated finished goods receipt.
1973,FGR-2025-1973,1934,1934,101,8.000,8.000,0.000,No,2025-08-25,3,Accepted,Finished Goods Warehouse,FG-0001973,SN0001973A,SN0001973Z,Generated finished goods receipt.
1974,FGR-2025-1974,1935,1935,102,5.000,5.000,0.000,No,2025-09-06,4,Accepted,Finished Goods Warehouse,FG-0001974,SN0001974A,SN0001974Z,Generated finished goods receipt.
1975,FGR-2025-1975,1936,1936,100,57.000,57.000,0.000,No,2025-09-07,5,Accepted,Finished Goods Warehouse,FG-0001975,SN0001975A,SN0001975Z,Generated finished goods receipt.
1976,FGR-2025-1976,1937,1937,101,16.000,16.000,0.000,No,2025-08-31,6,Accepted,Finished Goods Warehouse,FG-0001976,SN0001976A,SN0001976Z,Generated finished goods receipt.
1977,FGR-2025-1977,1938,1938,102,56.000,56.000,0.000,No,2025-09-04,7,Accepted,Finished Goods Warehouse,FG-0001977,SN0001977A,SN0001977Z,Generated finished goods receipt.
1978,FGR-2025-1978,1939,1939,100,7.000,7.000,0.000,No,2025-08-30,8,Accepted,Finished Goods Warehouse,FG-0001978,SN0001978A,SN0001978Z,Generated finished goods receipt.
1979,FGR-2025-1979,1940,1940,101,59.000,59.000,0.000,No,2025-09-08,9,Accepted,Finished Goods Warehouse,FG-0001979,SN0001979A,SN0001979Z,Generated finished goods receipt.
1980,FGR-2025-1980,1941,1941,102,26.000,26.000,0.000,No,2025-08-28,10,Accepted,Finished Goods Warehouse,FG-0001980,SN0001980A,SN0001980Z,Generated finished goods receipt.
1981,FGR-2025-1981,1942,1942,100,49.000,49.000,0.000,No,2025-09-05,11,Accepted,Finished Goods Warehouse,FG-0001981,SN0001981A,SN0001981Z,Generated finished goods receipt.
1982,FGR-2025-1982,1943,1943,101,52.000,52.000,0.000,No,2025-09-06,12,Accepted,Finished Goods Warehouse,FG-0001982,SN0001982A,SN0001982Z,Generated finished goods receipt.
1983,FGR-2025-1983,1944,1944,102,24.000,24.000,0.000,No,2025-09-04,13,Accepted,Finished Goods Warehouse,FG-0001983,SN0001983A,SN0001983Z,Generated finished goods receipt.
1984,FGR-2025-1984,1945,1945,100,44.000,44.000,0.000,No,2025-09-06,1,Accepted,Finished Goods Warehouse,FG-0001984,SN0001984A,SN0001984Z,Generated finished goods receipt.
1985,FGR-2025-1985,1946,1946,101,21.000,21.000,0.000,No,2025-09-02,3,Accepted,Finished Goods Warehouse,FG-0001985,SN0001985A,SN0001985Z,Generated finished goods receipt.
1986,FGR-2025-1986,1947,1947,102,49.000,49.000,0.000,No,2025-09-10,4,Accepted,Finished Goods Warehouse,FG-0001986,SN0001986A,SN0001986Z,Generated finished goods receipt.
1987,FGR-2025-1987,1948,1948,100,56.000,56.000,0.000,No,2025-09-02,5,Accepted,Finished Goods Warehouse,FG-0001987,SN0001987A,SN0001987Z,Generated finished goods receipt.
1988,FGR-2025-1988,1949,1949,101,48.000,48.000,0.000,No,2025-09-09,6,Accepted,Finished Goods Warehouse,FG-0001988,SN0001988A,SN0001988Z,Generated finished goods receipt.
1989,FGR-2025-1989,1950,1950,102,43.000,43.000,0.000,No,2025-09-09,7,Accepted,Finished Goods Warehouse,FG-0001989,SN0001989A,SN0001989Z,Generated finished goods receipt.
1990,FGR-2025-1990,1951,1951,100,24.000,24.000,0.000,No,2025-09-12,8,Accepted,Finished Goods Warehouse,FG-0001990,SN0001990A,SN0001990Z,Generated finished goods receipt.
1991,FGR-2025-1991,1952,1952,101,11.000,11.000,0.000,No,2025-09-07,9,Accepted,Finished Goods Warehouse,FG-0001991,SN0001991A,SN0001991Z,Generated finished goods receipt.
1992,FGR-2025-1992,1953,1953,102,31.000,31.000,0.000,No,2025-09-09,10,Accepted,Finished Goods Warehouse,FG-0001992,SN0001992A,SN0001992Z,Generated finished goods receipt.
1993,FGR-2025-1993,1954,1954,100,11.000,11.000,0.000,No,2025-09-12,11,Accepted,Finished Goods Warehouse,FG-0001993,SN0001993A,SN0001993Z,Generated finished goods receipt.
1994,FGR-2025-1994,1955,1955,101,31.000,31.000,0.000,No,2025-09-12,12,Accepted,Finished Goods Warehouse,FG-0001994,SN0001994A,SN0001994Z,Generated finished goods receipt.
1995,FGR-2025-1995,1956,1956,102,51.000,51.000,0.000,No,2025-09-02,13,Accepted,Finished Goods Warehouse,FG-0001995,SN0001995A,SN0001995Z,Generated finished goods receipt.
1996,FGR-2025-1996,1957,1957,100,11.000,11.000,0.000,No,2025-09-17,1,Accepted,Finished Goods Warehouse,FG-0001996,SN0001996A,SN0001996Z,Generated finished goods receipt.
1997,FGR-2025-1997,1958,1958,101,54.000,54.000,0.000,No,2025-09-14,3,Accepted,Finished Goods Warehouse,FG-0001997,SN0001997A,SN0001997Z,Generated finished goods receipt.
1998,FGR-2025-1998,1959,1959,102,37.000,37.000,0.000,No,2025-09-08,4,Accepted,Finished Goods Warehouse,FG-0001998,SN0001998A,SN0001998Z,Generated finished goods receipt.
1999,FGR-2025-1999,1960,1960,100,6.000,6.000,0.000,No,2025-09-04,5,Accepted,Finished Goods Warehouse,FG-0001999,SN0001999A,SN0001999Z,Generated finished goods receipt.
2000,FGR-2025-2000,1961,1961,101,44.000,44.000,0.000,No,2025-09-15,6,Accepted,Finished Goods Warehouse,FG-0002000,SN0002000A,SN0002000Z,Generated finished goods receipt.
2001,FGR-2025-2001,1962,1962,102,5.000,5.000,0.000,No,2025-09-04,7,Accepted,Finished Goods Warehouse,FG-0002001,SN0002001A,SN0002001Z,Generated finished goods receipt.
2002,FGR-2025-2002,1963,1963,100,38.000,38.000,0.000,No,2025-09-11,8,Accepted,Finished Goods Warehouse,FG-0002002,SN0002002A,SN0002002Z,Generated finished goods receipt.
2003,FGR-2025-2003,1964,1964,101,31.000,31.000,0.000,No,2025-09-09,9,Accepted,Finished Goods Warehouse,FG-0002003,SN0002003A,SN0002003Z,Generated finished goods receipt.
2004,FGR-2025-2004,1965,1965,102,46.000,46.000,0.000,No,2025-09-14,10,Accepted,Finished Goods Warehouse,FG-0002004,SN0002004A,SN0002004Z,Generated finished goods receipt.
2005,FGR-2025-2005,1966,1966,100,24.000,24.000,0.000,No,2025-09-15,11,Accepted,Finished Goods Warehouse,FG-0002005,SN0002005A,SN0002005Z,Generated finished goods receipt.
2006,FGR-2025-2006,1967,1967,101,11.000,11.000,0.000,No,2025-09-09,12,Accepted,Finished Goods Warehouse,FG-0002006,SN0002006A,SN0002006Z,Generated finished goods receipt.
2007,FGR-2025-2007,1968,1968,102,24.000,24.000,0.000,No,2025-09-13,13,Accepted,Finished Goods Warehouse,FG-0002007,SN0002007A,SN0002007Z,Generated finished goods receipt.
2008,FGR-2025-2008,1969,1969,100,45.000,45.000,0.000,No,2025-09-13,1,Accepted,Finished Goods Warehouse,FG-0002008,SN0002008A,SN0002008Z,Generated finished goods receipt.
2009,FGR-2025-2009,1970,1970,101,57.000,57.000,0.000,No,2025-09-18,3,Accepted,Finished Goods Warehouse,FG-0002009,SN0002009A,SN0002009Z,Generated finished goods receipt.
2010,FGR-2025-2010,1971,1971,102,15.000,15.000,0.000,No,2025-09-18,4,Accepted,Finished Goods Warehouse,FG-0002010,SN0002010A,SN0002010Z,Generated finished goods receipt.
2011,FGR-2025-2011,1972,1972,100,24.000,24.000,0.000,No,2025-09-11,5,Accepted,Finished Goods Warehouse,FG-0002011,SN0002011A,SN0002011Z,Generated finished goods receipt.
2012,FGR-2025-2012,1973,1973,101,52.000,52.000,0.000,No,2025-09-13,6,Accepted,Finished Goods Warehouse,FG-0002012,SN0002012A,SN0002012Z,Generated finished goods receipt.
2013,FGR-2025-2013,1974,1974,102,20.000,20.000,0.000,No,2025-09-19,7,Accepted,Finished Goods Warehouse,FG-0002013,SN0002013A,SN0002013Z,Generated finished goods receipt.
2014,FGR-2025-2014,1975,1975,100,18.000,18.000,0.000,No,2025-09-24,8,Accepted,Finished Goods Warehouse,FG-0002014,SN0002014A,SN0002014Z,Generated finished goods receipt.
2015,FGR-2025-2015,1976,1976,101,51.000,51.000,0.000,No,2025-09-23,9,Accepted,Finished Goods Warehouse,FG-0002015,SN0002015A,SN0002015Z,Generated finished goods receipt.
2016,FGR-2025-2016,1977,1977,102,30.000,30.000,0.000,No,2025-09-18,10,Accepted,Finished Goods Warehouse,FG-0002016,SN0002016A,SN0002016Z,Generated finished goods receipt.
2017,FGR-2025-2017,1978,1978,100,36.000,36.000,0.000,No,2025-09-20,11,Accepted,Finished Goods Warehouse,FG-0002017,SN0002017A,SN0002017Z,Generated finished goods receipt.
2018,FGR-2025-2018,1979,1979,101,30.000,30.000,0.000,No,2025-09-23,12,Accepted,Finished Goods Warehouse,FG-0002018,SN0002018A,SN0002018Z,Generated finished goods receipt.
2019,FGR-2025-2019,1980,1980,102,37.000,37.000,0.000,No,2025-09-24,13,Accepted,Finished Goods Warehouse,FG-0002019,SN0002019A,SN0002019Z,Generated finished goods receipt.
2020,FGR-2025-2020,1981,1981,100,20.000,20.000,0.000,No,2025-09-17,1,Accepted,Finished Goods Warehouse,FG-0002020,SN0002020A,SN0002020Z,Generated finished goods receipt.
2021,FGR-2025-2021,1982,1982,101,44.000,44.000,0.000,No,2025-09-21,3,Accepted,Finished Goods Warehouse,FG-0002021,SN0002021A,SN0002021Z,Generated finished goods receipt.
2022,FGR-2025-2022,1983,1983,102,23.000,23.000,0.000,No,2025-09-19,4,Accepted,Finished Goods Warehouse,FG-0002022,SN0002022A,SN0002022Z,Generated finished goods receipt.
2023,FGR-2025-2023,1984,1984,100,32.000,32.000,0.000,No,2025-09-14,5,Accepted,Finished Goods Warehouse,FG-0002023,SN0002023A,SN0002023Z,Generated finished goods receipt.
2024,FGR-2025-2024,1985,1985,101,14.000,14.000,0.000,No,2025-09-26,6,Accepted,Finished Goods Warehouse,FG-0002024,SN0002024A,SN0002024Z,Generated finished goods receipt.
2025,FGR-2025-2025,1986,1986,102,3.000,3.000,0.000,No,2025-09-18,7,Accepted,Finished Goods Warehouse,FG-0002025,SN0002025A,SN0002025Z,Generated finished goods receipt.
2026,FGR-2025-2026,1987,1987,100,35.000,35.000,0.000,No,2025-09-18,8,Accepted,Finished Goods Warehouse,FG-0002026,SN0002026A,SN0002026Z,Generated finished goods receipt.
2027,FGR-2025-2027,1988,1988,101,11.000,11.000,0.000,No,2025-09-18,9,Accepted,Finished Goods Warehouse,FG-0002027,SN0002027A,SN0002027Z,Generated finished goods receipt.
2028,FGR-2025-2028,1989,1989,102,54.000,54.000,0.000,No,2025-09-19,10,Accepted,Finished Goods Warehouse,FG-0002028,SN0002028A,SN0002028Z,Generated finished goods receipt.
2029,FGR-2025-2029,1990,1990,100,57.000,57.000,0.000,No,2025-09-22,11,Accepted,Finished Goods Warehouse,FG-0002029,SN0002029A,SN0002029Z,Generated finished goods receipt.
2030,FGR-2025-2030,1991,1991,101,22.000,22.000,0.000,No,2025-09-30,12,Accepted,Finished Goods Warehouse,FG-0002030,SN0002030A,SN0002030Z,Generated finished goods receipt.
2031,FGR-2025-2031,1992,1992,102,21.000,21.000,0.000,No,2025-09-24,13,Accepted,Finished Goods Warehouse,FG-0002031,SN0002031A,SN0002031Z,Generated finished goods receipt.
2032,FGR-2025-2032,1993,1993,100,32.000,32.000,0.000,No,2025-09-23,1,Accepted,Finished Goods Warehouse,FG-0002032,SN0002032A,SN0002032Z,Generated finished goods receipt.
2033,FGR-2025-2033,1994,1994,101,15.000,15.000,0.000,No,2025-09-16,3,Accepted,Finished Goods Warehouse,FG-0002033,SN0002033A,SN0002033Z,Generated finished goods receipt.
2034,FGR-2025-2034,1995,1995,102,53.000,53.000,0.000,No,2025-09-28,4,Accepted,Finished Goods Warehouse,FG-0002034,SN0002034A,SN0002034Z,Generated finished goods receipt.
2035,FGR-2025-2035,1996,1996,100,10.000,10.000,0.000,No,2025-09-19,5,Accepted,Finished Goods Warehouse,FG-0002035,SN0002035A,SN0002035Z,Generated finished goods receipt.
2036,FGR-2025-2036,1997,1997,101,30.000,30.000,0.000,No,2025-09-25,6,Accepted,Finished Goods Warehouse,FG-0002036,SN0002036A,SN0002036Z,Generated finished goods receipt.
2037,FGR-2025-2037,1998,1998,102,15.000,15.000,0.000,No,2025-09-25,7,Accepted,Finished Goods Warehouse,FG-0002037,SN0002037A,SN0002037Z,Generated finished goods receipt.
2038,FGR-2025-2038,1999,1999,100,49.000,49.000,0.000,No,2025-09-26,8,Accepted,Finished Goods Warehouse,FG-0002038,SN0002038A,SN0002038Z,Generated finished goods receipt.
2039,FGR-2025-2039,2000,2000,101,11.000,11.000,0.000,No,2025-09-25,9,Accepted,Finished Goods Warehouse,FG-0002039,SN0002039A,SN0002039Z,Generated finished goods receipt.
2040,FGR-2025-2040,2001,2001,102,28.000,28.000,0.000,No,2025-09-26,10,Accepted,Finished Goods Warehouse,FG-0002040,SN0002040A,SN0002040Z,Generated finished goods receipt.
2041,FGR-2025-2041,2002,2002,100,51.000,51.000,0.000,No,2025-09-27,11,Accepted,Finished Goods Warehouse,FG-0002041,SN0002041A,SN0002041Z,Generated finished goods receipt.
2042,FGR-2025-2042,2003,2003,101,29.000,29.000,0.000,No,2025-09-25,12,Accepted,Finished Goods Warehouse,FG-0002042,SN0002042A,SN0002042Z,Generated finished goods receipt.
2043,FGR-2025-2043,2004,2004,102,13.000,13.000,0.000,No,2025-09-22,13,Accepted,Finished Goods Warehouse,FG-0002043,SN0002043A,SN0002043Z,Generated finished goods receipt.
2044,FGR-2025-2044,2005,2005,100,11.000,11.000,0.000,No,2025-09-25,1,Accepted,Finished Goods Warehouse,FG-0002044,SN0002044A,SN0002044Z,Generated finished goods receipt.
2045,FGR-2025-2045,2006,2006,101,36.000,36.000,0.000,No,2025-10-02,3,Accepted,Finished Goods Warehouse,FG-0002045,SN0002045A,SN0002045Z,Generated finished goods receipt.
2046,FGR-2025-2046,2007,2007,102,10.000,10.000,0.000,No,2025-09-22,4,Accepted,Finished Goods Warehouse,FG-0002046,SN0002046A,SN0002046Z,Generated finished goods receipt.
2047,FGR-2025-2047,2008,2008,100,23.000,23.000,0.000,No,2025-09-24,5,Accepted,Finished Goods Warehouse,FG-0002047,SN0002047A,SN0002047Z,Generated finished goods receipt.
2048,FGR-2025-2048,2009,2009,101,37.000,37.000,0.000,No,2025-09-30,6,Accepted,Finished Goods Warehouse,FG-0002048,SN0002048A,SN0002048Z,Generated finished goods receipt.
2049,FGR-2025-2049,2010,2010,102,26.000,26.000,0.000,No,2025-10-03,7,Accepted,Finished Goods Warehouse,FG-0002049,SN0002049A,SN0002049Z,Generated finished goods receipt.
2050,FGR-2025-2050,2011,2011,100,51.000,51.000,0.000,No,2025-09-26,8,Accepted,Finished Goods Warehouse,FG-0002050,SN0002050A,SN0002050Z,Generated finished goods receipt.
2051,FGR-2025-2051,2012,2012,101,41.000,41.000,0.000,No,2025-10-02,9,Accepted,Finished Goods Warehouse,FG-0002051,SN0002051A,SN0002051Z,Generated finished goods receipt.
2052,FGR-2025-2052,2013,2013,102,11.000,11.000,0.000,No,2025-09-29,10,Accepted,Finished Goods Warehouse,FG-0002052,SN0002052A,SN0002052Z,Generated finished goods receipt.
2053,FGR-2025-2053,2014,2014,100,48.000,48.000,0.000,No,2025-09-29,11,Accepted,Finished Goods Warehouse,FG-0002053,SN0002053A,SN0002053Z,Generated finished goods receipt.
2054,FGR-2025-2054,2015,2015,101,54.000,54.000,0.000,No,2025-10-04,12,Accepted,Finished Goods Warehouse,FG-0002054,SN0002054A,SN0002054Z,Generated finished goods receipt.
2055,FGR-2025-2055,2016,2016,102,16.000,16.000,0.000,No,2025-10-07,13,Accepted,Finished Goods Warehouse,FG-0002055,SN0002055A,SN0002055Z,Generated finished goods receipt.
2056,FGR-2025-2056,2017,2017,100,23.000,23.000,0.000,No,2025-09-28,1,Accepted,Finished Goods Warehouse,FG-0002056,SN0002056A,SN0002056Z,Generated finished goods receipt.
2057,FGR-2025-2057,2018,2018,101,27.000,27.000,0.000,No,2025-10-05,3,Accepted,Finished Goods Warehouse,FG-0002057,SN0002057A,SN0002057Z,Generated finished goods receipt.
2058,FGR-2025-2058,2019,2019,102,26.000,26.000,0.000,No,2025-09-24,4,Accepted,Finished Goods Warehouse,FG-0002058,SN0002058A,SN0002058Z,Generated finished goods receipt.
2059,FGR-2025-2059,2020,2020,100,29.000,29.000,0.000,No,2025-10-04,5,Accepted,Finished Goods Warehouse,FG-0002059,SN0002059A,SN0002059Z,Generated finished goods receipt.
2060,FGR-2025-2060,2021,2021,101,54.000,54.000,0.000,No,2025-09-24,6,Accepted,Finished Goods Warehouse,FG-0002060,SN0002060A,SN0002060Z,Generated finished goods receipt.
2061,FGR-2025-2061,2022,2022,102,40.000,40.000,0.000,No,2025-10-01,7,Accepted,Finished Goods Warehouse,FG-0002061,SN0002061A,SN0002061Z,Generated finished goods receipt.
2062,FGR-2025-2062,2023,2023,100,55.000,55.000,0.000,No,2025-09-29,8,Accepted,Finished Goods Warehouse,FG-0002062,SN0002062A,SN0002062Z,Generated finished goods receipt.
2063,FGR-2025-2063,2024,2024,101,23.000,23.000,0.000,No,2025-10-01,9,Accepted,Finished Goods Warehouse,FG-0002063,SN0002063A,SN0002063Z,Generated finished goods receipt.
2064,FGR-2025-2064,2025,2025,102,33.000,33.000,0.000,No,2025-10-02,10,Accepted,Finished Goods Warehouse,FG-0002064,SN0002064A,SN0002064Z,Generated finished goods receipt.
2065,FGR-2025-2065,2026,2026,100,8.000,8.000,0.000,No,2025-10-04,11,Accepted,Finished Goods Warehouse,FG-0002065,SN0002065A,SN0002065Z,Generated finished goods receipt.
2066,FGR-2025-2066,2027,2027,101,18.000,18.000,0.000,No,2025-10-06,12,Accepted,Finished Goods Warehouse,FG-0002066,SN0002066A,SN0002066Z,Generated finished goods receipt.
2067,FGR-2025-2067,2028,2028,102,36.000,36.000,0.000,No,2025-10-03,13,Accepted,Finished Goods Warehouse,FG-0002067,SN0002067A,SN0002067Z,Generated finished goods receipt.
2068,FGR-2025-2068,2029,2029,100,12.000,12.000,0.000,No,2025-10-06,1,Accepted,Finished Goods Warehouse,FG-0002068,SN0002068A,SN0002068Z,Generated finished goods receipt.
2069,FGR-2025-2069,2030,2030,101,57.000,57.000,0.000,No,2025-09-29,3,Accepted,Finished Goods Warehouse,FG-0002069,SN0002069A,SN0002069Z,Generated finished goods receipt.
2070,FGR-2025-2070,2031,2031,102,19.000,19.000,0.000,No,2025-10-04,4,Accepted,Finished Goods Warehouse,FG-0002070,SN0002070A,SN0002070Z,Generated finished goods receipt.
2071,FGR-2025-2071,2032,2032,100,14.000,14.000,0.000,No,2025-10-01,5,Accepted,Finished Goods Warehouse,FG-0002071,SN0002071A,SN0002071Z,Generated finished goods receipt.
2072,FGR-2025-2072,2033,2033,101,47.000,47.000,0.000,No,2025-10-09,6,Accepted,Finished Goods Warehouse,FG-0002072,SN0002072A,SN0002072Z,Generated finished goods receipt.
2073,FGR-2025-2073,2034,2034,102,10.000,10.000,0.000,No,2025-10-05,7,Accepted,Finished Goods Warehouse,FG-0002073,SN0002073A,SN0002073Z,Generated finished goods receipt.
2074,FGR-2025-2074,2035,2035,100,23.000,23.000,0.000,No,2025-10-01,8,Accepted,Finished Goods Warehouse,FG-0002074,SN0002074A,SN0002074Z,Generated finished goods receipt.
2075,FGR-2025-2075,2036,2036,101,15.000,15.000,0.000,No,2025-10-12,9,Accepted,Finished Goods Warehouse,FG-0002075,SN0002075A,SN0002075Z,Generated finished goods receipt.
2076,FGR-2025-2076,2037,2037,102,41.000,41.000,0.000,No,2025-09-30,10,Accepted,Finished Goods Warehouse,FG-0002076,SN0002076A,SN0002076Z,Generated finished goods receipt.
2077,FGR-2025-2077,2038,2038,100,50.000,50.000,0.000,No,2025-10-08,11,Accepted,Finished Goods Warehouse,FG-0002077,SN0002077A,SN0002077Z,Generated finished goods receipt.
2078,FGR-2025-2078,2039,2039,101,14.000,14.000,0.000,No,2025-10-07,12,Accepted,Finished Goods Warehouse,FG-0002078,SN0002078A,SN0002078Z,Generated finished goods receipt.
2079,FGR-2025-2079,2040,2040,102,26.000,26.000,0.000,No,2025-10-10,13,Accepted,Finished Goods Warehouse,FG-0002079,SN0002079A,SN0002079Z,Generated finished goods receipt.
2080,FGR-2025-2080,2041,2041,100,31.000,31.000,0.000,No,2025-10-12,1,Accepted,Finished Goods Warehouse,FG-0002080,SN0002080A,SN0002080Z,Generated finished goods receipt.
2081,FGR-2025-2081,2042,2042,101,43.000,43.000,0.000,No,2025-10-07,3,Accepted,Finished Goods Warehouse,FG-0002081,SN0002081A,SN0002081Z,Generated finished goods receipt.
2082,FGR-2025-2082,2043,2043,102,22.000,22.000,0.000,No,2025-10-14,4,Accepted,Finished Goods Warehouse,FG-0002082,SN0002082A,SN0002082Z,Generated finished goods receipt.
2083,FGR-2025-2083,2044,2044,100,33.000,33.000,0.000,No,2025-10-15,5,Accepted,Finished Goods Warehouse,FG-0002083,SN0002083A,SN0002083Z,Generated finished goods receipt.
2084,FGR-2025-2084,2045,2045,101,32.000,32.000,0.000,No,2025-10-15,6,Accepted,Finished Goods Warehouse,FG-0002084,SN0002084A,SN0002084Z,Generated finished goods receipt.
2085,FGR-2025-2085,2046,2046,102,3.000,3.000,0.000,No,2025-10-15,7,Accepted,Finished Goods Warehouse,FG-0002085,SN0002085A,SN0002085Z,Generated finished goods receipt.
2086,FGR-2025-2086,2047,2047,100,34.000,34.000,0.000,No,2025-10-12,8,Accepted,Finished Goods Warehouse,FG-0002086,SN0002086A,SN0002086Z,Generated finished goods receipt.
2087,FGR-2025-2087,2048,2048,101,34.000,34.000,0.000,No,2025-10-07,9,Accepted,Finished Goods Warehouse,FG-0002087,SN0002087A,SN0002087Z,Generated finished goods receipt.
2088,FGR-2025-2088,2049,2049,102,59.000,59.000,0.000,No,2025-10-15,10,Accepted,Finished Goods Warehouse,FG-0002088,SN0002088A,SN0002088Z,Generated finished goods receipt.
2089,FGR-2025-2089,2050,2050,100,31.000,31.000,0.000,No,2025-10-07,11,Accepted,Finished Goods Warehouse,FG-0002089,SN0002089A,SN0002089Z,Generated finished goods receipt.
2090,FGR-2025-2090,2051,2051,101,53.000,53.000,0.000,No,2025-10-10,12,Accepted,Finished Goods Warehouse,FG-0002090,SN0002090A,SN0002090Z,Generated finished goods receipt.
2091,FGR-2025-2091,2052,2052,102,22.000,22.000,0.000,No,2025-10-09,13,Accepted,Finished Goods Warehouse,FG-0002091,SN0002091A,SN0002091Z,Generated finished goods receipt.
2092,FGR-2025-2092,2053,2053,100,43.000,43.000,0.000,No,2025-10-10,1,Accepted,Finished Goods Warehouse,FG-0002092,SN0002092A,SN0002092Z,Generated finished goods receipt.
2093,FGR-2025-2093,2054,2054,101,53.000,53.000,0.000,No,2025-10-12,3,Accepted,Finished Goods Warehouse,FG-0002093,SN0002093A,SN0002093Z,Generated finished goods receipt.
2094,FGR-2025-2094,2055,2055,102,12.000,12.000,0.000,No,2025-10-06,4,Accepted,Finished Goods Warehouse,FG-0002094,SN0002094A,SN0002094Z,Generated finished goods receipt.
2095,FGR-2025-2095,2056,2056,100,34.000,34.000,0.000,No,2025-10-13,5,Accepted,Finished Goods Warehouse,FG-0002095,SN0002095A,SN0002095Z,Generated finished goods receipt.
2096,FGR-2025-2096,2057,2057,101,56.000,56.000,0.000,No,2025-10-15,6,Accepted,Finished Goods Warehouse,FG-0002096,SN0002096A,SN0002096Z,Generated finished goods receipt.
2097,FGR-2025-2097,2058,2058,102,35.000,35.000,0.000,No,2025-10-12,7,Accepted,Finished Goods Warehouse,FG-0002097,SN0002097A,SN0002097Z,Generated finished goods receipt.
2098,FGR-2025-2098,2059,2059,100,53.000,53.000,0.000,No,2025-10-17,8,Accepted,Finished Goods Warehouse,FG-0002098,SN0002098A,SN0002098Z,Generated finished goods receipt.
2099,FGR-2025-2099,2060,2060,101,28.000,28.000,0.000,No,2025-10-18,9,Accepted,Finished Goods Warehouse,FG-0002099,SN0002099A,SN0002099Z,Generated finished goods receipt.
2100,FGR-2025-2100,2061,2061,102,54.000,54.000,0.000,No,2025-10-09,10,Accepted,Finished Goods Warehouse,FG-0002100,SN0002100A,SN0002100Z,Generated finished goods receipt.
2101,FGR-2025-2101,2062,2062,100,40.000,40.000,0.000,No,2025-10-21,11,Accepted,Finished Goods Warehouse,FG-0002101,SN0002101A,SN0002101Z,Generated finished goods receipt.
2102,FGR-2025-2102,2063,2063,101,29.000,29.000,0.000,No,2025-10-11,12,Accepted,Finished Goods Warehouse,FG-0002102,SN0002102A,SN0002102Z,Generated finished goods receipt.
2103,FGR-2025-2103,2064,2064,102,16.000,16.000,0.000,No,2025-10-15,13,Accepted,Finished Goods Warehouse,FG-0002103,SN0002103A,SN0002103Z,Generated finished goods receipt.
2104,FGR-2025-2104,2065,2065,100,14.000,14.000,0.000,No,2025-10-15,1,Accepted,Finished Goods Warehouse,FG-0002104,SN0002104A,SN0002104Z,Generated finished goods receipt.
2105,FGR-2025-2105,2066,2066,101,21.000,21.000,0.000,No,2025-10-18,3,Accepted,Finished Goods Warehouse,FG-0002105,SN0002105A,SN0002105Z,Generated finished goods receipt.
2106,FGR-2025-2106,2067,2067,102,47.000,47.000,0.000,No,2025-10-12,4,Accepted,Finished Goods Warehouse,FG-0002106,SN0002106A,SN0002106Z,Generated finished goods receipt.
2107,FGR-2025-2107,2068,2068,100,31.000,31.000,0.000,No,2025-10-18,5,Accepted,Finished Goods Warehouse,FG-0002107,SN0002107A,SN0002107Z,Generated finished goods receipt.
2108,FGR-2025-2108,2069,2069,101,24.000,24.000,0.000,No,2025-10-20,6,Accepted,Finished Goods Warehouse,FG-0002108,SN0002108A,SN0002108Z,Generated finished goods receipt.
2109,FGR-2025-2109,2070,2070,102,29.000,29.000,0.000,No,2025-10-17,7,Accepted,Finished Goods Warehouse,FG-0002109,SN0002109A,SN0002109Z,Generated finished goods receipt.
2110,FGR-2025-2110,2071,2071,100,22.000,22.000,0.000,No,2025-10-22,8,Accepted,Finished Goods Warehouse,FG-0002110,SN0002110A,SN0002110Z,Generated finished goods receipt.
2111,FGR-2025-2111,2072,2072,101,49.000,49.000,0.000,No,2025-10-18,9,Accepted,Finished Goods Warehouse,FG-0002111,SN0002111A,SN0002111Z,Generated finished goods receipt.
2112,FGR-2025-2112,2073,2073,102,25.000,25.000,0.000,No,2025-10-20,10,Accepted,Finished Goods Warehouse,FG-0002112,SN0002112A,SN0002112Z,Generated finished goods receipt.
2113,FGR-2025-2113,2074,2074,100,31.000,31.000,0.000,No,2025-10-16,11,Accepted,Finished Goods Warehouse,FG-0002113,SN0002113A,SN0002113Z,Generated finished goods receipt.
2114,FGR-2025-2114,2075,2075,101,34.000,34.000,0.000,No,2025-10-20,12,Accepted,Finished Goods Warehouse,FG-0002114,SN0002114A,SN0002114Z,Generated finished goods receipt.
2115,FGR-2025-2115,2076,2076,102,40.000,40.000,0.000,No,2025-10-13,13,Accepted,Finished Goods Warehouse,FG-0002115,SN0002115A,SN0002115Z,Generated finished goods receipt.
2116,FGR-2025-2116,2077,2077,100,22.000,22.000,0.000,No,2025-10-22,1,Accepted,Finished Goods Warehouse,FG-0002116,SN0002116A,SN0002116Z,Generated finished goods receipt.
2117,FGR-2025-2117,2078,2078,101,8.000,8.000,0.000,No,2025-10-22,3,Accepted,Finished Goods Warehouse,FG-0002117,SN0002117A,SN0002117Z,Generated finished goods receipt.
2118,FGR-2025-2118,2079,2079,102,43.000,43.000,0.000,No,2025-10-22,4,Accepted,Finished Goods Warehouse,FG-0002118,SN0002118A,SN0002118Z,Generated finished goods receipt.
2119,FGR-2025-2119,2080,2080,100,34.000,34.000,0.000,No,2025-10-18,5,Accepted,Finished Goods Warehouse,FG-0002119,SN0002119A,SN0002119Z,Generated finished goods receipt.
2120,FGR-2025-2120,2081,2081,101,40.000,40.000,0.000,No,2025-10-20,6,Accepted,Finished Goods Warehouse,FG-0002120,SN0002120A,SN0002120Z,Generated finished goods receipt.
2121,FGR-2025-2121,2082,2082,102,33.000,33.000,0.000,No,2025-10-25,7,Accepted,Finished Goods Warehouse,FG-0002121,SN0002121A,SN0002121Z,Generated finished goods receipt.
2122,FGR-2025-2122,2083,2083,100,32.000,32.000,0.000,No,2025-10-25,8,Accepted,Finished Goods Warehouse,FG-0002122,SN0002122A,SN0002122Z,Generated finished goods receipt.
2123,FGR-2025-2123,2084,2084,101,56.000,56.000,0.000,No,2025-10-16,9,Accepted,Finished Goods Warehouse,FG-0002123,SN0002123A,SN0002123Z,Generated finished goods receipt.
2124,FGR-2025-2124,2085,2085,102,6.000,6.000,0.000,No,2025-10-25,10,Accepted,Finished Goods Warehouse,FG-0002124,SN0002124A,SN0002124Z,Generated finished goods receipt.
2125,FGR-2025-2125,2086,2086,100,9.000,9.000,0.000,No,2025-10-30,11,Accepted,Finished Goods Warehouse,FG-0002125,SN0002125A,SN0002125Z,Generated finished goods receipt.
2126,FGR-2025-2126,2087,2087,101,56.000,56.000,0.000,No,2025-10-19,12,Accepted,Finished Goods Warehouse,FG-0002126,SN0002126A,SN0002126Z,Generated finished goods receipt.
2127,FGR-2025-2127,2088,2088,102,52.000,52.000,0.000,No,2025-10-25,13,Accepted,Finished Goods Warehouse,FG-0002127,SN0002127A,SN0002127Z,Generated finished goods receipt.
2128,FGR-2025-2128,2089,2089,100,27.000,27.000,0.000,No,2025-10-21,1,Accepted,Finished Goods Warehouse,FG-0002128,SN0002128A,SN0002128Z,Generated finished goods receipt.
2129,FGR-2025-2129,2090,2090,101,35.000,35.000,0.000,No,2025-10-17,3,Accepted,Finished Goods Warehouse,FG-0002129,SN0002129A,SN0002129Z,Generated finished goods receipt.
2130,FGR-2025-2130,2091,2091,102,30.000,30.000,0.000,No,2025-10-27,4,Accepted,Finished Goods Warehouse,FG-0002130,SN0002130A,SN0002130Z,Generated finished goods receipt.
2131,FGR-2025-2131,2092,2092,100,59.000,59.000,0.000,No,2025-10-20,5,Accepted,Finished Goods Warehouse,FG-0002131,SN0002131A,SN0002131Z,Generated finished goods receipt.
2132,FGR-2025-2132,2093,2093,101,28.000,28.000,0.000,No,2025-10-28,6,Accepted,Finished Goods Warehouse,FG-0002132,SN0002132A,SN0002132Z,Generated finished goods receipt.
2133,FGR-2025-2133,2094,2094,102,46.000,46.000,0.000,No,2025-10-25,7,Accepted,Finished Goods Warehouse,FG-0002133,SN0002133A,SN0002133Z,Generated finished goods receipt.
2134,FGR-2025-2134,2095,2095,100,23.000,23.000,0.000,No,2025-10-21,8,Accepted,Finished Goods Warehouse,FG-0002134,SN0002134A,SN0002134Z,Generated finished goods receipt.
2135,FGR-2025-2135,2096,2096,101,25.000,25.000,0.000,No,2025-10-17,9,Accepted,Finished Goods Warehouse,FG-0002135,SN0002135A,SN0002135Z,Generated finished goods receipt.
2136,FGR-2025-2136,2097,2097,102,41.000,41.000,0.000,No,2025-10-21,10,Accepted,Finished Goods Warehouse,FG-0002136,SN0002136A,SN0002136Z,Generated finished goods receipt.
2137,FGR-2025-2137,2098,2098,100,25.000,25.000,0.000,No,2025-10-17,11,Accepted,Finished Goods Warehouse,FG-0002137,SN0002137A,SN0002137Z,Generated finished goods receipt.
2138,FGR-2025-2138,2099,2099,101,3.000,3.000,0.000,No,2025-10-22,12,Accepted,Finished Goods Warehouse,FG-0002138,SN0002138A,SN0002138Z,Generated finished goods receipt.
2139,FGR-2025-2139,2100,2100,102,12.000,12.000,0.000,No,2025-10-29,13,Accepted,Finished Goods Warehouse,FG-0002139,SN0002139A,SN0002139Z,Generated finished goods receipt.
2140,FGR-2025-2140,2101,2101,100,51.000,51.000,0.000,No,2025-10-24,1,Accepted,Finished Goods Warehouse,FG-0002140,SN0002140A,SN0002140Z,Generated finished goods receipt.
2141,FGR-2025-2141,2102,2102,101,24.000,24.000,0.000,No,2025-10-23,3,Accepted,Finished Goods Warehouse,FG-0002141,SN0002141A,SN0002141Z,Generated finished goods receipt.
2142,FGR-2025-2142,2103,2103,102,10.000,10.000,0.000,No,2025-10-18,4,Accepted,Finished Goods Warehouse,FG-0002142,SN0002142A,SN0002142Z,Generated finished goods receipt.
2143,FGR-2025-2143,2104,2104,100,55.000,55.000,0.000,No,2025-10-23,5,Accepted,Finished Goods Warehouse,FG-0002143,SN0002143A,SN0002143Z,Generated finished goods receipt.
2144,FGR-2025-2144,2105,2105,101,60.000,60.000,0.000,No,2025-10-20,6,Accepted,Finished Goods Warehouse,FG-0002144,SN0002144A,SN0002144Z,Generated finished goods receipt.
2145,FGR-2025-2145,2106,2106,102,30.000,30.000,0.000,No,2025-10-29,7,Accepted,Finished Goods Warehouse,FG-0002145,SN0002145A,SN0002145Z,Generated finished goods receipt.
2146,FGR-2025-2146,2107,2107,100,38.000,38.000,0.000,No,2025-10-26,8,Accepted,Finished Goods Warehouse,FG-0002146,SN0002146A,SN0002146Z,Generated finished goods receipt.
2147,FGR-2025-2147,2108,2108,101,46.000,46.000,0.000,No,2025-10-29,9,Accepted,Finished Goods Warehouse,FG-0002147,SN0002147A,SN0002147Z,Generated finished goods receipt.
2148,FGR-2025-2148,2109,2109,102,8.000,8.000,0.000,No,2025-10-31,10,Accepted,Finished Goods Warehouse,FG-0002148,SN0002148A,SN0002148Z,Generated finished goods receipt.
2149,FGR-2025-2149,2110,2110,100,19.000,19.000,0.000,No,2025-10-26,11,Accepted,Finished Goods Warehouse,FG-0002149,SN0002149A,SN0002149Z,Generated finished goods receipt.
2150,FGR-2025-2150,2111,2111,101,36.000,36.000,0.000,No,2025-11-02,12,Accepted,Finished Goods Warehouse,FG-0002150,SN0002150A,SN0002150Z,Generated finished goods receipt.
2151,FGR-2025-2151,2112,2112,102,34.000,34.000,0.000,No,2025-10-26,13,Accepted,Finished Goods Warehouse,FG-0002151,SN0002151A,SN0002151Z,Generated finished goods receipt.
2152,FGR-2025-2152,2113,2113,100,23.000,23.000,0.000,No,2025-10-29,1,Accepted,Finished Goods Warehouse,FG-0002152,SN0002152A,SN0002152Z,Generated finished goods receipt.
2153,FGR-2025-2153,2114,2114,101,4.000,4.000,0.000,No,2025-10-28,3,Accepted,Finished Goods Warehouse,FG-0002153,SN0002153A,SN0002153Z,Generated finished goods receipt.
2154,FGR-2025-2154,2115,2115,102,56.000,56.000,0.000,No,2025-10-21,4,Accepted,Finished Goods Warehouse,FG-0002154,SN0002154A,SN0002154Z,Generated finished goods receipt.
2155,FGR-2025-2155,2116,2116,100,38.000,38.000,0.000,No,2025-10-25,5,Accepted,Finished Goods Warehouse,FG-0002155,SN0002155A,SN0002155Z,Generated finished goods receipt.
2156,FGR-2025-2156,2117,2117,101,47.000,47.000,0.000,No,2025-10-28,6,Accepted,Finished Goods Warehouse,FG-0002156,SN0002156A,SN0002156Z,Generated finished goods receipt.
2157,FGR-2025-2157,2118,2118,102,29.000,29.000,0.000,No,2025-10-27,7,Accepted,Finished Goods Warehouse,FG-0002157,SN0002157A,SN0002157Z,Generated finished goods receipt.
2158,FGR-2025-2158,2119,2119,100,31.000,31.000,0.000,No,2025-10-27,8,Accepted,Finished Goods Warehouse,FG-0002158,SN0002158A,SN0002158Z,Generated finished goods receipt.
2159,FGR-2025-2159,2120,2120,101,27.000,27.000,0.000,No,2025-10-26,9,Accepted,Finished Goods Warehouse,FG-0002159,SN0002159A,SN0002159Z,Generated finished goods receipt.
2160,FGR-2025-2160,2121,2121,102,28.000,28.000,0.000,No,2025-10-27,10,Accepted,Finished Goods Warehouse,FG-0002160,SN0002160A,SN0002160Z,Generated finished goods receipt.
2161,FGR-2025-2161,2122,2122,100,40.000,40.000,0.000,No,2025-10-29,11,Accepted,Finished Goods Warehouse,FG-0002161,SN0002161A,SN0002161Z,Generated finished goods receipt.
2162,FGR-2025-2162,2123,2123,101,58.000,58.000,0.000,No,2025-10-29,12,Accepted,Finished Goods Warehouse,FG-0002162,SN0002162A,SN0002162Z,Generated finished goods receipt.
2163,FGR-2025-2163,2124,2124,102,47.000,47.000,0.000,No,2025-10-31,13,Accepted,Finished Goods Warehouse,FG-0002163,SN0002163A,SN0002163Z,Generated finished goods receipt.
2164,FGR-2025-2164,2125,2125,100,40.000,40.000,0.000,No,2025-10-29,1,Accepted,Finished Goods Warehouse,FG-0002164,SN0002164A,SN0002164Z,Generated finished goods receipt.
2165,FGR-2025-2165,2126,2126,101,5.000,5.000,0.000,No,2025-11-05,3,Accepted,Finished Goods Warehouse,FG-0002165,SN0002165A,SN0002165Z,Generated finished goods receipt.
2166,FGR-2025-2166,2127,2127,102,31.000,31.000,0.000,No,2025-10-31,4,Accepted,Finished Goods Warehouse,FG-0002166,SN0002166A,SN0002166Z,Generated finished goods receipt.
2167,FGR-2025-2167,2128,2128,100,56.000,56.000,0.000,No,2025-10-29,5,Accepted,Finished Goods Warehouse,FG-0002167,SN0002167A,SN0002167Z,Generated finished goods receipt.
2168,FGR-2025-2168,2129,2129,101,26.000,26.000,0.000,No,2025-11-06,6,Accepted,Finished Goods Warehouse,FG-0002168,SN0002168A,SN0002168Z,Generated finished goods receipt.
2169,FGR-2025-2169,2130,2130,102,35.000,35.000,0.000,No,2025-11-03,7,Accepted,Finished Goods Warehouse,FG-0002169,SN0002169A,SN0002169Z,Generated finished goods receipt.
2170,FGR-2025-2170,2131,2131,100,21.000,21.000,0.000,No,2025-11-01,8,Accepted,Finished Goods Warehouse,FG-0002170,SN0002170A,SN0002170Z,Generated finished goods receipt.
2171,FGR-2025-2171,2132,2132,101,15.000,15.000,0.000,No,2025-10-29,9,Accepted,Finished Goods Warehouse,FG-0002171,SN0002171A,SN0002171Z,Generated finished goods receipt.
2172,FGR-2025-2172,2133,2133,102,43.000,43.000,0.000,No,2025-11-06,10,Accepted,Finished Goods Warehouse,FG-0002172,SN0002172A,SN0002172Z,Generated finished goods receipt.
2173,FGR-2025-2173,2134,2134,100,21.000,21.000,0.000,No,2025-11-02,11,Accepted,Finished Goods Warehouse,FG-0002173,SN0002173A,SN0002173Z,Generated finished goods receipt.
2174,FGR-2025-2174,2135,2135,101,37.000,37.000,0.000,No,2025-10-28,12,Accepted,Finished Goods Warehouse,FG-0002174,SN0002174A,SN0002174Z,Generated finished goods receipt.
2175,FGR-2025-2175,2136,2136,102,38.000,38.000,0.000,No,2025-11-02,13,Accepted,Finished Goods Warehouse,FG-0002175,SN0002175A,SN0002175Z,Generated finished goods receipt.
2176,FGR-2025-2176,2137,2137,100,52.000,52.000,0.000,No,2025-11-07,1,Accepted,Finished Goods Warehouse,FG-0002176,SN0002176A,SN0002176Z,Generated finished goods receipt.
2177,FGR-2025-2177,2138,2138,101,57.000,57.000,0.000,No,2025-11-01,3,Accepted,Finished Goods Warehouse,FG-0002177,SN0002177A,SN0002177Z,Generated finished goods receipt.
2178,FGR-2025-2178,2139,2139,102,33.000,33.000,0.000,No,2025-11-06,4,Accepted,Finished Goods Warehouse,FG-0002178,SN0002178A,SN0002178Z,Generated finished goods receipt.
2179,FGR-2025-2179,2140,2140,100,7.000,7.000,0.000,No,2025-11-08,5,Accepted,Finished Goods Warehouse,FG-0002179,SN0002179A,SN0002179Z,Generated finished goods receipt.
2180,FGR-2025-2180,2141,2141,101,35.000,35.000,0.000,No,2025-11-05,6,Accepted,Finished Goods Warehouse,FG-0002180,SN0002180A,SN0002180Z,Generated finished goods receipt.
2181,FGR-2025-2181,2142,2142,102,52.000,52.000,0.000,No,2025-10-31,7,Accepted,Finished Goods Warehouse,FG-0002181,SN0002181A,SN0002181Z,Generated finished goods receipt.
2182,FGR-2025-2182,2143,2143,100,31.000,31.000,0.000,No,2025-11-05,8,Accepted,Finished Goods Warehouse,FG-0002182,SN0002182A,SN0002182Z,Generated finished goods receipt.
2183,FGR-2025-2183,2144,2144,101,35.000,35.000,0.000,No,2025-11-04,9,Accepted,Finished Goods Warehouse,FG-0002183,SN0002183A,SN0002183Z,Generated finished goods receipt.
2184,FGR-2025-2184,2145,2145,102,47.000,47.000,0.000,No,2025-11-12,10,Accepted,Finished Goods Warehouse,FG-0002184,SN0002184A,SN0002184Z,Generated finished goods receipt.
2185,FGR-2025-2185,2146,2146,100,27.000,27.000,0.000,No,2025-11-12,11,Accepted,Finished Goods Warehouse,FG-0002185,SN0002185A,SN0002185Z,Generated finished goods receipt.
2186,FGR-2025-2186,2147,2147,101,27.000,27.000,0.000,No,2025-11-06,12,Accepted,Finished Goods Warehouse,FG-0002186,SN0002186A,SN0002186Z,Generated finished goods receipt.
2187,FGR-2025-2187,2148,2148,102,30.000,30.000,0.000,No,2025-11-06,13,Accepted,Finished Goods Warehouse,FG-0002187,SN0002187A,SN0002187Z,Generated finished goods receipt.
2188,FGR-2025-2188,2149,2149,100,52.000,52.000,0.000,No,2025-11-07,1,Accepted,Finished Goods Warehouse,FG-0002188,SN0002188A,SN0002188Z,Generated finished goods receipt.
2189,FGR-2025-2189,2150,2150,101,32.000,32.000,0.000,No,2025-11-10,3,Accepted,Finished Goods Warehouse,FG-0002189,SN0002189A,SN0002189Z,Generated finished goods receipt.
2190,FGR-2025-2190,2151,2151,102,23.000,23.000,0.000,No,2025-11-11,4,Accepted,Finished Goods Warehouse,FG-0002190,SN0002190A,SN0002190Z,Generated finished goods receipt.
2191,FGR-2025-2191,2152,2152,100,37.000,37.000,0.000,No,2025-11-12,5,Accepted,Finished Goods Warehouse,FG-0002191,SN0002191A,SN0002191Z,Generated finished goods receipt.
2192,FGR-2025-2192,2153,2153,101,42.000,42.000,0.000,No,2025-11-07,6,Accepted,Finished Goods Warehouse,FG-0002192,SN0002192A,SN0002192Z,Generated finished goods receipt.
2193,FGR-2025-2193,2154,2154,102,56.000,56.000,0.000,No,2025-11-08,7,Accepted,Finished Goods Warehouse,FG-0002193,SN0002193A,SN0002193Z,Generated finished goods receipt.
2194,FGR-2025-2194,2155,2155,100,53.000,53.000,0.000,No,2025-11-11,8,Accepted,Finished Goods Warehouse,FG-0002194,SN0002194A,SN0002194Z,Generated finished goods receipt.
2195,FGR-2025-2195,2156,2156,101,46.000,46.000,0.000,No,2025-11-06,9,Accepted,Finished Goods Warehouse,FG-0002195,SN0002195A,SN0002195Z,Generated finished goods receipt.
2196,FGR-2025-2196,2157,2157,102,48.000,48.000,0.000,No,2025-11-02,10,Accepted,Finished Goods Warehouse,FG-0002196,SN0002196A,SN0002196Z,Generated finished goods receipt.
2197,FGR-2025-2197,2158,2158,100,29.000,29.000,0.000,No,2025-11-11,11,Accepted,Finished Goods Warehouse,FG-0002197,SN0002197A,SN0002197Z,Generated finished goods receipt.
2198,FGR-2025-2198,2159,2159,101,23.000,23.000,0.000,No,2025-11-03,12,Accepted,Finished Goods Warehouse,FG-0002198,SN0002198A,SN0002198Z,Generated finished goods receipt.
2199,FGR-2025-2199,2160,2160,102,35.000,35.000,0.000,No,2025-11-05,13,Accepted,Finished Goods Warehouse,FG-0002199,SN0002199A,SN0002199Z,Generated finished goods receipt.
2200,FGR-2025-2200,2161,2161,100,43.000,43.000,0.000,No,2025-11-08,1,Accepted,Finished Goods Warehouse,FG-0002200,SN0002200A,SN0002200Z,Generated finished goods receipt.
