mo_item_id,mo_id,item_id,requested_quantity,issued_quantity,uom,unit_cost,line_amount,source_location,destination_location,required_date,movement_date,remarks
301,301,1,413.000,413.000,No,1800.00,743400.00,Central Warehouse,Production Line,2024-04-02,2024-04-01,Generated move order item for Stator Core 1.5 kW.
302,302,1,209.000,209.000,No,1800.00,376200.00,Production Line,Quality Inspection,2024-04-04,2024-04-02,Generated move order item for Stator Core 1.5 kW.
303,303,100,45.000,45.000,No,18500.00,832500.00,Assembly,FG Store,2024-04-06,2024-04-03,Generated move order item for BLDC Motor 1.5 kW.
304,304,100,16.000,16.000,No,18500.00,296000.00,FG Store,Dispatch Dock,2024-04-08,2024-04-04,Generated move order item for BLDC Motor 1.5 kW.
305,305,23,66.000,66.000,No,120.00,7920.00,Maintenance Store,Maintenance Bay,2024-04-10,2024-04-05,Generated move order item for Bearing 6202-2RS.
306,306,1,141.000,141.000,No,1800.00,253800.00,Assembly Surplus,Central Warehouse,2024-04-07,2024-04-06,Generated move order item for Stator Core 1.5 kW.
307,307,1,338.000,338.000,No,1800.00,608400.00,Central Warehouse,Production Line,2024-04-09,2024-04-07,Generated move order item for Stator Core 1.5 kW.
308,308,1,211.000,211.000,No,1800.00,379800.00,Production Line,Quality Inspection,2024-04-11,2024-04-08,Generated move order item for Stator Core 1.5 kW.
309,309,100,53.000,53.000,No,18500.00,980500.00,Assembly,FG Store,2024-04-13,2024-04-09,Generated move order item for BLDC Motor 1.5 kW.
310,310,100,51.000,51.000,No,18500.00,943500.00,FG Store,Dispatch Dock,2024-04-15,2024-04-10,Generated move order item for BLDC Motor 1.5 kW.
311,311,23,37.000,37.000,No,120.00,4440.00,Maintenance Store,Maintenance Bay,2024-04-12,2024-04-11,Generated move order item for Bearing 6202-2RS.
312,312,1,68.000,68.000,No,1800.00,122400.00,Assembly Surplus,Central Warehouse,2024-04-14,2024-04-12,Generated move order item for Stator Core 1.5 kW.
313,313,1,195.000,195.000,No,1800.00,351000.00,Central Warehouse,Production Line,2024-04-16,2024-04-13,Generated move order item for Stator Core 1.5 kW.
314,314,1,177.000,177.000,No,1800.00,318600.00,Production Line,Quality Inspection,2024-04-18,2024-04-14,Generated move order item for Stator Core 1.5 kW.
315,315,100,28.000,28.000,No,18500.00,518000.00,Assembly,FG Store,2024-04-20,2024-04-15,Generated move order item for BLDC Motor 1.5 kW.
316,316,100,37.000,37.000,No,18500.00,684500.00,FG Store,Dispatch Dock,2024-04-17,2024-04-16,Generated move order item for BLDC Motor 1.5 kW.
317,317,23,100.000,100.000,No,120.00,12000.00,Maintenance Store,Maintenance Bay,2024-04-19,2024-04-17,Generated move order item for Bearing 6202-2RS.
318,318,1,78.000,78.000,No,1800.00,140400.00,Assembly Surplus,Central Warehouse,2024-04-21,2024-04-18,Generated move order item for Stator Core 1.5 kW.
319,319,1,300.000,300.000,No,1800.00,540000.00,Central Warehouse,Production Line,2024-04-23,2024-04-19,Generated move order item for Stator Core 1.5 kW.
320,320,1,127.000,127.000,No,1800.00,228600.00,Production Line,Quality Inspection,2024-04-25,2024-04-20,Generated move order item for Stator Core 1.5 kW.
321,321,100,35.000,35.000,No,18500.00,647500.00,Assembly,FG Store,2024-04-22,2024-04-21,Generated move order item for BLDC Motor 1.5 kW.
322,322,100,40.000,40.000,No,18500.00,740000.00,FG Store,Dispatch Dock,2024-04-24,2024-04-22,Generated move order item for BLDC Motor 1.5 kW.
323,323,23,82.000,82.000,No,120.00,9840.00,Maintenance Store,Maintenance Bay,2024-04-26,2024-04-23,Generated move order item for Bearing 6202-2RS.
324,324,1,302.000,302.000,No,1800.00,543600.00,Assembly Surplus,Central Warehouse,2024-04-28,2024-04-24,Generated move order item for Stator Core 1.5 kW.
325,325,1,130.000,130.000,No,1800.00,234000.00,Central Warehouse,Production Line,2024-04-30,2024-04-25,Generated move order item for Stator Core 1.5 kW.
326,326,1,462.000,462.000,No,1800.00,831600.00,Production Line,Quality Inspection,2024-04-27,2024-04-26,Generated move order item for Stator Core 1.5 kW.
327,327,100,27.000,27.000,No,18500.00,499500.00,Assembly,FG Store,2024-04-29,2024-04-27,Generated move order item for BLDC Motor 1.5 kW.
328,328,100,31.000,31.000,No,18500.00,573500.00,FG Store,Dispatch Dock,2024-05-01,2024-04-28,Generated move order item for BLDC Motor 1.5 kW.
329,329,23,66.000,66.000,No,120.00,7920.00,Maintenance Store,Maintenance Bay,2024-05-03,2024-04-29,Generated move order item for Bearing 6202-2RS.
330,330,1,169.000,169.000,No,1800.00,304200.00,Assembly Surplus,Central Warehouse,2024-05-05,2024-04-30,Generated move order item for Stator Core 1.5 kW.
331,331,1,495.000,495.000,No,1800.00,891000.00,Central Warehouse,Production Line,2024-05-02,2024-05-01,Generated move order item for Stator Core 1.5 kW.
332,332,1,70.000,70.000,No,1800.00,126000.00,Production Line,Quality Inspection,2024-05-04,2024-05-02,Generated move order item for Stator Core 1.5 kW.
333,333,100,13.000,13.000,No,18500.00,240500.00,Assembly,FG Store,2024-05-06,2024-05-03,Generated move order item for BLDC Motor 1.5 kW.
334,334,100,60.000,60.000,No,18500.00,1110000.00,FG Store,Dispatch Dock,2024-05-08,2024-05-04,Generated move order item for BLDC Motor 1.5 kW.
335,335,23,48.000,48.000,No,120.00,5760.00,Maintenance Store,Maintenance Bay,2024-05-10,2024-05-05,Generated move order item for Bearing 6202-2RS.
336,336,1,452.000,452.000,No,1800.00,813600.00,Assembly Surplus,Central Warehouse,2024-05-07,2024-05-06,Generated move order item for Stator Core 1.5 kW.
337,337,1,458.000,458.000,No,1800.00,824400.00,Central Warehouse,Production Line,2024-05-09,2024-05-07,Generated move order item for Stator Core 1.5 kW.
338,338,1,496.000,496.000,No,1800.00,892800.00,Production Line,Quality Inspection,2024-05-11,2024-05-08,Generated move order item for Stator Core 1.5 kW.
339,339,100,45.000,45.000,No,18500.00,832500.00,Assembly,FG Store,2024-05-13,2024-05-09,Generated move order item for BLDC Motor 1.5 kW.
340,340,100,43.000,43.000,No,18500.00,795500.00,FG Store,Dispatch Dock,2024-05-15,2024-05-10,Generated move order item for BLDC Motor 1.5 kW.
341,341,23,63.000,63.000,No,120.00,7560.00,Maintenance Store,Maintenance Bay,2024-05-12,2024-05-11,Generated move order item for Bearing 6202-2RS.
342,342,1,358.000,358.000,No,1800.00,644400.00,Assembly Surplus,Central Warehouse,2024-05-14,2024-05-12,Generated move order item for Stator Core 1.5 kW.
343,343,1,165.000,165.000,No,1800.00,297000.00,Central Warehouse,Production Line,2024-05-16,2024-05-13,Generated move order item for Stator Core 1.5 kW.
344,344,1,417.000,417.000,No,1800.00,750600.00,Production Line,Quality Inspection,2024-05-18,2024-05-14,Generated move order item for Stator Core 1.5 kW.
345,345,100,15.000,15.000,No,18500.00,277500.00,Assembly,FG Store,2024-05-20,2024-05-15,Generated move order item for BLDC Motor 1.5 kW.
346,346,100,31.000,31.000,No,18500.00,573500.00,FG Store,Dispatch Dock,2024-05-17,2024-05-16,Generated move order item for BLDC Motor 1.5 kW.
347,347,23,40.000,40.000,No,120.00,4800.00,Maintenance Store,Maintenance Bay,2024-05-19,2024-05-17,Generated move order item for Bearing 6202-2RS.
348,348,1,393.000,393.000,No,1800.00,707400.00,Assembly Surplus,Central Warehouse,2024-05-21,2024-05-18,Generated move order item for Stator Core 1.5 kW.
349,349,1,165.000,165.000,No,1800.00,297000.00,Central Warehouse,Production Line,2024-05-23,2024-05-19,Generated move order item for Stator Core 1.5 kW.
350,350,1,143.000,143.000,No,1800.00,257400.00,Production Line,Quality Inspection,2024-05-25,2024-05-20,Generated move order item for Stator Core 1.5 kW.
351,351,100,50.000,50.000,No,18500.00,925000.00,Assembly,FG Store,2024-05-22,2024-05-21,Generated move order item for BLDC Motor 1.5 kW.
352,352,100,32.000,32.000,No,18500.00,592000.00,FG Store,Dispatch Dock,2024-05-24,2024-05-22,Generated move order item for BLDC Motor 1.5 kW.
353,353,23,74.000,74.000,No,120.00,8880.00,Maintenance Store,Maintenance Bay,2024-05-26,2024-05-23,Generated move order item for Bearing 6202-2RS.
354,354,1,446.000,446.000,No,1800.00,802800.00,Assembly Surplus,Central Warehouse,2024-05-28,2024-05-24,Generated move order item for Stator Core 1.5 kW.
355,355,1,426.000,426.000,No,1800.00,766800.00,Central Warehouse,Production Line,2024-05-30,2024-05-25,Generated move order item for Stator Core 1.5 kW.
356,356,1,230.000,230.000,No,1800.00,414000.00,Production Line,Quality Inspection,2024-05-27,2024-05-26,Generated move order item for Stator Core 1.5 kW.
357,357,100,14.000,14.000,No,18500.00,259000.00,Assembly,FG Store,2024-05-29,2024-05-27,Generated move order item for BLDC Motor 1.5 kW.
358,358,100,58.000,58.000,No,18500.00,1073000.00,FG Store,Dispatch Dock,2024-05-31,2024-05-28,Generated move order item for BLDC Motor 1.5 kW.
359,359,23,34.000,34.000,No,120.00,4080.00,Maintenance Store,Maintenance Bay,2024-06-02,2024-05-29,Generated move order item for Bearing 6202-2RS.
360,360,1,396.000,396.000,No,1800.00,712800.00,Assembly Surplus,Central Warehouse,2024-06-04,2024-05-30,Generated move order item for Stator Core 1.5 kW.
361,361,1,396.000,396.000,No,1800.00,712800.00,Central Warehouse,Production Line,2024-06-01,2024-05-31,Generated move order item for Stator Core 1.5 kW.
362,362,1,249.000,249.000,No,1800.00,448200.00,Production Line,Quality Inspection,2024-06-03,2024-06-01,Generated move order item for Stator Core 1.5 kW.
363,363,100,14.000,14.000,No,18500.00,259000.00,Assembly,FG Store,2024-06-05,2024-06-02,Generated move order item for BLDC Motor 1.5 kW.
364,364,100,31.000,31.000,No,18500.00,573500.00,FG Store,Dispatch Dock,2024-06-07,2024-06-03,Generated move order item for BLDC Motor 1.5 kW.
365,365,23,18.000,18.000,No,120.00,2160.00,Maintenance Store,Maintenance Bay,2024-06-09,2024-06-04,Generated move order item for Bearing 6202-2RS.
366,366,1,208.000,208.000,No,1800.00,374400.00,Assembly Surplus,Central Warehouse,2024-06-06,2024-06-05,Generated move order item for Stator Core 1.5 kW.
367,367,1,222.000,222.000,No,1800.00,399600.00,Central Warehouse,Production Line,2024-06-08,2024-06-06,Generated move order item for Stator Core 1.5 kW.
368,368,1,283.000,283.000,No,1800.00,509400.00,Production Line,Quality Inspection,2024-06-10,2024-06-07,Generated move order item for Stator Core 1.5 kW.
369,369,100,15.000,15.000,No,18500.00,277500.00,Assembly,FG Store,2024-06-12,2024-06-08,Generated move order item for BLDC Motor 1.5 kW.
370,370,100,52.000,52.000,No,18500.00,962000.00,FG Store,Dispatch Dock,2024-06-14,2024-06-09,Generated move order item for BLDC Motor 1.5 kW.
371,371,23,12.000,12.000,No,120.00,1440.00,Maintenance Store,Maintenance Bay,2024-06-11,2024-06-10,Generated move order item for Bearing 6202-2RS.
372,372,1,494.000,494.000,No,1800.00,889200.00,Assembly Surplus,Central Warehouse,2024-06-13,2024-06-11,Generated move order item for Stator Core 1.5 kW.
373,373,1,191.000,191.000,No,1800.00,343800.00,Central Warehouse,Production Line,2024-06-15,2024-06-12,Generated move order item for Stator Core 1.5 kW.
374,374,1,270.000,270.000,No,1800.00,486000.00,Production Line,Quality Inspection,2024-06-17,2024-06-13,Generated move order item for Stator Core 1.5 kW.
375,375,100,54.000,54.000,No,18500.00,999000.00,Assembly,FG Store,2024-06-19,2024-06-14,Generated move order item for BLDC Motor 1.5 kW.
376,376,100,41.000,41.000,No,18500.00,758500.00,FG Store,Dispatch Dock,2024-06-16,2024-06-15,Generated move order item for BLDC Motor 1.5 kW.
377,377,23,10.000,10.000,No,120.00,1200.00,Maintenance Store,Maintenance Bay,2024-06-18,2024-06-16,Generated move order item for Bearing 6202-2RS.
378,378,1,322.000,322.000,No,1800.00,579600.00,Assembly Surplus,Central Warehouse,2024-06-20,2024-06-17,Generated move order item for Stator Core 1.5 kW.
379,379,1,305.000,305.000,No,1800.00,549000.00,Central Warehouse,Production Line,2024-06-22,2024-06-18,Generated move order item for Stator Core 1.5 kW.
380,380,1,470.000,470.000,No,1800.00,846000.00,Production Line,Quality Inspection,2024-06-24,2024-06-19,Generated move order item for Stator Core 1.5 kW.
381,381,100,36.000,36.000,No,18500.00,666000.00,Assembly,FG Store,2024-06-21,2024-06-20,Generated move order item for BLDC Motor 1.5 kW.
382,382,100,60.000,60.000,No,18500.00,1110000.00,FG Store,Dispatch Dock,2024-06-23,2024-06-21,Generated move order item for BLDC Motor 1.5 kW.
383,383,23,55.000,55.000,No,120.00,6600.00,Maintenance Store,Maintenance Bay,2024-06-25,2024-06-22,Generated move order item for Bearing 6202-2RS.
384,384,1,136.000,136.000,No,1800.00,244800.00,Assembly Surplus,Central Warehouse,2024-06-27,2024-06-23,Generated move order item for Stator Core 1.5 kW.
385,385,1,277.000,277.000,No,1800.00,498600.00,Central Warehouse,Production Line,2024-06-29,2024-06-24,Generated move order item for Stator Core 1.5 kW.
386,386,1,463.000,463.000,No,1800.00,833400.00,Production Line,Quality Inspection,2024-06-26,2024-06-25,Generated move order item for Stator Core 1.5 kW.
387,387,100,5.000,5.000,No,18500.00,92500.00,Assembly,FG Store,2024-06-28,2024-06-26,Generated move order item for BLDC Motor 1.5 kW.
388,388,100,27.000,27.000,No,18500.00,499500.00,FG Store,Dispatch Dock,2024-06-30,2024-06-27,Generated move order item for BLDC Motor 1.5 kW.
389,389,23,9.000,9.000,No,120.00,1080.00,Maintenance Store,Maintenance Bay,2024-07-02,2024-06-28,Generated move order item for Bearing 6202-2RS.
390,390,1,429.000,429.000,No,1800.00,772200.00,Assembly Surplus,Central Warehouse,2024-07-04,2024-06-29,Generated move order item for Stator Core 1.5 kW.
391,391,1,280.000,280.000,No,1800.00,504000.00,Central Warehouse,Production Line,2024-07-01,2024-06-30,Generated move order item for Stator Core 1.5 kW.
392,392,1,372.000,372.000,No,1800.00,669600.00,Production Line,Quality Inspection,2024-07-03,2024-07-01,Generated move order item for Stator Core 1.5 kW.
393,393,100,59.000,59.000,No,18500.00,1091500.00,Assembly,FG Store,2024-07-05,2024-07-02,Generated move order item for BLDC Motor 1.5 kW.
394,394,100,51.000,51.000,No,18500.00,943500.00,FG Store,Dispatch Dock,2024-07-07,2024-07-03,Generated move order item for BLDC Motor 1.5 kW.
395,395,23,44.000,44.000,No,120.00,5280.00,Maintenance Store,Maintenance Bay,2024-07-09,2024-07-04,Generated move order item for Bearing 6202-2RS.
396,396,1,471.000,471.000,No,1800.00,847800.00,Assembly Surplus,Central Warehouse,2024-07-06,2024-07-05,Generated move order item for Stator Core 1.5 kW.
397,397,1,263.000,263.000,No,1800.00,473400.00,Central Warehouse,Production Line,2024-07-08,2024-07-06,Generated move order item for Stator Core 1.5 kW.
398,398,1,491.000,491.000,No,1800.00,883800.00,Production Line,Quality Inspection,2024-07-10,2024-07-07,Generated move order item for Stator Core 1.5 kW.
399,399,100,59.000,59.000,No,18500.00,1091500.00,Assembly,FG Store,2024-07-12,2024-07-08,Generated move order item for BLDC Motor 1.5 kW.
400,400,100,17.000,17.000,No,18500.00,314500.00,FG Store,Dispatch Dock,2024-07-14,2024-07-09,Generated move order item for BLDC Motor 1.5 kW.
401,401,23,79.000,79.000,No,120.00,9480.00,Maintenance Store,Maintenance Bay,2024-07-11,2024-07-10,Generated move order item for Bearing 6202-2RS.
402,402,1,364.000,364.000,No,1800.00,655200.00,Assembly Surplus,Central Warehouse,2024-07-13,2024-07-11,Generated move order item for Stator Core 1.5 kW.
403,403,1,397.000,397.000,No,1800.00,714600.00,Central Warehouse,Production Line,2024-07-15,2024-07-12,Generated move order item for Stator Core 1.5 kW.
404,404,1,125.000,125.000,No,1800.00,225000.00,Production Line,Quality Inspection,2024-07-17,2024-07-13,Generated move order item for Stator Core 1.5 kW.
405,405,100,33.000,33.000,No,18500.00,610500.00,Assembly,FG Store,2024-07-19,2024-07-14,Generated move order item for BLDC Motor 1.5 kW.
406,406,100,13.000,13.000,No,18500.00,240500.00,FG Store,Dispatch Dock,2024-07-16,2024-07-15,Generated move order item for BLDC Motor 1.5 kW.
407,407,23,91.000,91.000,No,120.00,10920.00,Maintenance Store,Maintenance Bay,2024-07-18,2024-07-16,Generated move order item for Bearing 6202-2RS.
408,408,1,443.000,443.000,No,1800.00,797400.00,Assembly Surplus,Central Warehouse,2024-07-20,2024-07-17,Generated move order item for Stator Core 1.5 kW.
409,409,1,312.000,312.000,No,1800.00,561600.00,Central Warehouse,Production Line,2024-07-22,2024-07-18,Generated move order item for Stator Core 1.5 kW.
410,410,1,108.000,108.000,No,1800.00,194400.00,Production Line,Quality Inspection,2024-07-24,2024-07-19,Generated move order item for Stator Core 1.5 kW.
411,411,100,41.000,41.000,No,18500.00,758500.00,Assembly,FG Store,2024-07-21,2024-07-20,Generated move order item for BLDC Motor 1.5 kW.
412,412,100,29.000,29.000,No,18500.00,536500.00,FG Store,Dispatch Dock,2024-07-23,2024-07-21,Generated move order item for BLDC Motor 1.5 kW.
413,413,23,80.000,80.000,No,120.00,9600.00,Maintenance Store,Maintenance Bay,2024-07-25,2024-07-22,Generated move order item for Bearing 6202-2RS.
414,414,1,94.000,94.000,No,1800.00,169200.00,Assembly Surplus,Central Warehouse,2024-07-27,2024-07-23,Generated move order item for Stator Core 1.5 kW.
415,415,1,233.000,233.000,No,1800.00,419400.00,Central Warehouse,Production Line,2024-07-29,2024-07-24,Generated move order item for Stator Core 1.5 kW.
416,416,1,213.000,213.000,No,1800.00,383400.00,Production Line,Quality Inspection,2024-07-26,2024-07-25,Generated move order item for Stator Core 1.5 kW.
417,417,100,58.000,58.000,No,18500.00,1073000.00,Assembly,FG Store,2024-07-28,2024-07-26,Generated move order item for BLDC Motor 1.5 kW.
418,418,100,21.000,21.000,No,18500.00,388500.00,FG Store,Dispatch Dock,2024-07-30,2024-07-27,Generated move order item for BLDC Motor 1.5 kW.
419,419,23,99.000,99.000,No,120.00,11880.00,Maintenance Store,Maintenance Bay,2024-08-01,2024-07-28,Generated move order item for Bearing 6202-2RS.
420,420,1,465.000,465.000,No,1800.00,837000.00,Assembly Surplus,Central Warehouse,2024-08-03,2024-07-29,Generated move order item for Stator Core 1.5 kW.
421,421,1,314.000,314.000,No,1800.00,565200.00,Central Warehouse,Production Line,2024-07-31,2024-07-30,Generated move order item for Stator Core 1.5 kW.
422,422,1,128.000,128.000,No,1800.00,230400.00,Production Line,Quality Inspection,2024-08-02,2024-07-31,Generated move order item for Stator Core 1.5 kW.
423,423,100,17.000,17.000,No,18500.00,314500.00,Assembly,FG Store,2024-08-04,2024-08-01,Generated move order item for BLDC Motor 1.5 kW.
424,424,100,5.000,5.000,No,18500.00,92500.00,FG Store,Dispatch Dock,2024-08-06,2024-08-02,Generated move order item for BLDC Motor 1.5 kW.
425,425,23,79.000,79.000,No,120.00,9480.00,Maintenance Store,Maintenance Bay,2024-08-08,2024-08-03,Generated move order item for Bearing 6202-2RS.
426,426,1,377.000,377.000,No,1800.00,678600.00,Assembly Surplus,Central Warehouse,2024-08-05,2024-08-04,Generated move order item for Stator Core 1.5 kW.
427,427,1,195.000,195.000,No,1800.00,351000.00,Central Warehouse,Production Line,2024-08-07,2024-08-05,Generated move order item for Stator Core 1.5 kW.
428,428,1,379.000,379.000,No,1800.00,682200.00,Production Line,Quality Inspection,2024-08-09,2024-08-06,Generated move order item for Stator Core 1.5 kW.
429,429,100,37.000,37.000,No,18500.00,684500.00,Assembly,FG Store,2024-08-11,2024-08-07,Generated move order item for BLDC Motor 1.5 kW.
430,430,100,50.000,50.000,No,18500.00,925000.00,FG Store,Dispatch Dock,2024-08-13,2024-08-08,Generated move order item for BLDC Motor 1.5 kW.
431,431,23,13.000,13.000,No,120.00,1560.00,Maintenance Store,Maintenance Bay,2024-08-10,2024-08-09,Generated move order item for Bearing 6202-2RS.
432,432,1,139.000,139.000,No,1800.00,250200.00,Assembly Surplus,Central Warehouse,2024-08-12,2024-08-10,Generated move order item for Stator Core 1.5 kW.
433,433,1,414.000,414.000,No,1800.00,745200.00,Central Warehouse,Production Line,2024-08-14,2024-08-11,Generated move order item for Stator Core 1.5 kW.
434,434,1,216.000,216.000,No,1800.00,388800.00,Production Line,Quality Inspection,2024-08-16,2024-08-12,Generated move order item for Stator Core 1.5 kW.
435,435,100,58.000,58.000,No,18500.00,1073000.00,Assembly,FG Store,2024-08-18,2024-08-13,Generated move order item for BLDC Motor 1.5 kW.
436,436,100,54.000,54.000,No,18500.00,999000.00,FG Store,Dispatch Dock,2024-08-15,2024-08-14,Generated move order item for BLDC Motor 1.5 kW.
437,437,23,14.000,14.000,No,120.00,1680.00,Maintenance Store,Maintenance Bay,2024-08-17,2024-08-15,Generated move order item for Bearing 6202-2RS.
438,438,1,232.000,232.000,No,1800.00,417600.00,Assembly Surplus,Central Warehouse,2024-08-19,2024-08-16,Generated move order item for Stator Core 1.5 kW.
439,439,1,379.000,379.000,No,1800.00,682200.00,Central Warehouse,Production Line,2024-08-21,2024-08-17,Generated move order item for Stator Core 1.5 kW.
440,440,1,111.000,111.000,No,1800.00,199800.00,Production Line,Quality Inspection,2024-08-23,2024-08-18,Generated move order item for Stator Core 1.5 kW.
441,441,100,53.000,53.000,No,18500.00,980500.00,Assembly,FG Store,2024-08-20,2024-08-19,Generated move order item for BLDC Motor 1.5 kW.
442,442,100,10.000,10.000,No,18500.00,185000.00,FG Store,Dispatch Dock,2024-08-22,2024-08-20,Generated move order item for BLDC Motor 1.5 kW.
443,443,23,15.000,15.000,No,120.00,1800.00,Maintenance Store,Maintenance Bay,2024-08-24,2024-08-21,Generated move order item for Bearing 6202-2RS.
444,444,1,295.000,295.000,No,1800.00,531000.00,Assembly Surplus,Central Warehouse,2024-08-26,2024-08-22,Generated move order item for Stator Core 1.5 kW.
445,445,1,161.000,161.000,No,1800.00,289800.00,Central Warehouse,Production Line,2024-08-28,2024-08-23,Generated move order item for Stator Core 1.5 kW.
446,446,1,338.000,338.000,No,1800.00,608400.00,Production Line,Quality Inspection,2024-08-25,2024-08-24,Generated move order item for Stator Core 1.5 kW.
447,447,100,26.000,26.000,No,18500.00,481000.00,Assembly,FG Store,2024-08-27,2024-08-25,Generated move order item for BLDC Motor 1.5 kW.
448,448,100,20.000,20.000,No,18500.00,370000.00,FG Store,Dispatch Dock,2024-08-29,2024-08-26,Generated move order item for BLDC Motor 1.5 kW.
449,449,23,85.000,85.000,No,120.00,10200.00,Maintenance Store,Maintenance Bay,2024-08-31,2024-08-27,Generated move order item for Bearing 6202-2RS.
450,450,1,121.000,121.000,No,1800.00,217800.00,Assembly Surplus,Central Warehouse,2024-09-02,2024-08-28,Generated move order item for Stator Core 1.5 kW.
451,451,1,272.000,272.000,No,1800.00,489600.00,Central Warehouse,Production Line,2024-08-30,2024-08-29,Generated move order item for Stator Core 1.5 kW.
452,452,1,125.000,125.000,No,1800.00,225000.00,Production Line,Quality Inspection,2024-09-01,2024-08-30,Generated move order item for Stator Core 1.5 kW.
453,453,100,12.000,12.000,No,18500.00,222000.00,Assembly,FG Store,2024-09-03,2024-08-31,Generated move order item for BLDC Motor 1.5 kW.
454,454,100,16.000,16.000,No,18500.00,296000.00,FG Store,Dispatch Dock,2024-09-05,2024-09-01,Generated move order item for BLDC Motor 1.5 kW.
455,455,23,29.000,29.000,No,120.00,3480.00,Maintenance Store,Maintenance Bay,2024-09-07,2024-09-02,Generated move order item for Bearing 6202-2RS.
456,456,1,235.000,235.000,No,1800.00,423000.00,Assembly Surplus,Central Warehouse,2024-09-04,2024-09-03,Generated move order item for Stator Core 1.5 kW.
457,457,1,260.000,260.000,No,1800.00,468000.00,Central Warehouse,Production Line,2024-09-06,2024-09-04,Generated move order item for Stator Core 1.5 kW.
458,458,1,112.000,112.000,No,1800.00,201600.00,Production Line,Quality Inspection,2024-09-08,2024-09-05,Generated move order item for Stator Core 1.5 kW.
459,459,100,7.000,7.000,No,18500.00,129500.00,Assembly,FG Store,2024-09-10,2024-09-06,Generated move order item for BLDC Motor 1.5 kW.
460,460,100,10.000,10.000,No,18500.00,185000.00,FG Store,Dispatch Dock,2024-09-12,2024-09-07,Generated move order item for BLDC Motor 1.5 kW.
461,461,23,65.000,65.000,No,120.00,7800.00,Maintenance Store,Maintenance Bay,2024-09-09,2024-09-08,Generated move order item for Bearing 6202-2RS.
462,462,1,489.000,489.000,No,1800.00,880200.00,Assembly Surplus,Central Warehouse,2024-09-11,2024-09-09,Generated move order item for Stator Core 1.5 kW.
463,463,1,61.000,61.000,No,1800.00,109800.00,Central Warehouse,Production Line,2024-09-13,2024-09-10,Generated move order item for Stator Core 1.5 kW.
464,464,1,65.000,65.000,No,1800.00,117000.00,Production Line,Quality Inspection,2024-09-15,2024-09-11,Generated move order item for Stator Core 1.5 kW.
465,465,100,48.000,48.000,No,18500.00,888000.00,Assembly,FG Store,2024-09-17,2024-09-12,Generated move order item for BLDC Motor 1.5 kW.
466,466,100,45.000,45.000,No,18500.00,832500.00,FG Store,Dispatch Dock,2024-09-14,2024-09-13,Generated move order item for BLDC Motor 1.5 kW.
467,467,23,75.000,75.000,No,120.00,9000.00,Maintenance Store,Maintenance Bay,2024-09-16,2024-09-14,Generated move order item for Bearing 6202-2RS.
468,468,1,128.000,128.000,No,1800.00,230400.00,Assembly Surplus,Central Warehouse,2024-09-18,2024-09-15,Generated move order item for Stator Core 1.5 kW.
469,469,1,440.000,440.000,No,1800.00,792000.00,Central Warehouse,Production Line,2024-09-20,2024-09-16,Generated move order item for Stator Core 1.5 kW.
470,470,1,331.000,331.000,No,1800.00,595800.00,Production Line,Quality Inspection,2024-09-22,2024-09-17,Generated move order item for Stator Core 1.5 kW.
471,471,100,13.000,13.000,No,18500.00,240500.00,Assembly,FG Store,2024-09-19,2024-09-18,Generated move order item for BLDC Motor 1.5 kW.
472,472,100,11.000,11.000,No,18500.00,203500.00,FG Store,Dispatch Dock,2024-09-21,2024-09-19,Generated move order item for BLDC Motor 1.5 kW.
473,473,23,62.000,62.000,No,120.00,7440.00,Maintenance Store,Maintenance Bay,2024-09-23,2024-09-20,Generated move order item for Bearing 6202-2RS.
474,474,1,401.000,401.000,No,1800.00,721800.00,Assembly Surplus,Central Warehouse,2024-09-25,2024-09-21,Generated move order item for Stator Core 1.5 kW.
475,475,1,402.000,402.000,No,1800.00,723600.00,Central Warehouse,Production Line,2024-09-27,2024-09-22,Generated move order item for Stator Core 1.5 kW.
476,476,1,314.000,314.000,No,1800.00,565200.00,Production Line,Quality Inspection,2024-09-24,2024-09-23,Generated move order item for Stator Core 1.5 kW.
477,477,100,33.000,33.000,No,18500.00,610500.00,Assembly,FG Store,2024-09-26,2024-09-24,Generated move order item for BLDC Motor 1.5 kW.
478,478,100,43.000,43.000,No,18500.00,795500.00,FG Store,Dispatch Dock,2024-09-28,2024-09-25,Generated move order item for BLDC Motor 1.5 kW.
479,479,23,17.000,17.000,No,120.00,2040.00,Maintenance Store,Maintenance Bay,2024-09-30,2024-09-26,Generated move order item for Bearing 6202-2RS.
480,480,1,214.000,214.000,No,1800.00,385200.00,Assembly Surplus,Central Warehouse,2024-10-02,2024-09-27,Generated move order item for Stator Core 1.5 kW.
481,481,1,94.000,94.000,No,1800.00,169200.00,Central Warehouse,Production Line,2024-09-29,2024-09-28,Generated move order item for Stator Core 1.5 kW.
482,482,1,428.000,428.000,No,1800.00,770400.00,Production Line,Quality Inspection,2024-10-01,2024-09-29,Generated move order item for Stator Core 1.5 kW.
483,483,100,38.000,38.000,No,18500.00,703000.00,Assembly,FG Store,2024-10-03,2024-09-30,Generated move order item for BLDC Motor 1.5 kW.
484,484,100,48.000,48.000,No,18500.00,888000.00,FG Store,Dispatch Dock,2024-10-05,2024-10-01,Generated move order item for BLDC Motor 1.5 kW.
485,485,23,52.000,52.000,No,120.00,6240.00,Maintenance Store,Maintenance Bay,2024-10-07,2024-10-02,Generated move order item for Bearing 6202-2RS.
486,486,1,469.000,469.000,No,1800.00,844200.00,Assembly Surplus,Central Warehouse,2024-10-04,2024-10-03,Generated move order item for Stator Core 1.5 kW.
487,487,1,469.000,469.000,No,1800.00,844200.00,Central Warehouse,Production Line,2024-10-06,2024-10-04,Generated move order item for Stator Core 1.5 kW.
488,488,1,327.000,327.000,No,1800.00,588600.00,Production Line,Quality Inspection,2024-10-08,2024-10-05,Generated move order item for Stator Core 1.5 kW.
489,489,100,51.000,51.000,No,18500.00,943500.00,Assembly,FG Store,2024-10-10,2024-10-06,Generated move order item for BLDC Motor 1.5 kW.
490,490,100,41.000,41.000,No,18500.00,758500.00,FG Store,Dispatch Dock,2024-10-12,2024-10-07,Generated move order item for BLDC Motor 1.5 kW.
491,491,23,74.000,74.000,No,120.00,8880.00,Maintenance Store,Maintenance Bay,2024-10-09,2024-10-08,Generated move order item for Bearing 6202-2RS.
492,492,1,161.000,161.000,No,1800.00,289800.00,Assembly Surplus,Central Warehouse,2024-10-11,2024-10-09,Generated move order item for Stator Core 1.5 kW.
493,493,1,493.000,493.000,No,1800.00,887400.00,Central Warehouse,Production Line,2024-10-13,2024-10-10,Generated move order item for Stator Core 1.5 kW.
494,494,1,133.000,133.000,No,1800.00,239400.00,Production Line,Quality Inspection,2024-10-15,2024-10-11,Generated move order item for Stator Core 1.5 kW.
495,495,100,43.000,43.000,No,18500.00,795500.00,Assembly,FG Store,2024-10-17,2024-10-12,Generated move order item for BLDC Motor 1.5 kW.
496,496,100,38.000,38.000,No,18500.00,703000.00,FG Store,Dispatch Dock,2024-10-14,2024-10-13,Generated move order item for BLDC Motor 1.5 kW.
497,497,23,13.000,13.000,No,120.00,1560.00,Maintenance Store,Maintenance Bay,2024-10-16,2024-10-14,Generated move order item for Bearing 6202-2RS.
498,498,1,399.000,399.000,No,1800.00,718200.00,Assembly Surplus,Central Warehouse,2024-10-18,2024-10-15,Generated move order item for Stator Core 1.5 kW.
499,499,1,84.000,84.000,No,1800.00,151200.00,Central Warehouse,Production Line,2024-10-20,2024-10-16,Generated move order item for Stator Core 1.5 kW.
500,500,1,279.000,279.000,No,1800.00,502200.00,Production Line,Quality Inspection,2024-10-22,2024-10-17,Generated move order item for Stator Core 1.5 kW.
501,501,100,50.000,50.000,No,18500.00,925000.00,Assembly,FG Store,2024-10-19,2024-10-18,Generated move order item for BLDC Motor 1.5 kW.
502,502,100,12.000,12.000,No,18500.00,222000.00,FG Store,Dispatch Dock,2024-10-21,2024-10-19,Generated move order item for BLDC Motor 1.5 kW.
503,503,23,39.000,39.000,No,120.00,4680.00,Maintenance Store,Maintenance Bay,2024-10-23,2024-10-20,Generated move order item for Bearing 6202-2RS.
504,504,1,279.000,279.000,No,1800.00,502200.00,Assembly Surplus,Central Warehouse,2024-10-25,2024-10-21,Generated move order item for Stator Core 1.5 kW.
505,505,1,466.000,466.000,No,1800.00,838800.00,Central Warehouse,Production Line,2024-10-27,2024-10-22,Generated move order item for Stator Core 1.5 kW.
506,506,1,222.000,222.000,No,1800.00,399600.00,Production Line,Quality Inspection,2024-10-24,2024-10-23,Generated move order item for Stator Core 1.5 kW.
507,507,100,11.000,11.000,No,18500.00,203500.00,Assembly,FG Store,2024-10-26,2024-10-24,Generated move order item for BLDC Motor 1.5 kW.
508,508,100,12.000,12.000,No,18500.00,222000.00,FG Store,Dispatch Dock,2024-10-28,2024-10-25,Generated move order item for BLDC Motor 1.5 kW.
509,509,23,24.000,24.000,No,120.00,2880.00,Maintenance Store,Maintenance Bay,2024-10-30,2024-10-26,Generated move order item for Bearing 6202-2RS.
510,510,1,440.000,440.000,No,1800.00,792000.00,Assembly Surplus,Central Warehouse,2024-11-01,2024-10-27,Generated move order item for Stator Core 1.5 kW.
511,511,1,398.000,398.000,No,1800.00,716400.00,Central Warehouse,Production Line,2024-10-29,2024-10-28,Generated move order item for Stator Core 1.5 kW.
512,512,1,238.000,238.000,No,1800.00,428400.00,Production Line,Quality Inspection,2024-10-31,2024-10-29,Generated move order item for Stator Core 1.5 kW.
513,513,100,52.000,52.000,No,18500.00,962000.00,Assembly,FG Store,2024-11-02,2024-10-30,Generated move order item for BLDC Motor 1.5 kW.
514,514,100,56.000,56.000,No,18500.00,1036000.00,FG Store,Dispatch Dock,2024-11-04,2024-10-31,Generated move order item for BLDC Motor 1.5 kW.
515,515,23,88.000,88.000,No,120.00,10560.00,Maintenance Store,Maintenance Bay,2024-11-06,2024-11-01,Generated move order item for Bearing 6202-2RS.
516,516,1,52.000,52.000,No,1800.00,93600.00,Assembly Surplus,Central Warehouse,2024-11-03,2024-11-02,Generated move order item for Stator Core 1.5 kW.
517,517,1,94.000,94.000,No,1800.00,169200.00,Central Warehouse,Production Line,2024-11-05,2024-11-03,Generated move order item for Stator Core 1.5 kW.
518,518,1,377.000,377.000,No,1800.00,678600.00,Production Line,Quality Inspection,2024-11-07,2024-11-04,Generated move order item for Stator Core 1.5 kW.
519,519,100,26.000,26.000,No,18500.00,481000.00,Assembly,FG Store,2024-11-09,2024-11-05,Generated move order item for BLDC Motor 1.5 kW.
520,520,100,13.000,13.000,No,18500.00,240500.00,FG Store,Dispatch Dock,2024-11-11,2024-11-06,Generated move order item for BLDC Motor 1.5 kW.
521,521,23,67.000,67.000,No,120.00,8040.00,Maintenance Store,Maintenance Bay,2024-11-08,2024-11-07,Generated move order item for Bearing 6202-2RS.
522,522,1,210.000,210.000,No,1800.00,378000.00,Assembly Surplus,Central Warehouse,2024-11-10,2024-11-08,Generated move order item for Stator Core 1.5 kW.
523,523,1,464.000,464.000,No,1800.00,835200.00,Central Warehouse,Production Line,2024-11-12,2024-11-09,Generated move order item for Stator Core 1.5 kW.
524,524,1,310.000,310.000,No,1800.00,558000.00,Production Line,Quality Inspection,2024-11-14,2024-11-10,Generated move order item for Stator Core 1.5 kW.
525,525,100,18.000,18.000,No,18500.00,333000.00,Assembly,FG Store,2024-11-16,2024-11-11,Generated move order item for BLDC Motor 1.5 kW.
526,526,100,57.000,57.000,No,18500.00,1054500.00,FG Store,Dispatch Dock,2024-11-13,2024-11-12,Generated move order item for BLDC Motor 1.5 kW.
527,527,23,62.000,62.000,No,120.00,7440.00,Maintenance Store,Maintenance Bay,2024-11-15,2024-11-13,Generated move order item for Bearing 6202-2RS.
528,528,1,183.000,183.000,No,1800.00,329400.00,Assembly Surplus,Central Warehouse,2024-11-17,2024-11-14,Generated move order item for Stator Core 1.5 kW.
529,529,1,114.000,114.000,No,1800.00,205200.00,Central Warehouse,Production Line,2024-11-19,2024-11-15,Generated move order item for Stator Core 1.5 kW.
530,530,1,300.000,300.000,No,1800.00,540000.00,Production Line,Quality Inspection,2024-11-21,2024-11-16,Generated move order item for Stator Core 1.5 kW.
531,531,100,46.000,46.000,No,18500.00,851000.00,Assembly,FG Store,2024-11-18,2024-11-17,Generated move order item for BLDC Motor 1.5 kW.
532,532,100,51.000,51.000,No,18500.00,943500.00,FG Store,Dispatch Dock,2024-11-20,2024-11-18,Generated move order item for BLDC Motor 1.5 kW.
533,533,23,17.000,17.000,No,120.00,2040.00,Maintenance Store,Maintenance Bay,2024-11-22,2024-11-19,Generated move order item for Bearing 6202-2RS.
534,534,1,244.000,244.000,No,1800.00,439200.00,Assembly Surplus,Central Warehouse,2024-11-24,2024-11-20,Generated move order item for Stator Core 1.5 kW.
535,535,1,500.000,500.000,No,1800.00,900000.00,Central Warehouse,Production Line,2024-11-26,2024-11-21,Generated move order item for Stator Core 1.5 kW.
536,536,1,348.000,348.000,No,1800.00,626400.00,Production Line,Quality Inspection,2024-11-23,2024-11-22,Generated move order item for Stator Core 1.5 kW.
537,537,100,10.000,10.000,No,18500.00,185000.00,Assembly,FG Store,2024-11-25,2024-11-23,Generated move order item for BLDC Motor 1.5 kW.
538,538,100,56.000,56.000,No,18500.00,1036000.00,FG Store,Dispatch Dock,2024-11-27,2024-11-24,Generated move order item for BLDC Motor 1.5 kW.
539,539,23,70.000,70.000,No,120.00,8400.00,Maintenance Store,Maintenance Bay,2024-11-29,2024-11-25,Generated move order item for Bearing 6202-2RS.
540,540,1,257.000,257.000,No,1800.00,462600.00,Assembly Surplus,Central Warehouse,2024-12-01,2024-11-26,Generated move order item for Stator Core 1.5 kW.
541,541,1,400.000,400.000,No,1800.00,720000.00,Central Warehouse,Production Line,2024-11-28,2024-11-27,Generated move order item for Stator Core 1.5 kW.
542,542,1,342.000,342.000,No,1800.00,615600.00,Production Line,Quality Inspection,2024-11-30,2024-11-28,Generated move order item for Stator Core 1.5 kW.
543,543,100,19.000,19.000,No,18500.00,351500.00,Assembly,FG Store,2024-12-02,2024-11-29,Generated move order item for BLDC Motor 1.5 kW.
544,544,100,49.000,49.000,No,18500.00,906500.00,FG Store,Dispatch Dock,2024-12-04,2024-11-30,Generated move order item for BLDC Motor 1.5 kW.
545,545,23,29.000,29.000,No,120.00,3480.00,Maintenance Store,Maintenance Bay,2024-12-06,2024-12-01,Generated move order item for Bearing 6202-2RS.
546,546,1,153.000,153.000,No,1800.00,275400.00,Assembly Surplus,Central Warehouse,2024-12-03,2024-12-02,Generated move order item for Stator Core 1.5 kW.
547,547,1,318.000,318.000,No,1800.00,572400.00,Central Warehouse,Production Line,2024-12-05,2024-12-03,Generated move order item for Stator Core 1.5 kW.
548,548,1,58.000,58.000,No,1800.00,104400.00,Production Line,Quality Inspection,2024-12-07,2024-12-04,Generated move order item for Stator Core 1.5 kW.
549,549,100,40.000,40.000,No,18500.00,740000.00,Assembly,FG Store,2024-12-09,2024-12-05,Generated move order item for BLDC Motor 1.5 kW.
550,550,100,35.000,35.000,No,18500.00,647500.00,FG Store,Dispatch Dock,2024-12-11,2024-12-06,Generated move order item for BLDC Motor 1.5 kW.
551,551,23,74.000,74.000,No,120.00,8880.00,Maintenance Store,Maintenance Bay,2024-12-08,2024-12-07,Generated move order item for Bearing 6202-2RS.
552,552,1,121.000,121.000,No,1800.00,217800.00,Assembly Surplus,Central Warehouse,2024-12-10,2024-12-08,Generated move order item for Stator Core 1.5 kW.
553,553,1,311.000,311.000,No,1800.00,559800.00,Central Warehouse,Production Line,2024-12-12,2024-12-09,Generated move order item for Stator Core 1.5 kW.
554,554,1,249.000,249.000,No,1800.00,448200.00,Production Line,Quality Inspection,2024-12-14,2024-12-10,Generated move order item for Stator Core 1.5 kW.
555,555,100,14.000,14.000,No,18500.00,259000.00,Assembly,FG Store,2024-12-16,2024-12-11,Generated move order item for BLDC Motor 1.5 kW.
556,556,100,30.000,30.000,No,18500.00,555000.00,FG Store,Dispatch Dock,2024-12-13,2024-12-12,Generated move order item for BLDC Motor 1.5 kW.
557,557,23,93.000,93.000,No,120.00,11160.00,Maintenance Store,Maintenance Bay,2024-12-15,2024-12-13,Generated move order item for Bearing 6202-2RS.
558,558,1,421.000,421.000,No,1800.00,757800.00,Assembly Surplus,Central Warehouse,2024-12-17,2024-12-14,Generated move order item for Stator Core 1.5 kW.
559,559,1,125.000,125.000,No,1800.00,225000.00,Central Warehouse,Production Line,2024-12-19,2024-12-15,Generated move order item for Stator Core 1.5 kW.
560,560,1,431.000,431.000,No,1800.00,775800.00,Production Line,Quality Inspection,2024-12-21,2024-12-16,Generated move order item for Stator Core 1.5 kW.
561,561,100,36.000,36.000,No,18500.00,666000.00,Assembly,FG Store,2024-12-18,2024-12-17,Generated move order item for BLDC Motor 1.5 kW.
562,562,100,7.000,7.000,No,18500.00,129500.00,FG Store,Dispatch Dock,2024-12-20,2024-12-18,Generated move order item for BLDC Motor 1.5 kW.
563,563,23,93.000,93.000,No,120.00,11160.00,Maintenance Store,Maintenance Bay,2024-12-22,2024-12-19,Generated move order item for Bearing 6202-2RS.
564,564,1,287.000,287.000,No,1800.00,516600.00,Assembly Surplus,Central Warehouse,2024-12-24,2024-12-20,Generated move order item for Stator Core 1.5 kW.
565,565,1,461.000,461.000,No,1800.00,829800.00,Central Warehouse,Production Line,2024-12-26,2024-12-21,Generated move order item for Stator Core 1.5 kW.
566,566,1,94.000,94.000,No,1800.00,169200.00,Production Line,Quality Inspection,2024-12-23,2024-12-22,Generated move order item for Stator Core 1.5 kW.
567,567,100,14.000,14.000,No,18500.00,259000.00,Assembly,FG Store,2024-12-25,2024-12-23,Generated move order item for BLDC Motor 1.5 kW.
568,568,100,55.000,55.000,No,18500.00,1017500.00,FG Store,Dispatch Dock,2024-12-27,2024-12-24,Generated move order item for BLDC Motor 1.5 kW.
569,569,23,27.000,27.000,No,120.00,3240.00,Maintenance Store,Maintenance Bay,2024-12-29,2024-12-25,Generated move order item for Bearing 6202-2RS.
570,570,1,297.000,297.000,No,1800.00,534600.00,Assembly Surplus,Central Warehouse,2024-12-31,2024-12-26,Generated move order item for Stator Core 1.5 kW.
571,571,1,321.000,321.000,No,1800.00,577800.00,Central Warehouse,Production Line,2024-12-28,2024-12-27,Generated move order item for Stator Core 1.5 kW.
572,572,1,477.000,477.000,No,1800.00,858600.00,Production Line,Quality Inspection,2024-12-30,2024-12-28,Generated move order item for Stator Core 1.5 kW.
573,573,100,23.000,23.000,No,18500.00,425500.00,Assembly,FG Store,2025-01-01,2024-12-29,Generated move order item for BLDC Motor 1.5 kW.
574,574,100,47.000,47.000,No,18500.00,869500.00,FG Store,Dispatch Dock,2025-01-03,2024-12-30,Generated move order item for BLDC Motor 1.5 kW.
575,575,23,75.000,75.000,No,120.00,9000.00,Maintenance Store,Maintenance Bay,2025-01-05,2024-12-31,Generated move order item for Bearing 6202-2RS.
576,576,1,366.000,366.000,No,1800.00,658800.00,Assembly Surplus,Central Warehouse,2025-01-02,2025-01-01,Generated move order item for Stator Core 1.5 kW.
577,577,1,285.000,285.000,No,1800.00,513000.00,Central Warehouse,Production Line,2025-01-04,2025-01-02,Generated move order item for Stator Core 1.5 kW.
578,578,1,82.000,82.000,No,1800.00,147600.00,Production Line,Quality Inspection,2025-01-06,2025-01-03,Generated move order item for Stator Core 1.5 kW.
579,579,100,19.000,19.000,No,18500.00,351500.00,Assembly,FG Store,2025-01-08,2025-01-04,Generated move order item for BLDC Motor 1.5 kW.
580,580,100,36.000,36.000,No,18500.00,666000.00,FG Store,Dispatch Dock,2025-01-10,2025-01-05,Generated move order item for BLDC Motor 1.5 kW.
581,581,23,44.000,44.000,No,120.00,5280.00,Maintenance Store,Maintenance Bay,2025-01-07,2025-01-06,Generated move order item for Bearing 6202-2RS.
582,582,1,133.000,133.000,No,1800.00,239400.00,Assembly Surplus,Central Warehouse,2025-01-09,2025-01-07,Generated move order item for Stator Core 1.5 kW.
583,583,1,361.000,361.000,No,1800.00,649800.00,Central Warehouse,Production Line,2025-01-11,2025-01-08,Generated move order item for Stator Core 1.5 kW.
584,584,1,257.000,257.000,No,1800.00,462600.00,Production Line,Quality Inspection,2025-01-13,2025-01-09,Generated move order item for Stator Core 1.5 kW.
585,585,100,48.000,48.000,No,18500.00,888000.00,Assembly,FG Store,2025-01-15,2025-01-10,Generated move order item for BLDC Motor 1.5 kW.
586,586,100,35.000,35.000,No,18500.00,647500.00,FG Store,Dispatch Dock,2025-01-12,2025-01-11,Generated move order item for BLDC Motor 1.5 kW.
587,587,23,40.000,40.000,No,120.00,4800.00,Maintenance Store,Maintenance Bay,2025-01-14,2025-01-12,Generated move order item for Bearing 6202-2RS.
588,588,1,99.000,99.000,No,1800.00,178200.00,Assembly Surplus,Central Warehouse,2025-01-16,2025-01-13,Generated move order item for Stator Core 1.5 kW.
589,589,1,97.000,97.000,No,1800.00,174600.00,Central Warehouse,Production Line,2025-01-18,2025-01-14,Generated move order item for Stator Core 1.5 kW.
590,590,1,278.000,278.000,No,1800.00,500400.00,Production Line,Quality Inspection,2025-01-20,2025-01-15,Generated move order item for Stator Core 1.5 kW.
591,591,100,24.000,24.000,No,18500.00,444000.00,Assembly,FG Store,2025-01-17,2025-01-16,Generated move order item for BLDC Motor 1.5 kW.
592,592,100,45.000,45.000,No,18500.00,832500.00,FG Store,Dispatch Dock,2025-01-19,2025-01-17,Generated move order item for BLDC Motor 1.5 kW.
593,593,23,65.000,65.000,No,120.00,7800.00,Maintenance Store,Maintenance Bay,2025-01-21,2025-01-18,Generated move order item for Bearing 6202-2RS.
594,594,1,178.000,178.000,No,1800.00,320400.00,Assembly Surplus,Central Warehouse,2025-01-23,2025-01-19,Generated move order item for Stator Core 1.5 kW.
595,595,1,392.000,392.000,No,1800.00,705600.00,Central Warehouse,Production Line,2025-01-25,2025-01-20,Generated move order item for Stator Core 1.5 kW.
596,596,1,305.000,305.000,No,1800.00,549000.00,Production Line,Quality Inspection,2025-01-22,2025-01-21,Generated move order item for Stator Core 1.5 kW.
597,597,100,54.000,54.000,No,18500.00,999000.00,Assembly,FG Store,2025-01-24,2025-01-22,Generated move order item for BLDC Motor 1.5 kW.
598,598,100,58.000,58.000,No,18500.00,1073000.00,FG Store,Dispatch Dock,2025-01-26,2025-01-23,Generated move order item for BLDC Motor 1.5 kW.
599,599,23,97.000,97.000,No,120.00,11640.00,Maintenance Store,Maintenance Bay,2025-01-28,2025-01-24,Generated move order item for Bearing 6202-2RS.
600,600,1,107.000,107.000,No,1800.00,192600.00,Assembly Surplus,Central Warehouse,2025-01-30,2025-01-25,Generated move order item for Stator Core 1.5 kW.
601,601,1,288.000,288.000,No,1800.00,518400.00,Central Warehouse,Production Line,2025-01-27,2025-01-26,Generated move order item for Stator Core 1.5 kW.
602,602,1,62.000,62.000,No,1800.00,111600.00,Production Line,Quality Inspection,2025-01-29,2025-01-27,Generated move order item for Stator Core 1.5 kW.
603,603,100,54.000,54.000,No,18500.00,999000.00,Assembly,FG Store,2025-01-31,2025-01-28,Generated move order item for BLDC Motor 1.5 kW.
604,604,100,44.000,44.000,No,18500.00,814000.00,FG Store,Dispatch Dock,2025-02-02,2025-01-29,Generated move order item for BLDC Motor 1.5 kW.
605,605,23,30.000,30.000,No,120.00,3600.00,Maintenance Store,Maintenance Bay,2025-02-04,2025-01-30,Generated move order item for Bearing 6202-2RS.
606,606,1,323.000,323.000,No,1800.00,581400.00,Assembly Surplus,Central Warehouse,2025-02-01,2025-01-31,Generated move order item for Stator Core 1.5 kW.
607,607,1,302.000,302.000,No,1800.00,543600.00,Central Warehouse,Production Line,2025-02-03,2025-02-01,Generated move order item for Stator Core 1.5 kW.
608,608,1,295.000,295.000,No,1800.00,531000.00,Production Line,Quality Inspection,2025-02-05,2025-02-02,Generated move order item for Stator Core 1.5 kW.
609,609,100,35.000,35.000,No,18500.00,647500.00,Assembly,FG Store,2025-02-07,2025-02-03,Generated move order item for BLDC Motor 1.5 kW.
610,610,100,60.000,60.000,No,18500.00,1110000.00,FG Store,Dispatch Dock,2025-02-09,2025-02-04,Generated move order item for BLDC Motor 1.5 kW.
611,611,23,78.000,78.000,No,120.00,9360.00,Maintenance Store,Maintenance Bay,2025-02-06,2025-02-05,Generated move order item for Bearing 6202-2RS.
612,612,1,231.000,231.000,No,1800.00,415800.00,Assembly Surplus,Central Warehouse,2025-02-08,2025-02-06,Generated move order item for Stator Core 1.5 kW.
613,613,1,398.000,398.000,No,1800.00,716400.00,Central Warehouse,Production Line,2025-02-10,2025-02-07,Generated move order item for Stator Core 1.5 kW.
614,614,1,113.000,113.000,No,1800.00,203400.00,Production Line,Quality Inspection,2025-02-12,2025-02-08,Generated move order item for Stator Core 1.5 kW.
615,615,100,20.000,20.000,No,18500.00,370000.00,Assembly,FG Store,2025-02-14,2025-02-09,Generated move order item for BLDC Motor 1.5 kW.
616,616,100,11.000,11.000,No,18500.00,203500.00,FG Store,Dispatch Dock,2025-02-11,2025-02-10,Generated move order item for BLDC Motor 1.5 kW.
617,617,23,90.000,90.000,No,120.00,10800.00,Maintenance Store,Maintenance Bay,2025-02-13,2025-02-11,Generated move order item for Bearing 6202-2RS.
618,618,1,60.000,60.000,No,1800.00,108000.00,Assembly Surplus,Central Warehouse,2025-02-15,2025-02-12,Generated move order item for Stator Core 1.5 kW.
619,619,1,452.000,452.000,No,1800.00,813600.00,Central Warehouse,Production Line,2025-02-17,2025-02-13,Generated move order item for Stator Core 1.5 kW.
620,620,1,425.000,425.000,No,1800.00,765000.00,Production Line,Quality Inspection,2025-02-19,2025-02-14,Generated move order item for Stator Core 1.5 kW.
621,621,100,58.000,58.000,No,18500.00,1073000.00,Assembly,FG Store,2025-02-16,2025-02-15,Generated move order item for BLDC Motor 1.5 kW.
622,622,100,47.000,47.000,No,18500.00,869500.00,FG Store,Dispatch Dock,2025-02-18,2025-02-16,Generated move order item for BLDC Motor 1.5 kW.
623,623,23,48.000,48.000,No,120.00,5760.00,Maintenance Store,Maintenance Bay,2025-02-20,2025-02-17,Generated move order item for Bearing 6202-2RS.
624,624,1,416.000,416.000,No,1800.00,748800.00,Assembly Surplus,Central Warehouse,2025-02-22,2025-02-18,Generated move order item for Stator Core 1.5 kW.
625,625,1,495.000,495.000,No,1800.00,891000.00,Central Warehouse,Production Line,2025-02-24,2025-02-19,Generated move order item for Stator Core 1.5 kW.
626,626,1,452.000,452.000,No,1800.00,813600.00,Production Line,Quality Inspection,2025-02-21,2025-02-20,Generated move order item for Stator Core 1.5 kW.
627,627,100,48.000,48.000,No,18500.00,888000.00,Assembly,FG Store,2025-02-23,2025-02-21,Generated move order item for BLDC Motor 1.5 kW.
628,628,100,47.000,47.000,No,18500.00,869500.00,FG Store,Dispatch Dock,2025-02-25,2025-02-22,Generated move order item for BLDC Motor 1.5 kW.
629,629,23,67.000,67.000,No,120.00,8040.00,Maintenance Store,Maintenance Bay,2025-02-27,2025-02-23,Generated move order item for Bearing 6202-2RS.
630,630,1,452.000,452.000,No,1800.00,813600.00,Assembly Surplus,Central Warehouse,2025-03-01,2025-02-24,Generated move order item for Stator Core 1.5 kW.
631,631,1,244.000,244.000,No,1800.00,439200.00,Central Warehouse,Production Line,2025-02-26,2025-02-25,Generated move order item for Stator Core 1.5 kW.
632,632,1,275.000,275.000,No,1800.00,495000.00,Production Line,Quality Inspection,2025-02-28,2025-02-26,Generated move order item for Stator Core 1.5 kW.
633,633,100,52.000,52.000,No,18500.00,962000.00,Assembly,FG Store,2025-03-02,2025-02-27,Generated move order item for BLDC Motor 1.5 kW.
634,634,100,19.000,19.000,No,18500.00,351500.00,FG Store,Dispatch Dock,2025-03-04,2025-02-28,Generated move order item for BLDC Motor 1.5 kW.
635,635,23,78.000,78.000,No,120.00,9360.00,Maintenance Store,Maintenance Bay,2025-03-06,2025-03-01,Generated move order item for Bearing 6202-2RS.
636,636,1,99.000,99.000,No,1800.00,178200.00,Assembly Surplus,Central Warehouse,2025-03-03,2025-03-02,Generated move order item for Stator Core 1.5 kW.
637,637,1,314.000,314.000,No,1800.00,565200.00,Central Warehouse,Production Line,2025-03-05,2025-03-03,Generated move order item for Stator Core 1.5 kW.
638,638,1,65.000,65.000,No,1800.00,117000.00,Production Line,Quality Inspection,2025-03-07,2025-03-04,Generated move order item for Stator Core 1.5 kW.
639,639,100,60.000,60.000,No,18500.00,1110000.00,Assembly,FG Store,2025-03-09,2025-03-05,Generated move order item for BLDC Motor 1.5 kW.
640,640,100,52.000,52.000,No,18500.00,962000.00,FG Store,Dispatch Dock,2025-03-11,2025-03-06,Generated move order item for BLDC Motor 1.5 kW.
641,641,23,28.000,28.000,No,120.00,3360.00,Maintenance Store,Maintenance Bay,2025-03-08,2025-03-07,Generated move order item for Bearing 6202-2RS.
642,642,1,117.000,117.000,No,1800.00,210600.00,Assembly Surplus,Central Warehouse,2025-03-10,2025-03-08,Generated move order item for Stator Core 1.5 kW.
643,643,1,339.000,339.000,No,1800.00,610200.00,Central Warehouse,Production Line,2025-03-12,2025-03-09,Generated move order item for Stator Core 1.5 kW.
644,644,1,456.000,456.000,No,1800.00,820800.00,Production Line,Quality Inspection,2025-03-14,2025-03-10,Generated move order item for Stator Core 1.5 kW.
645,645,100,22.000,22.000,No,18500.00,407000.00,Assembly,FG Store,2025-03-16,2025-03-11,Generated move order item for BLDC Motor 1.5 kW.
646,646,100,58.000,58.000,No,18500.00,1073000.00,FG Store,Dispatch Dock,2025-03-13,2025-03-12,Generated move order item for BLDC Motor 1.5 kW.
647,647,23,48.000,48.000,No,120.00,5760.00,Maintenance Store,Maintenance Bay,2025-03-15,2025-03-13,Generated move order item for Bearing 6202-2RS.
648,648,1,249.000,249.000,No,1800.00,448200.00,Assembly Surplus,Central Warehouse,2025-03-17,2025-03-14,Generated move order item for Stator Core 1.5 kW.
649,649,1,202.000,202.000,No,1800.00,363600.00,Central Warehouse,Production Line,2025-03-19,2025-03-15,Generated move order item for Stator Core 1.5 kW.
650,650,1,172.000,172.000,No,1800.00,309600.00,Production Line,Quality Inspection,2025-03-21,2025-03-16,Generated move order item for Stator Core 1.5 kW.
651,651,100,23.000,23.000,No,18500.00,425500.00,Assembly,FG Store,2025-03-18,2025-03-17,Generated move order item for BLDC Motor 1.5 kW.
652,652,100,14.000,14.000,No,18500.00,259000.00,FG Store,Dispatch Dock,2025-03-20,2025-03-18,Generated move order item for BLDC Motor 1.5 kW.
653,653,23,41.000,41.000,No,120.00,4920.00,Maintenance Store,Maintenance Bay,2025-03-22,2025-03-19,Generated move order item for Bearing 6202-2RS.
654,654,1,180.000,180.000,No,1800.00,324000.00,Assembly Surplus,Central Warehouse,2025-03-24,2025-03-20,Generated move order item for Stator Core 1.5 kW.
655,655,1,75.000,75.000,No,1800.00,135000.00,Central Warehouse,Production Line,2025-03-26,2025-03-21,Generated move order item for Stator Core 1.5 kW.
656,656,1,213.000,213.000,No,1800.00,383400.00,Production Line,Quality Inspection,2025-03-23,2025-03-22,Generated move order item for Stator Core 1.5 kW.
657,657,100,7.000,7.000,No,18500.00,129500.00,Assembly,FG Store,2025-03-25,2025-03-23,Generated move order item for BLDC Motor 1.5 kW.
658,658,100,15.000,15.000,No,18500.00,277500.00,FG Store,Dispatch Dock,2025-03-27,2025-03-24,Generated move order item for BLDC Motor 1.5 kW.
659,659,23,74.000,74.000,No,120.00,8880.00,Maintenance Store,Maintenance Bay,2025-03-29,2025-03-25,Generated move order item for Bearing 6202-2RS.
660,660,1,61.000,61.000,No,1800.00,109800.00,Assembly Surplus,Central Warehouse,2025-03-31,2025-03-26,Generated move order item for Stator Core 1.5 kW.
661,661,1,190.000,190.000,No,1800.00,342000.00,Central Warehouse,Production Line,2025-03-28,2025-03-27,Generated move order item for Stator Core 1.5 kW.
662,662,1,358.000,358.000,No,1800.00,644400.00,Production Line,Quality Inspection,2025-03-30,2025-03-28,Generated move order item for Stator Core 1.5 kW.
663,663,100,6.000,6.000,No,18500.00,111000.00,Assembly,FG Store,2025-04-01,2025-03-29,Generated move order item for BLDC Motor 1.5 kW.
664,664,100,46.000,46.000,No,18500.00,851000.00,FG Store,Dispatch Dock,2025-04-03,2025-03-30,Generated move order item for BLDC Motor 1.5 kW.
665,665,23,12.000,12.000,No,120.00,1440.00,Maintenance Store,Maintenance Bay,2025-04-05,2025-03-31,Generated move order item for Bearing 6202-2RS.
666,666,1,74.000,74.000,No,1800.00,133200.00,Assembly Surplus,Central Warehouse,2025-04-02,2025-04-01,Generated move order item for Stator Core 1.5 kW.
667,667,1,138.000,138.000,No,1800.00,248400.00,Central Warehouse,Production Line,2025-04-04,2025-04-02,Generated move order item for Stator Core 1.5 kW.
668,668,1,438.000,438.000,No,1800.00,788400.00,Production Line,Quality Inspection,2025-04-06,2025-04-03,Generated move order item for Stator Core 1.5 kW.
669,669,100,7.000,7.000,No,18500.00,129500.00,Assembly,FG Store,2025-04-08,2025-04-04,Generated move order item for BLDC Motor 1.5 kW.
670,670,100,10.000,10.000,No,18500.00,185000.00,FG Store,Dispatch Dock,2025-04-10,2025-04-05,Generated move order item for BLDC Motor 1.5 kW.
671,671,23,95.000,95.000,No,120.00,11400.00,Maintenance Store,Maintenance Bay,2025-04-07,2025-04-06,Generated move order item for Bearing 6202-2RS.
672,672,1,325.000,325.000,No,1800.00,585000.00,Assembly Surplus,Central Warehouse,2025-04-09,2025-04-07,Generated move order item for Stator Core 1.5 kW.
673,673,1,306.000,306.000,No,1800.00,550800.00,Central Warehouse,Production Line,2025-04-11,2025-04-08,Generated move order item for Stator Core 1.5 kW.
674,674,1,68.000,68.000,No,1800.00,122400.00,Production Line,Quality Inspection,2025-04-13,2025-04-09,Generated move order item for Stator Core 1.5 kW.
675,675,100,27.000,27.000,No,18500.00,499500.00,Assembly,FG Store,2025-04-15,2025-04-10,Generated move order item for BLDC Motor 1.5 kW.
676,676,100,37.000,37.000,No,18500.00,684500.00,FG Store,Dispatch Dock,2025-04-12,2025-04-11,Generated move order item for BLDC Motor 1.5 kW.
677,677,23,56.000,56.000,No,120.00,6720.00,Maintenance Store,Maintenance Bay,2025-04-14,2025-04-12,Generated move order item for Bearing 6202-2RS.
678,678,1,285.000,285.000,No,1800.00,513000.00,Assembly Surplus,Central Warehouse,2025-04-16,2025-04-13,Generated move order item for Stator Core 1.5 kW.
679,679,1,100.000,100.000,No,1800.00,180000.00,Central Warehouse,Production Line,2025-04-18,2025-04-14,Generated move order item for Stator Core 1.5 kW.
680,680,1,495.000,495.000,No,1800.00,891000.00,Production Line,Quality Inspection,2025-04-20,2025-04-15,Generated move order item for Stator Core 1.5 kW.
681,681,100,44.000,44.000,No,18500.00,814000.00,Assembly,FG Store,2025-04-17,2025-04-16,Generated move order item for BLDC Motor 1.5 kW.
682,682,100,18.000,18.000,No,18500.00,333000.00,FG Store,Dispatch Dock,2025-04-19,2025-04-17,Generated move order item for BLDC Motor 1.5 kW.
683,683,23,98.000,98.000,No,120.00,11760.00,Maintenance Store,Maintenance Bay,2025-04-21,2025-04-18,Generated move order item for Bearing 6202-2RS.
684,684,1,185.000,185.000,No,1800.00,333000.00,Assembly Surplus,Central Warehouse,2025-04-23,2025-04-19,Generated move order item for Stator Core 1.5 kW.
685,685,1,108.000,108.000,No,1800.00,194400.00,Central Warehouse,Production Line,2025-04-25,2025-04-20,Generated move order item for Stator Core 1.5 kW.
686,686,1,452.000,452.000,No,1800.00,813600.00,Production Line,Quality Inspection,2025-04-22,2025-04-21,Generated move order item for Stator Core 1.5 kW.
687,687,100,13.000,13.000,No,18500.00,240500.00,Assembly,FG Store,2025-04-24,2025-04-22,Generated move order item for BLDC Motor 1.5 kW.
688,688,100,8.000,8.000,No,18500.00,148000.00,FG Store,Dispatch Dock,2025-04-26,2025-04-23,Generated move order item for BLDC Motor 1.5 kW.
689,689,23,65.000,65.000,No,120.00,7800.00,Maintenance Store,Maintenance Bay,2025-04-28,2025-04-24,Generated move order item for Bearing 6202-2RS.
690,690,1,169.000,169.000,No,1800.00,304200.00,Assembly Surplus,Central Warehouse,2025-04-30,2025-04-25,Generated move order item for Stator Core 1.5 kW.
691,691,1,118.000,118.000,No,1800.00,212400.00,Central Warehouse,Production Line,2025-04-27,2025-04-26,Generated move order item for Stator Core 1.5 kW.
692,692,1,96.000,96.000,No,1800.00,172800.00,Production Line,Quality Inspection,2025-04-29,2025-04-27,Generated move order item for Stator Core 1.5 kW.
693,693,100,12.000,12.000,No,18500.00,222000.00,Assembly,FG Store,2025-05-01,2025-04-28,Generated move order item for BLDC Motor 1.5 kW.
694,694,100,58.000,58.000,No,18500.00,1073000.00,FG Store,Dispatch Dock,2025-05-03,2025-04-29,Generated move order item for BLDC Motor 1.5 kW.
695,695,23,69.000,69.000,No,120.00,8280.00,Maintenance Store,Maintenance Bay,2025-05-05,2025-04-30,Generated move order item for Bearing 6202-2RS.
696,696,1,430.000,430.000,No,1800.00,774000.00,Assembly Surplus,Central Warehouse,2025-05-02,2025-05-01,Generated move order item for Stator Core 1.5 kW.
697,697,1,329.000,329.000,No,1800.00,592200.00,Central Warehouse,Production Line,2025-05-04,2025-05-02,Generated move order item for Stator Core 1.5 kW.
698,698,1,295.000,295.000,No,1800.00,531000.00,Production Line,Quality Inspection,2025-05-06,2025-05-03,Generated move order item for Stator Core 1.5 kW.
699,699,100,17.000,17.000,No,18500.00,314500.00,Assembly,FG Store,2025-05-08,2025-05-04,Generated move order item for BLDC Motor 1.5 kW.
700,700,100,59.000,59.000,No,18500.00,1091500.00,FG Store,Dispatch Dock,2025-05-10,2025-05-05,Generated move order item for BLDC Motor 1.5 kW.
701,701,23,84.000,84.000,No,120.00,10080.00,Maintenance Store,Maintenance Bay,2025-05-07,2025-05-06,Generated move order item for Bearing 6202-2RS.
702,702,1,288.000,288.000,No,1800.00,518400.00,Assembly Surplus,Central Warehouse,2025-05-09,2025-05-07,Generated move order item for Stator Core 1.5 kW.
703,703,1,97.000,97.000,No,1800.00,174600.00,Central Warehouse,Production Line,2025-05-11,2025-05-08,Generated move order item for Stator Core 1.5 kW.
704,704,1,392.000,392.000,No,1800.00,705600.00,Production Line,Quality Inspection,2025-05-13,2025-05-09,Generated move order item for Stator Core 1.5 kW.
705,705,100,23.000,23.000,No,18500.00,425500.00,Assembly,FG Store,2025-05-15,2025-05-10,Generated move order item for BLDC Motor 1.5 kW.
706,706,100,16.000,16.000,No,18500.00,296000.00,FG Store,Dispatch Dock,2025-05-12,2025-05-11,Generated move order item for BLDC Motor 1.5 kW.
707,707,23,75.000,75.000,No,120.00,9000.00,Maintenance Store,Maintenance Bay,2025-05-14,2025-05-12,Generated move order item for Bearing 6202-2RS.
708,708,1,427.000,427.000,No,1800.00,768600.00,Assembly Surplus,Central Warehouse,2025-05-16,2025-05-13,Generated move order item for Stator Core 1.5 kW.
709,709,1,326.000,326.000,No,1800.00,586800.00,Central Warehouse,Production Line,2025-05-18,2025-05-14,Generated move order item for Stator Core 1.5 kW.
710,710,1,83.000,83.000,No,1800.00,149400.00,Production Line,Quality Inspection,2025-05-20,2025-05-15,Generated move order item for Stator Core 1.5 kW.
711,711,100,38.000,38.000,No,18500.00,703000.00,Assembly,FG Store,2025-05-17,2025-05-16,Generated move order item for BLDC Motor 1.5 kW.
712,712,100,56.000,56.000,No,18500.00,1036000.00,FG Store,Dispatch Dock,2025-05-19,2025-05-17,Generated move order item for BLDC Motor 1.5 kW.
713,713,23,70.000,70.000,No,120.00,8400.00,Maintenance Store,Maintenance Bay,2025-05-21,2025-05-18,Generated move order item for Bearing 6202-2RS.
714,714,1,169.000,169.000,No,1800.00,304200.00,Assembly Surplus,Central Warehouse,2025-05-23,2025-05-19,Generated move order item for Stator Core 1.5 kW.
715,715,1,341.000,341.000,No,1800.00,613800.00,Central Warehouse,Production Line,2025-05-25,2025-05-20,Generated move order item for Stator Core 1.5 kW.
716,716,1,162.000,162.000,No,1800.00,291600.00,Production Line,Quality Inspection,2025-05-22,2025-05-21,Generated move order item for Stator Core 1.5 kW.
717,717,100,53.000,53.000,No,18500.00,980500.00,Assembly,FG Store,2025-05-24,2025-05-22,Generated move order item for BLDC Motor 1.5 kW.
718,718,100,52.000,52.000,No,18500.00,962000.00,FG Store,Dispatch Dock,2025-05-26,2025-05-23,Generated move order item for BLDC Motor 1.5 kW.
719,719,23,59.000,59.000,No,120.00,7080.00,Maintenance Store,Maintenance Bay,2025-05-28,2025-05-24,Generated move order item for Bearing 6202-2RS.
720,720,1,111.000,111.000,No,1800.00,199800.00,Assembly Surplus,Central Warehouse,2025-05-30,2025-05-25,Generated move order item for Stator Core 1.5 kW.
721,721,1,230.000,230.000,No,1800.00,414000.00,Central Warehouse,Production Line,2025-05-27,2025-05-26,Generated move order item for Stator Core 1.5 kW.
722,722,1,104.000,104.000,No,1800.00,187200.00,Production Line,Quality Inspection,2025-05-29,2025-05-27,Generated move order item for Stator Core 1.5 kW.
723,723,100,47.000,47.000,No,18500.00,869500.00,Assembly,FG Store,2025-05-31,2025-05-28,Generated move order item for BLDC Motor 1.5 kW.
724,724,100,43.000,43.000,No,18500.00,795500.00,FG Store,Dispatch Dock,2025-06-02,2025-05-29,Generated move order item for BLDC Motor 1.5 kW.
725,725,23,29.000,29.000,No,120.00,3480.00,Maintenance Store,Maintenance Bay,2025-06-04,2025-05-30,Generated move order item for Bearing 6202-2RS.
726,726,1,436.000,436.000,No,1800.00,784800.00,Assembly Surplus,Central Warehouse,2025-06-01,2025-05-31,Generated move order item for Stator Core 1.5 kW.
727,727,1,392.000,392.000,No,1800.00,705600.00,Central Warehouse,Production Line,2025-06-03,2025-06-01,Generated move order item for Stator Core 1.5 kW.
728,728,1,472.000,472.000,No,1800.00,849600.00,Production Line,Quality Inspection,2025-06-05,2025-06-02,Generated move order item for Stator Core 1.5 kW.
729,729,100,20.000,20.000,No,18500.00,370000.00,Assembly,FG Store,2025-06-07,2025-06-03,Generated move order item for BLDC Motor 1.5 kW.
730,730,100,14.000,14.000,No,18500.00,259000.00,FG Store,Dispatch Dock,2025-06-09,2025-06-04,Generated move order item for BLDC Motor 1.5 kW.
731,731,23,51.000,51.000,No,120.00,6120.00,Maintenance Store,Maintenance Bay,2025-06-06,2025-06-05,Generated move order item for Bearing 6202-2RS.
732,732,1,169.000,169.000,No,1800.00,304200.00,Assembly Surplus,Central Warehouse,2025-06-08,2025-06-06,Generated move order item for Stator Core 1.5 kW.
733,733,1,383.000,383.000,No,1800.00,689400.00,Central Warehouse,Production Line,2025-06-10,2025-06-07,Generated move order item for Stator Core 1.5 kW.
734,734,1,241.000,241.000,No,1800.00,433800.00,Production Line,Quality Inspection,2025-06-12,2025-06-08,Generated move order item for Stator Core 1.5 kW.
735,735,100,40.000,40.000,No,18500.00,740000.00,Assembly,FG Store,2025-06-14,2025-06-09,Generated move order item for BLDC Motor 1.5 kW.
736,736,100,14.000,14.000,No,18500.00,259000.00,FG Store,Dispatch Dock,2025-06-11,2025-06-10,Generated move order item for BLDC Motor 1.5 kW.
737,737,23,13.000,13.000,No,120.00,1560.00,Maintenance Store,Maintenance Bay,2025-06-13,2025-06-11,Generated move order item for Bearing 6202-2RS.
738,738,1,472.000,472.000,No,1800.00,849600.00,Assembly Surplus,Central Warehouse,2025-06-15,2025-06-12,Generated move order item for Stator Core 1.5 kW.
739,739,1,251.000,251.000,No,1800.00,451800.00,Central Warehouse,Production Line,2025-06-17,2025-06-13,Generated move order item for Stator Core 1.5 kW.
740,740,1,112.000,112.000,No,1800.00,201600.00,Production Line,Quality Inspection,2025-06-19,2025-06-14,Generated move order item for Stator Core 1.5 kW.
741,741,100,50.000,50.000,No,18500.00,925000.00,Assembly,FG Store,2025-06-16,2025-06-15,Generated move order item for BLDC Motor 1.5 kW.
742,742,100,12.000,12.000,No,18500.00,222000.00,FG Store,Dispatch Dock,2025-06-18,2025-06-16,Generated move order item for BLDC Motor 1.5 kW.
743,743,23,100.000,100.000,No,120.00,12000.00,Maintenance Store,Maintenance Bay,2025-06-20,2025-06-17,Generated move order item for Bearing 6202-2RS.
744,744,1,224.000,224.000,No,1800.00,403200.00,Assembly Surplus,Central Warehouse,2025-06-22,2025-06-18,Generated move order item for Stator Core 1.5 kW.
745,745,1,260.000,260.000,No,1800.00,468000.00,Central Warehouse,Production Line,2025-06-24,2025-06-19,Generated move order item for Stator Core 1.5 kW.
746,746,1,166.000,166.000,No,1800.00,298800.00,Production Line,Quality Inspection,2025-06-21,2025-06-20,Generated move order item for Stator Core 1.5 kW.
747,747,100,9.000,9.000,No,18500.00,166500.00,Assembly,FG Store,2025-06-23,2025-06-21,Generated move order item for BLDC Motor 1.5 kW.
748,748,100,27.000,27.000,No,18500.00,499500.00,FG Store,Dispatch Dock,2025-06-25,2025-06-22,Generated move order item for BLDC Motor 1.5 kW.
749,749,23,40.000,40.000,No,120.00,4800.00,Maintenance Store,Maintenance Bay,2025-06-27,2025-06-23,Generated move order item for Bearing 6202-2RS.
750,750,1,252.000,252.000,No,1800.00,453600.00,Assembly Surplus,Central Warehouse,2025-06-29,2025-06-24,Generated move order item for Stator Core 1.5 kW.
751,751,1,270.000,270.000,No,1800.00,486000.00,Central Warehouse,Production Line,2025-06-26,2025-06-25,Generated move order item for Stator Core 1.5 kW.
752,752,1,334.000,334.000,No,1800.00,601200.00,Production Line,Quality Inspection,2025-06-28,2025-06-26,Generated move order item for Stator Core 1.5 kW.
753,753,100,9.000,9.000,No,18500.00,166500.00,Assembly,FG Store,2025-06-30,2025-06-27,Generated move order item for BLDC Motor 1.5 kW.
754,754,100,25.000,25.000,No,18500.00,462500.00,FG Store,Dispatch Dock,2025-07-02,2025-06-28,Generated move order item for BLDC Motor 1.5 kW.
755,755,23,87.000,87.000,No,120.00,10440.00,Maintenance Store,Maintenance Bay,2025-07-04,2025-06-29,Generated move order item for Bearing 6202-2RS.
756,756,1,479.000,479.000,No,1800.00,862200.00,Assembly Surplus,Central Warehouse,2025-07-01,2025-06-30,Generated move order item for Stator Core 1.5 kW.
757,757,1,292.000,292.000,No,1800.00,525600.00,Central Warehouse,Production Line,2025-07-03,2025-07-01,Generated move order item for Stator Core 1.5 kW.
758,758,1,215.000,215.000,No,1800.00,387000.00,Production Line,Quality Inspection,2025-07-05,2025-07-02,Generated move order item for Stator Core 1.5 kW.
759,759,100,28.000,28.000,No,18500.00,518000.00,Assembly,FG Store,2025-07-07,2025-07-03,Generated move order item for BLDC Motor 1.5 kW.
760,760,100,48.000,48.000,No,18500.00,888000.00,FG Store,Dispatch Dock,2025-07-09,2025-07-04,Generated move order item for BLDC Motor 1.5 kW.
761,761,23,43.000,43.000,No,120.00,5160.00,Maintenance Store,Maintenance Bay,2025-07-06,2025-07-05,Generated move order item for Bearing 6202-2RS.
762,762,1,476.000,476.000,No,1800.00,856800.00,Assembly Surplus,Central Warehouse,2025-07-08,2025-07-06,Generated move order item for Stator Core 1.5 kW.
763,763,1,62.000,62.000,No,1800.00,111600.00,Central Warehouse,Production Line,2025-07-10,2025-07-07,Generated move order item for Stator Core 1.5 kW.
764,764,1,323.000,323.000,No,1800.00,581400.00,Production Line,Quality Inspection,2025-07-12,2025-07-08,Generated move order item for Stator Core 1.5 kW.
765,765,100,34.000,34.000,No,18500.00,629000.00,Assembly,FG Store,2025-07-14,2025-07-09,Generated move order item for BLDC Motor 1.5 kW.
766,766,100,30.000,30.000,No,18500.00,555000.00,FG Store,Dispatch Dock,2025-07-11,2025-07-10,Generated move order item for BLDC Motor 1.5 kW.
767,767,23,50.000,50.000,No,120.00,6000.00,Maintenance Store,Maintenance Bay,2025-07-13,2025-07-11,Generated move order item for Bearing 6202-2RS.
768,768,1,121.000,121.000,No,1800.00,217800.00,Assembly Surplus,Central Warehouse,2025-07-15,2025-07-12,Generated move order item for Stator Core 1.5 kW.
769,769,1,205.000,205.000,No,1800.00,369000.00,Central Warehouse,Production Line,2025-07-17,2025-07-13,Generated move order item for Stator Core 1.5 kW.
770,770,1,209.000,209.000,No,1800.00,376200.00,Production Line,Quality Inspection,2025-07-19,2025-07-14,Generated move order item for Stator Core 1.5 kW.
771,771,100,41.000,41.000,No,18500.00,758500.00,Assembly,FG Store,2025-07-16,2025-07-15,Generated move order item for BLDC Motor 1.5 kW.
772,772,100,38.000,38.000,No,18500.00,703000.00,FG Store,Dispatch Dock,2025-07-18,2025-07-16,Generated move order item for BLDC Motor 1.5 kW.
773,773,23,44.000,44.000,No,120.00,5280.00,Maintenance Store,Maintenance Bay,2025-07-20,2025-07-17,Generated move order item for Bearing 6202-2RS.
774,774,1,283.000,283.000,No,1800.00,509400.00,Assembly Surplus,Central Warehouse,2025-07-22,2025-07-18,Generated move order item for Stator Core 1.5 kW.
775,775,1,307.000,307.000,No,1800.00,552600.00,Central Warehouse,Production Line,2025-07-24,2025-07-19,Generated move order item for Stator Core 1.5 kW.
776,776,1,71.000,71.000,No,1800.00,127800.00,Production Line,Quality Inspection,2025-07-21,2025-07-20,Generated move order item for Stator Core 1.5 kW.
777,777,100,54.000,54.000,No,18500.00,999000.00,Assembly,FG Store,2025-07-23,2025-07-21,Generated move order item for BLDC Motor 1.5 kW.
778,778,100,54.000,54.000,No,18500.00,999000.00,FG Store,Dispatch Dock,2025-07-25,2025-07-22,Generated move order item for BLDC Motor 1.5 kW.
779,779,23,39.000,39.000,No,120.00,4680.00,Maintenance Store,Maintenance Bay,2025-07-27,2025-07-23,Generated move order item for Bearing 6202-2RS.
780,780,1,393.000,393.000,No,1800.00,707400.00,Assembly Surplus,Central Warehouse,2025-07-29,2025-07-24,Generated move order item for Stator Core 1.5 kW.
781,781,1,229.000,229.000,No,1800.00,412200.00,Central Warehouse,Production Line,2025-07-26,2025-07-25,Generated move order item for Stator Core 1.5 kW.
782,782,1,80.000,80.000,No,1800.00,144000.00,Production Line,Quality Inspection,2025-07-28,2025-07-26,Generated move order item for Stator Core 1.5 kW.
783,783,100,53.000,53.000,No,18500.00,980500.00,Assembly,FG Store,2025-07-30,2025-07-27,Generated move order item for BLDC Motor 1.5 kW.
784,784,100,19.000,19.000,No,18500.00,351500.00,FG Store,Dispatch Dock,2025-08-01,2025-07-28,Generated move order item for BLDC Motor 1.5 kW.
785,785,23,39.000,39.000,No,120.00,4680.00,Maintenance Store,Maintenance Bay,2025-08-03,2025-07-29,Generated move order item for Bearing 6202-2RS.
786,786,1,309.000,309.000,No,1800.00,556200.00,Assembly Surplus,Central Warehouse,2025-07-31,2025-07-30,Generated move order item for Stator Core 1.5 kW.
787,787,1,248.000,248.000,No,1800.00,446400.00,Central Warehouse,Production Line,2025-08-02,2025-07-31,Generated move order item for Stator Core 1.5 kW.
788,788,1,169.000,169.000,No,1800.00,304200.00,Production Line,Quality Inspection,2025-08-04,2025-08-01,Generated move order item for Stator Core 1.5 kW.
789,789,100,49.000,49.000,No,18500.00,906500.00,Assembly,FG Store,2025-08-06,2025-08-02,Generated move order item for BLDC Motor 1.5 kW.
790,790,100,24.000,24.000,No,18500.00,444000.00,FG Store,Dispatch Dock,2025-08-08,2025-08-03,Generated move order item for BLDC Motor 1.5 kW.
791,791,23,61.000,61.000,No,120.00,7320.00,Maintenance Store,Maintenance Bay,2025-08-05,2025-08-04,Generated move order item for Bearing 6202-2RS.
792,792,1,350.000,350.000,No,1800.00,630000.00,Assembly Surplus,Central Warehouse,2025-08-07,2025-08-05,Generated move order item for Stator Core 1.5 kW.
793,793,1,471.000,471.000,No,1800.00,847800.00,Central Warehouse,Production Line,2025-08-09,2025-08-06,Generated move order item for Stator Core 1.5 kW.
794,794,1,265.000,265.000,No,1800.00,477000.00,Production Line,Quality Inspection,2025-08-11,2025-08-07,Generated move order item for Stator Core 1.5 kW.
795,795,100,31.000,31.000,No,18500.00,573500.00,Assembly,FG Store,2025-08-13,2025-08-08,Generated move order item for BLDC Motor 1.5 kW.
796,796,100,56.000,56.000,No,18500.00,1036000.00,FG Store,Dispatch Dock,2025-08-10,2025-08-09,Generated move order item for BLDC Motor 1.5 kW.
797,797,23,50.000,50.000,No,120.00,6000.00,Maintenance Store,Maintenance Bay,2025-08-12,2025-08-10,Generated move order item for Bearing 6202-2RS.
798,798,1,184.000,184.000,No,1800.00,331200.00,Assembly Surplus,Central Warehouse,2025-08-14,2025-08-11,Generated move order item for Stator Core 1.5 kW.
799,799,1,69.000,69.000,No,1800.00,124200.00,Central Warehouse,Production Line,2025-08-16,2025-08-12,Generated move order item for Stator Core 1.5 kW.
800,800,1,196.000,196.000,No,1800.00,352800.00,Production Line,Quality Inspection,2025-08-18,2025-08-13,Generated move order item for Stator Core 1.5 kW.
801,801,100,16.000,16.000,No,18500.00,296000.00,Assembly,FG Store,2025-08-15,2025-08-14,Generated move order item for BLDC Motor 1.5 kW.
802,802,100,22.000,22.000,No,18500.00,407000.00,FG Store,Dispatch Dock,2025-08-17,2025-08-15,Generated move order item for BLDC Motor 1.5 kW.
803,803,23,56.000,56.000,No,120.00,6720.00,Maintenance Store,Maintenance Bay,2025-08-19,2025-08-16,Generated move order item for Bearing 6202-2RS.
804,804,1,286.000,286.000,No,1800.00,514800.00,Assembly Surplus,Central Warehouse,2025-08-21,2025-08-17,Generated move order item for Stator Core 1.5 kW.
805,805,1,134.000,134.000,No,1800.00,241200.00,Central Warehouse,Production Line,2025-08-23,2025-08-18,Generated move order item for Stator Core 1.5 kW.
806,806,1,259.000,259.000,No,1800.00,466200.00,Production Line,Quality Inspection,2025-08-20,2025-08-19,Generated move order item for Stator Core 1.5 kW.
807,807,100,30.000,30.000,No,18500.00,555000.00,Assembly,FG Store,2025-08-22,2025-08-20,Generated move order item for BLDC Motor 1.5 kW.
808,808,100,7.000,7.000,No,18500.00,129500.00,FG Store,Dispatch Dock,2025-08-24,2025-08-21,Generated move order item for BLDC Motor 1.5 kW.
809,809,23,32.000,32.000,No,120.00,3840.00,Maintenance Store,Maintenance Bay,2025-08-26,2025-08-22,Generated move order item for Bearing 6202-2RS.
810,810,1,375.000,375.000,No,1800.00,675000.00,Assembly Surplus,Central Warehouse,2025-08-28,2025-08-23,Generated move order item for Stator Core 1.5 kW.
811,811,1,59.000,59.000,No,1800.00,106200.00,Central Warehouse,Production Line,2025-08-25,2025-08-24,Generated move order item for Stator Core 1.5 kW.
812,812,1,185.000,185.000,No,1800.00,333000.00,Production Line,Quality Inspection,2025-08-27,2025-08-25,Generated move order item for Stator Core 1.5 kW.
813,813,100,31.000,31.000,No,18500.00,573500.00,Assembly,FG Store,2025-08-29,2025-08-26,Generated move order item for BLDC Motor 1.5 kW.
814,814,100,14.000,14.000,No,18500.00,259000.00,FG Store,Dispatch Dock,2025-08-31,2025-08-27,Generated move order item for BLDC Motor 1.5 kW.
815,815,23,67.000,67.000,No,120.00,8040.00,Maintenance Store,Maintenance Bay,2025-09-02,2025-08-28,Generated move order item for Bearing 6202-2RS.
816,816,1,372.000,372.000,No,1800.00,669600.00,Assembly Surplus,Central Warehouse,2025-08-30,2025-08-29,Generated move order item for Stator Core 1.5 kW.
817,817,1,202.000,202.000,No,1800.00,363600.00,Central Warehouse,Production Line,2025-09-01,2025-08-30,Generated move order item for Stator Core 1.5 kW.
818,818,1,153.000,153.000,No,1800.00,275400.00,Production Line,Quality Inspection,2025-09-03,2025-08-31,Generated move order item for Stator Core 1.5 kW.
819,819,100,48.000,48.000,No,18500.00,888000.00,Assembly,FG Store,2025-09-05,2025-09-01,Generated move order item for BLDC Motor 1.5 kW.
820,820,100,17.000,17.000,No,18500.00,314500.00,FG Store,Dispatch Dock,2025-09-07,2025-09-02,Generated move order item for BLDC Motor 1.5 kW.
821,821,23,19.000,19.000,No,120.00,2280.00,Maintenance Store,Maintenance Bay,2025-09-04,2025-09-03,Generated move order item for Bearing 6202-2RS.
822,822,1,64.000,64.000,No,1800.00,115200.00,Assembly Surplus,Central Warehouse,2025-09-06,2025-09-04,Generated move order item for Stator Core 1.5 kW.
823,823,1,91.000,91.000,No,1800.00,163800.00,Central Warehouse,Production Line,2025-09-08,2025-09-05,Generated move order item for Stator Core 1.5 kW.
824,824,1,443.000,443.000,No,1800.00,797400.00,Production Line,Quality Inspection,2025-09-10,2025-09-06,Generated move order item for Stator Core 1.5 kW.
825,825,100,57.000,57.000,No,18500.00,1054500.00,Assembly,FG Store,2025-09-12,2025-09-07,Generated move order item for BLDC Motor 1.5 kW.
826,826,100,35.000,35.000,No,18500.00,647500.00,FG Store,Dispatch Dock,2025-09-09,2025-09-08,Generated move order item for BLDC Motor 1.5 kW.
827,827,23,93.000,93.000,No,120.00,11160.00,Maintenance Store,Maintenance Bay,2025-09-11,2025-09-09,Generated move order item for Bearing 6202-2RS.
828,828,1,368.000,368.000,No,1800.00,662400.00,Assembly Surplus,Central Warehouse,2025-09-13,2025-09-10,Generated move order item for Stator Core 1.5 kW.
829,829,1,233.000,233.000,No,1800.00,419400.00,Central Warehouse,Production Line,2025-09-15,2025-09-11,Generated move order item for Stator Core 1.5 kW.
830,830,1,371.000,371.000,No,1800.00,667800.00,Production Line,Quality Inspection,2025-09-17,2025-09-12,Generated move order item for Stator Core 1.5 kW.
831,831,100,28.000,28.000,No,18500.00,518000.00,Assembly,FG Store,2025-09-14,2025-09-13,Generated move order item for BLDC Motor 1.5 kW.
832,832,100,58.000,58.000,No,18500.00,1073000.00,FG Store,Dispatch Dock,2025-09-16,2025-09-14,Generated move order item for BLDC Motor 1.5 kW.
833,833,23,86.000,86.000,No,120.00,10320.00,Maintenance Store,Maintenance Bay,2025-09-18,2025-09-15,Generated move order item for Bearing 6202-2RS.
834,834,1,430.000,430.000,No,1800.00,774000.00,Assembly Surplus,Central Warehouse,2025-09-20,2025-09-16,Generated move order item for Stator Core 1.5 kW.
835,835,1,289.000,289.000,No,1800.00,520200.00,Central Warehouse,Production Line,2025-09-22,2025-09-17,Generated move order item for Stator Core 1.5 kW.
836,836,1,283.000,283.000,No,1800.00,509400.00,Production Line,Quality Inspection,2025-09-19,2025-09-18,Generated move order item for Stator Core 1.5 kW.
837,837,100,11.000,11.000,No,18500.00,203500.00,Assembly,FG Store,2025-09-21,2025-09-19,Generated move order item for BLDC Motor 1.5 kW.
838,838,100,41.000,41.000,No,18500.00,758500.00,FG Store,Dispatch Dock,2025-09-23,2025-09-20,Generated move order item for BLDC Motor 1.5 kW.
839,839,23,16.000,16.000,No,120.00,1920.00,Maintenance Store,Maintenance Bay,2025-09-25,2025-09-21,Generated move order item for Bearing 6202-2RS.
840,840,1,293.000,293.000,No,1800.00,527400.00,Assembly Surplus,Central Warehouse,2025-09-27,2025-09-22,Generated move order item for Stator Core 1.5 kW.
841,841,1,109.000,109.000,No,1800.00,196200.00,Central Warehouse,Production Line,2025-09-24,2025-09-23,Generated move order item for Stator Core 1.5 kW.
842,842,1,264.000,264.000,No,1800.00,475200.00,Production Line,Quality Inspection,2025-09-26,2025-09-24,Generated move order item for Stator Core 1.5 kW.
843,843,100,48.000,48.000,No,18500.00,888000.00,Assembly,FG Store,2025-09-28,2025-09-25,Generated move order item for BLDC Motor 1.5 kW.
844,844,100,22.000,22.000,No,18500.00,407000.00,FG Store,Dispatch Dock,2025-09-30,2025-09-26,Generated move order item for BLDC Motor 1.5 kW.
845,845,23,62.000,62.000,No,120.00,7440.00,Maintenance Store,Maintenance Bay,2025-10-02,2025-09-27,Generated move order item for Bearing 6202-2RS.
846,846,1,167.000,167.000,No,1800.00,300600.00,Assembly Surplus,Central Warehouse,2025-09-29,2025-09-28,Generated move order item for Stator Core 1.5 kW.
847,847,1,185.000,185.000,No,1800.00,333000.00,Central Warehouse,Production Line,2025-10-01,2025-09-29,Generated move order item for Stator Core 1.5 kW.
848,848,1,132.000,132.000,No,1800.00,237600.00,Production Line,Quality Inspection,2025-10-03,2025-09-30,Generated move order item for Stator Core 1.5 kW.
849,849,100,14.000,14.000,No,18500.00,259000.00,Assembly,FG Store,2025-10-05,2025-10-01,Generated move order item for BLDC Motor 1.5 kW.
850,850,100,25.000,25.000,No,18500.00,462500.00,FG Store,Dispatch Dock,2025-10-07,2025-10-02,Generated move order item for BLDC Motor 1.5 kW.
851,851,23,16.000,16.000,No,120.00,1920.00,Maintenance Store,Maintenance Bay,2025-10-04,2025-10-03,Generated move order item for Bearing 6202-2RS.
852,852,1,452.000,452.000,No,1800.00,813600.00,Assembly Surplus,Central Warehouse,2025-10-06,2025-10-04,Generated move order item for Stator Core 1.5 kW.
853,853,1,384.000,384.000,No,1800.00,691200.00,Central Warehouse,Production Line,2025-10-08,2025-10-05,Generated move order item for Stator Core 1.5 kW.
854,854,1,149.000,149.000,No,1800.00,268200.00,Production Line,Quality Inspection,2025-10-10,2025-10-06,Generated move order item for Stator Core 1.5 kW.
855,855,100,54.000,54.000,No,18500.00,999000.00,Assembly,FG Store,2025-10-12,2025-10-07,Generated move order item for BLDC Motor 1.5 kW.
856,856,100,25.000,25.000,No,18500.00,462500.00,FG Store,Dispatch Dock,2025-10-09,2025-10-08,Generated move order item for BLDC Motor 1.5 kW.
857,857,23,55.000,55.000,No,120.00,6600.00,Maintenance Store,Maintenance Bay,2025-10-11,2025-10-09,Generated move order item for Bearing 6202-2RS.
858,858,1,365.000,365.000,No,1800.00,657000.00,Assembly Surplus,Central Warehouse,2025-10-13,2025-10-10,Generated move order item for Stator Core 1.5 kW.
859,859,1,398.000,398.000,No,1800.00,716400.00,Central Warehouse,Production Line,2025-10-15,2025-10-11,Generated move order item for Stator Core 1.5 kW.
860,860,1,53.000,53.000,No,1800.00,95400.00,Production Line,Quality Inspection,2025-10-17,2025-10-12,Generated move order item for Stator Core 1.5 kW.
861,861,100,20.000,20.000,No,18500.00,370000.00,Assembly,FG Store,2025-10-14,2025-10-13,Generated move order item for BLDC Motor 1.5 kW.
862,862,100,23.000,23.000,No,18500.00,425500.00,FG Store,Dispatch Dock,2025-10-16,2025-10-14,Generated move order item for BLDC Motor 1.5 kW.
863,863,23,61.000,61.000,No,120.00,7320.00,Maintenance Store,Maintenance Bay,2025-10-18,2025-10-15,Generated move order item for Bearing 6202-2RS.
864,864,1,443.000,443.000,No,1800.00,797400.00,Assembly Surplus,Central Warehouse,2025-10-20,2025-10-16,Generated move order item for Stator Core 1.5 kW.
865,865,1,247.000,247.000,No,1800.00,444600.00,Central Warehouse,Production Line,2025-10-22,2025-10-17,Generated move order item for Stator Core 1.5 kW.
866,866,1,259.000,259.000,No,1800.00,466200.00,Production Line,Quality Inspection,2025-10-19,2025-10-18,Generated move order item for Stator Core 1.5 kW.
867,867,100,9.000,9.000,No,18500.00,166500.00,Assembly,FG Store,2025-10-21,2025-10-19,Generated move order item for BLDC Motor 1.5 kW.
868,868,100,34.000,34.000,No,18500.00,629000.00,FG Store,Dispatch Dock,2025-10-23,2025-10-20,Generated move order item for BLDC Motor 1.5 kW.
869,869,23,51.000,51.000,No,120.00,6120.00,Maintenance Store,Maintenance Bay,2025-10-25,2025-10-21,Generated move order item for Bearing 6202-2RS.
870,870,1,337.000,337.000,No,1800.00,606600.00,Assembly Surplus,Central Warehouse,2025-10-27,2025-10-22,Generated move order item for Stator Core 1.5 kW.
871,871,1,431.000,431.000,No,1800.00,775800.00,Central Warehouse,Production Line,2025-10-24,2025-10-23,Generated move order item for Stator Core 1.5 kW.
872,872,1,305.000,305.000,No,1800.00,549000.00,Production Line,Quality Inspection,2025-10-26,2025-10-24,Generated move order item for Stator Core 1.5 kW.
873,873,100,7.000,7.000,No,18500.00,129500.00,Assembly,FG Store,2025-10-28,2025-10-25,Generated move order item for BLDC Motor 1.5 kW.
874,874,100,50.000,50.000,No,18500.00,925000.00,FG Store,Dispatch Dock,2025-10-30,2025-10-26,Generated move order item for BLDC Motor 1.5 kW.
875,875,23,50.000,50.000,No,120.00,6000.00,Maintenance Store,Maintenance Bay,2025-11-01,2025-10-27,Generated move order item for Bearing 6202-2RS.
876,876,1,269.000,269.000,No,1800.00,484200.00,Assembly Surplus,Central Warehouse,2025-10-29,2025-10-28,Generated move order item for Stator Core 1.5 kW.
877,877,1,443.000,443.000,No,1800.00,797400.00,Central Warehouse,Production Line,2025-10-31,2025-10-29,Generated move order item for Stator Core 1.5 kW.
878,878,1,316.000,316.000,No,1800.00,568800.00,Production Line,Quality Inspection,2025-11-02,2025-10-30,Generated move order item for Stator Core 1.5 kW.
879,879,100,49.000,49.000,No,18500.00,906500.00,Assembly,FG Store,2025-11-04,2025-10-31,Generated move order item for BLDC Motor 1.5 kW.
880,880,100,54.000,54.000,No,18500.00,999000.00,FG Store,Dispatch Dock,2025-11-06,2025-11-01,Generated move order item for BLDC Motor 1.5 kW.
881,881,23,52.000,52.000,No,120.00,6240.00,Maintenance Store,Maintenance Bay,2025-11-03,2025-11-02,Generated move order item for Bearing 6202-2RS.
882,882,1,493.000,493.000,No,1800.00,887400.00,Assembly Surplus,Central Warehouse,2025-11-05,2025-11-03,Generated move order item for Stator Core 1.5 kW.
883,883,1,127.000,127.000,No,1800.00,228600.00,Central Warehouse,Production Line,2025-11-07,2025-11-04,Generated move order item for Stator Core 1.5 kW.
884,884,1,442.000,442.000,No,1800.00,795600.00,Production Line,Quality Inspection,2025-11-09,2025-11-05,Generated move order item for Stator Core 1.5 kW.
885,885,100,52.000,52.000,No,18500.00,962000.00,Assembly,FG Store,2025-11-11,2025-11-06,Generated move order item for BLDC Motor 1.5 kW.
886,886,100,10.000,10.000,No,18500.00,185000.00,FG Store,Dispatch Dock,2025-11-08,2025-11-07,Generated move order item for BLDC Motor 1.5 kW.
887,887,23,19.000,19.000,No,120.00,2280.00,Maintenance Store,Maintenance Bay,2025-11-10,2025-11-08,Generated move order item for Bearing 6202-2RS.
888,888,1,66.000,66.000,No,1800.00,118800.00,Assembly Surplus,Central Warehouse,2025-11-12,2025-11-09,Generated move order item for Stator Core 1.5 kW.
889,889,1,174.000,174.000,No,1800.00,313200.00,Central Warehouse,Production Line,2025-11-14,2025-11-10,Generated move order item for Stator Core 1.5 kW.
890,890,1,497.000,497.000,No,1800.00,894600.00,Production Line,Quality Inspection,2025-11-16,2025-11-11,Generated move order item for Stator Core 1.5 kW.
891,891,100,11.000,11.000,No,18500.00,203500.00,Assembly,FG Store,2025-11-13,2025-11-12,Generated move order item for BLDC Motor 1.5 kW.
892,892,100,6.000,6.000,No,18500.00,111000.00,FG Store,Dispatch Dock,2025-11-15,2025-11-13,Generated move order item for BLDC Motor 1.5 kW.
893,893,23,49.000,49.000,No,120.00,5880.00,Maintenance Store,Maintenance Bay,2025-11-17,2025-11-14,Generated move order item for Bearing 6202-2RS.
894,894,1,209.000,209.000,No,1800.00,376200.00,Assembly Surplus,Central Warehouse,2025-11-19,2025-11-15,Generated move order item for Stator Core 1.5 kW.
895,895,1,333.000,333.000,No,1800.00,599400.00,Central Warehouse,Production Line,2025-11-21,2025-11-16,Generated move order item for Stator Core 1.5 kW.
896,896,1,323.000,323.000,No,1800.00,581400.00,Production Line,Quality Inspection,2025-11-18,2025-11-17,Generated move order item for Stator Core 1.5 kW.
897,897,100,51.000,51.000,No,18500.00,943500.00,Assembly,FG Store,2025-11-20,2025-11-18,Generated move order item for BLDC Motor 1.5 kW.
898,898,100,28.000,28.000,No,18500.00,518000.00,FG Store,Dispatch Dock,2025-11-22,2025-11-19,Generated move order item for BLDC Motor 1.5 kW.
899,899,23,49.000,49.000,No,120.00,5880.00,Maintenance Store,Maintenance Bay,2025-11-24,2025-11-20,Generated move order item for Bearing 6202-2RS.
900,900,1,60.000,60.000,No,1800.00,108000.00,Assembly Surplus,Central Warehouse,2025-11-26,2025-11-21,Generated move order item for Stator Core 1.5 kW.
901,901,1,487.000,487.000,No,1800.00,876600.00,Central Warehouse,Production Line,2025-11-23,2025-11-22,Generated move order item for Stator Core 1.5 kW.
902,902,1,146.000,146.000,No,1800.00,262800.00,Production Line,Quality Inspection,2025-11-25,2025-11-23,Generated move order item for Stator Core 1.5 kW.
903,903,100,38.000,38.000,No,18500.00,703000.00,Assembly,FG Store,2025-11-27,2025-11-24,Generated move order item for BLDC Motor 1.5 kW.
904,904,100,54.000,54.000,No,18500.00,999000.00,FG Store,Dispatch Dock,2025-11-29,2025-11-25,Generated move order item for BLDC Motor 1.5 kW.
905,905,23,63.000,63.000,No,120.00,7560.00,Maintenance Store,Maintenance Bay,2025-12-01,2025-11-26,Generated move order item for Bearing 6202-2RS.
906,906,1,332.000,332.000,No,1800.00,597600.00,Assembly Surplus,Central Warehouse,2025-11-28,2025-11-27,Generated move order item for Stator Core 1.5 kW.
907,907,1,129.000,129.000,No,1800.00,232200.00,Central Warehouse,Production Line,2025-11-30,2025-11-28,Generated move order item for Stator Core 1.5 kW.
908,908,1,369.000,369.000,No,1800.00,664200.00,Production Line,Quality Inspection,2025-12-02,2025-11-29,Generated move order item for Stator Core 1.5 kW.
909,909,100,15.000,15.000,No,18500.00,277500.00,Assembly,FG Store,2025-12-04,2025-11-30,Generated move order item for BLDC Motor 1.5 kW.
910,910,100,43.000,43.000,No,18500.00,795500.00,FG Store,Dispatch Dock,2025-12-06,2025-12-01,Generated move order item for BLDC Motor 1.5 kW.
911,911,23,60.000,60.000,No,120.00,7200.00,Maintenance Store,Maintenance Bay,2025-12-03,2025-12-02,Generated move order item for Bearing 6202-2RS.
912,912,1,270.000,270.000,No,1800.00,486000.00,Assembly Surplus,Central Warehouse,2025-12-05,2025-12-03,Generated move order item for Stator Core 1.5 kW.
913,913,1,375.000,375.000,No,1800.00,675000.00,Central Warehouse,Production Line,2025-12-07,2025-12-04,Generated move order item for Stator Core 1.5 kW.
914,914,1,374.000,374.000,No,1800.00,673200.00,Production Line,Quality Inspection,2025-12-09,2025-12-05,Generated move order item for Stator Core 1.5 kW.
915,915,100,16.000,16.000,No,18500.00,296000.00,Assembly,FG Store,2025-12-11,2025-12-06,Generated move order item for BLDC Motor 1.5 kW.
916,916,100,26.000,26.000,No,18500.00,481000.00,FG Store,Dispatch Dock,2025-12-08,2025-12-07,Generated move order item for BLDC Motor 1.5 kW.
917,917,23,51.000,51.000,No,120.00,6120.00,Maintenance Store,Maintenance Bay,2025-12-10,2025-12-08,Generated move order item for Bearing 6202-2RS.
918,918,1,118.000,118.000,No,1800.00,212400.00,Assembly Surplus,Central Warehouse,2025-12-12,2025-12-09,Generated move order item for Stator Core 1.5 kW.
919,919,1,210.000,210.000,No,1800.00,378000.00,Central Warehouse,Production Line,2025-12-14,2025-12-10,Generated move order item for Stator Core 1.5 kW.
920,920,1,68.000,68.000,No,1800.00,122400.00,Production Line,Quality Inspection,2025-12-16,2025-12-11,Generated move order item for Stator Core 1.5 kW.
921,921,100,29.000,29.000,No,18500.00,536500.00,Assembly,FG Store,2025-12-13,2025-12-12,Generated move order item for BLDC Motor 1.5 kW.
922,922,100,16.000,16.000,No,18500.00,296000.00,FG Store,Dispatch Dock,2025-12-15,2025-12-13,Generated move order item for BLDC Motor 1.5 kW.
923,923,23,26.000,26.000,No,120.00,3120.00,Maintenance Store,Maintenance Bay,2025-12-17,2025-12-14,Generated move order item for Bearing 6202-2RS.
924,924,1,419.000,419.000,No,1800.00,754200.00,Assembly Surplus,Central Warehouse,2025-12-19,2025-12-15,Generated move order item for Stator Core 1.5 kW.
925,925,1,113.000,113.000,No,1800.00,203400.00,Central Warehouse,Production Line,2025-12-21,2025-12-16,Generated move order item for Stator Core 1.5 kW.
926,926,1,104.000,104.000,No,1800.00,187200.00,Production Line,Quality Inspection,2025-12-18,2025-12-17,Generated move order item for Stator Core 1.5 kW.
927,927,100,22.000,22.000,No,18500.00,407000.00,Assembly,FG Store,2025-12-20,2025-12-18,Generated move order item for BLDC Motor 1.5 kW.
928,928,100,6.000,6.000,No,18500.00,111000.00,FG Store,Dispatch Dock,2025-12-22,2025-12-19,Generated move order item for BLDC Motor 1.5 kW.
929,929,23,88.000,88.000,No,120.00,10560.00,Maintenance Store,Maintenance Bay,2025-12-24,2025-12-20,Generated move order item for Bearing 6202-2RS.
930,930,1,495.000,495.000,No,1800.00,891000.00,Assembly Surplus,Central Warehouse,2025-12-26,2025-12-21,Generated move order item for Stator Core 1.5 kW.
931,931,1,413.000,413.000,No,1800.00,743400.00,Central Warehouse,Production Line,2025-12-23,2025-12-22,Generated move order item for Stator Core 1.5 kW.
932,932,1,410.000,410.000,No,1800.00,738000.00,Production Line,Quality Inspection,2025-12-25,2025-12-23,Generated move order item for Stator Core 1.5 kW.
933,933,100,10.000,10.000,No,18500.00,185000.00,Assembly,FG Store,2025-12-27,2025-12-24,Generated move order item for BLDC Motor 1.5 kW.
934,934,100,36.000,36.000,No,18500.00,666000.00,FG Store,Dispatch Dock,2025-12-29,2025-12-25,Generated move order item for BLDC Motor 1.5 kW.
935,935,23,13.000,13.000,No,120.00,1560.00,Maintenance Store,Maintenance Bay,2025-12-31,2025-12-26,Generated move order item for Bearing 6202-2RS.
936,936,1,185.000,185.000,No,1800.00,333000.00,Assembly Surplus,Central Warehouse,2025-12-28,2025-12-27,Generated move order item for Stator Core 1.5 kW.
937,937,1,272.000,272.000,No,1800.00,489600.00,Central Warehouse,Production Line,2025-12-30,2025-12-28,Generated move order item for Stator Core 1.5 kW.
938,938,1,357.000,357.000,No,1800.00,642600.00,Production Line,Quality Inspection,2026-01-01,2025-12-29,Generated move order item for Stator Core 1.5 kW.
939,939,100,20.000,20.000,No,18500.00,370000.00,Assembly,FG Store,2026-01-03,2025-12-30,Generated move order item for BLDC Motor 1.5 kW.
940,940,100,19.000,19.000,No,18500.00,351500.00,FG Store,Dispatch Dock,2026-01-05,2025-12-31,Generated move order item for BLDC Motor 1.5 kW.
941,941,23,84.000,84.000,No,120.00,10080.00,Maintenance Store,Maintenance Bay,2026-01-02,2026-01-01,Generated move order item for Bearing 6202-2RS.
942,942,1,151.000,151.000,No,1800.00,271800.00,Assembly Surplus,Central Warehouse,2026-01-04,2026-01-02,Generated move order item for Stator Core 1.5 kW.
943,943,1,269.000,269.000,No,1800.00,484200.00,Central Warehouse,Production Line,2026-01-06,2026-01-03,Generated move order item for Stator Core 1.5 kW.
944,944,1,179.000,179.000,No,1800.00,322200.00,Production Line,Quality Inspection,2026-01-08,2026-01-04,Generated move order item for Stator Core 1.5 kW.
945,945,100,52.000,52.000,No,18500.00,962000.00,Assembly,FG Store,2026-01-10,2026-01-05,Generated move order item for BLDC Motor 1.5 kW.
946,946,100,34.000,34.000,No,18500.00,629000.00,FG Store,Dispatch Dock,2026-01-07,2026-01-06,Generated move order item for BLDC Motor 1.5 kW.
947,947,23,15.000,15.000,No,120.00,1800.00,Maintenance Store,Maintenance Bay,2026-01-09,2026-01-07,Generated move order item for Bearing 6202-2RS.
948,948,1,116.000,116.000,No,1800.00,208800.00,Assembly Surplus,Central Warehouse,2026-01-11,2026-01-08,Generated move order item for Stator Core 1.5 kW.
949,949,1,487.000,487.000,No,1800.00,876600.00,Central Warehouse,Production Line,2026-01-13,2026-01-09,Generated move order item for Stator Core 1.5 kW.
950,950,1,474.000,474.000,No,1800.00,853200.00,Production Line,Quality Inspection,2026-01-15,2026-01-10,Generated move order item for Stator Core 1.5 kW.
951,951,100,47.000,47.000,No,18500.00,869500.00,Assembly,FG Store,2026-01-12,2026-01-11,Generated move order item for BLDC Motor 1.5 kW.
952,952,100,9.000,9.000,No,18500.00,166500.00,FG Store,Dispatch Dock,2026-01-14,2026-01-12,Generated move order item for BLDC Motor 1.5 kW.
953,953,23,75.000,75.000,No,120.00,9000.00,Maintenance Store,Maintenance Bay,2026-01-16,2026-01-13,Generated move order item for Bearing 6202-2RS.
954,954,1,348.000,348.000,No,1800.00,626400.00,Assembly Surplus,Central Warehouse,2026-01-18,2026-01-14,Generated move order item for Stator Core 1.5 kW.
955,955,1,474.000,474.000,No,1800.00,853200.00,Central Warehouse,Production Line,2026-01-20,2026-01-15,Generated move order item for Stator Core 1.5 kW.
956,956,1,269.000,269.000,No,1800.00,484200.00,Production Line,Quality Inspection,2026-01-17,2026-01-16,Generated move order item for Stator Core 1.5 kW.
957,957,100,31.000,31.000,No,18500.00,573500.00,Assembly,FG Store,2026-01-19,2026-01-17,Generated move order item for BLDC Motor 1.5 kW.
958,958,100,40.000,40.000,No,18500.00,740000.00,FG Store,Dispatch Dock,2026-01-21,2026-01-18,Generated move order item for BLDC Motor 1.5 kW.
959,959,23,19.000,19.000,No,120.00,2280.00,Maintenance Store,Maintenance Bay,2026-01-23,2026-01-19,Generated move order item for Bearing 6202-2RS.
960,960,1,386.000,386.000,No,1800.00,694800.00,Assembly Surplus,Central Warehouse,2026-01-25,2026-01-20,Generated move order item for Stator Core 1.5 kW.
961,961,1,274.000,274.000,No,1800.00,493200.00,Central Warehouse,Production Line,2026-01-22,2026-01-21,Generated move order item for Stator Core 1.5 kW.
962,962,1,134.000,134.000,No,1800.00,241200.00,Production Line,Quality Inspection,2026-01-24,2026-01-22,Generated move order item for Stator Core 1.5 kW.
963,963,100,50.000,50.000,No,18500.00,925000.00,Assembly,FG Store,2026-01-26,2026-01-23,Generated move order item for BLDC Motor 1.5 kW.
964,964,100,19.000,19.000,No,18500.00,351500.00,FG Store,Dispatch Dock,2026-01-28,2026-01-24,Generated move order item for BLDC Motor 1.5 kW.
965,965,23,87.000,87.000,No,120.00,10440.00,Maintenance Store,Maintenance Bay,2026-01-30,2026-01-25,Generated move order item for Bearing 6202-2RS.
966,966,1,173.000,173.000,No,1800.00,311400.00,Assembly Surplus,Central Warehouse,2026-01-27,2026-01-26,Generated move order item for Stator Core 1.5 kW.
967,967,1,270.000,270.000,No,1800.00,486000.00,Central Warehouse,Production Line,2026-01-29,2026-01-27,Generated move order item for Stator Core 1.5 kW.
968,968,1,246.000,246.000,No,1800.00,442800.00,Production Line,Quality Inspection,2026-01-31,2026-01-28,Generated move order item for Stator Core 1.5 kW.
969,969,100,46.000,46.000,No,18500.00,851000.00,Assembly,FG Store,2026-02-02,2026-01-29,Generated move order item for BLDC Motor 1.5 kW.
970,970,100,15.000,15.000,No,18500.00,277500.00,FG Store,Dispatch Dock,2026-02-04,2026-01-30,Generated move order item for BLDC Motor 1.5 kW.
971,971,23,28.000,28.000,No,120.00,3360.00,Maintenance Store,Maintenance Bay,2026-02-01,2026-01-31,Generated move order item for Bearing 6202-2RS.
972,972,1,136.000,136.000,No,1800.00,244800.00,Assembly Surplus,Central Warehouse,2026-02-03,2026-02-01,Generated move order item for Stator Core 1.5 kW.
973,973,1,153.000,153.000,No,1800.00,275400.00,Central Warehouse,Production Line,2026-02-05,2026-02-02,Generated move order item for Stator Core 1.5 kW.
974,974,1,254.000,254.000,No,1800.00,457200.00,Production Line,Quality Inspection,2026-02-07,2026-02-03,Generated move order item for Stator Core 1.5 kW.
975,975,100,37.000,37.000,No,18500.00,684500.00,Assembly,FG Store,2026-02-09,2026-02-04,Generated move order item for BLDC Motor 1.5 kW.
976,976,100,53.000,53.000,No,18500.00,980500.00,FG Store,Dispatch Dock,2026-02-06,2026-02-05,Generated move order item for BLDC Motor 1.5 kW.
977,977,23,45.000,45.000,No,120.00,5400.00,Maintenance Store,Maintenance Bay,2026-02-08,2026-02-06,Generated move order item for Bearing 6202-2RS.
978,978,1,234.000,234.000,No,1800.00,421200.00,Assembly Surplus,Central Warehouse,2026-02-10,2026-02-07,Generated move order item for Stator Core 1.5 kW.
979,979,1,122.000,122.000,No,1800.00,219600.00,Central Warehouse,Production Line,2026-02-12,2026-02-08,Generated move order item for Stator Core 1.5 kW.
980,980,1,94.000,94.000,No,1800.00,169200.00,Production Line,Quality Inspection,2026-02-14,2026-02-09,Generated move order item for Stator Core 1.5 kW.
981,981,100,47.000,47.000,No,18500.00,869500.00,Assembly,FG Store,2026-02-11,2026-02-10,Generated move order item for BLDC Motor 1.5 kW.
982,982,100,40.000,40.000,No,18500.00,740000.00,FG Store,Dispatch Dock,2026-02-13,2026-02-11,Generated move order item for BLDC Motor 1.5 kW.
983,983,23,56.000,56.000,No,120.00,6720.00,Maintenance Store,Maintenance Bay,2026-02-15,2026-02-12,Generated move order item for Bearing 6202-2RS.
984,984,1,250.000,250.000,No,1800.00,450000.00,Assembly Surplus,Central Warehouse,2026-02-17,2026-02-13,Generated move order item for Stator Core 1.5 kW.
985,985,1,284.000,284.000,No,1800.00,511200.00,Central Warehouse,Production Line,2026-02-19,2026-02-14,Generated move order item for Stator Core 1.5 kW.
986,986,1,431.000,431.000,No,1800.00,775800.00,Production Line,Quality Inspection,2026-02-16,2026-02-15,Generated move order item for Stator Core 1.5 kW.
987,987,100,15.000,15.000,No,18500.00,277500.00,Assembly,FG Store,2026-02-18,2026-02-16,Generated move order item for BLDC Motor 1.5 kW.
988,988,100,32.000,32.000,No,18500.00,592000.00,FG Store,Dispatch Dock,2026-02-20,2026-02-17,Generated move order item for BLDC Motor 1.5 kW.
989,989,23,28.000,28.000,No,120.00,3360.00,Maintenance Store,Maintenance Bay,2026-02-22,2026-02-18,Generated move order item for Bearing 6202-2RS.
990,990,1,97.000,97.000,No,1800.00,174600.00,Assembly Surplus,Central Warehouse,2026-02-24,2026-02-19,Generated move order item for Stator Core 1.5 kW.
991,991,1,362.000,362.000,No,1800.00,651600.00,Central Warehouse,Production Line,2026-02-21,2026-02-20,Generated move order item for Stator Core 1.5 kW.
992,992,1,367.000,367.000,No,1800.00,660600.00,Production Line,Quality Inspection,2026-02-23,2026-02-21,Generated move order item for Stator Core 1.5 kW.
993,993,100,52.000,52.000,No,18500.00,962000.00,Assembly,FG Store,2026-02-25,2026-02-22,Generated move order item for BLDC Motor 1.5 kW.
994,994,100,6.000,6.000,No,18500.00,111000.00,FG Store,Dispatch Dock,2026-02-27,2026-02-23,Generated move order item for BLDC Motor 1.5 kW.
995,995,23,22.000,22.000,No,120.00,2640.00,Maintenance Store,Maintenance Bay,2026-03-01,2026-02-24,Generated move order item for Bearing 6202-2RS.
996,996,1,309.000,309.000,No,1800.00,556200.00,Assembly Surplus,Central Warehouse,2026-02-26,2026-02-25,Generated move order item for Stator Core 1.5 kW.
997,997,1,416.000,416.000,No,1800.00,748800.00,Central Warehouse,Production Line,2026-02-28,2026-02-26,Generated move order item for Stator Core 1.5 kW.
998,998,1,473.000,473.000,No,1800.00,851400.00,Production Line,Quality Inspection,2026-03-02,2026-02-27,Generated move order item for Stator Core 1.5 kW.
999,999,100,49.000,49.000,No,18500.00,906500.00,Assembly,FG Store,2026-03-04,2026-02-28,Generated move order item for BLDC Motor 1.5 kW.
1000,1000,100,55.000,55.000,No,18500.00,1017500.00,FG Store,Dispatch Dock,2026-03-06,2026-03-01,Generated move order item for BLDC Motor 1.5 kW.
1001,1001,23,83.000,83.000,No,120.00,9960.00,Maintenance Store,Maintenance Bay,2026-03-03,2026-03-02,Generated move order item for Bearing 6202-2RS.
1002,1002,1,192.000,192.000,No,1800.00,345600.00,Assembly Surplus,Central Warehouse,2026-03-05,2026-03-03,Generated move order item for Stator Core 1.5 kW.
1003,1003,1,312.000,312.000,No,1800.00,561600.00,Central Warehouse,Production Line,2026-03-07,2026-03-04,Generated move order item for Stator Core 1.5 kW.
1004,1004,1,336.000,336.000,No,1800.00,604800.00,Production Line,Quality Inspection,2026-03-09,2026-03-05,Generated move order item for Stator Core 1.5 kW.
1005,1005,100,24.000,24.000,No,18500.00,444000.00,Assembly,FG Store,2026-03-11,2026-03-06,Generated move order item for BLDC Motor 1.5 kW.
1006,1006,100,54.000,54.000,No,18500.00,999000.00,FG Store,Dispatch Dock,2026-03-08,2026-03-07,Generated move order item for BLDC Motor 1.5 kW.
1007,1007,23,79.000,79.000,No,120.00,9480.00,Maintenance Store,Maintenance Bay,2026-03-10,2026-03-08,Generated move order item for Bearing 6202-2RS.
1008,1008,1,283.000,283.000,No,1800.00,509400.00,Assembly Surplus,Central Warehouse,2026-03-12,2026-03-09,Generated move order item for Stator Core 1.5 kW.
1009,1009,1,266.000,266.000,No,1800.00,478800.00,Central Warehouse,Production Line,2026-03-14,2026-03-10,Generated move order item for Stator Core 1.5 kW.
1010,1010,1,407.000,407.000,No,1800.00,732600.00,Production Line,Quality Inspection,2026-03-16,2026-03-11,Generated move order item for Stator Core 1.5 kW.
1011,1011,100,17.000,17.000,No,18500.00,314500.00,Assembly,FG Store,2026-03-13,2026-03-12,Generated move order item for BLDC Motor 1.5 kW.
1012,1012,100,17.000,17.000,No,18500.00,314500.00,FG Store,Dispatch Dock,2026-03-15,2026-03-13,Generated move order item for BLDC Motor 1.5 kW.
1013,1013,23,43.000,43.000,No,120.00,5160.00,Maintenance Store,Maintenance Bay,2026-03-17,2026-03-14,Generated move order item for Bearing 6202-2RS.
1014,1014,1,107.000,107.000,No,1800.00,192600.00,Assembly Surplus,Central Warehouse,2026-03-19,2026-03-15,Generated move order item for Stator Core 1.5 kW.
1015,1015,1,256.000,256.000,No,1800.00,460800.00,Central Warehouse,Production Line,2026-03-21,2026-03-16,Generated move order item for Stator Core 1.5 kW.
1016,1016,1,245.000,245.000,No,1800.00,441000.00,Production Line,Quality Inspection,2026-03-18,2026-03-17,Generated move order item for Stator Core 1.5 kW.
1017,1017,100,33.000,33.000,No,18500.00,610500.00,Assembly,FG Store,2026-03-20,2026-03-18,Generated move order item for BLDC Motor 1.5 kW.
1018,1018,100,30.000,30.000,No,18500.00,555000.00,FG Store,Dispatch Dock,2026-03-22,2026-03-19,Generated move order item for BLDC Motor 1.5 kW.
1019,1019,23,91.000,91.000,No,120.00,10920.00,Maintenance Store,Maintenance Bay,2026-03-24,2026-03-20,Generated move order item for Bearing 6202-2RS.
1020,1020,1,173.000,173.000,No,1800.00,311400.00,Assembly Surplus,Central Warehouse,2026-03-26,2026-03-21,Generated move order item for Stator Core 1.5 kW.
1021,1021,1,235.000,235.000,No,1800.00,423000.00,Central Warehouse,Production Line,2026-03-23,2026-03-22,Generated move order item for Stator Core 1.5 kW.
1022,1022,1,382.000,382.000,No,1800.00,687600.00,Production Line,Quality Inspection,2026-03-25,2026-03-23,Generated move order item for Stator Core 1.5 kW.
1023,1023,100,20.000,20.000,No,18500.00,370000.00,Assembly,FG Store,2026-03-27,2026-03-24,Generated move order item for BLDC Motor 1.5 kW.
1024,1024,100,41.000,41.000,No,18500.00,758500.00,FG Store,Dispatch Dock,2026-03-29,2026-03-25,Generated move order item for BLDC Motor 1.5 kW.
1025,1025,23,97.000,97.000,No,120.00,11640.00,Maintenance Store,Maintenance Bay,2026-03-31,2026-03-26,Generated move order item for Bearing 6202-2RS.
1026,1026,1,219.000,219.000,No,1800.00,394200.00,Assembly Surplus,Central Warehouse,2026-03-28,2026-03-27,Generated move order item for Stator Core 1.5 kW.
1027,1027,1,159.000,159.000,No,1800.00,286200.00,Central Warehouse,Production Line,2026-03-30,2026-03-28,Generated move order item for Stator Core 1.5 kW.
1028,1028,1,135.000,135.000,No,1800.00,243000.00,Production Line,Quality Inspection,2026-04-01,2026-03-29,Generated move order item for Stator Core 1.5 kW.
1029,1029,100,5.000,5.000,No,18500.00,92500.00,Assembly,FG Store,2026-04-03,2026-03-30,Generated move order item for BLDC Motor 1.5 kW.
1030,1030,100,20.000,20.000,No,18500.00,370000.00,FG Store,Dispatch Dock,2026-04-05,2026-03-31,Generated move order item for BLDC Motor 1.5 kW.
1031,1031,23,86.000,86.000,No,120.00,10320.00,Maintenance Store,Maintenance Bay,2026-04-02,2026-04-01,Generated move order item for Bearing 6202-2RS.
1032,1032,1,164.000,164.000,No,1800.00,295200.00,Assembly Surplus,Central Warehouse,2026-04-04,2026-04-02,Generated move order item for Stator Core 1.5 kW.
1033,1033,1,480.000,480.000,No,1800.00,864000.00,Central Warehouse,Production Line,2026-04-06,2026-04-03,Generated move order item for Stator Core 1.5 kW.
1034,1034,1,479.000,479.000,No,1800.00,862200.00,Production Line,Quality Inspection,2026-04-08,2026-04-04,Generated move order item for Stator Core 1.5 kW.
1035,1035,100,43.000,43.000,No,18500.00,795500.00,Assembly,FG Store,2026-04-10,2026-04-05,Generated move order item for BLDC Motor 1.5 kW.
1036,1036,100,59.000,59.000,No,18500.00,1091500.00,FG Store,Dispatch Dock,2026-04-07,2026-04-06,Generated move order item for BLDC Motor 1.5 kW.
1037,1037,23,44.000,44.000,No,120.00,5280.00,Maintenance Store,Maintenance Bay,2026-04-09,2026-04-07,Generated move order item for Bearing 6202-2RS.
1038,1038,1,481.000,481.000,No,1800.00,865800.00,Assembly Surplus,Central Warehouse,2026-04-11,2026-04-08,Generated move order item for Stator Core 1.5 kW.
1039,1039,1,295.000,295.000,No,1800.00,531000.00,Central Warehouse,Production Line,2026-04-13,2026-04-09,Generated move order item for Stator Core 1.5 kW.
1040,1040,1,86.000,86.000,No,1800.00,154800.00,Production Line,Quality Inspection,2026-04-15,2026-04-10,Generated move order item for Stator Core 1.5 kW.
1041,1041,100,51.000,51.000,No,18500.00,943500.00,Assembly,FG Store,2026-04-12,2026-04-11,Generated move order item for BLDC Motor 1.5 kW.
1042,1042,100,58.000,58.000,No,18500.00,1073000.00,FG Store,Dispatch Dock,2026-04-14,2026-04-12,Generated move order item for BLDC Motor 1.5 kW.
1043,1043,23,89.000,89.000,No,120.00,10680.00,Maintenance Store,Maintenance Bay,2026-04-16,2026-04-13,Generated move order item for Bearing 6202-2RS.
1044,1044,1,237.000,237.000,No,1800.00,426600.00,Assembly Surplus,Central Warehouse,2026-04-18,2026-04-14,Generated move order item for Stator Core 1.5 kW.
1045,1045,1,96.000,96.000,No,1800.00,172800.00,Central Warehouse,Production Line,2026-04-20,2026-04-15,Generated move order item for Stator Core 1.5 kW.
1046,1046,1,314.000,314.000,No,1800.00,565200.00,Production Line,Quality Inspection,2026-04-17,2026-04-16,Generated move order item for Stator Core 1.5 kW.
1047,1047,100,53.000,53.000,No,18500.00,980500.00,Assembly,FG Store,2026-04-19,2026-04-17,Generated move order item for BLDC Motor 1.5 kW.
1048,1048,100,52.000,52.000,No,18500.00,962000.00,FG Store,Dispatch Dock,2026-04-21,2026-04-18,Generated move order item for BLDC Motor 1.5 kW.
1049,1049,23,64.000,64.000,No,120.00,7680.00,Maintenance Store,Maintenance Bay,2026-04-23,2026-04-19,Generated move order item for Bearing 6202-2RS.
1050,1050,1,404.000,404.000,No,1800.00,727200.00,Assembly Surplus,Central Warehouse,2026-04-25,2026-04-20,Generated move order item for Stator Core 1.5 kW.
1051,1051,1,64.000,64.000,No,1800.00,115200.00,Central Warehouse,Production Line,2026-04-22,2026-04-21,Generated move order item for Stator Core 1.5 kW.
1052,1052,1,331.000,331.000,No,1800.00,595800.00,Production Line,Quality Inspection,2026-04-24,2026-04-22,Generated move order item for Stator Core 1.5 kW.
1053,1053,100,11.000,11.000,No,18500.00,203500.00,Assembly,FG Store,2026-04-26,2026-04-23,Generated move order item for BLDC Motor 1.5 kW.
1054,1054,100,46.000,46.000,No,18500.00,851000.00,FG Store,Dispatch Dock,2026-04-28,2026-04-24,Generated move order item for BLDC Motor 1.5 kW.
1055,1055,23,9.000,9.000,No,120.00,1080.00,Maintenance Store,Maintenance Bay,2026-04-30,2026-04-25,Generated move order item for Bearing 6202-2RS.
1056,1056,1,318.000,318.000,No,1800.00,572400.00,Assembly Surplus,Central Warehouse,2026-04-27,2026-04-26,Generated move order item for Stator Core 1.5 kW.
1057,1057,1,477.000,477.000,No,1800.00,858600.00,Central Warehouse,Production Line,2026-04-29,2026-04-27,Generated move order item for Stator Core 1.5 kW.
1058,1058,1,100.000,100.000,No,1800.00,180000.00,Production Line,Quality Inspection,2026-05-01,2026-04-28,Generated move order item for Stator Core 1.5 kW.
1059,1059,100,28.000,28.000,No,18500.00,518000.00,Assembly,FG Store,2026-05-03,2026-04-29,Generated move order item for BLDC Motor 1.5 kW.
1060,1060,100,7.000,7.000,No,18500.00,129500.00,FG Store,Dispatch Dock,2026-05-05,2026-04-30,Generated move order item for BLDC Motor 1.5 kW.
1061,1061,23,73.000,73.000,No,120.00,8760.00,Maintenance Store,Maintenance Bay,2026-05-02,2026-05-01,Generated move order item for Bearing 6202-2RS.
1062,1062,1,467.000,467.000,No,1800.00,840600.00,Assembly Surplus,Central Warehouse,2026-05-04,2026-05-02,Generated move order item for Stator Core 1.5 kW.
1063,1063,1,50.000,50.000,No,1800.00,90000.00,Central Warehouse,Production Line,2026-05-06,2026-05-03,Generated move order item for Stator Core 1.5 kW.
1064,1064,1,296.000,296.000,No,1800.00,532800.00,Production Line,Quality Inspection,2026-05-08,2026-05-04,Generated move order item for Stator Core 1.5 kW.
1065,1065,100,49.000,49.000,No,18500.00,906500.00,Assembly,FG Store,2026-05-10,2026-05-05,Generated move order item for BLDC Motor 1.5 kW.
1066,1066,100,6.000,6.000,No,18500.00,111000.00,FG Store,Dispatch Dock,2026-05-07,2026-05-06,Generated move order item for BLDC Motor 1.5 kW.
1067,1067,23,51.000,51.000,No,120.00,6120.00,Maintenance Store,Maintenance Bay,2026-05-09,2026-05-07,Generated move order item for Bearing 6202-2RS.
1068,1068,1,108.000,108.000,No,1800.00,194400.00,Assembly Surplus,Central Warehouse,2026-05-11,2026-05-08,Generated move order item for Stator Core 1.5 kW.
1069,1069,1,466.000,466.000,No,1800.00,838800.00,Central Warehouse,Production Line,2026-05-13,2026-05-09,Generated move order item for Stator Core 1.5 kW.
1070,1070,1,279.000,279.000,No,1800.00,502200.00,Production Line,Quality Inspection,2026-05-15,2026-05-10,Generated move order item for Stator Core 1.5 kW.
1071,1071,100,34.000,34.000,No,18500.00,629000.00,Assembly,FG Store,2026-05-12,2026-05-11,Generated move order item for BLDC Motor 1.5 kW.
1072,1072,100,60.000,60.000,No,18500.00,1110000.00,FG Store,Dispatch Dock,2026-05-14,2026-05-12,Generated move order item for BLDC Motor 1.5 kW.
1073,1073,23,80.000,80.000,No,120.00,9600.00,Maintenance Store,Maintenance Bay,2026-05-16,2026-05-13,Generated move order item for Bearing 6202-2RS.
1074,1074,1,191.000,191.000,No,1800.00,343800.00,Assembly Surplus,Central Warehouse,2026-05-18,2026-05-14,Generated move order item for Stator Core 1.5 kW.
1075,1075,1,333.000,333.000,No,1800.00,599400.00,Central Warehouse,Production Line,2026-05-20,2026-05-15,Generated move order item for Stator Core 1.5 kW.
1076,1076,1,183.000,183.000,No,1800.00,329400.00,Production Line,Quality Inspection,2026-05-17,2026-05-16,Generated move order item for Stator Core 1.5 kW.
1077,1077,100,34.000,34.000,No,18500.00,629000.00,Assembly,FG Store,2026-05-19,2026-05-17,Generated move order item for BLDC Motor 1.5 kW.
1078,1078,100,50.000,50.000,No,18500.00,925000.00,FG Store,Dispatch Dock,2026-05-21,2026-05-18,Generated move order item for BLDC Motor 1.5 kW.
1079,1079,23,96.000,96.000,No,120.00,11520.00,Maintenance Store,Maintenance Bay,2026-05-23,2026-05-19,Generated move order item for Bearing 6202-2RS.
1080,1080,1,479.000,479.000,No,1800.00,862200.00,Assembly Surplus,Central Warehouse,2026-05-25,2026-05-20,Generated move order item for Stator Core 1.5 kW.
1081,1081,1,273.000,273.000,No,1800.00,491400.00,Central Warehouse,Production Line,2026-05-22,2026-05-21,Generated move order item for Stator Core 1.5 kW.
1082,1082,1,453.000,453.000,No,1800.00,815400.00,Production Line,Quality Inspection,2026-05-24,2026-05-22,Generated move order item for Stator Core 1.5 kW.
1083,1083,100,54.000,54.000,No,18500.00,999000.00,Assembly,FG Store,2026-05-26,2026-05-23,Generated move order item for BLDC Motor 1.5 kW.
1084,1084,100,35.000,35.000,No,18500.00,647500.00,FG Store,Dispatch Dock,2026-05-28,2026-05-24,Generated move order item for BLDC Motor 1.5 kW.
1085,1085,23,8.000,8.000,No,120.00,960.00,Maintenance Store,Maintenance Bay,2026-05-30,2026-05-25,Generated move order item for Bearing 6202-2RS.
1086,1086,1,103.000,103.000,No,1800.00,185400.00,Assembly Surplus,Central Warehouse,2026-05-27,2026-05-26,Generated move order item for Stator Core 1.5 kW.
1087,1087,1,346.000,346.000,No,1800.00,622800.00,Central Warehouse,Production Line,2026-05-29,2026-05-27,Generated move order item for Stator Core 1.5 kW.
1088,1088,1,424.000,424.000,No,1800.00,763200.00,Production Line,Quality Inspection,2026-05-31,2026-05-28,Generated move order item for Stator Core 1.5 kW.
1089,1089,100,56.000,56.000,No,18500.00,1036000.00,Assembly,FG Store,2026-06-02,2026-05-29,Generated move order item for BLDC Motor 1.5 kW.
1090,1090,100,18.000,18.000,No,18500.00,333000.00,FG Store,Dispatch Dock,2026-06-04,2026-05-30,Generated move order item for BLDC Motor 1.5 kW.
1091,1091,23,91.000,91.000,No,120.00,10920.00,Maintenance Store,Maintenance Bay,2026-06-01,2026-05-31,Generated move order item for Bearing 6202-2RS.
1092,1092,1,422.000,422.000,No,1800.00,759600.00,Assembly Surplus,Central Warehouse,2026-06-03,2026-06-01,Generated move order item for Stator Core 1.5 kW.
1093,1093,1,268.000,268.000,No,1800.00,482400.00,Central Warehouse,Production Line,2026-06-05,2026-06-02,Generated move order item for Stator Core 1.5 kW.
1094,1094,1,218.000,218.000,No,1800.00,392400.00,Production Line,Quality Inspection,2026-06-07,2026-06-03,Generated move order item for Stator Core 1.5 kW.
1095,1095,100,31.000,31.000,No,18500.00,573500.00,Assembly,FG Store,2026-06-09,2026-06-04,Generated move order item for BLDC Motor 1.5 kW.
1096,1096,100,42.000,42.000,No,18500.00,777000.00,FG Store,Dispatch Dock,2026-06-06,2026-06-05,Generated move order item for BLDC Motor 1.5 kW.
1097,1097,23,82.000,82.000,No,120.00,9840.00,Maintenance Store,Maintenance Bay,2026-06-08,2026-06-06,Generated move order item for Bearing 6202-2RS.
1098,1098,1,127.000,127.000,No,1800.00,228600.00,Assembly Surplus,Central Warehouse,2026-06-10,2026-06-07,Generated move order item for Stator Core 1.5 kW.
1099,1099,1,201.000,201.000,No,1800.00,361800.00,Central Warehouse,Production Line,2026-06-12,2026-06-08,Generated move order item for Stator Core 1.5 kW.
1100,1100,1,104.000,104.000,No,1800.00,187200.00,Production Line,Quality Inspection,2026-06-14,2026-06-09,Generated move order item for Stator Core 1.5 kW.
1101,1101,100,57.000,57.000,No,18500.00,1054500.00,Assembly,FG Store,2026-06-11,2026-06-10,Generated move order item for BLDC Motor 1.5 kW.
1102,1102,100,27.000,27.000,No,18500.00,499500.00,FG Store,Dispatch Dock,2026-06-13,2026-06-11,Generated move order item for BLDC Motor 1.5 kW.
1103,1103,23,29.000,29.000,No,120.00,3480.00,Maintenance Store,Maintenance Bay,2026-06-15,2026-06-12,Generated move order item for Bearing 6202-2RS.
1104,1104,1,141.000,141.000,No,1800.00,253800.00,Assembly Surplus,Central Warehouse,2026-06-17,2026-06-13,Generated move order item for Stator Core 1.5 kW.
1105,1105,1,83.000,83.000,No,1800.00,149400.00,Central Warehouse,Production Line,2026-06-19,2026-06-14,Generated move order item for Stator Core 1.5 kW.
1106,1106,1,262.000,262.000,No,1800.00,471600.00,Production Line,Quality Inspection,2026-06-16,2026-06-15,Generated move order item for Stator Core 1.5 kW.
1107,1107,100,48.000,48.000,No,18500.00,888000.00,Assembly,FG Store,2026-06-18,2026-06-16,Generated move order item for BLDC Motor 1.5 kW.
1108,1108,100,23.000,23.000,No,18500.00,425500.00,FG Store,Dispatch Dock,2026-06-20,2026-06-17,Generated move order item for BLDC Motor 1.5 kW.
1109,1109,23,43.000,43.000,No,120.00,5160.00,Maintenance Store,Maintenance Bay,2026-06-22,2026-06-18,Generated move order item for Bearing 6202-2RS.
1110,1110,1,337.000,337.000,No,1800.00,606600.00,Assembly Surplus,Central Warehouse,2026-06-24,2026-06-19,Generated move order item for Stator Core 1.5 kW.
1111,1111,1,210.000,210.000,No,1800.00,378000.00,Central Warehouse,Production Line,2026-06-21,2026-06-20,Generated move order item for Stator Core 1.5 kW.
1112,1112,1,383.000,383.000,No,1800.00,689400.00,Production Line,Quality Inspection,2026-06-23,2026-06-21,Generated move order item for Stator Core 1.5 kW.
1113,1113,100,22.000,22.000,No,18500.00,407000.00,Assembly,FG Store,2026-06-25,2026-06-22,Generated move order item for BLDC Motor 1.5 kW.
1114,1114,100,29.000,29.000,No,18500.00,536500.00,FG Store,Dispatch Dock,2026-06-27,2026-06-23,Generated move order item for BLDC Motor 1.5 kW.
1115,1115,23,99.000,99.000,No,120.00,11880.00,Maintenance Store,Maintenance Bay,2026-06-29,2026-06-24,Generated move order item for Bearing 6202-2RS.
1116,1116,1,427.000,427.000,No,1800.00,768600.00,Assembly Surplus,Central Warehouse,2026-06-26,2026-06-25,Generated move order item for Stator Core 1.5 kW.
1117,1117,1,307.000,307.000,No,1800.00,552600.00,Central Warehouse,Production Line,2026-06-28,2026-06-26,Generated move order item for Stator Core 1.5 kW.
1118,1118,1,226.000,226.000,No,1800.00,406800.00,Production Line,Quality Inspection,2026-06-30,2026-06-27,Generated move order item for Stator Core 1.5 kW.
1119,1119,100,60.000,60.000,No,18500.00,1110000.00,Assembly,FG Store,2026-07-02,2026-06-28,Generated move order item for BLDC Motor 1.5 kW.
1120,1120,100,30.000,30.000,No,18500.00,555000.00,FG Store,Dispatch Dock,2026-07-04,2026-06-29,Generated move order item for BLDC Motor 1.5 kW.
1121,1121,23,37.000,37.000,No,120.00,4440.00,Maintenance Store,Maintenance Bay,2024-04-02,2024-04-01,Generated move order item for Bearing 6202-2RS.
1122,1122,1,318.000,318.000,No,1800.00,572400.00,Assembly Surplus,Central Warehouse,2024-04-04,2024-04-02,Generated move order item for Stator Core 1.5 kW.
1123,1123,1,236.000,236.000,No,1800.00,424800.00,Central Warehouse,Production Line,2024-04-06,2024-04-03,Generated move order item for Stator Core 1.5 kW.
1124,1124,1,451.000,451.000,No,1800.00,811800.00,Production Line,Quality Inspection,2024-04-08,2024-04-04,Generated move order item for Stator Core 1.5 kW.
1125,1125,100,16.000,16.000,No,18500.00,296000.00,Assembly,FG Store,2024-04-10,2024-04-05,Generated move order item for BLDC Motor 1.5 kW.
1126,1126,100,7.000,7.000,No,18500.00,129500.00,FG Store,Dispatch Dock,2024-04-07,2024-04-06,Generated move order item for BLDC Motor 1.5 kW.
1127,1127,23,46.000,46.000,No,120.00,5520.00,Maintenance Store,Maintenance Bay,2024-04-09,2024-04-07,Generated move order item for Bearing 6202-2RS.
1128,1128,1,477.000,477.000,No,1800.00,858600.00,Assembly Surplus,Central Warehouse,2024-04-11,2024-04-08,Generated move order item for Stator Core 1.5 kW.
1129,1129,1,77.000,77.000,No,1800.00,138600.00,Central Warehouse,Production Line,2024-04-13,2024-04-09,Generated move order item for Stator Core 1.5 kW.
1130,1130,1,414.000,414.000,No,1800.00,745200.00,Production Line,Quality Inspection,2024-04-15,2024-04-10,Generated move order item for Stator Core 1.5 kW.
1131,1131,100,5.000,5.000,No,18500.00,92500.00,Assembly,FG Store,2024-04-12,2024-04-11,Generated move order item for BLDC Motor 1.5 kW.
1132,1132,100,36.000,36.000,No,18500.00,666000.00,FG Store,Dispatch Dock,2024-04-14,2024-04-12,Generated move order item for BLDC Motor 1.5 kW.
1133,1133,23,48.000,48.000,No,120.00,5760.00,Maintenance Store,Maintenance Bay,2024-04-16,2024-04-13,Generated move order item for Bearing 6202-2RS.
1134,1134,1,122.000,122.000,No,1800.00,219600.00,Assembly Surplus,Central Warehouse,2024-04-18,2024-04-14,Generated move order item for Stator Core 1.5 kW.
1135,1135,1,386.000,386.000,No,1800.00,694800.00,Central Warehouse,Production Line,2024-04-20,2024-04-15,Generated move order item for Stator Core 1.5 kW.
1136,1136,1,129.000,129.000,No,1800.00,232200.00,Production Line,Quality Inspection,2024-04-17,2024-04-16,Generated move order item for Stator Core 1.5 kW.
1137,1137,100,29.000,29.000,No,18500.00,536500.00,Assembly,FG Store,2024-04-19,2024-04-17,Generated move order item for BLDC Motor 1.5 kW.
1138,1138,100,36.000,36.000,No,18500.00,666000.00,FG Store,Dispatch Dock,2024-04-21,2024-04-18,Generated move order item for BLDC Motor 1.5 kW.
1139,1139,23,54.000,54.000,No,120.00,6480.00,Maintenance Store,Maintenance Bay,2024-04-23,2024-04-19,Generated move order item for Bearing 6202-2RS.
1140,1140,1,64.000,64.000,No,1800.00,115200.00,Assembly Surplus,Central Warehouse,2024-04-25,2024-04-20,Generated move order item for Stator Core 1.5 kW.
1141,1141,1,250.000,250.000,No,1800.00,450000.00,Central Warehouse,Production Line,2024-04-22,2024-04-21,Generated move order item for Stator Core 1.5 kW.
1142,1142,1,345.000,345.000,No,1800.00,621000.00,Production Line,Quality Inspection,2024-04-24,2024-04-22,Generated move order item for Stator Core 1.5 kW.
1143,1143,100,34.000,34.000,No,18500.00,629000.00,Assembly,FG Store,2024-04-26,2024-04-23,Generated move order item for BLDC Motor 1.5 kW.
1144,1144,100,45.000,45.000,No,18500.00,832500.00,FG Store,Dispatch Dock,2024-04-28,2024-04-24,Generated move order item for BLDC Motor 1.5 kW.
1145,1145,23,79.000,79.000,No,120.00,9480.00,Maintenance Store,Maintenance Bay,2024-04-30,2024-04-25,Generated move order item for Bearing 6202-2RS.
1146,1146,1,130.000,130.000,No,1800.00,234000.00,Assembly Surplus,Central Warehouse,2024-04-27,2024-04-26,Generated move order item for Stator Core 1.5 kW.
1147,1147,1,412.000,412.000,No,1800.00,741600.00,Central Warehouse,Production Line,2024-04-29,2024-04-27,Generated move order item for Stator Core 1.5 kW.
1148,1148,1,453.000,453.000,No,1800.00,815400.00,Production Line,Quality Inspection,2024-05-01,2024-04-28,Generated move order item for Stator Core 1.5 kW.
1149,1149,100,51.000,51.000,No,18500.00,943500.00,Assembly,FG Store,2024-05-03,2024-04-29,Generated move order item for BLDC Motor 1.5 kW.
1150,1150,100,52.000,52.000,No,18500.00,962000.00,FG Store,Dispatch Dock,2024-05-05,2024-04-30,Generated move order item for BLDC Motor 1.5 kW.
1151,1151,23,25.000,25.000,No,120.00,3000.00,Maintenance Store,Maintenance Bay,2024-05-02,2024-05-01,Generated move order item for Bearing 6202-2RS.
1152,1152,1,344.000,344.000,No,1800.00,619200.00,Assembly Surplus,Central Warehouse,2024-05-04,2024-05-02,Generated move order item for Stator Core 1.5 kW.
1153,1153,1,256.000,256.000,No,1800.00,460800.00,Central Warehouse,Production Line,2024-05-06,2024-05-03,Generated move order item for Stator Core 1.5 kW.
1154,1154,1,493.000,493.000,No,1800.00,887400.00,Production Line,Quality Inspection,2024-05-08,2024-05-04,Generated move order item for Stator Core 1.5 kW.
1155,1155,100,51.000,51.000,No,18500.00,943500.00,Assembly,FG Store,2024-05-10,2024-05-05,Generated move order item for BLDC Motor 1.5 kW.
1156,1156,100,14.000,14.000,No,18500.00,259000.00,FG Store,Dispatch Dock,2024-05-07,2024-05-06,Generated move order item for BLDC Motor 1.5 kW.
1157,1157,23,95.000,95.000,No,120.00,11400.00,Maintenance Store,Maintenance Bay,2024-05-09,2024-05-07,Generated move order item for Bearing 6202-2RS.
1158,1158,1,364.000,364.000,No,1800.00,655200.00,Assembly Surplus,Central Warehouse,2024-05-11,2024-05-08,Generated move order item for Stator Core 1.5 kW.
1159,1159,1,294.000,294.000,No,1800.00,529200.00,Central Warehouse,Production Line,2024-05-13,2024-05-09,Generated move order item for Stator Core 1.5 kW.
1160,1160,1,251.000,251.000,No,1800.00,451800.00,Production Line,Quality Inspection,2024-05-15,2024-05-10,Generated move order item for Stator Core 1.5 kW.
1161,1161,100,32.000,32.000,No,18500.00,592000.00,Assembly,FG Store,2024-05-12,2024-05-11,Generated move order item for BLDC Motor 1.5 kW.
1162,1162,100,48.000,48.000,No,18500.00,888000.00,FG Store,Dispatch Dock,2024-05-14,2024-05-12,Generated move order item for BLDC Motor 1.5 kW.
1163,1163,23,78.000,78.000,No,120.00,9360.00,Maintenance Store,Maintenance Bay,2024-05-16,2024-05-13,Generated move order item for Bearing 6202-2RS.
1164,1164,1,298.000,298.000,No,1800.00,536400.00,Assembly Surplus,Central Warehouse,2024-05-18,2024-05-14,Generated move order item for Stator Core 1.5 kW.
1165,1165,1,497.000,497.000,No,1800.00,894600.00,Central Warehouse,Production Line,2024-05-20,2024-05-15,Generated move order item for Stator Core 1.5 kW.
1166,1166,1,154.000,154.000,No,1800.00,277200.00,Production Line,Quality Inspection,2024-05-17,2024-05-16,Generated move order item for Stator Core 1.5 kW.
1167,1167,100,28.000,28.000,No,18500.00,518000.00,Assembly,FG Store,2024-05-19,2024-05-17,Generated move order item for BLDC Motor 1.5 kW.
1168,1168,100,38.000,38.000,No,18500.00,703000.00,FG Store,Dispatch Dock,2024-05-21,2024-05-18,Generated move order item for BLDC Motor 1.5 kW.
1169,1169,23,20.000,20.000,No,120.00,2400.00,Maintenance Store,Maintenance Bay,2024-05-23,2024-05-19,Generated move order item for Bearing 6202-2RS.
1170,1170,1,274.000,274.000,No,1800.00,493200.00,Assembly Surplus,Central Warehouse,2024-05-25,2024-05-20,Generated move order item for Stator Core 1.5 kW.
1171,1171,1,426.000,426.000,No,1800.00,766800.00,Central Warehouse,Production Line,2024-05-22,2024-05-21,Generated move order item for Stator Core 1.5 kW.
1172,1172,1,354.000,354.000,No,1800.00,637200.00,Production Line,Quality Inspection,2024-05-24,2024-05-22,Generated move order item for Stator Core 1.5 kW.
1173,1173,100,44.000,44.000,No,18500.00,814000.00,Assembly,FG Store,2024-05-26,2024-05-23,Generated move order item for BLDC Motor 1.5 kW.
1174,1174,100,14.000,14.000,No,18500.00,259000.00,FG Store,Dispatch Dock,2024-05-28,2024-05-24,Generated move order item for BLDC Motor 1.5 kW.
1175,1175,23,18.000,18.000,No,120.00,2160.00,Maintenance Store,Maintenance Bay,2024-05-30,2024-05-25,Generated move order item for Bearing 6202-2RS.
1176,1176,1,249.000,249.000,No,1800.00,448200.00,Assembly Surplus,Central Warehouse,2024-05-27,2024-05-26,Generated move order item for Stator Core 1.5 kW.
1177,1177,1,195.000,195.000,No,1800.00,351000.00,Central Warehouse,Production Line,2024-05-29,2024-05-27,Generated move order item for Stator Core 1.5 kW.
1178,1178,1,54.000,54.000,No,1800.00,97200.00,Production Line,Quality Inspection,2024-05-31,2024-05-28,Generated move order item for Stator Core 1.5 kW.
1179,1179,100,35.000,35.000,No,18500.00,647500.00,Assembly,FG Store,2024-06-02,2024-05-29,Generated move order item for BLDC Motor 1.5 kW.
1180,1180,100,47.000,47.000,No,18500.00,869500.00,FG Store,Dispatch Dock,2024-06-04,2024-05-30,Generated move order item for BLDC Motor 1.5 kW.
1181,1181,23,75.000,75.000,No,120.00,9000.00,Maintenance Store,Maintenance Bay,2024-06-01,2024-05-31,Generated move order item for Bearing 6202-2RS.
1182,1182,1,96.000,96.000,No,1800.00,172800.00,Assembly Surplus,Central Warehouse,2024-06-03,2024-06-01,Generated move order item for Stator Core 1.5 kW.
1183,1183,1,402.000,402.000,No,1800.00,723600.00,Central Warehouse,Production Line,2024-06-05,2024-06-02,Generated move order item for Stator Core 1.5 kW.
1184,1184,1,221.000,221.000,No,1800.00,397800.00,Production Line,Quality Inspection,2024-06-07,2024-06-03,Generated move order item for Stator Core 1.5 kW.
1185,1185,100,13.000,13.000,No,18500.00,240500.00,Assembly,FG Store,2024-06-09,2024-06-04,Generated move order item for BLDC Motor 1.5 kW.
1186,1186,100,31.000,31.000,No,18500.00,573500.00,FG Store,Dispatch Dock,2024-06-06,2024-06-05,Generated move order item for BLDC Motor 1.5 kW.
1187,1187,23,25.000,25.000,No,120.00,3000.00,Maintenance Store,Maintenance Bay,2024-06-08,2024-06-06,Generated move order item for Bearing 6202-2RS.
1188,1188,1,353.000,353.000,No,1800.00,635400.00,Assembly Surplus,Central Warehouse,2024-06-10,2024-06-07,Generated move order item for Stator Core 1.5 kW.
1189,1189,1,385.000,385.000,No,1800.00,693000.00,Central Warehouse,Production Line,2024-06-12,2024-06-08,Generated move order item for Stator Core 1.5 kW.
1190,1190,1,377.000,377.000,No,1800.00,678600.00,Production Line,Quality Inspection,2024-06-14,2024-06-09,Generated move order item for Stator Core 1.5 kW.
1191,1191,100,11.000,11.000,No,18500.00,203500.00,Assembly,FG Store,2024-06-11,2024-06-10,Generated move order item for BLDC Motor 1.5 kW.
1192,1192,100,24.000,24.000,No,18500.00,444000.00,FG Store,Dispatch Dock,2024-06-13,2024-06-11,Generated move order item for BLDC Motor 1.5 kW.
1193,1193,23,52.000,52.000,No,120.00,6240.00,Maintenance Store,Maintenance Bay,2024-06-15,2024-06-12,Generated move order item for Bearing 6202-2RS.
1194,1194,1,494.000,494.000,No,1800.00,889200.00,Assembly Surplus,Central Warehouse,2024-06-17,2024-06-13,Generated move order item for Stator Core 1.5 kW.
1195,1195,1,296.000,296.000,No,1800.00,532800.00,Central Warehouse,Production Line,2024-06-19,2024-06-14,Generated move order item for Stator Core 1.5 kW.
1196,1196,1,344.000,344.000,No,1800.00,619200.00,Production Line,Quality Inspection,2024-06-16,2024-06-15,Generated move order item for Stator Core 1.5 kW.
1197,1197,100,24.000,24.000,No,18500.00,444000.00,Assembly,FG Store,2024-06-18,2024-06-16,Generated move order item for BLDC Motor 1.5 kW.
1198,1198,100,21.000,21.000,No,18500.00,388500.00,FG Store,Dispatch Dock,2024-06-20,2024-06-17,Generated move order item for BLDC Motor 1.5 kW.
1199,1199,23,81.000,81.000,No,120.00,9720.00,Maintenance Store,Maintenance Bay,2024-06-22,2024-06-18,Generated move order item for Bearing 6202-2RS.
1200,1200,1,426.000,426.000,No,1800.00,766800.00,Assembly Surplus,Central Warehouse,2024-06-24,2024-06-19,Generated move order item for Stator Core 1.5 kW.
1201,1201,1,74.000,74.000,No,1800.00,133200.00,Central Warehouse,Production Line,2024-06-21,2024-06-20,Generated move order item for Stator Core 1.5 kW.
1202,1202,1,292.000,292.000,No,1800.00,525600.00,Production Line,Quality Inspection,2024-06-23,2024-06-21,Generated move order item for Stator Core 1.5 kW.
1203,1203,100,48.000,48.000,No,18500.00,888000.00,Assembly,FG Store,2024-06-25,2024-06-22,Generated move order item for BLDC Motor 1.5 kW.
1204,1204,100,13.000,13.000,No,18500.00,240500.00,FG Store,Dispatch Dock,2024-06-27,2024-06-23,Generated move order item for BLDC Motor 1.5 kW.
1205,1205,23,67.000,67.000,No,120.00,8040.00,Maintenance Store,Maintenance Bay,2024-06-29,2024-06-24,Generated move order item for Bearing 6202-2RS.
1206,1206,1,263.000,263.000,No,1800.00,473400.00,Assembly Surplus,Central Warehouse,2024-06-26,2024-06-25,Generated move order item for Stator Core 1.5 kW.
1207,1207,1,278.000,278.000,No,1800.00,500400.00,Central Warehouse,Production Line,2024-06-28,2024-06-26,Generated move order item for Stator Core 1.5 kW.
1208,1208,1,317.000,317.000,No,1800.00,570600.00,Production Line,Quality Inspection,2024-06-30,2024-06-27,Generated move order item for Stator Core 1.5 kW.
1209,1209,100,53.000,53.000,No,18500.00,980500.00,Assembly,FG Store,2024-07-02,2024-06-28,Generated move order item for BLDC Motor 1.5 kW.
1210,1210,100,9.000,9.000,No,18500.00,166500.00,FG Store,Dispatch Dock,2024-07-04,2024-06-29,Generated move order item for BLDC Motor 1.5 kW.
1211,1211,23,24.000,24.000,No,120.00,2880.00,Maintenance Store,Maintenance Bay,2024-07-01,2024-06-30,Generated move order item for Bearing 6202-2RS.
1212,1212,1,205.000,205.000,No,1800.00,369000.00,Assembly Surplus,Central Warehouse,2024-07-03,2024-07-01,Generated move order item for Stator Core 1.5 kW.
1213,1213,1,411.000,411.000,No,1800.00,739800.00,Central Warehouse,Production Line,2024-07-05,2024-07-02,Generated move order item for Stator Core 1.5 kW.
1214,1214,1,317.000,317.000,No,1800.00,570600.00,Production Line,Quality Inspection,2024-07-07,2024-07-03,Generated move order item for Stator Core 1.5 kW.
1215,1215,100,15.000,15.000,No,18500.00,277500.00,Assembly,FG Store,2024-07-09,2024-07-04,Generated move order item for BLDC Motor 1.5 kW.
1216,1216,100,6.000,6.000,No,18500.00,111000.00,FG Store,Dispatch Dock,2024-07-06,2024-07-05,Generated move order item for BLDC Motor 1.5 kW.
1217,1217,23,100.000,100.000,No,120.00,12000.00,Maintenance Store,Maintenance Bay,2024-07-08,2024-07-06,Generated move order item for Bearing 6202-2RS.
1218,1218,1,112.000,112.000,No,1800.00,201600.00,Assembly Surplus,Central Warehouse,2024-07-10,2024-07-07,Generated move order item for Stator Core 1.5 kW.
1219,1219,1,64.000,64.000,No,1800.00,115200.00,Central Warehouse,Production Line,2024-07-12,2024-07-08,Generated move order item for Stator Core 1.5 kW.
1220,1220,1,233.000,233.000,No,1800.00,419400.00,Production Line,Quality Inspection,2024-07-14,2024-07-09,Generated move order item for Stator Core 1.5 kW.
1221,1221,100,35.000,35.000,No,18500.00,647500.00,Assembly,FG Store,2024-07-11,2024-07-10,Generated move order item for BLDC Motor 1.5 kW.
1222,1222,100,19.000,19.000,No,18500.00,351500.00,FG Store,Dispatch Dock,2024-07-13,2024-07-11,Generated move order item for BLDC Motor 1.5 kW.
1223,1223,23,21.000,21.000,No,120.00,2520.00,Maintenance Store,Maintenance Bay,2024-07-15,2024-07-12,Generated move order item for Bearing 6202-2RS.
1224,1224,1,89.000,89.000,No,1800.00,160200.00,Assembly Surplus,Central Warehouse,2024-07-17,2024-07-13,Generated move order item for Stator Core 1.5 kW.
1225,1225,1,233.000,233.000,No,1800.00,419400.00,Central Warehouse,Production Line,2024-07-19,2024-07-14,Generated move order item for Stator Core 1.5 kW.
1226,1226,1,479.000,479.000,No,1800.00,862200.00,Production Line,Quality Inspection,2024-07-16,2024-07-15,Generated move order item for Stator Core 1.5 kW.
1227,1227,100,13.000,13.000,No,18500.00,240500.00,Assembly,FG Store,2024-07-18,2024-07-16,Generated move order item for BLDC Motor 1.5 kW.
1228,1228,100,37.000,37.000,No,18500.00,684500.00,FG Store,Dispatch Dock,2024-07-20,2024-07-17,Generated move order item for BLDC Motor 1.5 kW.
1229,1229,23,23.000,23.000,No,120.00,2760.00,Maintenance Store,Maintenance Bay,2024-07-22,2024-07-18,Generated move order item for Bearing 6202-2RS.
1230,1230,1,353.000,353.000,No,1800.00,635400.00,Assembly Surplus,Central Warehouse,2024-07-24,2024-07-19,Generated move order item for Stator Core 1.5 kW.
1231,1231,1,77.000,77.000,No,1800.00,138600.00,Central Warehouse,Production Line,2024-07-21,2024-07-20,Generated move order item for Stator Core 1.5 kW.
1232,1232,1,141.000,141.000,No,1800.00,253800.00,Production Line,Quality Inspection,2024-07-23,2024-07-21,Generated move order item for Stator Core 1.5 kW.
1233,1233,100,5.000,5.000,No,18500.00,92500.00,Assembly,FG Store,2024-07-25,2024-07-22,Generated move order item for BLDC Motor 1.5 kW.
1234,1234,100,41.000,41.000,No,18500.00,758500.00,FG Store,Dispatch Dock,2024-07-27,2024-07-23,Generated move order item for BLDC Motor 1.5 kW.
1235,1235,23,74.000,74.000,No,120.00,8880.00,Maintenance Store,Maintenance Bay,2024-07-29,2024-07-24,Generated move order item for Bearing 6202-2RS.
1236,1236,1,127.000,127.000,No,1800.00,228600.00,Assembly Surplus,Central Warehouse,2024-07-26,2024-07-25,Generated move order item for Stator Core 1.5 kW.
1237,1237,1,254.000,254.000,No,1800.00,457200.00,Central Warehouse,Production Line,2024-07-28,2024-07-26,Generated move order item for Stator Core 1.5 kW.
1238,1238,1,182.000,182.000,No,1800.00,327600.00,Production Line,Quality Inspection,2024-07-30,2024-07-27,Generated move order item for Stator Core 1.5 kW.
1239,1239,100,7.000,7.000,No,18500.00,129500.00,Assembly,FG Store,2024-08-01,2024-07-28,Generated move order item for BLDC Motor 1.5 kW.
1240,1240,100,7.000,7.000,No,18500.00,129500.00,FG Store,Dispatch Dock,2024-08-03,2024-07-29,Generated move order item for BLDC Motor 1.5 kW.
1241,1241,23,95.000,95.000,No,120.00,11400.00,Maintenance Store,Maintenance Bay,2024-07-31,2024-07-30,Generated move order item for Bearing 6202-2RS.
1242,1242,1,341.000,341.000,No,1800.00,613800.00,Assembly Surplus,Central Warehouse,2024-08-02,2024-07-31,Generated move order item for Stator Core 1.5 kW.
1243,1243,1,350.000,350.000,No,1800.00,630000.00,Central Warehouse,Production Line,2024-08-04,2024-08-01,Generated move order item for Stator Core 1.5 kW.
1244,1244,1,183.000,183.000,No,1800.00,329400.00,Production Line,Quality Inspection,2024-08-06,2024-08-02,Generated move order item for Stator Core 1.5 kW.
1245,1245,100,19.000,19.000,No,18500.00,351500.00,Assembly,FG Store,2024-08-08,2024-08-03,Generated move order item for BLDC Motor 1.5 kW.
1246,1246,100,49.000,49.000,No,18500.00,906500.00,FG Store,Dispatch Dock,2024-08-05,2024-08-04,Generated move order item for BLDC Motor 1.5 kW.
1247,1247,23,47.000,47.000,No,120.00,5640.00,Maintenance Store,Maintenance Bay,2024-08-07,2024-08-05,Generated move order item for Bearing 6202-2RS.
1248,1248,1,96.000,96.000,No,1800.00,172800.00,Assembly Surplus,Central Warehouse,2024-08-09,2024-08-06,Generated move order item for Stator Core 1.5 kW.
1249,1249,1,270.000,270.000,No,1800.00,486000.00,Central Warehouse,Production Line,2024-08-11,2024-08-07,Generated move order item for Stator Core 1.5 kW.
1250,1250,1,285.000,285.000,No,1800.00,513000.00,Production Line,Quality Inspection,2024-08-13,2024-08-08,Generated move order item for Stator Core 1.5 kW.
1251,1251,100,36.000,36.000,No,18500.00,666000.00,Assembly,FG Store,2024-08-10,2024-08-09,Generated move order item for BLDC Motor 1.5 kW.
1252,1252,100,35.000,35.000,No,18500.00,647500.00,FG Store,Dispatch Dock,2024-08-12,2024-08-10,Generated move order item for BLDC Motor 1.5 kW.
1253,1253,23,87.000,87.000,No,120.00,10440.00,Maintenance Store,Maintenance Bay,2024-08-14,2024-08-11,Generated move order item for Bearing 6202-2RS.
1254,1254,1,160.000,160.000,No,1800.00,288000.00,Assembly Surplus,Central Warehouse,2024-08-16,2024-08-12,Generated move order item for Stator Core 1.5 kW.
1255,1255,1,316.000,316.000,No,1800.00,568800.00,Central Warehouse,Production Line,2024-08-18,2024-08-13,Generated move order item for Stator Core 1.5 kW.
1256,1256,1,450.000,450.000,No,1800.00,810000.00,Production Line,Quality Inspection,2024-08-15,2024-08-14,Generated move order item for Stator Core 1.5 kW.
1257,1257,100,59.000,59.000,No,18500.00,1091500.00,Assembly,FG Store,2024-08-17,2024-08-15,Generated move order item for BLDC Motor 1.5 kW.
1258,1258,100,59.000,59.000,No,18500.00,1091500.00,FG Store,Dispatch Dock,2024-08-19,2024-08-16,Generated move order item for BLDC Motor 1.5 kW.
1259,1259,23,74.000,74.000,No,120.00,8880.00,Maintenance Store,Maintenance Bay,2024-08-21,2024-08-17,Generated move order item for Bearing 6202-2RS.
1260,1260,1,98.000,98.000,No,1800.00,176400.00,Assembly Surplus,Central Warehouse,2024-08-23,2024-08-18,Generated move order item for Stator Core 1.5 kW.
1261,1261,1,495.000,495.000,No,1800.00,891000.00,Central Warehouse,Production Line,2024-08-20,2024-08-19,Generated move order item for Stator Core 1.5 kW.
1262,1262,1,64.000,64.000,No,1800.00,115200.00,Production Line,Quality Inspection,2024-08-22,2024-08-20,Generated move order item for Stator Core 1.5 kW.
1263,1263,100,35.000,35.000,No,18500.00,647500.00,Assembly,FG Store,2024-08-24,2024-08-21,Generated move order item for BLDC Motor 1.5 kW.
1264,1264,100,30.000,30.000,No,18500.00,555000.00,FG Store,Dispatch Dock,2024-08-26,2024-08-22,Generated move order item for BLDC Motor 1.5 kW.
1265,1265,23,70.000,70.000,No,120.00,8400.00,Maintenance Store,Maintenance Bay,2024-08-28,2024-08-23,Generated move order item for Bearing 6202-2RS.
1266,1266,1,403.000,403.000,No,1800.00,725400.00,Assembly Surplus,Central Warehouse,2024-08-25,2024-08-24,Generated move order item for Stator Core 1.5 kW.
1267,1267,1,382.000,382.000,No,1800.00,687600.00,Central Warehouse,Production Line,2024-08-27,2024-08-25,Generated move order item for Stator Core 1.5 kW.
1268,1268,1,152.000,152.000,No,1800.00,273600.00,Production Line,Quality Inspection,2024-08-29,2024-08-26,Generated move order item for Stator Core 1.5 kW.
1269,1269,100,47.000,47.000,No,18500.00,869500.00,Assembly,FG Store,2024-08-31,2024-08-27,Generated move order item for BLDC Motor 1.5 kW.
1270,1270,100,47.000,47.000,No,18500.00,869500.00,FG Store,Dispatch Dock,2024-09-02,2024-08-28,Generated move order item for BLDC Motor 1.5 kW.
1271,1271,23,7.000,7.000,No,120.00,840.00,Maintenance Store,Maintenance Bay,2024-08-30,2024-08-29,Generated move order item for Bearing 6202-2RS.
1272,1272,1,337.000,337.000,No,1800.00,606600.00,Assembly Surplus,Central Warehouse,2024-09-01,2024-08-30,Generated move order item for Stator Core 1.5 kW.
1273,1273,1,107.000,107.000,No,1800.00,192600.00,Central Warehouse,Production Line,2024-09-03,2024-08-31,Generated move order item for Stator Core 1.5 kW.
1274,1274,1,303.000,303.000,No,1800.00,545400.00,Production Line,Quality Inspection,2024-09-05,2024-09-01,Generated move order item for Stator Core 1.5 kW.
1275,1275,100,17.000,17.000,No,18500.00,314500.00,Assembly,FG Store,2024-09-07,2024-09-02,Generated move order item for BLDC Motor 1.5 kW.
1276,1276,100,25.000,25.000,No,18500.00,462500.00,FG Store,Dispatch Dock,2024-09-04,2024-09-03,Generated move order item for BLDC Motor 1.5 kW.
1277,1277,23,31.000,31.000,No,120.00,3720.00,Maintenance Store,Maintenance Bay,2024-09-06,2024-09-04,Generated move order item for Bearing 6202-2RS.
1278,1278,1,438.000,438.000,No,1800.00,788400.00,Assembly Surplus,Central Warehouse,2024-09-08,2024-09-05,Generated move order item for Stator Core 1.5 kW.
1279,1279,1,458.000,458.000,No,1800.00,824400.00,Central Warehouse,Production Line,2024-09-10,2024-09-06,Generated move order item for Stator Core 1.5 kW.
1280,1280,1,410.000,410.000,No,1800.00,738000.00,Production Line,Quality Inspection,2024-09-12,2024-09-07,Generated move order item for Stator Core 1.5 kW.
1281,1281,100,45.000,45.000,No,18500.00,832500.00,Assembly,FG Store,2024-09-09,2024-09-08,Generated move order item for BLDC Motor 1.5 kW.
1282,1282,100,25.000,25.000,No,18500.00,462500.00,FG Store,Dispatch Dock,2024-09-11,2024-09-09,Generated move order item for BLDC Motor 1.5 kW.
1283,1283,23,18.000,18.000,No,120.00,2160.00,Maintenance Store,Maintenance Bay,2024-09-13,2024-09-10,Generated move order item for Bearing 6202-2RS.
1284,1284,1,306.000,306.000,No,1800.00,550800.00,Assembly Surplus,Central Warehouse,2024-09-15,2024-09-11,Generated move order item for Stator Core 1.5 kW.
1285,1285,1,242.000,242.000,No,1800.00,435600.00,Central Warehouse,Production Line,2024-09-17,2024-09-12,Generated move order item for Stator Core 1.5 kW.
1286,1286,1,177.000,177.000,No,1800.00,318600.00,Production Line,Quality Inspection,2024-09-14,2024-09-13,Generated move order item for Stator Core 1.5 kW.
1287,1287,100,18.000,18.000,No,18500.00,333000.00,Assembly,FG Store,2024-09-16,2024-09-14,Generated move order item for BLDC Motor 1.5 kW.
1288,1288,100,14.000,14.000,No,18500.00,259000.00,FG Store,Dispatch Dock,2024-09-18,2024-09-15,Generated move order item for BLDC Motor 1.5 kW.
1289,1289,23,84.000,84.000,No,120.00,10080.00,Maintenance Store,Maintenance Bay,2024-09-20,2024-09-16,Generated move order item for Bearing 6202-2RS.
1290,1290,1,194.000,194.000,No,1800.00,349200.00,Assembly Surplus,Central Warehouse,2024-09-22,2024-09-17,Generated move order item for Stator Core 1.5 kW.
1291,1291,1,463.000,463.000,No,1800.00,833400.00,Central Warehouse,Production Line,2024-09-19,2024-09-18,Generated move order item for Stator Core 1.5 kW.
1292,1292,1,352.000,352.000,No,1800.00,633600.00,Production Line,Quality Inspection,2024-09-21,2024-09-19,Generated move order item for Stator Core 1.5 kW.
1293,1293,100,14.000,14.000,No,18500.00,259000.00,Assembly,FG Store,2024-09-23,2024-09-20,Generated move order item for BLDC Motor 1.5 kW.
1294,1294,100,8.000,8.000,No,18500.00,148000.00,FG Store,Dispatch Dock,2024-09-25,2024-09-21,Generated move order item for BLDC Motor 1.5 kW.
1295,1295,23,44.000,44.000,No,120.00,5280.00,Maintenance Store,Maintenance Bay,2024-09-27,2024-09-22,Generated move order item for Bearing 6202-2RS.
1296,1296,1,86.000,86.000,No,1800.00,154800.00,Assembly Surplus,Central Warehouse,2024-09-24,2024-09-23,Generated move order item for Stator Core 1.5 kW.
1297,1297,1,479.000,479.000,No,1800.00,862200.00,Central Warehouse,Production Line,2024-09-26,2024-09-24,Generated move order item for Stator Core 1.5 kW.
1298,1298,1,459.000,459.000,No,1800.00,826200.00,Production Line,Quality Inspection,2024-09-28,2024-09-25,Generated move order item for Stator Core 1.5 kW.
1299,1299,100,41.000,41.000,No,18500.00,758500.00,Assembly,FG Store,2024-09-30,2024-09-26,Generated move order item for BLDC Motor 1.5 kW.
1300,1300,100,21.000,21.000,No,18500.00,388500.00,FG Store,Dispatch Dock,2024-10-02,2024-09-27,Generated move order item for BLDC Motor 1.5 kW.
1301,1301,23,88.000,88.000,No,120.00,10560.00,Maintenance Store,Maintenance Bay,2024-09-29,2024-09-28,Generated move order item for Bearing 6202-2RS.
1302,1302,1,341.000,341.000,No,1800.00,613800.00,Assembly Surplus,Central Warehouse,2024-10-01,2024-09-29,Generated move order item for Stator Core 1.5 kW.
1303,1303,1,211.000,211.000,No,1800.00,379800.00,Central Warehouse,Production Line,2024-10-03,2024-09-30,Generated move order item for Stator Core 1.5 kW.
1304,1304,1,446.000,446.000,No,1800.00,802800.00,Production Line,Quality Inspection,2024-10-05,2024-10-01,Generated move order item for Stator Core 1.5 kW.
1305,1305,100,16.000,16.000,No,18500.00,296000.00,Assembly,FG Store,2024-10-07,2024-10-02,Generated move order item for BLDC Motor 1.5 kW.
1306,1306,100,36.000,36.000,No,18500.00,666000.00,FG Store,Dispatch Dock,2024-10-04,2024-10-03,Generated move order item for BLDC Motor 1.5 kW.
1307,1307,23,71.000,71.000,No,120.00,8520.00,Maintenance Store,Maintenance Bay,2024-10-06,2024-10-04,Generated move order item for Bearing 6202-2RS.
1308,1308,1,459.000,459.000,No,1800.00,826200.00,Assembly Surplus,Central Warehouse,2024-10-08,2024-10-05,Generated move order item for Stator Core 1.5 kW.
1309,1309,1,111.000,111.000,No,1800.00,199800.00,Central Warehouse,Production Line,2024-10-10,2024-10-06,Generated move order item for Stator Core 1.5 kW.
1310,1310,1,179.000,179.000,No,1800.00,322200.00,Production Line,Quality Inspection,2024-10-12,2024-10-07,Generated move order item for Stator Core 1.5 kW.
1311,1311,100,52.000,52.000,No,18500.00,962000.00,Assembly,FG Store,2024-10-09,2024-10-08,Generated move order item for BLDC Motor 1.5 kW.
1312,1312,100,32.000,32.000,No,18500.00,592000.00,FG Store,Dispatch Dock,2024-10-11,2024-10-09,Generated move order item for BLDC Motor 1.5 kW.
1313,1313,23,77.000,77.000,No,120.00,9240.00,Maintenance Store,Maintenance Bay,2024-10-13,2024-10-10,Generated move order item for Bearing 6202-2RS.
1314,1314,1,398.000,398.000,No,1800.00,716400.00,Assembly Surplus,Central Warehouse,2024-10-15,2024-10-11,Generated move order item for Stator Core 1.5 kW.
1315,1315,1,187.000,187.000,No,1800.00,336600.00,Central Warehouse,Production Line,2024-10-17,2024-10-12,Generated move order item for Stator Core 1.5 kW.
1316,1316,1,199.000,199.000,No,1800.00,358200.00,Production Line,Quality Inspection,2024-10-14,2024-10-13,Generated move order item for Stator Core 1.5 kW.
1317,1317,100,32.000,32.000,No,18500.00,592000.00,Assembly,FG Store,2024-10-16,2024-10-14,Generated move order item for BLDC Motor 1.5 kW.
1318,1318,100,6.000,6.000,No,18500.00,111000.00,FG Store,Dispatch Dock,2024-10-18,2024-10-15,Generated move order item for BLDC Motor 1.5 kW.
1319,1319,23,81.000,81.000,No,120.00,9720.00,Maintenance Store,Maintenance Bay,2024-10-20,2024-10-16,Generated move order item for Bearing 6202-2RS.
1320,1320,1,102.000,102.000,No,1800.00,183600.00,Assembly Surplus,Central Warehouse,2024-10-22,2024-10-17,Generated move order item for Stator Core 1.5 kW.
1321,1321,1,471.000,471.000,No,1800.00,847800.00,Central Warehouse,Production Line,2024-10-19,2024-10-18,Generated move order item for Stator Core 1.5 kW.
1322,1322,1,401.000,401.000,No,1800.00,721800.00,Production Line,Quality Inspection,2024-10-21,2024-10-19,Generated move order item for Stator Core 1.5 kW.
1323,1323,100,24.000,24.000,No,18500.00,444000.00,Assembly,FG Store,2024-10-23,2024-10-20,Generated move order item for BLDC Motor 1.5 kW.
1324,1324,100,9.000,9.000,No,18500.00,166500.00,FG Store,Dispatch Dock,2024-10-25,2024-10-21,Generated move order item for BLDC Motor 1.5 kW.
1325,1325,23,80.000,80.000,No,120.00,9600.00,Maintenance Store,Maintenance Bay,2024-10-27,2024-10-22,Generated move order item for Bearing 6202-2RS.
1326,1326,1,252.000,252.000,No,1800.00,453600.00,Assembly Surplus,Central Warehouse,2024-10-24,2024-10-23,Generated move order item for Stator Core 1.5 kW.
1327,1327,1,137.000,137.000,No,1800.00,246600.00,Central Warehouse,Production Line,2024-10-26,2024-10-24,Generated move order item for Stator Core 1.5 kW.
1328,1328,1,243.000,243.000,No,1800.00,437400.00,Production Line,Quality Inspection,2024-10-28,2024-10-25,Generated move order item for Stator Core 1.5 kW.
1329,1329,100,55.000,55.000,No,18500.00,1017500.00,Assembly,FG Store,2024-10-30,2024-10-26,Generated move order item for BLDC Motor 1.5 kW.
1330,1330,100,43.000,43.000,No,18500.00,795500.00,FG Store,Dispatch Dock,2024-11-01,2024-10-27,Generated move order item for BLDC Motor 1.5 kW.
1331,1331,23,70.000,70.000,No,120.00,8400.00,Maintenance Store,Maintenance Bay,2024-10-29,2024-10-28,Generated move order item for Bearing 6202-2RS.
1332,1332,1,282.000,282.000,No,1800.00,507600.00,Assembly Surplus,Central Warehouse,2024-10-31,2024-10-29,Generated move order item for Stator Core 1.5 kW.
1333,1333,1,118.000,118.000,No,1800.00,212400.00,Central Warehouse,Production Line,2024-11-02,2024-10-30,Generated move order item for Stator Core 1.5 kW.
1334,1334,1,478.000,478.000,No,1800.00,860400.00,Production Line,Quality Inspection,2024-11-04,2024-10-31,Generated move order item for Stator Core 1.5 kW.
1335,1335,100,46.000,46.000,No,18500.00,851000.00,Assembly,FG Store,2024-11-06,2024-11-01,Generated move order item for BLDC Motor 1.5 kW.
1336,1336,100,33.000,33.000,No,18500.00,610500.00,FG Store,Dispatch Dock,2024-11-03,2024-11-02,Generated move order item for BLDC Motor 1.5 kW.
1337,1337,23,74.000,74.000,No,120.00,8880.00,Maintenance Store,Maintenance Bay,2024-11-05,2024-11-03,Generated move order item for Bearing 6202-2RS.
1338,1338,1,213.000,213.000,No,1800.00,383400.00,Assembly Surplus,Central Warehouse,2024-11-07,2024-11-04,Generated move order item for Stator Core 1.5 kW.
1339,1339,1,384.000,384.000,No,1800.00,691200.00,Central Warehouse,Production Line,2024-11-09,2024-11-05,Generated move order item for Stator Core 1.5 kW.
1340,1340,1,486.000,486.000,No,1800.00,874800.00,Production Line,Quality Inspection,2024-11-11,2024-11-06,Generated move order item for Stator Core 1.5 kW.
1341,1341,100,24.000,24.000,No,18500.00,444000.00,Assembly,FG Store,2024-11-08,2024-11-07,Generated move order item for BLDC Motor 1.5 kW.
1342,1342,100,5.000,5.000,No,18500.00,92500.00,FG Store,Dispatch Dock,2024-11-10,2024-11-08,Generated move order item for BLDC Motor 1.5 kW.
1343,1343,23,76.000,76.000,No,120.00,9120.00,Maintenance Store,Maintenance Bay,2024-11-12,2024-11-09,Generated move order item for Bearing 6202-2RS.
1344,1344,1,434.000,434.000,No,1800.00,781200.00,Assembly Surplus,Central Warehouse,2024-11-14,2024-11-10,Generated move order item for Stator Core 1.5 kW.
1345,1345,1,422.000,422.000,No,1800.00,759600.00,Central Warehouse,Production Line,2024-11-16,2024-11-11,Generated move order item for Stator Core 1.5 kW.
1346,1346,1,489.000,489.000,No,1800.00,880200.00,Production Line,Quality Inspection,2024-11-13,2024-11-12,Generated move order item for Stator Core 1.5 kW.
1347,1347,100,24.000,24.000,No,18500.00,444000.00,Assembly,FG Store,2024-11-15,2024-11-13,Generated move order item for BLDC Motor 1.5 kW.
1348,1348,100,56.000,56.000,No,18500.00,1036000.00,FG Store,Dispatch Dock,2024-11-17,2024-11-14,Generated move order item for BLDC Motor 1.5 kW.
1349,1349,23,24.000,24.000,No,120.00,2880.00,Maintenance Store,Maintenance Bay,2024-11-19,2024-11-15,Generated move order item for Bearing 6202-2RS.
1350,1350,1,314.000,314.000,No,1800.00,565200.00,Assembly Surplus,Central Warehouse,2024-11-21,2024-11-16,Generated move order item for Stator Core 1.5 kW.
1351,1351,1,450.000,450.000,No,1800.00,810000.00,Central Warehouse,Production Line,2024-11-18,2024-11-17,Generated move order item for Stator Core 1.5 kW.
1352,1352,1,462.000,462.000,No,1800.00,831600.00,Production Line,Quality Inspection,2024-11-20,2024-11-18,Generated move order item for Stator Core 1.5 kW.
1353,1353,100,39.000,39.000,No,18500.00,721500.00,Assembly,FG Store,2024-11-22,2024-11-19,Generated move order item for BLDC Motor 1.5 kW.
1354,1354,100,35.000,35.000,No,18500.00,647500.00,FG Store,Dispatch Dock,2024-11-24,2024-11-20,Generated move order item for BLDC Motor 1.5 kW.
1355,1355,23,49.000,49.000,No,120.00,5880.00,Maintenance Store,Maintenance Bay,2024-11-26,2024-11-21,Generated move order item for Bearing 6202-2RS.
1356,1356,1,441.000,441.000,No,1800.00,793800.00,Assembly Surplus,Central Warehouse,2024-11-23,2024-11-22,Generated move order item for Stator Core 1.5 kW.
1357,1357,1,446.000,446.000,No,1800.00,802800.00,Central Warehouse,Production Line,2024-11-25,2024-11-23,Generated move order item for Stator Core 1.5 kW.
1358,1358,1,158.000,158.000,No,1800.00,284400.00,Production Line,Quality Inspection,2024-11-27,2024-11-24,Generated move order item for Stator Core 1.5 kW.
1359,1359,100,12.000,12.000,No,18500.00,222000.00,Assembly,FG Store,2024-11-29,2024-11-25,Generated move order item for BLDC Motor 1.5 kW.
1360,1360,100,50.000,50.000,No,18500.00,925000.00,FG Store,Dispatch Dock,2024-12-01,2024-11-26,Generated move order item for BLDC Motor 1.5 kW.
1361,1361,23,82.000,82.000,No,120.00,9840.00,Maintenance Store,Maintenance Bay,2024-11-28,2024-11-27,Generated move order item for Bearing 6202-2RS.
1362,1362,1,95.000,95.000,No,1800.00,171000.00,Assembly Surplus,Central Warehouse,2024-11-30,2024-11-28,Generated move order item for Stator Core 1.5 kW.
1363,1363,1,271.000,271.000,No,1800.00,487800.00,Central Warehouse,Production Line,2024-12-02,2024-11-29,Generated move order item for Stator Core 1.5 kW.
1364,1364,1,278.000,278.000,No,1800.00,500400.00,Production Line,Quality Inspection,2024-12-04,2024-11-30,Generated move order item for Stator Core 1.5 kW.
1365,1365,100,7.000,7.000,No,18500.00,129500.00,Assembly,FG Store,2024-12-06,2024-12-01,Generated move order item for BLDC Motor 1.5 kW.
1366,1366,100,42.000,42.000,No,18500.00,777000.00,FG Store,Dispatch Dock,2024-12-03,2024-12-02,Generated move order item for BLDC Motor 1.5 kW.
1367,1367,23,98.000,98.000,No,120.00,11760.00,Maintenance Store,Maintenance Bay,2024-12-05,2024-12-03,Generated move order item for Bearing 6202-2RS.
1368,1368,1,145.000,145.000,No,1800.00,261000.00,Assembly Surplus,Central Warehouse,2024-12-07,2024-12-04,Generated move order item for Stator Core 1.5 kW.
1369,1369,1,400.000,400.000,No,1800.00,720000.00,Central Warehouse,Production Line,2024-12-09,2024-12-05,Generated move order item for Stator Core 1.5 kW.
1370,1370,1,86.000,86.000,No,1800.00,154800.00,Production Line,Quality Inspection,2024-12-11,2024-12-06,Generated move order item for Stator Core 1.5 kW.
1371,1371,100,17.000,17.000,No,18500.00,314500.00,Assembly,FG Store,2024-12-08,2024-12-07,Generated move order item for BLDC Motor 1.5 kW.
1372,1372,100,36.000,36.000,No,18500.00,666000.00,FG Store,Dispatch Dock,2024-12-10,2024-12-08,Generated move order item for BLDC Motor 1.5 kW.
1373,1373,23,93.000,93.000,No,120.00,11160.00,Maintenance Store,Maintenance Bay,2024-12-12,2024-12-09,Generated move order item for Bearing 6202-2RS.
1374,1374,1,449.000,449.000,No,1800.00,808200.00,Assembly Surplus,Central Warehouse,2024-12-14,2024-12-10,Generated move order item for Stator Core 1.5 kW.
1375,1375,1,471.000,471.000,No,1800.00,847800.00,Central Warehouse,Production Line,2024-12-16,2024-12-11,Generated move order item for Stator Core 1.5 kW.
1376,1376,1,495.000,495.000,No,1800.00,891000.00,Production Line,Quality Inspection,2024-12-13,2024-12-12,Generated move order item for Stator Core 1.5 kW.
1377,1377,100,49.000,49.000,No,18500.00,906500.00,Assembly,FG Store,2024-12-15,2024-12-13,Generated move order item for BLDC Motor 1.5 kW.
1378,1378,100,25.000,25.000,No,18500.00,462500.00,FG Store,Dispatch Dock,2024-12-17,2024-12-14,Generated move order item for BLDC Motor 1.5 kW.
1379,1379,23,17.000,17.000,No,120.00,2040.00,Maintenance Store,Maintenance Bay,2024-12-19,2024-12-15,Generated move order item for Bearing 6202-2RS.
1380,1380,1,420.000,420.000,No,1800.00,756000.00,Assembly Surplus,Central Warehouse,2024-12-21,2024-12-16,Generated move order item for Stator Core 1.5 kW.
1381,1381,1,134.000,134.000,No,1800.00,241200.00,Central Warehouse,Production Line,2024-12-18,2024-12-17,Generated move order item for Stator Core 1.5 kW.
1382,1382,1,284.000,284.000,No,1800.00,511200.00,Production Line,Quality Inspection,2024-12-20,2024-12-18,Generated move order item for Stator Core 1.5 kW.
1383,1383,100,47.000,47.000,No,18500.00,869500.00,Assembly,FG Store,2024-12-22,2024-12-19,Generated move order item for BLDC Motor 1.5 kW.
1384,1384,100,6.000,6.000,No,18500.00,111000.00,FG Store,Dispatch Dock,2024-12-24,2024-12-20,Generated move order item for BLDC Motor 1.5 kW.
1385,1385,23,92.000,92.000,No,120.00,11040.00,Maintenance Store,Maintenance Bay,2024-12-26,2024-12-21,Generated move order item for Bearing 6202-2RS.
1386,1386,1,186.000,186.000,No,1800.00,334800.00,Assembly Surplus,Central Warehouse,2024-12-23,2024-12-22,Generated move order item for Stator Core 1.5 kW.
1387,1387,1,146.000,146.000,No,1800.00,262800.00,Central Warehouse,Production Line,2024-12-25,2024-12-23,Generated move order item for Stator Core 1.5 kW.
1388,1388,1,217.000,217.000,No,1800.00,390600.00,Production Line,Quality Inspection,2024-12-27,2024-12-24,Generated move order item for Stator Core 1.5 kW.
1389,1389,100,30.000,30.000,No,18500.00,555000.00,Assembly,FG Store,2024-12-29,2024-12-25,Generated move order item for BLDC Motor 1.5 kW.
1390,1390,100,30.000,30.000,No,18500.00,555000.00,FG Store,Dispatch Dock,2024-12-31,2024-12-26,Generated move order item for BLDC Motor 1.5 kW.
1391,1391,23,19.000,19.000,No,120.00,2280.00,Maintenance Store,Maintenance Bay,2024-12-28,2024-12-27,Generated move order item for Bearing 6202-2RS.
1392,1392,1,135.000,135.000,No,1800.00,243000.00,Assembly Surplus,Central Warehouse,2024-12-30,2024-12-28,Generated move order item for Stator Core 1.5 kW.
1393,1393,1,265.000,265.000,No,1800.00,477000.00,Central Warehouse,Production Line,2025-01-01,2024-12-29,Generated move order item for Stator Core 1.5 kW.
1394,1394,1,152.000,152.000,No,1800.00,273600.00,Production Line,Quality Inspection,2025-01-03,2024-12-30,Generated move order item for Stator Core 1.5 kW.
1395,1395,100,40.000,40.000,No,18500.00,740000.00,Assembly,FG Store,2025-01-05,2024-12-31,Generated move order item for BLDC Motor 1.5 kW.
1396,1396,100,55.000,55.000,No,18500.00,1017500.00,FG Store,Dispatch Dock,2025-01-02,2025-01-01,Generated move order item for BLDC Motor 1.5 kW.
1397,1397,23,6.000,6.000,No,120.00,720.00,Maintenance Store,Maintenance Bay,2025-01-04,2025-01-02,Generated move order item for Bearing 6202-2RS.
1398,1398,1,66.000,66.000,No,1800.00,118800.00,Assembly Surplus,Central Warehouse,2025-01-06,2025-01-03,Generated move order item for Stator Core 1.5 kW.
1399,1399,1,339.000,339.000,No,1800.00,610200.00,Central Warehouse,Production Line,2025-01-08,2025-01-04,Generated move order item for Stator Core 1.5 kW.
1400,1400,1,62.000,62.000,No,1800.00,111600.00,Production Line,Quality Inspection,2025-01-10,2025-01-05,Generated move order item for Stator Core 1.5 kW.
1401,1401,100,40.000,40.000,No,18500.00,740000.00,Assembly,FG Store,2025-01-07,2025-01-06,Generated move order item for BLDC Motor 1.5 kW.
1402,1402,100,32.000,32.000,No,18500.00,592000.00,FG Store,Dispatch Dock,2025-01-09,2025-01-07,Generated move order item for BLDC Motor 1.5 kW.
1403,1403,23,48.000,48.000,No,120.00,5760.00,Maintenance Store,Maintenance Bay,2025-01-11,2025-01-08,Generated move order item for Bearing 6202-2RS.
1404,1404,1,323.000,323.000,No,1800.00,581400.00,Assembly Surplus,Central Warehouse,2025-01-13,2025-01-09,Generated move order item for Stator Core 1.5 kW.
1405,1405,1,453.000,453.000,No,1800.00,815400.00,Central Warehouse,Production Line,2025-01-15,2025-01-10,Generated move order item for Stator Core 1.5 kW.
1406,1406,1,107.000,107.000,No,1800.00,192600.00,Production Line,Quality Inspection,2025-01-12,2025-01-11,Generated move order item for Stator Core 1.5 kW.
1407,1407,100,12.000,12.000,No,18500.00,222000.00,Assembly,FG Store,2025-01-14,2025-01-12,Generated move order item for BLDC Motor 1.5 kW.
1408,1408,100,44.000,44.000,No,18500.00,814000.00,FG Store,Dispatch Dock,2025-01-16,2025-01-13,Generated move order item for BLDC Motor 1.5 kW.
1409,1409,23,9.000,9.000,No,120.00,1080.00,Maintenance Store,Maintenance Bay,2025-01-18,2025-01-14,Generated move order item for Bearing 6202-2RS.
1410,1410,1,243.000,243.000,No,1800.00,437400.00,Assembly Surplus,Central Warehouse,2025-01-20,2025-01-15,Generated move order item for Stator Core 1.5 kW.
1411,1411,1,273.000,273.000,No,1800.00,491400.00,Central Warehouse,Production Line,2025-01-17,2025-01-16,Generated move order item for Stator Core 1.5 kW.
1412,1412,1,226.000,226.000,No,1800.00,406800.00,Production Line,Quality Inspection,2025-01-19,2025-01-17,Generated move order item for Stator Core 1.5 kW.
1413,1413,100,34.000,34.000,No,18500.00,629000.00,Assembly,FG Store,2025-01-21,2025-01-18,Generated move order item for BLDC Motor 1.5 kW.
1414,1414,100,11.000,11.000,No,18500.00,203500.00,FG Store,Dispatch Dock,2025-01-23,2025-01-19,Generated move order item for BLDC Motor 1.5 kW.
1415,1415,23,30.000,30.000,No,120.00,3600.00,Maintenance Store,Maintenance Bay,2025-01-25,2025-01-20,Generated move order item for Bearing 6202-2RS.
1416,1416,1,52.000,52.000,No,1800.00,93600.00,Assembly Surplus,Central Warehouse,2025-01-22,2025-01-21,Generated move order item for Stator Core 1.5 kW.
1417,1417,1,483.000,483.000,No,1800.00,869400.00,Central Warehouse,Production Line,2025-01-24,2025-01-22,Generated move order item for Stator Core 1.5 kW.
1418,1418,1,425.000,425.000,No,1800.00,765000.00,Production Line,Quality Inspection,2025-01-26,2025-01-23,Generated move order item for Stator Core 1.5 kW.
1419,1419,100,19.000,19.000,No,18500.00,351500.00,Assembly,FG Store,2025-01-28,2025-01-24,Generated move order item for BLDC Motor 1.5 kW.
1420,1420,100,7.000,7.000,No,18500.00,129500.00,FG Store,Dispatch Dock,2025-01-30,2025-01-25,Generated move order item for BLDC Motor 1.5 kW.
1421,1421,23,30.000,30.000,No,120.00,3600.00,Maintenance Store,Maintenance Bay,2025-01-27,2025-01-26,Generated move order item for Bearing 6202-2RS.
1422,1422,1,481.000,481.000,No,1800.00,865800.00,Assembly Surplus,Central Warehouse,2025-01-29,2025-01-27,Generated move order item for Stator Core 1.5 kW.
1423,1423,1,415.000,415.000,No,1800.00,747000.00,Central Warehouse,Production Line,2025-01-31,2025-01-28,Generated move order item for Stator Core 1.5 kW.
1424,1424,1,347.000,347.000,No,1800.00,624600.00,Production Line,Quality Inspection,2025-02-02,2025-01-29,Generated move order item for Stator Core 1.5 kW.
1425,1425,100,56.000,56.000,No,18500.00,1036000.00,Assembly,FG Store,2025-02-04,2025-01-30,Generated move order item for BLDC Motor 1.5 kW.
1426,1426,100,14.000,14.000,No,18500.00,259000.00,FG Store,Dispatch Dock,2025-02-01,2025-01-31,Generated move order item for BLDC Motor 1.5 kW.
1427,1427,23,56.000,56.000,No,120.00,6720.00,Maintenance Store,Maintenance Bay,2025-02-03,2025-02-01,Generated move order item for Bearing 6202-2RS.
1428,1428,1,408.000,408.000,No,1800.00,734400.00,Assembly Surplus,Central Warehouse,2025-02-05,2025-02-02,Generated move order item for Stator Core 1.5 kW.
1429,1429,1,58.000,58.000,No,1800.00,104400.00,Central Warehouse,Production Line,2025-02-07,2025-02-03,Generated move order item for Stator Core 1.5 kW.
1430,1430,1,246.000,246.000,No,1800.00,442800.00,Production Line,Quality Inspection,2025-02-09,2025-02-04,Generated move order item for Stator Core 1.5 kW.
1431,1431,100,24.000,24.000,No,18500.00,444000.00,Assembly,FG Store,2025-02-06,2025-02-05,Generated move order item for BLDC Motor 1.5 kW.
1432,1432,100,14.000,14.000,No,18500.00,259000.00,FG Store,Dispatch Dock,2025-02-08,2025-02-06,Generated move order item for BLDC Motor 1.5 kW.
1433,1433,23,26.000,26.000,No,120.00,3120.00,Maintenance Store,Maintenance Bay,2025-02-10,2025-02-07,Generated move order item for Bearing 6202-2RS.
1434,1434,1,486.000,486.000,No,1800.00,874800.00,Assembly Surplus,Central Warehouse,2025-02-12,2025-02-08,Generated move order item for Stator Core 1.5 kW.
1435,1435,1,280.000,280.000,No,1800.00,504000.00,Central Warehouse,Production Line,2025-02-14,2025-02-09,Generated move order item for Stator Core 1.5 kW.
1436,1436,1,86.000,86.000,No,1800.00,154800.00,Production Line,Quality Inspection,2025-02-11,2025-02-10,Generated move order item for Stator Core 1.5 kW.
1437,1437,100,43.000,43.000,No,18500.00,795500.00,Assembly,FG Store,2025-02-13,2025-02-11,Generated move order item for BLDC Motor 1.5 kW.
1438,1438,100,38.000,38.000,No,18500.00,703000.00,FG Store,Dispatch Dock,2025-02-15,2025-02-12,Generated move order item for BLDC Motor 1.5 kW.
1439,1439,23,42.000,42.000,No,120.00,5040.00,Maintenance Store,Maintenance Bay,2025-02-17,2025-02-13,Generated move order item for Bearing 6202-2RS.
1440,1440,1,229.000,229.000,No,1800.00,412200.00,Assembly Surplus,Central Warehouse,2025-02-19,2025-02-14,Generated move order item for Stator Core 1.5 kW.
1441,1441,1,292.000,292.000,No,1800.00,525600.00,Central Warehouse,Production Line,2025-02-16,2025-02-15,Generated move order item for Stator Core 1.5 kW.
1442,1442,1,468.000,468.000,No,1800.00,842400.00,Production Line,Quality Inspection,2025-02-18,2025-02-16,Generated move order item for Stator Core 1.5 kW.
1443,1443,100,47.000,47.000,No,18500.00,869500.00,Assembly,FG Store,2025-02-20,2025-02-17,Generated move order item for BLDC Motor 1.5 kW.
1444,1444,100,27.000,27.000,No,18500.00,499500.00,FG Store,Dispatch Dock,2025-02-22,2025-02-18,Generated move order item for BLDC Motor 1.5 kW.
1445,1445,23,28.000,28.000,No,120.00,3360.00,Maintenance Store,Maintenance Bay,2025-02-24,2025-02-19,Generated move order item for Bearing 6202-2RS.
1446,1446,1,99.000,99.000,No,1800.00,178200.00,Assembly Surplus,Central Warehouse,2025-02-21,2025-02-20,Generated move order item for Stator Core 1.5 kW.
1447,1447,1,138.000,138.000,No,1800.00,248400.00,Central Warehouse,Production Line,2025-02-23,2025-02-21,Generated move order item for Stator Core 1.5 kW.
1448,1448,1,111.000,111.000,No,1800.00,199800.00,Production Line,Quality Inspection,2025-02-25,2025-02-22,Generated move order item for Stator Core 1.5 kW.
1449,1449,100,50.000,50.000,No,18500.00,925000.00,Assembly,FG Store,2025-02-27,2025-02-23,Generated move order item for BLDC Motor 1.5 kW.
1450,1450,100,37.000,37.000,No,18500.00,684500.00,FG Store,Dispatch Dock,2025-03-01,2025-02-24,Generated move order item for BLDC Motor 1.5 kW.
1451,1451,23,8.000,8.000,No,120.00,960.00,Maintenance Store,Maintenance Bay,2025-02-26,2025-02-25,Generated move order item for Bearing 6202-2RS.
1452,1452,1,467.000,467.000,No,1800.00,840600.00,Assembly Surplus,Central Warehouse,2025-02-28,2025-02-26,Generated move order item for Stator Core 1.5 kW.
1453,1453,1,117.000,117.000,No,1800.00,210600.00,Central Warehouse,Production Line,2025-03-02,2025-02-27,Generated move order item for Stator Core 1.5 kW.
1454,1454,1,341.000,341.000,No,1800.00,613800.00,Production Line,Quality Inspection,2025-03-04,2025-02-28,Generated move order item for Stator Core 1.5 kW.
1455,1455,100,5.000,5.000,No,18500.00,92500.00,Assembly,FG Store,2025-03-06,2025-03-01,Generated move order item for BLDC Motor 1.5 kW.
1456,1456,100,37.000,37.000,No,18500.00,684500.00,FG Store,Dispatch Dock,2025-03-03,2025-03-02,Generated move order item for BLDC Motor 1.5 kW.
1457,1457,23,58.000,58.000,No,120.00,6960.00,Maintenance Store,Maintenance Bay,2025-03-05,2025-03-03,Generated move order item for Bearing 6202-2RS.
1458,1458,1,459.000,459.000,No,1800.00,826200.00,Assembly Surplus,Central Warehouse,2025-03-07,2025-03-04,Generated move order item for Stator Core 1.5 kW.
1459,1459,1,320.000,320.000,No,1800.00,576000.00,Central Warehouse,Production Line,2025-03-09,2025-03-05,Generated move order item for Stator Core 1.5 kW.
1460,1460,1,270.000,270.000,No,1800.00,486000.00,Production Line,Quality Inspection,2025-03-11,2025-03-06,Generated move order item for Stator Core 1.5 kW.
1461,1461,100,34.000,34.000,No,18500.00,629000.00,Assembly,FG Store,2025-03-08,2025-03-07,Generated move order item for BLDC Motor 1.5 kW.
1462,1462,100,40.000,40.000,No,18500.00,740000.00,FG Store,Dispatch Dock,2025-03-10,2025-03-08,Generated move order item for BLDC Motor 1.5 kW.
1463,1463,23,44.000,44.000,No,120.00,5280.00,Maintenance Store,Maintenance Bay,2025-03-12,2025-03-09,Generated move order item for Bearing 6202-2RS.
1464,1464,1,371.000,371.000,No,1800.00,667800.00,Assembly Surplus,Central Warehouse,2025-03-14,2025-03-10,Generated move order item for Stator Core 1.5 kW.
1465,1465,1,288.000,288.000,No,1800.00,518400.00,Central Warehouse,Production Line,2025-03-16,2025-03-11,Generated move order item for Stator Core 1.5 kW.
1466,1466,1,487.000,487.000,No,1800.00,876600.00,Production Line,Quality Inspection,2025-03-13,2025-03-12,Generated move order item for Stator Core 1.5 kW.
1467,1467,100,15.000,15.000,No,18500.00,277500.00,Assembly,FG Store,2025-03-15,2025-03-13,Generated move order item for BLDC Motor 1.5 kW.
1468,1468,100,45.000,45.000,No,18500.00,832500.00,FG Store,Dispatch Dock,2025-03-17,2025-03-14,Generated move order item for BLDC Motor 1.5 kW.
1469,1469,23,84.000,84.000,No,120.00,10080.00,Maintenance Store,Maintenance Bay,2025-03-19,2025-03-15,Generated move order item for Bearing 6202-2RS.
1470,1470,1,373.000,373.000,No,1800.00,671400.00,Assembly Surplus,Central Warehouse,2025-03-21,2025-03-16,Generated move order item for Stator Core 1.5 kW.
1471,1471,1,492.000,492.000,No,1800.00,885600.00,Central Warehouse,Production Line,2025-03-18,2025-03-17,Generated move order item for Stator Core 1.5 kW.
1472,1472,1,245.000,245.000,No,1800.00,441000.00,Production Line,Quality Inspection,2025-03-20,2025-03-18,Generated move order item for Stator Core 1.5 kW.
1473,1473,100,35.000,35.000,No,18500.00,647500.00,Assembly,FG Store,2025-03-22,2025-03-19,Generated move order item for BLDC Motor 1.5 kW.
1474,1474,100,13.000,13.000,No,18500.00,240500.00,FG Store,Dispatch Dock,2025-03-24,2025-03-20,Generated move order item for BLDC Motor 1.5 kW.
1475,1475,23,40.000,40.000,No,120.00,4800.00,Maintenance Store,Maintenance Bay,2025-03-26,2025-03-21,Generated move order item for Bearing 6202-2RS.
1476,1476,1,122.000,122.000,No,1800.00,219600.00,Assembly Surplus,Central Warehouse,2025-03-23,2025-03-22,Generated move order item for Stator Core 1.5 kW.
1477,1477,1,407.000,407.000,No,1800.00,732600.00,Central Warehouse,Production Line,2025-03-25,2025-03-23,Generated move order item for Stator Core 1.5 kW.
1478,1478,1,402.000,402.000,No,1800.00,723600.00,Production Line,Quality Inspection,2025-03-27,2025-03-24,Generated move order item for Stator Core 1.5 kW.
1479,1479,100,15.000,15.000,No,18500.00,277500.00,Assembly,FG Store,2025-03-29,2025-03-25,Generated move order item for BLDC Motor 1.5 kW.
1480,1480,100,49.000,49.000,No,18500.00,906500.00,FG Store,Dispatch Dock,2025-03-31,2025-03-26,Generated move order item for BLDC Motor 1.5 kW.
1481,1481,23,35.000,35.000,No,120.00,4200.00,Maintenance Store,Maintenance Bay,2025-03-28,2025-03-27,Generated move order item for Bearing 6202-2RS.
1482,1482,1,379.000,379.000,No,1800.00,682200.00,Assembly Surplus,Central Warehouse,2025-03-30,2025-03-28,Generated move order item for Stator Core 1.5 kW.
1483,1483,1,473.000,473.000,No,1800.00,851400.00,Central Warehouse,Production Line,2025-04-01,2025-03-29,Generated move order item for Stator Core 1.5 kW.
1484,1484,1,424.000,424.000,No,1800.00,763200.00,Production Line,Quality Inspection,2025-04-03,2025-03-30,Generated move order item for Stator Core 1.5 kW.
1485,1485,100,15.000,15.000,No,18500.00,277500.00,Assembly,FG Store,2025-04-05,2025-03-31,Generated move order item for BLDC Motor 1.5 kW.
1486,1486,100,15.000,15.000,No,18500.00,277500.00,FG Store,Dispatch Dock,2025-04-02,2025-04-01,Generated move order item for BLDC Motor 1.5 kW.
1487,1487,23,15.000,15.000,No,120.00,1800.00,Maintenance Store,Maintenance Bay,2025-04-04,2025-04-02,Generated move order item for Bearing 6202-2RS.
1488,1488,1,429.000,429.000,No,1800.00,772200.00,Assembly Surplus,Central Warehouse,2025-04-06,2025-04-03,Generated move order item for Stator Core 1.5 kW.
1489,1489,1,296.000,296.000,No,1800.00,532800.00,Central Warehouse,Production Line,2025-04-08,2025-04-04,Generated move order item for Stator Core 1.5 kW.
1490,1490,1,120.000,120.000,No,1800.00,216000.00,Production Line,Quality Inspection,2025-04-10,2025-04-05,Generated move order item for Stator Core 1.5 kW.
1491,1491,100,37.000,37.000,No,18500.00,684500.00,Assembly,FG Store,2025-04-07,2025-04-06,Generated move order item for BLDC Motor 1.5 kW.
1492,1492,100,34.000,34.000,No,18500.00,629000.00,FG Store,Dispatch Dock,2025-04-09,2025-04-07,Generated move order item for BLDC Motor 1.5 kW.
1493,1493,23,62.000,62.000,No,120.00,7440.00,Maintenance Store,Maintenance Bay,2025-04-11,2025-04-08,Generated move order item for Bearing 6202-2RS.
1494,1494,1,336.000,336.000,No,1800.00,604800.00,Assembly Surplus,Central Warehouse,2025-04-13,2025-04-09,Generated move order item for Stator Core 1.5 kW.
1495,1495,1,124.000,124.000,No,1800.00,223200.00,Central Warehouse,Production Line,2025-04-15,2025-04-10,Generated move order item for Stator Core 1.5 kW.
1496,1496,1,224.000,224.000,No,1800.00,403200.00,Production Line,Quality Inspection,2025-04-12,2025-04-11,Generated move order item for Stator Core 1.5 kW.
1497,1497,100,45.000,45.000,No,18500.00,832500.00,Assembly,FG Store,2025-04-14,2025-04-12,Generated move order item for BLDC Motor 1.5 kW.
1498,1498,100,55.000,55.000,No,18500.00,1017500.00,FG Store,Dispatch Dock,2025-04-16,2025-04-13,Generated move order item for BLDC Motor 1.5 kW.
1499,1499,23,28.000,28.000,No,120.00,3360.00,Maintenance Store,Maintenance Bay,2025-04-18,2025-04-14,Generated move order item for Bearing 6202-2RS.
1500,1500,1,307.000,307.000,No,1800.00,552600.00,Assembly Surplus,Central Warehouse,2025-04-20,2025-04-15,Generated move order item for Stator Core 1.5 kW.
1501,1501,1,477.000,477.000,No,1800.00,858600.00,Central Warehouse,Production Line,2025-04-17,2025-04-16,Generated move order item for Stator Core 1.5 kW.
1502,1502,1,321.000,321.000,No,1800.00,577800.00,Production Line,Quality Inspection,2025-04-19,2025-04-17,Generated move order item for Stator Core 1.5 kW.
1503,1503,100,17.000,17.000,No,18500.00,314500.00,Assembly,FG Store,2025-04-21,2025-04-18,Generated move order item for BLDC Motor 1.5 kW.
1504,1504,100,37.000,37.000,No,18500.00,684500.00,FG Store,Dispatch Dock,2025-04-23,2025-04-19,Generated move order item for BLDC Motor 1.5 kW.
1505,1505,23,6.000,6.000,No,120.00,720.00,Maintenance Store,Maintenance Bay,2025-04-25,2025-04-20,Generated move order item for Bearing 6202-2RS.
1506,1506,1,270.000,270.000,No,1800.00,486000.00,Assembly Surplus,Central Warehouse,2025-04-22,2025-04-21,Generated move order item for Stator Core 1.5 kW.
1507,1507,1,306.000,306.000,No,1800.00,550800.00,Central Warehouse,Production Line,2025-04-24,2025-04-22,Generated move order item for Stator Core 1.5 kW.
1508,1508,1,75.000,75.000,No,1800.00,135000.00,Production Line,Quality Inspection,2025-04-26,2025-04-23,Generated move order item for Stator Core 1.5 kW.
1509,1509,100,16.000,16.000,No,18500.00,296000.00,Assembly,FG Store,2025-04-28,2025-04-24,Generated move order item for BLDC Motor 1.5 kW.
1510,1510,100,60.000,60.000,No,18500.00,1110000.00,FG Store,Dispatch Dock,2025-04-30,2025-04-25,Generated move order item for BLDC Motor 1.5 kW.
1511,1511,23,65.000,65.000,No,120.00,7800.00,Maintenance Store,Maintenance Bay,2025-04-27,2025-04-26,Generated move order item for Bearing 6202-2RS.
1512,1512,1,256.000,256.000,No,1800.00,460800.00,Assembly Surplus,Central Warehouse,2025-04-29,2025-04-27,Generated move order item for Stator Core 1.5 kW.
1513,1513,1,153.000,153.000,No,1800.00,275400.00,Central Warehouse,Production Line,2025-05-01,2025-04-28,Generated move order item for Stator Core 1.5 kW.
1514,1514,1,105.000,105.000,No,1800.00,189000.00,Production Line,Quality Inspection,2025-05-03,2025-04-29,Generated move order item for Stator Core 1.5 kW.
1515,1515,100,28.000,28.000,No,18500.00,518000.00,Assembly,FG Store,2025-05-05,2025-04-30,Generated move order item for BLDC Motor 1.5 kW.
1516,1516,100,35.000,35.000,No,18500.00,647500.00,FG Store,Dispatch Dock,2025-05-02,2025-05-01,Generated move order item for BLDC Motor 1.5 kW.
1517,1517,23,22.000,22.000,No,120.00,2640.00,Maintenance Store,Maintenance Bay,2025-05-04,2025-05-02,Generated move order item for Bearing 6202-2RS.
1518,1518,1,411.000,411.000,No,1800.00,739800.00,Assembly Surplus,Central Warehouse,2025-05-06,2025-05-03,Generated move order item for Stator Core 1.5 kW.
1519,1519,1,243.000,243.000,No,1800.00,437400.00,Central Warehouse,Production Line,2025-05-08,2025-05-04,Generated move order item for Stator Core 1.5 kW.
1520,1520,1,75.000,75.000,No,1800.00,135000.00,Production Line,Quality Inspection,2025-05-10,2025-05-05,Generated move order item for Stator Core 1.5 kW.
1521,1521,100,12.000,12.000,No,18500.00,222000.00,Assembly,FG Store,2025-05-07,2025-05-06,Generated move order item for BLDC Motor 1.5 kW.
1522,1522,100,53.000,53.000,No,18500.00,980500.00,FG Store,Dispatch Dock,2025-05-09,2025-05-07,Generated move order item for BLDC Motor 1.5 kW.
1523,1523,23,37.000,37.000,No,120.00,4440.00,Maintenance Store,Maintenance Bay,2025-05-11,2025-05-08,Generated move order item for Bearing 6202-2RS.
1524,1524,1,218.000,218.000,No,1800.00,392400.00,Assembly Surplus,Central Warehouse,2025-05-13,2025-05-09,Generated move order item for Stator Core 1.5 kW.
1525,1525,1,139.000,139.000,No,1800.00,250200.00,Central Warehouse,Production Line,2025-05-15,2025-05-10,Generated move order item for Stator Core 1.5 kW.
1526,1526,1,414.000,414.000,No,1800.00,745200.00,Production Line,Quality Inspection,2025-05-12,2025-05-11,Generated move order item for Stator Core 1.5 kW.
1527,1527,100,50.000,50.000,No,18500.00,925000.00,Assembly,FG Store,2025-05-14,2025-05-12,Generated move order item for BLDC Motor 1.5 kW.
1528,1528,100,18.000,18.000,No,18500.00,333000.00,FG Store,Dispatch Dock,2025-05-16,2025-05-13,Generated move order item for BLDC Motor 1.5 kW.
1529,1529,23,75.000,75.000,No,120.00,9000.00,Maintenance Store,Maintenance Bay,2025-05-18,2025-05-14,Generated move order item for Bearing 6202-2RS.
1530,1530,1,253.000,253.000,No,1800.00,455400.00,Assembly Surplus,Central Warehouse,2025-05-20,2025-05-15,Generated move order item for Stator Core 1.5 kW.
1531,1531,1,125.000,125.000,No,1800.00,225000.00,Central Warehouse,Production Line,2025-05-17,2025-05-16,Generated move order item for Stator Core 1.5 kW.
1532,1532,1,408.000,408.000,No,1800.00,734400.00,Production Line,Quality Inspection,2025-05-19,2025-05-17,Generated move order item for Stator Core 1.5 kW.
1533,1533,100,9.000,9.000,No,18500.00,166500.00,Assembly,FG Store,2025-05-21,2025-05-18,Generated move order item for BLDC Motor 1.5 kW.
1534,1534,100,53.000,53.000,No,18500.00,980500.00,FG Store,Dispatch Dock,2025-05-23,2025-05-19,Generated move order item for BLDC Motor 1.5 kW.
1535,1535,23,7.000,7.000,No,120.00,840.00,Maintenance Store,Maintenance Bay,2025-05-25,2025-05-20,Generated move order item for Bearing 6202-2RS.
1536,1536,1,195.000,195.000,No,1800.00,351000.00,Assembly Surplus,Central Warehouse,2025-05-22,2025-05-21,Generated move order item for Stator Core 1.5 kW.
1537,1537,1,152.000,152.000,No,1800.00,273600.00,Central Warehouse,Production Line,2025-05-24,2025-05-22,Generated move order item for Stator Core 1.5 kW.
1538,1538,1,156.000,156.000,No,1800.00,280800.00,Production Line,Quality Inspection,2025-05-26,2025-05-23,Generated move order item for Stator Core 1.5 kW.
1539,1539,100,31.000,31.000,No,18500.00,573500.00,Assembly,FG Store,2025-05-28,2025-05-24,Generated move order item for BLDC Motor 1.5 kW.
1540,1540,100,47.000,47.000,No,18500.00,869500.00,FG Store,Dispatch Dock,2025-05-30,2025-05-25,Generated move order item for BLDC Motor 1.5 kW.
1541,1541,23,43.000,43.000,No,120.00,5160.00,Maintenance Store,Maintenance Bay,2025-05-27,2025-05-26,Generated move order item for Bearing 6202-2RS.
1542,1542,1,282.000,282.000,No,1800.00,507600.00,Assembly Surplus,Central Warehouse,2025-05-29,2025-05-27,Generated move order item for Stator Core 1.5 kW.
1543,1543,1,488.000,488.000,No,1800.00,878400.00,Central Warehouse,Production Line,2025-05-31,2025-05-28,Generated move order item for Stator Core 1.5 kW.
1544,1544,1,274.000,274.000,No,1800.00,493200.00,Production Line,Quality Inspection,2025-06-02,2025-05-29,Generated move order item for Stator Core 1.5 kW.
1545,1545,100,49.000,49.000,No,18500.00,906500.00,Assembly,FG Store,2025-06-04,2025-05-30,Generated move order item for BLDC Motor 1.5 kW.
1546,1546,100,26.000,26.000,No,18500.00,481000.00,FG Store,Dispatch Dock,2025-06-01,2025-05-31,Generated move order item for BLDC Motor 1.5 kW.
1547,1547,23,12.000,12.000,No,120.00,1440.00,Maintenance Store,Maintenance Bay,2025-06-03,2025-06-01,Generated move order item for Bearing 6202-2RS.
1548,1548,1,165.000,165.000,No,1800.00,297000.00,Assembly Surplus,Central Warehouse,2025-06-05,2025-06-02,Generated move order item for Stator Core 1.5 kW.
1549,1549,1,121.000,121.000,No,1800.00,217800.00,Central Warehouse,Production Line,2025-06-07,2025-06-03,Generated move order item for Stator Core 1.5 kW.
1550,1550,1,459.000,459.000,No,1800.00,826200.00,Production Line,Quality Inspection,2025-06-09,2025-06-04,Generated move order item for Stator Core 1.5 kW.
1551,1551,100,6.000,6.000,No,18500.00,111000.00,Assembly,FG Store,2025-06-06,2025-06-05,Generated move order item for BLDC Motor 1.5 kW.
1552,1552,100,51.000,51.000,No,18500.00,943500.00,FG Store,Dispatch Dock,2025-06-08,2025-06-06,Generated move order item for BLDC Motor 1.5 kW.
1553,1553,23,18.000,18.000,No,120.00,2160.00,Maintenance Store,Maintenance Bay,2025-06-10,2025-06-07,Generated move order item for Bearing 6202-2RS.
1554,1554,1,117.000,117.000,No,1800.00,210600.00,Assembly Surplus,Central Warehouse,2025-06-12,2025-06-08,Generated move order item for Stator Core 1.5 kW.
1555,1555,1,288.000,288.000,No,1800.00,518400.00,Central Warehouse,Production Line,2025-06-14,2025-06-09,Generated move order item for Stator Core 1.5 kW.
1556,1556,1,86.000,86.000,No,1800.00,154800.00,Production Line,Quality Inspection,2025-06-11,2025-06-10,Generated move order item for Stator Core 1.5 kW.
1557,1557,100,9.000,9.000,No,18500.00,166500.00,Assembly,FG Store,2025-06-13,2025-06-11,Generated move order item for BLDC Motor 1.5 kW.
1558,1558,100,48.000,48.000,No,18500.00,888000.00,FG Store,Dispatch Dock,2025-06-15,2025-06-12,Generated move order item for BLDC Motor 1.5 kW.
1559,1559,23,10.000,10.000,No,120.00,1200.00,Maintenance Store,Maintenance Bay,2025-06-17,2025-06-13,Generated move order item for Bearing 6202-2RS.
1560,1560,1,319.000,319.000,No,1800.00,574200.00,Assembly Surplus,Central Warehouse,2025-06-19,2025-06-14,Generated move order item for Stator Core 1.5 kW.
1561,1561,1,103.000,103.000,No,1800.00,185400.00,Central Warehouse,Production Line,2025-06-16,2025-06-15,Generated move order item for Stator Core 1.5 kW.
1562,1562,1,88.000,88.000,No,1800.00,158400.00,Production Line,Quality Inspection,2025-06-18,2025-06-16,Generated move order item for Stator Core 1.5 kW.
1563,1563,100,42.000,42.000,No,18500.00,777000.00,Assembly,FG Store,2025-06-20,2025-06-17,Generated move order item for BLDC Motor 1.5 kW.
1564,1564,100,26.000,26.000,No,18500.00,481000.00,FG Store,Dispatch Dock,2025-06-22,2025-06-18,Generated move order item for BLDC Motor 1.5 kW.
1565,1565,23,6.000,6.000,No,120.00,720.00,Maintenance Store,Maintenance Bay,2025-06-24,2025-06-19,Generated move order item for Bearing 6202-2RS.
1566,1566,1,357.000,357.000,No,1800.00,642600.00,Assembly Surplus,Central Warehouse,2025-06-21,2025-06-20,Generated move order item for Stator Core 1.5 kW.
1567,1567,1,487.000,487.000,No,1800.00,876600.00,Central Warehouse,Production Line,2025-06-23,2025-06-21,Generated move order item for Stator Core 1.5 kW.
1568,1568,1,303.000,303.000,No,1800.00,545400.00,Production Line,Quality Inspection,2025-06-25,2025-06-22,Generated move order item for Stator Core 1.5 kW.
1569,1569,100,26.000,26.000,No,18500.00,481000.00,Assembly,FG Store,2025-06-27,2025-06-23,Generated move order item for BLDC Motor 1.5 kW.
1570,1570,100,52.000,52.000,No,18500.00,962000.00,FG Store,Dispatch Dock,2025-06-29,2025-06-24,Generated move order item for BLDC Motor 1.5 kW.
1571,1571,23,37.000,37.000,No,120.00,4440.00,Maintenance Store,Maintenance Bay,2025-06-26,2025-06-25,Generated move order item for Bearing 6202-2RS.
1572,1572,1,326.000,326.000,No,1800.00,586800.00,Assembly Surplus,Central Warehouse,2025-06-28,2025-06-26,Generated move order item for Stator Core 1.5 kW.
1573,1573,1,264.000,264.000,No,1800.00,475200.00,Central Warehouse,Production Line,2025-06-30,2025-06-27,Generated move order item for Stator Core 1.5 kW.
1574,1574,1,377.000,377.000,No,1800.00,678600.00,Production Line,Quality Inspection,2025-07-02,2025-06-28,Generated move order item for Stator Core 1.5 kW.
1575,1575,100,34.000,34.000,No,18500.00,629000.00,Assembly,FG Store,2025-07-04,2025-06-29,Generated move order item for BLDC Motor 1.5 kW.
1576,1576,100,31.000,31.000,No,18500.00,573500.00,FG Store,Dispatch Dock,2025-07-01,2025-06-30,Generated move order item for BLDC Motor 1.5 kW.
1577,1577,23,45.000,45.000,No,120.00,5400.00,Maintenance Store,Maintenance Bay,2025-07-03,2025-07-01,Generated move order item for Bearing 6202-2RS.
1578,1578,1,183.000,183.000,No,1800.00,329400.00,Assembly Surplus,Central Warehouse,2025-07-05,2025-07-02,Generated move order item for Stator Core 1.5 kW.
1579,1579,1,269.000,269.000,No,1800.00,484200.00,Central Warehouse,Production Line,2025-07-07,2025-07-03,Generated move order item for Stator Core 1.5 kW.
1580,1580,1,77.000,77.000,No,1800.00,138600.00,Production Line,Quality Inspection,2025-07-09,2025-07-04,Generated move order item for Stator Core 1.5 kW.
1581,1581,100,24.000,24.000,No,18500.00,444000.00,Assembly,FG Store,2025-07-06,2025-07-05,Generated move order item for BLDC Motor 1.5 kW.
1582,1582,100,9.000,9.000,No,18500.00,166500.00,FG Store,Dispatch Dock,2025-07-08,2025-07-06,Generated move order item for BLDC Motor 1.5 kW.
1583,1583,23,35.000,35.000,No,120.00,4200.00,Maintenance Store,Maintenance Bay,2025-07-10,2025-07-07,Generated move order item for Bearing 6202-2RS.
1584,1584,1,208.000,208.000,No,1800.00,374400.00,Assembly Surplus,Central Warehouse,2025-07-12,2025-07-08,Generated move order item for Stator Core 1.5 kW.
1585,1585,1,62.000,62.000,No,1800.00,111600.00,Central Warehouse,Production Line,2025-07-14,2025-07-09,Generated move order item for Stator Core 1.5 kW.
1586,1586,1,183.000,183.000,No,1800.00,329400.00,Production Line,Quality Inspection,2025-07-11,2025-07-10,Generated move order item for Stator Core 1.5 kW.
1587,1587,100,42.000,42.000,No,18500.00,777000.00,Assembly,FG Store,2025-07-13,2025-07-11,Generated move order item for BLDC Motor 1.5 kW.
1588,1588,100,59.000,59.000,No,18500.00,1091500.00,FG Store,Dispatch Dock,2025-07-15,2025-07-12,Generated move order item for BLDC Motor 1.5 kW.
1589,1589,23,64.000,64.000,No,120.00,7680.00,Maintenance Store,Maintenance Bay,2025-07-17,2025-07-13,Generated move order item for Bearing 6202-2RS.
1590,1590,1,371.000,371.000,No,1800.00,667800.00,Assembly Surplus,Central Warehouse,2025-07-19,2025-07-14,Generated move order item for Stator Core 1.5 kW.
1591,1591,1,351.000,351.000,No,1800.00,631800.00,Central Warehouse,Production Line,2025-07-16,2025-07-15,Generated move order item for Stator Core 1.5 kW.
1592,1592,1,475.000,475.000,No,1800.00,855000.00,Production Line,Quality Inspection,2025-07-18,2025-07-16,Generated move order item for Stator Core 1.5 kW.
1593,1593,100,57.000,57.000,No,18500.00,1054500.00,Assembly,FG Store,2025-07-20,2025-07-17,Generated move order item for BLDC Motor 1.5 kW.
1594,1594,100,11.000,11.000,No,18500.00,203500.00,FG Store,Dispatch Dock,2025-07-22,2025-07-18,Generated move order item for BLDC Motor 1.5 kW.
1595,1595,23,50.000,50.000,No,120.00,6000.00,Maintenance Store,Maintenance Bay,2025-07-24,2025-07-19,Generated move order item for Bearing 6202-2RS.
1596,1596,1,459.000,459.000,No,1800.00,826200.00,Assembly Surplus,Central Warehouse,2025-07-21,2025-07-20,Generated move order item for Stator Core 1.5 kW.
1597,1597,1,447.000,447.000,No,1800.00,804600.00,Central Warehouse,Production Line,2025-07-23,2025-07-21,Generated move order item for Stator Core 1.5 kW.
1598,1598,1,291.000,291.000,No,1800.00,523800.00,Production Line,Quality Inspection,2025-07-25,2025-07-22,Generated move order item for Stator Core 1.5 kW.
1599,1599,100,29.000,29.000,No,18500.00,536500.00,Assembly,FG Store,2025-07-27,2025-07-23,Generated move order item for BLDC Motor 1.5 kW.
1600,1600,100,8.000,8.000,No,18500.00,148000.00,FG Store,Dispatch Dock,2025-07-29,2025-07-24,Generated move order item for BLDC Motor 1.5 kW.
1601,1601,23,50.000,50.000,No,120.00,6000.00,Maintenance Store,Maintenance Bay,2025-07-26,2025-07-25,Generated move order item for Bearing 6202-2RS.
1602,1602,1,278.000,278.000,No,1800.00,500400.00,Assembly Surplus,Central Warehouse,2025-07-28,2025-07-26,Generated move order item for Stator Core 1.5 kW.
1603,1603,1,335.000,335.000,No,1800.00,603000.00,Central Warehouse,Production Line,2025-07-30,2025-07-27,Generated move order item for Stator Core 1.5 kW.
1604,1604,1,285.000,285.000,No,1800.00,513000.00,Production Line,Quality Inspection,2025-08-01,2025-07-28,Generated move order item for Stator Core 1.5 kW.
1605,1605,100,17.000,17.000,No,18500.00,314500.00,Assembly,FG Store,2025-08-03,2025-07-29,Generated move order item for BLDC Motor 1.5 kW.
1606,1606,100,59.000,59.000,No,18500.00,1091500.00,FG Store,Dispatch Dock,2025-07-31,2025-07-30,Generated move order item for BLDC Motor 1.5 kW.
1607,1607,23,25.000,25.000,No,120.00,3000.00,Maintenance Store,Maintenance Bay,2025-08-02,2025-07-31,Generated move order item for Bearing 6202-2RS.
1608,1608,1,222.000,222.000,No,1800.00,399600.00,Assembly Surplus,Central Warehouse,2025-08-04,2025-08-01,Generated move order item for Stator Core 1.5 kW.
1609,1609,1,279.000,279.000,No,1800.00,502200.00,Central Warehouse,Production Line,2025-08-06,2025-08-02,Generated move order item for Stator Core 1.5 kW.
1610,1610,1,182.000,182.000,No,1800.00,327600.00,Production Line,Quality Inspection,2025-08-08,2025-08-03,Generated move order item for Stator Core 1.5 kW.
1611,1611,100,8.000,8.000,No,18500.00,148000.00,Assembly,FG Store,2025-08-05,2025-08-04,Generated move order item for BLDC Motor 1.5 kW.
1612,1612,100,39.000,39.000,No,18500.00,721500.00,FG Store,Dispatch Dock,2025-08-07,2025-08-05,Generated move order item for BLDC Motor 1.5 kW.
1613,1613,23,27.000,27.000,No,120.00,3240.00,Maintenance Store,Maintenance Bay,2025-08-09,2025-08-06,Generated move order item for Bearing 6202-2RS.
1614,1614,1,446.000,446.000,No,1800.00,802800.00,Assembly Surplus,Central Warehouse,2025-08-11,2025-08-07,Generated move order item for Stator Core 1.5 kW.
1615,1615,1,407.000,407.000,No,1800.00,732600.00,Central Warehouse,Production Line,2025-08-13,2025-08-08,Generated move order item for Stator Core 1.5 kW.
1616,1616,1,243.000,243.000,No,1800.00,437400.00,Production Line,Quality Inspection,2025-08-10,2025-08-09,Generated move order item for Stator Core 1.5 kW.
1617,1617,100,30.000,30.000,No,18500.00,555000.00,Assembly,FG Store,2025-08-12,2025-08-10,Generated move order item for BLDC Motor 1.5 kW.
1618,1618,100,58.000,58.000,No,18500.00,1073000.00,FG Store,Dispatch Dock,2025-08-14,2025-08-11,Generated move order item for BLDC Motor 1.5 kW.
1619,1619,23,7.000,7.000,No,120.00,840.00,Maintenance Store,Maintenance Bay,2025-08-16,2025-08-12,Generated move order item for Bearing 6202-2RS.
1620,1620,1,220.000,220.000,No,1800.00,396000.00,Assembly Surplus,Central Warehouse,2025-08-18,2025-08-13,Generated move order item for Stator Core 1.5 kW.
1621,1621,1,77.000,77.000,No,1800.00,138600.00,Central Warehouse,Production Line,2025-08-15,2025-08-14,Generated move order item for Stator Core 1.5 kW.
1622,1622,1,112.000,112.000,No,1800.00,201600.00,Production Line,Quality Inspection,2025-08-17,2025-08-15,Generated move order item for Stator Core 1.5 kW.
1623,1623,100,56.000,56.000,No,18500.00,1036000.00,Assembly,FG Store,2025-08-19,2025-08-16,Generated move order item for BLDC Motor 1.5 kW.
1624,1624,100,10.000,10.000,No,18500.00,185000.00,FG Store,Dispatch Dock,2025-08-21,2025-08-17,Generated move order item for BLDC Motor 1.5 kW.
1625,1625,23,96.000,96.000,No,120.00,11520.00,Maintenance Store,Maintenance Bay,2025-08-23,2025-08-18,Generated move order item for Bearing 6202-2RS.
1626,1626,1,403.000,403.000,No,1800.00,725400.00,Assembly Surplus,Central Warehouse,2025-08-20,2025-08-19,Generated move order item for Stator Core 1.5 kW.
1627,1627,1,339.000,339.000,No,1800.00,610200.00,Central Warehouse,Production Line,2025-08-22,2025-08-20,Generated move order item for Stator Core 1.5 kW.
1628,1628,1,384.000,384.000,No,1800.00,691200.00,Production Line,Quality Inspection,2025-08-24,2025-08-21,Generated move order item for Stator Core 1.5 kW.
1629,1629,100,15.000,15.000,No,18500.00,277500.00,Assembly,FG Store,2025-08-26,2025-08-22,Generated move order item for BLDC Motor 1.5 kW.
1630,1630,100,11.000,11.000,No,18500.00,203500.00,FG Store,Dispatch Dock,2025-08-28,2025-08-23,Generated move order item for BLDC Motor 1.5 kW.
1631,1631,23,40.000,40.000,No,120.00,4800.00,Maintenance Store,Maintenance Bay,2025-08-25,2025-08-24,Generated move order item for Bearing 6202-2RS.
1632,1632,1,394.000,394.000,No,1800.00,709200.00,Assembly Surplus,Central Warehouse,2025-08-27,2025-08-25,Generated move order item for Stator Core 1.5 kW.
1633,1633,1,187.000,187.000,No,1800.00,336600.00,Central Warehouse,Production Line,2025-08-29,2025-08-26,Generated move order item for Stator Core 1.5 kW.
1634,1634,1,129.000,129.000,No,1800.00,232200.00,Production Line,Quality Inspection,2025-08-31,2025-08-27,Generated move order item for Stator Core 1.5 kW.
1635,1635,100,48.000,48.000,No,18500.00,888000.00,Assembly,FG Store,2025-09-02,2025-08-28,Generated move order item for BLDC Motor 1.5 kW.
1636,1636,100,40.000,40.000,No,18500.00,740000.00,FG Store,Dispatch Dock,2025-08-30,2025-08-29,Generated move order item for BLDC Motor 1.5 kW.
1637,1637,23,56.000,56.000,No,120.00,6720.00,Maintenance Store,Maintenance Bay,2025-09-01,2025-08-30,Generated move order item for Bearing 6202-2RS.
1638,1638,1,235.000,235.000,No,1800.00,423000.00,Assembly Surplus,Central Warehouse,2025-09-03,2025-08-31,Generated move order item for Stator Core 1.5 kW.
1639,1639,1,401.000,401.000,No,1800.00,721800.00,Central Warehouse,Production Line,2025-09-05,2025-09-01,Generated move order item for Stator Core 1.5 kW.
1640,1640,1,381.000,381.000,No,1800.00,685800.00,Production Line,Quality Inspection,2025-09-07,2025-09-02,Generated move order item for Stator Core 1.5 kW.
1641,1641,100,25.000,25.000,No,18500.00,462500.00,Assembly,FG Store,2025-09-04,2025-09-03,Generated move order item for BLDC Motor 1.5 kW.
1642,1642,100,12.000,12.000,No,18500.00,222000.00,FG Store,Dispatch Dock,2025-09-06,2025-09-04,Generated move order item for BLDC Motor 1.5 kW.
1643,1643,23,88.000,88.000,No,120.00,10560.00,Maintenance Store,Maintenance Bay,2025-09-08,2025-09-05,Generated move order item for Bearing 6202-2RS.
1644,1644,1,111.000,111.000,No,1800.00,199800.00,Assembly Surplus,Central Warehouse,2025-09-10,2025-09-06,Generated move order item for Stator Core 1.5 kW.
1645,1645,1,243.000,243.000,No,1800.00,437400.00,Central Warehouse,Production Line,2025-09-12,2025-09-07,Generated move order item for Stator Core 1.5 kW.
1646,1646,1,454.000,454.000,No,1800.00,817200.00,Production Line,Quality Inspection,2025-09-09,2025-09-08,Generated move order item for Stator Core 1.5 kW.
1647,1647,100,28.000,28.000,No,18500.00,518000.00,Assembly,FG Store,2025-09-11,2025-09-09,Generated move order item for BLDC Motor 1.5 kW.
1648,1648,100,51.000,51.000,No,18500.00,943500.00,FG Store,Dispatch Dock,2025-09-13,2025-09-10,Generated move order item for BLDC Motor 1.5 kW.
1649,1649,23,51.000,51.000,No,120.00,6120.00,Maintenance Store,Maintenance Bay,2025-09-15,2025-09-11,Generated move order item for Bearing 6202-2RS.
1650,1650,1,386.000,386.000,No,1800.00,694800.00,Assembly Surplus,Central Warehouse,2025-09-17,2025-09-12,Generated move order item for Stator Core 1.5 kW.
1651,1651,1,316.000,316.000,No,1800.00,568800.00,Central Warehouse,Production Line,2025-09-14,2025-09-13,Generated move order item for Stator Core 1.5 kW.
1652,1652,1,176.000,176.000,No,1800.00,316800.00,Production Line,Quality Inspection,2025-09-16,2025-09-14,Generated move order item for Stator Core 1.5 kW.
1653,1653,100,55.000,55.000,No,18500.00,1017500.00,Assembly,FG Store,2025-09-18,2025-09-15,Generated move order item for BLDC Motor 1.5 kW.
1654,1654,100,31.000,31.000,No,18500.00,573500.00,FG Store,Dispatch Dock,2025-09-20,2025-09-16,Generated move order item for BLDC Motor 1.5 kW.
1655,1655,23,48.000,48.000,No,120.00,5760.00,Maintenance Store,Maintenance Bay,2025-09-22,2025-09-17,Generated move order item for Bearing 6202-2RS.
1656,1656,1,347.000,347.000,No,1800.00,624600.00,Assembly Surplus,Central Warehouse,2025-09-19,2025-09-18,Generated move order item for Stator Core 1.5 kW.
1657,1657,1,469.000,469.000,No,1800.00,844200.00,Central Warehouse,Production Line,2025-09-21,2025-09-19,Generated move order item for Stator Core 1.5 kW.
1658,1658,1,443.000,443.000,No,1800.00,797400.00,Production Line,Quality Inspection,2025-09-23,2025-09-20,Generated move order item for Stator Core 1.5 kW.
1659,1659,100,27.000,27.000,No,18500.00,499500.00,Assembly,FG Store,2025-09-25,2025-09-21,Generated move order item for BLDC Motor 1.5 kW.
1660,1660,100,17.000,17.000,No,18500.00,314500.00,FG Store,Dispatch Dock,2025-09-27,2025-09-22,Generated move order item for BLDC Motor 1.5 kW.
1661,1661,23,36.000,36.000,No,120.00,4320.00,Maintenance Store,Maintenance Bay,2025-09-24,2025-09-23,Generated move order item for Bearing 6202-2RS.
1662,1662,1,168.000,168.000,No,1800.00,302400.00,Assembly Surplus,Central Warehouse,2025-09-26,2025-09-24,Generated move order item for Stator Core 1.5 kW.
1663,1663,1,183.000,183.000,No,1800.00,329400.00,Central Warehouse,Production Line,2025-09-28,2025-09-25,Generated move order item for Stator Core 1.5 kW.
1664,1664,1,244.000,244.000,No,1800.00,439200.00,Production Line,Quality Inspection,2025-09-30,2025-09-26,Generated move order item for Stator Core 1.5 kW.
1665,1665,100,6.000,6.000,No,18500.00,111000.00,Assembly,FG Store,2025-10-02,2025-09-27,Generated move order item for BLDC Motor 1.5 kW.
1666,1666,100,34.000,34.000,No,18500.00,629000.00,FG Store,Dispatch Dock,2025-09-29,2025-09-28,Generated move order item for BLDC Motor 1.5 kW.
1667,1667,23,86.000,86.000,No,120.00,10320.00,Maintenance Store,Maintenance Bay,2025-10-01,2025-09-29,Generated move order item for Bearing 6202-2RS.
1668,1668,1,244.000,244.000,No,1800.00,439200.00,Assembly Surplus,Central Warehouse,2025-10-03,2025-09-30,Generated move order item for Stator Core 1.5 kW.
1669,1669,1,85.000,85.000,No,1800.00,153000.00,Central Warehouse,Production Line,2025-10-05,2025-10-01,Generated move order item for Stator Core 1.5 kW.
1670,1670,1,225.000,225.000,No,1800.00,405000.00,Production Line,Quality Inspection,2025-10-07,2025-10-02,Generated move order item for Stator Core 1.5 kW.
1671,1671,100,23.000,23.000,No,18500.00,425500.00,Assembly,FG Store,2025-10-04,2025-10-03,Generated move order item for BLDC Motor 1.5 kW.
1672,1672,100,38.000,38.000,No,18500.00,703000.00,FG Store,Dispatch Dock,2025-10-06,2025-10-04,Generated move order item for BLDC Motor 1.5 kW.
1673,1673,23,29.000,29.000,No,120.00,3480.00,Maintenance Store,Maintenance Bay,2025-10-08,2025-10-05,Generated move order item for Bearing 6202-2RS.
1674,1674,1,185.000,185.000,No,1800.00,333000.00,Assembly Surplus,Central Warehouse,2025-10-10,2025-10-06,Generated move order item for Stator Core 1.5 kW.
1675,1675,1,385.000,385.000,No,1800.00,693000.00,Central Warehouse,Production Line,2025-10-12,2025-10-07,Generated move order item for Stator Core 1.5 kW.
1676,1676,1,129.000,129.000,No,1800.00,232200.00,Production Line,Quality Inspection,2025-10-09,2025-10-08,Generated move order item for Stator Core 1.5 kW.
1677,1677,100,57.000,57.000,No,18500.00,1054500.00,Assembly,FG Store,2025-10-11,2025-10-09,Generated move order item for BLDC Motor 1.5 kW.
1678,1678,100,21.000,21.000,No,18500.00,388500.00,FG Store,Dispatch Dock,2025-10-13,2025-10-10,Generated move order item for BLDC Motor 1.5 kW.
1679,1679,23,83.000,83.000,No,120.00,9960.00,Maintenance Store,Maintenance Bay,2025-10-15,2025-10-11,Generated move order item for Bearing 6202-2RS.
1680,1680,1,86.000,86.000,No,1800.00,154800.00,Assembly Surplus,Central Warehouse,2025-10-17,2025-10-12,Generated move order item for Stator Core 1.5 kW.
1681,1681,1,194.000,194.000,No,1800.00,349200.00,Central Warehouse,Production Line,2025-10-14,2025-10-13,Generated move order item for Stator Core 1.5 kW.
1682,1682,1,220.000,220.000,No,1800.00,396000.00,Production Line,Quality Inspection,2025-10-16,2025-10-14,Generated move order item for Stator Core 1.5 kW.
1683,1683,100,30.000,30.000,No,18500.00,555000.00,Assembly,FG Store,2025-10-18,2025-10-15,Generated move order item for BLDC Motor 1.5 kW.
1684,1684,100,10.000,10.000,No,18500.00,185000.00,FG Store,Dispatch Dock,2025-10-20,2025-10-16,Generated move order item for BLDC Motor 1.5 kW.
1685,1685,23,28.000,28.000,No,120.00,3360.00,Maintenance Store,Maintenance Bay,2025-10-22,2025-10-17,Generated move order item for Bearing 6202-2RS.
1686,1686,1,445.000,445.000,No,1800.00,801000.00,Assembly Surplus,Central Warehouse,2025-10-19,2025-10-18,Generated move order item for Stator Core 1.5 kW.
1687,1687,1,466.000,466.000,No,1800.00,838800.00,Central Warehouse,Production Line,2025-10-21,2025-10-19,Generated move order item for Stator Core 1.5 kW.
1688,1688,1,248.000,248.000,No,1800.00,446400.00,Production Line,Quality Inspection,2025-10-23,2025-10-20,Generated move order item for Stator Core 1.5 kW.
1689,1689,100,11.000,11.000,No,18500.00,203500.00,Assembly,FG Store,2025-10-25,2025-10-21,Generated move order item for BLDC Motor 1.5 kW.
1690,1690,100,20.000,20.000,No,18500.00,370000.00,FG Store,Dispatch Dock,2025-10-27,2025-10-22,Generated move order item for BLDC Motor 1.5 kW.
1691,1691,23,96.000,96.000,No,120.00,11520.00,Maintenance Store,Maintenance Bay,2025-10-24,2025-10-23,Generated move order item for Bearing 6202-2RS.
1692,1692,1,464.000,464.000,No,1800.00,835200.00,Assembly Surplus,Central Warehouse,2025-10-26,2025-10-24,Generated move order item for Stator Core 1.5 kW.
1693,1693,1,416.000,416.000,No,1800.00,748800.00,Central Warehouse,Production Line,2025-10-28,2025-10-25,Generated move order item for Stator Core 1.5 kW.
1694,1694,1,439.000,439.000,No,1800.00,790200.00,Production Line,Quality Inspection,2025-10-30,2025-10-26,Generated move order item for Stator Core 1.5 kW.
1695,1695,100,44.000,44.000,No,18500.00,814000.00,Assembly,FG Store,2025-11-01,2025-10-27,Generated move order item for BLDC Motor 1.5 kW.
1696,1696,100,39.000,39.000,No,18500.00,721500.00,FG Store,Dispatch Dock,2025-10-29,2025-10-28,Generated move order item for BLDC Motor 1.5 kW.
1697,1697,23,79.000,79.000,No,120.00,9480.00,Maintenance Store,Maintenance Bay,2025-10-31,2025-10-29,Generated move order item for Bearing 6202-2RS.
1698,1698,1,341.000,341.000,No,1800.00,613800.00,Assembly Surplus,Central Warehouse,2025-11-02,2025-10-30,Generated move order item for Stator Core 1.5 kW.
1699,1699,1,203.000,203.000,No,1800.00,365400.00,Central Warehouse,Production Line,2025-11-04,2025-10-31,Generated move order item for Stator Core 1.5 kW.
1700,1700,1,339.000,339.000,No,1800.00,610200.00,Production Line,Quality Inspection,2025-11-06,2025-11-01,Generated move order item for Stator Core 1.5 kW.
1701,1701,100,21.000,21.000,No,18500.00,388500.00,Assembly,FG Store,2025-11-03,2025-11-02,Generated move order item for BLDC Motor 1.5 kW.
1702,1702,100,40.000,40.000,No,18500.00,740000.00,FG Store,Dispatch Dock,2025-11-05,2025-11-03,Generated move order item for BLDC Motor 1.5 kW.
1703,1703,23,41.000,41.000,No,120.00,4920.00,Maintenance Store,Maintenance Bay,2025-11-07,2025-11-04,Generated move order item for Bearing 6202-2RS.
1704,1704,1,269.000,269.000,No,1800.00,484200.00,Assembly Surplus,Central Warehouse,2025-11-09,2025-11-05,Generated move order item for Stator Core 1.5 kW.
1705,1705,1,131.000,131.000,No,1800.00,235800.00,Central Warehouse,Production Line,2025-11-11,2025-11-06,Generated move order item for Stator Core 1.5 kW.
1706,1706,1,481.000,481.000,No,1800.00,865800.00,Production Line,Quality Inspection,2025-11-08,2025-11-07,Generated move order item for Stator Core 1.5 kW.
1707,1707,100,46.000,46.000,No,18500.00,851000.00,Assembly,FG Store,2025-11-10,2025-11-08,Generated move order item for BLDC Motor 1.5 kW.
1708,1708,100,11.000,11.000,No,18500.00,203500.00,FG Store,Dispatch Dock,2025-11-12,2025-11-09,Generated move order item for BLDC Motor 1.5 kW.
1709,1709,23,50.000,50.000,No,120.00,6000.00,Maintenance Store,Maintenance Bay,2025-11-14,2025-11-10,Generated move order item for Bearing 6202-2RS.
1710,1710,1,254.000,254.000,No,1800.00,457200.00,Assembly Surplus,Central Warehouse,2025-11-16,2025-11-11,Generated move order item for Stator Core 1.5 kW.
1711,1711,1,449.000,449.000,No,1800.00,808200.00,Central Warehouse,Production Line,2025-11-13,2025-11-12,Generated move order item for Stator Core 1.5 kW.
1712,1712,1,390.000,390.000,No,1800.00,702000.00,Production Line,Quality Inspection,2025-11-15,2025-11-13,Generated move order item for Stator Core 1.5 kW.
1713,1713,100,54.000,54.000,No,18500.00,999000.00,Assembly,FG Store,2025-11-17,2025-11-14,Generated move order item for BLDC Motor 1.5 kW.
1714,1714,100,31.000,31.000,No,18500.00,573500.00,FG Store,Dispatch Dock,2025-11-19,2025-11-15,Generated move order item for BLDC Motor 1.5 kW.
1715,1715,23,19.000,19.000,No,120.00,2280.00,Maintenance Store,Maintenance Bay,2025-11-21,2025-11-16,Generated move order item for Bearing 6202-2RS.
1716,1716,1,375.000,375.000,No,1800.00,675000.00,Assembly Surplus,Central Warehouse,2025-11-18,2025-11-17,Generated move order item for Stator Core 1.5 kW.
1717,1717,1,148.000,148.000,No,1800.00,266400.00,Central Warehouse,Production Line,2025-11-20,2025-11-18,Generated move order item for Stator Core 1.5 kW.
1718,1718,1,337.000,337.000,No,1800.00,606600.00,Production Line,Quality Inspection,2025-11-22,2025-11-19,Generated move order item for Stator Core 1.5 kW.
1719,1719,100,27.000,27.000,No,18500.00,499500.00,Assembly,FG Store,2025-11-24,2025-11-20,Generated move order item for BLDC Motor 1.5 kW.
1720,1720,100,24.000,24.000,No,18500.00,444000.00,FG Store,Dispatch Dock,2025-11-26,2025-11-21,Generated move order item for BLDC Motor 1.5 kW.
1721,1721,23,16.000,16.000,No,120.00,1920.00,Maintenance Store,Maintenance Bay,2025-11-23,2025-11-22,Generated move order item for Bearing 6202-2RS.
1722,1722,1,410.000,410.000,No,1800.00,738000.00,Assembly Surplus,Central Warehouse,2025-11-25,2025-11-23,Generated move order item for Stator Core 1.5 kW.
1723,1723,1,360.000,360.000,No,1800.00,648000.00,Central Warehouse,Production Line,2025-11-27,2025-11-24,Generated move order item for Stator Core 1.5 kW.
1724,1724,1,204.000,204.000,No,1800.00,367200.00,Production Line,Quality Inspection,2025-11-29,2025-11-25,Generated move order item for Stator Core 1.5 kW.
1725,1725,100,46.000,46.000,No,18500.00,851000.00,Assembly,FG Store,2025-12-01,2025-11-26,Generated move order item for BLDC Motor 1.5 kW.
1726,1726,100,60.000,60.000,No,18500.00,1110000.00,FG Store,Dispatch Dock,2025-11-28,2025-11-27,Generated move order item for BLDC Motor 1.5 kW.
1727,1727,23,74.000,74.000,No,120.00,8880.00,Maintenance Store,Maintenance Bay,2025-11-30,2025-11-28,Generated move order item for Bearing 6202-2RS.
1728,1728,1,478.000,478.000,No,1800.00,860400.00,Assembly Surplus,Central Warehouse,2025-12-02,2025-11-29,Generated move order item for Stator Core 1.5 kW.
1729,1729,1,262.000,262.000,No,1800.00,471600.00,Central Warehouse,Production Line,2025-12-04,2025-11-30,Generated move order item for Stator Core 1.5 kW.
1730,1730,1,219.000,219.000,No,1800.00,394200.00,Production Line,Quality Inspection,2025-12-06,2025-12-01,Generated move order item for Stator Core 1.5 kW.
1731,1731,100,52.000,52.000,No,18500.00,962000.00,Assembly,FG Store,2025-12-03,2025-12-02,Generated move order item for BLDC Motor 1.5 kW.
1732,1732,100,42.000,42.000,No,18500.00,777000.00,FG Store,Dispatch Dock,2025-12-05,2025-12-03,Generated move order item for BLDC Motor 1.5 kW.
1733,1733,23,63.000,63.000,No,120.00,7560.00,Maintenance Store,Maintenance Bay,2025-12-07,2025-12-04,Generated move order item for Bearing 6202-2RS.
1734,1734,1,339.000,339.000,No,1800.00,610200.00,Assembly Surplus,Central Warehouse,2025-12-09,2025-12-05,Generated move order item for Stator Core 1.5 kW.
1735,1735,1,498.000,498.000,No,1800.00,896400.00,Central Warehouse,Production Line,2025-12-11,2025-12-06,Generated move order item for Stator Core 1.5 kW.
1736,1736,1,360.000,360.000,No,1800.00,648000.00,Production Line,Quality Inspection,2025-12-08,2025-12-07,Generated move order item for Stator Core 1.5 kW.
1737,1737,100,50.000,50.000,No,18500.00,925000.00,Assembly,FG Store,2025-12-10,2025-12-08,Generated move order item for BLDC Motor 1.5 kW.
1738,1738,100,7.000,7.000,No,18500.00,129500.00,FG Store,Dispatch Dock,2025-12-12,2025-12-09,Generated move order item for BLDC Motor 1.5 kW.
1739,1739,23,74.000,74.000,No,120.00,8880.00,Maintenance Store,Maintenance Bay,2025-12-14,2025-12-10,Generated move order item for Bearing 6202-2RS.
1740,1740,1,193.000,193.000,No,1800.00,347400.00,Assembly Surplus,Central Warehouse,2025-12-16,2025-12-11,Generated move order item for Stator Core 1.5 kW.
1741,1741,1,105.000,105.000,No,1800.00,189000.00,Central Warehouse,Production Line,2025-12-13,2025-12-12,Generated move order item for Stator Core 1.5 kW.
1742,1742,1,174.000,174.000,No,1800.00,313200.00,Production Line,Quality Inspection,2025-12-15,2025-12-13,Generated move order item for Stator Core 1.5 kW.
1743,1743,100,51.000,51.000,No,18500.00,943500.00,Assembly,FG Store,2025-12-17,2025-12-14,Generated move order item for BLDC Motor 1.5 kW.
1744,1744,100,50.000,50.000,No,18500.00,925000.00,FG Store,Dispatch Dock,2025-12-19,2025-12-15,Generated move order item for BLDC Motor 1.5 kW.
1745,1745,23,34.000,34.000,No,120.00,4080.00,Maintenance Store,Maintenance Bay,2025-12-21,2025-12-16,Generated move order item for Bearing 6202-2RS.
1746,1746,1,136.000,136.000,No,1800.00,244800.00,Assembly Surplus,Central Warehouse,2025-12-18,2025-12-17,Generated move order item for Stator Core 1.5 kW.
1747,1747,1,238.000,238.000,No,1800.00,428400.00,Central Warehouse,Production Line,2025-12-20,2025-12-18,Generated move order item for Stator Core 1.5 kW.
1748,1748,1,199.000,199.000,No,1800.00,358200.00,Production Line,Quality Inspection,2025-12-22,2025-12-19,Generated move order item for Stator Core 1.5 kW.
1749,1749,100,30.000,30.000,No,18500.00,555000.00,Assembly,FG Store,2025-12-24,2025-12-20,Generated move order item for BLDC Motor 1.5 kW.
1750,1750,100,48.000,48.000,No,18500.00,888000.00,FG Store,Dispatch Dock,2025-12-26,2025-12-21,Generated move order item for BLDC Motor 1.5 kW.
1751,1751,23,36.000,36.000,No,120.00,4320.00,Maintenance Store,Maintenance Bay,2025-12-23,2025-12-22,Generated move order item for Bearing 6202-2RS.
1752,1752,1,128.000,128.000,No,1800.00,230400.00,Assembly Surplus,Central Warehouse,2025-12-25,2025-12-23,Generated move order item for Stator Core 1.5 kW.
1753,1753,1,98.000,98.000,No,1800.00,176400.00,Central Warehouse,Production Line,2025-12-27,2025-12-24,Generated move order item for Stator Core 1.5 kW.
1754,1754,1,359.000,359.000,No,1800.00,646200.00,Production Line,Quality Inspection,2025-12-29,2025-12-25,Generated move order item for Stator Core 1.5 kW.
1755,1755,100,16.000,16.000,No,18500.00,296000.00,Assembly,FG Store,2025-12-31,2025-12-26,Generated move order item for BLDC Motor 1.5 kW.
1756,1756,100,17.000,17.000,No,18500.00,314500.00,FG Store,Dispatch Dock,2025-12-28,2025-12-27,Generated move order item for BLDC Motor 1.5 kW.
1757,1757,23,82.000,82.000,No,120.00,9840.00,Maintenance Store,Maintenance Bay,2025-12-30,2025-12-28,Generated move order item for Bearing 6202-2RS.
1758,1758,1,91.000,91.000,No,1800.00,163800.00,Assembly Surplus,Central Warehouse,2026-01-01,2025-12-29,Generated move order item for Stator Core 1.5 kW.
1759,1759,1,344.000,344.000,No,1800.00,619200.00,Central Warehouse,Production Line,2026-01-03,2025-12-30,Generated move order item for Stator Core 1.5 kW.
1760,1760,1,55.000,55.000,No,1800.00,99000.00,Production Line,Quality Inspection,2026-01-05,2025-12-31,Generated move order item for Stator Core 1.5 kW.
1761,1761,100,57.000,57.000,No,18500.00,1054500.00,Assembly,FG Store,2026-01-02,2026-01-01,Generated move order item for BLDC Motor 1.5 kW.
1762,1762,100,44.000,44.000,No,18500.00,814000.00,FG Store,Dispatch Dock,2026-01-04,2026-01-02,Generated move order item for BLDC Motor 1.5 kW.
1763,1763,23,83.000,83.000,No,120.00,9960.00,Maintenance Store,Maintenance Bay,2026-01-06,2026-01-03,Generated move order item for Bearing 6202-2RS.
1764,1764,1,350.000,350.000,No,1800.00,630000.00,Assembly Surplus,Central Warehouse,2026-01-08,2026-01-04,Generated move order item for Stator Core 1.5 kW.
1765,1765,1,231.000,231.000,No,1800.00,415800.00,Central Warehouse,Production Line,2026-01-10,2026-01-05,Generated move order item for Stator Core 1.5 kW.
1766,1766,1,498.000,498.000,No,1800.00,896400.00,Production Line,Quality Inspection,2026-01-07,2026-01-06,Generated move order item for Stator Core 1.5 kW.
1767,1767,100,49.000,49.000,No,18500.00,906500.00,Assembly,FG Store,2026-01-09,2026-01-07,Generated move order item for BLDC Motor 1.5 kW.
1768,1768,100,9.000,9.000,No,18500.00,166500.00,FG Store,Dispatch Dock,2026-01-11,2026-01-08,Generated move order item for BLDC Motor 1.5 kW.
1769,1769,23,60.000,60.000,No,120.00,7200.00,Maintenance Store,Maintenance Bay,2026-01-13,2026-01-09,Generated move order item for Bearing 6202-2RS.
1770,1770,1,294.000,294.000,No,1800.00,529200.00,Assembly Surplus,Central Warehouse,2026-01-15,2026-01-10,Generated move order item for Stator Core 1.5 kW.
1771,1771,1,179.000,179.000,No,1800.00,322200.00,Central Warehouse,Production Line,2026-01-12,2026-01-11,Generated move order item for Stator Core 1.5 kW.
1772,1772,1,255.000,255.000,No,1800.00,459000.00,Production Line,Quality Inspection,2026-01-14,2026-01-12,Generated move order item for Stator Core 1.5 kW.
1773,1773,100,59.000,59.000,No,18500.00,1091500.00,Assembly,FG Store,2026-01-16,2026-01-13,Generated move order item for BLDC Motor 1.5 kW.
1774,1774,100,9.000,9.000,No,18500.00,166500.00,FG Store,Dispatch Dock,2026-01-18,2026-01-14,Generated move order item for BLDC Motor 1.5 kW.
1775,1775,23,94.000,94.000,No,120.00,11280.00,Maintenance Store,Maintenance Bay,2026-01-20,2026-01-15,Generated move order item for Bearing 6202-2RS.
1776,1776,1,365.000,365.000,No,1800.00,657000.00,Assembly Surplus,Central Warehouse,2026-01-17,2026-01-16,Generated move order item for Stator Core 1.5 kW.
1777,1777,1,100.000,100.000,No,1800.00,180000.00,Central Warehouse,Production Line,2026-01-19,2026-01-17,Generated move order item for Stator Core 1.5 kW.
1778,1778,1,187.000,187.000,No,1800.00,336600.00,Production Line,Quality Inspection,2026-01-21,2026-01-18,Generated move order item for Stator Core 1.5 kW.
1779,1779,100,52.000,52.000,No,18500.00,962000.00,Assembly,FG Store,2026-01-23,2026-01-19,Generated move order item for BLDC Motor 1.5 kW.
1780,1780,100,44.000,44.000,No,18500.00,814000.00,FG Store,Dispatch Dock,2026-01-25,2026-01-20,Generated move order item for BLDC Motor 1.5 kW.
1781,1781,23,12.000,12.000,No,120.00,1440.00,Maintenance Store,Maintenance Bay,2026-01-22,2026-01-21,Generated move order item for Bearing 6202-2RS.
1782,1782,1,116.000,116.000,No,1800.00,208800.00,Assembly Surplus,Central Warehouse,2026-01-24,2026-01-22,Generated move order item for Stator Core 1.5 kW.
1783,1783,1,468.000,468.000,No,1800.00,842400.00,Central Warehouse,Production Line,2026-01-26,2026-01-23,Generated move order item for Stator Core 1.5 kW.
1784,1784,1,121.000,121.000,No,1800.00,217800.00,Production Line,Quality Inspection,2026-01-28,2026-01-24,Generated move order item for Stator Core 1.5 kW.
1785,1785,100,39.000,39.000,No,18500.00,721500.00,Assembly,FG Store,2026-01-30,2026-01-25,Generated move order item for BLDC Motor 1.5 kW.
1786,1786,100,60.000,60.000,No,18500.00,1110000.00,FG Store,Dispatch Dock,2026-01-27,2026-01-26,Generated move order item for BLDC Motor 1.5 kW.
1787,1787,23,20.000,20.000,No,120.00,2400.00,Maintenance Store,Maintenance Bay,2026-01-29,2026-01-27,Generated move order item for Bearing 6202-2RS.
1788,1788,1,70.000,70.000,No,1800.00,126000.00,Assembly Surplus,Central Warehouse,2026-01-31,2026-01-28,Generated move order item for Stator Core 1.5 kW.
1789,1789,1,418.000,418.000,No,1800.00,752400.00,Central Warehouse,Production Line,2026-02-02,2026-01-29,Generated move order item for Stator Core 1.5 kW.
1790,1790,1,478.000,478.000,No,1800.00,860400.00,Production Line,Quality Inspection,2026-02-04,2026-01-30,Generated move order item for Stator Core 1.5 kW.
1791,1791,100,33.000,33.000,No,18500.00,610500.00,Assembly,FG Store,2026-02-01,2026-01-31,Generated move order item for BLDC Motor 1.5 kW.
1792,1792,100,18.000,18.000,No,18500.00,333000.00,FG Store,Dispatch Dock,2026-02-03,2026-02-01,Generated move order item for BLDC Motor 1.5 kW.
1793,1793,23,10.000,10.000,No,120.00,1200.00,Maintenance Store,Maintenance Bay,2026-02-05,2026-02-02,Generated move order item for Bearing 6202-2RS.
1794,1794,1,460.000,460.000,No,1800.00,828000.00,Assembly Surplus,Central Warehouse,2026-02-07,2026-02-03,Generated move order item for Stator Core 1.5 kW.
1795,1795,1,410.000,410.000,No,1800.00,738000.00,Central Warehouse,Production Line,2026-02-09,2026-02-04,Generated move order item for Stator Core 1.5 kW.
1796,1796,1,454.000,454.000,No,1800.00,817200.00,Production Line,Quality Inspection,2026-02-06,2026-02-05,Generated move order item for Stator Core 1.5 kW.
1797,1797,100,49.000,49.000,No,18500.00,906500.00,Assembly,FG Store,2026-02-08,2026-02-06,Generated move order item for BLDC Motor 1.5 kW.
1798,1798,100,29.000,29.000,No,18500.00,536500.00,FG Store,Dispatch Dock,2026-02-10,2026-02-07,Generated move order item for BLDC Motor 1.5 kW.
1799,1799,23,51.000,51.000,No,120.00,6120.00,Maintenance Store,Maintenance Bay,2026-02-12,2026-02-08,Generated move order item for Bearing 6202-2RS.
1800,1800,1,222.000,222.000,No,1800.00,399600.00,Assembly Surplus,Central Warehouse,2026-02-14,2026-02-09,Generated move order item for Stator Core 1.5 kW.
1801,1801,1,379.000,379.000,No,1800.00,682200.00,Central Warehouse,Production Line,2026-02-11,2026-02-10,Generated move order item for Stator Core 1.5 kW.
1802,1802,1,95.000,95.000,No,1800.00,171000.00,Production Line,Quality Inspection,2026-02-13,2026-02-11,Generated move order item for Stator Core 1.5 kW.
1803,1803,100,7.000,7.000,No,18500.00,129500.00,Assembly,FG Store,2026-02-15,2026-02-12,Generated move order item for BLDC Motor 1.5 kW.
1804,1804,100,58.000,58.000,No,18500.00,1073000.00,FG Store,Dispatch Dock,2026-02-17,2026-02-13,Generated move order item for BLDC Motor 1.5 kW.
1805,1805,23,35.000,35.000,No,120.00,4200.00,Maintenance Store,Maintenance Bay,2026-02-19,2026-02-14,Generated move order item for Bearing 6202-2RS.
1806,1806,1,65.000,65.000,No,1800.00,117000.00,Assembly Surplus,Central Warehouse,2026-02-16,2026-02-15,Generated move order item for Stator Core 1.5 kW.
1807,1807,1,353.000,353.000,No,1800.00,635400.00,Central Warehouse,Production Line,2026-02-18,2026-02-16,Generated move order item for Stator Core 1.5 kW.
1808,1808,1,229.000,229.000,No,1800.00,412200.00,Production Line,Quality Inspection,2026-02-20,2026-02-17,Generated move order item for Stator Core 1.5 kW.
1809,1809,100,17.000,17.000,No,18500.00,314500.00,Assembly,FG Store,2026-02-22,2026-02-18,Generated move order item for BLDC Motor 1.5 kW.
1810,1810,100,29.000,29.000,No,18500.00,536500.00,FG Store,Dispatch Dock,2026-02-24,2026-02-19,Generated move order item for BLDC Motor 1.5 kW.
1811,1811,23,48.000,48.000,No,120.00,5760.00,Maintenance Store,Maintenance Bay,2026-02-21,2026-02-20,Generated move order item for Bearing 6202-2RS.
1812,1812,1,326.000,326.000,No,1800.00,586800.00,Assembly Surplus,Central Warehouse,2026-02-23,2026-02-21,Generated move order item for Stator Core 1.5 kW.
1813,1813,1,470.000,470.000,No,1800.00,846000.00,Central Warehouse,Production Line,2026-02-25,2026-02-22,Generated move order item for Stator Core 1.5 kW.
1814,1814,1,447.000,447.000,No,1800.00,804600.00,Production Line,Quality Inspection,2026-02-27,2026-02-23,Generated move order item for Stator Core 1.5 kW.
1815,1815,100,51.000,51.000,No,18500.00,943500.00,Assembly,FG Store,2026-03-01,2026-02-24,Generated move order item for BLDC Motor 1.5 kW.
1816,1816,100,32.000,32.000,No,18500.00,592000.00,FG Store,Dispatch Dock,2026-02-26,2026-02-25,Generated move order item for BLDC Motor 1.5 kW.
1817,1817,23,58.000,58.000,No,120.00,6960.00,Maintenance Store,Maintenance Bay,2026-02-28,2026-02-26,Generated move order item for Bearing 6202-2RS.
1818,1818,1,109.000,109.000,No,1800.00,196200.00,Assembly Surplus,Central Warehouse,2026-03-02,2026-02-27,Generated move order item for Stator Core 1.5 kW.
1819,1819,1,310.000,310.000,No,1800.00,558000.00,Central Warehouse,Production Line,2026-03-04,2026-02-28,Generated move order item for Stator Core 1.5 kW.
1820,1820,1,352.000,352.000,No,1800.00,633600.00,Production Line,Quality Inspection,2026-03-06,2026-03-01,Generated move order item for Stator Core 1.5 kW.
1821,1821,100,54.000,54.000,No,18500.00,999000.00,Assembly,FG Store,2026-03-03,2026-03-02,Generated move order item for BLDC Motor 1.5 kW.
1822,1822,100,7.000,7.000,No,18500.00,129500.00,FG Store,Dispatch Dock,2026-03-05,2026-03-03,Generated move order item for BLDC Motor 1.5 kW.
1823,1823,23,87.000,87.000,No,120.00,10440.00,Maintenance Store,Maintenance Bay,2026-03-07,2026-03-04,Generated move order item for Bearing 6202-2RS.
1824,1824,1,283.000,283.000,No,1800.00,509400.00,Assembly Surplus,Central Warehouse,2026-03-09,2026-03-05,Generated move order item for Stator Core 1.5 kW.
1825,1825,1,89.000,89.000,No,1800.00,160200.00,Central Warehouse,Production Line,2026-03-11,2026-03-06,Generated move order item for Stator Core 1.5 kW.
1826,1826,1,499.000,499.000,No,1800.00,898200.00,Production Line,Quality Inspection,2026-03-08,2026-03-07,Generated move order item for Stator Core 1.5 kW.
1827,1827,100,31.000,31.000,No,18500.00,573500.00,Assembly,FG Store,2026-03-10,2026-03-08,Generated move order item for BLDC Motor 1.5 kW.
1828,1828,100,28.000,28.000,No,18500.00,518000.00,FG Store,Dispatch Dock,2026-03-12,2026-03-09,Generated move order item for BLDC Motor 1.5 kW.
1829,1829,23,23.000,23.000,No,120.00,2760.00,Maintenance Store,Maintenance Bay,2026-03-14,2026-03-10,Generated move order item for Bearing 6202-2RS.
1830,1830,1,83.000,83.000,No,1800.00,149400.00,Assembly Surplus,Central Warehouse,2026-03-16,2026-03-11,Generated move order item for Stator Core 1.5 kW.
1831,1831,1,87.000,87.000,No,1800.00,156600.00,Central Warehouse,Production Line,2026-03-13,2026-03-12,Generated move order item for Stator Core 1.5 kW.
1832,1832,1,170.000,170.000,No,1800.00,306000.00,Production Line,Quality Inspection,2026-03-15,2026-03-13,Generated move order item for Stator Core 1.5 kW.
1833,1833,100,21.000,21.000,No,18500.00,388500.00,Assembly,FG Store,2026-03-17,2026-03-14,Generated move order item for BLDC Motor 1.5 kW.
1834,1834,100,30.000,30.000,No,18500.00,555000.00,FG Store,Dispatch Dock,2026-03-19,2026-03-15,Generated move order item for BLDC Motor 1.5 kW.
1835,1835,23,63.000,63.000,No,120.00,7560.00,Maintenance Store,Maintenance Bay,2026-03-21,2026-03-16,Generated move order item for Bearing 6202-2RS.
1836,1836,1,497.000,497.000,No,1800.00,894600.00,Assembly Surplus,Central Warehouse,2026-03-18,2026-03-17,Generated move order item for Stator Core 1.5 kW.
1837,1837,1,408.000,408.000,No,1800.00,734400.00,Central Warehouse,Production Line,2026-03-20,2026-03-18,Generated move order item for Stator Core 1.5 kW.
1838,1838,1,269.000,269.000,No,1800.00,484200.00,Production Line,Quality Inspection,2026-03-22,2026-03-19,Generated move order item for Stator Core 1.5 kW.
1839,1839,100,56.000,56.000,No,18500.00,1036000.00,Assembly,FG Store,2026-03-24,2026-03-20,Generated move order item for BLDC Motor 1.5 kW.
1840,1840,100,36.000,36.000,No,18500.00,666000.00,FG Store,Dispatch Dock,2026-03-26,2026-03-21,Generated move order item for BLDC Motor 1.5 kW.
1841,1841,23,45.000,45.000,No,120.00,5400.00,Maintenance Store,Maintenance Bay,2026-03-23,2026-03-22,Generated move order item for Bearing 6202-2RS.
1842,1842,1,148.000,148.000,No,1800.00,266400.00,Assembly Surplus,Central Warehouse,2026-03-25,2026-03-23,Generated move order item for Stator Core 1.5 kW.
1843,1843,1,240.000,240.000,No,1800.00,432000.00,Central Warehouse,Production Line,2026-03-27,2026-03-24,Generated move order item for Stator Core 1.5 kW.
1844,1844,1,68.000,68.000,No,1800.00,122400.00,Production Line,Quality Inspection,2026-03-29,2026-03-25,Generated move order item for Stator Core 1.5 kW.
1845,1845,100,13.000,13.000,No,18500.00,240500.00,Assembly,FG Store,2026-03-31,2026-03-26,Generated move order item for BLDC Motor 1.5 kW.
1846,1846,100,57.000,57.000,No,18500.00,1054500.00,FG Store,Dispatch Dock,2026-03-28,2026-03-27,Generated move order item for BLDC Motor 1.5 kW.
1847,1847,23,23.000,23.000,No,120.00,2760.00,Maintenance Store,Maintenance Bay,2026-03-30,2026-03-28,Generated move order item for Bearing 6202-2RS.
1848,1848,1,305.000,305.000,No,1800.00,549000.00,Assembly Surplus,Central Warehouse,2026-04-01,2026-03-29,Generated move order item for Stator Core 1.5 kW.
1849,1849,1,96.000,96.000,No,1800.00,172800.00,Central Warehouse,Production Line,2026-04-03,2026-03-30,Generated move order item for Stator Core 1.5 kW.
1850,1850,1,321.000,321.000,No,1800.00,577800.00,Production Line,Quality Inspection,2026-04-05,2026-03-31,Generated move order item for Stator Core 1.5 kW.
1851,1851,100,59.000,59.000,No,18500.00,1091500.00,Assembly,FG Store,2026-04-02,2026-04-01,Generated move order item for BLDC Motor 1.5 kW.
1852,1852,100,30.000,30.000,No,18500.00,555000.00,FG Store,Dispatch Dock,2026-04-04,2026-04-02,Generated move order item for BLDC Motor 1.5 kW.
1853,1853,23,17.000,17.000,No,120.00,2040.00,Maintenance Store,Maintenance Bay,2026-04-06,2026-04-03,Generated move order item for Bearing 6202-2RS.
1854,1854,1,60.000,60.000,No,1800.00,108000.00,Assembly Surplus,Central Warehouse,2026-04-08,2026-04-04,Generated move order item for Stator Core 1.5 kW.
1855,1855,1,391.000,391.000,No,1800.00,703800.00,Central Warehouse,Production Line,2026-04-10,2026-04-05,Generated move order item for Stator Core 1.5 kW.
1856,1856,1,96.000,96.000,No,1800.00,172800.00,Production Line,Quality Inspection,2026-04-07,2026-04-06,Generated move order item for Stator Core 1.5 kW.
1857,1857,100,22.000,22.000,No,18500.00,407000.00,Assembly,FG Store,2026-04-09,2026-04-07,Generated move order item for BLDC Motor 1.5 kW.
1858,1858,100,52.000,52.000,No,18500.00,962000.00,FG Store,Dispatch Dock,2026-04-11,2026-04-08,Generated move order item for BLDC Motor 1.5 kW.
1859,1859,23,56.000,56.000,No,120.00,6720.00,Maintenance Store,Maintenance Bay,2026-04-13,2026-04-09,Generated move order item for Bearing 6202-2RS.
1860,1860,1,443.000,443.000,No,1800.00,797400.00,Assembly Surplus,Central Warehouse,2026-04-15,2026-04-10,Generated move order item for Stator Core 1.5 kW.
1861,1861,1,443.000,443.000,No,1800.00,797400.00,Central Warehouse,Production Line,2026-04-12,2026-04-11,Generated move order item for Stator Core 1.5 kW.
1862,1862,1,348.000,348.000,No,1800.00,626400.00,Production Line,Quality Inspection,2026-04-14,2026-04-12,Generated move order item for Stator Core 1.5 kW.
1863,1863,100,57.000,57.000,No,18500.00,1054500.00,Assembly,FG Store,2026-04-16,2026-04-13,Generated move order item for BLDC Motor 1.5 kW.
1864,1864,100,7.000,7.000,No,18500.00,129500.00,FG Store,Dispatch Dock,2026-04-18,2026-04-14,Generated move order item for BLDC Motor 1.5 kW.
1865,1865,23,28.000,28.000,No,120.00,3360.00,Maintenance Store,Maintenance Bay,2026-04-20,2026-04-15,Generated move order item for Bearing 6202-2RS.
1866,1866,1,174.000,174.000,No,1800.00,313200.00,Assembly Surplus,Central Warehouse,2026-04-17,2026-04-16,Generated move order item for Stator Core 1.5 kW.
1867,1867,1,460.000,460.000,No,1800.00,828000.00,Central Warehouse,Production Line,2026-04-19,2026-04-17,Generated move order item for Stator Core 1.5 kW.
1868,1868,1,330.000,330.000,No,1800.00,594000.00,Production Line,Quality Inspection,2026-04-21,2026-04-18,Generated move order item for Stator Core 1.5 kW.
1869,1869,100,19.000,19.000,No,18500.00,351500.00,Assembly,FG Store,2026-04-23,2026-04-19,Generated move order item for BLDC Motor 1.5 kW.
1870,1870,100,16.000,16.000,No,18500.00,296000.00,FG Store,Dispatch Dock,2026-04-25,2026-04-20,Generated move order item for BLDC Motor 1.5 kW.
1871,1871,23,82.000,82.000,No,120.00,9840.00,Maintenance Store,Maintenance Bay,2026-04-22,2026-04-21,Generated move order item for Bearing 6202-2RS.
1872,1872,1,437.000,437.000,No,1800.00,786600.00,Assembly Surplus,Central Warehouse,2026-04-24,2026-04-22,Generated move order item for Stator Core 1.5 kW.
1873,1873,1,56.000,56.000,No,1800.00,100800.00,Central Warehouse,Production Line,2026-04-26,2026-04-23,Generated move order item for Stator Core 1.5 kW.
1874,1874,1,214.000,214.000,No,1800.00,385200.00,Production Line,Quality Inspection,2026-04-28,2026-04-24,Generated move order item for Stator Core 1.5 kW.
1875,1875,100,34.000,34.000,No,18500.00,629000.00,Assembly,FG Store,2026-04-30,2026-04-25,Generated move order item for BLDC Motor 1.5 kW.
1876,1876,100,18.000,18.000,No,18500.00,333000.00,FG Store,Dispatch Dock,2026-04-27,2026-04-26,Generated move order item for BLDC Motor 1.5 kW.
1877,1877,23,74.000,74.000,No,120.00,8880.00,Maintenance Store,Maintenance Bay,2026-04-29,2026-04-27,Generated move order item for Bearing 6202-2RS.
1878,1878,1,391.000,391.000,No,1800.00,703800.00,Assembly Surplus,Central Warehouse,2026-05-01,2026-04-28,Generated move order item for Stator Core 1.5 kW.
1879,1879,1,428.000,428.000,No,1800.00,770400.00,Central Warehouse,Production Line,2026-05-03,2026-04-29,Generated move order item for Stator Core 1.5 kW.
1880,1880,1,404.000,404.000,No,1800.00,727200.00,Production Line,Quality Inspection,2026-05-05,2026-04-30,Generated move order item for Stator Core 1.5 kW.
1881,1881,100,52.000,52.000,No,18500.00,962000.00,Assembly,FG Store,2026-05-02,2026-05-01,Generated move order item for BLDC Motor 1.5 kW.
1882,1882,100,25.000,25.000,No,18500.00,462500.00,FG Store,Dispatch Dock,2026-05-04,2026-05-02,Generated move order item for BLDC Motor 1.5 kW.
1883,1883,23,33.000,33.000,No,120.00,3960.00,Maintenance Store,Maintenance Bay,2026-05-06,2026-05-03,Generated move order item for Bearing 6202-2RS.
1884,1884,1,192.000,192.000,No,1800.00,345600.00,Assembly Surplus,Central Warehouse,2026-05-08,2026-05-04,Generated move order item for Stator Core 1.5 kW.
1885,1885,1,434.000,434.000,No,1800.00,781200.00,Central Warehouse,Production Line,2026-05-10,2026-05-05,Generated move order item for Stator Core 1.5 kW.
1886,1886,1,342.000,342.000,No,1800.00,615600.00,Production Line,Quality Inspection,2026-05-07,2026-05-06,Generated move order item for Stator Core 1.5 kW.
1887,1887,100,23.000,23.000,No,18500.00,425500.00,Assembly,FG Store,2026-05-09,2026-05-07,Generated move order item for BLDC Motor 1.5 kW.
1888,1888,100,45.000,45.000,No,18500.00,832500.00,FG Store,Dispatch Dock,2026-05-11,2026-05-08,Generated move order item for BLDC Motor 1.5 kW.
1889,1889,23,27.000,27.000,No,120.00,3240.00,Maintenance Store,Maintenance Bay,2026-05-13,2026-05-09,Generated move order item for Bearing 6202-2RS.
1890,1890,1,170.000,170.000,No,1800.00,306000.00,Assembly Surplus,Central Warehouse,2026-05-15,2026-05-10,Generated move order item for Stator Core 1.5 kW.
1891,1891,1,50.000,50.000,No,1800.00,90000.00,Central Warehouse,Production Line,2026-05-12,2026-05-11,Generated move order item for Stator Core 1.5 kW.
1892,1892,1,485.000,485.000,No,1800.00,873000.00,Production Line,Quality Inspection,2026-05-14,2026-05-12,Generated move order item for Stator Core 1.5 kW.
1893,1893,100,18.000,18.000,No,18500.00,333000.00,Assembly,FG Store,2026-05-16,2026-05-13,Generated move order item for BLDC Motor 1.5 kW.
1894,1894,100,47.000,47.000,No,18500.00,869500.00,FG Store,Dispatch Dock,2026-05-18,2026-05-14,Generated move order item for BLDC Motor 1.5 kW.
1895,1895,23,16.000,16.000,No,120.00,1920.00,Maintenance Store,Maintenance Bay,2026-05-20,2026-05-15,Generated move order item for Bearing 6202-2RS.
1896,1896,1,66.000,66.000,No,1800.00,118800.00,Assembly Surplus,Central Warehouse,2026-05-17,2026-05-16,Generated move order item for Stator Core 1.5 kW.
1897,1897,1,354.000,354.000,No,1800.00,637200.00,Central Warehouse,Production Line,2026-05-19,2026-05-17,Generated move order item for Stator Core 1.5 kW.
1898,1898,1,94.000,94.000,No,1800.00,169200.00,Production Line,Quality Inspection,2026-05-21,2026-05-18,Generated move order item for Stator Core 1.5 kW.
1899,1899,100,13.000,13.000,No,18500.00,240500.00,Assembly,FG Store,2026-05-23,2026-05-19,Generated move order item for BLDC Motor 1.5 kW.
1900,1900,100,23.000,23.000,No,18500.00,425500.00,FG Store,Dispatch Dock,2026-05-25,2026-05-20,Generated move order item for BLDC Motor 1.5 kW.
1901,1901,23,61.000,61.000,No,120.00,7320.00,Maintenance Store,Maintenance Bay,2026-05-22,2026-05-21,Generated move order item for Bearing 6202-2RS.
1902,1902,1,58.000,58.000,No,1800.00,104400.00,Assembly Surplus,Central Warehouse,2026-05-24,2026-05-22,Generated move order item for Stator Core 1.5 kW.
1903,1903,1,107.000,107.000,No,1800.00,192600.00,Central Warehouse,Production Line,2026-05-26,2026-05-23,Generated move order item for Stator Core 1.5 kW.
1904,1904,1,202.000,202.000,No,1800.00,363600.00,Production Line,Quality Inspection,2026-05-28,2026-05-24,Generated move order item for Stator Core 1.5 kW.
1905,1905,100,44.000,44.000,No,18500.00,814000.00,Assembly,FG Store,2026-05-30,2026-05-25,Generated move order item for BLDC Motor 1.5 kW.
1906,1906,100,10.000,10.000,No,18500.00,185000.00,FG Store,Dispatch Dock,2026-05-27,2026-05-26,Generated move order item for BLDC Motor 1.5 kW.
1907,1907,23,32.000,32.000,No,120.00,3840.00,Maintenance Store,Maintenance Bay,2026-05-29,2026-05-27,Generated move order item for Bearing 6202-2RS.
1908,1908,1,136.000,136.000,No,1800.00,244800.00,Assembly Surplus,Central Warehouse,2026-05-31,2026-05-28,Generated move order item for Stator Core 1.5 kW.
1909,1909,1,189.000,189.000,No,1800.00,340200.00,Central Warehouse,Production Line,2026-06-02,2026-05-29,Generated move order item for Stator Core 1.5 kW.
1910,1910,1,166.000,166.000,No,1800.00,298800.00,Production Line,Quality Inspection,2026-06-04,2026-05-30,Generated move order item for Stator Core 1.5 kW.
1911,1911,100,40.000,40.000,No,18500.00,740000.00,Assembly,FG Store,2026-06-01,2026-05-31,Generated move order item for BLDC Motor 1.5 kW.
1912,1912,100,8.000,8.000,No,18500.00,148000.00,FG Store,Dispatch Dock,2026-06-03,2026-06-01,Generated move order item for BLDC Motor 1.5 kW.
1913,1913,23,95.000,95.000,No,120.00,11400.00,Maintenance Store,Maintenance Bay,2026-06-05,2026-06-02,Generated move order item for Bearing 6202-2RS.
1914,1914,1,160.000,160.000,No,1800.00,288000.00,Assembly Surplus,Central Warehouse,2026-06-07,2026-06-03,Generated move order item for Stator Core 1.5 kW.
1915,1915,1,497.000,497.000,No,1800.00,894600.00,Central Warehouse,Production Line,2026-06-09,2026-06-04,Generated move order item for Stator Core 1.5 kW.
1916,1916,1,378.000,378.000,No,1800.00,680400.00,Production Line,Quality Inspection,2026-06-06,2026-06-05,Generated move order item for Stator Core 1.5 kW.
1917,1917,100,25.000,25.000,No,18500.00,462500.00,Assembly,FG Store,2026-06-08,2026-06-06,Generated move order item for BLDC Motor 1.5 kW.
1918,1918,100,21.000,21.000,No,18500.00,388500.00,FG Store,Dispatch Dock,2026-06-10,2026-06-07,Generated move order item for BLDC Motor 1.5 kW.
1919,1919,23,95.000,95.000,No,120.00,11400.00,Maintenance Store,Maintenance Bay,2026-06-12,2026-06-08,Generated move order item for Bearing 6202-2RS.
1920,1920,1,499.000,499.000,No,1800.00,898200.00,Assembly Surplus,Central Warehouse,2026-06-14,2026-06-09,Generated move order item for Stator Core 1.5 kW.
1921,1921,1,326.000,326.000,No,1800.00,586800.00,Central Warehouse,Production Line,2026-06-11,2026-06-10,Generated move order item for Stator Core 1.5 kW.
1922,1922,1,71.000,71.000,No,1800.00,127800.00,Production Line,Quality Inspection,2026-06-13,2026-06-11,Generated move order item for Stator Core 1.5 kW.
1923,1923,100,55.000,55.000,No,18500.00,1017500.00,Assembly,FG Store,2026-06-15,2026-06-12,Generated move order item for BLDC Motor 1.5 kW.
1924,1924,100,31.000,31.000,No,18500.00,573500.00,FG Store,Dispatch Dock,2026-06-17,2026-06-13,Generated move order item for BLDC Motor 1.5 kW.
1925,1925,23,7.000,7.000,No,120.00,840.00,Maintenance Store,Maintenance Bay,2026-06-19,2026-06-14,Generated move order item for Bearing 6202-2RS.
1926,1926,1,411.000,411.000,No,1800.00,739800.00,Assembly Surplus,Central Warehouse,2026-06-16,2026-06-15,Generated move order item for Stator Core 1.5 kW.
1927,1927,1,64.000,64.000,No,1800.00,115200.00,Central Warehouse,Production Line,2026-06-18,2026-06-16,Generated move order item for Stator Core 1.5 kW.
1928,1928,1,217.000,217.000,No,1800.00,390600.00,Production Line,Quality Inspection,2026-06-20,2026-06-17,Generated move order item for Stator Core 1.5 kW.
1929,1929,100,9.000,9.000,No,18500.00,166500.00,Assembly,FG Store,2026-06-22,2026-06-18,Generated move order item for BLDC Motor 1.5 kW.
1930,1930,100,29.000,29.000,No,18500.00,536500.00,FG Store,Dispatch Dock,2026-06-24,2026-06-19,Generated move order item for BLDC Motor 1.5 kW.
1931,1931,23,82.000,82.000,No,120.00,9840.00,Maintenance Store,Maintenance Bay,2026-06-21,2026-06-20,Generated move order item for Bearing 6202-2RS.
1932,1932,1,108.000,108.000,No,1800.00,194400.00,Assembly Surplus,Central Warehouse,2026-06-23,2026-06-21,Generated move order item for Stator Core 1.5 kW.
1933,1933,1,112.000,112.000,No,1800.00,201600.00,Central Warehouse,Production Line,2026-06-25,2026-06-22,Generated move order item for Stator Core 1.5 kW.
1934,1934,1,481.000,481.000,No,1800.00,865800.00,Production Line,Quality Inspection,2026-06-27,2026-06-23,Generated move order item for Stator Core 1.5 kW.
1935,1935,100,14.000,14.000,No,18500.00,259000.00,Assembly,FG Store,2026-06-29,2026-06-24,Generated move order item for BLDC Motor 1.5 kW.
1936,1936,100,11.000,11.000,No,18500.00,203500.00,FG Store,Dispatch Dock,2026-06-26,2026-06-25,Generated move order item for BLDC Motor 1.5 kW.
1937,1937,23,61.000,61.000,No,120.00,7320.00,Maintenance Store,Maintenance Bay,2026-06-28,2026-06-26,Generated move order item for Bearing 6202-2RS.
1938,1938,1,174.000,174.000,No,1800.00,313200.00,Assembly Surplus,Central Warehouse,2026-06-30,2026-06-27,Generated move order item for Stator Core 1.5 kW.
1939,1939,1,481.000,481.000,No,1800.00,865800.00,Central Warehouse,Production Line,2026-07-02,2026-06-28,Generated move order item for Stator Core 1.5 kW.
1940,1940,1,123.000,123.000,No,1800.00,221400.00,Production Line,Quality Inspection,2026-07-04,2026-06-29,Generated move order item for Stator Core 1.5 kW.
1941,1941,100,36.000,36.000,No,18500.00,666000.00,Assembly,FG Store,2024-04-02,2024-04-01,Generated move order item for BLDC Motor 1.5 kW.
1942,1942,100,56.000,56.000,No,18500.00,1036000.00,FG Store,Dispatch Dock,2024-04-04,2024-04-02,Generated move order item for BLDC Motor 1.5 kW.
1943,1943,23,75.000,75.000,No,120.00,9000.00,Maintenance Store,Maintenance Bay,2024-04-06,2024-04-03,Generated move order item for Bearing 6202-2RS.
1944,1944,1,63.000,63.000,No,1800.00,113400.00,Assembly Surplus,Central Warehouse,2024-04-08,2024-04-04,Generated move order item for Stator Core 1.5 kW.
1945,1945,1,134.000,134.000,No,1800.00,241200.00,Central Warehouse,Production Line,2024-04-10,2024-04-05,Generated move order item for Stator Core 1.5 kW.
1946,1946,1,106.000,106.000,No,1800.00,190800.00,Production Line,Quality Inspection,2024-04-07,2024-04-06,Generated move order item for Stator Core 1.5 kW.
1947,1947,100,56.000,56.000,No,18500.00,1036000.00,Assembly,FG Store,2024-04-09,2024-04-07,Generated move order item for BLDC Motor 1.5 kW.
1948,1948,100,16.000,16.000,No,18500.00,296000.00,FG Store,Dispatch Dock,2024-04-11,2024-04-08,Generated move order item for BLDC Motor 1.5 kW.
1949,1949,23,10.000,10.000,No,120.00,1200.00,Maintenance Store,Maintenance Bay,2024-04-13,2024-04-09,Generated move order item for Bearing 6202-2RS.
1950,1950,1,222.000,222.000,No,1800.00,399600.00,Assembly Surplus,Central Warehouse,2024-04-15,2024-04-10,Generated move order item for Stator Core 1.5 kW.
1951,1951,1,177.000,177.000,No,1800.00,318600.00,Central Warehouse,Production Line,2024-04-12,2024-04-11,Generated move order item for Stator Core 1.5 kW.
1952,1952,1,123.000,123.000,No,1800.00,221400.00,Production Line,Quality Inspection,2024-04-14,2024-04-12,Generated move order item for Stator Core 1.5 kW.
1953,1953,100,30.000,30.000,No,18500.00,555000.00,Assembly,FG Store,2024-04-16,2024-04-13,Generated move order item for BLDC Motor 1.5 kW.
1954,1954,100,55.000,55.000,No,18500.00,1017500.00,FG Store,Dispatch Dock,2024-04-18,2024-04-14,Generated move order item for BLDC Motor 1.5 kW.
1955,1955,23,26.000,26.000,No,120.00,3120.00,Maintenance Store,Maintenance Bay,2024-04-20,2024-04-15,Generated move order item for Bearing 6202-2RS.
1956,1956,1,492.000,492.000,No,1800.00,885600.00,Assembly Surplus,Central Warehouse,2024-04-17,2024-04-16,Generated move order item for Stator Core 1.5 kW.
1957,1957,1,349.000,349.000,No,1800.00,628200.00,Central Warehouse,Production Line,2024-04-19,2024-04-17,Generated move order item for Stator Core 1.5 kW.
1958,1958,1,222.000,222.000,No,1800.00,399600.00,Production Line,Quality Inspection,2024-04-21,2024-04-18,Generated move order item for Stator Core 1.5 kW.
1959,1959,100,43.000,43.000,No,18500.00,795500.00,Assembly,FG Store,2024-04-23,2024-04-19,Generated move order item for BLDC Motor 1.5 kW.
1960,1960,100,24.000,24.000,No,18500.00,444000.00,FG Store,Dispatch Dock,2024-04-25,2024-04-20,Generated move order item for BLDC Motor 1.5 kW.
1961,1961,23,25.000,25.000,No,120.00,3000.00,Maintenance Store,Maintenance Bay,2024-04-22,2024-04-21,Generated move order item for Bearing 6202-2RS.
1962,1962,1,155.000,155.000,No,1800.00,279000.00,Assembly Surplus,Central Warehouse,2024-04-24,2024-04-22,Generated move order item for Stator Core 1.5 kW.
1963,1963,1,53.000,53.000,No,1800.00,95400.00,Central Warehouse,Production Line,2024-04-26,2024-04-23,Generated move order item for Stator Core 1.5 kW.
1964,1964,1,342.000,342.000,No,1800.00,615600.00,Production Line,Quality Inspection,2024-04-28,2024-04-24,Generated move order item for Stator Core 1.5 kW.
1965,1965,100,9.000,9.000,No,18500.00,166500.00,Assembly,FG Store,2024-04-30,2024-04-25,Generated move order item for BLDC Motor 1.5 kW.
1966,1966,100,16.000,16.000,No,18500.00,296000.00,FG Store,Dispatch Dock,2024-04-27,2024-04-26,Generated move order item for BLDC Motor 1.5 kW.
1967,1967,23,5.000,5.000,No,120.00,600.00,Maintenance Store,Maintenance Bay,2024-04-29,2024-04-27,Generated move order item for Bearing 6202-2RS.
1968,1968,1,79.000,79.000,No,1800.00,142200.00,Assembly Surplus,Central Warehouse,2024-05-01,2024-04-28,Generated move order item for Stator Core 1.5 kW.
1969,1969,1,458.000,458.000,No,1800.00,824400.00,Central Warehouse,Production Line,2024-05-03,2024-04-29,Generated move order item for Stator Core 1.5 kW.
1970,1970,1,60.000,60.000,No,1800.00,108000.00,Production Line,Quality Inspection,2024-05-05,2024-04-30,Generated move order item for Stator Core 1.5 kW.
1971,1971,100,39.000,39.000,No,18500.00,721500.00,Assembly,FG Store,2024-05-02,2024-05-01,Generated move order item for BLDC Motor 1.5 kW.
1972,1972,100,23.000,23.000,No,18500.00,425500.00,FG Store,Dispatch Dock,2024-05-04,2024-05-02,Generated move order item for BLDC Motor 1.5 kW.
1973,1973,23,18.000,18.000,No,120.00,2160.00,Maintenance Store,Maintenance Bay,2024-05-06,2024-05-03,Generated move order item for Bearing 6202-2RS.
1974,1974,1,185.000,185.000,No,1800.00,333000.00,Assembly Surplus,Central Warehouse,2024-05-08,2024-05-04,Generated move order item for Stator Core 1.5 kW.
1975,1975,1,91.000,91.000,No,1800.00,163800.00,Central Warehouse,Production Line,2024-05-10,2024-05-05,Generated move order item for Stator Core 1.5 kW.
1976,1976,1,191.000,191.000,No,1800.00,343800.00,Production Line,Quality Inspection,2024-05-07,2024-05-06,Generated move order item for Stator Core 1.5 kW.
1977,1977,100,50.000,50.000,No,18500.00,925000.00,Assembly,FG Store,2024-05-09,2024-05-07,Generated move order item for BLDC Motor 1.5 kW.
1978,1978,100,39.000,39.000,No,18500.00,721500.00,FG Store,Dispatch Dock,2024-05-11,2024-05-08,Generated move order item for BLDC Motor 1.5 kW.
1979,1979,23,82.000,82.000,No,120.00,9840.00,Maintenance Store,Maintenance Bay,2024-05-13,2024-05-09,Generated move order item for Bearing 6202-2RS.
1980,1980,1,364.000,364.000,No,1800.00,655200.00,Assembly Surplus,Central Warehouse,2024-05-15,2024-05-10,Generated move order item for Stator Core 1.5 kW.
1981,1981,1,468.000,468.000,No,1800.00,842400.00,Central Warehouse,Production Line,2024-05-12,2024-05-11,Generated move order item for Stator Core 1.5 kW.
1982,1982,1,98.000,98.000,No,1800.00,176400.00,Production Line,Quality Inspection,2024-05-14,2024-05-12,Generated move order item for Stator Core 1.5 kW.
1983,1983,100,13.000,13.000,No,18500.00,240500.00,Assembly,FG Store,2024-05-16,2024-05-13,Generated move order item for BLDC Motor 1.5 kW.
1984,1984,100,28.000,28.000,No,18500.00,518000.00,FG Store,Dispatch Dock,2024-05-18,2024-05-14,Generated move order item for BLDC Motor 1.5 kW.
1985,1985,23,55.000,55.000,No,120.00,6600.00,Maintenance Store,Maintenance Bay,2024-05-20,2024-05-15,Generated move order item for Bearing 6202-2RS.
1986,1986,1,403.000,403.000,No,1800.00,725400.00,Assembly Surplus,Central Warehouse,2024-05-17,2024-05-16,Generated move order item for Stator Core 1.5 kW.
1987,1987,1,104.000,104.000,No,1800.00,187200.00,Central Warehouse,Production Line,2024-05-19,2024-05-17,Generated move order item for Stator Core 1.5 kW.
1988,1988,1,99.000,99.000,No,1800.00,178200.00,Production Line,Quality Inspection,2024-05-21,2024-05-18,Generated move order item for Stator Core 1.5 kW.
1989,1989,100,49.000,49.000,No,18500.00,906500.00,Assembly,FG Store,2024-05-23,2024-05-19,Generated move order item for BLDC Motor 1.5 kW.
1990,1990,100,35.000,35.000,No,18500.00,647500.00,FG Store,Dispatch Dock,2024-05-25,2024-05-20,Generated move order item for BLDC Motor 1.5 kW.
1991,1991,23,44.000,44.000,No,120.00,5280.00,Maintenance Store,Maintenance Bay,2024-05-22,2024-05-21,Generated move order item for Bearing 6202-2RS.
1992,1992,1,150.000,150.000,No,1800.00,270000.00,Assembly Surplus,Central Warehouse,2024-05-24,2024-05-22,Generated move order item for Stator Core 1.5 kW.
1993,1993,1,363.000,363.000,No,1800.00,653400.00,Central Warehouse,Production Line,2024-05-26,2024-05-23,Generated move order item for Stator Core 1.5 kW.
1994,1994,1,411.000,411.000,No,1800.00,739800.00,Production Line,Quality Inspection,2024-05-28,2024-05-24,Generated move order item for Stator Core 1.5 kW.
1995,1995,100,6.000,6.000,No,18500.00,111000.00,Assembly,FG Store,2024-05-30,2024-05-25,Generated move order item for BLDC Motor 1.5 kW.
1996,1996,100,8.000,8.000,No,18500.00,148000.00,FG Store,Dispatch Dock,2024-05-27,2024-05-26,Generated move order item for BLDC Motor 1.5 kW.
1997,1997,23,79.000,79.000,No,120.00,9480.00,Maintenance Store,Maintenance Bay,2024-05-29,2024-05-27,Generated move order item for Bearing 6202-2RS.
1998,1998,1,448.000,448.000,No,1800.00,806400.00,Assembly Surplus,Central Warehouse,2024-05-31,2024-05-28,Generated move order item for Stator Core 1.5 kW.
1999,1999,1,153.000,153.000,No,1800.00,275400.00,Central Warehouse,Production Line,2024-06-02,2024-05-29,Generated move order item for Stator Core 1.5 kW.
2000,2000,1,368.000,368.000,No,1800.00,662400.00,Production Line,Quality Inspection,2024-06-04,2024-05-30,Generated move order item for Stator Core 1.5 kW.
2001,2001,100,52.000,52.000,No,18500.00,962000.00,Assembly,FG Store,2024-06-01,2024-05-31,Generated move order item for BLDC Motor 1.5 kW.
2002,2002,100,11.000,11.000,No,18500.00,203500.00,FG Store,Dispatch Dock,2024-06-03,2024-06-01,Generated move order item for BLDC Motor 1.5 kW.
2003,2003,23,22.000,22.000,No,120.00,2640.00,Maintenance Store,Maintenance Bay,2024-06-05,2024-06-02,Generated move order item for Bearing 6202-2RS.
2004,2004,1,108.000,108.000,No,1800.00,194400.00,Assembly Surplus,Central Warehouse,2024-06-07,2024-06-03,Generated move order item for Stator Core 1.5 kW.
2005,2005,1,406.000,406.000,No,1800.00,730800.00,Central Warehouse,Production Line,2024-06-09,2024-06-04,Generated move order item for Stator Core 1.5 kW.
2006,2006,1,397.000,397.000,No,1800.00,714600.00,Production Line,Quality Inspection,2024-06-06,2024-06-05,Generated move order item for Stator Core 1.5 kW.
2007,2007,100,12.000,12.000,No,18500.00,222000.00,Assembly,FG Store,2024-06-08,2024-06-06,Generated move order item for BLDC Motor 1.5 kW.
2008,2008,100,14.000,14.000,No,18500.00,259000.00,FG Store,Dispatch Dock,2024-06-10,2024-06-07,Generated move order item for BLDC Motor 1.5 kW.
2009,2009,23,68.000,68.000,No,120.00,8160.00,Maintenance Store,Maintenance Bay,2024-06-12,2024-06-08,Generated move order item for Bearing 6202-2RS.
2010,2010,1,454.000,454.000,No,1800.00,817200.00,Assembly Surplus,Central Warehouse,2024-06-14,2024-06-09,Generated move order item for Stator Core 1.5 kW.
2011,2011,1,401.000,401.000,No,1800.00,721800.00,Central Warehouse,Production Line,2024-06-11,2024-06-10,Generated move order item for Stator Core 1.5 kW.
2012,2012,1,125.000,125.000,No,1800.00,225000.00,Production Line,Quality Inspection,2024-06-13,2024-06-11,Generated move order item for Stator Core 1.5 kW.
2013,2013,100,26.000,26.000,No,18500.00,481000.00,Assembly,FG Store,2024-06-15,2024-06-12,Generated move order item for BLDC Motor 1.5 kW.
2014,2014,100,8.000,8.000,No,18500.00,148000.00,FG Store,Dispatch Dock,2024-06-17,2024-06-13,Generated move order item for BLDC Motor 1.5 kW.
2015,2015,23,28.000,28.000,No,120.00,3360.00,Maintenance Store,Maintenance Bay,2024-06-19,2024-06-14,Generated move order item for Bearing 6202-2RS.
2016,2016,1,304.000,304.000,No,1800.00,547200.00,Assembly Surplus,Central Warehouse,2024-06-16,2024-06-15,Generated move order item for Stator Core 1.5 kW.
2017,2017,1,205.000,205.000,No,1800.00,369000.00,Central Warehouse,Production Line,2024-06-18,2024-06-16,Generated move order item for Stator Core 1.5 kW.
2018,2018,1,323.000,323.000,No,1800.00,581400.00,Production Line,Quality Inspection,2024-06-20,2024-06-17,Generated move order item for Stator Core 1.5 kW.
2019,2019,100,21.000,21.000,No,18500.00,388500.00,Assembly,FG Store,2024-06-22,2024-06-18,Generated move order item for BLDC Motor 1.5 kW.
2020,2020,100,36.000,36.000,No,18500.00,666000.00,FG Store,Dispatch Dock,2024-06-24,2024-06-19,Generated move order item for BLDC Motor 1.5 kW.
2021,2021,23,65.000,65.000,No,120.00,7800.00,Maintenance Store,Maintenance Bay,2024-06-21,2024-06-20,Generated move order item for Bearing 6202-2RS.
2022,2022,1,137.000,137.000,No,1800.00,246600.00,Assembly Surplus,Central Warehouse,2024-06-23,2024-06-21,Generated move order item for Stator Core 1.5 kW.
2023,2023,1,70.000,70.000,No,1800.00,126000.00,Central Warehouse,Production Line,2024-06-25,2024-06-22,Generated move order item for Stator Core 1.5 kW.
2024,2024,1,202.000,202.000,No,1800.00,363600.00,Production Line,Quality Inspection,2024-06-27,2024-06-23,Generated move order item for Stator Core 1.5 kW.
2025,2025,100,7.000,7.000,No,18500.00,129500.00,Assembly,FG Store,2024-06-29,2024-06-24,Generated move order item for BLDC Motor 1.5 kW.
2026,2026,100,13.000,13.000,No,18500.00,240500.00,FG Store,Dispatch Dock,2024-06-26,2024-06-25,Generated move order item for BLDC Motor 1.5 kW.
2027,2027,23,32.000,32.000,No,120.00,3840.00,Maintenance Store,Maintenance Bay,2024-06-28,2024-06-26,Generated move order item for Bearing 6202-2RS.
2028,2028,1,202.000,202.000,No,1800.00,363600.00,Assembly Surplus,Central Warehouse,2024-06-30,2024-06-27,Generated move order item for Stator Core 1.5 kW.
2029,2029,1,174.000,174.000,No,1800.00,313200.00,Central Warehouse,Production Line,2024-07-02,2024-06-28,Generated move order item for Stator Core 1.5 kW.
2030,2030,1,74.000,74.000,No,1800.00,133200.00,Production Line,Quality Inspection,2024-07-04,2024-06-29,Generated move order item for Stator Core 1.5 kW.
2031,2031,100,14.000,14.000,No,18500.00,259000.00,Assembly,FG Store,2024-07-01,2024-06-30,Generated move order item for BLDC Motor 1.5 kW.
2032,2032,100,54.000,54.000,No,18500.00,999000.00,FG Store,Dispatch Dock,2024-07-03,2024-07-01,Generated move order item for BLDC Motor 1.5 kW.
2033,2033,23,73.000,73.000,No,120.00,8760.00,Maintenance Store,Maintenance Bay,2024-07-05,2024-07-02,Generated move order item for Bearing 6202-2RS.
2034,2034,1,250.000,250.000,No,1800.00,450000.00,Assembly Surplus,Central Warehouse,2024-07-07,2024-07-03,Generated move order item for Stator Core 1.5 kW.
2035,2035,1,60.000,60.000,No,1800.00,108000.00,Central Warehouse,Production Line,2024-07-09,2024-07-04,Generated move order item for Stator Core 1.5 kW.
2036,2036,1,211.000,211.000,No,1800.00,379800.00,Production Line,Quality Inspection,2024-07-06,2024-07-05,Generated move order item for Stator Core 1.5 kW.
2037,2037,100,56.000,56.000,No,18500.00,1036000.00,Assembly,FG Store,2024-07-08,2024-07-06,Generated move order item for BLDC Motor 1.5 kW.
2038,2038,100,50.000,50.000,No,18500.00,925000.00,FG Store,Dispatch Dock,2024-07-10,2024-07-07,Generated move order item for BLDC Motor 1.5 kW.
2039,2039,23,77.000,77.000,No,120.00,9240.00,Maintenance Store,Maintenance Bay,2024-07-12,2024-07-08,Generated move order item for Bearing 6202-2RS.
2040,2040,1,162.000,162.000,No,1800.00,291600.00,Assembly Surplus,Central Warehouse,2024-07-14,2024-07-09,Generated move order item for Stator Core 1.5 kW.
2041,2041,1,231.000,231.000,No,1800.00,415800.00,Central Warehouse,Production Line,2024-07-11,2024-07-10,Generated move order item for Stator Core 1.5 kW.
2042,2042,1,62.000,62.000,No,1800.00,111600.00,Production Line,Quality Inspection,2024-07-13,2024-07-11,Generated move order item for Stator Core 1.5 kW.
2043,2043,100,53.000,53.000,No,18500.00,980500.00,Assembly,FG Store,2024-07-15,2024-07-12,Generated move order item for BLDC Motor 1.5 kW.
2044,2044,100,11.000,11.000,No,18500.00,203500.00,FG Store,Dispatch Dock,2024-07-17,2024-07-13,Generated move order item for BLDC Motor 1.5 kW.
2045,2045,23,64.000,64.000,No,120.00,7680.00,Maintenance Store,Maintenance Bay,2024-07-19,2024-07-14,Generated move order item for Bearing 6202-2RS.
2046,2046,1,177.000,177.000,No,1800.00,318600.00,Assembly Surplus,Central Warehouse,2024-07-16,2024-07-15,Generated move order item for Stator Core 1.5 kW.
2047,2047,1,307.000,307.000,No,1800.00,552600.00,Central Warehouse,Production Line,2024-07-18,2024-07-16,Generated move order item for Stator Core 1.5 kW.
2048,2048,1,423.000,423.000,No,1800.00,761400.00,Production Line,Quality Inspection,2024-07-20,2024-07-17,Generated move order item for Stator Core 1.5 kW.
2049,2049,100,22.000,22.000,No,18500.00,407000.00,Assembly,FG Store,2024-07-22,2024-07-18,Generated move order item for BLDC Motor 1.5 kW.
2050,2050,100,5.000,5.000,No,18500.00,92500.00,FG Store,Dispatch Dock,2024-07-24,2024-07-19,Generated move order item for BLDC Motor 1.5 kW.
2051,2051,23,68.000,68.000,No,120.00,8160.00,Maintenance Store,Maintenance Bay,2024-07-21,2024-07-20,Generated move order item for Bearing 6202-2RS.
2052,2052,1,289.000,289.000,No,1800.00,520200.00,Assembly Surplus,Central Warehouse,2024-07-23,2024-07-21,Generated move order item for Stator Core 1.5 kW.
2053,2053,1,113.000,113.000,No,1800.00,203400.00,Central Warehouse,Production Line,2024-07-25,2024-07-22,Generated move order item for Stator Core 1.5 kW.
2054,2054,1,71.000,71.000,No,1800.00,127800.00,Production Line,Quality Inspection,2024-07-27,2024-07-23,Generated move order item for Stator Core 1.5 kW.
2055,2055,100,34.000,34.000,No,18500.00,629000.00,Assembly,FG Store,2024-07-29,2024-07-24,Generated move order item for BLDC Motor 1.5 kW.
2056,2056,100,39.000,39.000,No,18500.00,721500.00,FG Store,Dispatch Dock,2024-07-26,2024-07-25,Generated move order item for BLDC Motor 1.5 kW.
2057,2057,23,16.000,16.000,No,120.00,1920.00,Maintenance Store,Maintenance Bay,2024-07-28,2024-07-26,Generated move order item for Bearing 6202-2RS.
2058,2058,1,320.000,320.000,No,1800.00,576000.00,Assembly Surplus,Central Warehouse,2024-07-30,2024-07-27,Generated move order item for Stator Core 1.5 kW.
2059,2059,1,250.000,250.000,No,1800.00,450000.00,Central Warehouse,Production Line,2024-08-01,2024-07-28,Generated move order item for Stator Core 1.5 kW.
2060,2060,1,111.000,111.000,No,1800.00,199800.00,Production Line,Quality Inspection,2024-08-03,2024-07-29,Generated move order item for Stator Core 1.5 kW.
2061,2061,100,39.000,39.000,No,18500.00,721500.00,Assembly,FG Store,2024-07-31,2024-07-30,Generated move order item for BLDC Motor 1.5 kW.
2062,2062,100,41.000,41.000,No,18500.00,758500.00,FG Store,Dispatch Dock,2024-08-02,2024-07-31,Generated move order item for BLDC Motor 1.5 kW.
2063,2063,23,19.000,19.000,No,120.00,2280.00,Maintenance Store,Maintenance Bay,2024-08-04,2024-08-01,Generated move order item for Bearing 6202-2RS.
2064,2064,1,353.000,353.000,No,1800.00,635400.00,Assembly Surplus,Central Warehouse,2024-08-06,2024-08-02,Generated move order item for Stator Core 1.5 kW.
2065,2065,1,150.000,150.000,No,1800.00,270000.00,Central Warehouse,Production Line,2024-08-08,2024-08-03,Generated move order item for Stator Core 1.5 kW.
2066,2066,1,319.000,319.000,No,1800.00,574200.00,Production Line,Quality Inspection,2024-08-05,2024-08-04,Generated move order item for Stator Core 1.5 kW.
2067,2067,100,50.000,50.000,No,18500.00,925000.00,Assembly,FG Store,2024-08-07,2024-08-05,Generated move order item for BLDC Motor 1.5 kW.
2068,2068,100,57.000,57.000,No,18500.00,1054500.00,FG Store,Dispatch Dock,2024-08-09,2024-08-06,Generated move order item for BLDC Motor 1.5 kW.
2069,2069,23,29.000,29.000,No,120.00,3480.00,Maintenance Store,Maintenance Bay,2024-08-11,2024-08-07,Generated move order item for Bearing 6202-2RS.
2070,2070,1,202.000,202.000,No,1800.00,363600.00,Assembly Surplus,Central Warehouse,2024-08-13,2024-08-08,Generated move order item for Stator Core 1.5 kW.
2071,2071,1,93.000,93.000,No,1800.00,167400.00,Central Warehouse,Production Line,2024-08-10,2024-08-09,Generated move order item for Stator Core 1.5 kW.
2072,2072,1,487.000,487.000,No,1800.00,876600.00,Production Line,Quality Inspection,2024-08-12,2024-08-10,Generated move order item for Stator Core 1.5 kW.
2073,2073,100,23.000,23.000,No,18500.00,425500.00,Assembly,FG Store,2024-08-14,2024-08-11,Generated move order item for BLDC Motor 1.5 kW.
2074,2074,100,49.000,49.000,No,18500.00,906500.00,FG Store,Dispatch Dock,2024-08-16,2024-08-12,Generated move order item for BLDC Motor 1.5 kW.
2075,2075,23,94.000,94.000,No,120.00,11280.00,Maintenance Store,Maintenance Bay,2024-08-18,2024-08-13,Generated move order item for Bearing 6202-2RS.
2076,2076,1,264.000,264.000,No,1800.00,475200.00,Assembly Surplus,Central Warehouse,2024-08-15,2024-08-14,Generated move order item for Stator Core 1.5 kW.
2077,2077,1,362.000,362.000,No,1800.00,651600.00,Central Warehouse,Production Line,2024-08-17,2024-08-15,Generated move order item for Stator Core 1.5 kW.
2078,2078,1,262.000,262.000,No,1800.00,471600.00,Production Line,Quality Inspection,2024-08-19,2024-08-16,Generated move order item for Stator Core 1.5 kW.
2079,2079,100,37.000,37.000,No,18500.00,684500.00,Assembly,FG Store,2024-08-21,2024-08-17,Generated move order item for BLDC Motor 1.5 kW.
2080,2080,100,18.000,18.000,No,18500.00,333000.00,FG Store,Dispatch Dock,2024-08-23,2024-08-18,Generated move order item for BLDC Motor 1.5 kW.
2081,2081,23,85.000,85.000,No,120.00,10200.00,Maintenance Store,Maintenance Bay,2024-08-20,2024-08-19,Generated move order item for Bearing 6202-2RS.
2082,2082,1,105.000,105.000,No,1800.00,189000.00,Assembly Surplus,Central Warehouse,2024-08-22,2024-08-20,Generated move order item for Stator Core 1.5 kW.
2083,2083,1,347.000,347.000,No,1800.00,624600.00,Central Warehouse,Production Line,2024-08-24,2024-08-21,Generated move order item for Stator Core 1.5 kW.
2084,2084,1,464.000,464.000,No,1800.00,835200.00,Production Line,Quality Inspection,2024-08-26,2024-08-22,Generated move order item for Stator Core 1.5 kW.
2085,2085,100,50.000,50.000,No,18500.00,925000.00,Assembly,FG Store,2024-08-28,2024-08-23,Generated move order item for BLDC Motor 1.5 kW.
2086,2086,100,47.000,47.000,No,18500.00,869500.00,FG Store,Dispatch Dock,2024-08-25,2024-08-24,Generated move order item for BLDC Motor 1.5 kW.
2087,2087,23,68.000,68.000,No,120.00,8160.00,Maintenance Store,Maintenance Bay,2024-08-27,2024-08-25,Generated move order item for Bearing 6202-2RS.
2088,2088,1,476.000,476.000,No,1800.00,856800.00,Assembly Surplus,Central Warehouse,2024-08-29,2024-08-26,Generated move order item for Stator Core 1.5 kW.
2089,2089,1,439.000,439.000,No,1800.00,790200.00,Central Warehouse,Production Line,2024-08-31,2024-08-27,Generated move order item for Stator Core 1.5 kW.
2090,2090,1,174.000,174.000,No,1800.00,313200.00,Production Line,Quality Inspection,2024-09-02,2024-08-28,Generated move order item for Stator Core 1.5 kW.
2091,2091,100,39.000,39.000,No,18500.00,721500.00,Assembly,FG Store,2024-08-30,2024-08-29,Generated move order item for BLDC Motor 1.5 kW.
2092,2092,100,29.000,29.000,No,18500.00,536500.00,FG Store,Dispatch Dock,2024-09-01,2024-08-30,Generated move order item for BLDC Motor 1.5 kW.
2093,2093,23,30.000,30.000,No,120.00,3600.00,Maintenance Store,Maintenance Bay,2024-09-03,2024-08-31,Generated move order item for Bearing 6202-2RS.
2094,2094,1,418.000,418.000,No,1800.00,752400.00,Assembly Surplus,Central Warehouse,2024-09-05,2024-09-01,Generated move order item for Stator Core 1.5 kW.
2095,2095,1,68.000,68.000,No,1800.00,122400.00,Central Warehouse,Production Line,2024-09-07,2024-09-02,Generated move order item for Stator Core 1.5 kW.
2096,2096,1,107.000,107.000,No,1800.00,192600.00,Production Line,Quality Inspection,2024-09-04,2024-09-03,Generated move order item for Stator Core 1.5 kW.
2097,2097,100,10.000,10.000,No,18500.00,185000.00,Assembly,FG Store,2024-09-06,2024-09-04,Generated move order item for BLDC Motor 1.5 kW.
2098,2098,100,16.000,16.000,No,18500.00,296000.00,FG Store,Dispatch Dock,2024-09-08,2024-09-05,Generated move order item for BLDC Motor 1.5 kW.
2099,2099,23,54.000,54.000,No,120.00,6480.00,Maintenance Store,Maintenance Bay,2024-09-10,2024-09-06,Generated move order item for Bearing 6202-2RS.
2100,2100,1,474.000,474.000,No,1800.00,853200.00,Assembly Surplus,Central Warehouse,2024-09-12,2024-09-07,Generated move order item for Stator Core 1.5 kW.
2101,2101,1,488.000,488.000,No,1800.00,878400.00,Central Warehouse,Production Line,2024-09-09,2024-09-08,Generated move order item for Stator Core 1.5 kW.
2102,2102,1,455.000,455.000,No,1800.00,819000.00,Production Line,Quality Inspection,2024-09-11,2024-09-09,Generated move order item for Stator Core 1.5 kW.
2103,2103,100,47.000,47.000,No,18500.00,869500.00,Assembly,FG Store,2024-09-13,2024-09-10,Generated move order item for BLDC Motor 1.5 kW.
2104,2104,100,30.000,30.000,No,18500.00,555000.00,FG Store,Dispatch Dock,2024-09-15,2024-09-11,Generated move order item for BLDC Motor 1.5 kW.
2105,2105,23,79.000,79.000,No,120.00,9480.00,Maintenance Store,Maintenance Bay,2024-09-17,2024-09-12,Generated move order item for Bearing 6202-2RS.
2106,2106,1,170.000,170.000,No,1800.00,306000.00,Assembly Surplus,Central Warehouse,2024-09-14,2024-09-13,Generated move order item for Stator Core 1.5 kW.
2107,2107,1,349.000,349.000,No,1800.00,628200.00,Central Warehouse,Production Line,2024-09-16,2024-09-14,Generated move order item for Stator Core 1.5 kW.
2108,2108,1,53.000,53.000,No,1800.00,95400.00,Production Line,Quality Inspection,2024-09-18,2024-09-15,Generated move order item for Stator Core 1.5 kW.
2109,2109,100,55.000,55.000,No,18500.00,1017500.00,Assembly,FG Store,2024-09-20,2024-09-16,Generated move order item for BLDC Motor 1.5 kW.
2110,2110,100,59.000,59.000,No,18500.00,1091500.00,FG Store,Dispatch Dock,2024-09-22,2024-09-17,Generated move order item for BLDC Motor 1.5 kW.
2111,2111,23,75.000,75.000,No,120.00,9000.00,Maintenance Store,Maintenance Bay,2024-09-19,2024-09-18,Generated move order item for Bearing 6202-2RS.
2112,2112,1,128.000,128.000,No,1800.00,230400.00,Assembly Surplus,Central Warehouse,2024-09-21,2024-09-19,Generated move order item for Stator Core 1.5 kW.
2113,2113,1,166.000,166.000,No,1800.00,298800.00,Central Warehouse,Production Line,2024-09-23,2024-09-20,Generated move order item for Stator Core 1.5 kW.
2114,2114,1,383.000,383.000,No,1800.00,689400.00,Production Line,Quality Inspection,2024-09-25,2024-09-21,Generated move order item for Stator Core 1.5 kW.
2115,2115,100,32.000,32.000,No,18500.00,592000.00,Assembly,FG Store,2024-09-27,2024-09-22,Generated move order item for BLDC Motor 1.5 kW.
2116,2116,100,35.000,35.000,No,18500.00,647500.00,FG Store,Dispatch Dock,2024-09-24,2024-09-23,Generated move order item for BLDC Motor 1.5 kW.
2117,2117,23,43.000,43.000,No,120.00,5160.00,Maintenance Store,Maintenance Bay,2024-09-26,2024-09-24,Generated move order item for Bearing 6202-2RS.
2118,2118,1,426.000,426.000,No,1800.00,766800.00,Assembly Surplus,Central Warehouse,2024-09-28,2024-09-25,Generated move order item for Stator Core 1.5 kW.
2119,2119,1,124.000,124.000,No,1800.00,223200.00,Central Warehouse,Production Line,2024-09-30,2024-09-26,Generated move order item for Stator Core 1.5 kW.
2120,2120,1,249.000,249.000,No,1800.00,448200.00,Production Line,Quality Inspection,2024-10-02,2024-09-27,Generated move order item for Stator Core 1.5 kW.
2121,2121,100,17.000,17.000,No,18500.00,314500.00,Assembly,FG Store,2024-09-29,2024-09-28,Generated move order item for BLDC Motor 1.5 kW.
2122,2122,100,43.000,43.000,No,18500.00,795500.00,FG Store,Dispatch Dock,2024-10-01,2024-09-29,Generated move order item for BLDC Motor 1.5 kW.
2123,2123,23,32.000,32.000,No,120.00,3840.00,Maintenance Store,Maintenance Bay,2024-10-03,2024-09-30,Generated move order item for Bearing 6202-2RS.
2124,2124,1,185.000,185.000,No,1800.00,333000.00,Assembly Surplus,Central Warehouse,2024-10-05,2024-10-01,Generated move order item for Stator Core 1.5 kW.
2125,2125,1,128.000,128.000,No,1800.00,230400.00,Central Warehouse,Production Line,2024-10-07,2024-10-02,Generated move order item for Stator Core 1.5 kW.
2126,2126,1,439.000,439.000,No,1800.00,790200.00,Production Line,Quality Inspection,2024-10-04,2024-10-03,Generated move order item for Stator Core 1.5 kW.
2127,2127,100,17.000,17.000,No,18500.00,314500.00,Assembly,FG Store,2024-10-06,2024-10-04,Generated move order item for BLDC Motor 1.5 kW.
2128,2128,100,53.000,53.000,No,18500.00,980500.00,FG Store,Dispatch Dock,2024-10-08,2024-10-05,Generated move order item for BLDC Motor 1.5 kW.
2129,2129,23,92.000,92.000,No,120.00,11040.00,Maintenance Store,Maintenance Bay,2024-10-10,2024-10-06,Generated move order item for Bearing 6202-2RS.
2130,2130,1,484.000,484.000,No,1800.00,871200.00,Assembly Surplus,Central Warehouse,2024-10-12,2024-10-07,Generated move order item for Stator Core 1.5 kW.
2131,2131,1,204.000,204.000,No,1800.00,367200.00,Central Warehouse,Production Line,2024-10-09,2024-10-08,Generated move order item for Stator Core 1.5 kW.
2132,2132,1,345.000,345.000,No,1800.00,621000.00,Production Line,Quality Inspection,2024-10-11,2024-10-09,Generated move order item for Stator Core 1.5 kW.
2133,2133,100,51.000,51.000,No,18500.00,943500.00,Assembly,FG Store,2024-10-13,2024-10-10,Generated move order item for BLDC Motor 1.5 kW.
2134,2134,100,9.000,9.000,No,18500.00,166500.00,FG Store,Dispatch Dock,2024-10-15,2024-10-11,Generated move order item for BLDC Motor 1.5 kW.
2135,2135,23,11.000,11.000,No,120.00,1320.00,Maintenance Store,Maintenance Bay,2024-10-17,2024-10-12,Generated move order item for Bearing 6202-2RS.
2136,2136,1,143.000,143.000,No,1800.00,257400.00,Assembly Surplus,Central Warehouse,2024-10-14,2024-10-13,Generated move order item for Stator Core 1.5 kW.
2137,2137,1,492.000,492.000,No,1800.00,885600.00,Central Warehouse,Production Line,2024-10-16,2024-10-14,Generated move order item for Stator Core 1.5 kW.
2138,2138,1,90.000,90.000,No,1800.00,162000.00,Production Line,Quality Inspection,2024-10-18,2024-10-15,Generated move order item for Stator Core 1.5 kW.
2139,2139,100,47.000,47.000,No,18500.00,869500.00,Assembly,FG Store,2024-10-20,2024-10-16,Generated move order item for BLDC Motor 1.5 kW.
2140,2140,100,51.000,51.000,No,18500.00,943500.00,FG Store,Dispatch Dock,2024-10-22,2024-10-17,Generated move order item for BLDC Motor 1.5 kW.
2141,2141,23,92.000,92.000,No,120.00,11040.00,Maintenance Store,Maintenance Bay,2024-10-19,2024-10-18,Generated move order item for Bearing 6202-2RS.
2142,2142,1,288.000,288.000,No,1800.00,518400.00,Assembly Surplus,Central Warehouse,2024-10-21,2024-10-19,Generated move order item for Stator Core 1.5 kW.
2143,2143,1,287.000,287.000,No,1800.00,516600.00,Central Warehouse,Production Line,2024-10-23,2024-10-20,Generated move order item for Stator Core 1.5 kW.
2144,2144,1,384.000,384.000,No,1800.00,691200.00,Production Line,Quality Inspection,2024-10-25,2024-10-21,Generated move order item for Stator Core 1.5 kW.
2145,2145,100,40.000,40.000,No,18500.00,740000.00,Assembly,FG Store,2024-10-27,2024-10-22,Generated move order item for BLDC Motor 1.5 kW.
2146,2146,100,49.000,49.000,No,18500.00,906500.00,FG Store,Dispatch Dock,2024-10-24,2024-10-23,Generated move order item for BLDC Motor 1.5 kW.
2147,2147,23,39.000,39.000,No,120.00,4680.00,Maintenance Store,Maintenance Bay,2024-10-26,2024-10-24,Generated move order item for Bearing 6202-2RS.
2148,2148,1,471.000,471.000,No,1800.00,847800.00,Assembly Surplus,Central Warehouse,2024-10-28,2024-10-25,Generated move order item for Stator Core 1.5 kW.
2149,2149,1,244.000,244.000,No,1800.00,439200.00,Central Warehouse,Production Line,2024-10-30,2024-10-26,Generated move order item for Stator Core 1.5 kW.
2150,2150,1,161.000,161.000,No,1800.00,289800.00,Production Line,Quality Inspection,2024-11-01,2024-10-27,Generated move order item for Stator Core 1.5 kW.
2151,2151,100,47.000,47.000,No,18500.00,869500.00,Assembly,FG Store,2024-10-29,2024-10-28,Generated move order item for BLDC Motor 1.5 kW.
2152,2152,100,39.000,39.000,No,18500.00,721500.00,FG Store,Dispatch Dock,2024-10-31,2024-10-29,Generated move order item for BLDC Motor 1.5 kW.
2153,2153,23,9.000,9.000,No,120.00,1080.00,Maintenance Store,Maintenance Bay,2024-11-02,2024-10-30,Generated move order item for Bearing 6202-2RS.
2154,2154,1,125.000,125.000,No,1800.00,225000.00,Assembly Surplus,Central Warehouse,2024-11-04,2024-10-31,Generated move order item for Stator Core 1.5 kW.
2155,2155,1,66.000,66.000,No,1800.00,118800.00,Central Warehouse,Production Line,2024-11-06,2024-11-01,Generated move order item for Stator Core 1.5 kW.
2156,2156,1,309.000,309.000,No,1800.00,556200.00,Production Line,Quality Inspection,2024-11-03,2024-11-02,Generated move order item for Stator Core 1.5 kW.
2157,2157,100,53.000,53.000,No,18500.00,980500.00,Assembly,FG Store,2024-11-05,2024-11-03,Generated move order item for BLDC Motor 1.5 kW.
2158,2158,100,23.000,23.000,No,18500.00,425500.00,FG Store,Dispatch Dock,2024-11-07,2024-11-04,Generated move order item for BLDC Motor 1.5 kW.
2159,2159,23,15.000,15.000,No,120.00,1800.00,Maintenance Store,Maintenance Bay,2024-11-09,2024-11-05,Generated move order item for Bearing 6202-2RS.
2160,2160,1,433.000,433.000,No,1800.00,779400.00,Assembly Surplus,Central Warehouse,2024-11-11,2024-11-06,Generated move order item for Stator Core 1.5 kW.
2161,2161,1,375.000,375.000,No,1800.00,675000.00,Central Warehouse,Production Line,2024-11-08,2024-11-07,Generated move order item for Stator Core 1.5 kW.
2162,2162,1,295.000,295.000,No,1800.00,531000.00,Production Line,Quality Inspection,2024-11-10,2024-11-08,Generated move order item for Stator Core 1.5 kW.
2163,2163,100,16.000,16.000,No,18500.00,296000.00,Assembly,FG Store,2024-11-12,2024-11-09,Generated move order item for BLDC Motor 1.5 kW.
2164,2164,100,42.000,42.000,No,18500.00,777000.00,FG Store,Dispatch Dock,2024-11-14,2024-11-10,Generated move order item for BLDC Motor 1.5 kW.
2165,2165,23,40.000,40.000,No,120.00,4800.00,Maintenance Store,Maintenance Bay,2024-11-16,2024-11-11,Generated move order item for Bearing 6202-2RS.
2166,2166,1,160.000,160.000,No,1800.00,288000.00,Assembly Surplus,Central Warehouse,2024-11-13,2024-11-12,Generated move order item for Stator Core 1.5 kW.
2167,2167,1,182.000,182.000,No,1800.00,327600.00,Central Warehouse,Production Line,2024-11-15,2024-11-13,Generated move order item for Stator Core 1.5 kW.
2168,2168,1,77.000,77.000,No,1800.00,138600.00,Production Line,Quality Inspection,2024-11-17,2024-11-14,Generated move order item for Stator Core 1.5 kW.
2169,2169,100,32.000,32.000,No,18500.00,592000.00,Assembly,FG Store,2024-11-19,2024-11-15,Generated move order item for BLDC Motor 1.5 kW.
2170,2170,100,47.000,47.000,No,18500.00,869500.00,FG Store,Dispatch Dock,2024-11-21,2024-11-16,Generated move order item for BLDC Motor 1.5 kW.
2171,2171,23,84.000,84.000,No,120.00,10080.00,Maintenance Store,Maintenance Bay,2024-11-18,2024-11-17,Generated move order item for Bearing 6202-2RS.
2172,2172,1,376.000,376.000,No,1800.00,676800.00,Assembly Surplus,Central Warehouse,2024-11-20,2024-11-18,Generated move order item for Stator Core 1.5 kW.
2173,2173,1,444.000,444.000,No,1800.00,799200.00,Central Warehouse,Production Line,2024-11-22,2024-11-19,Generated move order item for Stator Core 1.5 kW.
2174,2174,1,484.000,484.000,No,1800.00,871200.00,Production Line,Quality Inspection,2024-11-24,2024-11-20,Generated move order item for Stator Core 1.5 kW.
2175,2175,100,17.000,17.000,No,18500.00,314500.00,Assembly,FG Store,2024-11-26,2024-11-21,Generated move order item for BLDC Motor 1.5 kW.
2176,2176,100,29.000,29.000,No,18500.00,536500.00,FG Store,Dispatch Dock,2024-11-23,2024-11-22,Generated move order item for BLDC Motor 1.5 kW.
2177,2177,23,37.000,37.000,No,120.00,4440.00,Maintenance Store,Maintenance Bay,2024-11-25,2024-11-23,Generated move order item for Bearing 6202-2RS.
2178,2178,1,358.000,358.000,No,1800.00,644400.00,Assembly Surplus,Central Warehouse,2024-11-27,2024-11-24,Generated move order item for Stator Core 1.5 kW.
2179,2179,1,427.000,427.000,No,1800.00,768600.00,Central Warehouse,Production Line,2024-11-29,2024-11-25,Generated move order item for Stator Core 1.5 kW.
2180,2180,1,451.000,451.000,No,1800.00,811800.00,Production Line,Quality Inspection,2024-12-01,2024-11-26,Generated move order item for Stator Core 1.5 kW.
2181,2181,100,10.000,10.000,No,18500.00,185000.00,Assembly,FG Store,2024-11-28,2024-11-27,Generated move order item for BLDC Motor 1.5 kW.
2182,2182,100,33.000,33.000,No,18500.00,610500.00,FG Store,Dispatch Dock,2024-11-30,2024-11-28,Generated move order item for BLDC Motor 1.5 kW.
2183,2183,23,16.000,16.000,No,120.00,1920.00,Maintenance Store,Maintenance Bay,2024-12-02,2024-11-29,Generated move order item for Bearing 6202-2RS.
2184,2184,1,198.000,198.000,No,1800.00,356400.00,Assembly Surplus,Central Warehouse,2024-12-04,2024-11-30,Generated move order item for Stator Core 1.5 kW.
2185,2185,1,266.000,266.000,No,1800.00,478800.00,Central Warehouse,Production Line,2024-12-06,2024-12-01,Generated move order item for Stator Core 1.5 kW.
2186,2186,1,329.000,329.000,No,1800.00,592200.00,Production Line,Quality Inspection,2024-12-03,2024-12-02,Generated move order item for Stator Core 1.5 kW.
2187,2187,100,49.000,49.000,No,18500.00,906500.00,Assembly,FG Store,2024-12-05,2024-12-03,Generated move order item for BLDC Motor 1.5 kW.
2188,2188,100,60.000,60.000,No,18500.00,1110000.00,FG Store,Dispatch Dock,2024-12-07,2024-12-04,Generated move order item for BLDC Motor 1.5 kW.
2189,2189,23,37.000,37.000,No,120.00,4440.00,Maintenance Store,Maintenance Bay,2024-12-09,2024-12-05,Generated move order item for Bearing 6202-2RS.
2190,2190,1,302.000,302.000,No,1800.00,543600.00,Assembly Surplus,Central Warehouse,2024-12-11,2024-12-06,Generated move order item for Stator Core 1.5 kW.
2191,2191,1,81.000,81.000,No,1800.00,145800.00,Central Warehouse,Production Line,2024-12-08,2024-12-07,Generated move order item for Stator Core 1.5 kW.
2192,2192,1,100.000,100.000,No,1800.00,180000.00,Production Line,Quality Inspection,2024-12-10,2024-12-08,Generated move order item for Stator Core 1.5 kW.
2193,2193,100,59.000,59.000,No,18500.00,1091500.00,Assembly,FG Store,2024-12-12,2024-12-09,Generated move order item for BLDC Motor 1.5 kW.
2194,2194,100,57.000,57.000,No,18500.00,1054500.00,FG Store,Dispatch Dock,2024-12-14,2024-12-10,Generated move order item for BLDC Motor 1.5 kW.
2195,2195,23,95.000,95.000,No,120.00,11400.00,Maintenance Store,Maintenance Bay,2024-12-16,2024-12-11,Generated move order item for Bearing 6202-2RS.
2196,2196,1,167.000,167.000,No,1800.00,300600.00,Assembly Surplus,Central Warehouse,2024-12-13,2024-12-12,Generated move order item for Stator Core 1.5 kW.
2197,2197,1,344.000,344.000,No,1800.00,619200.00,Central Warehouse,Production Line,2024-12-15,2024-12-13,Generated move order item for Stator Core 1.5 kW.
2198,2198,1,153.000,153.000,No,1800.00,275400.00,Production Line,Quality Inspection,2024-12-17,2024-12-14,Generated move order item for Stator Core 1.5 kW.
2199,2199,100,43.000,43.000,No,18500.00,795500.00,Assembly,FG Store,2024-12-19,2024-12-15,Generated move order item for BLDC Motor 1.5 kW.
2200,2200,100,32.000,32.000,No,18500.00,592000.00,FG Store,Dispatch Dock,2024-12-21,2024-12-16,Generated move order item for BLDC Motor 1.5 kW.
2201,2201,23,94.000,94.000,No,120.00,11280.00,Maintenance Store,Maintenance Bay,2024-12-18,2024-12-17,Generated move order item for Bearing 6202-2RS.
2202,2202,1,218.000,218.000,No,1800.00,392400.00,Assembly Surplus,Central Warehouse,2024-12-20,2024-12-18,Generated move order item for Stator Core 1.5 kW.
2203,2203,1,340.000,340.000,No,1800.00,612000.00,Central Warehouse,Production Line,2024-12-22,2024-12-19,Generated move order item for Stator Core 1.5 kW.
2204,2204,1,347.000,347.000,No,1800.00,624600.00,Production Line,Quality Inspection,2024-12-24,2024-12-20,Generated move order item for Stator Core 1.5 kW.
2205,2205,100,49.000,49.000,No,18500.00,906500.00,Assembly,FG Store,2024-12-26,2024-12-21,Generated move order item for BLDC Motor 1.5 kW.
2206,2206,100,7.000,7.000,No,18500.00,129500.00,FG Store,Dispatch Dock,2024-12-23,2024-12-22,Generated move order item for BLDC Motor 1.5 kW.
2207,2207,23,49.000,49.000,No,120.00,5880.00,Maintenance Store,Maintenance Bay,2024-12-25,2024-12-23,Generated move order item for Bearing 6202-2RS.
2208,2208,1,253.000,253.000,No,1800.00,455400.00,Assembly Surplus,Central Warehouse,2024-12-27,2024-12-24,Generated move order item for Stator Core 1.5 kW.
2209,2209,1,152.000,152.000,No,1800.00,273600.00,Central Warehouse,Production Line,2024-12-29,2024-12-25,Generated move order item for Stator Core 1.5 kW.
2210,2210,1,412.000,412.000,No,1800.00,741600.00,Production Line,Quality Inspection,2024-12-31,2024-12-26,Generated move order item for Stator Core 1.5 kW.
2211,2211,100,51.000,51.000,No,18500.00,943500.00,Assembly,FG Store,2024-12-28,2024-12-27,Generated move order item for BLDC Motor 1.5 kW.
2212,2212,100,9.000,9.000,No,18500.00,166500.00,FG Store,Dispatch Dock,2024-12-30,2024-12-28,Generated move order item for BLDC Motor 1.5 kW.
2213,2213,23,70.000,70.000,No,120.00,8400.00,Maintenance Store,Maintenance Bay,2025-01-01,2024-12-29,Generated move order item for Bearing 6202-2RS.
2214,2214,1,438.000,438.000,No,1800.00,788400.00,Assembly Surplus,Central Warehouse,2025-01-03,2024-12-30,Generated move order item for Stator Core 1.5 kW.
2215,2215,1,180.000,180.000,No,1800.00,324000.00,Central Warehouse,Production Line,2025-01-05,2024-12-31,Generated move order item for Stator Core 1.5 kW.
2216,2216,1,335.000,335.000,No,1800.00,603000.00,Production Line,Quality Inspection,2025-01-02,2025-01-01,Generated move order item for Stator Core 1.5 kW.
2217,2217,100,39.000,39.000,No,18500.00,721500.00,Assembly,FG Store,2025-01-04,2025-01-02,Generated move order item for BLDC Motor 1.5 kW.
2218,2218,100,6.000,6.000,No,18500.00,111000.00,FG Store,Dispatch Dock,2025-01-06,2025-01-03,Generated move order item for BLDC Motor 1.5 kW.
2219,2219,23,83.000,83.000,No,120.00,9960.00,Maintenance Store,Maintenance Bay,2025-01-08,2025-01-04,Generated move order item for Bearing 6202-2RS.
2220,2220,1,388.000,388.000,No,1800.00,698400.00,Assembly Surplus,Central Warehouse,2025-01-10,2025-01-05,Generated move order item for Stator Core 1.5 kW.
2221,2221,1,171.000,171.000,No,1800.00,307800.00,Central Warehouse,Production Line,2025-01-07,2025-01-06,Generated move order item for Stator Core 1.5 kW.
2222,2222,1,191.000,191.000,No,1800.00,343800.00,Production Line,Quality Inspection,2025-01-09,2025-01-07,Generated move order item for Stator Core 1.5 kW.
2223,2223,100,48.000,48.000,No,18500.00,888000.00,Assembly,FG Store,2025-01-11,2025-01-08,Generated move order item for BLDC Motor 1.5 kW.
2224,2224,100,49.000,49.000,No,18500.00,906500.00,FG Store,Dispatch Dock,2025-01-13,2025-01-09,Generated move order item for BLDC Motor 1.5 kW.
2225,2225,23,11.000,11.000,No,120.00,1320.00,Maintenance Store,Maintenance Bay,2025-01-15,2025-01-10,Generated move order item for Bearing 6202-2RS.
2226,2226,1,211.000,211.000,No,1800.00,379800.00,Assembly Surplus,Central Warehouse,2025-01-12,2025-01-11,Generated move order item for Stator Core 1.5 kW.
2227,2227,1,331.000,331.000,No,1800.00,595800.00,Central Warehouse,Production Line,2025-01-14,2025-01-12,Generated move order item for Stator Core 1.5 kW.
2228,2228,1,107.000,107.000,No,1800.00,192600.00,Production Line,Quality Inspection,2025-01-16,2025-01-13,Generated move order item for Stator Core 1.5 kW.
2229,2229,100,60.000,60.000,No,18500.00,1110000.00,Assembly,FG Store,2025-01-18,2025-01-14,Generated move order item for BLDC Motor 1.5 kW.
2230,2230,100,16.000,16.000,No,18500.00,296000.00,FG Store,Dispatch Dock,2025-01-20,2025-01-15,Generated move order item for BLDC Motor 1.5 kW.
2231,2231,23,88.000,88.000,No,120.00,10560.00,Maintenance Store,Maintenance Bay,2025-01-17,2025-01-16,Generated move order item for Bearing 6202-2RS.
2232,2232,1,79.000,79.000,No,1800.00,142200.00,Assembly Surplus,Central Warehouse,2025-01-19,2025-01-17,Generated move order item for Stator Core 1.5 kW.
2233,2233,1,444.000,444.000,No,1800.00,799200.00,Central Warehouse,Production Line,2025-01-21,2025-01-18,Generated move order item for Stator Core 1.5 kW.
2234,2234,1,68.000,68.000,No,1800.00,122400.00,Production Line,Quality Inspection,2025-01-23,2025-01-19,Generated move order item for Stator Core 1.5 kW.
2235,2235,100,43.000,43.000,No,18500.00,795500.00,Assembly,FG Store,2025-01-25,2025-01-20,Generated move order item for BLDC Motor 1.5 kW.
2236,2236,100,25.000,25.000,No,18500.00,462500.00,FG Store,Dispatch Dock,2025-01-22,2025-01-21,Generated move order item for BLDC Motor 1.5 kW.
2237,2237,23,49.000,49.000,No,120.00,5880.00,Maintenance Store,Maintenance Bay,2025-01-24,2025-01-22,Generated move order item for Bearing 6202-2RS.
2238,2238,1,99.000,99.000,No,1800.00,178200.00,Assembly Surplus,Central Warehouse,2025-01-26,2025-01-23,Generated move order item for Stator Core 1.5 kW.
2239,2239,1,355.000,355.000,No,1800.00,639000.00,Central Warehouse,Production Line,2025-01-28,2025-01-24,Generated move order item for Stator Core 1.5 kW.
2240,2240,1,330.000,330.000,No,1800.00,594000.00,Production Line,Quality Inspection,2025-01-30,2025-01-25,Generated move order item for Stator Core 1.5 kW.
2241,2241,100,22.000,22.000,No,18500.00,407000.00,Assembly,FG Store,2025-01-27,2025-01-26,Generated move order item for BLDC Motor 1.5 kW.
2242,2242,100,31.000,31.000,No,18500.00,573500.00,FG Store,Dispatch Dock,2025-01-29,2025-01-27,Generated move order item for BLDC Motor 1.5 kW.
2243,2243,23,58.000,58.000,No,120.00,6960.00,Maintenance Store,Maintenance Bay,2025-01-31,2025-01-28,Generated move order item for Bearing 6202-2RS.
2244,2244,1,360.000,360.000,No,1800.00,648000.00,Assembly Surplus,Central Warehouse,2025-02-02,2025-01-29,Generated move order item for Stator Core 1.5 kW.
2245,2245,1,293.000,293.000,No,1800.00,527400.00,Central Warehouse,Production Line,2025-02-04,2025-01-30,Generated move order item for Stator Core 1.5 kW.
2246,2246,1,76.000,76.000,No,1800.00,136800.00,Production Line,Quality Inspection,2025-02-01,2025-01-31,Generated move order item for Stator Core 1.5 kW.
2247,2247,100,35.000,35.000,No,18500.00,647500.00,Assembly,FG Store,2025-02-03,2025-02-01,Generated move order item for BLDC Motor 1.5 kW.
2248,2248,100,24.000,24.000,No,18500.00,444000.00,FG Store,Dispatch Dock,2025-02-05,2025-02-02,Generated move order item for BLDC Motor 1.5 kW.
2249,2249,23,44.000,44.000,No,120.00,5280.00,Maintenance Store,Maintenance Bay,2025-02-07,2025-02-03,Generated move order item for Bearing 6202-2RS.
2250,2250,1,217.000,217.000,No,1800.00,390600.00,Assembly Surplus,Central Warehouse,2025-02-09,2025-02-04,Generated move order item for Stator Core 1.5 kW.
2251,2251,1,209.000,209.000,No,1800.00,376200.00,Central Warehouse,Production Line,2025-02-06,2025-02-05,Generated move order item for Stator Core 1.5 kW.
2252,2252,1,156.000,156.000,No,1800.00,280800.00,Production Line,Quality Inspection,2025-02-08,2025-02-06,Generated move order item for Stator Core 1.5 kW.
2253,2253,100,23.000,23.000,No,18500.00,425500.00,Assembly,FG Store,2025-02-10,2025-02-07,Generated move order item for BLDC Motor 1.5 kW.
2254,2254,100,44.000,44.000,No,18500.00,814000.00,FG Store,Dispatch Dock,2025-02-12,2025-02-08,Generated move order item for BLDC Motor 1.5 kW.
2255,2255,23,26.000,26.000,No,120.00,3120.00,Maintenance Store,Maintenance Bay,2025-02-14,2025-02-09,Generated move order item for Bearing 6202-2RS.
2256,2256,1,392.000,392.000,No,1800.00,705600.00,Assembly Surplus,Central Warehouse,2025-02-11,2025-02-10,Generated move order item for Stator Core 1.5 kW.
2257,2257,1,247.000,247.000,No,1800.00,444600.00,Central Warehouse,Production Line,2025-02-13,2025-02-11,Generated move order item for Stator Core 1.5 kW.
2258,2258,1,325.000,325.000,No,1800.00,585000.00,Production Line,Quality Inspection,2025-02-15,2025-02-12,Generated move order item for Stator Core 1.5 kW.
2259,2259,100,11.000,11.000,No,18500.00,203500.00,Assembly,FG Store,2025-02-17,2025-02-13,Generated move order item for BLDC Motor 1.5 kW.
2260,2260,100,16.000,16.000,No,18500.00,296000.00,FG Store,Dispatch Dock,2025-02-19,2025-02-14,Generated move order item for BLDC Motor 1.5 kW.
2261,2261,23,91.000,91.000,No,120.00,10920.00,Maintenance Store,Maintenance Bay,2025-02-16,2025-02-15,Generated move order item for Bearing 6202-2RS.
2262,2262,1,424.000,424.000,No,1800.00,763200.00,Assembly Surplus,Central Warehouse,2025-02-18,2025-02-16,Generated move order item for Stator Core 1.5 kW.
2263,2263,1,81.000,81.000,No,1800.00,145800.00,Central Warehouse,Production Line,2025-02-20,2025-02-17,Generated move order item for Stator Core 1.5 kW.
2264,2264,1,457.000,457.000,No,1800.00,822600.00,Production Line,Quality Inspection,2025-02-22,2025-02-18,Generated move order item for Stator Core 1.5 kW.
2265,2265,100,51.000,51.000,No,18500.00,943500.00,Assembly,FG Store,2025-02-24,2025-02-19,Generated move order item for BLDC Motor 1.5 kW.
2266,2266,100,12.000,12.000,No,18500.00,222000.00,FG Store,Dispatch Dock,2025-02-21,2025-02-20,Generated move order item for BLDC Motor 1.5 kW.
2267,2267,23,28.000,28.000,No,120.00,3360.00,Maintenance Store,Maintenance Bay,2025-02-23,2025-02-21,Generated move order item for Bearing 6202-2RS.
2268,2268,1,130.000,130.000,No,1800.00,234000.00,Assembly Surplus,Central Warehouse,2025-02-25,2025-02-22,Generated move order item for Stator Core 1.5 kW.
2269,2269,1,434.000,434.000,No,1800.00,781200.00,Central Warehouse,Production Line,2025-02-27,2025-02-23,Generated move order item for Stator Core 1.5 kW.
2270,2270,1,435.000,435.000,No,1800.00,783000.00,Production Line,Quality Inspection,2025-03-01,2025-02-24,Generated move order item for Stator Core 1.5 kW.
2271,2271,100,45.000,45.000,No,18500.00,832500.00,Assembly,FG Store,2025-02-26,2025-02-25,Generated move order item for BLDC Motor 1.5 kW.
2272,2272,100,19.000,19.000,No,18500.00,351500.00,FG Store,Dispatch Dock,2025-02-28,2025-02-26,Generated move order item for BLDC Motor 1.5 kW.
2273,2273,23,93.000,93.000,No,120.00,11160.00,Maintenance Store,Maintenance Bay,2025-03-02,2025-02-27,Generated move order item for Bearing 6202-2RS.
2274,2274,1,432.000,432.000,No,1800.00,777600.00,Assembly Surplus,Central Warehouse,2025-03-04,2025-02-28,Generated move order item for Stator Core 1.5 kW.
2275,2275,1,442.000,442.000,No,1800.00,795600.00,Central Warehouse,Production Line,2025-03-06,2025-03-01,Generated move order item for Stator Core 1.5 kW.
2276,2276,1,212.000,212.000,No,1800.00,381600.00,Production Line,Quality Inspection,2025-03-03,2025-03-02,Generated move order item for Stator Core 1.5 kW.
2277,2277,100,44.000,44.000,No,18500.00,814000.00,Assembly,FG Store,2025-03-05,2025-03-03,Generated move order item for BLDC Motor 1.5 kW.
2278,2278,100,42.000,42.000,No,18500.00,777000.00,FG Store,Dispatch Dock,2025-03-07,2025-03-04,Generated move order item for BLDC Motor 1.5 kW.
2279,2279,23,19.000,19.000,No,120.00,2280.00,Maintenance Store,Maintenance Bay,2025-03-09,2025-03-05,Generated move order item for Bearing 6202-2RS.
2280,2280,1,312.000,312.000,No,1800.00,561600.00,Assembly Surplus,Central Warehouse,2025-03-11,2025-03-06,Generated move order item for Stator Core 1.5 kW.
2281,2281,1,297.000,297.000,No,1800.00,534600.00,Central Warehouse,Production Line,2025-03-08,2025-03-07,Generated move order item for Stator Core 1.5 kW.
2282,2282,1,313.000,313.000,No,1800.00,563400.00,Production Line,Quality Inspection,2025-03-10,2025-03-08,Generated move order item for Stator Core 1.5 kW.
2283,2283,100,24.000,24.000,No,18500.00,444000.00,Assembly,FG Store,2025-03-12,2025-03-09,Generated move order item for BLDC Motor 1.5 kW.
2284,2284,100,42.000,42.000,No,18500.00,777000.00,FG Store,Dispatch Dock,2025-03-14,2025-03-10,Generated move order item for BLDC Motor 1.5 kW.
2285,2285,23,90.000,90.000,No,120.00,10800.00,Maintenance Store,Maintenance Bay,2025-03-16,2025-03-11,Generated move order item for Bearing 6202-2RS.
2286,2286,1,322.000,322.000,No,1800.00,579600.00,Assembly Surplus,Central Warehouse,2025-03-13,2025-03-12,Generated move order item for Stator Core 1.5 kW.
2287,2287,1,443.000,443.000,No,1800.00,797400.00,Central Warehouse,Production Line,2025-03-15,2025-03-13,Generated move order item for Stator Core 1.5 kW.
2288,2288,1,398.000,398.000,No,1800.00,716400.00,Production Line,Quality Inspection,2025-03-17,2025-03-14,Generated move order item for Stator Core 1.5 kW.
2289,2289,100,22.000,22.000,No,18500.00,407000.00,Assembly,FG Store,2025-03-19,2025-03-15,Generated move order item for BLDC Motor 1.5 kW.
2290,2290,100,46.000,46.000,No,18500.00,851000.00,FG Store,Dispatch Dock,2025-03-21,2025-03-16,Generated move order item for BLDC Motor 1.5 kW.
2291,2291,23,69.000,69.000,No,120.00,8280.00,Maintenance Store,Maintenance Bay,2025-03-18,2025-03-17,Generated move order item for Bearing 6202-2RS.
2292,2292,1,475.000,475.000,No,1800.00,855000.00,Assembly Surplus,Central Warehouse,2025-03-20,2025-03-18,Generated move order item for Stator Core 1.5 kW.
2293,2293,1,202.000,202.000,No,1800.00,363600.00,Central Warehouse,Production Line,2025-03-22,2025-03-19,Generated move order item for Stator Core 1.5 kW.
2294,2294,1,123.000,123.000,No,1800.00,221400.00,Production Line,Quality Inspection,2025-03-24,2025-03-20,Generated move order item for Stator Core 1.5 kW.
2295,2295,100,42.000,42.000,No,18500.00,777000.00,Assembly,FG Store,2025-03-26,2025-03-21,Generated move order item for BLDC Motor 1.5 kW.
2296,2296,100,40.000,40.000,No,18500.00,740000.00,FG Store,Dispatch Dock,2025-03-23,2025-03-22,Generated move order item for BLDC Motor 1.5 kW.
2297,2297,23,63.000,63.000,No,120.00,7560.00,Maintenance Store,Maintenance Bay,2025-03-25,2025-03-23,Generated move order item for Bearing 6202-2RS.
2298,2298,1,383.000,383.000,No,1800.00,689400.00,Assembly Surplus,Central Warehouse,2025-03-27,2025-03-24,Generated move order item for Stator Core 1.5 kW.
2299,2299,1,280.000,280.000,No,1800.00,504000.00,Central Warehouse,Production Line,2025-03-29,2025-03-25,Generated move order item for Stator Core 1.5 kW.
2300,2300,1,63.000,63.000,No,1800.00,113400.00,Production Line,Quality Inspection,2025-03-31,2025-03-26,Generated move order item for Stator Core 1.5 kW.
2301,2301,100,54.000,54.000,No,18500.00,999000.00,Assembly,FG Store,2025-03-28,2025-03-27,Generated move order item for BLDC Motor 1.5 kW.
2302,2302,100,20.000,20.000,No,18500.00,370000.00,FG Store,Dispatch Dock,2025-03-30,2025-03-28,Generated move order item for BLDC Motor 1.5 kW.
2303,2303,23,28.000,28.000,No,120.00,3360.00,Maintenance Store,Maintenance Bay,2025-04-01,2025-03-29,Generated move order item for Bearing 6202-2RS.
2304,2304,1,417.000,417.000,No,1800.00,750600.00,Assembly Surplus,Central Warehouse,2025-04-03,2025-03-30,Generated move order item for Stator Core 1.5 kW.
2305,2305,1,409.000,409.000,No,1800.00,736200.00,Central Warehouse,Production Line,2025-04-05,2025-03-31,Generated move order item for Stator Core 1.5 kW.
2306,2306,1,277.000,277.000,No,1800.00,498600.00,Production Line,Quality Inspection,2025-04-02,2025-04-01,Generated move order item for Stator Core 1.5 kW.
2307,2307,100,43.000,43.000,No,18500.00,795500.00,Assembly,FG Store,2025-04-04,2025-04-02,Generated move order item for BLDC Motor 1.5 kW.
2308,2308,100,9.000,9.000,No,18500.00,166500.00,FG Store,Dispatch Dock,2025-04-06,2025-04-03,Generated move order item for BLDC Motor 1.5 kW.
2309,2309,23,32.000,32.000,No,120.00,3840.00,Maintenance Store,Maintenance Bay,2025-04-08,2025-04-04,Generated move order item for Bearing 6202-2RS.
2310,2310,1,159.000,159.000,No,1800.00,286200.00,Assembly Surplus,Central Warehouse,2025-04-10,2025-04-05,Generated move order item for Stator Core 1.5 kW.
2311,2311,1,240.000,240.000,No,1800.00,432000.00,Central Warehouse,Production Line,2025-04-07,2025-04-06,Generated move order item for Stator Core 1.5 kW.
2312,2312,1,211.000,211.000,No,1800.00,379800.00,Production Line,Quality Inspection,2025-04-09,2025-04-07,Generated move order item for Stator Core 1.5 kW.
2313,2313,100,8.000,8.000,No,18500.00,148000.00,Assembly,FG Store,2025-04-11,2025-04-08,Generated move order item for BLDC Motor 1.5 kW.
2314,2314,100,43.000,43.000,No,18500.00,795500.00,FG Store,Dispatch Dock,2025-04-13,2025-04-09,Generated move order item for BLDC Motor 1.5 kW.
2315,2315,23,62.000,62.000,No,120.00,7440.00,Maintenance Store,Maintenance Bay,2025-04-15,2025-04-10,Generated move order item for Bearing 6202-2RS.
2316,2316,1,221.000,221.000,No,1800.00,397800.00,Assembly Surplus,Central Warehouse,2025-04-12,2025-04-11,Generated move order item for Stator Core 1.5 kW.
2317,2317,1,450.000,450.000,No,1800.00,810000.00,Central Warehouse,Production Line,2025-04-14,2025-04-12,Generated move order item for Stator Core 1.5 kW.
2318,2318,1,212.000,212.000,No,1800.00,381600.00,Production Line,Quality Inspection,2025-04-16,2025-04-13,Generated move order item for Stator Core 1.5 kW.
2319,2319,100,11.000,11.000,No,18500.00,203500.00,Assembly,FG Store,2025-04-18,2025-04-14,Generated move order item for BLDC Motor 1.5 kW.
2320,2320,100,52.000,52.000,No,18500.00,962000.00,FG Store,Dispatch Dock,2025-04-20,2025-04-15,Generated move order item for BLDC Motor 1.5 kW.
2321,2321,23,17.000,17.000,No,120.00,2040.00,Maintenance Store,Maintenance Bay,2025-04-17,2025-04-16,Generated move order item for Bearing 6202-2RS.
2322,2322,1,82.000,82.000,No,1800.00,147600.00,Assembly Surplus,Central Warehouse,2025-04-19,2025-04-17,Generated move order item for Stator Core 1.5 kW.
2323,2323,1,264.000,264.000,No,1800.00,475200.00,Central Warehouse,Production Line,2025-04-21,2025-04-18,Generated move order item for Stator Core 1.5 kW.
2324,2324,1,311.000,311.000,No,1800.00,559800.00,Production Line,Quality Inspection,2025-04-23,2025-04-19,Generated move order item for Stator Core 1.5 kW.
2325,2325,100,20.000,20.000,No,18500.00,370000.00,Assembly,FG Store,2025-04-25,2025-04-20,Generated move order item for BLDC Motor 1.5 kW.
2326,2326,100,51.000,51.000,No,18500.00,943500.00,FG Store,Dispatch Dock,2025-04-22,2025-04-21,Generated move order item for BLDC Motor 1.5 kW.
2327,2327,23,31.000,31.000,No,120.00,3720.00,Maintenance Store,Maintenance Bay,2025-04-24,2025-04-22,Generated move order item for Bearing 6202-2RS.
2328,2328,1,484.000,484.000,No,1800.00,871200.00,Assembly Surplus,Central Warehouse,2025-04-26,2025-04-23,Generated move order item for Stator Core 1.5 kW.
2329,2329,1,338.000,338.000,No,1800.00,608400.00,Central Warehouse,Production Line,2025-04-28,2025-04-24,Generated move order item for Stator Core 1.5 kW.
2330,2330,1,133.000,133.000,No,1800.00,239400.00,Production Line,Quality Inspection,2025-04-30,2025-04-25,Generated move order item for Stator Core 1.5 kW.
2331,2331,100,27.000,27.000,No,18500.00,499500.00,Assembly,FG Store,2025-04-27,2025-04-26,Generated move order item for BLDC Motor 1.5 kW.
2332,2332,100,9.000,9.000,No,18500.00,166500.00,FG Store,Dispatch Dock,2025-04-29,2025-04-27,Generated move order item for BLDC Motor 1.5 kW.
2333,2333,23,86.000,86.000,No,120.00,10320.00,Maintenance Store,Maintenance Bay,2025-05-01,2025-04-28,Generated move order item for Bearing 6202-2RS.
2334,2334,1,342.000,342.000,No,1800.00,615600.00,Assembly Surplus,Central Warehouse,2025-05-03,2025-04-29,Generated move order item for Stator Core 1.5 kW.
2335,2335,1,243.000,243.000,No,1800.00,437400.00,Central Warehouse,Production Line,2025-05-05,2025-04-30,Generated move order item for Stator Core 1.5 kW.
2336,2336,1,356.000,356.000,No,1800.00,640800.00,Production Line,Quality Inspection,2025-05-02,2025-05-01,Generated move order item for Stator Core 1.5 kW.
2337,2337,100,39.000,39.000,No,18500.00,721500.00,Assembly,FG Store,2025-05-04,2025-05-02,Generated move order item for BLDC Motor 1.5 kW.
2338,2338,100,38.000,38.000,No,18500.00,703000.00,FG Store,Dispatch Dock,2025-05-06,2025-05-03,Generated move order item for BLDC Motor 1.5 kW.
2339,2339,23,43.000,43.000,No,120.00,5160.00,Maintenance Store,Maintenance Bay,2025-05-08,2025-05-04,Generated move order item for Bearing 6202-2RS.
2340,2340,1,208.000,208.000,No,1800.00,374400.00,Assembly Surplus,Central Warehouse,2025-05-10,2025-05-05,Generated move order item for Stator Core 1.5 kW.
2341,2341,1,165.000,165.000,No,1800.00,297000.00,Central Warehouse,Production Line,2025-05-07,2025-05-06,Generated move order item for Stator Core 1.5 kW.
2342,2342,1,404.000,404.000,No,1800.00,727200.00,Production Line,Quality Inspection,2025-05-09,2025-05-07,Generated move order item for Stator Core 1.5 kW.
2343,2343,100,31.000,31.000,No,18500.00,573500.00,Assembly,FG Store,2025-05-11,2025-05-08,Generated move order item for BLDC Motor 1.5 kW.
2344,2344,100,31.000,31.000,No,18500.00,573500.00,FG Store,Dispatch Dock,2025-05-13,2025-05-09,Generated move order item for BLDC Motor 1.5 kW.
2345,2345,23,74.000,74.000,No,120.00,8880.00,Maintenance Store,Maintenance Bay,2025-05-15,2025-05-10,Generated move order item for Bearing 6202-2RS.
2346,2346,1,289.000,289.000,No,1800.00,520200.00,Assembly Surplus,Central Warehouse,2025-05-12,2025-05-11,Generated move order item for Stator Core 1.5 kW.
2347,2347,1,479.000,479.000,No,1800.00,862200.00,Central Warehouse,Production Line,2025-05-14,2025-05-12,Generated move order item for Stator Core 1.5 kW.
2348,2348,1,158.000,158.000,No,1800.00,284400.00,Production Line,Quality Inspection,2025-05-16,2025-05-13,Generated move order item for Stator Core 1.5 kW.
2349,2349,100,7.000,7.000,No,18500.00,129500.00,Assembly,FG Store,2025-05-18,2025-05-14,Generated move order item for BLDC Motor 1.5 kW.
2350,2350,100,28.000,28.000,No,18500.00,518000.00,FG Store,Dispatch Dock,2025-05-20,2025-05-15,Generated move order item for BLDC Motor 1.5 kW.
2351,2351,23,56.000,56.000,No,120.00,6720.00,Maintenance Store,Maintenance Bay,2025-05-17,2025-05-16,Generated move order item for Bearing 6202-2RS.
2352,2352,1,420.000,420.000,No,1800.00,756000.00,Assembly Surplus,Central Warehouse,2025-05-19,2025-05-17,Generated move order item for Stator Core 1.5 kW.
2353,2353,1,336.000,336.000,No,1800.00,604800.00,Central Warehouse,Production Line,2025-05-21,2025-05-18,Generated move order item for Stator Core 1.5 kW.
2354,2354,1,473.000,473.000,No,1800.00,851400.00,Production Line,Quality Inspection,2025-05-23,2025-05-19,Generated move order item for Stator Core 1.5 kW.
2355,2355,100,9.000,9.000,No,18500.00,166500.00,Assembly,FG Store,2025-05-25,2025-05-20,Generated move order item for BLDC Motor 1.5 kW.
2356,2356,100,35.000,35.000,No,18500.00,647500.00,FG Store,Dispatch Dock,2025-05-22,2025-05-21,Generated move order item for BLDC Motor 1.5 kW.
2357,2357,23,84.000,84.000,No,120.00,10080.00,Maintenance Store,Maintenance Bay,2025-05-24,2025-05-22,Generated move order item for Bearing 6202-2RS.
2358,2358,1,276.000,276.000,No,1800.00,496800.00,Assembly Surplus,Central Warehouse,2025-05-26,2025-05-23,Generated move order item for Stator Core 1.5 kW.
2359,2359,1,174.000,174.000,No,1800.00,313200.00,Central Warehouse,Production Line,2025-05-28,2025-05-24,Generated move order item for Stator Core 1.5 kW.
2360,2360,1,396.000,396.000,No,1800.00,712800.00,Production Line,Quality Inspection,2025-05-30,2025-05-25,Generated move order item for Stator Core 1.5 kW.
2361,2361,100,53.000,53.000,No,18500.00,980500.00,Assembly,FG Store,2025-05-27,2025-05-26,Generated move order item for BLDC Motor 1.5 kW.
2362,2362,100,19.000,19.000,No,18500.00,351500.00,FG Store,Dispatch Dock,2025-05-29,2025-05-27,Generated move order item for BLDC Motor 1.5 kW.
2363,2363,23,58.000,58.000,No,120.00,6960.00,Maintenance Store,Maintenance Bay,2025-05-31,2025-05-28,Generated move order item for Bearing 6202-2RS.
2364,2364,1,412.000,412.000,No,1800.00,741600.00,Assembly Surplus,Central Warehouse,2025-06-02,2025-05-29,Generated move order item for Stator Core 1.5 kW.
2365,2365,1,118.000,118.000,No,1800.00,212400.00,Central Warehouse,Production Line,2025-06-04,2025-05-30,Generated move order item for Stator Core 1.5 kW.
2366,2366,1,54.000,54.000,No,1800.00,97200.00,Production Line,Quality Inspection,2025-06-01,2025-05-31,Generated move order item for Stator Core 1.5 kW.
2367,2367,100,46.000,46.000,No,18500.00,851000.00,Assembly,FG Store,2025-06-03,2025-06-01,Generated move order item for BLDC Motor 1.5 kW.
2368,2368,100,47.000,47.000,No,18500.00,869500.00,FG Store,Dispatch Dock,2025-06-05,2025-06-02,Generated move order item for BLDC Motor 1.5 kW.
2369,2369,23,20.000,20.000,No,120.00,2400.00,Maintenance Store,Maintenance Bay,2025-06-07,2025-06-03,Generated move order item for Bearing 6202-2RS.
2370,2370,1,319.000,319.000,No,1800.00,574200.00,Assembly Surplus,Central Warehouse,2025-06-09,2025-06-04,Generated move order item for Stator Core 1.5 kW.
2371,2371,1,374.000,374.000,No,1800.00,673200.00,Central Warehouse,Production Line,2025-06-06,2025-06-05,Generated move order item for Stator Core 1.5 kW.
2372,2372,1,484.000,484.000,No,1800.00,871200.00,Production Line,Quality Inspection,2025-06-08,2025-06-06,Generated move order item for Stator Core 1.5 kW.
2373,2373,100,50.000,50.000,No,18500.00,925000.00,Assembly,FG Store,2025-06-10,2025-06-07,Generated move order item for BLDC Motor 1.5 kW.
2374,2374,100,17.000,17.000,No,18500.00,314500.00,FG Store,Dispatch Dock,2025-06-12,2025-06-08,Generated move order item for BLDC Motor 1.5 kW.
2375,2375,23,60.000,60.000,No,120.00,7200.00,Maintenance Store,Maintenance Bay,2025-06-14,2025-06-09,Generated move order item for Bearing 6202-2RS.
2376,2376,1,380.000,380.000,No,1800.00,684000.00,Assembly Surplus,Central Warehouse,2025-06-11,2025-06-10,Generated move order item for Stator Core 1.5 kW.
2377,2377,1,172.000,172.000,No,1800.00,309600.00,Central Warehouse,Production Line,2025-06-13,2025-06-11,Generated move order item for Stator Core 1.5 kW.
2378,2378,1,123.000,123.000,No,1800.00,221400.00,Production Line,Quality Inspection,2025-06-15,2025-06-12,Generated move order item for Stator Core 1.5 kW.
2379,2379,100,29.000,29.000,No,18500.00,536500.00,Assembly,FG Store,2025-06-17,2025-06-13,Generated move order item for BLDC Motor 1.5 kW.
2380,2380,100,45.000,45.000,No,18500.00,832500.00,FG Store,Dispatch Dock,2025-06-19,2025-06-14,Generated move order item for BLDC Motor 1.5 kW.
2381,2381,23,55.000,55.000,No,120.00,6600.00,Maintenance Store,Maintenance Bay,2025-06-16,2025-06-15,Generated move order item for Bearing 6202-2RS.
2382,2382,1,322.000,322.000,No,1800.00,579600.00,Assembly Surplus,Central Warehouse,2025-06-18,2025-06-16,Generated move order item for Stator Core 1.5 kW.
2383,2383,1,350.000,350.000,No,1800.00,630000.00,Central Warehouse,Production Line,2025-06-20,2025-06-17,Generated move order item for Stator Core 1.5 kW.
2384,2384,1,480.000,480.000,No,1800.00,864000.00,Production Line,Quality Inspection,2025-06-22,2025-06-18,Generated move order item for Stator Core 1.5 kW.
2385,2385,100,40.000,40.000,No,18500.00,740000.00,Assembly,FG Store,2025-06-24,2025-06-19,Generated move order item for BLDC Motor 1.5 kW.
2386,2386,100,12.000,12.000,No,18500.00,222000.00,FG Store,Dispatch Dock,2025-06-21,2025-06-20,Generated move order item for BLDC Motor 1.5 kW.
2387,2387,23,43.000,43.000,No,120.00,5160.00,Maintenance Store,Maintenance Bay,2025-06-23,2025-06-21,Generated move order item for Bearing 6202-2RS.
2388,2388,1,126.000,126.000,No,1800.00,226800.00,Assembly Surplus,Central Warehouse,2025-06-25,2025-06-22,Generated move order item for Stator Core 1.5 kW.
2389,2389,1,391.000,391.000,No,1800.00,703800.00,Central Warehouse,Production Line,2025-06-27,2025-06-23,Generated move order item for Stator Core 1.5 kW.
2390,2390,1,499.000,499.000,No,1800.00,898200.00,Production Line,Quality Inspection,2025-06-29,2025-06-24,Generated move order item for Stator Core 1.5 kW.
2391,2391,100,48.000,48.000,No,18500.00,888000.00,Assembly,FG Store,2025-06-26,2025-06-25,Generated move order item for BLDC Motor 1.5 kW.
2392,2392,100,18.000,18.000,No,18500.00,333000.00,FG Store,Dispatch Dock,2025-06-28,2025-06-26,Generated move order item for BLDC Motor 1.5 kW.
2393,2393,23,71.000,71.000,No,120.00,8520.00,Maintenance Store,Maintenance Bay,2025-06-30,2025-06-27,Generated move order item for Bearing 6202-2RS.
2394,2394,1,59.000,59.000,No,1800.00,106200.00,Assembly Surplus,Central Warehouse,2025-07-02,2025-06-28,Generated move order item for Stator Core 1.5 kW.
2395,2395,1,172.000,172.000,No,1800.00,309600.00,Central Warehouse,Production Line,2025-07-04,2025-06-29,Generated move order item for Stator Core 1.5 kW.
2396,2396,1,186.000,186.000,No,1800.00,334800.00,Production Line,Quality Inspection,2025-07-01,2025-06-30,Generated move order item for Stator Core 1.5 kW.
2397,2397,100,31.000,31.000,No,18500.00,573500.00,Assembly,FG Store,2025-07-03,2025-07-01,Generated move order item for BLDC Motor 1.5 kW.
2398,2398,100,22.000,22.000,No,18500.00,407000.00,FG Store,Dispatch Dock,2025-07-05,2025-07-02,Generated move order item for BLDC Motor 1.5 kW.
2399,2399,23,46.000,46.000,No,120.00,5520.00,Maintenance Store,Maintenance Bay,2025-07-07,2025-07-03,Generated move order item for Bearing 6202-2RS.
2400,2400,1,54.000,54.000,No,1800.00,97200.00,Assembly Surplus,Central Warehouse,2025-07-09,2025-07-04,Generated move order item for Stator Core 1.5 kW.
2401,2401,1,418.000,418.000,No,1800.00,752400.00,Central Warehouse,Production Line,2025-07-06,2025-07-05,Generated move order item for Stator Core 1.5 kW.
2402,2402,1,228.000,228.000,No,1800.00,410400.00,Production Line,Quality Inspection,2025-07-08,2025-07-06,Generated move order item for Stator Core 1.5 kW.
2403,2403,100,50.000,50.000,No,18500.00,925000.00,Assembly,FG Store,2025-07-10,2025-07-07,Generated move order item for BLDC Motor 1.5 kW.
2404,2404,100,8.000,8.000,No,18500.00,148000.00,FG Store,Dispatch Dock,2025-07-12,2025-07-08,Generated move order item for BLDC Motor 1.5 kW.
2405,2405,23,88.000,88.000,No,120.00,10560.00,Maintenance Store,Maintenance Bay,2025-07-14,2025-07-09,Generated move order item for Bearing 6202-2RS.
2406,2406,1,332.000,332.000,No,1800.00,597600.00,Assembly Surplus,Central Warehouse,2025-07-11,2025-07-10,Generated move order item for Stator Core 1.5 kW.
2407,2407,1,154.000,154.000,No,1800.00,277200.00,Central Warehouse,Production Line,2025-07-13,2025-07-11,Generated move order item for Stator Core 1.5 kW.
2408,2408,1,389.000,389.000,No,1800.00,700200.00,Production Line,Quality Inspection,2025-07-15,2025-07-12,Generated move order item for Stator Core 1.5 kW.
2409,2409,100,46.000,46.000,No,18500.00,851000.00,Assembly,FG Store,2025-07-17,2025-07-13,Generated move order item for BLDC Motor 1.5 kW.
2410,2410,100,45.000,45.000,No,18500.00,832500.00,FG Store,Dispatch Dock,2025-07-19,2025-07-14,Generated move order item for BLDC Motor 1.5 kW.
2411,2411,23,88.000,88.000,No,120.00,10560.00,Maintenance Store,Maintenance Bay,2025-07-16,2025-07-15,Generated move order item for Bearing 6202-2RS.
2412,2412,1,480.000,480.000,No,1800.00,864000.00,Assembly Surplus,Central Warehouse,2025-07-18,2025-07-16,Generated move order item for Stator Core 1.5 kW.
2413,2413,1,125.000,125.000,No,1800.00,225000.00,Central Warehouse,Production Line,2025-07-20,2025-07-17,Generated move order item for Stator Core 1.5 kW.
2414,2414,1,177.000,177.000,No,1800.00,318600.00,Production Line,Quality Inspection,2025-07-22,2025-07-18,Generated move order item for Stator Core 1.5 kW.
2415,2415,100,7.000,7.000,No,18500.00,129500.00,Assembly,FG Store,2025-07-24,2025-07-19,Generated move order item for BLDC Motor 1.5 kW.
2416,2416,100,8.000,8.000,No,18500.00,148000.00,FG Store,Dispatch Dock,2025-07-21,2025-07-20,Generated move order item for BLDC Motor 1.5 kW.
2417,2417,23,15.000,15.000,No,120.00,1800.00,Maintenance Store,Maintenance Bay,2025-07-23,2025-07-21,Generated move order item for Bearing 6202-2RS.
2418,2418,1,362.000,362.000,No,1800.00,651600.00,Assembly Surplus,Central Warehouse,2025-07-25,2025-07-22,Generated move order item for Stator Core 1.5 kW.
2419,2419,1,323.000,323.000,No,1800.00,581400.00,Central Warehouse,Production Line,2025-07-27,2025-07-23,Generated move order item for Stator Core 1.5 kW.
2420,2420,1,65.000,65.000,No,1800.00,117000.00,Production Line,Quality Inspection,2025-07-29,2025-07-24,Generated move order item for Stator Core 1.5 kW.
2421,2421,100,28.000,28.000,No,18500.00,518000.00,Assembly,FG Store,2025-07-26,2025-07-25,Generated move order item for BLDC Motor 1.5 kW.
2422,2422,100,11.000,11.000,No,18500.00,203500.00,FG Store,Dispatch Dock,2025-07-28,2025-07-26,Generated move order item for BLDC Motor 1.5 kW.
2423,2423,23,23.000,23.000,No,120.00,2760.00,Maintenance Store,Maintenance Bay,2025-07-30,2025-07-27,Generated move order item for Bearing 6202-2RS.
2424,2424,1,75.000,75.000,No,1800.00,135000.00,Assembly Surplus,Central Warehouse,2025-08-01,2025-07-28,Generated move order item for Stator Core 1.5 kW.
2425,2425,1,288.000,288.000,No,1800.00,518400.00,Central Warehouse,Production Line,2025-08-03,2025-07-29,Generated move order item for Stator Core 1.5 kW.
2426,2426,1,86.000,86.000,No,1800.00,154800.00,Production Line,Quality Inspection,2025-07-31,2025-07-30,Generated move order item for Stator Core 1.5 kW.
2427,2427,100,48.000,48.000,No,18500.00,888000.00,Assembly,FG Store,2025-08-02,2025-07-31,Generated move order item for BLDC Motor 1.5 kW.
2428,2428,100,57.000,57.000,No,18500.00,1054500.00,FG Store,Dispatch Dock,2025-08-04,2025-08-01,Generated move order item for BLDC Motor 1.5 kW.
2429,2429,23,87.000,87.000,No,120.00,10440.00,Maintenance Store,Maintenance Bay,2025-08-06,2025-08-02,Generated move order item for Bearing 6202-2RS.
2430,2430,1,421.000,421.000,No,1800.00,757800.00,Assembly Surplus,Central Warehouse,2025-08-08,2025-08-03,Generated move order item for Stator Core 1.5 kW.
2431,2431,1,389.000,389.000,No,1800.00,700200.00,Central Warehouse,Production Line,2025-08-05,2025-08-04,Generated move order item for Stator Core 1.5 kW.
2432,2432,1,460.000,460.000,No,1800.00,828000.00,Production Line,Quality Inspection,2025-08-07,2025-08-05,Generated move order item for Stator Core 1.5 kW.
2433,2433,100,54.000,54.000,No,18500.00,999000.00,Assembly,FG Store,2025-08-09,2025-08-06,Generated move order item for BLDC Motor 1.5 kW.
2434,2434,100,17.000,17.000,No,18500.00,314500.00,FG Store,Dispatch Dock,2025-08-11,2025-08-07,Generated move order item for BLDC Motor 1.5 kW.
2435,2435,23,63.000,63.000,No,120.00,7560.00,Maintenance Store,Maintenance Bay,2025-08-13,2025-08-08,Generated move order item for Bearing 6202-2RS.
2436,2436,1,188.000,188.000,No,1800.00,338400.00,Assembly Surplus,Central Warehouse,2025-08-10,2025-08-09,Generated move order item for Stator Core 1.5 kW.
2437,2437,1,427.000,427.000,No,1800.00,768600.00,Central Warehouse,Production Line,2025-08-12,2025-08-10,Generated move order item for Stator Core 1.5 kW.
2438,2438,1,54.000,54.000,No,1800.00,97200.00,Production Line,Quality Inspection,2025-08-14,2025-08-11,Generated move order item for Stator Core 1.5 kW.
2439,2439,100,28.000,28.000,No,18500.00,518000.00,Assembly,FG Store,2025-08-16,2025-08-12,Generated move order item for BLDC Motor 1.5 kW.
2440,2440,100,26.000,26.000,No,18500.00,481000.00,FG Store,Dispatch Dock,2025-08-18,2025-08-13,Generated move order item for BLDC Motor 1.5 kW.
2441,2441,23,86.000,86.000,No,120.00,10320.00,Maintenance Store,Maintenance Bay,2025-08-15,2025-08-14,Generated move order item for Bearing 6202-2RS.
2442,2442,1,182.000,182.000,No,1800.00,327600.00,Assembly Surplus,Central Warehouse,2025-08-17,2025-08-15,Generated move order item for Stator Core 1.5 kW.
2443,2443,1,454.000,454.000,No,1800.00,817200.00,Central Warehouse,Production Line,2025-08-19,2025-08-16,Generated move order item for Stator Core 1.5 kW.
2444,2444,1,273.000,273.000,No,1800.00,491400.00,Production Line,Quality Inspection,2025-08-21,2025-08-17,Generated move order item for Stator Core 1.5 kW.
2445,2445,100,43.000,43.000,No,18500.00,795500.00,Assembly,FG Store,2025-08-23,2025-08-18,Generated move order item for BLDC Motor 1.5 kW.
2446,2446,100,34.000,34.000,No,18500.00,629000.00,FG Store,Dispatch Dock,2025-08-20,2025-08-19,Generated move order item for BLDC Motor 1.5 kW.
2447,2447,23,46.000,46.000,No,120.00,5520.00,Maintenance Store,Maintenance Bay,2025-08-22,2025-08-20,Generated move order item for Bearing 6202-2RS.
2448,2448,1,187.000,187.000,No,1800.00,336600.00,Assembly Surplus,Central Warehouse,2025-08-24,2025-08-21,Generated move order item for Stator Core 1.5 kW.
2449,2449,1,177.000,177.000,No,1800.00,318600.00,Central Warehouse,Production Line,2025-08-26,2025-08-22,Generated move order item for Stator Core 1.5 kW.
2450,2450,1,338.000,338.000,No,1800.00,608400.00,Production Line,Quality Inspection,2025-08-28,2025-08-23,Generated move order item for Stator Core 1.5 kW.
2451,2451,100,23.000,23.000,No,18500.00,425500.00,Assembly,FG Store,2025-08-25,2025-08-24,Generated move order item for BLDC Motor 1.5 kW.
2452,2452,100,53.000,53.000,No,18500.00,980500.00,FG Store,Dispatch Dock,2025-08-27,2025-08-25,Generated move order item for BLDC Motor 1.5 kW.
2453,2453,23,17.000,17.000,No,120.00,2040.00,Maintenance Store,Maintenance Bay,2025-08-29,2025-08-26,Generated move order item for Bearing 6202-2RS.
2454,2454,1,147.000,147.000,No,1800.00,264600.00,Assembly Surplus,Central Warehouse,2025-08-31,2025-08-27,Generated move order item for Stator Core 1.5 kW.
2455,2455,1,71.000,71.000,No,1800.00,127800.00,Central Warehouse,Production Line,2025-09-02,2025-08-28,Generated move order item for Stator Core 1.5 kW.
2456,2456,1,439.000,439.000,No,1800.00,790200.00,Production Line,Quality Inspection,2025-08-30,2025-08-29,Generated move order item for Stator Core 1.5 kW.
2457,2457,100,28.000,28.000,No,18500.00,518000.00,Assembly,FG Store,2025-09-01,2025-08-30,Generated move order item for BLDC Motor 1.5 kW.
2458,2458,100,6.000,6.000,No,18500.00,111000.00,FG Store,Dispatch Dock,2025-09-03,2025-08-31,Generated move order item for BLDC Motor 1.5 kW.
2459,2459,23,9.000,9.000,No,120.00,1080.00,Maintenance Store,Maintenance Bay,2025-09-05,2025-09-01,Generated move order item for Bearing 6202-2RS.
2460,2460,1,464.000,464.000,No,1800.00,835200.00,Assembly Surplus,Central Warehouse,2025-09-07,2025-09-02,Generated move order item for Stator Core 1.5 kW.
2461,2461,1,447.000,447.000,No,1800.00,804600.00,Central Warehouse,Production Line,2025-09-04,2025-09-03,Generated move order item for Stator Core 1.5 kW.
2462,2462,1,174.000,174.000,No,1800.00,313200.00,Production Line,Quality Inspection,2025-09-06,2025-09-04,Generated move order item for Stator Core 1.5 kW.
2463,2463,100,41.000,41.000,No,18500.00,758500.00,Assembly,FG Store,2025-09-08,2025-09-05,Generated move order item for BLDC Motor 1.5 kW.
2464,2464,100,19.000,19.000,No,18500.00,351500.00,FG Store,Dispatch Dock,2025-09-10,2025-09-06,Generated move order item for BLDC Motor 1.5 kW.
2465,2465,23,85.000,85.000,No,120.00,10200.00,Maintenance Store,Maintenance Bay,2025-09-12,2025-09-07,Generated move order item for Bearing 6202-2RS.
2466,2466,1,372.000,372.000,No,1800.00,669600.00,Assembly Surplus,Central Warehouse,2025-09-09,2025-09-08,Generated move order item for Stator Core 1.5 kW.
2467,2467,1,250.000,250.000,No,1800.00,450000.00,Central Warehouse,Production Line,2025-09-11,2025-09-09,Generated move order item for Stator Core 1.5 kW.
2468,2468,1,468.000,468.000,No,1800.00,842400.00,Production Line,Quality Inspection,2025-09-13,2025-09-10,Generated move order item for Stator Core 1.5 kW.
2469,2469,100,17.000,17.000,No,18500.00,314500.00,Assembly,FG Store,2025-09-15,2025-09-11,Generated move order item for BLDC Motor 1.5 kW.
2470,2470,100,60.000,60.000,No,18500.00,1110000.00,FG Store,Dispatch Dock,2025-09-17,2025-09-12,Generated move order item for BLDC Motor 1.5 kW.
2471,2471,23,32.000,32.000,No,120.00,3840.00,Maintenance Store,Maintenance Bay,2025-09-14,2025-09-13,Generated move order item for Bearing 6202-2RS.
2472,2472,1,450.000,450.000,No,1800.00,810000.00,Assembly Surplus,Central Warehouse,2025-09-16,2025-09-14,Generated move order item for Stator Core 1.5 kW.
2473,2473,1,435.000,435.000,No,1800.00,783000.00,Central Warehouse,Production Line,2025-09-18,2025-09-15,Generated move order item for Stator Core 1.5 kW.
2474,2474,1,303.000,303.000,No,1800.00,545400.00,Production Line,Quality Inspection,2025-09-20,2025-09-16,Generated move order item for Stator Core 1.5 kW.
2475,2475,100,11.000,11.000,No,18500.00,203500.00,Assembly,FG Store,2025-09-22,2025-09-17,Generated move order item for BLDC Motor 1.5 kW.
2476,2476,100,47.000,47.000,No,18500.00,869500.00,FG Store,Dispatch Dock,2025-09-19,2025-09-18,Generated move order item for BLDC Motor 1.5 kW.
2477,2477,23,72.000,72.000,No,120.00,8640.00,Maintenance Store,Maintenance Bay,2025-09-21,2025-09-19,Generated move order item for Bearing 6202-2RS.
2478,2478,1,440.000,440.000,No,1800.00,792000.00,Assembly Surplus,Central Warehouse,2025-09-23,2025-09-20,Generated move order item for Stator Core 1.5 kW.
2479,2479,1,151.000,151.000,No,1800.00,271800.00,Central Warehouse,Production Line,2025-09-25,2025-09-21,Generated move order item for Stator Core 1.5 kW.
2480,2480,1,157.000,157.000,No,1800.00,282600.00,Production Line,Quality Inspection,2025-09-27,2025-09-22,Generated move order item for Stator Core 1.5 kW.
2481,2481,100,24.000,24.000,No,18500.00,444000.00,Assembly,FG Store,2025-09-24,2025-09-23,Generated move order item for BLDC Motor 1.5 kW.
2482,2482,100,25.000,25.000,No,18500.00,462500.00,FG Store,Dispatch Dock,2025-09-26,2025-09-24,Generated move order item for BLDC Motor 1.5 kW.
2483,2483,23,5.000,5.000,No,120.00,600.00,Maintenance Store,Maintenance Bay,2025-09-28,2025-09-25,Generated move order item for Bearing 6202-2RS.
2484,2484,1,119.000,119.000,No,1800.00,214200.00,Assembly Surplus,Central Warehouse,2025-09-30,2025-09-26,Generated move order item for Stator Core 1.5 kW.
2485,2485,1,266.000,266.000,No,1800.00,478800.00,Central Warehouse,Production Line,2025-10-02,2025-09-27,Generated move order item for Stator Core 1.5 kW.
2486,2486,1,486.000,486.000,No,1800.00,874800.00,Production Line,Quality Inspection,2025-09-29,2025-09-28,Generated move order item for Stator Core 1.5 kW.
2487,2487,100,12.000,12.000,No,18500.00,222000.00,Assembly,FG Store,2025-10-01,2025-09-29,Generated move order item for BLDC Motor 1.5 kW.
2488,2488,100,18.000,18.000,No,18500.00,333000.00,FG Store,Dispatch Dock,2025-10-03,2025-09-30,Generated move order item for BLDC Motor 1.5 kW.
2489,2489,23,87.000,87.000,No,120.00,10440.00,Maintenance Store,Maintenance Bay,2025-10-05,2025-10-01,Generated move order item for Bearing 6202-2RS.
2490,2490,1,67.000,67.000,No,1800.00,120600.00,Assembly Surplus,Central Warehouse,2025-10-07,2025-10-02,Generated move order item for Stator Core 1.5 kW.
2491,2491,1,94.000,94.000,No,1800.00,169200.00,Central Warehouse,Production Line,2025-10-04,2025-10-03,Generated move order item for Stator Core 1.5 kW.
2492,2492,1,451.000,451.000,No,1800.00,811800.00,Production Line,Quality Inspection,2025-10-06,2025-10-04,Generated move order item for Stator Core 1.5 kW.
2493,2493,100,19.000,19.000,No,18500.00,351500.00,Assembly,FG Store,2025-10-08,2025-10-05,Generated move order item for BLDC Motor 1.5 kW.
2494,2494,100,22.000,22.000,No,18500.00,407000.00,FG Store,Dispatch Dock,2025-10-10,2025-10-06,Generated move order item for BLDC Motor 1.5 kW.
2495,2495,23,6.000,6.000,No,120.00,720.00,Maintenance Store,Maintenance Bay,2025-10-12,2025-10-07,Generated move order item for Bearing 6202-2RS.
2496,2496,1,233.000,233.000,No,1800.00,419400.00,Assembly Surplus,Central Warehouse,2025-10-09,2025-10-08,Generated move order item for Stator Core 1.5 kW.
2497,2497,1,497.000,497.000,No,1800.00,894600.00,Central Warehouse,Production Line,2025-10-11,2025-10-09,Generated move order item for Stator Core 1.5 kW.
2498,2498,1,494.000,494.000,No,1800.00,889200.00,Production Line,Quality Inspection,2025-10-13,2025-10-10,Generated move order item for Stator Core 1.5 kW.
2499,2499,100,40.000,40.000,No,18500.00,740000.00,Assembly,FG Store,2025-10-15,2025-10-11,Generated move order item for BLDC Motor 1.5 kW.
2500,2500,100,42.000,42.000,No,18500.00,777000.00,FG Store,Dispatch Dock,2025-10-17,2025-10-12,Generated move order item for BLDC Motor 1.5 kW.
2501,2501,23,66.000,66.000,No,120.00,7920.00,Maintenance Store,Maintenance Bay,2025-10-14,2025-10-13,Generated move order item for Bearing 6202-2RS.
2502,2502,1,363.000,363.000,No,1800.00,653400.00,Assembly Surplus,Central Warehouse,2025-10-16,2025-10-14,Generated move order item for Stator Core 1.5 kW.
2503,2503,1,284.000,284.000,No,1800.00,511200.00,Central Warehouse,Production Line,2025-10-18,2025-10-15,Generated move order item for Stator Core 1.5 kW.
2504,2504,1,142.000,142.000,No,1800.00,255600.00,Production Line,Quality Inspection,2025-10-20,2025-10-16,Generated move order item for Stator Core 1.5 kW.
2505,2505,100,53.000,53.000,No,18500.00,980500.00,Assembly,FG Store,2025-10-22,2025-10-17,Generated move order item for BLDC Motor 1.5 kW.
2506,2506,100,54.000,54.000,No,18500.00,999000.00,FG Store,Dispatch Dock,2025-10-19,2025-10-18,Generated move order item for BLDC Motor 1.5 kW.
2507,2507,23,18.000,18.000,No,120.00,2160.00,Maintenance Store,Maintenance Bay,2025-10-21,2025-10-19,Generated move order item for Bearing 6202-2RS.
2508,2508,1,92.000,92.000,No,1800.00,165600.00,Assembly Surplus,Central Warehouse,2025-10-23,2025-10-20,Generated move order item for Stator Core 1.5 kW.
2509,2509,1,407.000,407.000,No,1800.00,732600.00,Central Warehouse,Production Line,2025-10-25,2025-10-21,Generated move order item for Stator Core 1.5 kW.
2510,2510,1,71.000,71.000,No,1800.00,127800.00,Production Line,Quality Inspection,2025-10-27,2025-10-22,Generated move order item for Stator Core 1.5 kW.
2511,2511,100,50.000,50.000,No,18500.00,925000.00,Assembly,FG Store,2025-10-24,2025-10-23,Generated move order item for BLDC Motor 1.5 kW.
2512,2512,100,59.000,59.000,No,18500.00,1091500.00,FG Store,Dispatch Dock,2025-10-26,2025-10-24,Generated move order item for BLDC Motor 1.5 kW.
2513,2513,23,8.000,8.000,No,120.00,960.00,Maintenance Store,Maintenance Bay,2025-10-28,2025-10-25,Generated move order item for Bearing 6202-2RS.
2514,2514,1,410.000,410.000,No,1800.00,738000.00,Assembly Surplus,Central Warehouse,2025-10-30,2025-10-26,Generated move order item for Stator Core 1.5 kW.
2515,2515,1,109.000,109.000,No,1800.00,196200.00,Central Warehouse,Production Line,2025-11-01,2025-10-27,Generated move order item for Stator Core 1.5 kW.
2516,2516,1,180.000,180.000,No,1800.00,324000.00,Production Line,Quality Inspection,2025-10-29,2025-10-28,Generated move order item for Stator Core 1.5 kW.
2517,2517,100,35.000,35.000,No,18500.00,647500.00,Assembly,FG Store,2025-10-31,2025-10-29,Generated move order item for BLDC Motor 1.5 kW.
2518,2518,100,43.000,43.000,No,18500.00,795500.00,FG Store,Dispatch Dock,2025-11-02,2025-10-30,Generated move order item for BLDC Motor 1.5 kW.
2519,2519,23,13.000,13.000,No,120.00,1560.00,Maintenance Store,Maintenance Bay,2025-11-04,2025-10-31,Generated move order item for Bearing 6202-2RS.
2520,2520,1,99.000,99.000,No,1800.00,178200.00,Assembly Surplus,Central Warehouse,2025-11-06,2025-11-01,Generated move order item for Stator Core 1.5 kW.
2521,2521,1,177.000,177.000,No,1800.00,318600.00,Central Warehouse,Production Line,2025-11-03,2025-11-02,Generated move order item for Stator Core 1.5 kW.
2522,2522,1,357.000,357.000,No,1800.00,642600.00,Production Line,Quality Inspection,2025-11-05,2025-11-03,Generated move order item for Stator Core 1.5 kW.
2523,2523,100,27.000,27.000,No,18500.00,499500.00,Assembly,FG Store,2025-11-07,2025-11-04,Generated move order item for BLDC Motor 1.5 kW.
2524,2524,100,20.000,20.000,No,18500.00,370000.00,FG Store,Dispatch Dock,2025-11-09,2025-11-05,Generated move order item for BLDC Motor 1.5 kW.
2525,2525,23,20.000,20.000,No,120.00,2400.00,Maintenance Store,Maintenance Bay,2025-11-11,2025-11-06,Generated move order item for Bearing 6202-2RS.
2526,2526,1,486.000,486.000,No,1800.00,874800.00,Assembly Surplus,Central Warehouse,2025-11-08,2025-11-07,Generated move order item for Stator Core 1.5 kW.
2527,2527,1,367.000,367.000,No,1800.00,660600.00,Central Warehouse,Production Line,2025-11-10,2025-11-08,Generated move order item for Stator Core 1.5 kW.
2528,2528,1,494.000,494.000,No,1800.00,889200.00,Production Line,Quality Inspection,2025-11-12,2025-11-09,Generated move order item for Stator Core 1.5 kW.
2529,2529,100,32.000,32.000,No,18500.00,592000.00,Assembly,FG Store,2025-11-14,2025-11-10,Generated move order item for BLDC Motor 1.5 kW.
2530,2530,100,50.000,50.000,No,18500.00,925000.00,FG Store,Dispatch Dock,2025-11-16,2025-11-11,Generated move order item for BLDC Motor 1.5 kW.
2531,2531,23,66.000,66.000,No,120.00,7920.00,Maintenance Store,Maintenance Bay,2025-11-13,2025-11-12,Generated move order item for Bearing 6202-2RS.
2532,2532,1,286.000,286.000,No,1800.00,514800.00,Assembly Surplus,Central Warehouse,2025-11-15,2025-11-13,Generated move order item for Stator Core 1.5 kW.
2533,2533,1,263.000,263.000,No,1800.00,473400.00,Central Warehouse,Production Line,2025-11-17,2025-11-14,Generated move order item for Stator Core 1.5 kW.
2534,2534,1,275.000,275.000,No,1800.00,495000.00,Production Line,Quality Inspection,2025-11-19,2025-11-15,Generated move order item for Stator Core 1.5 kW.
2535,2535,100,28.000,28.000,No,18500.00,518000.00,Assembly,FG Store,2025-11-21,2025-11-16,Generated move order item for BLDC Motor 1.5 kW.
2536,2536,100,40.000,40.000,No,18500.00,740000.00,FG Store,Dispatch Dock,2025-11-18,2025-11-17,Generated move order item for BLDC Motor 1.5 kW.
2537,2537,23,52.000,52.000,No,120.00,6240.00,Maintenance Store,Maintenance Bay,2025-11-20,2025-11-18,Generated move order item for Bearing 6202-2RS.
2538,2538,1,487.000,487.000,No,1800.00,876600.00,Assembly Surplus,Central Warehouse,2025-11-22,2025-11-19,Generated move order item for Stator Core 1.5 kW.
2539,2539,1,455.000,455.000,No,1800.00,819000.00,Central Warehouse,Production Line,2025-11-24,2025-11-20,Generated move order item for Stator Core 1.5 kW.
2540,2540,1,259.000,259.000,No,1800.00,466200.00,Production Line,Quality Inspection,2025-11-26,2025-11-21,Generated move order item for Stator Core 1.5 kW.
2541,2541,100,27.000,27.000,No,18500.00,499500.00,Assembly,FG Store,2025-11-23,2025-11-22,Generated move order item for BLDC Motor 1.5 kW.
2542,2542,100,47.000,47.000,No,18500.00,869500.00,FG Store,Dispatch Dock,2025-11-25,2025-11-23,Generated move order item for BLDC Motor 1.5 kW.
2543,2543,23,66.000,66.000,No,120.00,7920.00,Maintenance Store,Maintenance Bay,2025-11-27,2025-11-24,Generated move order item for Bearing 6202-2RS.
2544,2544,1,154.000,154.000,No,1800.00,277200.00,Assembly Surplus,Central Warehouse,2025-11-29,2025-11-25,Generated move order item for Stator Core 1.5 kW.
2545,2545,1,426.000,426.000,No,1800.00,766800.00,Central Warehouse,Production Line,2025-12-01,2025-11-26,Generated move order item for Stator Core 1.5 kW.
2546,2546,1,357.000,357.000,No,1800.00,642600.00,Production Line,Quality Inspection,2025-11-28,2025-11-27,Generated move order item for Stator Core 1.5 kW.
2547,2547,100,39.000,39.000,No,18500.00,721500.00,Assembly,FG Store,2025-11-30,2025-11-28,Generated move order item for BLDC Motor 1.5 kW.
2548,2548,100,48.000,48.000,No,18500.00,888000.00,FG Store,Dispatch Dock,2025-12-02,2025-11-29,Generated move order item for BLDC Motor 1.5 kW.
2549,2549,23,26.000,26.000,No,120.00,3120.00,Maintenance Store,Maintenance Bay,2025-12-04,2025-11-30,Generated move order item for Bearing 6202-2RS.
2550,2550,1,410.000,410.000,No,1800.00,738000.00,Assembly Surplus,Central Warehouse,2025-12-06,2025-12-01,Generated move order item for Stator Core 1.5 kW.
2551,2551,1,105.000,105.000,No,1800.00,189000.00,Central Warehouse,Production Line,2025-12-03,2025-12-02,Generated move order item for Stator Core 1.5 kW.
2552,2552,1,407.000,407.000,No,1800.00,732600.00,Production Line,Quality Inspection,2025-12-05,2025-12-03,Generated move order item for Stator Core 1.5 kW.
2553,2553,100,38.000,38.000,No,18500.00,703000.00,Assembly,FG Store,2025-12-07,2025-12-04,Generated move order item for BLDC Motor 1.5 kW.
2554,2554,100,37.000,37.000,No,18500.00,684500.00,FG Store,Dispatch Dock,2025-12-09,2025-12-05,Generated move order item for BLDC Motor 1.5 kW.
2555,2555,23,74.000,74.000,No,120.00,8880.00,Maintenance Store,Maintenance Bay,2025-12-11,2025-12-06,Generated move order item for Bearing 6202-2RS.
2556,2556,1,190.000,190.000,No,1800.00,342000.00,Assembly Surplus,Central Warehouse,2025-12-08,2025-12-07,Generated move order item for Stator Core 1.5 kW.
2557,2557,1,396.000,396.000,No,1800.00,712800.00,Central Warehouse,Production Line,2025-12-10,2025-12-08,Generated move order item for Stator Core 1.5 kW.
2558,2558,1,61.000,61.000,No,1800.00,109800.00,Production Line,Quality Inspection,2025-12-12,2025-12-09,Generated move order item for Stator Core 1.5 kW.
2559,2559,100,43.000,43.000,No,18500.00,795500.00,Assembly,FG Store,2025-12-14,2025-12-10,Generated move order item for BLDC Motor 1.5 kW.
2560,2560,100,49.000,49.000,No,18500.00,906500.00,FG Store,Dispatch Dock,2025-12-16,2025-12-11,Generated move order item for BLDC Motor 1.5 kW.
2561,2561,23,5.000,5.000,No,120.00,600.00,Maintenance Store,Maintenance Bay,2025-12-13,2025-12-12,Generated move order item for Bearing 6202-2RS.
2562,2562,1,363.000,363.000,No,1800.00,653400.00,Assembly Surplus,Central Warehouse,2025-12-15,2025-12-13,Generated move order item for Stator Core 1.5 kW.
2563,2563,1,399.000,399.000,No,1800.00,718200.00,Central Warehouse,Production Line,2025-12-17,2025-12-14,Generated move order item for Stator Core 1.5 kW.
2564,2564,1,285.000,285.000,No,1800.00,513000.00,Production Line,Quality Inspection,2025-12-19,2025-12-15,Generated move order item for Stator Core 1.5 kW.
2565,2565,100,38.000,38.000,No,18500.00,703000.00,Assembly,FG Store,2025-12-21,2025-12-16,Generated move order item for BLDC Motor 1.5 kW.
2566,2566,100,8.000,8.000,No,18500.00,148000.00,FG Store,Dispatch Dock,2025-12-18,2025-12-17,Generated move order item for BLDC Motor 1.5 kW.
2567,2567,23,99.000,99.000,No,120.00,11880.00,Maintenance Store,Maintenance Bay,2025-12-20,2025-12-18,Generated move order item for Bearing 6202-2RS.
2568,2568,1,485.000,485.000,No,1800.00,873000.00,Assembly Surplus,Central Warehouse,2025-12-22,2025-12-19,Generated move order item for Stator Core 1.5 kW.
2569,2569,1,394.000,394.000,No,1800.00,709200.00,Central Warehouse,Production Line,2025-12-24,2025-12-20,Generated move order item for Stator Core 1.5 kW.
2570,2570,1,56.000,56.000,No,1800.00,100800.00,Production Line,Quality Inspection,2025-12-26,2025-12-21,Generated move order item for Stator Core 1.5 kW.
2571,2571,100,29.000,29.000,No,18500.00,536500.00,Assembly,FG Store,2025-12-23,2025-12-22,Generated move order item for BLDC Motor 1.5 kW.
2572,2572,100,50.000,50.000,No,18500.00,925000.00,FG Store,Dispatch Dock,2025-12-25,2025-12-23,Generated move order item for BLDC Motor 1.5 kW.
2573,2573,23,69.000,69.000,No,120.00,8280.00,Maintenance Store,Maintenance Bay,2025-12-27,2025-12-24,Generated move order item for Bearing 6202-2RS.
2574,2574,1,457.000,457.000,No,1800.00,822600.00,Assembly Surplus,Central Warehouse,2025-12-29,2025-12-25,Generated move order item for Stator Core 1.5 kW.
2575,2575,1,327.000,327.000,No,1800.00,588600.00,Central Warehouse,Production Line,2025-12-31,2025-12-26,Generated move order item for Stator Core 1.5 kW.
2576,2576,1,371.000,371.000,No,1800.00,667800.00,Production Line,Quality Inspection,2025-12-28,2025-12-27,Generated move order item for Stator Core 1.5 kW.
2577,2577,100,23.000,23.000,No,18500.00,425500.00,Assembly,FG Store,2025-12-30,2025-12-28,Generated move order item for BLDC Motor 1.5 kW.
2578,2578,100,50.000,50.000,No,18500.00,925000.00,FG Store,Dispatch Dock,2026-01-01,2025-12-29,Generated move order item for BLDC Motor 1.5 kW.
2579,2579,23,56.000,56.000,No,120.00,6720.00,Maintenance Store,Maintenance Bay,2026-01-03,2025-12-30,Generated move order item for Bearing 6202-2RS.
2580,2580,1,410.000,410.000,No,1800.00,738000.00,Assembly Surplus,Central Warehouse,2026-01-05,2025-12-31,Generated move order item for Stator Core 1.5 kW.
2581,2581,1,142.000,142.000,No,1800.00,255600.00,Central Warehouse,Production Line,2026-01-02,2026-01-01,Generated move order item for Stator Core 1.5 kW.
2582,2582,1,170.000,170.000,No,1800.00,306000.00,Production Line,Quality Inspection,2026-01-04,2026-01-02,Generated move order item for Stator Core 1.5 kW.
2583,2583,100,9.000,9.000,No,18500.00,166500.00,Assembly,FG Store,2026-01-06,2026-01-03,Generated move order item for BLDC Motor 1.5 kW.
2584,2584,100,42.000,42.000,No,18500.00,777000.00,FG Store,Dispatch Dock,2026-01-08,2026-01-04,Generated move order item for BLDC Motor 1.5 kW.
2585,2585,23,75.000,75.000,No,120.00,9000.00,Maintenance Store,Maintenance Bay,2026-01-10,2026-01-05,Generated move order item for Bearing 6202-2RS.
2586,2586,1,177.000,177.000,No,1800.00,318600.00,Assembly Surplus,Central Warehouse,2026-01-07,2026-01-06,Generated move order item for Stator Core 1.5 kW.
2587,2587,1,223.000,223.000,No,1800.00,401400.00,Central Warehouse,Production Line,2026-01-09,2026-01-07,Generated move order item for Stator Core 1.5 kW.
2588,2588,1,306.000,306.000,No,1800.00,550800.00,Production Line,Quality Inspection,2026-01-11,2026-01-08,Generated move order item for Stator Core 1.5 kW.
2589,2589,100,47.000,47.000,No,18500.00,869500.00,Assembly,FG Store,2026-01-13,2026-01-09,Generated move order item for BLDC Motor 1.5 kW.
2590,2590,100,21.000,21.000,No,18500.00,388500.00,FG Store,Dispatch Dock,2026-01-15,2026-01-10,Generated move order item for BLDC Motor 1.5 kW.
2591,2591,23,51.000,51.000,No,120.00,6120.00,Maintenance Store,Maintenance Bay,2026-01-12,2026-01-11,Generated move order item for Bearing 6202-2RS.
2592,2592,1,133.000,133.000,No,1800.00,239400.00,Assembly Surplus,Central Warehouse,2026-01-14,2026-01-12,Generated move order item for Stator Core 1.5 kW.
2593,2593,1,415.000,415.000,No,1800.00,747000.00,Central Warehouse,Production Line,2026-01-16,2026-01-13,Generated move order item for Stator Core 1.5 kW.
2594,2594,1,443.000,443.000,No,1800.00,797400.00,Production Line,Quality Inspection,2026-01-18,2026-01-14,Generated move order item for Stator Core 1.5 kW.
2595,2595,100,46.000,46.000,No,18500.00,851000.00,Assembly,FG Store,2026-01-20,2026-01-15,Generated move order item for BLDC Motor 1.5 kW.
2596,2596,100,50.000,50.000,No,18500.00,925000.00,FG Store,Dispatch Dock,2026-01-17,2026-01-16,Generated move order item for BLDC Motor 1.5 kW.
2597,2597,23,78.000,78.000,No,120.00,9360.00,Maintenance Store,Maintenance Bay,2026-01-19,2026-01-17,Generated move order item for Bearing 6202-2RS.
2598,2598,1,426.000,426.000,No,1800.00,766800.00,Assembly Surplus,Central Warehouse,2026-01-21,2026-01-18,Generated move order item for Stator Core 1.5 kW.
2599,2599,1,243.000,243.000,No,1800.00,437400.00,Central Warehouse,Production Line,2026-01-23,2026-01-19,Generated move order item for Stator Core 1.5 kW.
2600,2600,1,142.000,142.000,No,1800.00,255600.00,Production Line,Quality Inspection,2026-01-25,2026-01-20,Generated move order item for Stator Core 1.5 kW.
2601,2601,100,58.000,58.000,No,18500.00,1073000.00,Assembly,FG Store,2026-01-22,2026-01-21,Generated move order item for BLDC Motor 1.5 kW.
2602,2602,100,5.000,5.000,No,18500.00,92500.00,FG Store,Dispatch Dock,2026-01-24,2026-01-22,Generated move order item for BLDC Motor 1.5 kW.
2603,2603,23,43.000,43.000,No,120.00,5160.00,Maintenance Store,Maintenance Bay,2026-01-26,2026-01-23,Generated move order item for Bearing 6202-2RS.
2604,2604,1,377.000,377.000,No,1800.00,678600.00,Assembly Surplus,Central Warehouse,2026-01-28,2026-01-24,Generated move order item for Stator Core 1.5 kW.
2605,2605,1,407.000,407.000,No,1800.00,732600.00,Central Warehouse,Production Line,2026-01-30,2026-01-25,Generated move order item for Stator Core 1.5 kW.
2606,2606,1,359.000,359.000,No,1800.00,646200.00,Production Line,Quality Inspection,2026-01-27,2026-01-26,Generated move order item for Stator Core 1.5 kW.
2607,2607,100,32.000,32.000,No,18500.00,592000.00,Assembly,FG Store,2026-01-29,2026-01-27,Generated move order item for BLDC Motor 1.5 kW.
2608,2608,100,56.000,56.000,No,18500.00,1036000.00,FG Store,Dispatch Dock,2026-01-31,2026-01-28,Generated move order item for BLDC Motor 1.5 kW.
2609,2609,23,27.000,27.000,No,120.00,3240.00,Maintenance Store,Maintenance Bay,2026-02-02,2026-01-29,Generated move order item for Bearing 6202-2RS.
2610,2610,1,114.000,114.000,No,1800.00,205200.00,Assembly Surplus,Central Warehouse,2026-02-04,2026-01-30,Generated move order item for Stator Core 1.5 kW.
2611,2611,1,333.000,333.000,No,1800.00,599400.00,Central Warehouse,Production Line,2026-02-01,2026-01-31,Generated move order item for Stator Core 1.5 kW.
2612,2612,1,194.000,194.000,No,1800.00,349200.00,Production Line,Quality Inspection,2026-02-03,2026-02-01,Generated move order item for Stator Core 1.5 kW.
2613,2613,100,31.000,31.000,No,18500.00,573500.00,Assembly,FG Store,2026-02-05,2026-02-02,Generated move order item for BLDC Motor 1.5 kW.
2614,2614,100,30.000,30.000,No,18500.00,555000.00,FG Store,Dispatch Dock,2026-02-07,2026-02-03,Generated move order item for BLDC Motor 1.5 kW.
2615,2615,23,30.000,30.000,No,120.00,3600.00,Maintenance Store,Maintenance Bay,2026-02-09,2026-02-04,Generated move order item for Bearing 6202-2RS.
2616,2616,1,500.000,500.000,No,1800.00,900000.00,Assembly Surplus,Central Warehouse,2026-02-06,2026-02-05,Generated move order item for Stator Core 1.5 kW.
2617,2617,1,222.000,222.000,No,1800.00,399600.00,Central Warehouse,Production Line,2026-02-08,2026-02-06,Generated move order item for Stator Core 1.5 kW.
2618,2618,1,352.000,352.000,No,1800.00,633600.00,Production Line,Quality Inspection,2026-02-10,2026-02-07,Generated move order item for Stator Core 1.5 kW.
2619,2619,100,13.000,13.000,No,18500.00,240500.00,Assembly,FG Store,2026-02-12,2026-02-08,Generated move order item for BLDC Motor 1.5 kW.
2620,2620,100,60.000,60.000,No,18500.00,1110000.00,FG Store,Dispatch Dock,2026-02-14,2026-02-09,Generated move order item for BLDC Motor 1.5 kW.
2621,2621,23,99.000,99.000,No,120.00,11880.00,Maintenance Store,Maintenance Bay,2026-02-11,2026-02-10,Generated move order item for Bearing 6202-2RS.
2622,2622,1,81.000,81.000,No,1800.00,145800.00,Assembly Surplus,Central Warehouse,2026-02-13,2026-02-11,Generated move order item for Stator Core 1.5 kW.
2623,2623,1,340.000,340.000,No,1800.00,612000.00,Central Warehouse,Production Line,2026-02-15,2026-02-12,Generated move order item for Stator Core 1.5 kW.
2624,2624,1,318.000,318.000,No,1800.00,572400.00,Production Line,Quality Inspection,2026-02-17,2026-02-13,Generated move order item for Stator Core 1.5 kW.
2625,2625,100,14.000,14.000,No,18500.00,259000.00,Assembly,FG Store,2026-02-19,2026-02-14,Generated move order item for BLDC Motor 1.5 kW.
2626,2626,100,48.000,48.000,No,18500.00,888000.00,FG Store,Dispatch Dock,2026-02-16,2026-02-15,Generated move order item for BLDC Motor 1.5 kW.
2627,2627,23,78.000,78.000,No,120.00,9360.00,Maintenance Store,Maintenance Bay,2026-02-18,2026-02-16,Generated move order item for Bearing 6202-2RS.
2628,2628,1,430.000,430.000,No,1800.00,774000.00,Assembly Surplus,Central Warehouse,2026-02-20,2026-02-17,Generated move order item for Stator Core 1.5 kW.
2629,2629,1,321.000,321.000,No,1800.00,577800.00,Central Warehouse,Production Line,2026-02-22,2026-02-18,Generated move order item for Stator Core 1.5 kW.
2630,2630,1,368.000,368.000,No,1800.00,662400.00,Production Line,Quality Inspection,2026-02-24,2026-02-19,Generated move order item for Stator Core 1.5 kW.
2631,2631,100,45.000,45.000,No,18500.00,832500.00,Assembly,FG Store,2026-02-21,2026-02-20,Generated move order item for BLDC Motor 1.5 kW.
2632,2632,100,47.000,47.000,No,18500.00,869500.00,FG Store,Dispatch Dock,2026-02-23,2026-02-21,Generated move order item for BLDC Motor 1.5 kW.
2633,2633,23,61.000,61.000,No,120.00,7320.00,Maintenance Store,Maintenance Bay,2026-02-25,2026-02-22,Generated move order item for Bearing 6202-2RS.
2634,2634,1,385.000,385.000,No,1800.00,693000.00,Assembly Surplus,Central Warehouse,2026-02-27,2026-02-23,Generated move order item for Stator Core 1.5 kW.
2635,2635,1,77.000,77.000,No,1800.00,138600.00,Central Warehouse,Production Line,2026-03-01,2026-02-24,Generated move order item for Stator Core 1.5 kW.
2636,2636,1,328.000,328.000,No,1800.00,590400.00,Production Line,Quality Inspection,2026-02-26,2026-02-25,Generated move order item for Stator Core 1.5 kW.
2637,2637,100,16.000,16.000,No,18500.00,296000.00,Assembly,FG Store,2026-02-28,2026-02-26,Generated move order item for BLDC Motor 1.5 kW.
2638,2638,100,27.000,27.000,No,18500.00,499500.00,FG Store,Dispatch Dock,2026-03-02,2026-02-27,Generated move order item for BLDC Motor 1.5 kW.
2639,2639,23,78.000,78.000,No,120.00,9360.00,Maintenance Store,Maintenance Bay,2026-03-04,2026-02-28,Generated move order item for Bearing 6202-2RS.
2640,2640,1,101.000,101.000,No,1800.00,181800.00,Assembly Surplus,Central Warehouse,2026-03-06,2026-03-01,Generated move order item for Stator Core 1.5 kW.
2641,2641,1,390.000,390.000,No,1800.00,702000.00,Central Warehouse,Production Line,2026-03-03,2026-03-02,Generated move order item for Stator Core 1.5 kW.
2642,2642,1,167.000,167.000,No,1800.00,300600.00,Production Line,Quality Inspection,2026-03-05,2026-03-03,Generated move order item for Stator Core 1.5 kW.
2643,2643,100,47.000,47.000,No,18500.00,869500.00,Assembly,FG Store,2026-03-07,2026-03-04,Generated move order item for BLDC Motor 1.5 kW.
2644,2644,100,47.000,47.000,No,18500.00,869500.00,FG Store,Dispatch Dock,2026-03-09,2026-03-05,Generated move order item for BLDC Motor 1.5 kW.
2645,2645,23,6.000,6.000,No,120.00,720.00,Maintenance Store,Maintenance Bay,2026-03-11,2026-03-06,Generated move order item for Bearing 6202-2RS.
2646,2646,1,155.000,155.000,No,1800.00,279000.00,Assembly Surplus,Central Warehouse,2026-03-08,2026-03-07,Generated move order item for Stator Core 1.5 kW.
2647,2647,1,413.000,413.000,No,1800.00,743400.00,Central Warehouse,Production Line,2026-03-10,2026-03-08,Generated move order item for Stator Core 1.5 kW.
2648,2648,1,204.000,204.000,No,1800.00,367200.00,Production Line,Quality Inspection,2026-03-12,2026-03-09,Generated move order item for Stator Core 1.5 kW.
2649,2649,100,29.000,29.000,No,18500.00,536500.00,Assembly,FG Store,2026-03-14,2026-03-10,Generated move order item for BLDC Motor 1.5 kW.
2650,2650,100,5.000,5.000,No,18500.00,92500.00,FG Store,Dispatch Dock,2026-03-16,2026-03-11,Generated move order item for BLDC Motor 1.5 kW.
2651,2651,23,71.000,71.000,No,120.00,8520.00,Maintenance Store,Maintenance Bay,2026-03-13,2026-03-12,Generated move order item for Bearing 6202-2RS.
2652,2652,1,92.000,92.000,No,1800.00,165600.00,Assembly Surplus,Central Warehouse,2026-03-15,2026-03-13,Generated move order item for Stator Core 1.5 kW.
2653,2653,1,172.000,172.000,No,1800.00,309600.00,Central Warehouse,Production Line,2026-03-17,2026-03-14,Generated move order item for Stator Core 1.5 kW.
2654,2654,1,265.000,265.000,No,1800.00,477000.00,Production Line,Quality Inspection,2026-03-19,2026-03-15,Generated move order item for Stator Core 1.5 kW.
2655,2655,100,48.000,48.000,No,18500.00,888000.00,Assembly,FG Store,2026-03-21,2026-03-16,Generated move order item for BLDC Motor 1.5 kW.
2656,2656,100,32.000,32.000,No,18500.00,592000.00,FG Store,Dispatch Dock,2026-03-18,2026-03-17,Generated move order item for BLDC Motor 1.5 kW.
2657,2657,23,99.000,99.000,No,120.00,11880.00,Maintenance Store,Maintenance Bay,2026-03-20,2026-03-18,Generated move order item for Bearing 6202-2RS.
2658,2658,1,285.000,285.000,No,1800.00,513000.00,Assembly Surplus,Central Warehouse,2026-03-22,2026-03-19,Generated move order item for Stator Core 1.5 kW.
2659,2659,1,164.000,164.000,No,1800.00,295200.00,Central Warehouse,Production Line,2026-03-24,2026-03-20,Generated move order item for Stator Core 1.5 kW.
2660,2660,1,136.000,136.000,No,1800.00,244800.00,Production Line,Quality Inspection,2026-03-26,2026-03-21,Generated move order item for Stator Core 1.5 kW.
2661,2661,100,48.000,48.000,No,18500.00,888000.00,Assembly,FG Store,2026-03-23,2026-03-22,Generated move order item for BLDC Motor 1.5 kW.
2662,2662,100,30.000,30.000,No,18500.00,555000.00,FG Store,Dispatch Dock,2026-03-25,2026-03-23,Generated move order item for BLDC Motor 1.5 kW.
2663,2663,23,63.000,63.000,No,120.00,7560.00,Maintenance Store,Maintenance Bay,2026-03-27,2026-03-24,Generated move order item for Bearing 6202-2RS.
2664,2664,1,216.000,216.000,No,1800.00,388800.00,Assembly Surplus,Central Warehouse,2026-03-29,2026-03-25,Generated move order item for Stator Core 1.5 kW.
2665,2665,1,173.000,173.000,No,1800.00,311400.00,Central Warehouse,Production Line,2026-03-31,2026-03-26,Generated move order item for Stator Core 1.5 kW.
2666,2666,1,320.000,320.000,No,1800.00,576000.00,Production Line,Quality Inspection,2026-03-28,2026-03-27,Generated move order item for Stator Core 1.5 kW.
2667,2667,100,21.000,21.000,No,18500.00,388500.00,Assembly,FG Store,2026-03-30,2026-03-28,Generated move order item for BLDC Motor 1.5 kW.
2668,2668,100,60.000,60.000,No,18500.00,1110000.00,FG Store,Dispatch Dock,2026-04-01,2026-03-29,Generated move order item for BLDC Motor 1.5 kW.
2669,2669,23,75.000,75.000,No,120.00,9000.00,Maintenance Store,Maintenance Bay,2026-04-03,2026-03-30,Generated move order item for Bearing 6202-2RS.
2670,2670,1,419.000,419.000,No,1800.00,754200.00,Assembly Surplus,Central Warehouse,2026-04-05,2026-03-31,Generated move order item for Stator Core 1.5 kW.
2671,2671,1,178.000,178.000,No,1800.00,320400.00,Central Warehouse,Production Line,2026-04-02,2026-04-01,Generated move order item for Stator Core 1.5 kW.
2672,2672,1,63.000,63.000,No,1800.00,113400.00,Production Line,Quality Inspection,2026-04-04,2026-04-02,Generated move order item for Stator Core 1.5 kW.
2673,2673,100,7.000,7.000,No,18500.00,129500.00,Assembly,FG Store,2026-04-06,2026-04-03,Generated move order item for BLDC Motor 1.5 kW.
2674,2674,100,53.000,53.000,No,18500.00,980500.00,FG Store,Dispatch Dock,2026-04-08,2026-04-04,Generated move order item for BLDC Motor 1.5 kW.
2675,2675,23,88.000,88.000,No,120.00,10560.00,Maintenance Store,Maintenance Bay,2026-04-10,2026-04-05,Generated move order item for Bearing 6202-2RS.
2676,2676,1,356.000,356.000,No,1800.00,640800.00,Assembly Surplus,Central Warehouse,2026-04-07,2026-04-06,Generated move order item for Stator Core 1.5 kW.
2677,2677,1,315.000,315.000,No,1800.00,567000.00,Central Warehouse,Production Line,2026-04-09,2026-04-07,Generated move order item for Stator Core 1.5 kW.
2678,2678,1,144.000,144.000,No,1800.00,259200.00,Production Line,Quality Inspection,2026-04-11,2026-04-08,Generated move order item for Stator Core 1.5 kW.
2679,2679,100,47.000,47.000,No,18500.00,869500.00,Assembly,FG Store,2026-04-13,2026-04-09,Generated move order item for BLDC Motor 1.5 kW.
2680,2680,100,33.000,33.000,No,18500.00,610500.00,FG Store,Dispatch Dock,2026-04-15,2026-04-10,Generated move order item for BLDC Motor 1.5 kW.
2681,2681,23,62.000,62.000,No,120.00,7440.00,Maintenance Store,Maintenance Bay,2026-04-12,2026-04-11,Generated move order item for Bearing 6202-2RS.
2682,2682,1,60.000,60.000,No,1800.00,108000.00,Assembly Surplus,Central Warehouse,2026-04-14,2026-04-12,Generated move order item for Stator Core 1.5 kW.
2683,2683,1,282.000,282.000,No,1800.00,507600.00,Central Warehouse,Production Line,2026-04-16,2026-04-13,Generated move order item for Stator Core 1.5 kW.
2684,2684,1,362.000,362.000,No,1800.00,651600.00,Production Line,Quality Inspection,2026-04-18,2026-04-14,Generated move order item for Stator Core 1.5 kW.
2685,2685,100,48.000,48.000,No,18500.00,888000.00,Assembly,FG Store,2026-04-20,2026-04-15,Generated move order item for BLDC Motor 1.5 kW.
2686,2686,100,13.000,13.000,No,18500.00,240500.00,FG Store,Dispatch Dock,2026-04-17,2026-04-16,Generated move order item for BLDC Motor 1.5 kW.
2687,2687,23,8.000,8.000,No,120.00,960.00,Maintenance Store,Maintenance Bay,2026-04-19,2026-04-17,Generated move order item for Bearing 6202-2RS.
2688,2688,1,435.000,435.000,No,1800.00,783000.00,Assembly Surplus,Central Warehouse,2026-04-21,2026-04-18,Generated move order item for Stator Core 1.5 kW.
2689,2689,1,190.000,190.000,No,1800.00,342000.00,Central Warehouse,Production Line,2026-04-23,2026-04-19,Generated move order item for Stator Core 1.5 kW.
2690,2690,1,263.000,263.000,No,1800.00,473400.00,Production Line,Quality Inspection,2026-04-25,2026-04-20,Generated move order item for Stator Core 1.5 kW.
2691,2691,100,40.000,40.000,No,18500.00,740000.00,Assembly,FG Store,2026-04-22,2026-04-21,Generated move order item for BLDC Motor 1.5 kW.
2692,2692,100,32.000,32.000,No,18500.00,592000.00,FG Store,Dispatch Dock,2026-04-24,2026-04-22,Generated move order item for BLDC Motor 1.5 kW.
2693,2693,23,95.000,95.000,No,120.00,11400.00,Maintenance Store,Maintenance Bay,2026-04-26,2026-04-23,Generated move order item for Bearing 6202-2RS.
2694,2694,1,429.000,429.000,No,1800.00,772200.00,Assembly Surplus,Central Warehouse,2026-04-28,2026-04-24,Generated move order item for Stator Core 1.5 kW.
2695,2695,1,227.000,227.000,No,1800.00,408600.00,Central Warehouse,Production Line,2026-04-30,2026-04-25,Generated move order item for Stator Core 1.5 kW.
2696,2696,1,136.000,136.000,No,1800.00,244800.00,Production Line,Quality Inspection,2026-04-27,2026-04-26,Generated move order item for Stator Core 1.5 kW.
2697,2697,100,59.000,59.000,No,18500.00,1091500.00,Assembly,FG Store,2026-04-29,2026-04-27,Generated move order item for BLDC Motor 1.5 kW.
2698,2698,100,44.000,44.000,No,18500.00,814000.00,FG Store,Dispatch Dock,2026-05-01,2026-04-28,Generated move order item for BLDC Motor 1.5 kW.
2699,2699,23,77.000,77.000,No,120.00,9240.00,Maintenance Store,Maintenance Bay,2026-05-03,2026-04-29,Generated move order item for Bearing 6202-2RS.
2700,2700,1,259.000,259.000,No,1800.00,466200.00,Assembly Surplus,Central Warehouse,2026-05-05,2026-04-30,Generated move order item for Stator Core 1.5 kW.
2701,2701,1,268.000,268.000,No,1800.00,482400.00,Central Warehouse,Production Line,2026-05-02,2026-05-01,Generated move order item for Stator Core 1.5 kW.
2702,2702,1,131.000,131.000,No,1800.00,235800.00,Production Line,Quality Inspection,2026-05-04,2026-05-02,Generated move order item for Stator Core 1.5 kW.
2703,2703,100,29.000,29.000,No,18500.00,536500.00,Assembly,FG Store,2026-05-06,2026-05-03,Generated move order item for BLDC Motor 1.5 kW.
2704,2704,100,35.000,35.000,No,18500.00,647500.00,FG Store,Dispatch Dock,2026-05-08,2026-05-04,Generated move order item for BLDC Motor 1.5 kW.
2705,2705,23,17.000,17.000,No,120.00,2040.00,Maintenance Store,Maintenance Bay,2026-05-10,2026-05-05,Generated move order item for Bearing 6202-2RS.
2706,2706,1,336.000,336.000,No,1800.00,604800.00,Assembly Surplus,Central Warehouse,2026-05-07,2026-05-06,Generated move order item for Stator Core 1.5 kW.
2707,2707,1,327.000,327.000,No,1800.00,588600.00,Central Warehouse,Production Line,2026-05-09,2026-05-07,Generated move order item for Stator Core 1.5 kW.
2708,2708,1,429.000,429.000,No,1800.00,772200.00,Production Line,Quality Inspection,2026-05-11,2026-05-08,Generated move order item for Stator Core 1.5 kW.
2709,2709,100,7.000,7.000,No,18500.00,129500.00,Assembly,FG Store,2026-05-13,2026-05-09,Generated move order item for BLDC Motor 1.5 kW.
2710,2710,100,17.000,17.000,No,18500.00,314500.00,FG Store,Dispatch Dock,2026-05-15,2026-05-10,Generated move order item for BLDC Motor 1.5 kW.
2711,2711,23,46.000,46.000,No,120.00,5520.00,Maintenance Store,Maintenance Bay,2026-05-12,2026-05-11,Generated move order item for Bearing 6202-2RS.
2712,2712,1,446.000,446.000,No,1800.00,802800.00,Assembly Surplus,Central Warehouse,2026-05-14,2026-05-12,Generated move order item for Stator Core 1.5 kW.
2713,2713,1,157.000,157.000,No,1800.00,282600.00,Central Warehouse,Production Line,2026-05-16,2026-05-13,Generated move order item for Stator Core 1.5 kW.
2714,2714,1,488.000,488.000,No,1800.00,878400.00,Production Line,Quality Inspection,2026-05-18,2026-05-14,Generated move order item for Stator Core 1.5 kW.
2715,2715,100,58.000,58.000,No,18500.00,1073000.00,Assembly,FG Store,2026-05-20,2026-05-15,Generated move order item for BLDC Motor 1.5 kW.
2716,2716,100,10.000,10.000,No,18500.00,185000.00,FG Store,Dispatch Dock,2026-05-17,2026-05-16,Generated move order item for BLDC Motor 1.5 kW.
2717,2717,23,39.000,39.000,No,120.00,4680.00,Maintenance Store,Maintenance Bay,2026-05-19,2026-05-17,Generated move order item for Bearing 6202-2RS.
2718,2718,1,166.000,166.000,No,1800.00,298800.00,Assembly Surplus,Central Warehouse,2026-05-21,2026-05-18,Generated move order item for Stator Core 1.5 kW.
2719,2719,1,270.000,270.000,No,1800.00,486000.00,Central Warehouse,Production Line,2026-05-23,2026-05-19,Generated move order item for Stator Core 1.5 kW.
2720,2720,1,466.000,466.000,No,1800.00,838800.00,Production Line,Quality Inspection,2026-05-25,2026-05-20,Generated move order item for Stator Core 1.5 kW.
2721,2721,100,26.000,26.000,No,18500.00,481000.00,Assembly,FG Store,2026-05-22,2026-05-21,Generated move order item for BLDC Motor 1.5 kW.
2722,2722,100,42.000,42.000,No,18500.00,777000.00,FG Store,Dispatch Dock,2026-05-24,2026-05-22,Generated move order item for BLDC Motor 1.5 kW.
2723,2723,23,18.000,18.000,No,120.00,2160.00,Maintenance Store,Maintenance Bay,2026-05-26,2026-05-23,Generated move order item for Bearing 6202-2RS.
2724,2724,1,307.000,307.000,No,1800.00,552600.00,Assembly Surplus,Central Warehouse,2026-05-28,2026-05-24,Generated move order item for Stator Core 1.5 kW.
2725,2725,1,209.000,209.000,No,1800.00,376200.00,Central Warehouse,Production Line,2026-05-30,2026-05-25,Generated move order item for Stator Core 1.5 kW.
2726,2726,1,463.000,463.000,No,1800.00,833400.00,Production Line,Quality Inspection,2026-05-27,2026-05-26,Generated move order item for Stator Core 1.5 kW.
2727,2727,100,48.000,48.000,No,18500.00,888000.00,Assembly,FG Store,2026-05-29,2026-05-27,Generated move order item for BLDC Motor 1.5 kW.
2728,2728,100,17.000,17.000,No,18500.00,314500.00,FG Store,Dispatch Dock,2026-05-31,2026-05-28,Generated move order item for BLDC Motor 1.5 kW.
2729,2729,23,64.000,64.000,No,120.00,7680.00,Maintenance Store,Maintenance Bay,2026-06-02,2026-05-29,Generated move order item for Bearing 6202-2RS.
2730,2730,1,204.000,204.000,No,1800.00,367200.00,Assembly Surplus,Central Warehouse,2026-06-04,2026-05-30,Generated move order item for Stator Core 1.5 kW.
2731,2731,1,247.000,247.000,No,1800.00,444600.00,Central Warehouse,Production Line,2026-06-01,2026-05-31,Generated move order item for Stator Core 1.5 kW.
2732,2732,1,258.000,258.000,No,1800.00,464400.00,Production Line,Quality Inspection,2026-06-03,2026-06-01,Generated move order item for Stator Core 1.5 kW.
2733,2733,100,50.000,50.000,No,18500.00,925000.00,Assembly,FG Store,2026-06-05,2026-06-02,Generated move order item for BLDC Motor 1.5 kW.
2734,2734,100,21.000,21.000,No,18500.00,388500.00,FG Store,Dispatch Dock,2026-06-07,2026-06-03,Generated move order item for BLDC Motor 1.5 kW.
2735,2735,23,5.000,5.000,No,120.00,600.00,Maintenance Store,Maintenance Bay,2026-06-09,2026-06-04,Generated move order item for Bearing 6202-2RS.
2736,2736,1,136.000,136.000,No,1800.00,244800.00,Assembly Surplus,Central Warehouse,2026-06-06,2026-06-05,Generated move order item for Stator Core 1.5 kW.
2737,2737,1,422.000,422.000,No,1800.00,759600.00,Central Warehouse,Production Line,2026-06-08,2026-06-06,Generated move order item for Stator Core 1.5 kW.
2738,2738,1,183.000,183.000,No,1800.00,329400.00,Production Line,Quality Inspection,2026-06-10,2026-06-07,Generated move order item for Stator Core 1.5 kW.
2739,2739,100,8.000,8.000,No,18500.00,148000.00,Assembly,FG Store,2026-06-12,2026-06-08,Generated move order item for BLDC Motor 1.5 kW.
2740,2740,100,27.000,27.000,No,18500.00,499500.00,FG Store,Dispatch Dock,2026-06-14,2026-06-09,Generated move order item for BLDC Motor 1.5 kW.
2741,2741,23,88.000,88.000,No,120.00,10560.00,Maintenance Store,Maintenance Bay,2026-06-11,2026-06-10,Generated move order item for Bearing 6202-2RS.
2742,2742,1,443.000,443.000,No,1800.00,797400.00,Assembly Surplus,Central Warehouse,2026-06-13,2026-06-11,Generated move order item for Stator Core 1.5 kW.
2743,2743,1,477.000,477.000,No,1800.00,858600.00,Central Warehouse,Production Line,2026-06-15,2026-06-12,Generated move order item for Stator Core 1.5 kW.
2744,2744,1,358.000,358.000,No,1800.00,644400.00,Production Line,Quality Inspection,2026-06-17,2026-06-13,Generated move order item for Stator Core 1.5 kW.
2745,2745,100,50.000,50.000,No,18500.00,925000.00,Assembly,FG Store,2026-06-19,2026-06-14,Generated move order item for BLDC Motor 1.5 kW.
2746,2746,100,48.000,48.000,No,18500.00,888000.00,FG Store,Dispatch Dock,2026-06-16,2026-06-15,Generated move order item for BLDC Motor 1.5 kW.
2747,2747,23,6.000,6.000,No,120.00,720.00,Maintenance Store,Maintenance Bay,2026-06-18,2026-06-16,Generated move order item for Bearing 6202-2RS.
2748,2748,1,238.000,238.000,No,1800.00,428400.00,Assembly Surplus,Central Warehouse,2026-06-20,2026-06-17,Generated move order item for Stator Core 1.5 kW.
2749,2749,1,287.000,287.000,No,1800.00,516600.00,Central Warehouse,Production Line,2026-06-22,2026-06-18,Generated move order item for Stator Core 1.5 kW.
2750,2750,1,259.000,259.000,No,1800.00,466200.00,Production Line,Quality Inspection,2026-06-24,2026-06-19,Generated move order item for Stator Core 1.5 kW.
2751,2751,100,51.000,51.000,No,18500.00,943500.00,Assembly,FG Store,2026-06-21,2026-06-20,Generated move order item for BLDC Motor 1.5 kW.
2752,2752,100,59.000,59.000,No,18500.00,1091500.00,FG Store,Dispatch Dock,2026-06-23,2026-06-21,Generated move order item for BLDC Motor 1.5 kW.
2753,2753,23,57.000,57.000,No,120.00,6840.00,Maintenance Store,Maintenance Bay,2026-06-25,2026-06-22,Generated move order item for Bearing 6202-2RS.
2754,2754,1,93.000,93.000,No,1800.00,167400.00,Assembly Surplus,Central Warehouse,2026-06-27,2026-06-23,Generated move order item for Stator Core 1.5 kW.
2755,2755,1,212.000,212.000,No,1800.00,381600.00,Central Warehouse,Production Line,2026-06-29,2026-06-24,Generated move order item for Stator Core 1.5 kW.
2756,2756,1,139.000,139.000,No,1800.00,250200.00,Production Line,Quality Inspection,2026-06-26,2026-06-25,Generated move order item for Stator Core 1.5 kW.
2757,2757,100,31.000,31.000,No,18500.00,573500.00,Assembly,FG Store,2026-06-28,2026-06-26,Generated move order item for BLDC Motor 1.5 kW.
2758,2758,100,18.000,18.000,No,18500.00,333000.00,FG Store,Dispatch Dock,2026-06-30,2026-06-27,Generated move order item for BLDC Motor 1.5 kW.
2759,2759,23,12.000,12.000,No,120.00,1440.00,Maintenance Store,Maintenance Bay,2026-07-02,2026-06-28,Generated move order item for Bearing 6202-2RS.
2760,2760,1,127.000,127.000,No,1800.00,228600.00,Assembly Surplus,Central Warehouse,2026-07-04,2026-06-29,Generated move order item for Stator Core 1.5 kW.
2761,2761,1,273.000,273.000,No,1800.00,491400.00,Central Warehouse,Production Line,2024-04-02,2024-04-01,Generated move order item for Stator Core 1.5 kW.
2762,2762,1,113.000,113.000,No,1800.00,203400.00,Production Line,Quality Inspection,2024-04-04,2024-04-02,Generated move order item for Stator Core 1.5 kW.
2763,2763,100,6.000,6.000,No,18500.00,111000.00,Assembly,FG Store,2024-04-06,2024-04-03,Generated move order item for BLDC Motor 1.5 kW.
2764,2764,100,20.000,20.000,No,18500.00,370000.00,FG Store,Dispatch Dock,2024-04-08,2024-04-04,Generated move order item for BLDC Motor 1.5 kW.
2765,2765,23,66.000,66.000,No,120.00,7920.00,Maintenance Store,Maintenance Bay,2024-04-10,2024-04-05,Generated move order item for Bearing 6202-2RS.
2766,2766,1,334.000,334.000,No,1800.00,601200.00,Assembly Surplus,Central Warehouse,2024-04-07,2024-04-06,Generated move order item for Stator Core 1.5 kW.
2767,2767,1,226.000,226.000,No,1800.00,406800.00,Central Warehouse,Production Line,2024-04-09,2024-04-07,Generated move order item for Stator Core 1.5 kW.
2768,2768,1,349.000,349.000,No,1800.00,628200.00,Production Line,Quality Inspection,2024-04-11,2024-04-08,Generated move order item for Stator Core 1.5 kW.
2769,2769,100,15.000,15.000,No,18500.00,277500.00,Assembly,FG Store,2024-04-13,2024-04-09,Generated move order item for BLDC Motor 1.5 kW.
2770,2770,100,45.000,45.000,No,18500.00,832500.00,FG Store,Dispatch Dock,2024-04-15,2024-04-10,Generated move order item for BLDC Motor 1.5 kW.
2771,2771,23,6.000,6.000,No,120.00,720.00,Maintenance Store,Maintenance Bay,2024-04-12,2024-04-11,Generated move order item for Bearing 6202-2RS.
2772,2772,1,110.000,110.000,No,1800.00,198000.00,Assembly Surplus,Central Warehouse,2024-04-14,2024-04-12,Generated move order item for Stator Core 1.5 kW.
2773,2773,1,465.000,465.000,No,1800.00,837000.00,Central Warehouse,Production Line,2024-04-16,2024-04-13,Generated move order item for Stator Core 1.5 kW.
2774,2774,1,260.000,260.000,No,1800.00,468000.00,Production Line,Quality Inspection,2024-04-18,2024-04-14,Generated move order item for Stator Core 1.5 kW.
2775,2775,100,36.000,36.000,No,18500.00,666000.00,Assembly,FG Store,2024-04-20,2024-04-15,Generated move order item for BLDC Motor 1.5 kW.
2776,2776,100,27.000,27.000,No,18500.00,499500.00,FG Store,Dispatch Dock,2024-04-17,2024-04-16,Generated move order item for BLDC Motor 1.5 kW.
2777,2777,23,67.000,67.000,No,120.00,8040.00,Maintenance Store,Maintenance Bay,2024-04-19,2024-04-17,Generated move order item for Bearing 6202-2RS.
2778,2778,1,387.000,387.000,No,1800.00,696600.00,Assembly Surplus,Central Warehouse,2024-04-21,2024-04-18,Generated move order item for Stator Core 1.5 kW.
2779,2779,1,401.000,401.000,No,1800.00,721800.00,Central Warehouse,Production Line,2024-04-23,2024-04-19,Generated move order item for Stator Core 1.5 kW.
2780,2780,1,162.000,162.000,No,1800.00,291600.00,Production Line,Quality Inspection,2024-04-25,2024-04-20,Generated move order item for Stator Core 1.5 kW.
2781,2781,100,40.000,40.000,No,18500.00,740000.00,Assembly,FG Store,2024-04-22,2024-04-21,Generated move order item for BLDC Motor 1.5 kW.
2782,2782,100,48.000,48.000,No,18500.00,888000.00,FG Store,Dispatch Dock,2024-04-24,2024-04-22,Generated move order item for BLDC Motor 1.5 kW.
2783,2783,23,44.000,44.000,No,120.00,5280.00,Maintenance Store,Maintenance Bay,2024-04-26,2024-04-23,Generated move order item for Bearing 6202-2RS.
2784,2784,1,222.000,222.000,No,1800.00,399600.00,Assembly Surplus,Central Warehouse,2024-04-28,2024-04-24,Generated move order item for Stator Core 1.5 kW.
2785,2785,1,333.000,333.000,No,1800.00,599400.00,Central Warehouse,Production Line,2024-04-30,2024-04-25,Generated move order item for Stator Core 1.5 kW.
2786,2786,1,308.000,308.000,No,1800.00,554400.00,Production Line,Quality Inspection,2024-04-27,2024-04-26,Generated move order item for Stator Core 1.5 kW.
2787,2787,100,19.000,19.000,No,18500.00,351500.00,Assembly,FG Store,2024-04-29,2024-04-27,Generated move order item for BLDC Motor 1.5 kW.
2788,2788,100,58.000,58.000,No,18500.00,1073000.00,FG Store,Dispatch Dock,2024-05-01,2024-04-28,Generated move order item for BLDC Motor 1.5 kW.
2789,2789,23,58.000,58.000,No,120.00,6960.00,Maintenance Store,Maintenance Bay,2024-05-03,2024-04-29,Generated move order item for Bearing 6202-2RS.
2790,2790,1,304.000,304.000,No,1800.00,547200.00,Assembly Surplus,Central Warehouse,2024-05-05,2024-04-30,Generated move order item for Stator Core 1.5 kW.
2791,2791,1,142.000,142.000,No,1800.00,255600.00,Central Warehouse,Production Line,2024-05-02,2024-05-01,Generated move order item for Stator Core 1.5 kW.
2792,2792,1,354.000,354.000,No,1800.00,637200.00,Production Line,Quality Inspection,2024-05-04,2024-05-02,Generated move order item for Stator Core 1.5 kW.
2793,2793,100,56.000,56.000,No,18500.00,1036000.00,Assembly,FG Store,2024-05-06,2024-05-03,Generated move order item for BLDC Motor 1.5 kW.
2794,2794,100,45.000,45.000,No,18500.00,832500.00,FG Store,Dispatch Dock,2024-05-08,2024-05-04,Generated move order item for BLDC Motor 1.5 kW.
2795,2795,23,53.000,53.000,No,120.00,6360.00,Maintenance Store,Maintenance Bay,2024-05-10,2024-05-05,Generated move order item for Bearing 6202-2RS.
2796,2796,1,337.000,337.000,No,1800.00,606600.00,Assembly Surplus,Central Warehouse,2024-05-07,2024-05-06,Generated move order item for Stator Core 1.5 kW.
2797,2797,1,155.000,155.000,No,1800.00,279000.00,Central Warehouse,Production Line,2024-05-09,2024-05-07,Generated move order item for Stator Core 1.5 kW.
2798,2798,1,77.000,77.000,No,1800.00,138600.00,Production Line,Quality Inspection,2024-05-11,2024-05-08,Generated move order item for Stator Core 1.5 kW.
2799,2799,100,40.000,40.000,No,18500.00,740000.00,Assembly,FG Store,2024-05-13,2024-05-09,Generated move order item for BLDC Motor 1.5 kW.
2800,2800,100,15.000,15.000,No,18500.00,277500.00,FG Store,Dispatch Dock,2024-05-15,2024-05-10,Generated move order item for BLDC Motor 1.5 kW.
2801,2801,23,13.000,13.000,No,120.00,1560.00,Maintenance Store,Maintenance Bay,2024-05-12,2024-05-11,Generated move order item for Bearing 6202-2RS.
2802,2802,1,399.000,399.000,No,1800.00,718200.00,Assembly Surplus,Central Warehouse,2024-05-14,2024-05-12,Generated move order item for Stator Core 1.5 kW.
2803,2803,1,245.000,245.000,No,1800.00,441000.00,Central Warehouse,Production Line,2024-05-16,2024-05-13,Generated move order item for Stator Core 1.5 kW.
2804,2804,1,434.000,434.000,No,1800.00,781200.00,Production Line,Quality Inspection,2024-05-18,2024-05-14,Generated move order item for Stator Core 1.5 kW.
2805,2805,100,53.000,53.000,No,18500.00,980500.00,Assembly,FG Store,2024-05-20,2024-05-15,Generated move order item for BLDC Motor 1.5 kW.
2806,2806,100,11.000,11.000,No,18500.00,203500.00,FG Store,Dispatch Dock,2024-05-17,2024-05-16,Generated move order item for BLDC Motor 1.5 kW.
2807,2807,23,78.000,78.000,No,120.00,9360.00,Maintenance Store,Maintenance Bay,2024-05-19,2024-05-17,Generated move order item for Bearing 6202-2RS.
2808,2808,1,201.000,201.000,No,1800.00,361800.00,Assembly Surplus,Central Warehouse,2024-05-21,2024-05-18,Generated move order item for Stator Core 1.5 kW.
2809,2809,1,367.000,367.000,No,1800.00,660600.00,Central Warehouse,Production Line,2024-05-23,2024-05-19,Generated move order item for Stator Core 1.5 kW.
2810,2810,1,69.000,69.000,No,1800.00,124200.00,Production Line,Quality Inspection,2024-05-25,2024-05-20,Generated move order item for Stator Core 1.5 kW.
2811,2811,100,31.000,31.000,No,18500.00,573500.00,Assembly,FG Store,2024-05-22,2024-05-21,Generated move order item for BLDC Motor 1.5 kW.
2812,2812,100,40.000,40.000,No,18500.00,740000.00,FG Store,Dispatch Dock,2024-05-24,2024-05-22,Generated move order item for BLDC Motor 1.5 kW.
2813,2813,23,47.000,47.000,No,120.00,5640.00,Maintenance Store,Maintenance Bay,2024-05-26,2024-05-23,Generated move order item for Bearing 6202-2RS.
2814,2814,1,298.000,298.000,No,1800.00,536400.00,Assembly Surplus,Central Warehouse,2024-05-28,2024-05-24,Generated move order item for Stator Core 1.5 kW.
2815,2815,1,55.000,55.000,No,1800.00,99000.00,Central Warehouse,Production Line,2024-05-30,2024-05-25,Generated move order item for Stator Core 1.5 kW.
2816,2816,1,53.000,53.000,No,1800.00,95400.00,Production Line,Quality Inspection,2024-05-27,2024-05-26,Generated move order item for Stator Core 1.5 kW.
2817,2817,100,38.000,38.000,No,18500.00,703000.00,Assembly,FG Store,2024-05-29,2024-05-27,Generated move order item for BLDC Motor 1.5 kW.
2818,2818,100,28.000,28.000,No,18500.00,518000.00,FG Store,Dispatch Dock,2024-05-31,2024-05-28,Generated move order item for BLDC Motor 1.5 kW.
2819,2819,23,60.000,60.000,No,120.00,7200.00,Maintenance Store,Maintenance Bay,2024-06-02,2024-05-29,Generated move order item for Bearing 6202-2RS.
2820,2820,1,212.000,212.000,No,1800.00,381600.00,Assembly Surplus,Central Warehouse,2024-06-04,2024-05-30,Generated move order item for Stator Core 1.5 kW.
2821,2821,1,52.000,52.000,No,1800.00,93600.00,Central Warehouse,Production Line,2024-06-01,2024-05-31,Generated move order item for Stator Core 1.5 kW.
2822,2822,1,365.000,365.000,No,1800.00,657000.00,Production Line,Quality Inspection,2024-06-03,2024-06-01,Generated move order item for Stator Core 1.5 kW.
2823,2823,100,12.000,12.000,No,18500.00,222000.00,Assembly,FG Store,2024-06-05,2024-06-02,Generated move order item for BLDC Motor 1.5 kW.
2824,2824,100,48.000,48.000,No,18500.00,888000.00,FG Store,Dispatch Dock,2024-06-07,2024-06-03,Generated move order item for BLDC Motor 1.5 kW.
2825,2825,23,6.000,6.000,No,120.00,720.00,Maintenance Store,Maintenance Bay,2024-06-09,2024-06-04,Generated move order item for Bearing 6202-2RS.
2826,2826,1,468.000,468.000,No,1800.00,842400.00,Assembly Surplus,Central Warehouse,2024-06-06,2024-06-05,Generated move order item for Stator Core 1.5 kW.
2827,2827,1,164.000,164.000,No,1800.00,295200.00,Central Warehouse,Production Line,2024-06-08,2024-06-06,Generated move order item for Stator Core 1.5 kW.
2828,2828,1,452.000,452.000,No,1800.00,813600.00,Production Line,Quality Inspection,2024-06-10,2024-06-07,Generated move order item for Stator Core 1.5 kW.
2829,2829,100,5.000,5.000,No,18500.00,92500.00,Assembly,FG Store,2024-06-12,2024-06-08,Generated move order item for BLDC Motor 1.5 kW.
2830,2830,100,30.000,30.000,No,18500.00,555000.00,FG Store,Dispatch Dock,2024-06-14,2024-06-09,Generated move order item for BLDC Motor 1.5 kW.
2831,2831,23,45.000,45.000,No,120.00,5400.00,Maintenance Store,Maintenance Bay,2024-06-11,2024-06-10,Generated move order item for Bearing 6202-2RS.
2832,2832,1,124.000,124.000,No,1800.00,223200.00,Assembly Surplus,Central Warehouse,2024-06-13,2024-06-11,Generated move order item for Stator Core 1.5 kW.
2833,2833,1,264.000,264.000,No,1800.00,475200.00,Central Warehouse,Production Line,2024-06-15,2024-06-12,Generated move order item for Stator Core 1.5 kW.
2834,2834,1,147.000,147.000,No,1800.00,264600.00,Production Line,Quality Inspection,2024-06-17,2024-06-13,Generated move order item for Stator Core 1.5 kW.
2835,2835,100,29.000,29.000,No,18500.00,536500.00,Assembly,FG Store,2024-06-19,2024-06-14,Generated move order item for BLDC Motor 1.5 kW.
2836,2836,100,25.000,25.000,No,18500.00,462500.00,FG Store,Dispatch Dock,2024-06-16,2024-06-15,Generated move order item for BLDC Motor 1.5 kW.
2837,2837,23,24.000,24.000,No,120.00,2880.00,Maintenance Store,Maintenance Bay,2024-06-18,2024-06-16,Generated move order item for Bearing 6202-2RS.
2838,2838,1,405.000,405.000,No,1800.00,729000.00,Assembly Surplus,Central Warehouse,2024-06-20,2024-06-17,Generated move order item for Stator Core 1.5 kW.
2839,2839,1,286.000,286.000,No,1800.00,514800.00,Central Warehouse,Production Line,2024-06-22,2024-06-18,Generated move order item for Stator Core 1.5 kW.
2840,2840,1,428.000,428.000,No,1800.00,770400.00,Production Line,Quality Inspection,2024-06-24,2024-06-19,Generated move order item for Stator Core 1.5 kW.
2841,2841,100,50.000,50.000,No,18500.00,925000.00,Assembly,FG Store,2024-06-21,2024-06-20,Generated move order item for BLDC Motor 1.5 kW.
2842,2842,100,19.000,19.000,No,18500.00,351500.00,FG Store,Dispatch Dock,2024-06-23,2024-06-21,Generated move order item for BLDC Motor 1.5 kW.
2843,2843,23,32.000,32.000,No,120.00,3840.00,Maintenance Store,Maintenance Bay,2024-06-25,2024-06-22,Generated move order item for Bearing 6202-2RS.
2844,2844,1,479.000,479.000,No,1800.00,862200.00,Assembly Surplus,Central Warehouse,2024-06-27,2024-06-23,Generated move order item for Stator Core 1.5 kW.
2845,2845,1,190.000,190.000,No,1800.00,342000.00,Central Warehouse,Production Line,2024-06-29,2024-06-24,Generated move order item for Stator Core 1.5 kW.
2846,2846,1,92.000,92.000,No,1800.00,165600.00,Production Line,Quality Inspection,2024-06-26,2024-06-25,Generated move order item for Stator Core 1.5 kW.
2847,2847,100,35.000,35.000,No,18500.00,647500.00,Assembly,FG Store,2024-06-28,2024-06-26,Generated move order item for BLDC Motor 1.5 kW.
2848,2848,100,59.000,59.000,No,18500.00,1091500.00,FG Store,Dispatch Dock,2024-06-30,2024-06-27,Generated move order item for BLDC Motor 1.5 kW.
2849,2849,23,27.000,27.000,No,120.00,3240.00,Maintenance Store,Maintenance Bay,2024-07-02,2024-06-28,Generated move order item for Bearing 6202-2RS.
2850,2850,1,337.000,337.000,No,1800.00,606600.00,Assembly Surplus,Central Warehouse,2024-07-04,2024-06-29,Generated move order item for Stator Core 1.5 kW.
2851,2851,1,202.000,202.000,No,1800.00,363600.00,Central Warehouse,Production Line,2024-07-01,2024-06-30,Generated move order item for Stator Core 1.5 kW.
2852,2852,1,223.000,223.000,No,1800.00,401400.00,Production Line,Quality Inspection,2024-07-03,2024-07-01,Generated move order item for Stator Core 1.5 kW.
2853,2853,100,30.000,30.000,No,18500.00,555000.00,Assembly,FG Store,2024-07-05,2024-07-02,Generated move order item for BLDC Motor 1.5 kW.
2854,2854,100,13.000,13.000,No,18500.00,240500.00,FG Store,Dispatch Dock,2024-07-07,2024-07-03,Generated move order item for BLDC Motor 1.5 kW.
2855,2855,23,42.000,42.000,No,120.00,5040.00,Maintenance Store,Maintenance Bay,2024-07-09,2024-07-04,Generated move order item for Bearing 6202-2RS.
2856,2856,1,173.000,173.000,No,1800.00,311400.00,Assembly Surplus,Central Warehouse,2024-07-06,2024-07-05,Generated move order item for Stator Core 1.5 kW.
2857,2857,1,419.000,419.000,No,1800.00,754200.00,Central Warehouse,Production Line,2024-07-08,2024-07-06,Generated move order item for Stator Core 1.5 kW.
2858,2858,1,152.000,152.000,No,1800.00,273600.00,Production Line,Quality Inspection,2024-07-10,2024-07-07,Generated move order item for Stator Core 1.5 kW.
2859,2859,100,52.000,52.000,No,18500.00,962000.00,Assembly,FG Store,2024-07-12,2024-07-08,Generated move order item for BLDC Motor 1.5 kW.
2860,2860,100,5.000,5.000,No,18500.00,92500.00,FG Store,Dispatch Dock,2024-07-14,2024-07-09,Generated move order item for BLDC Motor 1.5 kW.
2861,2861,23,43.000,43.000,No,120.00,5160.00,Maintenance Store,Maintenance Bay,2024-07-11,2024-07-10,Generated move order item for Bearing 6202-2RS.
2862,2862,1,171.000,171.000,No,1800.00,307800.00,Assembly Surplus,Central Warehouse,2024-07-13,2024-07-11,Generated move order item for Stator Core 1.5 kW.
2863,2863,1,251.000,251.000,No,1800.00,451800.00,Central Warehouse,Production Line,2024-07-15,2024-07-12,Generated move order item for Stator Core 1.5 kW.
2864,2864,1,397.000,397.000,No,1800.00,714600.00,Production Line,Quality Inspection,2024-07-17,2024-07-13,Generated move order item for Stator Core 1.5 kW.
2865,2865,100,58.000,58.000,No,18500.00,1073000.00,Assembly,FG Store,2024-07-19,2024-07-14,Generated move order item for BLDC Motor 1.5 kW.
2866,2866,100,45.000,45.000,No,18500.00,832500.00,FG Store,Dispatch Dock,2024-07-16,2024-07-15,Generated move order item for BLDC Motor 1.5 kW.
2867,2867,23,53.000,53.000,No,120.00,6360.00,Maintenance Store,Maintenance Bay,2024-07-18,2024-07-16,Generated move order item for Bearing 6202-2RS.
2868,2868,1,281.000,281.000,No,1800.00,505800.00,Assembly Surplus,Central Warehouse,2024-07-20,2024-07-17,Generated move order item for Stator Core 1.5 kW.
2869,2869,1,497.000,497.000,No,1800.00,894600.00,Central Warehouse,Production Line,2024-07-22,2024-07-18,Generated move order item for Stator Core 1.5 kW.
2870,2870,1,497.000,497.000,No,1800.00,894600.00,Production Line,Quality Inspection,2024-07-24,2024-07-19,Generated move order item for Stator Core 1.5 kW.
2871,2871,100,47.000,47.000,No,18500.00,869500.00,Assembly,FG Store,2024-07-21,2024-07-20,Generated move order item for BLDC Motor 1.5 kW.
2872,2872,100,14.000,14.000,No,18500.00,259000.00,FG Store,Dispatch Dock,2024-07-23,2024-07-21,Generated move order item for BLDC Motor 1.5 kW.
2873,2873,23,30.000,30.000,No,120.00,3600.00,Maintenance Store,Maintenance Bay,2024-07-25,2024-07-22,Generated move order item for Bearing 6202-2RS.
2874,2874,1,172.000,172.000,No,1800.00,309600.00,Assembly Surplus,Central Warehouse,2024-07-27,2024-07-23,Generated move order item for Stator Core 1.5 kW.
2875,2875,1,153.000,153.000,No,1800.00,275400.00,Central Warehouse,Production Line,2024-07-29,2024-07-24,Generated move order item for Stator Core 1.5 kW.
2876,2876,1,486.000,486.000,No,1800.00,874800.00,Production Line,Quality Inspection,2024-07-26,2024-07-25,Generated move order item for Stator Core 1.5 kW.
2877,2877,100,13.000,13.000,No,18500.00,240500.00,Assembly,FG Store,2024-07-28,2024-07-26,Generated move order item for BLDC Motor 1.5 kW.
2878,2878,100,52.000,52.000,No,18500.00,962000.00,FG Store,Dispatch Dock,2024-07-30,2024-07-27,Generated move order item for BLDC Motor 1.5 kW.
2879,2879,23,82.000,82.000,No,120.00,9840.00,Maintenance Store,Maintenance Bay,2024-08-01,2024-07-28,Generated move order item for Bearing 6202-2RS.
2880,2880,1,288.000,288.000,No,1800.00,518400.00,Assembly Surplus,Central Warehouse,2024-08-03,2024-07-29,Generated move order item for Stator Core 1.5 kW.
2881,2881,1,188.000,188.000,No,1800.00,338400.00,Central Warehouse,Production Line,2024-07-31,2024-07-30,Generated move order item for Stator Core 1.5 kW.
2882,2882,1,169.000,169.000,No,1800.00,304200.00,Production Line,Quality Inspection,2024-08-02,2024-07-31,Generated move order item for Stator Core 1.5 kW.
2883,2883,100,42.000,42.000,No,18500.00,777000.00,Assembly,FG Store,2024-08-04,2024-08-01,Generated move order item for BLDC Motor 1.5 kW.
2884,2884,100,42.000,42.000,No,18500.00,777000.00,FG Store,Dispatch Dock,2024-08-06,2024-08-02,Generated move order item for BLDC Motor 1.5 kW.
2885,2885,23,56.000,56.000,No,120.00,6720.00,Maintenance Store,Maintenance Bay,2024-08-08,2024-08-03,Generated move order item for Bearing 6202-2RS.
2886,2886,1,306.000,306.000,No,1800.00,550800.00,Assembly Surplus,Central Warehouse,2024-08-05,2024-08-04,Generated move order item for Stator Core 1.5 kW.
2887,2887,1,422.000,422.000,No,1800.00,759600.00,Central Warehouse,Production Line,2024-08-07,2024-08-05,Generated move order item for Stator Core 1.5 kW.
2888,2888,1,390.000,390.000,No,1800.00,702000.00,Production Line,Quality Inspection,2024-08-09,2024-08-06,Generated move order item for Stator Core 1.5 kW.
2889,2889,100,47.000,47.000,No,18500.00,869500.00,Assembly,FG Store,2024-08-11,2024-08-07,Generated move order item for BLDC Motor 1.5 kW.
2890,2890,100,20.000,20.000,No,18500.00,370000.00,FG Store,Dispatch Dock,2024-08-13,2024-08-08,Generated move order item for BLDC Motor 1.5 kW.
2891,2891,23,11.000,11.000,No,120.00,1320.00,Maintenance Store,Maintenance Bay,2024-08-10,2024-08-09,Generated move order item for Bearing 6202-2RS.
2892,2892,1,256.000,256.000,No,1800.00,460800.00,Assembly Surplus,Central Warehouse,2024-08-12,2024-08-10,Generated move order item for Stator Core 1.5 kW.
2893,2893,1,202.000,202.000,No,1800.00,363600.00,Central Warehouse,Production Line,2024-08-14,2024-08-11,Generated move order item for Stator Core 1.5 kW.
2894,2894,1,201.000,201.000,No,1800.00,361800.00,Production Line,Quality Inspection,2024-08-16,2024-08-12,Generated move order item for Stator Core 1.5 kW.
2895,2895,100,34.000,34.000,No,18500.00,629000.00,Assembly,FG Store,2024-08-18,2024-08-13,Generated move order item for BLDC Motor 1.5 kW.
2896,2896,100,56.000,56.000,No,18500.00,1036000.00,FG Store,Dispatch Dock,2024-08-15,2024-08-14,Generated move order item for BLDC Motor 1.5 kW.
2897,2897,23,82.000,82.000,No,120.00,9840.00,Maintenance Store,Maintenance Bay,2024-08-17,2024-08-15,Generated move order item for Bearing 6202-2RS.
2898,2898,1,354.000,354.000,No,1800.00,637200.00,Assembly Surplus,Central Warehouse,2024-08-19,2024-08-16,Generated move order item for Stator Core 1.5 kW.
2899,2899,1,372.000,372.000,No,1800.00,669600.00,Central Warehouse,Production Line,2024-08-21,2024-08-17,Generated move order item for Stator Core 1.5 kW.
2900,2900,1,236.000,236.000,No,1800.00,424800.00,Production Line,Quality Inspection,2024-08-23,2024-08-18,Generated move order item for Stator Core 1.5 kW.
2901,2901,100,35.000,35.000,No,18500.00,647500.00,Assembly,FG Store,2024-08-20,2024-08-19,Generated move order item for BLDC Motor 1.5 kW.
2902,2902,100,29.000,29.000,No,18500.00,536500.00,FG Store,Dispatch Dock,2024-08-22,2024-08-20,Generated move order item for BLDC Motor 1.5 kW.
2903,2903,23,82.000,82.000,No,120.00,9840.00,Maintenance Store,Maintenance Bay,2024-08-24,2024-08-21,Generated move order item for Bearing 6202-2RS.
2904,2904,1,496.000,496.000,No,1800.00,892800.00,Assembly Surplus,Central Warehouse,2024-08-26,2024-08-22,Generated move order item for Stator Core 1.5 kW.
2905,2905,1,246.000,246.000,No,1800.00,442800.00,Central Warehouse,Production Line,2024-08-28,2024-08-23,Generated move order item for Stator Core 1.5 kW.
2906,2906,1,375.000,375.000,No,1800.00,675000.00,Production Line,Quality Inspection,2024-08-25,2024-08-24,Generated move order item for Stator Core 1.5 kW.
2907,2907,100,8.000,8.000,No,18500.00,148000.00,Assembly,FG Store,2024-08-27,2024-08-25,Generated move order item for BLDC Motor 1.5 kW.
2908,2908,100,27.000,27.000,No,18500.00,499500.00,FG Store,Dispatch Dock,2024-08-29,2024-08-26,Generated move order item for BLDC Motor 1.5 kW.
2909,2909,23,88.000,88.000,No,120.00,10560.00,Maintenance Store,Maintenance Bay,2024-08-31,2024-08-27,Generated move order item for Bearing 6202-2RS.
2910,2910,1,359.000,359.000,No,1800.00,646200.00,Assembly Surplus,Central Warehouse,2024-09-02,2024-08-28,Generated move order item for Stator Core 1.5 kW.
2911,2911,1,287.000,287.000,No,1800.00,516600.00,Central Warehouse,Production Line,2024-08-30,2024-08-29,Generated move order item for Stator Core 1.5 kW.
2912,2912,1,146.000,146.000,No,1800.00,262800.00,Production Line,Quality Inspection,2024-09-01,2024-08-30,Generated move order item for Stator Core 1.5 kW.
2913,2913,100,50.000,50.000,No,18500.00,925000.00,Assembly,FG Store,2024-09-03,2024-08-31,Generated move order item for BLDC Motor 1.5 kW.
2914,2914,100,59.000,59.000,No,18500.00,1091500.00,FG Store,Dispatch Dock,2024-09-05,2024-09-01,Generated move order item for BLDC Motor 1.5 kW.
2915,2915,23,42.000,42.000,No,120.00,5040.00,Maintenance Store,Maintenance Bay,2024-09-07,2024-09-02,Generated move order item for Bearing 6202-2RS.
2916,2916,1,415.000,415.000,No,1800.00,747000.00,Assembly Surplus,Central Warehouse,2024-09-04,2024-09-03,Generated move order item for Stator Core 1.5 kW.
2917,2917,1,315.000,315.000,No,1800.00,567000.00,Central Warehouse,Production Line,2024-09-06,2024-09-04,Generated move order item for Stator Core 1.5 kW.
2918,2918,1,229.000,229.000,No,1800.00,412200.00,Production Line,Quality Inspection,2024-09-08,2024-09-05,Generated move order item for Stator Core 1.5 kW.
2919,2919,100,23.000,23.000,No,18500.00,425500.00,Assembly,FG Store,2024-09-10,2024-09-06,Generated move order item for BLDC Motor 1.5 kW.
2920,2920,100,33.000,33.000,No,18500.00,610500.00,FG Store,Dispatch Dock,2024-09-12,2024-09-07,Generated move order item for BLDC Motor 1.5 kW.
2921,2921,23,44.000,44.000,No,120.00,5280.00,Maintenance Store,Maintenance Bay,2024-09-09,2024-09-08,Generated move order item for Bearing 6202-2RS.
2922,2922,1,328.000,328.000,No,1800.00,590400.00,Assembly Surplus,Central Warehouse,2024-09-11,2024-09-09,Generated move order item for Stator Core 1.5 kW.
2923,2923,1,116.000,116.000,No,1800.00,208800.00,Central Warehouse,Production Line,2024-09-13,2024-09-10,Generated move order item for Stator Core 1.5 kW.
2924,2924,1,265.000,265.000,No,1800.00,477000.00,Production Line,Quality Inspection,2024-09-15,2024-09-11,Generated move order item for Stator Core 1.5 kW.
2925,2925,100,46.000,46.000,No,18500.00,851000.00,Assembly,FG Store,2024-09-17,2024-09-12,Generated move order item for BLDC Motor 1.5 kW.
2926,2926,100,52.000,52.000,No,18500.00,962000.00,FG Store,Dispatch Dock,2024-09-14,2024-09-13,Generated move order item for BLDC Motor 1.5 kW.
2927,2927,23,31.000,31.000,No,120.00,3720.00,Maintenance Store,Maintenance Bay,2024-09-16,2024-09-14,Generated move order item for Bearing 6202-2RS.
2928,2928,1,320.000,320.000,No,1800.00,576000.00,Assembly Surplus,Central Warehouse,2024-09-18,2024-09-15,Generated move order item for Stator Core 1.5 kW.
2929,2929,1,186.000,186.000,No,1800.00,334800.00,Central Warehouse,Production Line,2024-09-20,2024-09-16,Generated move order item for Stator Core 1.5 kW.
2930,2930,1,406.000,406.000,No,1800.00,730800.00,Production Line,Quality Inspection,2024-09-22,2024-09-17,Generated move order item for Stator Core 1.5 kW.
2931,2931,100,24.000,24.000,No,18500.00,444000.00,Assembly,FG Store,2024-09-19,2024-09-18,Generated move order item for BLDC Motor 1.5 kW.
2932,2932,100,42.000,42.000,No,18500.00,777000.00,FG Store,Dispatch Dock,2024-09-21,2024-09-19,Generated move order item for BLDC Motor 1.5 kW.
2933,2933,23,46.000,46.000,No,120.00,5520.00,Maintenance Store,Maintenance Bay,2024-09-23,2024-09-20,Generated move order item for Bearing 6202-2RS.
2934,2934,1,170.000,170.000,No,1800.00,306000.00,Assembly Surplus,Central Warehouse,2024-09-25,2024-09-21,Generated move order item for Stator Core 1.5 kW.
2935,2935,1,309.000,309.000,No,1800.00,556200.00,Central Warehouse,Production Line,2024-09-27,2024-09-22,Generated move order item for Stator Core 1.5 kW.
2936,2936,1,331.000,331.000,No,1800.00,595800.00,Production Line,Quality Inspection,2024-09-24,2024-09-23,Generated move order item for Stator Core 1.5 kW.
2937,2937,100,43.000,43.000,No,18500.00,795500.00,Assembly,FG Store,2024-09-26,2024-09-24,Generated move order item for BLDC Motor 1.5 kW.
2938,2938,100,49.000,49.000,No,18500.00,906500.00,FG Store,Dispatch Dock,2024-09-28,2024-09-25,Generated move order item for BLDC Motor 1.5 kW.
2939,2939,23,69.000,69.000,No,120.00,8280.00,Maintenance Store,Maintenance Bay,2024-09-30,2024-09-26,Generated move order item for Bearing 6202-2RS.
2940,2940,1,433.000,433.000,No,1800.00,779400.00,Assembly Surplus,Central Warehouse,2024-10-02,2024-09-27,Generated move order item for Stator Core 1.5 kW.
2941,2941,1,241.000,241.000,No,1800.00,433800.00,Central Warehouse,Production Line,2024-09-29,2024-09-28,Generated move order item for Stator Core 1.5 kW.
2942,2942,1,279.000,279.000,No,1800.00,502200.00,Production Line,Quality Inspection,2024-10-01,2024-09-29,Generated move order item for Stator Core 1.5 kW.
2943,2943,100,31.000,31.000,No,18500.00,573500.00,Assembly,FG Store,2024-10-03,2024-09-30,Generated move order item for BLDC Motor 1.5 kW.
2944,2944,100,37.000,37.000,No,18500.00,684500.00,FG Store,Dispatch Dock,2024-10-05,2024-10-01,Generated move order item for BLDC Motor 1.5 kW.
2945,2945,23,18.000,18.000,No,120.00,2160.00,Maintenance Store,Maintenance Bay,2024-10-07,2024-10-02,Generated move order item for Bearing 6202-2RS.
2946,2946,1,435.000,435.000,No,1800.00,783000.00,Assembly Surplus,Central Warehouse,2024-10-04,2024-10-03,Generated move order item for Stator Core 1.5 kW.
2947,2947,1,285.000,285.000,No,1800.00,513000.00,Central Warehouse,Production Line,2024-10-06,2024-10-04,Generated move order item for Stator Core 1.5 kW.
2948,2948,1,299.000,299.000,No,1800.00,538200.00,Production Line,Quality Inspection,2024-10-08,2024-10-05,Generated move order item for Stator Core 1.5 kW.
2949,2949,100,54.000,54.000,No,18500.00,999000.00,Assembly,FG Store,2024-10-10,2024-10-06,Generated move order item for BLDC Motor 1.5 kW.
2950,2950,100,31.000,31.000,No,18500.00,573500.00,FG Store,Dispatch Dock,2024-10-12,2024-10-07,Generated move order item for BLDC Motor 1.5 kW.
2951,2951,23,49.000,49.000,No,120.00,5880.00,Maintenance Store,Maintenance Bay,2024-10-09,2024-10-08,Generated move order item for Bearing 6202-2RS.
2952,2952,1,304.000,304.000,No,1800.00,547200.00,Assembly Surplus,Central Warehouse,2024-10-11,2024-10-09,Generated move order item for Stator Core 1.5 kW.
2953,2953,1,473.000,473.000,No,1800.00,851400.00,Central Warehouse,Production Line,2024-10-13,2024-10-10,Generated move order item for Stator Core 1.5 kW.
2954,2954,1,164.000,164.000,No,1800.00,295200.00,Production Line,Quality Inspection,2024-10-15,2024-10-11,Generated move order item for Stator Core 1.5 kW.
2955,2955,100,13.000,13.000,No,18500.00,240500.00,Assembly,FG Store,2024-10-17,2024-10-12,Generated move order item for BLDC Motor 1.5 kW.
2956,2956,100,11.000,11.000,No,18500.00,203500.00,FG Store,Dispatch Dock,2024-10-14,2024-10-13,Generated move order item for BLDC Motor 1.5 kW.
2957,2957,23,75.000,75.000,No,120.00,9000.00,Maintenance Store,Maintenance Bay,2024-10-16,2024-10-14,Generated move order item for Bearing 6202-2RS.
2958,2958,1,54.000,54.000,No,1800.00,97200.00,Assembly Surplus,Central Warehouse,2024-10-18,2024-10-15,Generated move order item for Stator Core 1.5 kW.
2959,2959,1,369.000,369.000,No,1800.00,664200.00,Central Warehouse,Production Line,2024-10-20,2024-10-16,Generated move order item for Stator Core 1.5 kW.
2960,2960,1,448.000,448.000,No,1800.00,806400.00,Production Line,Quality Inspection,2024-10-22,2024-10-17,Generated move order item for Stator Core 1.5 kW.
2961,2961,100,43.000,43.000,No,18500.00,795500.00,Assembly,FG Store,2024-10-19,2024-10-18,Generated move order item for BLDC Motor 1.5 kW.
2962,2962,100,14.000,14.000,No,18500.00,259000.00,FG Store,Dispatch Dock,2024-10-21,2024-10-19,Generated move order item for BLDC Motor 1.5 kW.
2963,2963,23,68.000,68.000,No,120.00,8160.00,Maintenance Store,Maintenance Bay,2024-10-23,2024-10-20,Generated move order item for Bearing 6202-2RS.
2964,2964,1,249.000,249.000,No,1800.00,448200.00,Assembly Surplus,Central Warehouse,2024-10-25,2024-10-21,Generated move order item for Stator Core 1.5 kW.
2965,2965,1,60.000,60.000,No,1800.00,108000.00,Central Warehouse,Production Line,2024-10-27,2024-10-22,Generated move order item for Stator Core 1.5 kW.
2966,2966,1,139.000,139.000,No,1800.00,250200.00,Production Line,Quality Inspection,2024-10-24,2024-10-23,Generated move order item for Stator Core 1.5 kW.
2967,2967,100,46.000,46.000,No,18500.00,851000.00,Assembly,FG Store,2024-10-26,2024-10-24,Generated move order item for BLDC Motor 1.5 kW.
2968,2968,100,36.000,36.000,No,18500.00,666000.00,FG Store,Dispatch Dock,2024-10-28,2024-10-25,Generated move order item for BLDC Motor 1.5 kW.
2969,2969,23,52.000,52.000,No,120.00,6240.00,Maintenance Store,Maintenance Bay,2024-10-30,2024-10-26,Generated move order item for Bearing 6202-2RS.
2970,2970,1,400.000,400.000,No,1800.00,720000.00,Assembly Surplus,Central Warehouse,2024-11-01,2024-10-27,Generated move order item for Stator Core 1.5 kW.
2971,2971,1,286.000,286.000,No,1800.00,514800.00,Central Warehouse,Production Line,2024-10-29,2024-10-28,Generated move order item for Stator Core 1.5 kW.
2972,2972,1,486.000,486.000,No,1800.00,874800.00,Production Line,Quality Inspection,2024-10-31,2024-10-29,Generated move order item for Stator Core 1.5 kW.
2973,2973,100,7.000,7.000,No,18500.00,129500.00,Assembly,FG Store,2024-11-02,2024-10-30,Generated move order item for BLDC Motor 1.5 kW.
2974,2974,100,21.000,21.000,No,18500.00,388500.00,FG Store,Dispatch Dock,2024-11-04,2024-10-31,Generated move order item for BLDC Motor 1.5 kW.
2975,2975,23,23.000,23.000,No,120.00,2760.00,Maintenance Store,Maintenance Bay,2024-11-06,2024-11-01,Generated move order item for Bearing 6202-2RS.
2976,2976,1,236.000,236.000,No,1800.00,424800.00,Assembly Surplus,Central Warehouse,2024-11-03,2024-11-02,Generated move order item for Stator Core 1.5 kW.
2977,2977,1,460.000,460.000,No,1800.00,828000.00,Central Warehouse,Production Line,2024-11-05,2024-11-03,Generated move order item for Stator Core 1.5 kW.
2978,2978,1,234.000,234.000,No,1800.00,421200.00,Production Line,Quality Inspection,2024-11-07,2024-11-04,Generated move order item for Stator Core 1.5 kW.
2979,2979,100,22.000,22.000,No,18500.00,407000.00,Assembly,FG Store,2024-11-09,2024-11-05,Generated move order item for BLDC Motor 1.5 kW.
2980,2980,100,9.000,9.000,No,18500.00,166500.00,FG Store,Dispatch Dock,2024-11-11,2024-11-06,Generated move order item for BLDC Motor 1.5 kW.
2981,2981,23,42.000,42.000,No,120.00,5040.00,Maintenance Store,Maintenance Bay,2024-11-08,2024-11-07,Generated move order item for Bearing 6202-2RS.
2982,2982,1,153.000,153.000,No,1800.00,275400.00,Assembly Surplus,Central Warehouse,2024-11-10,2024-11-08,Generated move order item for Stator Core 1.5 kW.
2983,2983,1,135.000,135.000,No,1800.00,243000.00,Central Warehouse,Production Line,2024-11-12,2024-11-09,Generated move order item for Stator Core 1.5 kW.
2984,2984,1,110.000,110.000,No,1800.00,198000.00,Production Line,Quality Inspection,2024-11-14,2024-11-10,Generated move order item for Stator Core 1.5 kW.
2985,2985,100,40.000,40.000,No,18500.00,740000.00,Assembly,FG Store,2024-11-16,2024-11-11,Generated move order item for BLDC Motor 1.5 kW.
2986,2986,100,44.000,44.000,No,18500.00,814000.00,FG Store,Dispatch Dock,2024-11-13,2024-11-12,Generated move order item for BLDC Motor 1.5 kW.
2987,2987,23,76.000,76.000,No,120.00,9120.00,Maintenance Store,Maintenance Bay,2024-11-15,2024-11-13,Generated move order item for Bearing 6202-2RS.
2988,2988,1,74.000,74.000,No,1800.00,133200.00,Assembly Surplus,Central Warehouse,2024-11-17,2024-11-14,Generated move order item for Stator Core 1.5 kW.
2989,2989,1,465.000,465.000,No,1800.00,837000.00,Central Warehouse,Production Line,2024-11-19,2024-11-15,Generated move order item for Stator Core 1.5 kW.
2990,2990,1,278.000,278.000,No,1800.00,500400.00,Production Line,Quality Inspection,2024-11-21,2024-11-16,Generated move order item for Stator Core 1.5 kW.
2991,2991,100,36.000,36.000,No,18500.00,666000.00,Assembly,FG Store,2024-11-18,2024-11-17,Generated move order item for BLDC Motor 1.5 kW.
2992,2992,100,54.000,54.000,No,18500.00,999000.00,FG Store,Dispatch Dock,2024-11-20,2024-11-18,Generated move order item for BLDC Motor 1.5 kW.
2993,2993,23,31.000,31.000,No,120.00,3720.00,Maintenance Store,Maintenance Bay,2024-11-22,2024-11-19,Generated move order item for Bearing 6202-2RS.
2994,2994,1,277.000,277.000,No,1800.00,498600.00,Assembly Surplus,Central Warehouse,2024-11-24,2024-11-20,Generated move order item for Stator Core 1.5 kW.
2995,2995,1,82.000,82.000,No,1800.00,147600.00,Central Warehouse,Production Line,2024-11-26,2024-11-21,Generated move order item for Stator Core 1.5 kW.
2996,2996,1,272.000,272.000,No,1800.00,489600.00,Production Line,Quality Inspection,2024-11-23,2024-11-22,Generated move order item for Stator Core 1.5 kW.
2997,2997,100,19.000,19.000,No,18500.00,351500.00,Assembly,FG Store,2024-11-25,2024-11-23,Generated move order item for BLDC Motor 1.5 kW.
2998,2998,100,15.000,15.000,No,18500.00,277500.00,FG Store,Dispatch Dock,2024-11-27,2024-11-24,Generated move order item for BLDC Motor 1.5 kW.
2999,2999,23,64.000,64.000,No,120.00,7680.00,Maintenance Store,Maintenance Bay,2024-11-29,2024-11-25,Generated move order item for Bearing 6202-2RS.
3000,3000,1,108.000,108.000,No,1800.00,194400.00,Assembly Surplus,Central Warehouse,2024-12-01,2024-11-26,Generated move order item for Stator Core 1.5 kW.
3001,301,2,489.000,489.000,No,2800.00,1369200.00,Central Warehouse,Production Line,2024-04-02,2024-04-01,Generated move order item for Stator Core 3 kW.
3002,302,2,154.000,154.000,No,2800.00,431200.00,Production Line,Quality Inspection,2024-04-04,2024-04-02,Generated move order item for Stator Core 3 kW.
3003,303,101,9.000,9.000,No,36500.00,328500.00,Assembly,FG Store,2024-04-06,2024-04-03,Generated move order item for PMSM Motor 3 kW.
3004,304,101,30.000,30.000,No,36500.00,1095000.00,FG Store,Dispatch Dock,2024-04-08,2024-04-04,Generated move order item for PMSM Motor 3 kW.
3005,305,24,42.000,42.000,No,220.00,9240.00,Maintenance Store,Maintenance Bay,2024-04-10,2024-04-05,Generated move order item for Bearing 6205-2RS.
3006,306,2,346.000,346.000,No,2800.00,968800.00,Assembly Surplus,Central Warehouse,2024-04-07,2024-04-06,Generated move order item for Stator Core 3 kW.
3007,307,2,350.000,350.000,No,2800.00,980000.00,Central Warehouse,Production Line,2024-04-09,2024-04-07,Generated move order item for Stator Core 3 kW.
3008,308,2,317.000,317.000,No,2800.00,887600.00,Production Line,Quality Inspection,2024-04-11,2024-04-08,Generated move order item for Stator Core 3 kW.
3009,309,101,37.000,37.000,No,36500.00,1350500.00,Assembly,FG Store,2024-04-13,2024-04-09,Generated move order item for PMSM Motor 3 kW.
3010,310,101,48.000,48.000,No,36500.00,1752000.00,FG Store,Dispatch Dock,2024-04-15,2024-04-10,Generated move order item for PMSM Motor 3 kW.
3011,311,24,67.000,67.000,No,220.00,14740.00,Maintenance Store,Maintenance Bay,2024-04-12,2024-04-11,Generated move order item for Bearing 6205-2RS.
3012,312,2,112.000,112.000,No,2800.00,313600.00,Assembly Surplus,Central Warehouse,2024-04-14,2024-04-12,Generated move order item for Stator Core 3 kW.
3013,313,2,258.000,258.000,No,2800.00,722400.00,Central Warehouse,Production Line,2024-04-16,2024-04-13,Generated move order item for Stator Core 3 kW.
3014,314,2,360.000,360.000,No,2800.00,1008000.00,Production Line,Quality Inspection,2024-04-18,2024-04-14,Generated move order item for Stator Core 3 kW.
3015,315,101,19.000,19.000,No,36500.00,693500.00,Assembly,FG Store,2024-04-20,2024-04-15,Generated move order item for PMSM Motor 3 kW.
3016,316,101,53.000,53.000,No,36500.00,1934500.00,FG Store,Dispatch Dock,2024-04-17,2024-04-16,Generated move order item for PMSM Motor 3 kW.
3017,317,24,51.000,51.000,No,220.00,11220.00,Maintenance Store,Maintenance Bay,2024-04-19,2024-04-17,Generated move order item for Bearing 6205-2RS.
3018,318,2,194.000,194.000,No,2800.00,543200.00,Assembly Surplus,Central Warehouse,2024-04-21,2024-04-18,Generated move order item for Stator Core 3 kW.
3019,319,2,222.000,222.000,No,2800.00,621600.00,Central Warehouse,Production Line,2024-04-23,2024-04-19,Generated move order item for Stator Core 3 kW.
3020,320,2,329.000,329.000,No,2800.00,921200.00,Production Line,Quality Inspection,2024-04-25,2024-04-20,Generated move order item for Stator Core 3 kW.
3021,321,101,44.000,44.000,No,36500.00,1606000.00,Assembly,FG Store,2024-04-22,2024-04-21,Generated move order item for PMSM Motor 3 kW.
3022,322,101,19.000,19.000,No,36500.00,693500.00,FG Store,Dispatch Dock,2024-04-24,2024-04-22,Generated move order item for PMSM Motor 3 kW.
3023,323,24,21.000,21.000,No,220.00,4620.00,Maintenance Store,Maintenance Bay,2024-04-26,2024-04-23,Generated move order item for Bearing 6205-2RS.
3024,324,2,91.000,91.000,No,2800.00,254800.00,Assembly Surplus,Central Warehouse,2024-04-28,2024-04-24,Generated move order item for Stator Core 3 kW.
3025,325,2,273.000,273.000,No,2800.00,764400.00,Central Warehouse,Production Line,2024-04-30,2024-04-25,Generated move order item for Stator Core 3 kW.
3026,326,2,468.000,468.000,No,2800.00,1310400.00,Production Line,Quality Inspection,2024-04-27,2024-04-26,Generated move order item for Stator Core 3 kW.
3027,327,101,58.000,58.000,No,36500.00,2117000.00,Assembly,FG Store,2024-04-29,2024-04-27,Generated move order item for PMSM Motor 3 kW.
3028,328,101,36.000,36.000,No,36500.00,1314000.00,FG Store,Dispatch Dock,2024-05-01,2024-04-28,Generated move order item for PMSM Motor 3 kW.
3029,329,24,56.000,56.000,No,220.00,12320.00,Maintenance Store,Maintenance Bay,2024-05-03,2024-04-29,Generated move order item for Bearing 6205-2RS.
3030,330,2,276.000,276.000,No,2800.00,772800.00,Assembly Surplus,Central Warehouse,2024-05-05,2024-04-30,Generated move order item for Stator Core 3 kW.
3031,331,2,156.000,156.000,No,2800.00,436800.00,Central Warehouse,Production Line,2024-05-02,2024-05-01,Generated move order item for Stator Core 3 kW.
3032,332,2,237.000,237.000,No,2800.00,663600.00,Production Line,Quality Inspection,2024-05-04,2024-05-02,Generated move order item for Stator Core 3 kW.
3033,333,101,57.000,57.000,No,36500.00,2080500.00,Assembly,FG Store,2024-05-06,2024-05-03,Generated move order item for PMSM Motor 3 kW.
3034,334,101,39.000,39.000,No,36500.00,1423500.00,FG Store,Dispatch Dock,2024-05-08,2024-05-04,Generated move order item for PMSM Motor 3 kW.
3035,335,24,28.000,28.000,No,220.00,6160.00,Maintenance Store,Maintenance Bay,2024-05-10,2024-05-05,Generated move order item for Bearing 6205-2RS.
3036,336,2,89.000,89.000,No,2800.00,249200.00,Assembly Surplus,Central Warehouse,2024-05-07,2024-05-06,Generated move order item for Stator Core 3 kW.
3037,337,2,388.000,388.000,No,2800.00,1086400.00,Central Warehouse,Production Line,2024-05-09,2024-05-07,Generated move order item for Stator Core 3 kW.
3038,338,2,457.000,457.000,No,2800.00,1279600.00,Production Line,Quality Inspection,2024-05-11,2024-05-08,Generated move order item for Stator Core 3 kW.
3039,339,101,11.000,11.000,No,36500.00,401500.00,Assembly,FG Store,2024-05-13,2024-05-09,Generated move order item for PMSM Motor 3 kW.
3040,340,101,26.000,26.000,No,36500.00,949000.00,FG Store,Dispatch Dock,2024-05-15,2024-05-10,Generated move order item for PMSM Motor 3 kW.
3041,341,24,86.000,86.000,No,220.00,18920.00,Maintenance Store,Maintenance Bay,2024-05-12,2024-05-11,Generated move order item for Bearing 6205-2RS.
3042,342,2,164.000,164.000,No,2800.00,459200.00,Assembly Surplus,Central Warehouse,2024-05-14,2024-05-12,Generated move order item for Stator Core 3 kW.
3043,343,2,131.000,131.000,No,2800.00,366800.00,Central Warehouse,Production Line,2024-05-16,2024-05-13,Generated move order item for Stator Core 3 kW.
3044,344,2,227.000,227.000,No,2800.00,635600.00,Production Line,Quality Inspection,2024-05-18,2024-05-14,Generated move order item for Stator Core 3 kW.
3045,345,101,27.000,27.000,No,36500.00,985500.00,Assembly,FG Store,2024-05-20,2024-05-15,Generated move order item for PMSM Motor 3 kW.
3046,346,101,31.000,31.000,No,36500.00,1131500.00,FG Store,Dispatch Dock,2024-05-17,2024-05-16,Generated move order item for PMSM Motor 3 kW.
3047,347,24,97.000,97.000,No,220.00,21340.00,Maintenance Store,Maintenance Bay,2024-05-19,2024-05-17,Generated move order item for Bearing 6205-2RS.
3048,348,2,488.000,488.000,No,2800.00,1366400.00,Assembly Surplus,Central Warehouse,2024-05-21,2024-05-18,Generated move order item for Stator Core 3 kW.
3049,349,2,311.000,311.000,No,2800.00,870800.00,Central Warehouse,Production Line,2024-05-23,2024-05-19,Generated move order item for Stator Core 3 kW.
3050,350,2,83.000,83.000,No,2800.00,232400.00,Production Line,Quality Inspection,2024-05-25,2024-05-20,Generated move order item for Stator Core 3 kW.
3051,351,101,19.000,19.000,No,36500.00,693500.00,Assembly,FG Store,2024-05-22,2024-05-21,Generated move order item for PMSM Motor 3 kW.
3052,352,101,15.000,15.000,No,36500.00,547500.00,FG Store,Dispatch Dock,2024-05-24,2024-05-22,Generated move order item for PMSM Motor 3 kW.
3053,353,24,5.000,5.000,No,220.00,1100.00,Maintenance Store,Maintenance Bay,2024-05-26,2024-05-23,Generated move order item for Bearing 6205-2RS.
3054,354,2,222.000,222.000,No,2800.00,621600.00,Assembly Surplus,Central Warehouse,2024-05-28,2024-05-24,Generated move order item for Stator Core 3 kW.
3055,355,2,53.000,53.000,No,2800.00,148400.00,Central Warehouse,Production Line,2024-05-30,2024-05-25,Generated move order item for Stator Core 3 kW.
3056,356,2,309.000,309.000,No,2800.00,865200.00,Production Line,Quality Inspection,2024-05-27,2024-05-26,Generated move order item for Stator Core 3 kW.
3057,357,101,20.000,20.000,No,36500.00,730000.00,Assembly,FG Store,2024-05-29,2024-05-27,Generated move order item for PMSM Motor 3 kW.
3058,358,101,45.000,45.000,No,36500.00,1642500.00,FG Store,Dispatch Dock,2024-05-31,2024-05-28,Generated move order item for PMSM Motor 3 kW.
3059,359,24,55.000,55.000,No,220.00,12100.00,Maintenance Store,Maintenance Bay,2024-06-02,2024-05-29,Generated move order item for Bearing 6205-2RS.
3060,360,2,478.000,478.000,No,2800.00,1338400.00,Assembly Surplus,Central Warehouse,2024-06-04,2024-05-30,Generated move order item for Stator Core 3 kW.
3061,361,2,268.000,268.000,No,2800.00,750400.00,Central Warehouse,Production Line,2024-06-01,2024-05-31,Generated move order item for Stator Core 3 kW.
3062,362,2,120.000,120.000,No,2800.00,336000.00,Production Line,Quality Inspection,2024-06-03,2024-06-01,Generated move order item for Stator Core 3 kW.
3063,363,101,56.000,56.000,No,36500.00,2044000.00,Assembly,FG Store,2024-06-05,2024-06-02,Generated move order item for PMSM Motor 3 kW.
3064,364,101,22.000,22.000,No,36500.00,803000.00,FG Store,Dispatch Dock,2024-06-07,2024-06-03,Generated move order item for PMSM Motor 3 kW.
3065,365,24,78.000,78.000,No,220.00,17160.00,Maintenance Store,Maintenance Bay,2024-06-09,2024-06-04,Generated move order item for Bearing 6205-2RS.
3066,366,2,403.000,403.000,No,2800.00,1128400.00,Assembly Surplus,Central Warehouse,2024-06-06,2024-06-05,Generated move order item for Stator Core 3 kW.
3067,367,2,467.000,467.000,No,2800.00,1307600.00,Central Warehouse,Production Line,2024-06-08,2024-06-06,Generated move order item for Stator Core 3 kW.
3068,368,2,338.000,338.000,No,2800.00,946400.00,Production Line,Quality Inspection,2024-06-10,2024-06-07,Generated move order item for Stator Core 3 kW.
3069,369,101,33.000,33.000,No,36500.00,1204500.00,Assembly,FG Store,2024-06-12,2024-06-08,Generated move order item for PMSM Motor 3 kW.
3070,370,101,26.000,26.000,No,36500.00,949000.00,FG Store,Dispatch Dock,2024-06-14,2024-06-09,Generated move order item for PMSM Motor 3 kW.
3071,371,24,47.000,47.000,No,220.00,10340.00,Maintenance Store,Maintenance Bay,2024-06-11,2024-06-10,Generated move order item for Bearing 6205-2RS.
3072,372,2,401.000,401.000,No,2800.00,1122800.00,Assembly Surplus,Central Warehouse,2024-06-13,2024-06-11,Generated move order item for Stator Core 3 kW.
3073,373,2,305.000,305.000,No,2800.00,854000.00,Central Warehouse,Production Line,2024-06-15,2024-06-12,Generated move order item for Stator Core 3 kW.
3074,374,2,72.000,72.000,No,2800.00,201600.00,Production Line,Quality Inspection,2024-06-17,2024-06-13,Generated move order item for Stator Core 3 kW.
3075,375,101,25.000,25.000,No,36500.00,912500.00,Assembly,FG Store,2024-06-19,2024-06-14,Generated move order item for PMSM Motor 3 kW.
3076,376,101,56.000,56.000,No,36500.00,2044000.00,FG Store,Dispatch Dock,2024-06-16,2024-06-15,Generated move order item for PMSM Motor 3 kW.
3077,377,24,25.000,25.000,No,220.00,5500.00,Maintenance Store,Maintenance Bay,2024-06-18,2024-06-16,Generated move order item for Bearing 6205-2RS.
3078,378,2,262.000,262.000,No,2800.00,733600.00,Assembly Surplus,Central Warehouse,2024-06-20,2024-06-17,Generated move order item for Stator Core 3 kW.
3079,379,2,427.000,427.000,No,2800.00,1195600.00,Central Warehouse,Production Line,2024-06-22,2024-06-18,Generated move order item for Stator Core 3 kW.
3080,380,2,180.000,180.000,No,2800.00,504000.00,Production Line,Quality Inspection,2024-06-24,2024-06-19,Generated move order item for Stator Core 3 kW.
3081,381,101,43.000,43.000,No,36500.00,1569500.00,Assembly,FG Store,2024-06-21,2024-06-20,Generated move order item for PMSM Motor 3 kW.
3082,382,101,48.000,48.000,No,36500.00,1752000.00,FG Store,Dispatch Dock,2024-06-23,2024-06-21,Generated move order item for PMSM Motor 3 kW.
3083,383,24,36.000,36.000,No,220.00,7920.00,Maintenance Store,Maintenance Bay,2024-06-25,2024-06-22,Generated move order item for Bearing 6205-2RS.
3084,384,2,453.000,453.000,No,2800.00,1268400.00,Assembly Surplus,Central Warehouse,2024-06-27,2024-06-23,Generated move order item for Stator Core 3 kW.
3085,385,2,251.000,251.000,No,2800.00,702800.00,Central Warehouse,Production Line,2024-06-29,2024-06-24,Generated move order item for Stator Core 3 kW.
3086,386,2,183.000,183.000,No,2800.00,512400.00,Production Line,Quality Inspection,2024-06-26,2024-06-25,Generated move order item for Stator Core 3 kW.
3087,387,101,17.000,17.000,No,36500.00,620500.00,Assembly,FG Store,2024-06-28,2024-06-26,Generated move order item for PMSM Motor 3 kW.
3088,388,101,19.000,19.000,No,36500.00,693500.00,FG Store,Dispatch Dock,2024-06-30,2024-06-27,Generated move order item for PMSM Motor 3 kW.
3089,389,24,59.000,59.000,No,220.00,12980.00,Maintenance Store,Maintenance Bay,2024-07-02,2024-06-28,Generated move order item for Bearing 6205-2RS.
3090,390,2,151.000,151.000,No,2800.00,422800.00,Assembly Surplus,Central Warehouse,2024-07-04,2024-06-29,Generated move order item for Stator Core 3 kW.
3091,391,2,211.000,211.000,No,2800.00,590800.00,Central Warehouse,Production Line,2024-07-01,2024-06-30,Generated move order item for Stator Core 3 kW.
3092,392,2,370.000,370.000,No,2800.00,1036000.00,Production Line,Quality Inspection,2024-07-03,2024-07-01,Generated move order item for Stator Core 3 kW.
3093,393,101,54.000,54.000,No,36500.00,1971000.00,Assembly,FG Store,2024-07-05,2024-07-02,Generated move order item for PMSM Motor 3 kW.
3094,394,101,43.000,43.000,No,36500.00,1569500.00,FG Store,Dispatch Dock,2024-07-07,2024-07-03,Generated move order item for PMSM Motor 3 kW.
3095,395,24,55.000,55.000,No,220.00,12100.00,Maintenance Store,Maintenance Bay,2024-07-09,2024-07-04,Generated move order item for Bearing 6205-2RS.
3096,396,2,363.000,363.000,No,2800.00,1016400.00,Assembly Surplus,Central Warehouse,2024-07-06,2024-07-05,Generated move order item for Stator Core 3 kW.
3097,397,2,235.000,235.000,No,2800.00,658000.00,Central Warehouse,Production Line,2024-07-08,2024-07-06,Generated move order item for Stator Core 3 kW.
3098,398,2,172.000,172.000,No,2800.00,481600.00,Production Line,Quality Inspection,2024-07-10,2024-07-07,Generated move order item for Stator Core 3 kW.
3099,399,101,46.000,46.000,No,36500.00,1679000.00,Assembly,FG Store,2024-07-12,2024-07-08,Generated move order item for PMSM Motor 3 kW.
3100,400,101,12.000,12.000,No,36500.00,438000.00,FG Store,Dispatch Dock,2024-07-14,2024-07-09,Generated move order item for PMSM Motor 3 kW.
3101,401,24,91.000,91.000,No,220.00,20020.00,Maintenance Store,Maintenance Bay,2024-07-11,2024-07-10,Generated move order item for Bearing 6205-2RS.
3102,402,2,243.000,243.000,No,2800.00,680400.00,Assembly Surplus,Central Warehouse,2024-07-13,2024-07-11,Generated move order item for Stator Core 3 kW.
3103,403,2,418.000,418.000,No,2800.00,1170400.00,Central Warehouse,Production Line,2024-07-15,2024-07-12,Generated move order item for Stator Core 3 kW.
3104,404,2,94.000,94.000,No,2800.00,263200.00,Production Line,Quality Inspection,2024-07-17,2024-07-13,Generated move order item for Stator Core 3 kW.
3105,405,101,32.000,32.000,No,36500.00,1168000.00,Assembly,FG Store,2024-07-19,2024-07-14,Generated move order item for PMSM Motor 3 kW.
3106,406,101,28.000,28.000,No,36500.00,1022000.00,FG Store,Dispatch Dock,2024-07-16,2024-07-15,Generated move order item for PMSM Motor 3 kW.
3107,407,24,39.000,39.000,No,220.00,8580.00,Maintenance Store,Maintenance Bay,2024-07-18,2024-07-16,Generated move order item for Bearing 6205-2RS.
3108,408,2,280.000,280.000,No,2800.00,784000.00,Assembly Surplus,Central Warehouse,2024-07-20,2024-07-17,Generated move order item for Stator Core 3 kW.
3109,409,2,348.000,348.000,No,2800.00,974400.00,Central Warehouse,Production Line,2024-07-22,2024-07-18,Generated move order item for Stator Core 3 kW.
3110,410,2,474.000,474.000,No,2800.00,1327200.00,Production Line,Quality Inspection,2024-07-24,2024-07-19,Generated move order item for Stator Core 3 kW.
3111,411,101,50.000,50.000,No,36500.00,1825000.00,Assembly,FG Store,2024-07-21,2024-07-20,Generated move order item for PMSM Motor 3 kW.
3112,412,101,17.000,17.000,No,36500.00,620500.00,FG Store,Dispatch Dock,2024-07-23,2024-07-21,Generated move order item for PMSM Motor 3 kW.
3113,413,24,98.000,98.000,No,220.00,21560.00,Maintenance Store,Maintenance Bay,2024-07-25,2024-07-22,Generated move order item for Bearing 6205-2RS.
3114,414,2,274.000,274.000,No,2800.00,767200.00,Assembly Surplus,Central Warehouse,2024-07-27,2024-07-23,Generated move order item for Stator Core 3 kW.
3115,415,2,256.000,256.000,No,2800.00,716800.00,Central Warehouse,Production Line,2024-07-29,2024-07-24,Generated move order item for Stator Core 3 kW.
3116,416,2,54.000,54.000,No,2800.00,151200.00,Production Line,Quality Inspection,2024-07-26,2024-07-25,Generated move order item for Stator Core 3 kW.
3117,417,101,42.000,42.000,No,36500.00,1533000.00,Assembly,FG Store,2024-07-28,2024-07-26,Generated move order item for PMSM Motor 3 kW.
3118,418,101,54.000,54.000,No,36500.00,1971000.00,FG Store,Dispatch Dock,2024-07-30,2024-07-27,Generated move order item for PMSM Motor 3 kW.
3119,419,24,33.000,33.000,No,220.00,7260.00,Maintenance Store,Maintenance Bay,2024-08-01,2024-07-28,Generated move order item for Bearing 6205-2RS.
3120,420,2,441.000,441.000,No,2800.00,1234800.00,Assembly Surplus,Central Warehouse,2024-08-03,2024-07-29,Generated move order item for Stator Core 3 kW.
3121,421,2,89.000,89.000,No,2800.00,249200.00,Central Warehouse,Production Line,2024-07-31,2024-07-30,Generated move order item for Stator Core 3 kW.
3122,422,2,486.000,486.000,No,2800.00,1360800.00,Production Line,Quality Inspection,2024-08-02,2024-07-31,Generated move order item for Stator Core 3 kW.
3123,423,101,19.000,19.000,No,36500.00,693500.00,Assembly,FG Store,2024-08-04,2024-08-01,Generated move order item for PMSM Motor 3 kW.
3124,424,101,31.000,31.000,No,36500.00,1131500.00,FG Store,Dispatch Dock,2024-08-06,2024-08-02,Generated move order item for PMSM Motor 3 kW.
3125,425,24,6.000,6.000,No,220.00,1320.00,Maintenance Store,Maintenance Bay,2024-08-08,2024-08-03,Generated move order item for Bearing 6205-2RS.
3126,426,2,455.000,455.000,No,2800.00,1274000.00,Assembly Surplus,Central Warehouse,2024-08-05,2024-08-04,Generated move order item for Stator Core 3 kW.
3127,427,2,279.000,279.000,No,2800.00,781200.00,Central Warehouse,Production Line,2024-08-07,2024-08-05,Generated move order item for Stator Core 3 kW.
3128,428,2,487.000,487.000,No,2800.00,1363600.00,Production Line,Quality Inspection,2024-08-09,2024-08-06,Generated move order item for Stator Core 3 kW.
3129,429,101,25.000,25.000,No,36500.00,912500.00,Assembly,FG Store,2024-08-11,2024-08-07,Generated move order item for PMSM Motor 3 kW.
3130,430,101,8.000,8.000,No,36500.00,292000.00,FG Store,Dispatch Dock,2024-08-13,2024-08-08,Generated move order item for PMSM Motor 3 kW.
3131,431,24,70.000,70.000,No,220.00,15400.00,Maintenance Store,Maintenance Bay,2024-08-10,2024-08-09,Generated move order item for Bearing 6205-2RS.
3132,432,2,123.000,123.000,No,2800.00,344400.00,Assembly Surplus,Central Warehouse,2024-08-12,2024-08-10,Generated move order item for Stator Core 3 kW.
3133,433,2,327.000,327.000,No,2800.00,915600.00,Central Warehouse,Production Line,2024-08-14,2024-08-11,Generated move order item for Stator Core 3 kW.
3134,434,2,65.000,65.000,No,2800.00,182000.00,Production Line,Quality Inspection,2024-08-16,2024-08-12,Generated move order item for Stator Core 3 kW.
3135,435,101,14.000,14.000,No,36500.00,511000.00,Assembly,FG Store,2024-08-18,2024-08-13,Generated move order item for PMSM Motor 3 kW.
3136,436,101,40.000,40.000,No,36500.00,1460000.00,FG Store,Dispatch Dock,2024-08-15,2024-08-14,Generated move order item for PMSM Motor 3 kW.
3137,437,24,69.000,69.000,No,220.00,15180.00,Maintenance Store,Maintenance Bay,2024-08-17,2024-08-15,Generated move order item for Bearing 6205-2RS.
3138,438,2,118.000,118.000,No,2800.00,330400.00,Assembly Surplus,Central Warehouse,2024-08-19,2024-08-16,Generated move order item for Stator Core 3 kW.
3139,439,2,134.000,134.000,No,2800.00,375200.00,Central Warehouse,Production Line,2024-08-21,2024-08-17,Generated move order item for Stator Core 3 kW.
3140,440,2,437.000,437.000,No,2800.00,1223600.00,Production Line,Quality Inspection,2024-08-23,2024-08-18,Generated move order item for Stator Core 3 kW.
3141,441,101,5.000,5.000,No,36500.00,182500.00,Assembly,FG Store,2024-08-20,2024-08-19,Generated move order item for PMSM Motor 3 kW.
3142,442,101,17.000,17.000,No,36500.00,620500.00,FG Store,Dispatch Dock,2024-08-22,2024-08-20,Generated move order item for PMSM Motor 3 kW.
3143,443,24,98.000,98.000,No,220.00,21560.00,Maintenance Store,Maintenance Bay,2024-08-24,2024-08-21,Generated move order item for Bearing 6205-2RS.
3144,444,2,296.000,296.000,No,2800.00,828800.00,Assembly Surplus,Central Warehouse,2024-08-26,2024-08-22,Generated move order item for Stator Core 3 kW.
3145,445,2,62.000,62.000,No,2800.00,173600.00,Central Warehouse,Production Line,2024-08-28,2024-08-23,Generated move order item for Stator Core 3 kW.
3146,446,2,452.000,452.000,No,2800.00,1265600.00,Production Line,Quality Inspection,2024-08-25,2024-08-24,Generated move order item for Stator Core 3 kW.
3147,447,101,24.000,24.000,No,36500.00,876000.00,Assembly,FG Store,2024-08-27,2024-08-25,Generated move order item for PMSM Motor 3 kW.
3148,448,101,45.000,45.000,No,36500.00,1642500.00,FG Store,Dispatch Dock,2024-08-29,2024-08-26,Generated move order item for PMSM Motor 3 kW.
3149,449,24,66.000,66.000,No,220.00,14520.00,Maintenance Store,Maintenance Bay,2024-08-31,2024-08-27,Generated move order item for Bearing 6205-2RS.
3150,450,2,215.000,215.000,No,2800.00,602000.00,Assembly Surplus,Central Warehouse,2024-09-02,2024-08-28,Generated move order item for Stator Core 3 kW.
3151,451,2,217.000,217.000,No,2800.00,607600.00,Central Warehouse,Production Line,2024-08-30,2024-08-29,Generated move order item for Stator Core 3 kW.
3152,452,2,298.000,298.000,No,2800.00,834400.00,Production Line,Quality Inspection,2024-09-01,2024-08-30,Generated move order item for Stator Core 3 kW.
3153,453,101,26.000,26.000,No,36500.00,949000.00,Assembly,FG Store,2024-09-03,2024-08-31,Generated move order item for PMSM Motor 3 kW.
3154,454,101,14.000,14.000,No,36500.00,511000.00,FG Store,Dispatch Dock,2024-09-05,2024-09-01,Generated move order item for PMSM Motor 3 kW.
3155,455,24,74.000,74.000,No,220.00,16280.00,Maintenance Store,Maintenance Bay,2024-09-07,2024-09-02,Generated move order item for Bearing 6205-2RS.
3156,456,2,354.000,354.000,No,2800.00,991200.00,Assembly Surplus,Central Warehouse,2024-09-04,2024-09-03,Generated move order item for Stator Core 3 kW.
3157,457,2,321.000,321.000,No,2800.00,898800.00,Central Warehouse,Production Line,2024-09-06,2024-09-04,Generated move order item for Stator Core 3 kW.
3158,458,2,384.000,384.000,No,2800.00,1075200.00,Production Line,Quality Inspection,2024-09-08,2024-09-05,Generated move order item for Stator Core 3 kW.
3159,459,101,34.000,34.000,No,36500.00,1241000.00,Assembly,FG Store,2024-09-10,2024-09-06,Generated move order item for PMSM Motor 3 kW.
3160,460,101,56.000,56.000,No,36500.00,2044000.00,FG Store,Dispatch Dock,2024-09-12,2024-09-07,Generated move order item for PMSM Motor 3 kW.
3161,461,24,90.000,90.000,No,220.00,19800.00,Maintenance Store,Maintenance Bay,2024-09-09,2024-09-08,Generated move order item for Bearing 6205-2RS.
3162,462,2,492.000,492.000,No,2800.00,1377600.00,Assembly Surplus,Central Warehouse,2024-09-11,2024-09-09,Generated move order item for Stator Core 3 kW.
3163,463,2,98.000,98.000,No,2800.00,274400.00,Central Warehouse,Production Line,2024-09-13,2024-09-10,Generated move order item for Stator Core 3 kW.
3164,464,2,95.000,95.000,No,2800.00,266000.00,Production Line,Quality Inspection,2024-09-15,2024-09-11,Generated move order item for Stator Core 3 kW.
3165,465,101,31.000,31.000,No,36500.00,1131500.00,Assembly,FG Store,2024-09-17,2024-09-12,Generated move order item for PMSM Motor 3 kW.
3166,466,101,43.000,43.000,No,36500.00,1569500.00,FG Store,Dispatch Dock,2024-09-14,2024-09-13,Generated move order item for PMSM Motor 3 kW.
3167,467,24,27.000,27.000,No,220.00,5940.00,Maintenance Store,Maintenance Bay,2024-09-16,2024-09-14,Generated move order item for Bearing 6205-2RS.
3168,468,2,101.000,101.000,No,2800.00,282800.00,Assembly Surplus,Central Warehouse,2024-09-18,2024-09-15,Generated move order item for Stator Core 3 kW.
3169,469,2,66.000,66.000,No,2800.00,184800.00,Central Warehouse,Production Line,2024-09-20,2024-09-16,Generated move order item for Stator Core 3 kW.
3170,470,2,300.000,300.000,No,2800.00,840000.00,Production Line,Quality Inspection,2024-09-22,2024-09-17,Generated move order item for Stator Core 3 kW.
3171,471,101,59.000,59.000,No,36500.00,2153500.00,Assembly,FG Store,2024-09-19,2024-09-18,Generated move order item for PMSM Motor 3 kW.
3172,472,101,31.000,31.000,No,36500.00,1131500.00,FG Store,Dispatch Dock,2024-09-21,2024-09-19,Generated move order item for PMSM Motor 3 kW.
3173,473,24,75.000,75.000,No,220.00,16500.00,Maintenance Store,Maintenance Bay,2024-09-23,2024-09-20,Generated move order item for Bearing 6205-2RS.
3174,474,2,73.000,73.000,No,2800.00,204400.00,Assembly Surplus,Central Warehouse,2024-09-25,2024-09-21,Generated move order item for Stator Core 3 kW.
3175,475,2,147.000,147.000,No,2800.00,411600.00,Central Warehouse,Production Line,2024-09-27,2024-09-22,Generated move order item for Stator Core 3 kW.
3176,476,2,356.000,356.000,No,2800.00,996800.00,Production Line,Quality Inspection,2024-09-24,2024-09-23,Generated move order item for Stator Core 3 kW.
3177,477,101,27.000,27.000,No,36500.00,985500.00,Assembly,FG Store,2024-09-26,2024-09-24,Generated move order item for PMSM Motor 3 kW.
3178,478,101,6.000,6.000,No,36500.00,219000.00,FG Store,Dispatch Dock,2024-09-28,2024-09-25,Generated move order item for PMSM Motor 3 kW.
3179,479,24,26.000,26.000,No,220.00,5720.00,Maintenance Store,Maintenance Bay,2024-09-30,2024-09-26,Generated move order item for Bearing 6205-2RS.
3180,480,2,407.000,407.000,No,2800.00,1139600.00,Assembly Surplus,Central Warehouse,2024-10-02,2024-09-27,Generated move order item for Stator Core 3 kW.
3181,481,2,358.000,358.000,No,2800.00,1002400.00,Central Warehouse,Production Line,2024-09-29,2024-09-28,Generated move order item for Stator Core 3 kW.
3182,482,2,415.000,415.000,No,2800.00,1162000.00,Production Line,Quality Inspection,2024-10-01,2024-09-29,Generated move order item for Stator Core 3 kW.
3183,483,101,24.000,24.000,No,36500.00,876000.00,Assembly,FG Store,2024-10-03,2024-09-30,Generated move order item for PMSM Motor 3 kW.
3184,484,101,57.000,57.000,No,36500.00,2080500.00,FG Store,Dispatch Dock,2024-10-05,2024-10-01,Generated move order item for PMSM Motor 3 kW.
3185,485,24,93.000,93.000,No,220.00,20460.00,Maintenance Store,Maintenance Bay,2024-10-07,2024-10-02,Generated move order item for Bearing 6205-2RS.
3186,486,2,215.000,215.000,No,2800.00,602000.00,Assembly Surplus,Central Warehouse,2024-10-04,2024-10-03,Generated move order item for Stator Core 3 kW.
3187,487,2,143.000,143.000,No,2800.00,400400.00,Central Warehouse,Production Line,2024-10-06,2024-10-04,Generated move order item for Stator Core 3 kW.
3188,488,2,483.000,483.000,No,2800.00,1352400.00,Production Line,Quality Inspection,2024-10-08,2024-10-05,Generated move order item for Stator Core 3 kW.
3189,489,101,24.000,24.000,No,36500.00,876000.00,Assembly,FG Store,2024-10-10,2024-10-06,Generated move order item for PMSM Motor 3 kW.
3190,490,101,32.000,32.000,No,36500.00,1168000.00,FG Store,Dispatch Dock,2024-10-12,2024-10-07,Generated move order item for PMSM Motor 3 kW.
3191,491,24,94.000,94.000,No,220.00,20680.00,Maintenance Store,Maintenance Bay,2024-10-09,2024-10-08,Generated move order item for Bearing 6205-2RS.
3192,492,2,171.000,171.000,No,2800.00,478800.00,Assembly Surplus,Central Warehouse,2024-10-11,2024-10-09,Generated move order item for Stator Core 3 kW.
3193,493,2,448.000,448.000,No,2800.00,1254400.00,Central Warehouse,Production Line,2024-10-13,2024-10-10,Generated move order item for Stator Core 3 kW.
3194,494,2,122.000,122.000,No,2800.00,341600.00,Production Line,Quality Inspection,2024-10-15,2024-10-11,Generated move order item for Stator Core 3 kW.
3195,495,101,21.000,21.000,No,36500.00,766500.00,Assembly,FG Store,2024-10-17,2024-10-12,Generated move order item for PMSM Motor 3 kW.
3196,496,101,26.000,26.000,No,36500.00,949000.00,FG Store,Dispatch Dock,2024-10-14,2024-10-13,Generated move order item for PMSM Motor 3 kW.
3197,497,24,51.000,51.000,No,220.00,11220.00,Maintenance Store,Maintenance Bay,2024-10-16,2024-10-14,Generated move order item for Bearing 6205-2RS.
3198,498,2,159.000,159.000,No,2800.00,445200.00,Assembly Surplus,Central Warehouse,2024-10-18,2024-10-15,Generated move order item for Stator Core 3 kW.
3199,499,2,448.000,448.000,No,2800.00,1254400.00,Central Warehouse,Production Line,2024-10-20,2024-10-16,Generated move order item for Stator Core 3 kW.
3200,500,2,349.000,349.000,No,2800.00,977200.00,Production Line,Quality Inspection,2024-10-22,2024-10-17,Generated move order item for Stator Core 3 kW.
3201,501,101,42.000,42.000,No,36500.00,1533000.00,Assembly,FG Store,2024-10-19,2024-10-18,Generated move order item for PMSM Motor 3 kW.
3202,502,101,45.000,45.000,No,36500.00,1642500.00,FG Store,Dispatch Dock,2024-10-21,2024-10-19,Generated move order item for PMSM Motor 3 kW.
3203,503,24,66.000,66.000,No,220.00,14520.00,Maintenance Store,Maintenance Bay,2024-10-23,2024-10-20,Generated move order item for Bearing 6205-2RS.
3204,504,2,340.000,340.000,No,2800.00,952000.00,Assembly Surplus,Central Warehouse,2024-10-25,2024-10-21,Generated move order item for Stator Core 3 kW.
3205,505,2,347.000,347.000,No,2800.00,971600.00,Central Warehouse,Production Line,2024-10-27,2024-10-22,Generated move order item for Stator Core 3 kW.
3206,506,2,374.000,374.000,No,2800.00,1047200.00,Production Line,Quality Inspection,2024-10-24,2024-10-23,Generated move order item for Stator Core 3 kW.
3207,507,101,56.000,56.000,No,36500.00,2044000.00,Assembly,FG Store,2024-10-26,2024-10-24,Generated move order item for PMSM Motor 3 kW.
3208,508,101,16.000,16.000,No,36500.00,584000.00,FG Store,Dispatch Dock,2024-10-28,2024-10-25,Generated move order item for PMSM Motor 3 kW.
3209,509,24,54.000,54.000,No,220.00,11880.00,Maintenance Store,Maintenance Bay,2024-10-30,2024-10-26,Generated move order item for Bearing 6205-2RS.
3210,510,2,133.000,133.000,No,2800.00,372400.00,Assembly Surplus,Central Warehouse,2024-11-01,2024-10-27,Generated move order item for Stator Core 3 kW.
3211,511,2,131.000,131.000,No,2800.00,366800.00,Central Warehouse,Production Line,2024-10-29,2024-10-28,Generated move order item for Stator Core 3 kW.
3212,512,2,478.000,478.000,No,2800.00,1338400.00,Production Line,Quality Inspection,2024-10-31,2024-10-29,Generated move order item for Stator Core 3 kW.
3213,513,101,31.000,31.000,No,36500.00,1131500.00,Assembly,FG Store,2024-11-02,2024-10-30,Generated move order item for PMSM Motor 3 kW.
3214,514,101,44.000,44.000,No,36500.00,1606000.00,FG Store,Dispatch Dock,2024-11-04,2024-10-31,Generated move order item for PMSM Motor 3 kW.
3215,515,24,74.000,74.000,No,220.00,16280.00,Maintenance Store,Maintenance Bay,2024-11-06,2024-11-01,Generated move order item for Bearing 6205-2RS.
3216,516,2,64.000,64.000,No,2800.00,179200.00,Assembly Surplus,Central Warehouse,2024-11-03,2024-11-02,Generated move order item for Stator Core 3 kW.
3217,517,2,271.000,271.000,No,2800.00,758800.00,Central Warehouse,Production Line,2024-11-05,2024-11-03,Generated move order item for Stator Core 3 kW.
3218,518,2,131.000,131.000,No,2800.00,366800.00,Production Line,Quality Inspection,2024-11-07,2024-11-04,Generated move order item for Stator Core 3 kW.
3219,519,101,22.000,22.000,No,36500.00,803000.00,Assembly,FG Store,2024-11-09,2024-11-05,Generated move order item for PMSM Motor 3 kW.
3220,520,101,15.000,15.000,No,36500.00,547500.00,FG Store,Dispatch Dock,2024-11-11,2024-11-06,Generated move order item for PMSM Motor 3 kW.
3221,521,24,68.000,68.000,No,220.00,14960.00,Maintenance Store,Maintenance Bay,2024-11-08,2024-11-07,Generated move order item for Bearing 6205-2RS.
3222,522,2,109.000,109.000,No,2800.00,305200.00,Assembly Surplus,Central Warehouse,2024-11-10,2024-11-08,Generated move order item for Stator Core 3 kW.
3223,523,2,253.000,253.000,No,2800.00,708400.00,Central Warehouse,Production Line,2024-11-12,2024-11-09,Generated move order item for Stator Core 3 kW.
3224,524,2,187.000,187.000,No,2800.00,523600.00,Production Line,Quality Inspection,2024-11-14,2024-11-10,Generated move order item for Stator Core 3 kW.
3225,525,101,58.000,58.000,No,36500.00,2117000.00,Assembly,FG Store,2024-11-16,2024-11-11,Generated move order item for PMSM Motor 3 kW.
3226,526,101,49.000,49.000,No,36500.00,1788500.00,FG Store,Dispatch Dock,2024-11-13,2024-11-12,Generated move order item for PMSM Motor 3 kW.
3227,527,24,38.000,38.000,No,220.00,8360.00,Maintenance Store,Maintenance Bay,2024-11-15,2024-11-13,Generated move order item for Bearing 6205-2RS.
3228,528,2,182.000,182.000,No,2800.00,509600.00,Assembly Surplus,Central Warehouse,2024-11-17,2024-11-14,Generated move order item for Stator Core 3 kW.
3229,529,2,373.000,373.000,No,2800.00,1044400.00,Central Warehouse,Production Line,2024-11-19,2024-11-15,Generated move order item for Stator Core 3 kW.
3230,530,2,334.000,334.000,No,2800.00,935200.00,Production Line,Quality Inspection,2024-11-21,2024-11-16,Generated move order item for Stator Core 3 kW.
3231,531,101,36.000,36.000,No,36500.00,1314000.00,Assembly,FG Store,2024-11-18,2024-11-17,Generated move order item for PMSM Motor 3 kW.
3232,532,101,9.000,9.000,No,36500.00,328500.00,FG Store,Dispatch Dock,2024-11-20,2024-11-18,Generated move order item for PMSM Motor 3 kW.
3233,533,24,12.000,12.000,No,220.00,2640.00,Maintenance Store,Maintenance Bay,2024-11-22,2024-11-19,Generated move order item for Bearing 6205-2RS.
3234,534,2,336.000,336.000,No,2800.00,940800.00,Assembly Surplus,Central Warehouse,2024-11-24,2024-11-20,Generated move order item for Stator Core 3 kW.
3235,535,2,261.000,261.000,No,2800.00,730800.00,Central Warehouse,Production Line,2024-11-26,2024-11-21,Generated move order item for Stator Core 3 kW.
3236,536,2,424.000,424.000,No,2800.00,1187200.00,Production Line,Quality Inspection,2024-11-23,2024-11-22,Generated move order item for Stator Core 3 kW.
3237,537,101,6.000,6.000,No,36500.00,219000.00,Assembly,FG Store,2024-11-25,2024-11-23,Generated move order item for PMSM Motor 3 kW.
3238,538,101,15.000,15.000,No,36500.00,547500.00,FG Store,Dispatch Dock,2024-11-27,2024-11-24,Generated move order item for PMSM Motor 3 kW.
3239,539,24,80.000,80.000,No,220.00,17600.00,Maintenance Store,Maintenance Bay,2024-11-29,2024-11-25,Generated move order item for Bearing 6205-2RS.
3240,540,2,491.000,491.000,No,2800.00,1374800.00,Assembly Surplus,Central Warehouse,2024-12-01,2024-11-26,Generated move order item for Stator Core 3 kW.
3241,541,2,381.000,381.000,No,2800.00,1066800.00,Central Warehouse,Production Line,2024-11-28,2024-11-27,Generated move order item for Stator Core 3 kW.
3242,542,2,55.000,55.000,No,2800.00,154000.00,Production Line,Quality Inspection,2024-11-30,2024-11-28,Generated move order item for Stator Core 3 kW.
3243,543,101,7.000,7.000,No,36500.00,255500.00,Assembly,FG Store,2024-12-02,2024-11-29,Generated move order item for PMSM Motor 3 kW.
3244,544,101,54.000,54.000,No,36500.00,1971000.00,FG Store,Dispatch Dock,2024-12-04,2024-11-30,Generated move order item for PMSM Motor 3 kW.
3245,545,24,52.000,52.000,No,220.00,11440.00,Maintenance Store,Maintenance Bay,2024-12-06,2024-12-01,Generated move order item for Bearing 6205-2RS.
3246,546,2,274.000,274.000,No,2800.00,767200.00,Assembly Surplus,Central Warehouse,2024-12-03,2024-12-02,Generated move order item for Stator Core 3 kW.
3247,547,2,483.000,483.000,No,2800.00,1352400.00,Central Warehouse,Production Line,2024-12-05,2024-12-03,Generated move order item for Stator Core 3 kW.
3248,548,2,161.000,161.000,No,2800.00,450800.00,Production Line,Quality Inspection,2024-12-07,2024-12-04,Generated move order item for Stator Core 3 kW.
3249,549,101,20.000,20.000,No,36500.00,730000.00,Assembly,FG Store,2024-12-09,2024-12-05,Generated move order item for PMSM Motor 3 kW.
3250,550,101,43.000,43.000,No,36500.00,1569500.00,FG Store,Dispatch Dock,2024-12-11,2024-12-06,Generated move order item for PMSM Motor 3 kW.
3251,551,24,91.000,91.000,No,220.00,20020.00,Maintenance Store,Maintenance Bay,2024-12-08,2024-12-07,Generated move order item for Bearing 6205-2RS.
3252,552,2,214.000,214.000,No,2800.00,599200.00,Assembly Surplus,Central Warehouse,2024-12-10,2024-12-08,Generated move order item for Stator Core 3 kW.
3253,553,2,118.000,118.000,No,2800.00,330400.00,Central Warehouse,Production Line,2024-12-12,2024-12-09,Generated move order item for Stator Core 3 kW.
3254,554,2,75.000,75.000,No,2800.00,210000.00,Production Line,Quality Inspection,2024-12-14,2024-12-10,Generated move order item for Stator Core 3 kW.
3255,555,101,5.000,5.000,No,36500.00,182500.00,Assembly,FG Store,2024-12-16,2024-12-11,Generated move order item for PMSM Motor 3 kW.
3256,556,101,25.000,25.000,No,36500.00,912500.00,FG Store,Dispatch Dock,2024-12-13,2024-12-12,Generated move order item for PMSM Motor 3 kW.
3257,557,24,55.000,55.000,No,220.00,12100.00,Maintenance Store,Maintenance Bay,2024-12-15,2024-12-13,Generated move order item for Bearing 6205-2RS.
3258,558,2,270.000,270.000,No,2800.00,756000.00,Assembly Surplus,Central Warehouse,2024-12-17,2024-12-14,Generated move order item for Stator Core 3 kW.
3259,559,2,157.000,157.000,No,2800.00,439600.00,Central Warehouse,Production Line,2024-12-19,2024-12-15,Generated move order item for Stator Core 3 kW.
3260,560,2,355.000,355.000,No,2800.00,994000.00,Production Line,Quality Inspection,2024-12-21,2024-12-16,Generated move order item for Stator Core 3 kW.
3261,561,101,54.000,54.000,No,36500.00,1971000.00,Assembly,FG Store,2024-12-18,2024-12-17,Generated move order item for PMSM Motor 3 kW.
3262,562,101,18.000,18.000,No,36500.00,657000.00,FG Store,Dispatch Dock,2024-12-20,2024-12-18,Generated move order item for PMSM Motor 3 kW.
3263,563,24,69.000,69.000,No,220.00,15180.00,Maintenance Store,Maintenance Bay,2024-12-22,2024-12-19,Generated move order item for Bearing 6205-2RS.
3264,564,2,295.000,295.000,No,2800.00,826000.00,Assembly Surplus,Central Warehouse,2024-12-24,2024-12-20,Generated move order item for Stator Core 3 kW.
3265,565,2,359.000,359.000,No,2800.00,1005200.00,Central Warehouse,Production Line,2024-12-26,2024-12-21,Generated move order item for Stator Core 3 kW.
3266,566,2,56.000,56.000,No,2800.00,156800.00,Production Line,Quality Inspection,2024-12-23,2024-12-22,Generated move order item for Stator Core 3 kW.
3267,567,101,42.000,42.000,No,36500.00,1533000.00,Assembly,FG Store,2024-12-25,2024-12-23,Generated move order item for PMSM Motor 3 kW.
3268,568,101,46.000,46.000,No,36500.00,1679000.00,FG Store,Dispatch Dock,2024-12-27,2024-12-24,Generated move order item for PMSM Motor 3 kW.
3269,569,24,70.000,70.000,No,220.00,15400.00,Maintenance Store,Maintenance Bay,2024-12-29,2024-12-25,Generated move order item for Bearing 6205-2RS.
3270,570,2,429.000,429.000,No,2800.00,1201200.00,Assembly Surplus,Central Warehouse,2024-12-31,2024-12-26,Generated move order item for Stator Core 3 kW.
3271,571,2,386.000,386.000,No,2800.00,1080800.00,Central Warehouse,Production Line,2024-12-28,2024-12-27,Generated move order item for Stator Core 3 kW.
3272,572,2,494.000,494.000,No,2800.00,1383200.00,Production Line,Quality Inspection,2024-12-30,2024-12-28,Generated move order item for Stator Core 3 kW.
3273,573,101,42.000,42.000,No,36500.00,1533000.00,Assembly,FG Store,2025-01-01,2024-12-29,Generated move order item for PMSM Motor 3 kW.
3274,574,101,29.000,29.000,No,36500.00,1058500.00,FG Store,Dispatch Dock,2025-01-03,2024-12-30,Generated move order item for PMSM Motor 3 kW.
3275,575,24,85.000,85.000,No,220.00,18700.00,Maintenance Store,Maintenance Bay,2025-01-05,2024-12-31,Generated move order item for Bearing 6205-2RS.
3276,576,2,363.000,363.000,No,2800.00,1016400.00,Assembly Surplus,Central Warehouse,2025-01-02,2025-01-01,Generated move order item for Stator Core 3 kW.
3277,577,2,301.000,301.000,No,2800.00,842800.00,Central Warehouse,Production Line,2025-01-04,2025-01-02,Generated move order item for Stator Core 3 kW.
3278,578,2,310.000,310.000,No,2800.00,868000.00,Production Line,Quality Inspection,2025-01-06,2025-01-03,Generated move order item for Stator Core 3 kW.
3279,579,101,24.000,24.000,No,36500.00,876000.00,Assembly,FG Store,2025-01-08,2025-01-04,Generated move order item for PMSM Motor 3 kW.
3280,580,101,39.000,39.000,No,36500.00,1423500.00,FG Store,Dispatch Dock,2025-01-10,2025-01-05,Generated move order item for PMSM Motor 3 kW.
3281,581,24,49.000,49.000,No,220.00,10780.00,Maintenance Store,Maintenance Bay,2025-01-07,2025-01-06,Generated move order item for Bearing 6205-2RS.
3282,582,2,109.000,109.000,No,2800.00,305200.00,Assembly Surplus,Central Warehouse,2025-01-09,2025-01-07,Generated move order item for Stator Core 3 kW.
3283,583,2,248.000,248.000,No,2800.00,694400.00,Central Warehouse,Production Line,2025-01-11,2025-01-08,Generated move order item for Stator Core 3 kW.
3284,584,2,478.000,478.000,No,2800.00,1338400.00,Production Line,Quality Inspection,2025-01-13,2025-01-09,Generated move order item for Stator Core 3 kW.
3285,585,101,23.000,23.000,No,36500.00,839500.00,Assembly,FG Store,2025-01-15,2025-01-10,Generated move order item for PMSM Motor 3 kW.
3286,586,101,42.000,42.000,No,36500.00,1533000.00,FG Store,Dispatch Dock,2025-01-12,2025-01-11,Generated move order item for PMSM Motor 3 kW.
3287,587,24,44.000,44.000,No,220.00,9680.00,Maintenance Store,Maintenance Bay,2025-01-14,2025-01-12,Generated move order item for Bearing 6205-2RS.
3288,588,2,178.000,178.000,No,2800.00,498400.00,Assembly Surplus,Central Warehouse,2025-01-16,2025-01-13,Generated move order item for Stator Core 3 kW.
3289,589,2,223.000,223.000,No,2800.00,624400.00,Central Warehouse,Production Line,2025-01-18,2025-01-14,Generated move order item for Stator Core 3 kW.
3290,590,2,482.000,482.000,No,2800.00,1349600.00,Production Line,Quality Inspection,2025-01-20,2025-01-15,Generated move order item for Stator Core 3 kW.
3291,591,101,11.000,11.000,No,36500.00,401500.00,Assembly,FG Store,2025-01-17,2025-01-16,Generated move order item for PMSM Motor 3 kW.
3292,592,101,42.000,42.000,No,36500.00,1533000.00,FG Store,Dispatch Dock,2025-01-19,2025-01-17,Generated move order item for PMSM Motor 3 kW.
3293,593,24,84.000,84.000,No,220.00,18480.00,Maintenance Store,Maintenance Bay,2025-01-21,2025-01-18,Generated move order item for Bearing 6205-2RS.
3294,594,2,133.000,133.000,No,2800.00,372400.00,Assembly Surplus,Central Warehouse,2025-01-23,2025-01-19,Generated move order item for Stator Core 3 kW.
3295,595,2,391.000,391.000,No,2800.00,1094800.00,Central Warehouse,Production Line,2025-01-25,2025-01-20,Generated move order item for Stator Core 3 kW.
3296,596,2,337.000,337.000,No,2800.00,943600.00,Production Line,Quality Inspection,2025-01-22,2025-01-21,Generated move order item for Stator Core 3 kW.
3297,597,101,23.000,23.000,No,36500.00,839500.00,Assembly,FG Store,2025-01-24,2025-01-22,Generated move order item for PMSM Motor 3 kW.
3298,598,101,14.000,14.000,No,36500.00,511000.00,FG Store,Dispatch Dock,2025-01-26,2025-01-23,Generated move order item for PMSM Motor 3 kW.
3299,599,24,95.000,95.000,No,220.00,20900.00,Maintenance Store,Maintenance Bay,2025-01-28,2025-01-24,Generated move order item for Bearing 6205-2RS.
3300,600,2,138.000,138.000,No,2800.00,386400.00,Assembly Surplus,Central Warehouse,2025-01-30,2025-01-25,Generated move order item for Stator Core 3 kW.
3301,601,2,478.000,478.000,No,2800.00,1338400.00,Central Warehouse,Production Line,2025-01-27,2025-01-26,Generated move order item for Stator Core 3 kW.
3302,602,2,342.000,342.000,No,2800.00,957600.00,Production Line,Quality Inspection,2025-01-29,2025-01-27,Generated move order item for Stator Core 3 kW.
3303,603,101,52.000,52.000,No,36500.00,1898000.00,Assembly,FG Store,2025-01-31,2025-01-28,Generated move order item for PMSM Motor 3 kW.
3304,604,101,21.000,21.000,No,36500.00,766500.00,FG Store,Dispatch Dock,2025-02-02,2025-01-29,Generated move order item for PMSM Motor 3 kW.
3305,605,24,7.000,7.000,No,220.00,1540.00,Maintenance Store,Maintenance Bay,2025-02-04,2025-01-30,Generated move order item for Bearing 6205-2RS.
3306,606,2,345.000,345.000,No,2800.00,966000.00,Assembly Surplus,Central Warehouse,2025-02-01,2025-01-31,Generated move order item for Stator Core 3 kW.
3307,607,2,217.000,217.000,No,2800.00,607600.00,Central Warehouse,Production Line,2025-02-03,2025-02-01,Generated move order item for Stator Core 3 kW.
3308,608,2,298.000,298.000,No,2800.00,834400.00,Production Line,Quality Inspection,2025-02-05,2025-02-02,Generated move order item for Stator Core 3 kW.
3309,609,101,30.000,30.000,No,36500.00,1095000.00,Assembly,FG Store,2025-02-07,2025-02-03,Generated move order item for PMSM Motor 3 kW.
3310,610,101,23.000,23.000,No,36500.00,839500.00,FG Store,Dispatch Dock,2025-02-09,2025-02-04,Generated move order item for PMSM Motor 3 kW.
3311,611,24,73.000,73.000,No,220.00,16060.00,Maintenance Store,Maintenance Bay,2025-02-06,2025-02-05,Generated move order item for Bearing 6205-2RS.
3312,612,2,275.000,275.000,No,2800.00,770000.00,Assembly Surplus,Central Warehouse,2025-02-08,2025-02-06,Generated move order item for Stator Core 3 kW.
3313,613,2,336.000,336.000,No,2800.00,940800.00,Central Warehouse,Production Line,2025-02-10,2025-02-07,Generated move order item for Stator Core 3 kW.
3314,614,2,353.000,353.000,No,2800.00,988400.00,Production Line,Quality Inspection,2025-02-12,2025-02-08,Generated move order item for Stator Core 3 kW.
3315,615,101,42.000,42.000,No,36500.00,1533000.00,Assembly,FG Store,2025-02-14,2025-02-09,Generated move order item for PMSM Motor 3 kW.
3316,616,101,23.000,23.000,No,36500.00,839500.00,FG Store,Dispatch Dock,2025-02-11,2025-02-10,Generated move order item for PMSM Motor 3 kW.
3317,617,24,78.000,78.000,No,220.00,17160.00,Maintenance Store,Maintenance Bay,2025-02-13,2025-02-11,Generated move order item for Bearing 6205-2RS.
3318,618,2,149.000,149.000,No,2800.00,417200.00,Assembly Surplus,Central Warehouse,2025-02-15,2025-02-12,Generated move order item for Stator Core 3 kW.
3319,619,2,477.000,477.000,No,2800.00,1335600.00,Central Warehouse,Production Line,2025-02-17,2025-02-13,Generated move order item for Stator Core 3 kW.
3320,620,2,415.000,415.000,No,2800.00,1162000.00,Production Line,Quality Inspection,2025-02-19,2025-02-14,Generated move order item for Stator Core 3 kW.
3321,621,101,35.000,35.000,No,36500.00,1277500.00,Assembly,FG Store,2025-02-16,2025-02-15,Generated move order item for PMSM Motor 3 kW.
3322,622,101,15.000,15.000,No,36500.00,547500.00,FG Store,Dispatch Dock,2025-02-18,2025-02-16,Generated move order item for PMSM Motor 3 kW.
3323,623,24,91.000,91.000,No,220.00,20020.00,Maintenance Store,Maintenance Bay,2025-02-20,2025-02-17,Generated move order item for Bearing 6205-2RS.
3324,624,2,300.000,300.000,No,2800.00,840000.00,Assembly Surplus,Central Warehouse,2025-02-22,2025-02-18,Generated move order item for Stator Core 3 kW.
3325,625,2,417.000,417.000,No,2800.00,1167600.00,Central Warehouse,Production Line,2025-02-24,2025-02-19,Generated move order item for Stator Core 3 kW.
3326,626,2,62.000,62.000,No,2800.00,173600.00,Production Line,Quality Inspection,2025-02-21,2025-02-20,Generated move order item for Stator Core 3 kW.
3327,627,101,23.000,23.000,No,36500.00,839500.00,Assembly,FG Store,2025-02-23,2025-02-21,Generated move order item for PMSM Motor 3 kW.
3328,628,101,21.000,21.000,No,36500.00,766500.00,FG Store,Dispatch Dock,2025-02-25,2025-02-22,Generated move order item for PMSM Motor 3 kW.
3329,629,24,83.000,83.000,No,220.00,18260.00,Maintenance Store,Maintenance Bay,2025-02-27,2025-02-23,Generated move order item for Bearing 6205-2RS.
3330,630,2,259.000,259.000,No,2800.00,725200.00,Assembly Surplus,Central Warehouse,2025-03-01,2025-02-24,Generated move order item for Stator Core 3 kW.
3331,631,2,102.000,102.000,No,2800.00,285600.00,Central Warehouse,Production Line,2025-02-26,2025-02-25,Generated move order item for Stator Core 3 kW.
3332,632,2,327.000,327.000,No,2800.00,915600.00,Production Line,Quality Inspection,2025-02-28,2025-02-26,Generated move order item for Stator Core 3 kW.
3333,633,101,13.000,13.000,No,36500.00,474500.00,Assembly,FG Store,2025-03-02,2025-02-27,Generated move order item for PMSM Motor 3 kW.
3334,634,101,30.000,30.000,No,36500.00,1095000.00,FG Store,Dispatch Dock,2025-03-04,2025-02-28,Generated move order item for PMSM Motor 3 kW.
3335,635,24,100.000,100.000,No,220.00,22000.00,Maintenance Store,Maintenance Bay,2025-03-06,2025-03-01,Generated move order item for Bearing 6205-2RS.
3336,636,2,245.000,245.000,No,2800.00,686000.00,Assembly Surplus,Central Warehouse,2025-03-03,2025-03-02,Generated move order item for Stator Core 3 kW.
3337,637,2,243.000,243.000,No,2800.00,680400.00,Central Warehouse,Production Line,2025-03-05,2025-03-03,Generated move order item for Stator Core 3 kW.
3338,638,2,68.000,68.000,No,2800.00,190400.00,Production Line,Quality Inspection,2025-03-07,2025-03-04,Generated move order item for Stator Core 3 kW.
3339,639,101,30.000,30.000,No,36500.00,1095000.00,Assembly,FG Store,2025-03-09,2025-03-05,Generated move order item for PMSM Motor 3 kW.
3340,640,101,58.000,58.000,No,36500.00,2117000.00,FG Store,Dispatch Dock,2025-03-11,2025-03-06,Generated move order item for PMSM Motor 3 kW.
3341,641,24,96.000,96.000,No,220.00,21120.00,Maintenance Store,Maintenance Bay,2025-03-08,2025-03-07,Generated move order item for Bearing 6205-2RS.
3342,642,2,484.000,484.000,No,2800.00,1355200.00,Assembly Surplus,Central Warehouse,2025-03-10,2025-03-08,Generated move order item for Stator Core 3 kW.
3343,643,2,213.000,213.000,No,2800.00,596400.00,Central Warehouse,Production Line,2025-03-12,2025-03-09,Generated move order item for Stator Core 3 kW.
3344,644,2,79.000,79.000,No,2800.00,221200.00,Production Line,Quality Inspection,2025-03-14,2025-03-10,Generated move order item for Stator Core 3 kW.
3345,645,101,18.000,18.000,No,36500.00,657000.00,Assembly,FG Store,2025-03-16,2025-03-11,Generated move order item for PMSM Motor 3 kW.
3346,646,101,16.000,16.000,No,36500.00,584000.00,FG Store,Dispatch Dock,2025-03-13,2025-03-12,Generated move order item for PMSM Motor 3 kW.
3347,647,24,12.000,12.000,No,220.00,2640.00,Maintenance Store,Maintenance Bay,2025-03-15,2025-03-13,Generated move order item for Bearing 6205-2RS.
3348,648,2,369.000,369.000,No,2800.00,1033200.00,Assembly Surplus,Central Warehouse,2025-03-17,2025-03-14,Generated move order item for Stator Core 3 kW.
3349,649,2,285.000,285.000,No,2800.00,798000.00,Central Warehouse,Production Line,2025-03-19,2025-03-15,Generated move order item for Stator Core 3 kW.
3350,650,2,375.000,375.000,No,2800.00,1050000.00,Production Line,Quality Inspection,2025-03-21,2025-03-16,Generated move order item for Stator Core 3 kW.
3351,651,101,16.000,16.000,No,36500.00,584000.00,Assembly,FG Store,2025-03-18,2025-03-17,Generated move order item for PMSM Motor 3 kW.
3352,652,101,43.000,43.000,No,36500.00,1569500.00,FG Store,Dispatch Dock,2025-03-20,2025-03-18,Generated move order item for PMSM Motor 3 kW.
3353,653,24,11.000,11.000,No,220.00,2420.00,Maintenance Store,Maintenance Bay,2025-03-22,2025-03-19,Generated move order item for Bearing 6205-2RS.
3354,654,2,375.000,375.000,No,2800.00,1050000.00,Assembly Surplus,Central Warehouse,2025-03-24,2025-03-20,Generated move order item for Stator Core 3 kW.
3355,655,2,416.000,416.000,No,2800.00,1164800.00,Central Warehouse,Production Line,2025-03-26,2025-03-21,Generated move order item for Stator Core 3 kW.
3356,656,2,164.000,164.000,No,2800.00,459200.00,Production Line,Quality Inspection,2025-03-23,2025-03-22,Generated move order item for Stator Core 3 kW.
3357,657,101,23.000,23.000,No,36500.00,839500.00,Assembly,FG Store,2025-03-25,2025-03-23,Generated move order item for PMSM Motor 3 kW.
3358,658,101,29.000,29.000,No,36500.00,1058500.00,FG Store,Dispatch Dock,2025-03-27,2025-03-24,Generated move order item for PMSM Motor 3 kW.
3359,659,24,60.000,60.000,No,220.00,13200.00,Maintenance Store,Maintenance Bay,2025-03-29,2025-03-25,Generated move order item for Bearing 6205-2RS.
3360,660,2,288.000,288.000,No,2800.00,806400.00,Assembly Surplus,Central Warehouse,2025-03-31,2025-03-26,Generated move order item for Stator Core 3 kW.
3361,661,2,97.000,97.000,No,2800.00,271600.00,Central Warehouse,Production Line,2025-03-28,2025-03-27,Generated move order item for Stator Core 3 kW.
3362,662,2,220.000,220.000,No,2800.00,616000.00,Production Line,Quality Inspection,2025-03-30,2025-03-28,Generated move order item for Stator Core 3 kW.
3363,663,101,33.000,33.000,No,36500.00,1204500.00,Assembly,FG Store,2025-04-01,2025-03-29,Generated move order item for PMSM Motor 3 kW.
3364,664,101,39.000,39.000,No,36500.00,1423500.00,FG Store,Dispatch Dock,2025-04-03,2025-03-30,Generated move order item for PMSM Motor 3 kW.
3365,665,24,65.000,65.000,No,220.00,14300.00,Maintenance Store,Maintenance Bay,2025-04-05,2025-03-31,Generated move order item for Bearing 6205-2RS.
3366,666,2,350.000,350.000,No,2800.00,980000.00,Assembly Surplus,Central Warehouse,2025-04-02,2025-04-01,Generated move order item for Stator Core 3 kW.
3367,667,2,252.000,252.000,No,2800.00,705600.00,Central Warehouse,Production Line,2025-04-04,2025-04-02,Generated move order item for Stator Core 3 kW.
3368,668,2,276.000,276.000,No,2800.00,772800.00,Production Line,Quality Inspection,2025-04-06,2025-04-03,Generated move order item for Stator Core 3 kW.
3369,669,101,23.000,23.000,No,36500.00,839500.00,Assembly,FG Store,2025-04-08,2025-04-04,Generated move order item for PMSM Motor 3 kW.
3370,670,101,20.000,20.000,No,36500.00,730000.00,FG Store,Dispatch Dock,2025-04-10,2025-04-05,Generated move order item for PMSM Motor 3 kW.
3371,671,24,34.000,34.000,No,220.00,7480.00,Maintenance Store,Maintenance Bay,2025-04-07,2025-04-06,Generated move order item for Bearing 6205-2RS.
3372,672,2,247.000,247.000,No,2800.00,691600.00,Assembly Surplus,Central Warehouse,2025-04-09,2025-04-07,Generated move order item for Stator Core 3 kW.
3373,673,2,99.000,99.000,No,2800.00,277200.00,Central Warehouse,Production Line,2025-04-11,2025-04-08,Generated move order item for Stator Core 3 kW.
3374,674,2,148.000,148.000,No,2800.00,414400.00,Production Line,Quality Inspection,2025-04-13,2025-04-09,Generated move order item for Stator Core 3 kW.
3375,675,101,11.000,11.000,No,36500.00,401500.00,Assembly,FG Store,2025-04-15,2025-04-10,Generated move order item for PMSM Motor 3 kW.
3376,676,101,27.000,27.000,No,36500.00,985500.00,FG Store,Dispatch Dock,2025-04-12,2025-04-11,Generated move order item for PMSM Motor 3 kW.
3377,677,24,52.000,52.000,No,220.00,11440.00,Maintenance Store,Maintenance Bay,2025-04-14,2025-04-12,Generated move order item for Bearing 6205-2RS.
3378,678,2,123.000,123.000,No,2800.00,344400.00,Assembly Surplus,Central Warehouse,2025-04-16,2025-04-13,Generated move order item for Stator Core 3 kW.
3379,679,2,112.000,112.000,No,2800.00,313600.00,Central Warehouse,Production Line,2025-04-18,2025-04-14,Generated move order item for Stator Core 3 kW.
3380,680,2,287.000,287.000,No,2800.00,803600.00,Production Line,Quality Inspection,2025-04-20,2025-04-15,Generated move order item for Stator Core 3 kW.
3381,681,101,17.000,17.000,No,36500.00,620500.00,Assembly,FG Store,2025-04-17,2025-04-16,Generated move order item for PMSM Motor 3 kW.
3382,682,101,53.000,53.000,No,36500.00,1934500.00,FG Store,Dispatch Dock,2025-04-19,2025-04-17,Generated move order item for PMSM Motor 3 kW.
3383,683,24,20.000,20.000,No,220.00,4400.00,Maintenance Store,Maintenance Bay,2025-04-21,2025-04-18,Generated move order item for Bearing 6205-2RS.
3384,684,2,267.000,267.000,No,2800.00,747600.00,Assembly Surplus,Central Warehouse,2025-04-23,2025-04-19,Generated move order item for Stator Core 3 kW.
3385,685,2,411.000,411.000,No,2800.00,1150800.00,Central Warehouse,Production Line,2025-04-25,2025-04-20,Generated move order item for Stator Core 3 kW.
3386,686,2,96.000,96.000,No,2800.00,268800.00,Production Line,Quality Inspection,2025-04-22,2025-04-21,Generated move order item for Stator Core 3 kW.
3387,687,101,30.000,30.000,No,36500.00,1095000.00,Assembly,FG Store,2025-04-24,2025-04-22,Generated move order item for PMSM Motor 3 kW.
3388,688,101,31.000,31.000,No,36500.00,1131500.00,FG Store,Dispatch Dock,2025-04-26,2025-04-23,Generated move order item for PMSM Motor 3 kW.
3389,689,24,58.000,58.000,No,220.00,12760.00,Maintenance Store,Maintenance Bay,2025-04-28,2025-04-24,Generated move order item for Bearing 6205-2RS.
3390,690,2,449.000,449.000,No,2800.00,1257200.00,Assembly Surplus,Central Warehouse,2025-04-30,2025-04-25,Generated move order item for Stator Core 3 kW.
3391,691,2,312.000,312.000,No,2800.00,873600.00,Central Warehouse,Production Line,2025-04-27,2025-04-26,Generated move order item for Stator Core 3 kW.
3392,692,2,220.000,220.000,No,2800.00,616000.00,Production Line,Quality Inspection,2025-04-29,2025-04-27,Generated move order item for Stator Core 3 kW.
3393,693,101,27.000,27.000,No,36500.00,985500.00,Assembly,FG Store,2025-05-01,2025-04-28,Generated move order item for PMSM Motor 3 kW.
3394,694,101,39.000,39.000,No,36500.00,1423500.00,FG Store,Dispatch Dock,2025-05-03,2025-04-29,Generated move order item for PMSM Motor 3 kW.
3395,695,24,33.000,33.000,No,220.00,7260.00,Maintenance Store,Maintenance Bay,2025-05-05,2025-04-30,Generated move order item for Bearing 6205-2RS.
3396,696,2,358.000,358.000,No,2800.00,1002400.00,Assembly Surplus,Central Warehouse,2025-05-02,2025-05-01,Generated move order item for Stator Core 3 kW.
3397,697,2,222.000,222.000,No,2800.00,621600.00,Central Warehouse,Production Line,2025-05-04,2025-05-02,Generated move order item for Stator Core 3 kW.
3398,698,2,77.000,77.000,No,2800.00,215600.00,Production Line,Quality Inspection,2025-05-06,2025-05-03,Generated move order item for Stator Core 3 kW.
3399,699,101,34.000,34.000,No,36500.00,1241000.00,Assembly,FG Store,2025-05-08,2025-05-04,Generated move order item for PMSM Motor 3 kW.
3400,700,101,19.000,19.000,No,36500.00,693500.00,FG Store,Dispatch Dock,2025-05-10,2025-05-05,Generated move order item for PMSM Motor 3 kW.
3401,701,24,39.000,39.000,No,220.00,8580.00,Maintenance Store,Maintenance Bay,2025-05-07,2025-05-06,Generated move order item for Bearing 6205-2RS.
3402,702,2,196.000,196.000,No,2800.00,548800.00,Assembly Surplus,Central Warehouse,2025-05-09,2025-05-07,Generated move order item for Stator Core 3 kW.
3403,703,2,111.000,111.000,No,2800.00,310800.00,Central Warehouse,Production Line,2025-05-11,2025-05-08,Generated move order item for Stator Core 3 kW.
3404,704,2,180.000,180.000,No,2800.00,504000.00,Production Line,Quality Inspection,2025-05-13,2025-05-09,Generated move order item for Stator Core 3 kW.
3405,705,101,56.000,56.000,No,36500.00,2044000.00,Assembly,FG Store,2025-05-15,2025-05-10,Generated move order item for PMSM Motor 3 kW.
3406,706,101,22.000,22.000,No,36500.00,803000.00,FG Store,Dispatch Dock,2025-05-12,2025-05-11,Generated move order item for PMSM Motor 3 kW.
3407,707,24,75.000,75.000,No,220.00,16500.00,Maintenance Store,Maintenance Bay,2025-05-14,2025-05-12,Generated move order item for Bearing 6205-2RS.
3408,708,2,234.000,234.000,No,2800.00,655200.00,Assembly Surplus,Central Warehouse,2025-05-16,2025-05-13,Generated move order item for Stator Core 3 kW.
3409,709,2,79.000,79.000,No,2800.00,221200.00,Central Warehouse,Production Line,2025-05-18,2025-05-14,Generated move order item for Stator Core 3 kW.
3410,710,2,427.000,427.000,No,2800.00,1195600.00,Production Line,Quality Inspection,2025-05-20,2025-05-15,Generated move order item for Stator Core 3 kW.
3411,711,101,55.000,55.000,No,36500.00,2007500.00,Assembly,FG Store,2025-05-17,2025-05-16,Generated move order item for PMSM Motor 3 kW.
3412,712,101,18.000,18.000,No,36500.00,657000.00,FG Store,Dispatch Dock,2025-05-19,2025-05-17,Generated move order item for PMSM Motor 3 kW.
3413,713,24,21.000,21.000,No,220.00,4620.00,Maintenance Store,Maintenance Bay,2025-05-21,2025-05-18,Generated move order item for Bearing 6205-2RS.
3414,714,2,469.000,469.000,No,2800.00,1313200.00,Assembly Surplus,Central Warehouse,2025-05-23,2025-05-19,Generated move order item for Stator Core 3 kW.
3415,715,2,94.000,94.000,No,2800.00,263200.00,Central Warehouse,Production Line,2025-05-25,2025-05-20,Generated move order item for Stator Core 3 kW.
3416,716,2,450.000,450.000,No,2800.00,1260000.00,Production Line,Quality Inspection,2025-05-22,2025-05-21,Generated move order item for Stator Core 3 kW.
3417,717,101,14.000,14.000,No,36500.00,511000.00,Assembly,FG Store,2025-05-24,2025-05-22,Generated move order item for PMSM Motor 3 kW.
3418,718,101,53.000,53.000,No,36500.00,1934500.00,FG Store,Dispatch Dock,2025-05-26,2025-05-23,Generated move order item for PMSM Motor 3 kW.
3419,719,24,94.000,94.000,No,220.00,20680.00,Maintenance Store,Maintenance Bay,2025-05-28,2025-05-24,Generated move order item for Bearing 6205-2RS.
3420,720,2,158.000,158.000,No,2800.00,442400.00,Assembly Surplus,Central Warehouse,2025-05-30,2025-05-25,Generated move order item for Stator Core 3 kW.
3421,721,2,149.000,149.000,No,2800.00,417200.00,Central Warehouse,Production Line,2025-05-27,2025-05-26,Generated move order item for Stator Core 3 kW.
3422,722,2,97.000,97.000,No,2800.00,271600.00,Production Line,Quality Inspection,2025-05-29,2025-05-27,Generated move order item for Stator Core 3 kW.
3423,723,101,49.000,49.000,No,36500.00,1788500.00,Assembly,FG Store,2025-05-31,2025-05-28,Generated move order item for PMSM Motor 3 kW.
3424,724,101,24.000,24.000,No,36500.00,876000.00,FG Store,Dispatch Dock,2025-06-02,2025-05-29,Generated move order item for PMSM Motor 3 kW.
3425,725,24,66.000,66.000,No,220.00,14520.00,Maintenance Store,Maintenance Bay,2025-06-04,2025-05-30,Generated move order item for Bearing 6205-2RS.
3426,726,2,327.000,327.000,No,2800.00,915600.00,Assembly Surplus,Central Warehouse,2025-06-01,2025-05-31,Generated move order item for Stator Core 3 kW.
3427,727,2,283.000,283.000,No,2800.00,792400.00,Central Warehouse,Production Line,2025-06-03,2025-06-01,Generated move order item for Stator Core 3 kW.
3428,728,2,159.000,159.000,No,2800.00,445200.00,Production Line,Quality Inspection,2025-06-05,2025-06-02,Generated move order item for Stator Core 3 kW.
3429,729,101,25.000,25.000,No,36500.00,912500.00,Assembly,FG Store,2025-06-07,2025-06-03,Generated move order item for PMSM Motor 3 kW.
3430,730,101,33.000,33.000,No,36500.00,1204500.00,FG Store,Dispatch Dock,2025-06-09,2025-06-04,Generated move order item for PMSM Motor 3 kW.
3431,731,24,13.000,13.000,No,220.00,2860.00,Maintenance Store,Maintenance Bay,2025-06-06,2025-06-05,Generated move order item for Bearing 6205-2RS.
3432,732,2,232.000,232.000,No,2800.00,649600.00,Assembly Surplus,Central Warehouse,2025-06-08,2025-06-06,Generated move order item for Stator Core 3 kW.
3433,733,2,370.000,370.000,No,2800.00,1036000.00,Central Warehouse,Production Line,2025-06-10,2025-06-07,Generated move order item for Stator Core 3 kW.
3434,734,2,240.000,240.000,No,2800.00,672000.00,Production Line,Quality Inspection,2025-06-12,2025-06-08,Generated move order item for Stator Core 3 kW.
3435,735,101,27.000,27.000,No,36500.00,985500.00,Assembly,FG Store,2025-06-14,2025-06-09,Generated move order item for PMSM Motor 3 kW.
3436,736,101,52.000,52.000,No,36500.00,1898000.00,FG Store,Dispatch Dock,2025-06-11,2025-06-10,Generated move order item for PMSM Motor 3 kW.
3437,737,24,56.000,56.000,No,220.00,12320.00,Maintenance Store,Maintenance Bay,2025-06-13,2025-06-11,Generated move order item for Bearing 6205-2RS.
3438,738,2,382.000,382.000,No,2800.00,1069600.00,Assembly Surplus,Central Warehouse,2025-06-15,2025-06-12,Generated move order item for Stator Core 3 kW.
3439,739,2,73.000,73.000,No,2800.00,204400.00,Central Warehouse,Production Line,2025-06-17,2025-06-13,Generated move order item for Stator Core 3 kW.
3440,740,2,468.000,468.000,No,2800.00,1310400.00,Production Line,Quality Inspection,2025-06-19,2025-06-14,Generated move order item for Stator Core 3 kW.
3441,741,101,48.000,48.000,No,36500.00,1752000.00,Assembly,FG Store,2025-06-16,2025-06-15,Generated move order item for PMSM Motor 3 kW.
3442,742,101,51.000,51.000,No,36500.00,1861500.00,FG Store,Dispatch Dock,2025-06-18,2025-06-16,Generated move order item for PMSM Motor 3 kW.
3443,743,24,71.000,71.000,No,220.00,15620.00,Maintenance Store,Maintenance Bay,2025-06-20,2025-06-17,Generated move order item for Bearing 6205-2RS.
3444,744,2,292.000,292.000,No,2800.00,817600.00,Assembly Surplus,Central Warehouse,2025-06-22,2025-06-18,Generated move order item for Stator Core 3 kW.
3445,745,2,288.000,288.000,No,2800.00,806400.00,Central Warehouse,Production Line,2025-06-24,2025-06-19,Generated move order item for Stator Core 3 kW.
3446,746,2,331.000,331.000,No,2800.00,926800.00,Production Line,Quality Inspection,2025-06-21,2025-06-20,Generated move order item for Stator Core 3 kW.
3447,747,101,32.000,32.000,No,36500.00,1168000.00,Assembly,FG Store,2025-06-23,2025-06-21,Generated move order item for PMSM Motor 3 kW.
3448,748,101,45.000,45.000,No,36500.00,1642500.00,FG Store,Dispatch Dock,2025-06-25,2025-06-22,Generated move order item for PMSM Motor 3 kW.
3449,749,24,37.000,37.000,No,220.00,8140.00,Maintenance Store,Maintenance Bay,2025-06-27,2025-06-23,Generated move order item for Bearing 6205-2RS.
3450,750,2,397.000,397.000,No,2800.00,1111600.00,Assembly Surplus,Central Warehouse,2025-06-29,2025-06-24,Generated move order item for Stator Core 3 kW.
3451,751,2,204.000,204.000,No,2800.00,571200.00,Central Warehouse,Production Line,2025-06-26,2025-06-25,Generated move order item for Stator Core 3 kW.
3452,752,2,264.000,264.000,No,2800.00,739200.00,Production Line,Quality Inspection,2025-06-28,2025-06-26,Generated move order item for Stator Core 3 kW.
3453,753,101,8.000,8.000,No,36500.00,292000.00,Assembly,FG Store,2025-06-30,2025-06-27,Generated move order item for PMSM Motor 3 kW.
3454,754,101,55.000,55.000,No,36500.00,2007500.00,FG Store,Dispatch Dock,2025-07-02,2025-06-28,Generated move order item for PMSM Motor 3 kW.
3455,755,24,70.000,70.000,No,220.00,15400.00,Maintenance Store,Maintenance Bay,2025-07-04,2025-06-29,Generated move order item for Bearing 6205-2RS.
3456,756,2,162.000,162.000,No,2800.00,453600.00,Assembly Surplus,Central Warehouse,2025-07-01,2025-06-30,Generated move order item for Stator Core 3 kW.
3457,757,2,70.000,70.000,No,2800.00,196000.00,Central Warehouse,Production Line,2025-07-03,2025-07-01,Generated move order item for Stator Core 3 kW.
3458,758,2,434.000,434.000,No,2800.00,1215200.00,Production Line,Quality Inspection,2025-07-05,2025-07-02,Generated move order item for Stator Core 3 kW.
3459,759,101,5.000,5.000,No,36500.00,182500.00,Assembly,FG Store,2025-07-07,2025-07-03,Generated move order item for PMSM Motor 3 kW.
3460,760,101,31.000,31.000,No,36500.00,1131500.00,FG Store,Dispatch Dock,2025-07-09,2025-07-04,Generated move order item for PMSM Motor 3 kW.
3461,761,24,7.000,7.000,No,220.00,1540.00,Maintenance Store,Maintenance Bay,2025-07-06,2025-07-05,Generated move order item for Bearing 6205-2RS.
3462,762,2,362.000,362.000,No,2800.00,1013600.00,Assembly Surplus,Central Warehouse,2025-07-08,2025-07-06,Generated move order item for Stator Core 3 kW.
3463,763,2,141.000,141.000,No,2800.00,394800.00,Central Warehouse,Production Line,2025-07-10,2025-07-07,Generated move order item for Stator Core 3 kW.
3464,764,2,242.000,242.000,No,2800.00,677600.00,Production Line,Quality Inspection,2025-07-12,2025-07-08,Generated move order item for Stator Core 3 kW.
3465,765,101,36.000,36.000,No,36500.00,1314000.00,Assembly,FG Store,2025-07-14,2025-07-09,Generated move order item for PMSM Motor 3 kW.
3466,766,101,25.000,25.000,No,36500.00,912500.00,FG Store,Dispatch Dock,2025-07-11,2025-07-10,Generated move order item for PMSM Motor 3 kW.
3467,767,24,70.000,70.000,No,220.00,15400.00,Maintenance Store,Maintenance Bay,2025-07-13,2025-07-11,Generated move order item for Bearing 6205-2RS.
3468,768,2,279.000,279.000,No,2800.00,781200.00,Assembly Surplus,Central Warehouse,2025-07-15,2025-07-12,Generated move order item for Stator Core 3 kW.
3469,769,2,239.000,239.000,No,2800.00,669200.00,Central Warehouse,Production Line,2025-07-17,2025-07-13,Generated move order item for Stator Core 3 kW.
3470,770,2,195.000,195.000,No,2800.00,546000.00,Production Line,Quality Inspection,2025-07-19,2025-07-14,Generated move order item for Stator Core 3 kW.
3471,771,101,27.000,27.000,No,36500.00,985500.00,Assembly,FG Store,2025-07-16,2025-07-15,Generated move order item for PMSM Motor 3 kW.
3472,772,101,22.000,22.000,No,36500.00,803000.00,FG Store,Dispatch Dock,2025-07-18,2025-07-16,Generated move order item for PMSM Motor 3 kW.
3473,773,24,60.000,60.000,No,220.00,13200.00,Maintenance Store,Maintenance Bay,2025-07-20,2025-07-17,Generated move order item for Bearing 6205-2RS.
3474,774,2,394.000,394.000,No,2800.00,1103200.00,Assembly Surplus,Central Warehouse,2025-07-22,2025-07-18,Generated move order item for Stator Core 3 kW.
3475,775,2,319.000,319.000,No,2800.00,893200.00,Central Warehouse,Production Line,2025-07-24,2025-07-19,Generated move order item for Stator Core 3 kW.
3476,776,2,64.000,64.000,No,2800.00,179200.00,Production Line,Quality Inspection,2025-07-21,2025-07-20,Generated move order item for Stator Core 3 kW.
3477,777,101,52.000,52.000,No,36500.00,1898000.00,Assembly,FG Store,2025-07-23,2025-07-21,Generated move order item for PMSM Motor 3 kW.
3478,778,101,49.000,49.000,No,36500.00,1788500.00,FG Store,Dispatch Dock,2025-07-25,2025-07-22,Generated move order item for PMSM Motor 3 kW.
3479,779,24,83.000,83.000,No,220.00,18260.00,Maintenance Store,Maintenance Bay,2025-07-27,2025-07-23,Generated move order item for Bearing 6205-2RS.
3480,780,2,72.000,72.000,No,2800.00,201600.00,Assembly Surplus,Central Warehouse,2025-07-29,2025-07-24,Generated move order item for Stator Core 3 kW.
3481,781,2,421.000,421.000,No,2800.00,1178800.00,Central Warehouse,Production Line,2025-07-26,2025-07-25,Generated move order item for Stator Core 3 kW.
3482,782,2,260.000,260.000,No,2800.00,728000.00,Production Line,Quality Inspection,2025-07-28,2025-07-26,Generated move order item for Stator Core 3 kW.
3483,783,101,52.000,52.000,No,36500.00,1898000.00,Assembly,FG Store,2025-07-30,2025-07-27,Generated move order item for PMSM Motor 3 kW.
3484,784,101,48.000,48.000,No,36500.00,1752000.00,FG Store,Dispatch Dock,2025-08-01,2025-07-28,Generated move order item for PMSM Motor 3 kW.
3485,785,24,89.000,89.000,No,220.00,19580.00,Maintenance Store,Maintenance Bay,2025-08-03,2025-07-29,Generated move order item for Bearing 6205-2RS.
3486,786,2,104.000,104.000,No,2800.00,291200.00,Assembly Surplus,Central Warehouse,2025-07-31,2025-07-30,Generated move order item for Stator Core 3 kW.
3487,787,2,300.000,300.000,No,2800.00,840000.00,Central Warehouse,Production Line,2025-08-02,2025-07-31,Generated move order item for Stator Core 3 kW.
3488,788,2,378.000,378.000,No,2800.00,1058400.00,Production Line,Quality Inspection,2025-08-04,2025-08-01,Generated move order item for Stator Core 3 kW.
3489,789,101,38.000,38.000,No,36500.00,1387000.00,Assembly,FG Store,2025-08-06,2025-08-02,Generated move order item for PMSM Motor 3 kW.
3490,790,101,50.000,50.000,No,36500.00,1825000.00,FG Store,Dispatch Dock,2025-08-08,2025-08-03,Generated move order item for PMSM Motor 3 kW.
3491,791,24,74.000,74.000,No,220.00,16280.00,Maintenance Store,Maintenance Bay,2025-08-05,2025-08-04,Generated move order item for Bearing 6205-2RS.
3492,792,2,66.000,66.000,No,2800.00,184800.00,Assembly Surplus,Central Warehouse,2025-08-07,2025-08-05,Generated move order item for Stator Core 3 kW.
3493,793,2,139.000,139.000,No,2800.00,389200.00,Central Warehouse,Production Line,2025-08-09,2025-08-06,Generated move order item for Stator Core 3 kW.
3494,794,2,336.000,336.000,No,2800.00,940800.00,Production Line,Quality Inspection,2025-08-11,2025-08-07,Generated move order item for Stator Core 3 kW.
3495,795,101,25.000,25.000,No,36500.00,912500.00,Assembly,FG Store,2025-08-13,2025-08-08,Generated move order item for PMSM Motor 3 kW.
3496,796,101,24.000,24.000,No,36500.00,876000.00,FG Store,Dispatch Dock,2025-08-10,2025-08-09,Generated move order item for PMSM Motor 3 kW.
3497,797,24,92.000,92.000,No,220.00,20240.00,Maintenance Store,Maintenance Bay,2025-08-12,2025-08-10,Generated move order item for Bearing 6205-2RS.
3498,798,2,90.000,90.000,No,2800.00,252000.00,Assembly Surplus,Central Warehouse,2025-08-14,2025-08-11,Generated move order item for Stator Core 3 kW.
3499,799,2,285.000,285.000,No,2800.00,798000.00,Central Warehouse,Production Line,2025-08-16,2025-08-12,Generated move order item for Stator Core 3 kW.
3500,800,2,190.000,190.000,No,2800.00,532000.00,Production Line,Quality Inspection,2025-08-18,2025-08-13,Generated move order item for Stator Core 3 kW.
3501,801,101,7.000,7.000,No,36500.00,255500.00,Assembly,FG Store,2025-08-15,2025-08-14,Generated move order item for PMSM Motor 3 kW.
3502,802,101,25.000,25.000,No,36500.00,912500.00,FG Store,Dispatch Dock,2025-08-17,2025-08-15,Generated move order item for PMSM Motor 3 kW.
3503,803,24,43.000,43.000,No,220.00,9460.00,Maintenance Store,Maintenance Bay,2025-08-19,2025-08-16,Generated move order item for Bearing 6205-2RS.
3504,804,2,255.000,255.000,No,2800.00,714000.00,Assembly Surplus,Central Warehouse,2025-08-21,2025-08-17,Generated move order item for Stator Core 3 kW.
3505,805,2,122.000,122.000,No,2800.00,341600.00,Central Warehouse,Production Line,2025-08-23,2025-08-18,Generated move order item for Stator Core 3 kW.
3506,806,2,378.000,378.000,No,2800.00,1058400.00,Production Line,Quality Inspection,2025-08-20,2025-08-19,Generated move order item for Stator Core 3 kW.
3507,807,101,24.000,24.000,No,36500.00,876000.00,Assembly,FG Store,2025-08-22,2025-08-20,Generated move order item for PMSM Motor 3 kW.
3508,808,101,37.000,37.000,No,36500.00,1350500.00,FG Store,Dispatch Dock,2025-08-24,2025-08-21,Generated move order item for PMSM Motor 3 kW.
3509,809,24,57.000,57.000,No,220.00,12540.00,Maintenance Store,Maintenance Bay,2025-08-26,2025-08-22,Generated move order item for Bearing 6205-2RS.
3510,810,2,304.000,304.000,No,2800.00,851200.00,Assembly Surplus,Central Warehouse,2025-08-28,2025-08-23,Generated move order item for Stator Core 3 kW.
3511,811,2,277.000,277.000,No,2800.00,775600.00,Central Warehouse,Production Line,2025-08-25,2025-08-24,Generated move order item for Stator Core 3 kW.
3512,812,2,185.000,185.000,No,2800.00,518000.00,Production Line,Quality Inspection,2025-08-27,2025-08-25,Generated move order item for Stator Core 3 kW.
3513,813,101,32.000,32.000,No,36500.00,1168000.00,Assembly,FG Store,2025-08-29,2025-08-26,Generated move order item for PMSM Motor 3 kW.
3514,814,101,34.000,34.000,No,36500.00,1241000.00,FG Store,Dispatch Dock,2025-08-31,2025-08-27,Generated move order item for PMSM Motor 3 kW.
3515,815,24,6.000,6.000,No,220.00,1320.00,Maintenance Store,Maintenance Bay,2025-09-02,2025-08-28,Generated move order item for Bearing 6205-2RS.
3516,816,2,376.000,376.000,No,2800.00,1052800.00,Assembly Surplus,Central Warehouse,2025-08-30,2025-08-29,Generated move order item for Stator Core 3 kW.
3517,817,2,250.000,250.000,No,2800.00,700000.00,Central Warehouse,Production Line,2025-09-01,2025-08-30,Generated move order item for Stator Core 3 kW.
3518,818,2,182.000,182.000,No,2800.00,509600.00,Production Line,Quality Inspection,2025-09-03,2025-08-31,Generated move order item for Stator Core 3 kW.
3519,819,101,6.000,6.000,No,36500.00,219000.00,Assembly,FG Store,2025-09-05,2025-09-01,Generated move order item for PMSM Motor 3 kW.
3520,820,101,22.000,22.000,No,36500.00,803000.00,FG Store,Dispatch Dock,2025-09-07,2025-09-02,Generated move order item for PMSM Motor 3 kW.
3521,821,24,43.000,43.000,No,220.00,9460.00,Maintenance Store,Maintenance Bay,2025-09-04,2025-09-03,Generated move order item for Bearing 6205-2RS.
3522,822,2,427.000,427.000,No,2800.00,1195600.00,Assembly Surplus,Central Warehouse,2025-09-06,2025-09-04,Generated move order item for Stator Core 3 kW.
3523,823,2,341.000,341.000,No,2800.00,954800.00,Central Warehouse,Production Line,2025-09-08,2025-09-05,Generated move order item for Stator Core 3 kW.
3524,824,2,238.000,238.000,No,2800.00,666400.00,Production Line,Quality Inspection,2025-09-10,2025-09-06,Generated move order item for Stator Core 3 kW.
3525,825,101,12.000,12.000,No,36500.00,438000.00,Assembly,FG Store,2025-09-12,2025-09-07,Generated move order item for PMSM Motor 3 kW.
3526,826,101,20.000,20.000,No,36500.00,730000.00,FG Store,Dispatch Dock,2025-09-09,2025-09-08,Generated move order item for PMSM Motor 3 kW.
3527,827,24,93.000,93.000,No,220.00,20460.00,Maintenance Store,Maintenance Bay,2025-09-11,2025-09-09,Generated move order item for Bearing 6205-2RS.
3528,828,2,107.000,107.000,No,2800.00,299600.00,Assembly Surplus,Central Warehouse,2025-09-13,2025-09-10,Generated move order item for Stator Core 3 kW.
3529,829,2,334.000,334.000,No,2800.00,935200.00,Central Warehouse,Production Line,2025-09-15,2025-09-11,Generated move order item for Stator Core 3 kW.
3530,830,2,283.000,283.000,No,2800.00,792400.00,Production Line,Quality Inspection,2025-09-17,2025-09-12,Generated move order item for Stator Core 3 kW.
3531,831,101,17.000,17.000,No,36500.00,620500.00,Assembly,FG Store,2025-09-14,2025-09-13,Generated move order item for PMSM Motor 3 kW.
3532,832,101,53.000,53.000,No,36500.00,1934500.00,FG Store,Dispatch Dock,2025-09-16,2025-09-14,Generated move order item for PMSM Motor 3 kW.
3533,833,24,42.000,42.000,No,220.00,9240.00,Maintenance Store,Maintenance Bay,2025-09-18,2025-09-15,Generated move order item for Bearing 6205-2RS.
3534,834,2,348.000,348.000,No,2800.00,974400.00,Assembly Surplus,Central Warehouse,2025-09-20,2025-09-16,Generated move order item for Stator Core 3 kW.
3535,835,2,93.000,93.000,No,2800.00,260400.00,Central Warehouse,Production Line,2025-09-22,2025-09-17,Generated move order item for Stator Core 3 kW.
3536,836,2,485.000,485.000,No,2800.00,1358000.00,Production Line,Quality Inspection,2025-09-19,2025-09-18,Generated move order item for Stator Core 3 kW.
3537,837,101,6.000,6.000,No,36500.00,219000.00,Assembly,FG Store,2025-09-21,2025-09-19,Generated move order item for PMSM Motor 3 kW.
3538,838,101,22.000,22.000,No,36500.00,803000.00,FG Store,Dispatch Dock,2025-09-23,2025-09-20,Generated move order item for PMSM Motor 3 kW.
3539,839,24,92.000,92.000,No,220.00,20240.00,Maintenance Store,Maintenance Bay,2025-09-25,2025-09-21,Generated move order item for Bearing 6205-2RS.
3540,840,2,337.000,337.000,No,2800.00,943600.00,Assembly Surplus,Central Warehouse,2025-09-27,2025-09-22,Generated move order item for Stator Core 3 kW.
3541,841,2,354.000,354.000,No,2800.00,991200.00,Central Warehouse,Production Line,2025-09-24,2025-09-23,Generated move order item for Stator Core 3 kW.
3542,842,2,191.000,191.000,No,2800.00,534800.00,Production Line,Quality Inspection,2025-09-26,2025-09-24,Generated move order item for Stator Core 3 kW.
3543,843,101,48.000,48.000,No,36500.00,1752000.00,Assembly,FG Store,2025-09-28,2025-09-25,Generated move order item for PMSM Motor 3 kW.
3544,844,101,57.000,57.000,No,36500.00,2080500.00,FG Store,Dispatch Dock,2025-09-30,2025-09-26,Generated move order item for PMSM Motor 3 kW.
3545,845,24,64.000,64.000,No,220.00,14080.00,Maintenance Store,Maintenance Bay,2025-10-02,2025-09-27,Generated move order item for Bearing 6205-2RS.
3546,846,2,148.000,148.000,No,2800.00,414400.00,Assembly Surplus,Central Warehouse,2025-09-29,2025-09-28,Generated move order item for Stator Core 3 kW.
3547,847,2,458.000,458.000,No,2800.00,1282400.00,Central Warehouse,Production Line,2025-10-01,2025-09-29,Generated move order item for Stator Core 3 kW.
3548,848,2,51.000,51.000,No,2800.00,142800.00,Production Line,Quality Inspection,2025-10-03,2025-09-30,Generated move order item for Stator Core 3 kW.
3549,849,101,55.000,55.000,No,36500.00,2007500.00,Assembly,FG Store,2025-10-05,2025-10-01,Generated move order item for PMSM Motor 3 kW.
3550,850,101,5.000,5.000,No,36500.00,182500.00,FG Store,Dispatch Dock,2025-10-07,2025-10-02,Generated move order item for PMSM Motor 3 kW.
3551,851,24,10.000,10.000,No,220.00,2200.00,Maintenance Store,Maintenance Bay,2025-10-04,2025-10-03,Generated move order item for Bearing 6205-2RS.
3552,852,2,68.000,68.000,No,2800.00,190400.00,Assembly Surplus,Central Warehouse,2025-10-06,2025-10-04,Generated move order item for Stator Core 3 kW.
3553,853,2,135.000,135.000,No,2800.00,378000.00,Central Warehouse,Production Line,2025-10-08,2025-10-05,Generated move order item for Stator Core 3 kW.
3554,854,2,378.000,378.000,No,2800.00,1058400.00,Production Line,Quality Inspection,2025-10-10,2025-10-06,Generated move order item for Stator Core 3 kW.
3555,855,101,27.000,27.000,No,36500.00,985500.00,Assembly,FG Store,2025-10-12,2025-10-07,Generated move order item for PMSM Motor 3 kW.
3556,856,101,9.000,9.000,No,36500.00,328500.00,FG Store,Dispatch Dock,2025-10-09,2025-10-08,Generated move order item for PMSM Motor 3 kW.
3557,857,24,37.000,37.000,No,220.00,8140.00,Maintenance Store,Maintenance Bay,2025-10-11,2025-10-09,Generated move order item for Bearing 6205-2RS.
3558,858,2,499.000,499.000,No,2800.00,1397200.00,Assembly Surplus,Central Warehouse,2025-10-13,2025-10-10,Generated move order item for Stator Core 3 kW.
3559,859,2,287.000,287.000,No,2800.00,803600.00,Central Warehouse,Production Line,2025-10-15,2025-10-11,Generated move order item for Stator Core 3 kW.
3560,860,2,378.000,378.000,No,2800.00,1058400.00,Production Line,Quality Inspection,2025-10-17,2025-10-12,Generated move order item for Stator Core 3 kW.
3561,861,101,19.000,19.000,No,36500.00,693500.00,Assembly,FG Store,2025-10-14,2025-10-13,Generated move order item for PMSM Motor 3 kW.
3562,862,101,34.000,34.000,No,36500.00,1241000.00,FG Store,Dispatch Dock,2025-10-16,2025-10-14,Generated move order item for PMSM Motor 3 kW.
3563,863,24,81.000,81.000,No,220.00,17820.00,Maintenance Store,Maintenance Bay,2025-10-18,2025-10-15,Generated move order item for Bearing 6205-2RS.
3564,864,2,354.000,354.000,No,2800.00,991200.00,Assembly Surplus,Central Warehouse,2025-10-20,2025-10-16,Generated move order item for Stator Core 3 kW.
3565,865,2,53.000,53.000,No,2800.00,148400.00,Central Warehouse,Production Line,2025-10-22,2025-10-17,Generated move order item for Stator Core 3 kW.
3566,866,2,323.000,323.000,No,2800.00,904400.00,Production Line,Quality Inspection,2025-10-19,2025-10-18,Generated move order item for Stator Core 3 kW.
3567,867,101,49.000,49.000,No,36500.00,1788500.00,Assembly,FG Store,2025-10-21,2025-10-19,Generated move order item for PMSM Motor 3 kW.
3568,868,101,12.000,12.000,No,36500.00,438000.00,FG Store,Dispatch Dock,2025-10-23,2025-10-20,Generated move order item for PMSM Motor 3 kW.
3569,869,24,42.000,42.000,No,220.00,9240.00,Maintenance Store,Maintenance Bay,2025-10-25,2025-10-21,Generated move order item for Bearing 6205-2RS.
3570,870,2,340.000,340.000,No,2800.00,952000.00,Assembly Surplus,Central Warehouse,2025-10-27,2025-10-22,Generated move order item for Stator Core 3 kW.
3571,871,2,52.000,52.000,No,2800.00,145600.00,Central Warehouse,Production Line,2025-10-24,2025-10-23,Generated move order item for Stator Core 3 kW.
3572,872,2,370.000,370.000,No,2800.00,1036000.00,Production Line,Quality Inspection,2025-10-26,2025-10-24,Generated move order item for Stator Core 3 kW.
3573,873,101,52.000,52.000,No,36500.00,1898000.00,Assembly,FG Store,2025-10-28,2025-10-25,Generated move order item for PMSM Motor 3 kW.
3574,874,101,34.000,34.000,No,36500.00,1241000.00,FG Store,Dispatch Dock,2025-10-30,2025-10-26,Generated move order item for PMSM Motor 3 kW.
3575,875,24,47.000,47.000,No,220.00,10340.00,Maintenance Store,Maintenance Bay,2025-11-01,2025-10-27,Generated move order item for Bearing 6205-2RS.
3576,876,2,91.000,91.000,No,2800.00,254800.00,Assembly Surplus,Central Warehouse,2025-10-29,2025-10-28,Generated move order item for Stator Core 3 kW.
3577,877,2,376.000,376.000,No,2800.00,1052800.00,Central Warehouse,Production Line,2025-10-31,2025-10-29,Generated move order item for Stator Core 3 kW.
3578,878,2,475.000,475.000,No,2800.00,1330000.00,Production Line,Quality Inspection,2025-11-02,2025-10-30,Generated move order item for Stator Core 3 kW.
3579,879,101,54.000,54.000,No,36500.00,1971000.00,Assembly,FG Store,2025-11-04,2025-10-31,Generated move order item for PMSM Motor 3 kW.
3580,880,101,35.000,35.000,No,36500.00,1277500.00,FG Store,Dispatch Dock,2025-11-06,2025-11-01,Generated move order item for PMSM Motor 3 kW.
3581,881,24,8.000,8.000,No,220.00,1760.00,Maintenance Store,Maintenance Bay,2025-11-03,2025-11-02,Generated move order item for Bearing 6205-2RS.
3582,882,2,178.000,178.000,No,2800.00,498400.00,Assembly Surplus,Central Warehouse,2025-11-05,2025-11-03,Generated move order item for Stator Core 3 kW.
3583,883,2,168.000,168.000,No,2800.00,470400.00,Central Warehouse,Production Line,2025-11-07,2025-11-04,Generated move order item for Stator Core 3 kW.
3584,884,2,53.000,53.000,No,2800.00,148400.00,Production Line,Quality Inspection,2025-11-09,2025-11-05,Generated move order item for Stator Core 3 kW.
3585,885,101,11.000,11.000,No,36500.00,401500.00,Assembly,FG Store,2025-11-11,2025-11-06,Generated move order item for PMSM Motor 3 kW.
3586,886,101,37.000,37.000,No,36500.00,1350500.00,FG Store,Dispatch Dock,2025-11-08,2025-11-07,Generated move order item for PMSM Motor 3 kW.
3587,887,24,14.000,14.000,No,220.00,3080.00,Maintenance Store,Maintenance Bay,2025-11-10,2025-11-08,Generated move order item for Bearing 6205-2RS.
3588,888,2,67.000,67.000,No,2800.00,187600.00,Assembly Surplus,Central Warehouse,2025-11-12,2025-11-09,Generated move order item for Stator Core 3 kW.
3589,889,2,476.000,476.000,No,2800.00,1332800.00,Central Warehouse,Production Line,2025-11-14,2025-11-10,Generated move order item for Stator Core 3 kW.
3590,890,2,322.000,322.000,No,2800.00,901600.00,Production Line,Quality Inspection,2025-11-16,2025-11-11,Generated move order item for Stator Core 3 kW.
3591,891,101,50.000,50.000,No,36500.00,1825000.00,Assembly,FG Store,2025-11-13,2025-11-12,Generated move order item for PMSM Motor 3 kW.
3592,892,101,18.000,18.000,No,36500.00,657000.00,FG Store,Dispatch Dock,2025-11-15,2025-11-13,Generated move order item for PMSM Motor 3 kW.
3593,893,24,40.000,40.000,No,220.00,8800.00,Maintenance Store,Maintenance Bay,2025-11-17,2025-11-14,Generated move order item for Bearing 6205-2RS.
3594,894,2,325.000,325.000,No,2800.00,910000.00,Assembly Surplus,Central Warehouse,2025-11-19,2025-11-15,Generated move order item for Stator Core 3 kW.
3595,895,2,359.000,359.000,No,2800.00,1005200.00,Central Warehouse,Production Line,2025-11-21,2025-11-16,Generated move order item for Stator Core 3 kW.
3596,896,2,216.000,216.000,No,2800.00,604800.00,Production Line,Quality Inspection,2025-11-18,2025-11-17,Generated move order item for Stator Core 3 kW.
3597,897,101,56.000,56.000,No,36500.00,2044000.00,Assembly,FG Store,2025-11-20,2025-11-18,Generated move order item for PMSM Motor 3 kW.
3598,898,101,44.000,44.000,No,36500.00,1606000.00,FG Store,Dispatch Dock,2025-11-22,2025-11-19,Generated move order item for PMSM Motor 3 kW.
3599,899,24,26.000,26.000,No,220.00,5720.00,Maintenance Store,Maintenance Bay,2025-11-24,2025-11-20,Generated move order item for Bearing 6205-2RS.
3600,900,2,94.000,94.000,No,2800.00,263200.00,Assembly Surplus,Central Warehouse,2025-11-26,2025-11-21,Generated move order item for Stator Core 3 kW.
3601,901,2,56.000,56.000,No,2800.00,156800.00,Central Warehouse,Production Line,2025-11-23,2025-11-22,Generated move order item for Stator Core 3 kW.
3602,902,2,430.000,430.000,No,2800.00,1204000.00,Production Line,Quality Inspection,2025-11-25,2025-11-23,Generated move order item for Stator Core 3 kW.
3603,903,101,51.000,51.000,No,36500.00,1861500.00,Assembly,FG Store,2025-11-27,2025-11-24,Generated move order item for PMSM Motor 3 kW.
3604,904,101,31.000,31.000,No,36500.00,1131500.00,FG Store,Dispatch Dock,2025-11-29,2025-11-25,Generated move order item for PMSM Motor 3 kW.
3605,905,24,74.000,74.000,No,220.00,16280.00,Maintenance Store,Maintenance Bay,2025-12-01,2025-11-26,Generated move order item for Bearing 6205-2RS.
3606,906,2,448.000,448.000,No,2800.00,1254400.00,Assembly Surplus,Central Warehouse,2025-11-28,2025-11-27,Generated move order item for Stator Core 3 kW.
3607,907,2,122.000,122.000,No,2800.00,341600.00,Central Warehouse,Production Line,2025-11-30,2025-11-28,Generated move order item for Stator Core 3 kW.
3608,908,2,492.000,492.000,No,2800.00,1377600.00,Production Line,Quality Inspection,2025-12-02,2025-11-29,Generated move order item for Stator Core 3 kW.
3609,909,101,32.000,32.000,No,36500.00,1168000.00,Assembly,FG Store,2025-12-04,2025-11-30,Generated move order item for PMSM Motor 3 kW.
3610,910,101,29.000,29.000,No,36500.00,1058500.00,FG Store,Dispatch Dock,2025-12-06,2025-12-01,Generated move order item for PMSM Motor 3 kW.
3611,911,24,20.000,20.000,No,220.00,4400.00,Maintenance Store,Maintenance Bay,2025-12-03,2025-12-02,Generated move order item for Bearing 6205-2RS.
3612,912,2,353.000,353.000,No,2800.00,988400.00,Assembly Surplus,Central Warehouse,2025-12-05,2025-12-03,Generated move order item for Stator Core 3 kW.
3613,913,2,321.000,321.000,No,2800.00,898800.00,Central Warehouse,Production Line,2025-12-07,2025-12-04,Generated move order item for Stator Core 3 kW.
3614,914,2,63.000,63.000,No,2800.00,176400.00,Production Line,Quality Inspection,2025-12-09,2025-12-05,Generated move order item for Stator Core 3 kW.
3615,915,101,41.000,41.000,No,36500.00,1496500.00,Assembly,FG Store,2025-12-11,2025-12-06,Generated move order item for PMSM Motor 3 kW.
3616,916,101,12.000,12.000,No,36500.00,438000.00,FG Store,Dispatch Dock,2025-12-08,2025-12-07,Generated move order item for PMSM Motor 3 kW.
3617,917,24,31.000,31.000,No,220.00,6820.00,Maintenance Store,Maintenance Bay,2025-12-10,2025-12-08,Generated move order item for Bearing 6205-2RS.
3618,918,2,325.000,325.000,No,2800.00,910000.00,Assembly Surplus,Central Warehouse,2025-12-12,2025-12-09,Generated move order item for Stator Core 3 kW.
3619,919,2,402.000,402.000,No,2800.00,1125600.00,Central Warehouse,Production Line,2025-12-14,2025-12-10,Generated move order item for Stator Core 3 kW.
3620,920,2,110.000,110.000,No,2800.00,308000.00,Production Line,Quality Inspection,2025-12-16,2025-12-11,Generated move order item for Stator Core 3 kW.
3621,921,101,31.000,31.000,No,36500.00,1131500.00,Assembly,FG Store,2025-12-13,2025-12-12,Generated move order item for PMSM Motor 3 kW.
3622,922,101,20.000,20.000,No,36500.00,730000.00,FG Store,Dispatch Dock,2025-12-15,2025-12-13,Generated move order item for PMSM Motor 3 kW.
3623,923,24,72.000,72.000,No,220.00,15840.00,Maintenance Store,Maintenance Bay,2025-12-17,2025-12-14,Generated move order item for Bearing 6205-2RS.
3624,924,2,423.000,423.000,No,2800.00,1184400.00,Assembly Surplus,Central Warehouse,2025-12-19,2025-12-15,Generated move order item for Stator Core 3 kW.
3625,925,2,338.000,338.000,No,2800.00,946400.00,Central Warehouse,Production Line,2025-12-21,2025-12-16,Generated move order item for Stator Core 3 kW.
3626,926,2,408.000,408.000,No,2800.00,1142400.00,Production Line,Quality Inspection,2025-12-18,2025-12-17,Generated move order item for Stator Core 3 kW.
3627,927,101,30.000,30.000,No,36500.00,1095000.00,Assembly,FG Store,2025-12-20,2025-12-18,Generated move order item for PMSM Motor 3 kW.
3628,928,101,38.000,38.000,No,36500.00,1387000.00,FG Store,Dispatch Dock,2025-12-22,2025-12-19,Generated move order item for PMSM Motor 3 kW.
3629,929,24,33.000,33.000,No,220.00,7260.00,Maintenance Store,Maintenance Bay,2025-12-24,2025-12-20,Generated move order item for Bearing 6205-2RS.
3630,930,2,495.000,495.000,No,2800.00,1386000.00,Assembly Surplus,Central Warehouse,2025-12-26,2025-12-21,Generated move order item for Stator Core 3 kW.
3631,931,2,142.000,142.000,No,2800.00,397600.00,Central Warehouse,Production Line,2025-12-23,2025-12-22,Generated move order item for Stator Core 3 kW.
3632,932,2,465.000,465.000,No,2800.00,1302000.00,Production Line,Quality Inspection,2025-12-25,2025-12-23,Generated move order item for Stator Core 3 kW.
3633,933,101,46.000,46.000,No,36500.00,1679000.00,Assembly,FG Store,2025-12-27,2025-12-24,Generated move order item for PMSM Motor 3 kW.
3634,934,101,60.000,60.000,No,36500.00,2190000.00,FG Store,Dispatch Dock,2025-12-29,2025-12-25,Generated move order item for PMSM Motor 3 kW.
3635,935,24,66.000,66.000,No,220.00,14520.00,Maintenance Store,Maintenance Bay,2025-12-31,2025-12-26,Generated move order item for Bearing 6205-2RS.
3636,936,2,208.000,208.000,No,2800.00,582400.00,Assembly Surplus,Central Warehouse,2025-12-28,2025-12-27,Generated move order item for Stator Core 3 kW.
3637,937,2,176.000,176.000,No,2800.00,492800.00,Central Warehouse,Production Line,2025-12-30,2025-12-28,Generated move order item for Stator Core 3 kW.
3638,938,2,131.000,131.000,No,2800.00,366800.00,Production Line,Quality Inspection,2026-01-01,2025-12-29,Generated move order item for Stator Core 3 kW.
3639,939,101,59.000,59.000,No,36500.00,2153500.00,Assembly,FG Store,2026-01-03,2025-12-30,Generated move order item for PMSM Motor 3 kW.
3640,940,101,10.000,10.000,No,36500.00,365000.00,FG Store,Dispatch Dock,2026-01-05,2025-12-31,Generated move order item for PMSM Motor 3 kW.
3641,941,24,82.000,82.000,No,220.00,18040.00,Maintenance Store,Maintenance Bay,2026-01-02,2026-01-01,Generated move order item for Bearing 6205-2RS.
3642,942,2,365.000,365.000,No,2800.00,1022000.00,Assembly Surplus,Central Warehouse,2026-01-04,2026-01-02,Generated move order item for Stator Core 3 kW.
3643,943,2,107.000,107.000,No,2800.00,299600.00,Central Warehouse,Production Line,2026-01-06,2026-01-03,Generated move order item for Stator Core 3 kW.
3644,944,2,462.000,462.000,No,2800.00,1293600.00,Production Line,Quality Inspection,2026-01-08,2026-01-04,Generated move order item for Stator Core 3 kW.
3645,945,101,14.000,14.000,No,36500.00,511000.00,Assembly,FG Store,2026-01-10,2026-01-05,Generated move order item for PMSM Motor 3 kW.
3646,946,101,14.000,14.000,No,36500.00,511000.00,FG Store,Dispatch Dock,2026-01-07,2026-01-06,Generated move order item for PMSM Motor 3 kW.
3647,947,24,57.000,57.000,No,220.00,12540.00,Maintenance Store,Maintenance Bay,2026-01-09,2026-01-07,Generated move order item for Bearing 6205-2RS.
3648,948,2,96.000,96.000,No,2800.00,268800.00,Assembly Surplus,Central Warehouse,2026-01-11,2026-01-08,Generated move order item for Stator Core 3 kW.
3649,949,2,96.000,96.000,No,2800.00,268800.00,Central Warehouse,Production Line,2026-01-13,2026-01-09,Generated move order item for Stator Core 3 kW.
3650,950,2,331.000,331.000,No,2800.00,926800.00,Production Line,Quality Inspection,2026-01-15,2026-01-10,Generated move order item for Stator Core 3 kW.
3651,951,101,59.000,59.000,No,36500.00,2153500.00,Assembly,FG Store,2026-01-12,2026-01-11,Generated move order item for PMSM Motor 3 kW.
3652,952,101,7.000,7.000,No,36500.00,255500.00,FG Store,Dispatch Dock,2026-01-14,2026-01-12,Generated move order item for PMSM Motor 3 kW.
3653,953,24,66.000,66.000,No,220.00,14520.00,Maintenance Store,Maintenance Bay,2026-01-16,2026-01-13,Generated move order item for Bearing 6205-2RS.
3654,954,2,321.000,321.000,No,2800.00,898800.00,Assembly Surplus,Central Warehouse,2026-01-18,2026-01-14,Generated move order item for Stator Core 3 kW.
3655,955,2,79.000,79.000,No,2800.00,221200.00,Central Warehouse,Production Line,2026-01-20,2026-01-15,Generated move order item for Stator Core 3 kW.
3656,956,2,117.000,117.000,No,2800.00,327600.00,Production Line,Quality Inspection,2026-01-17,2026-01-16,Generated move order item for Stator Core 3 kW.
3657,957,101,29.000,29.000,No,36500.00,1058500.00,Assembly,FG Store,2026-01-19,2026-01-17,Generated move order item for PMSM Motor 3 kW.
3658,958,101,43.000,43.000,No,36500.00,1569500.00,FG Store,Dispatch Dock,2026-01-21,2026-01-18,Generated move order item for PMSM Motor 3 kW.
3659,959,24,26.000,26.000,No,220.00,5720.00,Maintenance Store,Maintenance Bay,2026-01-23,2026-01-19,Generated move order item for Bearing 6205-2RS.
3660,960,2,245.000,245.000,No,2800.00,686000.00,Assembly Surplus,Central Warehouse,2026-01-25,2026-01-20,Generated move order item for Stator Core 3 kW.
3661,961,2,271.000,271.000,No,2800.00,758800.00,Central Warehouse,Production Line,2026-01-22,2026-01-21,Generated move order item for Stator Core 3 kW.
3662,962,2,371.000,371.000,No,2800.00,1038800.00,Production Line,Quality Inspection,2026-01-24,2026-01-22,Generated move order item for Stator Core 3 kW.
3663,963,101,18.000,18.000,No,36500.00,657000.00,Assembly,FG Store,2026-01-26,2026-01-23,Generated move order item for PMSM Motor 3 kW.
3664,964,101,43.000,43.000,No,36500.00,1569500.00,FG Store,Dispatch Dock,2026-01-28,2026-01-24,Generated move order item for PMSM Motor 3 kW.
3665,965,24,84.000,84.000,No,220.00,18480.00,Maintenance Store,Maintenance Bay,2026-01-30,2026-01-25,Generated move order item for Bearing 6205-2RS.
3666,966,2,312.000,312.000,No,2800.00,873600.00,Assembly Surplus,Central Warehouse,2026-01-27,2026-01-26,Generated move order item for Stator Core 3 kW.
3667,967,2,375.000,375.000,No,2800.00,1050000.00,Central Warehouse,Production Line,2026-01-29,2026-01-27,Generated move order item for Stator Core 3 kW.
3668,968,2,125.000,125.000,No,2800.00,350000.00,Production Line,Quality Inspection,2026-01-31,2026-01-28,Generated move order item for Stator Core 3 kW.
3669,969,101,55.000,55.000,No,36500.00,2007500.00,Assembly,FG Store,2026-02-02,2026-01-29,Generated move order item for PMSM Motor 3 kW.
3670,970,101,21.000,21.000,No,36500.00,766500.00,FG Store,Dispatch Dock,2026-02-04,2026-01-30,Generated move order item for PMSM Motor 3 kW.
3671,971,24,24.000,24.000,No,220.00,5280.00,Maintenance Store,Maintenance Bay,2026-02-01,2026-01-31,Generated move order item for Bearing 6205-2RS.
3672,972,2,297.000,297.000,No,2800.00,831600.00,Assembly Surplus,Central Warehouse,2026-02-03,2026-02-01,Generated move order item for Stator Core 3 kW.
3673,973,2,223.000,223.000,No,2800.00,624400.00,Central Warehouse,Production Line,2026-02-05,2026-02-02,Generated move order item for Stator Core 3 kW.
3674,974,2,258.000,258.000,No,2800.00,722400.00,Production Line,Quality Inspection,2026-02-07,2026-02-03,Generated move order item for Stator Core 3 kW.
3675,975,101,50.000,50.000,No,36500.00,1825000.00,Assembly,FG Store,2026-02-09,2026-02-04,Generated move order item for PMSM Motor 3 kW.
3676,976,101,35.000,35.000,No,36500.00,1277500.00,FG Store,Dispatch Dock,2026-02-06,2026-02-05,Generated move order item for PMSM Motor 3 kW.
3677,977,24,40.000,40.000,No,220.00,8800.00,Maintenance Store,Maintenance Bay,2026-02-08,2026-02-06,Generated move order item for Bearing 6205-2RS.
3678,978,2,410.000,410.000,No,2800.00,1148000.00,Assembly Surplus,Central Warehouse,2026-02-10,2026-02-07,Generated move order item for Stator Core 3 kW.
3679,979,2,220.000,220.000,No,2800.00,616000.00,Central Warehouse,Production Line,2026-02-12,2026-02-08,Generated move order item for Stator Core 3 kW.
3680,980,2,482.000,482.000,No,2800.00,1349600.00,Production Line,Quality Inspection,2026-02-14,2026-02-09,Generated move order item for Stator Core 3 kW.
3681,981,101,60.000,60.000,No,36500.00,2190000.00,Assembly,FG Store,2026-02-11,2026-02-10,Generated move order item for PMSM Motor 3 kW.
3682,982,101,31.000,31.000,No,36500.00,1131500.00,FG Store,Dispatch Dock,2026-02-13,2026-02-11,Generated move order item for PMSM Motor 3 kW.
3683,983,24,79.000,79.000,No,220.00,17380.00,Maintenance Store,Maintenance Bay,2026-02-15,2026-02-12,Generated move order item for Bearing 6205-2RS.
3684,984,2,369.000,369.000,No,2800.00,1033200.00,Assembly Surplus,Central Warehouse,2026-02-17,2026-02-13,Generated move order item for Stator Core 3 kW.
3685,985,2,438.000,438.000,No,2800.00,1226400.00,Central Warehouse,Production Line,2026-02-19,2026-02-14,Generated move order item for Stator Core 3 kW.
3686,986,2,258.000,258.000,No,2800.00,722400.00,Production Line,Quality Inspection,2026-02-16,2026-02-15,Generated move order item for Stator Core 3 kW.
3687,987,101,27.000,27.000,No,36500.00,985500.00,Assembly,FG Store,2026-02-18,2026-02-16,Generated move order item for PMSM Motor 3 kW.
3688,988,101,20.000,20.000,No,36500.00,730000.00,FG Store,Dispatch Dock,2026-02-20,2026-02-17,Generated move order item for PMSM Motor 3 kW.
3689,989,24,61.000,61.000,No,220.00,13420.00,Maintenance Store,Maintenance Bay,2026-02-22,2026-02-18,Generated move order item for Bearing 6205-2RS.
3690,990,2,327.000,327.000,No,2800.00,915600.00,Assembly Surplus,Central Warehouse,2026-02-24,2026-02-19,Generated move order item for Stator Core 3 kW.
3691,991,2,253.000,253.000,No,2800.00,708400.00,Central Warehouse,Production Line,2026-02-21,2026-02-20,Generated move order item for Stator Core 3 kW.
3692,992,2,189.000,189.000,No,2800.00,529200.00,Production Line,Quality Inspection,2026-02-23,2026-02-21,Generated move order item for Stator Core 3 kW.
3693,993,101,30.000,30.000,No,36500.00,1095000.00,Assembly,FG Store,2026-02-25,2026-02-22,Generated move order item for PMSM Motor 3 kW.
3694,994,101,33.000,33.000,No,36500.00,1204500.00,FG Store,Dispatch Dock,2026-02-27,2026-02-23,Generated move order item for PMSM Motor 3 kW.
3695,995,24,17.000,17.000,No,220.00,3740.00,Maintenance Store,Maintenance Bay,2026-03-01,2026-02-24,Generated move order item for Bearing 6205-2RS.
3696,996,2,347.000,347.000,No,2800.00,971600.00,Assembly Surplus,Central Warehouse,2026-02-26,2026-02-25,Generated move order item for Stator Core 3 kW.
3697,997,2,429.000,429.000,No,2800.00,1201200.00,Central Warehouse,Production Line,2026-02-28,2026-02-26,Generated move order item for Stator Core 3 kW.
3698,998,2,195.000,195.000,No,2800.00,546000.00,Production Line,Quality Inspection,2026-03-02,2026-02-27,Generated move order item for Stator Core 3 kW.
3699,999,101,26.000,26.000,No,36500.00,949000.00,Assembly,FG Store,2026-03-04,2026-02-28,Generated move order item for PMSM Motor 3 kW.
3700,1000,101,10.000,10.000,No,36500.00,365000.00,FG Store,Dispatch Dock,2026-03-06,2026-03-01,Generated move order item for PMSM Motor 3 kW.
3701,1001,24,60.000,60.000,No,220.00,13200.00,Maintenance Store,Maintenance Bay,2026-03-03,2026-03-02,Generated move order item for Bearing 6205-2RS.
3702,1002,2,242.000,242.000,No,2800.00,677600.00,Assembly Surplus,Central Warehouse,2026-03-05,2026-03-03,Generated move order item for Stator Core 3 kW.
3703,1003,2,436.000,436.000,No,2800.00,1220800.00,Central Warehouse,Production Line,2026-03-07,2026-03-04,Generated move order item for Stator Core 3 kW.
3704,1004,2,459.000,459.000,No,2800.00,1285200.00,Production Line,Quality Inspection,2026-03-09,2026-03-05,Generated move order item for Stator Core 3 kW.
3705,1005,101,48.000,48.000,No,36500.00,1752000.00,Assembly,FG Store,2026-03-11,2026-03-06,Generated move order item for PMSM Motor 3 kW.
3706,1006,101,16.000,16.000,No,36500.00,584000.00,FG Store,Dispatch Dock,2026-03-08,2026-03-07,Generated move order item for PMSM Motor 3 kW.
3707,1007,24,24.000,24.000,No,220.00,5280.00,Maintenance Store,Maintenance Bay,2026-03-10,2026-03-08,Generated move order item for Bearing 6205-2RS.
3708,1008,2,269.000,269.000,No,2800.00,753200.00,Assembly Surplus,Central Warehouse,2026-03-12,2026-03-09,Generated move order item for Stator Core 3 kW.
3709,1009,2,328.000,328.000,No,2800.00,918400.00,Central Warehouse,Production Line,2026-03-14,2026-03-10,Generated move order item for Stator Core 3 kW.
3710,1010,2,64.000,64.000,No,2800.00,179200.00,Production Line,Quality Inspection,2026-03-16,2026-03-11,Generated move order item for Stator Core 3 kW.
3711,1011,101,32.000,32.000,No,36500.00,1168000.00,Assembly,FG Store,2026-03-13,2026-03-12,Generated move order item for PMSM Motor 3 kW.
3712,1012,101,9.000,9.000,No,36500.00,328500.00,FG Store,Dispatch Dock,2026-03-15,2026-03-13,Generated move order item for PMSM Motor 3 kW.
3713,1013,24,29.000,29.000,No,220.00,6380.00,Maintenance Store,Maintenance Bay,2026-03-17,2026-03-14,Generated move order item for Bearing 6205-2RS.
3714,1014,2,211.000,211.000,No,2800.00,590800.00,Assembly Surplus,Central Warehouse,2026-03-19,2026-03-15,Generated move order item for Stator Core 3 kW.
3715,1015,2,68.000,68.000,No,2800.00,190400.00,Central Warehouse,Production Line,2026-03-21,2026-03-16,Generated move order item for Stator Core 3 kW.
3716,1016,2,168.000,168.000,No,2800.00,470400.00,Production Line,Quality Inspection,2026-03-18,2026-03-17,Generated move order item for Stator Core 3 kW.
3717,1017,101,40.000,40.000,No,36500.00,1460000.00,Assembly,FG Store,2026-03-20,2026-03-18,Generated move order item for PMSM Motor 3 kW.
3718,1018,101,60.000,60.000,No,36500.00,2190000.00,FG Store,Dispatch Dock,2026-03-22,2026-03-19,Generated move order item for PMSM Motor 3 kW.
3719,1019,24,79.000,79.000,No,220.00,17380.00,Maintenance Store,Maintenance Bay,2026-03-24,2026-03-20,Generated move order item for Bearing 6205-2RS.
3720,1020,2,188.000,188.000,No,2800.00,526400.00,Assembly Surplus,Central Warehouse,2026-03-26,2026-03-21,Generated move order item for Stator Core 3 kW.
3721,1021,2,474.000,474.000,No,2800.00,1327200.00,Central Warehouse,Production Line,2026-03-23,2026-03-22,Generated move order item for Stator Core 3 kW.
3722,1022,2,248.000,248.000,No,2800.00,694400.00,Production Line,Quality Inspection,2026-03-25,2026-03-23,Generated move order item for Stator Core 3 kW.
3723,1023,101,24.000,24.000,No,36500.00,876000.00,Assembly,FG Store,2026-03-27,2026-03-24,Generated move order item for PMSM Motor 3 kW.
3724,1024,101,52.000,52.000,No,36500.00,1898000.00,FG Store,Dispatch Dock,2026-03-29,2026-03-25,Generated move order item for PMSM Motor 3 kW.
3725,1025,24,43.000,43.000,No,220.00,9460.00,Maintenance Store,Maintenance Bay,2026-03-31,2026-03-26,Generated move order item for Bearing 6205-2RS.
3726,1026,2,383.000,383.000,No,2800.00,1072400.00,Assembly Surplus,Central Warehouse,2026-03-28,2026-03-27,Generated move order item for Stator Core 3 kW.
3727,1027,2,123.000,123.000,No,2800.00,344400.00,Central Warehouse,Production Line,2026-03-30,2026-03-28,Generated move order item for Stator Core 3 kW.
3728,1028,2,199.000,199.000,No,2800.00,557200.00,Production Line,Quality Inspection,2026-04-01,2026-03-29,Generated move order item for Stator Core 3 kW.
3729,1029,101,60.000,60.000,No,36500.00,2190000.00,Assembly,FG Store,2026-04-03,2026-03-30,Generated move order item for PMSM Motor 3 kW.
3730,1030,101,18.000,18.000,No,36500.00,657000.00,FG Store,Dispatch Dock,2026-04-05,2026-03-31,Generated move order item for PMSM Motor 3 kW.
3731,1031,24,86.000,86.000,No,220.00,18920.00,Maintenance Store,Maintenance Bay,2026-04-02,2026-04-01,Generated move order item for Bearing 6205-2RS.
3732,1032,2,260.000,260.000,No,2800.00,728000.00,Assembly Surplus,Central Warehouse,2026-04-04,2026-04-02,Generated move order item for Stator Core 3 kW.
3733,1033,2,481.000,481.000,No,2800.00,1346800.00,Central Warehouse,Production Line,2026-04-06,2026-04-03,Generated move order item for Stator Core 3 kW.
3734,1034,2,237.000,237.000,No,2800.00,663600.00,Production Line,Quality Inspection,2026-04-08,2026-04-04,Generated move order item for Stator Core 3 kW.
3735,1035,101,32.000,32.000,No,36500.00,1168000.00,Assembly,FG Store,2026-04-10,2026-04-05,Generated move order item for PMSM Motor 3 kW.
3736,1036,101,27.000,27.000,No,36500.00,985500.00,FG Store,Dispatch Dock,2026-04-07,2026-04-06,Generated move order item for PMSM Motor 3 kW.
3737,1037,24,25.000,25.000,No,220.00,5500.00,Maintenance Store,Maintenance Bay,2026-04-09,2026-04-07,Generated move order item for Bearing 6205-2RS.
3738,1038,2,430.000,430.000,No,2800.00,1204000.00,Assembly Surplus,Central Warehouse,2026-04-11,2026-04-08,Generated move order item for Stator Core 3 kW.
3739,1039,2,308.000,308.000,No,2800.00,862400.00,Central Warehouse,Production Line,2026-04-13,2026-04-09,Generated move order item for Stator Core 3 kW.
3740,1040,2,277.000,277.000,No,2800.00,775600.00,Production Line,Quality Inspection,2026-04-15,2026-04-10,Generated move order item for Stator Core 3 kW.
3741,1041,101,25.000,25.000,No,36500.00,912500.00,Assembly,FG Store,2026-04-12,2026-04-11,Generated move order item for PMSM Motor 3 kW.
3742,1042,101,48.000,48.000,No,36500.00,1752000.00,FG Store,Dispatch Dock,2026-04-14,2026-04-12,Generated move order item for PMSM Motor 3 kW.
3743,1043,24,38.000,38.000,No,220.00,8360.00,Maintenance Store,Maintenance Bay,2026-04-16,2026-04-13,Generated move order item for Bearing 6205-2RS.
3744,1044,2,157.000,157.000,No,2800.00,439600.00,Assembly Surplus,Central Warehouse,2026-04-18,2026-04-14,Generated move order item for Stator Core 3 kW.
3745,1045,2,87.000,87.000,No,2800.00,243600.00,Central Warehouse,Production Line,2026-04-20,2026-04-15,Generated move order item for Stator Core 3 kW.
3746,1046,2,443.000,443.000,No,2800.00,1240400.00,Production Line,Quality Inspection,2026-04-17,2026-04-16,Generated move order item for Stator Core 3 kW.
3747,1047,101,9.000,9.000,No,36500.00,328500.00,Assembly,FG Store,2026-04-19,2026-04-17,Generated move order item for PMSM Motor 3 kW.
3748,1048,101,52.000,52.000,No,36500.00,1898000.00,FG Store,Dispatch Dock,2026-04-21,2026-04-18,Generated move order item for PMSM Motor 3 kW.
3749,1049,24,41.000,41.000,No,220.00,9020.00,Maintenance Store,Maintenance Bay,2026-04-23,2026-04-19,Generated move order item for Bearing 6205-2RS.
3750,1050,2,51.000,51.000,No,2800.00,142800.00,Assembly Surplus,Central Warehouse,2026-04-25,2026-04-20,Generated move order item for Stator Core 3 kW.
3751,1051,2,467.000,467.000,No,2800.00,1307600.00,Central Warehouse,Production Line,2026-04-22,2026-04-21,Generated move order item for Stator Core 3 kW.
3752,1052,2,384.000,384.000,No,2800.00,1075200.00,Production Line,Quality Inspection,2026-04-24,2026-04-22,Generated move order item for Stator Core 3 kW.
3753,1053,101,45.000,45.000,No,36500.00,1642500.00,Assembly,FG Store,2026-04-26,2026-04-23,Generated move order item for PMSM Motor 3 kW.
3754,1054,101,35.000,35.000,No,36500.00,1277500.00,FG Store,Dispatch Dock,2026-04-28,2026-04-24,Generated move order item for PMSM Motor 3 kW.
3755,1055,24,78.000,78.000,No,220.00,17160.00,Maintenance Store,Maintenance Bay,2026-04-30,2026-04-25,Generated move order item for Bearing 6205-2RS.
3756,1056,2,110.000,110.000,No,2800.00,308000.00,Assembly Surplus,Central Warehouse,2026-04-27,2026-04-26,Generated move order item for Stator Core 3 kW.
3757,1057,2,155.000,155.000,No,2800.00,434000.00,Central Warehouse,Production Line,2026-04-29,2026-04-27,Generated move order item for Stator Core 3 kW.
3758,1058,2,295.000,295.000,No,2800.00,826000.00,Production Line,Quality Inspection,2026-05-01,2026-04-28,Generated move order item for Stator Core 3 kW.
3759,1059,101,46.000,46.000,No,36500.00,1679000.00,Assembly,FG Store,2026-05-03,2026-04-29,Generated move order item for PMSM Motor 3 kW.
3760,1060,101,37.000,37.000,No,36500.00,1350500.00,FG Store,Dispatch Dock,2026-05-05,2026-04-30,Generated move order item for PMSM Motor 3 kW.
3761,1061,24,44.000,44.000,No,220.00,9680.00,Maintenance Store,Maintenance Bay,2026-05-02,2026-05-01,Generated move order item for Bearing 6205-2RS.
3762,1062,2,353.000,353.000,No,2800.00,988400.00,Assembly Surplus,Central Warehouse,2026-05-04,2026-05-02,Generated move order item for Stator Core 3 kW.
3763,1063,2,76.000,76.000,No,2800.00,212800.00,Central Warehouse,Production Line,2026-05-06,2026-05-03,Generated move order item for Stator Core 3 kW.
3764,1064,2,279.000,279.000,No,2800.00,781200.00,Production Line,Quality Inspection,2026-05-08,2026-05-04,Generated move order item for Stator Core 3 kW.
3765,1065,101,27.000,27.000,No,36500.00,985500.00,Assembly,FG Store,2026-05-10,2026-05-05,Generated move order item for PMSM Motor 3 kW.
3766,1066,101,32.000,32.000,No,36500.00,1168000.00,FG Store,Dispatch Dock,2026-05-07,2026-05-06,Generated move order item for PMSM Motor 3 kW.
3767,1067,24,17.000,17.000,No,220.00,3740.00,Maintenance Store,Maintenance Bay,2026-05-09,2026-05-07,Generated move order item for Bearing 6205-2RS.
3768,1068,2,457.000,457.000,No,2800.00,1279600.00,Assembly Surplus,Central Warehouse,2026-05-11,2026-05-08,Generated move order item for Stator Core 3 kW.
3769,1069,2,435.000,435.000,No,2800.00,1218000.00,Central Warehouse,Production Line,2026-05-13,2026-05-09,Generated move order item for Stator Core 3 kW.
3770,1070,2,475.000,475.000,No,2800.00,1330000.00,Production Line,Quality Inspection,2026-05-15,2026-05-10,Generated move order item for Stator Core 3 kW.
3771,1071,101,52.000,52.000,No,36500.00,1898000.00,Assembly,FG Store,2026-05-12,2026-05-11,Generated move order item for PMSM Motor 3 kW.
3772,1072,101,42.000,42.000,No,36500.00,1533000.00,FG Store,Dispatch Dock,2026-05-14,2026-05-12,Generated move order item for PMSM Motor 3 kW.
3773,1073,24,32.000,32.000,No,220.00,7040.00,Maintenance Store,Maintenance Bay,2026-05-16,2026-05-13,Generated move order item for Bearing 6205-2RS.
3774,1074,2,101.000,101.000,No,2800.00,282800.00,Assembly Surplus,Central Warehouse,2026-05-18,2026-05-14,Generated move order item for Stator Core 3 kW.
3775,1075,2,325.000,325.000,No,2800.00,910000.00,Central Warehouse,Production Line,2026-05-20,2026-05-15,Generated move order item for Stator Core 3 kW.
3776,1076,2,476.000,476.000,No,2800.00,1332800.00,Production Line,Quality Inspection,2026-05-17,2026-05-16,Generated move order item for Stator Core 3 kW.
3777,1077,101,25.000,25.000,No,36500.00,912500.00,Assembly,FG Store,2026-05-19,2026-05-17,Generated move order item for PMSM Motor 3 kW.
3778,1078,101,60.000,60.000,No,36500.00,2190000.00,FG Store,Dispatch Dock,2026-05-21,2026-05-18,Generated move order item for PMSM Motor 3 kW.
3779,1079,24,19.000,19.000,No,220.00,4180.00,Maintenance Store,Maintenance Bay,2026-05-23,2026-05-19,Generated move order item for Bearing 6205-2RS.
3780,1080,2,177.000,177.000,No,2800.00,495600.00,Assembly Surplus,Central Warehouse,2026-05-25,2026-05-20,Generated move order item for Stator Core 3 kW.
3781,1081,2,342.000,342.000,No,2800.00,957600.00,Central Warehouse,Production Line,2026-05-22,2026-05-21,Generated move order item for Stator Core 3 kW.
3782,1082,2,272.000,272.000,No,2800.00,761600.00,Production Line,Quality Inspection,2026-05-24,2026-05-22,Generated move order item for Stator Core 3 kW.
3783,1083,101,47.000,47.000,No,36500.00,1715500.00,Assembly,FG Store,2026-05-26,2026-05-23,Generated move order item for PMSM Motor 3 kW.
3784,1084,101,24.000,24.000,No,36500.00,876000.00,FG Store,Dispatch Dock,2026-05-28,2026-05-24,Generated move order item for PMSM Motor 3 kW.
3785,1085,24,79.000,79.000,No,220.00,17380.00,Maintenance Store,Maintenance Bay,2026-05-30,2026-05-25,Generated move order item for Bearing 6205-2RS.
3786,1086,2,185.000,185.000,No,2800.00,518000.00,Assembly Surplus,Central Warehouse,2026-05-27,2026-05-26,Generated move order item for Stator Core 3 kW.
3787,1087,2,117.000,117.000,No,2800.00,327600.00,Central Warehouse,Production Line,2026-05-29,2026-05-27,Generated move order item for Stator Core 3 kW.
3788,1088,2,306.000,306.000,No,2800.00,856800.00,Production Line,Quality Inspection,2026-05-31,2026-05-28,Generated move order item for Stator Core 3 kW.
3789,1089,101,33.000,33.000,No,36500.00,1204500.00,Assembly,FG Store,2026-06-02,2026-05-29,Generated move order item for PMSM Motor 3 kW.
3790,1090,101,36.000,36.000,No,36500.00,1314000.00,FG Store,Dispatch Dock,2026-06-04,2026-05-30,Generated move order item for PMSM Motor 3 kW.
3791,1091,24,7.000,7.000,No,220.00,1540.00,Maintenance Store,Maintenance Bay,2026-06-01,2026-05-31,Generated move order item for Bearing 6205-2RS.
3792,1092,2,235.000,235.000,No,2800.00,658000.00,Assembly Surplus,Central Warehouse,2026-06-03,2026-06-01,Generated move order item for Stator Core 3 kW.
3793,1093,2,90.000,90.000,No,2800.00,252000.00,Central Warehouse,Production Line,2026-06-05,2026-06-02,Generated move order item for Stator Core 3 kW.
3794,1094,2,412.000,412.000,No,2800.00,1153600.00,Production Line,Quality Inspection,2026-06-07,2026-06-03,Generated move order item for Stator Core 3 kW.
3795,1095,101,9.000,9.000,No,36500.00,328500.00,Assembly,FG Store,2026-06-09,2026-06-04,Generated move order item for PMSM Motor 3 kW.
3796,1096,101,57.000,57.000,No,36500.00,2080500.00,FG Store,Dispatch Dock,2026-06-06,2026-06-05,Generated move order item for PMSM Motor 3 kW.
3797,1097,24,10.000,10.000,No,220.00,2200.00,Maintenance Store,Maintenance Bay,2026-06-08,2026-06-06,Generated move order item for Bearing 6205-2RS.
3798,1098,2,325.000,325.000,No,2800.00,910000.00,Assembly Surplus,Central Warehouse,2026-06-10,2026-06-07,Generated move order item for Stator Core 3 kW.
3799,1099,2,200.000,200.000,No,2800.00,560000.00,Central Warehouse,Production Line,2026-06-12,2026-06-08,Generated move order item for Stator Core 3 kW.
3800,1100,2,99.000,99.000,No,2800.00,277200.00,Production Line,Quality Inspection,2026-06-14,2026-06-09,Generated move order item for Stator Core 3 kW.
3801,1101,101,25.000,25.000,No,36500.00,912500.00,Assembly,FG Store,2026-06-11,2026-06-10,Generated move order item for PMSM Motor 3 kW.
3802,1102,101,7.000,7.000,No,36500.00,255500.00,FG Store,Dispatch Dock,2026-06-13,2026-06-11,Generated move order item for PMSM Motor 3 kW.
3803,1103,24,71.000,71.000,No,220.00,15620.00,Maintenance Store,Maintenance Bay,2026-06-15,2026-06-12,Generated move order item for Bearing 6205-2RS.
3804,1104,2,442.000,442.000,No,2800.00,1237600.00,Assembly Surplus,Central Warehouse,2026-06-17,2026-06-13,Generated move order item for Stator Core 3 kW.
3805,1105,2,198.000,198.000,No,2800.00,554400.00,Central Warehouse,Production Line,2026-06-19,2026-06-14,Generated move order item for Stator Core 3 kW.
3806,1106,2,248.000,248.000,No,2800.00,694400.00,Production Line,Quality Inspection,2026-06-16,2026-06-15,Generated move order item for Stator Core 3 kW.
3807,1107,101,12.000,12.000,No,36500.00,438000.00,Assembly,FG Store,2026-06-18,2026-06-16,Generated move order item for PMSM Motor 3 kW.
3808,1108,101,31.000,31.000,No,36500.00,1131500.00,FG Store,Dispatch Dock,2026-06-20,2026-06-17,Generated move order item for PMSM Motor 3 kW.
3809,1109,24,95.000,95.000,No,220.00,20900.00,Maintenance Store,Maintenance Bay,2026-06-22,2026-06-18,Generated move order item for Bearing 6205-2RS.
3810,1110,2,292.000,292.000,No,2800.00,817600.00,Assembly Surplus,Central Warehouse,2026-06-24,2026-06-19,Generated move order item for Stator Core 3 kW.
3811,1111,2,444.000,444.000,No,2800.00,1243200.00,Central Warehouse,Production Line,2026-06-21,2026-06-20,Generated move order item for Stator Core 3 kW.
3812,1112,2,401.000,401.000,No,2800.00,1122800.00,Production Line,Quality Inspection,2026-06-23,2026-06-21,Generated move order item for Stator Core 3 kW.
3813,1113,101,11.000,11.000,No,36500.00,401500.00,Assembly,FG Store,2026-06-25,2026-06-22,Generated move order item for PMSM Motor 3 kW.
3814,1114,101,7.000,7.000,No,36500.00,255500.00,FG Store,Dispatch Dock,2026-06-27,2026-06-23,Generated move order item for PMSM Motor 3 kW.
3815,1115,24,39.000,39.000,No,220.00,8580.00,Maintenance Store,Maintenance Bay,2026-06-29,2026-06-24,Generated move order item for Bearing 6205-2RS.
3816,1116,2,473.000,473.000,No,2800.00,1324400.00,Assembly Surplus,Central Warehouse,2026-06-26,2026-06-25,Generated move order item for Stator Core 3 kW.
3817,1117,2,125.000,125.000,No,2800.00,350000.00,Central Warehouse,Production Line,2026-06-28,2026-06-26,Generated move order item for Stator Core 3 kW.
3818,1118,2,70.000,70.000,No,2800.00,196000.00,Production Line,Quality Inspection,2026-06-30,2026-06-27,Generated move order item for Stator Core 3 kW.
3819,1119,101,58.000,58.000,No,36500.00,2117000.00,Assembly,FG Store,2026-07-02,2026-06-28,Generated move order item for PMSM Motor 3 kW.
3820,1120,101,16.000,16.000,No,36500.00,584000.00,FG Store,Dispatch Dock,2026-07-04,2026-06-29,Generated move order item for PMSM Motor 3 kW.
3821,1121,24,39.000,39.000,No,220.00,8580.00,Maintenance Store,Maintenance Bay,2024-04-02,2024-04-01,Generated move order item for Bearing 6205-2RS.
3822,1122,2,401.000,401.000,No,2800.00,1122800.00,Assembly Surplus,Central Warehouse,2024-04-04,2024-04-02,Generated move order item for Stator Core 3 kW.
3823,1123,2,94.000,94.000,No,2800.00,263200.00,Central Warehouse,Production Line,2024-04-06,2024-04-03,Generated move order item for Stator Core 3 kW.
3824,1124,2,127.000,127.000,No,2800.00,355600.00,Production Line,Quality Inspection,2024-04-08,2024-04-04,Generated move order item for Stator Core 3 kW.
3825,1125,101,45.000,45.000,No,36500.00,1642500.00,Assembly,FG Store,2024-04-10,2024-04-05,Generated move order item for PMSM Motor 3 kW.
3826,1126,101,5.000,5.000,No,36500.00,182500.00,FG Store,Dispatch Dock,2024-04-07,2024-04-06,Generated move order item for PMSM Motor 3 kW.
3827,1127,24,73.000,73.000,No,220.00,16060.00,Maintenance Store,Maintenance Bay,2024-04-09,2024-04-07,Generated move order item for Bearing 6205-2RS.
3828,1128,2,294.000,294.000,No,2800.00,823200.00,Assembly Surplus,Central Warehouse,2024-04-11,2024-04-08,Generated move order item for Stator Core 3 kW.
3829,1129,2,158.000,158.000,No,2800.00,442400.00,Central Warehouse,Production Line,2024-04-13,2024-04-09,Generated move order item for Stator Core 3 kW.
3830,1130,2,326.000,326.000,No,2800.00,912800.00,Production Line,Quality Inspection,2024-04-15,2024-04-10,Generated move order item for Stator Core 3 kW.
3831,1131,101,23.000,23.000,No,36500.00,839500.00,Assembly,FG Store,2024-04-12,2024-04-11,Generated move order item for PMSM Motor 3 kW.
3832,1132,101,58.000,58.000,No,36500.00,2117000.00,FG Store,Dispatch Dock,2024-04-14,2024-04-12,Generated move order item for PMSM Motor 3 kW.
3833,1133,24,44.000,44.000,No,220.00,9680.00,Maintenance Store,Maintenance Bay,2024-04-16,2024-04-13,Generated move order item for Bearing 6205-2RS.
3834,1134,2,387.000,387.000,No,2800.00,1083600.00,Assembly Surplus,Central Warehouse,2024-04-18,2024-04-14,Generated move order item for Stator Core 3 kW.
3835,1135,2,170.000,170.000,No,2800.00,476000.00,Central Warehouse,Production Line,2024-04-20,2024-04-15,Generated move order item for Stator Core 3 kW.
3836,1136,2,425.000,425.000,No,2800.00,1190000.00,Production Line,Quality Inspection,2024-04-17,2024-04-16,Generated move order item for Stator Core 3 kW.
3837,1137,101,21.000,21.000,No,36500.00,766500.00,Assembly,FG Store,2024-04-19,2024-04-17,Generated move order item for PMSM Motor 3 kW.
3838,1138,101,33.000,33.000,No,36500.00,1204500.00,FG Store,Dispatch Dock,2024-04-21,2024-04-18,Generated move order item for PMSM Motor 3 kW.
3839,1139,24,81.000,81.000,No,220.00,17820.00,Maintenance Store,Maintenance Bay,2024-04-23,2024-04-19,Generated move order item for Bearing 6205-2RS.
3840,1140,2,467.000,467.000,No,2800.00,1307600.00,Assembly Surplus,Central Warehouse,2024-04-25,2024-04-20,Generated move order item for Stator Core 3 kW.
3841,1141,2,389.000,389.000,No,2800.00,1089200.00,Central Warehouse,Production Line,2024-04-22,2024-04-21,Generated move order item for Stator Core 3 kW.
3842,1142,2,351.000,351.000,No,2800.00,982800.00,Production Line,Quality Inspection,2024-04-24,2024-04-22,Generated move order item for Stator Core 3 kW.
3843,1143,101,43.000,43.000,No,36500.00,1569500.00,Assembly,FG Store,2024-04-26,2024-04-23,Generated move order item for PMSM Motor 3 kW.
3844,1144,101,27.000,27.000,No,36500.00,985500.00,FG Store,Dispatch Dock,2024-04-28,2024-04-24,Generated move order item for PMSM Motor 3 kW.
3845,1145,24,70.000,70.000,No,220.00,15400.00,Maintenance Store,Maintenance Bay,2024-04-30,2024-04-25,Generated move order item for Bearing 6205-2RS.
3846,1146,2,309.000,309.000,No,2800.00,865200.00,Assembly Surplus,Central Warehouse,2024-04-27,2024-04-26,Generated move order item for Stator Core 3 kW.
3847,1147,2,285.000,285.000,No,2800.00,798000.00,Central Warehouse,Production Line,2024-04-29,2024-04-27,Generated move order item for Stator Core 3 kW.
3848,1148,2,191.000,191.000,No,2800.00,534800.00,Production Line,Quality Inspection,2024-05-01,2024-04-28,Generated move order item for Stator Core 3 kW.
3849,1149,101,24.000,24.000,No,36500.00,876000.00,Assembly,FG Store,2024-05-03,2024-04-29,Generated move order item for PMSM Motor 3 kW.
3850,1150,101,11.000,11.000,No,36500.00,401500.00,FG Store,Dispatch Dock,2024-05-05,2024-04-30,Generated move order item for PMSM Motor 3 kW.
3851,1151,24,74.000,74.000,No,220.00,16280.00,Maintenance Store,Maintenance Bay,2024-05-02,2024-05-01,Generated move order item for Bearing 6205-2RS.
3852,1152,2,60.000,60.000,No,2800.00,168000.00,Assembly Surplus,Central Warehouse,2024-05-04,2024-05-02,Generated move order item for Stator Core 3 kW.
3853,1153,2,102.000,102.000,No,2800.00,285600.00,Central Warehouse,Production Line,2024-05-06,2024-05-03,Generated move order item for Stator Core 3 kW.
3854,1154,2,182.000,182.000,No,2800.00,509600.00,Production Line,Quality Inspection,2024-05-08,2024-05-04,Generated move order item for Stator Core 3 kW.
3855,1155,101,12.000,12.000,No,36500.00,438000.00,Assembly,FG Store,2024-05-10,2024-05-05,Generated move order item for PMSM Motor 3 kW.
3856,1156,101,46.000,46.000,No,36500.00,1679000.00,FG Store,Dispatch Dock,2024-05-07,2024-05-06,Generated move order item for PMSM Motor 3 kW.
3857,1157,24,17.000,17.000,No,220.00,3740.00,Maintenance Store,Maintenance Bay,2024-05-09,2024-05-07,Generated move order item for Bearing 6205-2RS.
3858,1158,2,255.000,255.000,No,2800.00,714000.00,Assembly Surplus,Central Warehouse,2024-05-11,2024-05-08,Generated move order item for Stator Core 3 kW.
3859,1159,2,380.000,380.000,No,2800.00,1064000.00,Central Warehouse,Production Line,2024-05-13,2024-05-09,Generated move order item for Stator Core 3 kW.
3860,1160,2,315.000,315.000,No,2800.00,882000.00,Production Line,Quality Inspection,2024-05-15,2024-05-10,Generated move order item for Stator Core 3 kW.
3861,1161,101,38.000,38.000,No,36500.00,1387000.00,Assembly,FG Store,2024-05-12,2024-05-11,Generated move order item for PMSM Motor 3 kW.
3862,1162,101,24.000,24.000,No,36500.00,876000.00,FG Store,Dispatch Dock,2024-05-14,2024-05-12,Generated move order item for PMSM Motor 3 kW.
3863,1163,24,48.000,48.000,No,220.00,10560.00,Maintenance Store,Maintenance Bay,2024-05-16,2024-05-13,Generated move order item for Bearing 6205-2RS.
3864,1164,2,395.000,395.000,No,2800.00,1106000.00,Assembly Surplus,Central Warehouse,2024-05-18,2024-05-14,Generated move order item for Stator Core 3 kW.
3865,1165,2,264.000,264.000,No,2800.00,739200.00,Central Warehouse,Production Line,2024-05-20,2024-05-15,Generated move order item for Stator Core 3 kW.
3866,1166,2,365.000,365.000,No,2800.00,1022000.00,Production Line,Quality Inspection,2024-05-17,2024-05-16,Generated move order item for Stator Core 3 kW.
3867,1167,101,51.000,51.000,No,36500.00,1861500.00,Assembly,FG Store,2024-05-19,2024-05-17,Generated move order item for PMSM Motor 3 kW.
3868,1168,101,18.000,18.000,No,36500.00,657000.00,FG Store,Dispatch Dock,2024-05-21,2024-05-18,Generated move order item for PMSM Motor 3 kW.
3869,1169,24,16.000,16.000,No,220.00,3520.00,Maintenance Store,Maintenance Bay,2024-05-23,2024-05-19,Generated move order item for Bearing 6205-2RS.
3870,1170,2,258.000,258.000,No,2800.00,722400.00,Assembly Surplus,Central Warehouse,2024-05-25,2024-05-20,Generated move order item for Stator Core 3 kW.
3871,1171,2,222.000,222.000,No,2800.00,621600.00,Central Warehouse,Production Line,2024-05-22,2024-05-21,Generated move order item for Stator Core 3 kW.
3872,1172,2,117.000,117.000,No,2800.00,327600.00,Production Line,Quality Inspection,2024-05-24,2024-05-22,Generated move order item for Stator Core 3 kW.
3873,1173,101,47.000,47.000,No,36500.00,1715500.00,Assembly,FG Store,2024-05-26,2024-05-23,Generated move order item for PMSM Motor 3 kW.
3874,1174,101,39.000,39.000,No,36500.00,1423500.00,FG Store,Dispatch Dock,2024-05-28,2024-05-24,Generated move order item for PMSM Motor 3 kW.
3875,1175,24,68.000,68.000,No,220.00,14960.00,Maintenance Store,Maintenance Bay,2024-05-30,2024-05-25,Generated move order item for Bearing 6205-2RS.
3876,1176,2,369.000,369.000,No,2800.00,1033200.00,Assembly Surplus,Central Warehouse,2024-05-27,2024-05-26,Generated move order item for Stator Core 3 kW.
3877,1177,2,246.000,246.000,No,2800.00,688800.00,Central Warehouse,Production Line,2024-05-29,2024-05-27,Generated move order item for Stator Core 3 kW.
3878,1178,2,280.000,280.000,No,2800.00,784000.00,Production Line,Quality Inspection,2024-05-31,2024-05-28,Generated move order item for Stator Core 3 kW.
3879,1179,101,17.000,17.000,No,36500.00,620500.00,Assembly,FG Store,2024-06-02,2024-05-29,Generated move order item for PMSM Motor 3 kW.
3880,1180,101,45.000,45.000,No,36500.00,1642500.00,FG Store,Dispatch Dock,2024-06-04,2024-05-30,Generated move order item for PMSM Motor 3 kW.
3881,1181,24,95.000,95.000,No,220.00,20900.00,Maintenance Store,Maintenance Bay,2024-06-01,2024-05-31,Generated move order item for Bearing 6205-2RS.
3882,1182,2,444.000,444.000,No,2800.00,1243200.00,Assembly Surplus,Central Warehouse,2024-06-03,2024-06-01,Generated move order item for Stator Core 3 kW.
3883,1183,2,233.000,233.000,No,2800.00,652400.00,Central Warehouse,Production Line,2024-06-05,2024-06-02,Generated move order item for Stator Core 3 kW.
3884,1184,2,72.000,72.000,No,2800.00,201600.00,Production Line,Quality Inspection,2024-06-07,2024-06-03,Generated move order item for Stator Core 3 kW.
3885,1185,101,54.000,54.000,No,36500.00,1971000.00,Assembly,FG Store,2024-06-09,2024-06-04,Generated move order item for PMSM Motor 3 kW.
3886,1186,101,37.000,37.000,No,36500.00,1350500.00,FG Store,Dispatch Dock,2024-06-06,2024-06-05,Generated move order item for PMSM Motor 3 kW.
3887,1187,24,79.000,79.000,No,220.00,17380.00,Maintenance Store,Maintenance Bay,2024-06-08,2024-06-06,Generated move order item for Bearing 6205-2RS.
3888,1188,2,185.000,185.000,No,2800.00,518000.00,Assembly Surplus,Central Warehouse,2024-06-10,2024-06-07,Generated move order item for Stator Core 3 kW.
3889,1189,2,438.000,438.000,No,2800.00,1226400.00,Central Warehouse,Production Line,2024-06-12,2024-06-08,Generated move order item for Stator Core 3 kW.
3890,1190,2,428.000,428.000,No,2800.00,1198400.00,Production Line,Quality Inspection,2024-06-14,2024-06-09,Generated move order item for Stator Core 3 kW.
3891,1191,101,5.000,5.000,No,36500.00,182500.00,Assembly,FG Store,2024-06-11,2024-06-10,Generated move order item for PMSM Motor 3 kW.
3892,1192,101,36.000,36.000,No,36500.00,1314000.00,FG Store,Dispatch Dock,2024-06-13,2024-06-11,Generated move order item for PMSM Motor 3 kW.
3893,1193,24,50.000,50.000,No,220.00,11000.00,Maintenance Store,Maintenance Bay,2024-06-15,2024-06-12,Generated move order item for Bearing 6205-2RS.
3894,1194,2,346.000,346.000,No,2800.00,968800.00,Assembly Surplus,Central Warehouse,2024-06-17,2024-06-13,Generated move order item for Stator Core 3 kW.
3895,1195,2,167.000,167.000,No,2800.00,467600.00,Central Warehouse,Production Line,2024-06-19,2024-06-14,Generated move order item for Stator Core 3 kW.
3896,1196,2,94.000,94.000,No,2800.00,263200.00,Production Line,Quality Inspection,2024-06-16,2024-06-15,Generated move order item for Stator Core 3 kW.
3897,1197,101,20.000,20.000,No,36500.00,730000.00,Assembly,FG Store,2024-06-18,2024-06-16,Generated move order item for PMSM Motor 3 kW.
3898,1198,101,34.000,34.000,No,36500.00,1241000.00,FG Store,Dispatch Dock,2024-06-20,2024-06-17,Generated move order item for PMSM Motor 3 kW.
3899,1199,24,30.000,30.000,No,220.00,6600.00,Maintenance Store,Maintenance Bay,2024-06-22,2024-06-18,Generated move order item for Bearing 6205-2RS.
3900,1200,2,259.000,259.000,No,2800.00,725200.00,Assembly Surplus,Central Warehouse,2024-06-24,2024-06-19,Generated move order item for Stator Core 3 kW.
3901,1201,2,225.000,225.000,No,2800.00,630000.00,Central Warehouse,Production Line,2024-06-21,2024-06-20,Generated move order item for Stator Core 3 kW.
3902,1202,2,363.000,363.000,No,2800.00,1016400.00,Production Line,Quality Inspection,2024-06-23,2024-06-21,Generated move order item for Stator Core 3 kW.
3903,1203,101,27.000,27.000,No,36500.00,985500.00,Assembly,FG Store,2024-06-25,2024-06-22,Generated move order item for PMSM Motor 3 kW.
3904,1204,101,13.000,13.000,No,36500.00,474500.00,FG Store,Dispatch Dock,2024-06-27,2024-06-23,Generated move order item for PMSM Motor 3 kW.
3905,1205,24,65.000,65.000,No,220.00,14300.00,Maintenance Store,Maintenance Bay,2024-06-29,2024-06-24,Generated move order item for Bearing 6205-2RS.
3906,1206,2,145.000,145.000,No,2800.00,406000.00,Assembly Surplus,Central Warehouse,2024-06-26,2024-06-25,Generated move order item for Stator Core 3 kW.
3907,1207,2,185.000,185.000,No,2800.00,518000.00,Central Warehouse,Production Line,2024-06-28,2024-06-26,Generated move order item for Stator Core 3 kW.
3908,1208,2,368.000,368.000,No,2800.00,1030400.00,Production Line,Quality Inspection,2024-06-30,2024-06-27,Generated move order item for Stator Core 3 kW.
3909,1209,101,20.000,20.000,No,36500.00,730000.00,Assembly,FG Store,2024-07-02,2024-06-28,Generated move order item for PMSM Motor 3 kW.
3910,1210,101,8.000,8.000,No,36500.00,292000.00,FG Store,Dispatch Dock,2024-07-04,2024-06-29,Generated move order item for PMSM Motor 3 kW.
3911,1211,24,39.000,39.000,No,220.00,8580.00,Maintenance Store,Maintenance Bay,2024-07-01,2024-06-30,Generated move order item for Bearing 6205-2RS.
3912,1212,2,224.000,224.000,No,2800.00,627200.00,Assembly Surplus,Central Warehouse,2024-07-03,2024-07-01,Generated move order item for Stator Core 3 kW.
3913,1213,2,359.000,359.000,No,2800.00,1005200.00,Central Warehouse,Production Line,2024-07-05,2024-07-02,Generated move order item for Stator Core 3 kW.
3914,1214,2,369.000,369.000,No,2800.00,1033200.00,Production Line,Quality Inspection,2024-07-07,2024-07-03,Generated move order item for Stator Core 3 kW.
3915,1215,101,5.000,5.000,No,36500.00,182500.00,Assembly,FG Store,2024-07-09,2024-07-04,Generated move order item for PMSM Motor 3 kW.
3916,1216,101,47.000,47.000,No,36500.00,1715500.00,FG Store,Dispatch Dock,2024-07-06,2024-07-05,Generated move order item for PMSM Motor 3 kW.
3917,1217,24,76.000,76.000,No,220.00,16720.00,Maintenance Store,Maintenance Bay,2024-07-08,2024-07-06,Generated move order item for Bearing 6205-2RS.
3918,1218,2,128.000,128.000,No,2800.00,358400.00,Assembly Surplus,Central Warehouse,2024-07-10,2024-07-07,Generated move order item for Stator Core 3 kW.
3919,1219,2,202.000,202.000,No,2800.00,565600.00,Central Warehouse,Production Line,2024-07-12,2024-07-08,Generated move order item for Stator Core 3 kW.
3920,1220,2,395.000,395.000,No,2800.00,1106000.00,Production Line,Quality Inspection,2024-07-14,2024-07-09,Generated move order item for Stator Core 3 kW.
3921,1221,101,37.000,37.000,No,36500.00,1350500.00,Assembly,FG Store,2024-07-11,2024-07-10,Generated move order item for PMSM Motor 3 kW.
3922,1222,101,24.000,24.000,No,36500.00,876000.00,FG Store,Dispatch Dock,2024-07-13,2024-07-11,Generated move order item for PMSM Motor 3 kW.
3923,1223,24,78.000,78.000,No,220.00,17160.00,Maintenance Store,Maintenance Bay,2024-07-15,2024-07-12,Generated move order item for Bearing 6205-2RS.
3924,1224,2,334.000,334.000,No,2800.00,935200.00,Assembly Surplus,Central Warehouse,2024-07-17,2024-07-13,Generated move order item for Stator Core 3 kW.
3925,1225,2,280.000,280.000,No,2800.00,784000.00,Central Warehouse,Production Line,2024-07-19,2024-07-14,Generated move order item for Stator Core 3 kW.
3926,1226,2,52.000,52.000,No,2800.00,145600.00,Production Line,Quality Inspection,2024-07-16,2024-07-15,Generated move order item for Stator Core 3 kW.
3927,1227,101,41.000,41.000,No,36500.00,1496500.00,Assembly,FG Store,2024-07-18,2024-07-16,Generated move order item for PMSM Motor 3 kW.
3928,1228,101,15.000,15.000,No,36500.00,547500.00,FG Store,Dispatch Dock,2024-07-20,2024-07-17,Generated move order item for PMSM Motor 3 kW.
3929,1229,24,93.000,93.000,No,220.00,20460.00,Maintenance Store,Maintenance Bay,2024-07-22,2024-07-18,Generated move order item for Bearing 6205-2RS.
3930,1230,2,135.000,135.000,No,2800.00,378000.00,Assembly Surplus,Central Warehouse,2024-07-24,2024-07-19,Generated move order item for Stator Core 3 kW.
3931,1231,2,63.000,63.000,No,2800.00,176400.00,Central Warehouse,Production Line,2024-07-21,2024-07-20,Generated move order item for Stator Core 3 kW.
3932,1232,2,219.000,219.000,No,2800.00,613200.00,Production Line,Quality Inspection,2024-07-23,2024-07-21,Generated move order item for Stator Core 3 kW.
3933,1233,101,24.000,24.000,No,36500.00,876000.00,Assembly,FG Store,2024-07-25,2024-07-22,Generated move order item for PMSM Motor 3 kW.
3934,1234,101,24.000,24.000,No,36500.00,876000.00,FG Store,Dispatch Dock,2024-07-27,2024-07-23,Generated move order item for PMSM Motor 3 kW.
3935,1235,24,93.000,93.000,No,220.00,20460.00,Maintenance Store,Maintenance Bay,2024-07-29,2024-07-24,Generated move order item for Bearing 6205-2RS.
3936,1236,2,173.000,173.000,No,2800.00,484400.00,Assembly Surplus,Central Warehouse,2024-07-26,2024-07-25,Generated move order item for Stator Core 3 kW.
3937,1237,2,427.000,427.000,No,2800.00,1195600.00,Central Warehouse,Production Line,2024-07-28,2024-07-26,Generated move order item for Stator Core 3 kW.
3938,1238,2,123.000,123.000,No,2800.00,344400.00,Production Line,Quality Inspection,2024-07-30,2024-07-27,Generated move order item for Stator Core 3 kW.
3939,1239,101,39.000,39.000,No,36500.00,1423500.00,Assembly,FG Store,2024-08-01,2024-07-28,Generated move order item for PMSM Motor 3 kW.
3940,1240,101,12.000,12.000,No,36500.00,438000.00,FG Store,Dispatch Dock,2024-08-03,2024-07-29,Generated move order item for PMSM Motor 3 kW.
3941,1241,24,27.000,27.000,No,220.00,5940.00,Maintenance Store,Maintenance Bay,2024-07-31,2024-07-30,Generated move order item for Bearing 6205-2RS.
3942,1242,2,116.000,116.000,No,2800.00,324800.00,Assembly Surplus,Central Warehouse,2024-08-02,2024-07-31,Generated move order item for Stator Core 3 kW.
3943,1243,2,199.000,199.000,No,2800.00,557200.00,Central Warehouse,Production Line,2024-08-04,2024-08-01,Generated move order item for Stator Core 3 kW.
3944,1244,2,257.000,257.000,No,2800.00,719600.00,Production Line,Quality Inspection,2024-08-06,2024-08-02,Generated move order item for Stator Core 3 kW.
3945,1245,101,53.000,53.000,No,36500.00,1934500.00,Assembly,FG Store,2024-08-08,2024-08-03,Generated move order item for PMSM Motor 3 kW.
3946,1246,101,47.000,47.000,No,36500.00,1715500.00,FG Store,Dispatch Dock,2024-08-05,2024-08-04,Generated move order item for PMSM Motor 3 kW.
3947,1247,24,72.000,72.000,No,220.00,15840.00,Maintenance Store,Maintenance Bay,2024-08-07,2024-08-05,Generated move order item for Bearing 6205-2RS.
3948,1248,2,270.000,270.000,No,2800.00,756000.00,Assembly Surplus,Central Warehouse,2024-08-09,2024-08-06,Generated move order item for Stator Core 3 kW.
3949,1249,2,178.000,178.000,No,2800.00,498400.00,Central Warehouse,Production Line,2024-08-11,2024-08-07,Generated move order item for Stator Core 3 kW.
3950,1250,2,183.000,183.000,No,2800.00,512400.00,Production Line,Quality Inspection,2024-08-13,2024-08-08,Generated move order item for Stator Core 3 kW.
3951,1251,101,12.000,12.000,No,36500.00,438000.00,Assembly,FG Store,2024-08-10,2024-08-09,Generated move order item for PMSM Motor 3 kW.
3952,1252,101,42.000,42.000,No,36500.00,1533000.00,FG Store,Dispatch Dock,2024-08-12,2024-08-10,Generated move order item for PMSM Motor 3 kW.
3953,1253,24,79.000,79.000,No,220.00,17380.00,Maintenance Store,Maintenance Bay,2024-08-14,2024-08-11,Generated move order item for Bearing 6205-2RS.
3954,1254,2,297.000,297.000,No,2800.00,831600.00,Assembly Surplus,Central Warehouse,2024-08-16,2024-08-12,Generated move order item for Stator Core 3 kW.
3955,1255,2,309.000,309.000,No,2800.00,865200.00,Central Warehouse,Production Line,2024-08-18,2024-08-13,Generated move order item for Stator Core 3 kW.
3956,1256,2,217.000,217.000,No,2800.00,607600.00,Production Line,Quality Inspection,2024-08-15,2024-08-14,Generated move order item for Stator Core 3 kW.
3957,1257,101,58.000,58.000,No,36500.00,2117000.00,Assembly,FG Store,2024-08-17,2024-08-15,Generated move order item for PMSM Motor 3 kW.
3958,1258,101,54.000,54.000,No,36500.00,1971000.00,FG Store,Dispatch Dock,2024-08-19,2024-08-16,Generated move order item for PMSM Motor 3 kW.
3959,1259,24,44.000,44.000,No,220.00,9680.00,Maintenance Store,Maintenance Bay,2024-08-21,2024-08-17,Generated move order item for Bearing 6205-2RS.
3960,1260,2,390.000,390.000,No,2800.00,1092000.00,Assembly Surplus,Central Warehouse,2024-08-23,2024-08-18,Generated move order item for Stator Core 3 kW.
3961,1261,2,207.000,207.000,No,2800.00,579600.00,Central Warehouse,Production Line,2024-08-20,2024-08-19,Generated move order item for Stator Core 3 kW.
3962,1262,2,105.000,105.000,No,2800.00,294000.00,Production Line,Quality Inspection,2024-08-22,2024-08-20,Generated move order item for Stator Core 3 kW.
3963,1263,101,21.000,21.000,No,36500.00,766500.00,Assembly,FG Store,2024-08-24,2024-08-21,Generated move order item for PMSM Motor 3 kW.
3964,1264,101,51.000,51.000,No,36500.00,1861500.00,FG Store,Dispatch Dock,2024-08-26,2024-08-22,Generated move order item for PMSM Motor 3 kW.
3965,1265,24,51.000,51.000,No,220.00,11220.00,Maintenance Store,Maintenance Bay,2024-08-28,2024-08-23,Generated move order item for Bearing 6205-2RS.
3966,1266,2,440.000,440.000,No,2800.00,1232000.00,Assembly Surplus,Central Warehouse,2024-08-25,2024-08-24,Generated move order item for Stator Core 3 kW.
3967,1267,2,195.000,195.000,No,2800.00,546000.00,Central Warehouse,Production Line,2024-08-27,2024-08-25,Generated move order item for Stator Core 3 kW.
3968,1268,2,257.000,257.000,No,2800.00,719600.00,Production Line,Quality Inspection,2024-08-29,2024-08-26,Generated move order item for Stator Core 3 kW.
3969,1269,101,9.000,9.000,No,36500.00,328500.00,Assembly,FG Store,2024-08-31,2024-08-27,Generated move order item for PMSM Motor 3 kW.
3970,1270,101,48.000,48.000,No,36500.00,1752000.00,FG Store,Dispatch Dock,2024-09-02,2024-08-28,Generated move order item for PMSM Motor 3 kW.
3971,1271,24,34.000,34.000,No,220.00,7480.00,Maintenance Store,Maintenance Bay,2024-08-30,2024-08-29,Generated move order item for Bearing 6205-2RS.
3972,1272,2,91.000,91.000,No,2800.00,254800.00,Assembly Surplus,Central Warehouse,2024-09-01,2024-08-30,Generated move order item for Stator Core 3 kW.
3973,1273,2,148.000,148.000,No,2800.00,414400.00,Central Warehouse,Production Line,2024-09-03,2024-08-31,Generated move order item for Stator Core 3 kW.
3974,1274,2,350.000,350.000,No,2800.00,980000.00,Production Line,Quality Inspection,2024-09-05,2024-09-01,Generated move order item for Stator Core 3 kW.
3975,1275,101,50.000,50.000,No,36500.00,1825000.00,Assembly,FG Store,2024-09-07,2024-09-02,Generated move order item for PMSM Motor 3 kW.
3976,1276,101,58.000,58.000,No,36500.00,2117000.00,FG Store,Dispatch Dock,2024-09-04,2024-09-03,Generated move order item for PMSM Motor 3 kW.
3977,1277,24,27.000,27.000,No,220.00,5940.00,Maintenance Store,Maintenance Bay,2024-09-06,2024-09-04,Generated move order item for Bearing 6205-2RS.
3978,1278,2,316.000,316.000,No,2800.00,884800.00,Assembly Surplus,Central Warehouse,2024-09-08,2024-09-05,Generated move order item for Stator Core 3 kW.
3979,1279,2,256.000,256.000,No,2800.00,716800.00,Central Warehouse,Production Line,2024-09-10,2024-09-06,Generated move order item for Stator Core 3 kW.
3980,1280,2,372.000,372.000,No,2800.00,1041600.00,Production Line,Quality Inspection,2024-09-12,2024-09-07,Generated move order item for Stator Core 3 kW.
3981,1281,101,42.000,42.000,No,36500.00,1533000.00,Assembly,FG Store,2024-09-09,2024-09-08,Generated move order item for PMSM Motor 3 kW.
3982,1282,101,8.000,8.000,No,36500.00,292000.00,FG Store,Dispatch Dock,2024-09-11,2024-09-09,Generated move order item for PMSM Motor 3 kW.
3983,1283,24,19.000,19.000,No,220.00,4180.00,Maintenance Store,Maintenance Bay,2024-09-13,2024-09-10,Generated move order item for Bearing 6205-2RS.
3984,1284,2,316.000,316.000,No,2800.00,884800.00,Assembly Surplus,Central Warehouse,2024-09-15,2024-09-11,Generated move order item for Stator Core 3 kW.
3985,1285,2,289.000,289.000,No,2800.00,809200.00,Central Warehouse,Production Line,2024-09-17,2024-09-12,Generated move order item for Stator Core 3 kW.
3986,1286,2,449.000,449.000,No,2800.00,1257200.00,Production Line,Quality Inspection,2024-09-14,2024-09-13,Generated move order item for Stator Core 3 kW.
3987,1287,101,52.000,52.000,No,36500.00,1898000.00,Assembly,FG Store,2024-09-16,2024-09-14,Generated move order item for PMSM Motor 3 kW.
3988,1288,101,8.000,8.000,No,36500.00,292000.00,FG Store,Dispatch Dock,2024-09-18,2024-09-15,Generated move order item for PMSM Motor 3 kW.
3989,1289,24,61.000,61.000,No,220.00,13420.00,Maintenance Store,Maintenance Bay,2024-09-20,2024-09-16,Generated move order item for Bearing 6205-2RS.
3990,1290,2,233.000,233.000,No,2800.00,652400.00,Assembly Surplus,Central Warehouse,2024-09-22,2024-09-17,Generated move order item for Stator Core 3 kW.
3991,1291,2,267.000,267.000,No,2800.00,747600.00,Central Warehouse,Production Line,2024-09-19,2024-09-18,Generated move order item for Stator Core 3 kW.
3992,1292,2,79.000,79.000,No,2800.00,221200.00,Production Line,Quality Inspection,2024-09-21,2024-09-19,Generated move order item for Stator Core 3 kW.
3993,1293,101,51.000,51.000,No,36500.00,1861500.00,Assembly,FG Store,2024-09-23,2024-09-20,Generated move order item for PMSM Motor 3 kW.
3994,1294,101,14.000,14.000,No,36500.00,511000.00,FG Store,Dispatch Dock,2024-09-25,2024-09-21,Generated move order item for PMSM Motor 3 kW.
3995,1295,24,95.000,95.000,No,220.00,20900.00,Maintenance Store,Maintenance Bay,2024-09-27,2024-09-22,Generated move order item for Bearing 6205-2RS.
3996,1296,2,470.000,470.000,No,2800.00,1316000.00,Assembly Surplus,Central Warehouse,2024-09-24,2024-09-23,Generated move order item for Stator Core 3 kW.
3997,1297,2,420.000,420.000,No,2800.00,1176000.00,Central Warehouse,Production Line,2024-09-26,2024-09-24,Generated move order item for Stator Core 3 kW.
3998,1298,2,103.000,103.000,No,2800.00,288400.00,Production Line,Quality Inspection,2024-09-28,2024-09-25,Generated move order item for Stator Core 3 kW.
3999,1299,101,27.000,27.000,No,36500.00,985500.00,Assembly,FG Store,2024-09-30,2024-09-26,Generated move order item for PMSM Motor 3 kW.
4000,1300,101,6.000,6.000,No,36500.00,219000.00,FG Store,Dispatch Dock,2024-10-02,2024-09-27,Generated move order item for PMSM Motor 3 kW.
4001,1301,24,63.000,63.000,No,220.00,13860.00,Maintenance Store,Maintenance Bay,2024-09-29,2024-09-28,Generated move order item for Bearing 6205-2RS.
4002,1302,2,439.000,439.000,No,2800.00,1229200.00,Assembly Surplus,Central Warehouse,2024-10-01,2024-09-29,Generated move order item for Stator Core 3 kW.
4003,1303,2,287.000,287.000,No,2800.00,803600.00,Central Warehouse,Production Line,2024-10-03,2024-09-30,Generated move order item for Stator Core 3 kW.
4004,1304,2,60.000,60.000,No,2800.00,168000.00,Production Line,Quality Inspection,2024-10-05,2024-10-01,Generated move order item for Stator Core 3 kW.
4005,1305,101,21.000,21.000,No,36500.00,766500.00,Assembly,FG Store,2024-10-07,2024-10-02,Generated move order item for PMSM Motor 3 kW.
4006,1306,101,14.000,14.000,No,36500.00,511000.00,FG Store,Dispatch Dock,2024-10-04,2024-10-03,Generated move order item for PMSM Motor 3 kW.
4007,1307,24,46.000,46.000,No,220.00,10120.00,Maintenance Store,Maintenance Bay,2024-10-06,2024-10-04,Generated move order item for Bearing 6205-2RS.
4008,1308,2,217.000,217.000,No,2800.00,607600.00,Assembly Surplus,Central Warehouse,2024-10-08,2024-10-05,Generated move order item for Stator Core 3 kW.
4009,1309,2,423.000,423.000,No,2800.00,1184400.00,Central Warehouse,Production Line,2024-10-10,2024-10-06,Generated move order item for Stator Core 3 kW.
4010,1310,2,149.000,149.000,No,2800.00,417200.00,Production Line,Quality Inspection,2024-10-12,2024-10-07,Generated move order item for Stator Core 3 kW.
4011,1311,101,21.000,21.000,No,36500.00,766500.00,Assembly,FG Store,2024-10-09,2024-10-08,Generated move order item for PMSM Motor 3 kW.
4012,1312,101,18.000,18.000,No,36500.00,657000.00,FG Store,Dispatch Dock,2024-10-11,2024-10-09,Generated move order item for PMSM Motor 3 kW.
4013,1313,24,90.000,90.000,No,220.00,19800.00,Maintenance Store,Maintenance Bay,2024-10-13,2024-10-10,Generated move order item for Bearing 6205-2RS.
4014,1314,2,182.000,182.000,No,2800.00,509600.00,Assembly Surplus,Central Warehouse,2024-10-15,2024-10-11,Generated move order item for Stator Core 3 kW.
4015,1315,2,497.000,497.000,No,2800.00,1391600.00,Central Warehouse,Production Line,2024-10-17,2024-10-12,Generated move order item for Stator Core 3 kW.
4016,1316,2,350.000,350.000,No,2800.00,980000.00,Production Line,Quality Inspection,2024-10-14,2024-10-13,Generated move order item for Stator Core 3 kW.
4017,1317,101,22.000,22.000,No,36500.00,803000.00,Assembly,FG Store,2024-10-16,2024-10-14,Generated move order item for PMSM Motor 3 kW.
4018,1318,101,38.000,38.000,No,36500.00,1387000.00,FG Store,Dispatch Dock,2024-10-18,2024-10-15,Generated move order item for PMSM Motor 3 kW.
4019,1319,24,16.000,16.000,No,220.00,3520.00,Maintenance Store,Maintenance Bay,2024-10-20,2024-10-16,Generated move order item for Bearing 6205-2RS.
4020,1320,2,457.000,457.000,No,2800.00,1279600.00,Assembly Surplus,Central Warehouse,2024-10-22,2024-10-17,Generated move order item for Stator Core 3 kW.
4021,1321,2,481.000,481.000,No,2800.00,1346800.00,Central Warehouse,Production Line,2024-10-19,2024-10-18,Generated move order item for Stator Core 3 kW.
4022,1322,2,182.000,182.000,No,2800.00,509600.00,Production Line,Quality Inspection,2024-10-21,2024-10-19,Generated move order item for Stator Core 3 kW.
4023,1323,101,14.000,14.000,No,36500.00,511000.00,Assembly,FG Store,2024-10-23,2024-10-20,Generated move order item for PMSM Motor 3 kW.
4024,1324,101,28.000,28.000,No,36500.00,1022000.00,FG Store,Dispatch Dock,2024-10-25,2024-10-21,Generated move order item for PMSM Motor 3 kW.
4025,1325,24,79.000,79.000,No,220.00,17380.00,Maintenance Store,Maintenance Bay,2024-10-27,2024-10-22,Generated move order item for Bearing 6205-2RS.
4026,1326,2,332.000,332.000,No,2800.00,929600.00,Assembly Surplus,Central Warehouse,2024-10-24,2024-10-23,Generated move order item for Stator Core 3 kW.
4027,1327,2,67.000,67.000,No,2800.00,187600.00,Central Warehouse,Production Line,2024-10-26,2024-10-24,Generated move order item for Stator Core 3 kW.
4028,1328,2,53.000,53.000,No,2800.00,148400.00,Production Line,Quality Inspection,2024-10-28,2024-10-25,Generated move order item for Stator Core 3 kW.
4029,1329,101,18.000,18.000,No,36500.00,657000.00,Assembly,FG Store,2024-10-30,2024-10-26,Generated move order item for PMSM Motor 3 kW.
4030,1330,101,47.000,47.000,No,36500.00,1715500.00,FG Store,Dispatch Dock,2024-11-01,2024-10-27,Generated move order item for PMSM Motor 3 kW.
4031,1331,24,29.000,29.000,No,220.00,6380.00,Maintenance Store,Maintenance Bay,2024-10-29,2024-10-28,Generated move order item for Bearing 6205-2RS.
4032,1332,2,453.000,453.000,No,2800.00,1268400.00,Assembly Surplus,Central Warehouse,2024-10-31,2024-10-29,Generated move order item for Stator Core 3 kW.
4033,1333,2,184.000,184.000,No,2800.00,515200.00,Central Warehouse,Production Line,2024-11-02,2024-10-30,Generated move order item for Stator Core 3 kW.
4034,1334,2,452.000,452.000,No,2800.00,1265600.00,Production Line,Quality Inspection,2024-11-04,2024-10-31,Generated move order item for Stator Core 3 kW.
4035,1335,101,56.000,56.000,No,36500.00,2044000.00,Assembly,FG Store,2024-11-06,2024-11-01,Generated move order item for PMSM Motor 3 kW.
4036,1336,101,45.000,45.000,No,36500.00,1642500.00,FG Store,Dispatch Dock,2024-11-03,2024-11-02,Generated move order item for PMSM Motor 3 kW.
4037,1337,24,21.000,21.000,No,220.00,4620.00,Maintenance Store,Maintenance Bay,2024-11-05,2024-11-03,Generated move order item for Bearing 6205-2RS.
4038,1338,2,82.000,82.000,No,2800.00,229600.00,Assembly Surplus,Central Warehouse,2024-11-07,2024-11-04,Generated move order item for Stator Core 3 kW.
4039,1339,2,128.000,128.000,No,2800.00,358400.00,Central Warehouse,Production Line,2024-11-09,2024-11-05,Generated move order item for Stator Core 3 kW.
4040,1340,2,335.000,335.000,No,2800.00,938000.00,Production Line,Quality Inspection,2024-11-11,2024-11-06,Generated move order item for Stator Core 3 kW.
4041,1341,101,43.000,43.000,No,36500.00,1569500.00,Assembly,FG Store,2024-11-08,2024-11-07,Generated move order item for PMSM Motor 3 kW.
4042,1342,101,60.000,60.000,No,36500.00,2190000.00,FG Store,Dispatch Dock,2024-11-10,2024-11-08,Generated move order item for PMSM Motor 3 kW.
4043,1343,24,96.000,96.000,No,220.00,21120.00,Maintenance Store,Maintenance Bay,2024-11-12,2024-11-09,Generated move order item for Bearing 6205-2RS.
4044,1344,2,188.000,188.000,No,2800.00,526400.00,Assembly Surplus,Central Warehouse,2024-11-14,2024-11-10,Generated move order item for Stator Core 3 kW.
4045,1345,2,225.000,225.000,No,2800.00,630000.00,Central Warehouse,Production Line,2024-11-16,2024-11-11,Generated move order item for Stator Core 3 kW.
4046,1346,2,398.000,398.000,No,2800.00,1114400.00,Production Line,Quality Inspection,2024-11-13,2024-11-12,Generated move order item for Stator Core 3 kW.
4047,1347,101,48.000,48.000,No,36500.00,1752000.00,Assembly,FG Store,2024-11-15,2024-11-13,Generated move order item for PMSM Motor 3 kW.
4048,1348,101,22.000,22.000,No,36500.00,803000.00,FG Store,Dispatch Dock,2024-11-17,2024-11-14,Generated move order item for PMSM Motor 3 kW.
4049,1349,24,7.000,7.000,No,220.00,1540.00,Maintenance Store,Maintenance Bay,2024-11-19,2024-11-15,Generated move order item for Bearing 6205-2RS.
4050,1350,2,93.000,93.000,No,2800.00,260400.00,Assembly Surplus,Central Warehouse,2024-11-21,2024-11-16,Generated move order item for Stator Core 3 kW.
4051,1351,2,421.000,421.000,No,2800.00,1178800.00,Central Warehouse,Production Line,2024-11-18,2024-11-17,Generated move order item for Stator Core 3 kW.
4052,1352,2,207.000,207.000,No,2800.00,579600.00,Production Line,Quality Inspection,2024-11-20,2024-11-18,Generated move order item for Stator Core 3 kW.
4053,1353,101,45.000,45.000,No,36500.00,1642500.00,Assembly,FG Store,2024-11-22,2024-11-19,Generated move order item for PMSM Motor 3 kW.
4054,1354,101,49.000,49.000,No,36500.00,1788500.00,FG Store,Dispatch Dock,2024-11-24,2024-11-20,Generated move order item for PMSM Motor 3 kW.
4055,1355,24,91.000,91.000,No,220.00,20020.00,Maintenance Store,Maintenance Bay,2024-11-26,2024-11-21,Generated move order item for Bearing 6205-2RS.
4056,1356,2,271.000,271.000,No,2800.00,758800.00,Assembly Surplus,Central Warehouse,2024-11-23,2024-11-22,Generated move order item for Stator Core 3 kW.
4057,1357,2,337.000,337.000,No,2800.00,943600.00,Central Warehouse,Production Line,2024-11-25,2024-11-23,Generated move order item for Stator Core 3 kW.
4058,1358,2,138.000,138.000,No,2800.00,386400.00,Production Line,Quality Inspection,2024-11-27,2024-11-24,Generated move order item for Stator Core 3 kW.
4059,1359,101,57.000,57.000,No,36500.00,2080500.00,Assembly,FG Store,2024-11-29,2024-11-25,Generated move order item for PMSM Motor 3 kW.
4060,1360,101,54.000,54.000,No,36500.00,1971000.00,FG Store,Dispatch Dock,2024-12-01,2024-11-26,Generated move order item for PMSM Motor 3 kW.
4061,1361,24,42.000,42.000,No,220.00,9240.00,Maintenance Store,Maintenance Bay,2024-11-28,2024-11-27,Generated move order item for Bearing 6205-2RS.
4062,1362,2,215.000,215.000,No,2800.00,602000.00,Assembly Surplus,Central Warehouse,2024-11-30,2024-11-28,Generated move order item for Stator Core 3 kW.
4063,1363,2,380.000,380.000,No,2800.00,1064000.00,Central Warehouse,Production Line,2024-12-02,2024-11-29,Generated move order item for Stator Core 3 kW.
4064,1364,2,236.000,236.000,No,2800.00,660800.00,Production Line,Quality Inspection,2024-12-04,2024-11-30,Generated move order item for Stator Core 3 kW.
4065,1365,101,45.000,45.000,No,36500.00,1642500.00,Assembly,FG Store,2024-12-06,2024-12-01,Generated move order item for PMSM Motor 3 kW.
4066,1366,101,10.000,10.000,No,36500.00,365000.00,FG Store,Dispatch Dock,2024-12-03,2024-12-02,Generated move order item for PMSM Motor 3 kW.
4067,1367,24,30.000,30.000,No,220.00,6600.00,Maintenance Store,Maintenance Bay,2024-12-05,2024-12-03,Generated move order item for Bearing 6205-2RS.
4068,1368,2,401.000,401.000,No,2800.00,1122800.00,Assembly Surplus,Central Warehouse,2024-12-07,2024-12-04,Generated move order item for Stator Core 3 kW.
4069,1369,2,465.000,465.000,No,2800.00,1302000.00,Central Warehouse,Production Line,2024-12-09,2024-12-05,Generated move order item for Stator Core 3 kW.
4070,1370,2,61.000,61.000,No,2800.00,170800.00,Production Line,Quality Inspection,2024-12-11,2024-12-06,Generated move order item for Stator Core 3 kW.
4071,1371,101,48.000,48.000,No,36500.00,1752000.00,Assembly,FG Store,2024-12-08,2024-12-07,Generated move order item for PMSM Motor 3 kW.
4072,1372,101,8.000,8.000,No,36500.00,292000.00,FG Store,Dispatch Dock,2024-12-10,2024-12-08,Generated move order item for PMSM Motor 3 kW.
4073,1373,24,88.000,88.000,No,220.00,19360.00,Maintenance Store,Maintenance Bay,2024-12-12,2024-12-09,Generated move order item for Bearing 6205-2RS.
4074,1374,2,164.000,164.000,No,2800.00,459200.00,Assembly Surplus,Central Warehouse,2024-12-14,2024-12-10,Generated move order item for Stator Core 3 kW.
4075,1375,2,213.000,213.000,No,2800.00,596400.00,Central Warehouse,Production Line,2024-12-16,2024-12-11,Generated move order item for Stator Core 3 kW.
4076,1376,2,373.000,373.000,No,2800.00,1044400.00,Production Line,Quality Inspection,2024-12-13,2024-12-12,Generated move order item for Stator Core 3 kW.
4077,1377,101,52.000,52.000,No,36500.00,1898000.00,Assembly,FG Store,2024-12-15,2024-12-13,Generated move order item for PMSM Motor 3 kW.
4078,1378,101,28.000,28.000,No,36500.00,1022000.00,FG Store,Dispatch Dock,2024-12-17,2024-12-14,Generated move order item for PMSM Motor 3 kW.
4079,1379,24,35.000,35.000,No,220.00,7700.00,Maintenance Store,Maintenance Bay,2024-12-19,2024-12-15,Generated move order item for Bearing 6205-2RS.
4080,1380,2,491.000,491.000,No,2800.00,1374800.00,Assembly Surplus,Central Warehouse,2024-12-21,2024-12-16,Generated move order item for Stator Core 3 kW.
4081,1381,2,484.000,484.000,No,2800.00,1355200.00,Central Warehouse,Production Line,2024-12-18,2024-12-17,Generated move order item for Stator Core 3 kW.
4082,1382,2,286.000,286.000,No,2800.00,800800.00,Production Line,Quality Inspection,2024-12-20,2024-12-18,Generated move order item for Stator Core 3 kW.
4083,1383,101,6.000,6.000,No,36500.00,219000.00,Assembly,FG Store,2024-12-22,2024-12-19,Generated move order item for PMSM Motor 3 kW.
4084,1384,101,59.000,59.000,No,36500.00,2153500.00,FG Store,Dispatch Dock,2024-12-24,2024-12-20,Generated move order item for PMSM Motor 3 kW.
4085,1385,24,64.000,64.000,No,220.00,14080.00,Maintenance Store,Maintenance Bay,2024-12-26,2024-12-21,Generated move order item for Bearing 6205-2RS.
4086,1386,2,299.000,299.000,No,2800.00,837200.00,Assembly Surplus,Central Warehouse,2024-12-23,2024-12-22,Generated move order item for Stator Core 3 kW.
4087,1387,2,100.000,100.000,No,2800.00,280000.00,Central Warehouse,Production Line,2024-12-25,2024-12-23,Generated move order item for Stator Core 3 kW.
4088,1388,2,497.000,497.000,No,2800.00,1391600.00,Production Line,Quality Inspection,2024-12-27,2024-12-24,Generated move order item for Stator Core 3 kW.
4089,1389,101,45.000,45.000,No,36500.00,1642500.00,Assembly,FG Store,2024-12-29,2024-12-25,Generated move order item for PMSM Motor 3 kW.
4090,1390,101,17.000,17.000,No,36500.00,620500.00,FG Store,Dispatch Dock,2024-12-31,2024-12-26,Generated move order item for PMSM Motor 3 kW.
4091,1391,24,39.000,39.000,No,220.00,8580.00,Maintenance Store,Maintenance Bay,2024-12-28,2024-12-27,Generated move order item for Bearing 6205-2RS.
4092,1392,2,205.000,205.000,No,2800.00,574000.00,Assembly Surplus,Central Warehouse,2024-12-30,2024-12-28,Generated move order item for Stator Core 3 kW.
4093,1393,2,442.000,442.000,No,2800.00,1237600.00,Central Warehouse,Production Line,2025-01-01,2024-12-29,Generated move order item for Stator Core 3 kW.
4094,1394,2,264.000,264.000,No,2800.00,739200.00,Production Line,Quality Inspection,2025-01-03,2024-12-30,Generated move order item for Stator Core 3 kW.
4095,1395,101,53.000,53.000,No,36500.00,1934500.00,Assembly,FG Store,2025-01-05,2024-12-31,Generated move order item for PMSM Motor 3 kW.
4096,1396,101,43.000,43.000,No,36500.00,1569500.00,FG Store,Dispatch Dock,2025-01-02,2025-01-01,Generated move order item for PMSM Motor 3 kW.
4097,1397,24,40.000,40.000,No,220.00,8800.00,Maintenance Store,Maintenance Bay,2025-01-04,2025-01-02,Generated move order item for Bearing 6205-2RS.
4098,1398,2,232.000,232.000,No,2800.00,649600.00,Assembly Surplus,Central Warehouse,2025-01-06,2025-01-03,Generated move order item for Stator Core 3 kW.
4099,1399,2,415.000,415.000,No,2800.00,1162000.00,Central Warehouse,Production Line,2025-01-08,2025-01-04,Generated move order item for Stator Core 3 kW.
4100,1400,2,275.000,275.000,No,2800.00,770000.00,Production Line,Quality Inspection,2025-01-10,2025-01-05,Generated move order item for Stator Core 3 kW.
4101,1401,101,43.000,43.000,No,36500.00,1569500.00,Assembly,FG Store,2025-01-07,2025-01-06,Generated move order item for PMSM Motor 3 kW.
4102,1402,101,11.000,11.000,No,36500.00,401500.00,FG Store,Dispatch Dock,2025-01-09,2025-01-07,Generated move order item for PMSM Motor 3 kW.
4103,1403,24,45.000,45.000,No,220.00,9900.00,Maintenance Store,Maintenance Bay,2025-01-11,2025-01-08,Generated move order item for Bearing 6205-2RS.
4104,1404,2,310.000,310.000,No,2800.00,868000.00,Assembly Surplus,Central Warehouse,2025-01-13,2025-01-09,Generated move order item for Stator Core 3 kW.
4105,1405,2,204.000,204.000,No,2800.00,571200.00,Central Warehouse,Production Line,2025-01-15,2025-01-10,Generated move order item for Stator Core 3 kW.
4106,1406,2,432.000,432.000,No,2800.00,1209600.00,Production Line,Quality Inspection,2025-01-12,2025-01-11,Generated move order item for Stator Core 3 kW.
4107,1407,101,16.000,16.000,No,36500.00,584000.00,Assembly,FG Store,2025-01-14,2025-01-12,Generated move order item for PMSM Motor 3 kW.
4108,1408,101,52.000,52.000,No,36500.00,1898000.00,FG Store,Dispatch Dock,2025-01-16,2025-01-13,Generated move order item for PMSM Motor 3 kW.
4109,1409,24,11.000,11.000,No,220.00,2420.00,Maintenance Store,Maintenance Bay,2025-01-18,2025-01-14,Generated move order item for Bearing 6205-2RS.
4110,1410,2,242.000,242.000,No,2800.00,677600.00,Assembly Surplus,Central Warehouse,2025-01-20,2025-01-15,Generated move order item for Stator Core 3 kW.
4111,1411,2,283.000,283.000,No,2800.00,792400.00,Central Warehouse,Production Line,2025-01-17,2025-01-16,Generated move order item for Stator Core 3 kW.
4112,1412,2,164.000,164.000,No,2800.00,459200.00,Production Line,Quality Inspection,2025-01-19,2025-01-17,Generated move order item for Stator Core 3 kW.
4113,1413,101,35.000,35.000,No,36500.00,1277500.00,Assembly,FG Store,2025-01-21,2025-01-18,Generated move order item for PMSM Motor 3 kW.
4114,1414,101,55.000,55.000,No,36500.00,2007500.00,FG Store,Dispatch Dock,2025-01-23,2025-01-19,Generated move order item for PMSM Motor 3 kW.
4115,1415,24,47.000,47.000,No,220.00,10340.00,Maintenance Store,Maintenance Bay,2025-01-25,2025-01-20,Generated move order item for Bearing 6205-2RS.
4116,1416,2,293.000,293.000,No,2800.00,820400.00,Assembly Surplus,Central Warehouse,2025-01-22,2025-01-21,Generated move order item for Stator Core 3 kW.
4117,1417,2,478.000,478.000,No,2800.00,1338400.00,Central Warehouse,Production Line,2025-01-24,2025-01-22,Generated move order item for Stator Core 3 kW.
4118,1418,2,466.000,466.000,No,2800.00,1304800.00,Production Line,Quality Inspection,2025-01-26,2025-01-23,Generated move order item for Stator Core 3 kW.
4119,1419,101,5.000,5.000,No,36500.00,182500.00,Assembly,FG Store,2025-01-28,2025-01-24,Generated move order item for PMSM Motor 3 kW.
4120,1420,101,45.000,45.000,No,36500.00,1642500.00,FG Store,Dispatch Dock,2025-01-30,2025-01-25,Generated move order item for PMSM Motor 3 kW.
4121,1421,24,86.000,86.000,No,220.00,18920.00,Maintenance Store,Maintenance Bay,2025-01-27,2025-01-26,Generated move order item for Bearing 6205-2RS.
4122,1422,2,475.000,475.000,No,2800.00,1330000.00,Assembly Surplus,Central Warehouse,2025-01-29,2025-01-27,Generated move order item for Stator Core 3 kW.
4123,1423,2,411.000,411.000,No,2800.00,1150800.00,Central Warehouse,Production Line,2025-01-31,2025-01-28,Generated move order item for Stator Core 3 kW.
4124,1424,2,87.000,87.000,No,2800.00,243600.00,Production Line,Quality Inspection,2025-02-02,2025-01-29,Generated move order item for Stator Core 3 kW.
4125,1425,101,47.000,47.000,No,36500.00,1715500.00,Assembly,FG Store,2025-02-04,2025-01-30,Generated move order item for PMSM Motor 3 kW.
4126,1426,101,52.000,52.000,No,36500.00,1898000.00,FG Store,Dispatch Dock,2025-02-01,2025-01-31,Generated move order item for PMSM Motor 3 kW.
4127,1427,24,55.000,55.000,No,220.00,12100.00,Maintenance Store,Maintenance Bay,2025-02-03,2025-02-01,Generated move order item for Bearing 6205-2RS.
4128,1428,2,59.000,59.000,No,2800.00,165200.00,Assembly Surplus,Central Warehouse,2025-02-05,2025-02-02,Generated move order item for Stator Core 3 kW.
4129,1429,2,135.000,135.000,No,2800.00,378000.00,Central Warehouse,Production Line,2025-02-07,2025-02-03,Generated move order item for Stator Core 3 kW.
4130,1430,2,174.000,174.000,No,2800.00,487200.00,Production Line,Quality Inspection,2025-02-09,2025-02-04,Generated move order item for Stator Core 3 kW.
4131,1431,101,53.000,53.000,No,36500.00,1934500.00,Assembly,FG Store,2025-02-06,2025-02-05,Generated move order item for PMSM Motor 3 kW.
4132,1432,101,12.000,12.000,No,36500.00,438000.00,FG Store,Dispatch Dock,2025-02-08,2025-02-06,Generated move order item for PMSM Motor 3 kW.
4133,1433,24,76.000,76.000,No,220.00,16720.00,Maintenance Store,Maintenance Bay,2025-02-10,2025-02-07,Generated move order item for Bearing 6205-2RS.
4134,1434,2,130.000,130.000,No,2800.00,364000.00,Assembly Surplus,Central Warehouse,2025-02-12,2025-02-08,Generated move order item for Stator Core 3 kW.
4135,1435,2,425.000,425.000,No,2800.00,1190000.00,Central Warehouse,Production Line,2025-02-14,2025-02-09,Generated move order item for Stator Core 3 kW.
4136,1436,2,55.000,55.000,No,2800.00,154000.00,Production Line,Quality Inspection,2025-02-11,2025-02-10,Generated move order item for Stator Core 3 kW.
4137,1437,101,18.000,18.000,No,36500.00,657000.00,Assembly,FG Store,2025-02-13,2025-02-11,Generated move order item for PMSM Motor 3 kW.
4138,1438,101,10.000,10.000,No,36500.00,365000.00,FG Store,Dispatch Dock,2025-02-15,2025-02-12,Generated move order item for PMSM Motor 3 kW.
4139,1439,24,58.000,58.000,No,220.00,12760.00,Maintenance Store,Maintenance Bay,2025-02-17,2025-02-13,Generated move order item for Bearing 6205-2RS.
4140,1440,2,402.000,402.000,No,2800.00,1125600.00,Assembly Surplus,Central Warehouse,2025-02-19,2025-02-14,Generated move order item for Stator Core 3 kW.
4141,1441,2,237.000,237.000,No,2800.00,663600.00,Central Warehouse,Production Line,2025-02-16,2025-02-15,Generated move order item for Stator Core 3 kW.
4142,1442,2,290.000,290.000,No,2800.00,812000.00,Production Line,Quality Inspection,2025-02-18,2025-02-16,Generated move order item for Stator Core 3 kW.
4143,1443,101,40.000,40.000,No,36500.00,1460000.00,Assembly,FG Store,2025-02-20,2025-02-17,Generated move order item for PMSM Motor 3 kW.
4144,1444,101,30.000,30.000,No,36500.00,1095000.00,FG Store,Dispatch Dock,2025-02-22,2025-02-18,Generated move order item for PMSM Motor 3 kW.
4145,1445,24,77.000,77.000,No,220.00,16940.00,Maintenance Store,Maintenance Bay,2025-02-24,2025-02-19,Generated move order item for Bearing 6205-2RS.
4146,1446,2,177.000,177.000,No,2800.00,495600.00,Assembly Surplus,Central Warehouse,2025-02-21,2025-02-20,Generated move order item for Stator Core 3 kW.
4147,1447,2,128.000,128.000,No,2800.00,358400.00,Central Warehouse,Production Line,2025-02-23,2025-02-21,Generated move order item for Stator Core 3 kW.
4148,1448,2,134.000,134.000,No,2800.00,375200.00,Production Line,Quality Inspection,2025-02-25,2025-02-22,Generated move order item for Stator Core 3 kW.
4149,1449,101,14.000,14.000,No,36500.00,511000.00,Assembly,FG Store,2025-02-27,2025-02-23,Generated move order item for PMSM Motor 3 kW.
4150,1450,101,7.000,7.000,No,36500.00,255500.00,FG Store,Dispatch Dock,2025-03-01,2025-02-24,Generated move order item for PMSM Motor 3 kW.
4151,1451,24,9.000,9.000,No,220.00,1980.00,Maintenance Store,Maintenance Bay,2025-02-26,2025-02-25,Generated move order item for Bearing 6205-2RS.
4152,1452,2,73.000,73.000,No,2800.00,204400.00,Assembly Surplus,Central Warehouse,2025-02-28,2025-02-26,Generated move order item for Stator Core 3 kW.
4153,1453,2,120.000,120.000,No,2800.00,336000.00,Central Warehouse,Production Line,2025-03-02,2025-02-27,Generated move order item for Stator Core 3 kW.
4154,1454,2,335.000,335.000,No,2800.00,938000.00,Production Line,Quality Inspection,2025-03-04,2025-02-28,Generated move order item for Stator Core 3 kW.
4155,1455,101,18.000,18.000,No,36500.00,657000.00,Assembly,FG Store,2025-03-06,2025-03-01,Generated move order item for PMSM Motor 3 kW.
4156,1456,101,37.000,37.000,No,36500.00,1350500.00,FG Store,Dispatch Dock,2025-03-03,2025-03-02,Generated move order item for PMSM Motor 3 kW.
4157,1457,24,11.000,11.000,No,220.00,2420.00,Maintenance Store,Maintenance Bay,2025-03-05,2025-03-03,Generated move order item for Bearing 6205-2RS.
4158,1458,2,411.000,411.000,No,2800.00,1150800.00,Assembly Surplus,Central Warehouse,2025-03-07,2025-03-04,Generated move order item for Stator Core 3 kW.
4159,1459,2,210.000,210.000,No,2800.00,588000.00,Central Warehouse,Production Line,2025-03-09,2025-03-05,Generated move order item for Stator Core 3 kW.
4160,1460,2,248.000,248.000,No,2800.00,694400.00,Production Line,Quality Inspection,2025-03-11,2025-03-06,Generated move order item for Stator Core 3 kW.
4161,1461,101,42.000,42.000,No,36500.00,1533000.00,Assembly,FG Store,2025-03-08,2025-03-07,Generated move order item for PMSM Motor 3 kW.
4162,1462,101,60.000,60.000,No,36500.00,2190000.00,FG Store,Dispatch Dock,2025-03-10,2025-03-08,Generated move order item for PMSM Motor 3 kW.
4163,1463,24,81.000,81.000,No,220.00,17820.00,Maintenance Store,Maintenance Bay,2025-03-12,2025-03-09,Generated move order item for Bearing 6205-2RS.
4164,1464,2,231.000,231.000,No,2800.00,646800.00,Assembly Surplus,Central Warehouse,2025-03-14,2025-03-10,Generated move order item for Stator Core 3 kW.
4165,1465,2,205.000,205.000,No,2800.00,574000.00,Central Warehouse,Production Line,2025-03-16,2025-03-11,Generated move order item for Stator Core 3 kW.
4166,1466,2,202.000,202.000,No,2800.00,565600.00,Production Line,Quality Inspection,2025-03-13,2025-03-12,Generated move order item for Stator Core 3 kW.
4167,1467,101,9.000,9.000,No,36500.00,328500.00,Assembly,FG Store,2025-03-15,2025-03-13,Generated move order item for PMSM Motor 3 kW.
4168,1468,101,23.000,23.000,No,36500.00,839500.00,FG Store,Dispatch Dock,2025-03-17,2025-03-14,Generated move order item for PMSM Motor 3 kW.
4169,1469,24,77.000,77.000,No,220.00,16940.00,Maintenance Store,Maintenance Bay,2025-03-19,2025-03-15,Generated move order item for Bearing 6205-2RS.
4170,1470,2,174.000,174.000,No,2800.00,487200.00,Assembly Surplus,Central Warehouse,2025-03-21,2025-03-16,Generated move order item for Stator Core 3 kW.
4171,1471,2,226.000,226.000,No,2800.00,632800.00,Central Warehouse,Production Line,2025-03-18,2025-03-17,Generated move order item for Stator Core 3 kW.
4172,1472,2,81.000,81.000,No,2800.00,226800.00,Production Line,Quality Inspection,2025-03-20,2025-03-18,Generated move order item for Stator Core 3 kW.
4173,1473,101,19.000,19.000,No,36500.00,693500.00,Assembly,FG Store,2025-03-22,2025-03-19,Generated move order item for PMSM Motor 3 kW.
4174,1474,101,8.000,8.000,No,36500.00,292000.00,FG Store,Dispatch Dock,2025-03-24,2025-03-20,Generated move order item for PMSM Motor 3 kW.
4175,1475,24,50.000,50.000,No,220.00,11000.00,Maintenance Store,Maintenance Bay,2025-03-26,2025-03-21,Generated move order item for Bearing 6205-2RS.
4176,1476,2,183.000,183.000,No,2800.00,512400.00,Assembly Surplus,Central Warehouse,2025-03-23,2025-03-22,Generated move order item for Stator Core 3 kW.
4177,1477,2,487.000,487.000,No,2800.00,1363600.00,Central Warehouse,Production Line,2025-03-25,2025-03-23,Generated move order item for Stator Core 3 kW.
4178,1478,2,315.000,315.000,No,2800.00,882000.00,Production Line,Quality Inspection,2025-03-27,2025-03-24,Generated move order item for Stator Core 3 kW.
4179,1479,101,25.000,25.000,No,36500.00,912500.00,Assembly,FG Store,2025-03-29,2025-03-25,Generated move order item for PMSM Motor 3 kW.
4180,1480,101,35.000,35.000,No,36500.00,1277500.00,FG Store,Dispatch Dock,2025-03-31,2025-03-26,Generated move order item for PMSM Motor 3 kW.
4181,1481,24,97.000,97.000,No,220.00,21340.00,Maintenance Store,Maintenance Bay,2025-03-28,2025-03-27,Generated move order item for Bearing 6205-2RS.
4182,1482,2,131.000,131.000,No,2800.00,366800.00,Assembly Surplus,Central Warehouse,2025-03-30,2025-03-28,Generated move order item for Stator Core 3 kW.
4183,1483,2,164.000,164.000,No,2800.00,459200.00,Central Warehouse,Production Line,2025-04-01,2025-03-29,Generated move order item for Stator Core 3 kW.
4184,1484,2,295.000,295.000,No,2800.00,826000.00,Production Line,Quality Inspection,2025-04-03,2025-03-30,Generated move order item for Stator Core 3 kW.
4185,1485,101,10.000,10.000,No,36500.00,365000.00,Assembly,FG Store,2025-04-05,2025-03-31,Generated move order item for PMSM Motor 3 kW.
4186,1486,101,34.000,34.000,No,36500.00,1241000.00,FG Store,Dispatch Dock,2025-04-02,2025-04-01,Generated move order item for PMSM Motor 3 kW.
4187,1487,24,20.000,20.000,No,220.00,4400.00,Maintenance Store,Maintenance Bay,2025-04-04,2025-04-02,Generated move order item for Bearing 6205-2RS.
4188,1488,2,439.000,439.000,No,2800.00,1229200.00,Assembly Surplus,Central Warehouse,2025-04-06,2025-04-03,Generated move order item for Stator Core 3 kW.
4189,1489,2,398.000,398.000,No,2800.00,1114400.00,Central Warehouse,Production Line,2025-04-08,2025-04-04,Generated move order item for Stator Core 3 kW.
4190,1490,2,71.000,71.000,No,2800.00,198800.00,Production Line,Quality Inspection,2025-04-10,2025-04-05,Generated move order item for Stator Core 3 kW.
4191,1491,101,35.000,35.000,No,36500.00,1277500.00,Assembly,FG Store,2025-04-07,2025-04-06,Generated move order item for PMSM Motor 3 kW.
4192,1492,101,16.000,16.000,No,36500.00,584000.00,FG Store,Dispatch Dock,2025-04-09,2025-04-07,Generated move order item for PMSM Motor 3 kW.
4193,1493,24,60.000,60.000,No,220.00,13200.00,Maintenance Store,Maintenance Bay,2025-04-11,2025-04-08,Generated move order item for Bearing 6205-2RS.
4194,1494,2,295.000,295.000,No,2800.00,826000.00,Assembly Surplus,Central Warehouse,2025-04-13,2025-04-09,Generated move order item for Stator Core 3 kW.
4195,1495,2,486.000,486.000,No,2800.00,1360800.00,Central Warehouse,Production Line,2025-04-15,2025-04-10,Generated move order item for Stator Core 3 kW.
4196,1496,2,130.000,130.000,No,2800.00,364000.00,Production Line,Quality Inspection,2025-04-12,2025-04-11,Generated move order item for Stator Core 3 kW.
4197,1497,101,33.000,33.000,No,36500.00,1204500.00,Assembly,FG Store,2025-04-14,2025-04-12,Generated move order item for PMSM Motor 3 kW.
4198,1498,101,59.000,59.000,No,36500.00,2153500.00,FG Store,Dispatch Dock,2025-04-16,2025-04-13,Generated move order item for PMSM Motor 3 kW.
4199,1499,24,16.000,16.000,No,220.00,3520.00,Maintenance Store,Maintenance Bay,2025-04-18,2025-04-14,Generated move order item for Bearing 6205-2RS.
4200,1500,2,164.000,164.000,No,2800.00,459200.00,Assembly Surplus,Central Warehouse,2025-04-20,2025-04-15,Generated move order item for Stator Core 3 kW.
4201,1501,2,374.000,374.000,No,2800.00,1047200.00,Central Warehouse,Production Line,2025-04-17,2025-04-16,Generated move order item for Stator Core 3 kW.
4202,1502,2,98.000,98.000,No,2800.00,274400.00,Production Line,Quality Inspection,2025-04-19,2025-04-17,Generated move order item for Stator Core 3 kW.
4203,1503,101,16.000,16.000,No,36500.00,584000.00,Assembly,FG Store,2025-04-21,2025-04-18,Generated move order item for PMSM Motor 3 kW.
4204,1504,101,58.000,58.000,No,36500.00,2117000.00,FG Store,Dispatch Dock,2025-04-23,2025-04-19,Generated move order item for PMSM Motor 3 kW.
4205,1505,24,60.000,60.000,No,220.00,13200.00,Maintenance Store,Maintenance Bay,2025-04-25,2025-04-20,Generated move order item for Bearing 6205-2RS.
4206,1506,2,75.000,75.000,No,2800.00,210000.00,Assembly Surplus,Central Warehouse,2025-04-22,2025-04-21,Generated move order item for Stator Core 3 kW.
4207,1507,2,435.000,435.000,No,2800.00,1218000.00,Central Warehouse,Production Line,2025-04-24,2025-04-22,Generated move order item for Stator Core 3 kW.
4208,1508,2,286.000,286.000,No,2800.00,800800.00,Production Line,Quality Inspection,2025-04-26,2025-04-23,Generated move order item for Stator Core 3 kW.
4209,1509,101,31.000,31.000,No,36500.00,1131500.00,Assembly,FG Store,2025-04-28,2025-04-24,Generated move order item for PMSM Motor 3 kW.
4210,1510,101,60.000,60.000,No,36500.00,2190000.00,FG Store,Dispatch Dock,2025-04-30,2025-04-25,Generated move order item for PMSM Motor 3 kW.
4211,1511,24,35.000,35.000,No,220.00,7700.00,Maintenance Store,Maintenance Bay,2025-04-27,2025-04-26,Generated move order item for Bearing 6205-2RS.
4212,1512,2,220.000,220.000,No,2800.00,616000.00,Assembly Surplus,Central Warehouse,2025-04-29,2025-04-27,Generated move order item for Stator Core 3 kW.
4213,1513,2,309.000,309.000,No,2800.00,865200.00,Central Warehouse,Production Line,2025-05-01,2025-04-28,Generated move order item for Stator Core 3 kW.
4214,1514,2,158.000,158.000,No,2800.00,442400.00,Production Line,Quality Inspection,2025-05-03,2025-04-29,Generated move order item for Stator Core 3 kW.
4215,1515,101,12.000,12.000,No,36500.00,438000.00,Assembly,FG Store,2025-05-05,2025-04-30,Generated move order item for PMSM Motor 3 kW.
4216,1516,101,12.000,12.000,No,36500.00,438000.00,FG Store,Dispatch Dock,2025-05-02,2025-05-01,Generated move order item for PMSM Motor 3 kW.
4217,1517,24,34.000,34.000,No,220.00,7480.00,Maintenance Store,Maintenance Bay,2025-05-04,2025-05-02,Generated move order item for Bearing 6205-2RS.
4218,1518,2,85.000,85.000,No,2800.00,238000.00,Assembly Surplus,Central Warehouse,2025-05-06,2025-05-03,Generated move order item for Stator Core 3 kW.
4219,1519,2,277.000,277.000,No,2800.00,775600.00,Central Warehouse,Production Line,2025-05-08,2025-05-04,Generated move order item for Stator Core 3 kW.
4220,1520,2,498.000,498.000,No,2800.00,1394400.00,Production Line,Quality Inspection,2025-05-10,2025-05-05,Generated move order item for Stator Core 3 kW.
4221,1521,101,19.000,19.000,No,36500.00,693500.00,Assembly,FG Store,2025-05-07,2025-05-06,Generated move order item for PMSM Motor 3 kW.
4222,1522,101,7.000,7.000,No,36500.00,255500.00,FG Store,Dispatch Dock,2025-05-09,2025-05-07,Generated move order item for PMSM Motor 3 kW.
4223,1523,24,8.000,8.000,No,220.00,1760.00,Maintenance Store,Maintenance Bay,2025-05-11,2025-05-08,Generated move order item for Bearing 6205-2RS.
4224,1524,2,124.000,124.000,No,2800.00,347200.00,Assembly Surplus,Central Warehouse,2025-05-13,2025-05-09,Generated move order item for Stator Core 3 kW.
4225,1525,2,313.000,313.000,No,2800.00,876400.00,Central Warehouse,Production Line,2025-05-15,2025-05-10,Generated move order item for Stator Core 3 kW.
4226,1526,2,262.000,262.000,No,2800.00,733600.00,Production Line,Quality Inspection,2025-05-12,2025-05-11,Generated move order item for Stator Core 3 kW.
4227,1527,101,27.000,27.000,No,36500.00,985500.00,Assembly,FG Store,2025-05-14,2025-05-12,Generated move order item for PMSM Motor 3 kW.
4228,1528,101,47.000,47.000,No,36500.00,1715500.00,FG Store,Dispatch Dock,2025-05-16,2025-05-13,Generated move order item for PMSM Motor 3 kW.
4229,1529,24,42.000,42.000,No,220.00,9240.00,Maintenance Store,Maintenance Bay,2025-05-18,2025-05-14,Generated move order item for Bearing 6205-2RS.
4230,1530,2,327.000,327.000,No,2800.00,915600.00,Assembly Surplus,Central Warehouse,2025-05-20,2025-05-15,Generated move order item for Stator Core 3 kW.
4231,1531,2,499.000,499.000,No,2800.00,1397200.00,Central Warehouse,Production Line,2025-05-17,2025-05-16,Generated move order item for Stator Core 3 kW.
4232,1532,2,126.000,126.000,No,2800.00,352800.00,Production Line,Quality Inspection,2025-05-19,2025-05-17,Generated move order item for Stator Core 3 kW.
4233,1533,101,11.000,11.000,No,36500.00,401500.00,Assembly,FG Store,2025-05-21,2025-05-18,Generated move order item for PMSM Motor 3 kW.
4234,1534,101,17.000,17.000,No,36500.00,620500.00,FG Store,Dispatch Dock,2025-05-23,2025-05-19,Generated move order item for PMSM Motor 3 kW.
4235,1535,24,19.000,19.000,No,220.00,4180.00,Maintenance Store,Maintenance Bay,2025-05-25,2025-05-20,Generated move order item for Bearing 6205-2RS.
4236,1536,2,423.000,423.000,No,2800.00,1184400.00,Assembly Surplus,Central Warehouse,2025-05-22,2025-05-21,Generated move order item for Stator Core 3 kW.
4237,1537,2,445.000,445.000,No,2800.00,1246000.00,Central Warehouse,Production Line,2025-05-24,2025-05-22,Generated move order item for Stator Core 3 kW.
4238,1538,2,302.000,302.000,No,2800.00,845600.00,Production Line,Quality Inspection,2025-05-26,2025-05-23,Generated move order item for Stator Core 3 kW.
4239,1539,101,12.000,12.000,No,36500.00,438000.00,Assembly,FG Store,2025-05-28,2025-05-24,Generated move order item for PMSM Motor 3 kW.
4240,1540,101,52.000,52.000,No,36500.00,1898000.00,FG Store,Dispatch Dock,2025-05-30,2025-05-25,Generated move order item for PMSM Motor 3 kW.
4241,1541,24,93.000,93.000,No,220.00,20460.00,Maintenance Store,Maintenance Bay,2025-05-27,2025-05-26,Generated move order item for Bearing 6205-2RS.
4242,1542,2,233.000,233.000,No,2800.00,652400.00,Assembly Surplus,Central Warehouse,2025-05-29,2025-05-27,Generated move order item for Stator Core 3 kW.
4243,1543,2,353.000,353.000,No,2800.00,988400.00,Central Warehouse,Production Line,2025-05-31,2025-05-28,Generated move order item for Stator Core 3 kW.
4244,1544,2,324.000,324.000,No,2800.00,907200.00,Production Line,Quality Inspection,2025-06-02,2025-05-29,Generated move order item for Stator Core 3 kW.
4245,1545,101,34.000,34.000,No,36500.00,1241000.00,Assembly,FG Store,2025-06-04,2025-05-30,Generated move order item for PMSM Motor 3 kW.
4246,1546,101,24.000,24.000,No,36500.00,876000.00,FG Store,Dispatch Dock,2025-06-01,2025-05-31,Generated move order item for PMSM Motor 3 kW.
4247,1547,24,31.000,31.000,No,220.00,6820.00,Maintenance Store,Maintenance Bay,2025-06-03,2025-06-01,Generated move order item for Bearing 6205-2RS.
4248,1548,2,174.000,174.000,No,2800.00,487200.00,Assembly Surplus,Central Warehouse,2025-06-05,2025-06-02,Generated move order item for Stator Core 3 kW.
4249,1549,2,212.000,212.000,No,2800.00,593600.00,Central Warehouse,Production Line,2025-06-07,2025-06-03,Generated move order item for Stator Core 3 kW.
4250,1550,2,392.000,392.000,No,2800.00,1097600.00,Production Line,Quality Inspection,2025-06-09,2025-06-04,Generated move order item for Stator Core 3 kW.
4251,1551,101,51.000,51.000,No,36500.00,1861500.00,Assembly,FG Store,2025-06-06,2025-06-05,Generated move order item for PMSM Motor 3 kW.
4252,1552,101,11.000,11.000,No,36500.00,401500.00,FG Store,Dispatch Dock,2025-06-08,2025-06-06,Generated move order item for PMSM Motor 3 kW.
4253,1553,24,10.000,10.000,No,220.00,2200.00,Maintenance Store,Maintenance Bay,2025-06-10,2025-06-07,Generated move order item for Bearing 6205-2RS.
4254,1554,2,265.000,265.000,No,2800.00,742000.00,Assembly Surplus,Central Warehouse,2025-06-12,2025-06-08,Generated move order item for Stator Core 3 kW.
4255,1555,2,396.000,396.000,No,2800.00,1108800.00,Central Warehouse,Production Line,2025-06-14,2025-06-09,Generated move order item for Stator Core 3 kW.
4256,1556,2,302.000,302.000,No,2800.00,845600.00,Production Line,Quality Inspection,2025-06-11,2025-06-10,Generated move order item for Stator Core 3 kW.
4257,1557,101,51.000,51.000,No,36500.00,1861500.00,Assembly,FG Store,2025-06-13,2025-06-11,Generated move order item for PMSM Motor 3 kW.
4258,1558,101,44.000,44.000,No,36500.00,1606000.00,FG Store,Dispatch Dock,2025-06-15,2025-06-12,Generated move order item for PMSM Motor 3 kW.
4259,1559,24,72.000,72.000,No,220.00,15840.00,Maintenance Store,Maintenance Bay,2025-06-17,2025-06-13,Generated move order item for Bearing 6205-2RS.
4260,1560,2,292.000,292.000,No,2800.00,817600.00,Assembly Surplus,Central Warehouse,2025-06-19,2025-06-14,Generated move order item for Stator Core 3 kW.
4261,1561,2,74.000,74.000,No,2800.00,207200.00,Central Warehouse,Production Line,2025-06-16,2025-06-15,Generated move order item for Stator Core 3 kW.
4262,1562,2,131.000,131.000,No,2800.00,366800.00,Production Line,Quality Inspection,2025-06-18,2025-06-16,Generated move order item for Stator Core 3 kW.
4263,1563,101,46.000,46.000,No,36500.00,1679000.00,Assembly,FG Store,2025-06-20,2025-06-17,Generated move order item for PMSM Motor 3 kW.
4264,1564,101,22.000,22.000,No,36500.00,803000.00,FG Store,Dispatch Dock,2025-06-22,2025-06-18,Generated move order item for PMSM Motor 3 kW.
4265,1565,24,74.000,74.000,No,220.00,16280.00,Maintenance Store,Maintenance Bay,2025-06-24,2025-06-19,Generated move order item for Bearing 6205-2RS.
4266,1566,2,203.000,203.000,No,2800.00,568400.00,Assembly Surplus,Central Warehouse,2025-06-21,2025-06-20,Generated move order item for Stator Core 3 kW.
4267,1567,2,55.000,55.000,No,2800.00,154000.00,Central Warehouse,Production Line,2025-06-23,2025-06-21,Generated move order item for Stator Core 3 kW.
4268,1568,2,355.000,355.000,No,2800.00,994000.00,Production Line,Quality Inspection,2025-06-25,2025-06-22,Generated move order item for Stator Core 3 kW.
4269,1569,101,54.000,54.000,No,36500.00,1971000.00,Assembly,FG Store,2025-06-27,2025-06-23,Generated move order item for PMSM Motor 3 kW.
4270,1570,101,29.000,29.000,No,36500.00,1058500.00,FG Store,Dispatch Dock,2025-06-29,2025-06-24,Generated move order item for PMSM Motor 3 kW.
4271,1571,24,17.000,17.000,No,220.00,3740.00,Maintenance Store,Maintenance Bay,2025-06-26,2025-06-25,Generated move order item for Bearing 6205-2RS.
4272,1572,2,236.000,236.000,No,2800.00,660800.00,Assembly Surplus,Central Warehouse,2025-06-28,2025-06-26,Generated move order item for Stator Core 3 kW.
4273,1573,2,483.000,483.000,No,2800.00,1352400.00,Central Warehouse,Production Line,2025-06-30,2025-06-27,Generated move order item for Stator Core 3 kW.
4274,1574,2,193.000,193.000,No,2800.00,540400.00,Production Line,Quality Inspection,2025-07-02,2025-06-28,Generated move order item for Stator Core 3 kW.
4275,1575,101,8.000,8.000,No,36500.00,292000.00,Assembly,FG Store,2025-07-04,2025-06-29,Generated move order item for PMSM Motor 3 kW.
4276,1576,101,47.000,47.000,No,36500.00,1715500.00,FG Store,Dispatch Dock,2025-07-01,2025-06-30,Generated move order item for PMSM Motor 3 kW.
4277,1577,24,27.000,27.000,No,220.00,5940.00,Maintenance Store,Maintenance Bay,2025-07-03,2025-07-01,Generated move order item for Bearing 6205-2RS.
4278,1578,2,66.000,66.000,No,2800.00,184800.00,Assembly Surplus,Central Warehouse,2025-07-05,2025-07-02,Generated move order item for Stator Core 3 kW.
4279,1579,2,361.000,361.000,No,2800.00,1010800.00,Central Warehouse,Production Line,2025-07-07,2025-07-03,Generated move order item for Stator Core 3 kW.
4280,1580,2,202.000,202.000,No,2800.00,565600.00,Production Line,Quality Inspection,2025-07-09,2025-07-04,Generated move order item for Stator Core 3 kW.
4281,1581,101,12.000,12.000,No,36500.00,438000.00,Assembly,FG Store,2025-07-06,2025-07-05,Generated move order item for PMSM Motor 3 kW.
4282,1582,101,8.000,8.000,No,36500.00,292000.00,FG Store,Dispatch Dock,2025-07-08,2025-07-06,Generated move order item for PMSM Motor 3 kW.
4283,1583,24,22.000,22.000,No,220.00,4840.00,Maintenance Store,Maintenance Bay,2025-07-10,2025-07-07,Generated move order item for Bearing 6205-2RS.
4284,1584,2,117.000,117.000,No,2800.00,327600.00,Assembly Surplus,Central Warehouse,2025-07-12,2025-07-08,Generated move order item for Stator Core 3 kW.
4285,1585,2,55.000,55.000,No,2800.00,154000.00,Central Warehouse,Production Line,2025-07-14,2025-07-09,Generated move order item for Stator Core 3 kW.
4286,1586,2,217.000,217.000,No,2800.00,607600.00,Production Line,Quality Inspection,2025-07-11,2025-07-10,Generated move order item for Stator Core 3 kW.
4287,1587,101,51.000,51.000,No,36500.00,1861500.00,Assembly,FG Store,2025-07-13,2025-07-11,Generated move order item for PMSM Motor 3 kW.
4288,1588,101,27.000,27.000,No,36500.00,985500.00,FG Store,Dispatch Dock,2025-07-15,2025-07-12,Generated move order item for PMSM Motor 3 kW.
4289,1589,24,8.000,8.000,No,220.00,1760.00,Maintenance Store,Maintenance Bay,2025-07-17,2025-07-13,Generated move order item for Bearing 6205-2RS.
4290,1590,2,447.000,447.000,No,2800.00,1251600.00,Assembly Surplus,Central Warehouse,2025-07-19,2025-07-14,Generated move order item for Stator Core 3 kW.
4291,1591,2,335.000,335.000,No,2800.00,938000.00,Central Warehouse,Production Line,2025-07-16,2025-07-15,Generated move order item for Stator Core 3 kW.
4292,1592,2,484.000,484.000,No,2800.00,1355200.00,Production Line,Quality Inspection,2025-07-18,2025-07-16,Generated move order item for Stator Core 3 kW.
4293,1593,101,37.000,37.000,No,36500.00,1350500.00,Assembly,FG Store,2025-07-20,2025-07-17,Generated move order item for PMSM Motor 3 kW.
4294,1594,101,31.000,31.000,No,36500.00,1131500.00,FG Store,Dispatch Dock,2025-07-22,2025-07-18,Generated move order item for PMSM Motor 3 kW.
4295,1595,24,54.000,54.000,No,220.00,11880.00,Maintenance Store,Maintenance Bay,2025-07-24,2025-07-19,Generated move order item for Bearing 6205-2RS.
4296,1596,2,52.000,52.000,No,2800.00,145600.00,Assembly Surplus,Central Warehouse,2025-07-21,2025-07-20,Generated move order item for Stator Core 3 kW.
4297,1597,2,219.000,219.000,No,2800.00,613200.00,Central Warehouse,Production Line,2025-07-23,2025-07-21,Generated move order item for Stator Core 3 kW.
4298,1598,2,249.000,249.000,No,2800.00,697200.00,Production Line,Quality Inspection,2025-07-25,2025-07-22,Generated move order item for Stator Core 3 kW.
4299,1599,101,21.000,21.000,No,36500.00,766500.00,Assembly,FG Store,2025-07-27,2025-07-23,Generated move order item for PMSM Motor 3 kW.
4300,1600,101,51.000,51.000,No,36500.00,1861500.00,FG Store,Dispatch Dock,2025-07-29,2025-07-24,Generated move order item for PMSM Motor 3 kW.
4301,1601,24,96.000,96.000,No,220.00,21120.00,Maintenance Store,Maintenance Bay,2025-07-26,2025-07-25,Generated move order item for Bearing 6205-2RS.
4302,1602,2,265.000,265.000,No,2800.00,742000.00,Assembly Surplus,Central Warehouse,2025-07-28,2025-07-26,Generated move order item for Stator Core 3 kW.
4303,1603,2,404.000,404.000,No,2800.00,1131200.00,Central Warehouse,Production Line,2025-07-30,2025-07-27,Generated move order item for Stator Core 3 kW.
4304,1604,2,150.000,150.000,No,2800.00,420000.00,Production Line,Quality Inspection,2025-08-01,2025-07-28,Generated move order item for Stator Core 3 kW.
4305,1605,101,56.000,56.000,No,36500.00,2044000.00,Assembly,FG Store,2025-08-03,2025-07-29,Generated move order item for PMSM Motor 3 kW.
4306,1606,101,44.000,44.000,No,36500.00,1606000.00,FG Store,Dispatch Dock,2025-07-31,2025-07-30,Generated move order item for PMSM Motor 3 kW.
4307,1607,24,75.000,75.000,No,220.00,16500.00,Maintenance Store,Maintenance Bay,2025-08-02,2025-07-31,Generated move order item for Bearing 6205-2RS.
4308,1608,2,318.000,318.000,No,2800.00,890400.00,Assembly Surplus,Central Warehouse,2025-08-04,2025-08-01,Generated move order item for Stator Core 3 kW.
4309,1609,2,423.000,423.000,No,2800.00,1184400.00,Central Warehouse,Production Line,2025-08-06,2025-08-02,Generated move order item for Stator Core 3 kW.
4310,1610,2,290.000,290.000,No,2800.00,812000.00,Production Line,Quality Inspection,2025-08-08,2025-08-03,Generated move order item for Stator Core 3 kW.
4311,1611,101,58.000,58.000,No,36500.00,2117000.00,Assembly,FG Store,2025-08-05,2025-08-04,Generated move order item for PMSM Motor 3 kW.
4312,1612,101,42.000,42.000,No,36500.00,1533000.00,FG Store,Dispatch Dock,2025-08-07,2025-08-05,Generated move order item for PMSM Motor 3 kW.
4313,1613,24,48.000,48.000,No,220.00,10560.00,Maintenance Store,Maintenance Bay,2025-08-09,2025-08-06,Generated move order item for Bearing 6205-2RS.
4314,1614,2,143.000,143.000,No,2800.00,400400.00,Assembly Surplus,Central Warehouse,2025-08-11,2025-08-07,Generated move order item for Stator Core 3 kW.
4315,1615,2,459.000,459.000,No,2800.00,1285200.00,Central Warehouse,Production Line,2025-08-13,2025-08-08,Generated move order item for Stator Core 3 kW.
4316,1616,2,75.000,75.000,No,2800.00,210000.00,Production Line,Quality Inspection,2025-08-10,2025-08-09,Generated move order item for Stator Core 3 kW.
4317,1617,101,7.000,7.000,No,36500.00,255500.00,Assembly,FG Store,2025-08-12,2025-08-10,Generated move order item for PMSM Motor 3 kW.
4318,1618,101,6.000,6.000,No,36500.00,219000.00,FG Store,Dispatch Dock,2025-08-14,2025-08-11,Generated move order item for PMSM Motor 3 kW.
4319,1619,24,15.000,15.000,No,220.00,3300.00,Maintenance Store,Maintenance Bay,2025-08-16,2025-08-12,Generated move order item for Bearing 6205-2RS.
4320,1620,2,161.000,161.000,No,2800.00,450800.00,Assembly Surplus,Central Warehouse,2025-08-18,2025-08-13,Generated move order item for Stator Core 3 kW.
4321,1621,2,271.000,271.000,No,2800.00,758800.00,Central Warehouse,Production Line,2025-08-15,2025-08-14,Generated move order item for Stator Core 3 kW.
4322,1622,2,174.000,174.000,No,2800.00,487200.00,Production Line,Quality Inspection,2025-08-17,2025-08-15,Generated move order item for Stator Core 3 kW.
4323,1623,101,30.000,30.000,No,36500.00,1095000.00,Assembly,FG Store,2025-08-19,2025-08-16,Generated move order item for PMSM Motor 3 kW.
4324,1624,101,30.000,30.000,No,36500.00,1095000.00,FG Store,Dispatch Dock,2025-08-21,2025-08-17,Generated move order item for PMSM Motor 3 kW.
4325,1625,24,47.000,47.000,No,220.00,10340.00,Maintenance Store,Maintenance Bay,2025-08-23,2025-08-18,Generated move order item for Bearing 6205-2RS.
4326,1626,2,76.000,76.000,No,2800.00,212800.00,Assembly Surplus,Central Warehouse,2025-08-20,2025-08-19,Generated move order item for Stator Core 3 kW.
4327,1627,2,292.000,292.000,No,2800.00,817600.00,Central Warehouse,Production Line,2025-08-22,2025-08-20,Generated move order item for Stator Core 3 kW.
4328,1628,2,185.000,185.000,No,2800.00,518000.00,Production Line,Quality Inspection,2025-08-24,2025-08-21,Generated move order item for Stator Core 3 kW.
4329,1629,101,35.000,35.000,No,36500.00,1277500.00,Assembly,FG Store,2025-08-26,2025-08-22,Generated move order item for PMSM Motor 3 kW.
4330,1630,101,8.000,8.000,No,36500.00,292000.00,FG Store,Dispatch Dock,2025-08-28,2025-08-23,Generated move order item for PMSM Motor 3 kW.
4331,1631,24,88.000,88.000,No,220.00,19360.00,Maintenance Store,Maintenance Bay,2025-08-25,2025-08-24,Generated move order item for Bearing 6205-2RS.
4332,1632,2,375.000,375.000,No,2800.00,1050000.00,Assembly Surplus,Central Warehouse,2025-08-27,2025-08-25,Generated move order item for Stator Core 3 kW.
4333,1633,2,206.000,206.000,No,2800.00,576800.00,Central Warehouse,Production Line,2025-08-29,2025-08-26,Generated move order item for Stator Core 3 kW.
4334,1634,2,212.000,212.000,No,2800.00,593600.00,Production Line,Quality Inspection,2025-08-31,2025-08-27,Generated move order item for Stator Core 3 kW.
4335,1635,101,22.000,22.000,No,36500.00,803000.00,Assembly,FG Store,2025-09-02,2025-08-28,Generated move order item for PMSM Motor 3 kW.
4336,1636,101,60.000,60.000,No,36500.00,2190000.00,FG Store,Dispatch Dock,2025-08-30,2025-08-29,Generated move order item for PMSM Motor 3 kW.
4337,1637,24,72.000,72.000,No,220.00,15840.00,Maintenance Store,Maintenance Bay,2025-09-01,2025-08-30,Generated move order item for Bearing 6205-2RS.
4338,1638,2,257.000,257.000,No,2800.00,719600.00,Assembly Surplus,Central Warehouse,2025-09-03,2025-08-31,Generated move order item for Stator Core 3 kW.
4339,1639,2,342.000,342.000,No,2800.00,957600.00,Central Warehouse,Production Line,2025-09-05,2025-09-01,Generated move order item for Stator Core 3 kW.
4340,1640,2,79.000,79.000,No,2800.00,221200.00,Production Line,Quality Inspection,2025-09-07,2025-09-02,Generated move order item for Stator Core 3 kW.
4341,1641,101,51.000,51.000,No,36500.00,1861500.00,Assembly,FG Store,2025-09-04,2025-09-03,Generated move order item for PMSM Motor 3 kW.
4342,1642,101,38.000,38.000,No,36500.00,1387000.00,FG Store,Dispatch Dock,2025-09-06,2025-09-04,Generated move order item for PMSM Motor 3 kW.
4343,1643,24,34.000,34.000,No,220.00,7480.00,Maintenance Store,Maintenance Bay,2025-09-08,2025-09-05,Generated move order item for Bearing 6205-2RS.
4344,1644,2,362.000,362.000,No,2800.00,1013600.00,Assembly Surplus,Central Warehouse,2025-09-10,2025-09-06,Generated move order item for Stator Core 3 kW.
4345,1645,2,52.000,52.000,No,2800.00,145600.00,Central Warehouse,Production Line,2025-09-12,2025-09-07,Generated move order item for Stator Core 3 kW.
4346,1646,2,271.000,271.000,No,2800.00,758800.00,Production Line,Quality Inspection,2025-09-09,2025-09-08,Generated move order item for Stator Core 3 kW.
4347,1647,101,57.000,57.000,No,36500.00,2080500.00,Assembly,FG Store,2025-09-11,2025-09-09,Generated move order item for PMSM Motor 3 kW.
4348,1648,101,47.000,47.000,No,36500.00,1715500.00,FG Store,Dispatch Dock,2025-09-13,2025-09-10,Generated move order item for PMSM Motor 3 kW.
4349,1649,24,9.000,9.000,No,220.00,1980.00,Maintenance Store,Maintenance Bay,2025-09-15,2025-09-11,Generated move order item for Bearing 6205-2RS.
4350,1650,2,316.000,316.000,No,2800.00,884800.00,Assembly Surplus,Central Warehouse,2025-09-17,2025-09-12,Generated move order item for Stator Core 3 kW.
4351,1651,2,356.000,356.000,No,2800.00,996800.00,Central Warehouse,Production Line,2025-09-14,2025-09-13,Generated move order item for Stator Core 3 kW.
4352,1652,2,287.000,287.000,No,2800.00,803600.00,Production Line,Quality Inspection,2025-09-16,2025-09-14,Generated move order item for Stator Core 3 kW.
4353,1653,101,23.000,23.000,No,36500.00,839500.00,Assembly,FG Store,2025-09-18,2025-09-15,Generated move order item for PMSM Motor 3 kW.
4354,1654,101,43.000,43.000,No,36500.00,1569500.00,FG Store,Dispatch Dock,2025-09-20,2025-09-16,Generated move order item for PMSM Motor 3 kW.
4355,1655,24,45.000,45.000,No,220.00,9900.00,Maintenance Store,Maintenance Bay,2025-09-22,2025-09-17,Generated move order item for Bearing 6205-2RS.
4356,1656,2,477.000,477.000,No,2800.00,1335600.00,Assembly Surplus,Central Warehouse,2025-09-19,2025-09-18,Generated move order item for Stator Core 3 kW.
4357,1657,2,427.000,427.000,No,2800.00,1195600.00,Central Warehouse,Production Line,2025-09-21,2025-09-19,Generated move order item for Stator Core 3 kW.
4358,1658,2,460.000,460.000,No,2800.00,1288000.00,Production Line,Quality Inspection,2025-09-23,2025-09-20,Generated move order item for Stator Core 3 kW.
4359,1659,101,28.000,28.000,No,36500.00,1022000.00,Assembly,FG Store,2025-09-25,2025-09-21,Generated move order item for PMSM Motor 3 kW.
4360,1660,101,42.000,42.000,No,36500.00,1533000.00,FG Store,Dispatch Dock,2025-09-27,2025-09-22,Generated move order item for PMSM Motor 3 kW.
4361,1661,24,18.000,18.000,No,220.00,3960.00,Maintenance Store,Maintenance Bay,2025-09-24,2025-09-23,Generated move order item for Bearing 6205-2RS.
4362,1662,2,389.000,389.000,No,2800.00,1089200.00,Assembly Surplus,Central Warehouse,2025-09-26,2025-09-24,Generated move order item for Stator Core 3 kW.
4363,1663,2,390.000,390.000,No,2800.00,1092000.00,Central Warehouse,Production Line,2025-09-28,2025-09-25,Generated move order item for Stator Core 3 kW.
4364,1664,2,399.000,399.000,No,2800.00,1117200.00,Production Line,Quality Inspection,2025-09-30,2025-09-26,Generated move order item for Stator Core 3 kW.
4365,1665,101,6.000,6.000,No,36500.00,219000.00,Assembly,FG Store,2025-10-02,2025-09-27,Generated move order item for PMSM Motor 3 kW.
4366,1666,101,30.000,30.000,No,36500.00,1095000.00,FG Store,Dispatch Dock,2025-09-29,2025-09-28,Generated move order item for PMSM Motor 3 kW.
4367,1667,24,31.000,31.000,No,220.00,6820.00,Maintenance Store,Maintenance Bay,2025-10-01,2025-09-29,Generated move order item for Bearing 6205-2RS.
4368,1668,2,462.000,462.000,No,2800.00,1293600.00,Assembly Surplus,Central Warehouse,2025-10-03,2025-09-30,Generated move order item for Stator Core 3 kW.
4369,1669,2,292.000,292.000,No,2800.00,817600.00,Central Warehouse,Production Line,2025-10-05,2025-10-01,Generated move order item for Stator Core 3 kW.
4370,1670,2,325.000,325.000,No,2800.00,910000.00,Production Line,Quality Inspection,2025-10-07,2025-10-02,Generated move order item for Stator Core 3 kW.
4371,1671,101,29.000,29.000,No,36500.00,1058500.00,Assembly,FG Store,2025-10-04,2025-10-03,Generated move order item for PMSM Motor 3 kW.
4372,1672,101,11.000,11.000,No,36500.00,401500.00,FG Store,Dispatch Dock,2025-10-06,2025-10-04,Generated move order item for PMSM Motor 3 kW.
4373,1673,24,64.000,64.000,No,220.00,14080.00,Maintenance Store,Maintenance Bay,2025-10-08,2025-10-05,Generated move order item for Bearing 6205-2RS.
4374,1674,2,325.000,325.000,No,2800.00,910000.00,Assembly Surplus,Central Warehouse,2025-10-10,2025-10-06,Generated move order item for Stator Core 3 kW.
4375,1675,2,221.000,221.000,No,2800.00,618800.00,Central Warehouse,Production Line,2025-10-12,2025-10-07,Generated move order item for Stator Core 3 kW.
4376,1676,2,333.000,333.000,No,2800.00,932400.00,Production Line,Quality Inspection,2025-10-09,2025-10-08,Generated move order item for Stator Core 3 kW.
4377,1677,101,26.000,26.000,No,36500.00,949000.00,Assembly,FG Store,2025-10-11,2025-10-09,Generated move order item for PMSM Motor 3 kW.
4378,1678,101,41.000,41.000,No,36500.00,1496500.00,FG Store,Dispatch Dock,2025-10-13,2025-10-10,Generated move order item for PMSM Motor 3 kW.
4379,1679,24,38.000,38.000,No,220.00,8360.00,Maintenance Store,Maintenance Bay,2025-10-15,2025-10-11,Generated move order item for Bearing 6205-2RS.
4380,1680,2,398.000,398.000,No,2800.00,1114400.00,Assembly Surplus,Central Warehouse,2025-10-17,2025-10-12,Generated move order item for Stator Core 3 kW.
4381,1681,2,450.000,450.000,No,2800.00,1260000.00,Central Warehouse,Production Line,2025-10-14,2025-10-13,Generated move order item for Stator Core 3 kW.
4382,1682,2,268.000,268.000,No,2800.00,750400.00,Production Line,Quality Inspection,2025-10-16,2025-10-14,Generated move order item for Stator Core 3 kW.
4383,1683,101,5.000,5.000,No,36500.00,182500.00,Assembly,FG Store,2025-10-18,2025-10-15,Generated move order item for PMSM Motor 3 kW.
4384,1684,101,43.000,43.000,No,36500.00,1569500.00,FG Store,Dispatch Dock,2025-10-20,2025-10-16,Generated move order item for PMSM Motor 3 kW.
4385,1685,24,95.000,95.000,No,220.00,20900.00,Maintenance Store,Maintenance Bay,2025-10-22,2025-10-17,Generated move order item for Bearing 6205-2RS.
4386,1686,2,370.000,370.000,No,2800.00,1036000.00,Assembly Surplus,Central Warehouse,2025-10-19,2025-10-18,Generated move order item for Stator Core 3 kW.
4387,1687,2,211.000,211.000,No,2800.00,590800.00,Central Warehouse,Production Line,2025-10-21,2025-10-19,Generated move order item for Stator Core 3 kW.
4388,1688,2,304.000,304.000,No,2800.00,851200.00,Production Line,Quality Inspection,2025-10-23,2025-10-20,Generated move order item for Stator Core 3 kW.
4389,1689,101,25.000,25.000,No,36500.00,912500.00,Assembly,FG Store,2025-10-25,2025-10-21,Generated move order item for PMSM Motor 3 kW.
4390,1690,101,48.000,48.000,No,36500.00,1752000.00,FG Store,Dispatch Dock,2025-10-27,2025-10-22,Generated move order item for PMSM Motor 3 kW.
4391,1691,24,74.000,74.000,No,220.00,16280.00,Maintenance Store,Maintenance Bay,2025-10-24,2025-10-23,Generated move order item for Bearing 6205-2RS.
4392,1692,2,331.000,331.000,No,2800.00,926800.00,Assembly Surplus,Central Warehouse,2025-10-26,2025-10-24,Generated move order item for Stator Core 3 kW.
4393,1693,2,225.000,225.000,No,2800.00,630000.00,Central Warehouse,Production Line,2025-10-28,2025-10-25,Generated move order item for Stator Core 3 kW.
4394,1694,2,127.000,127.000,No,2800.00,355600.00,Production Line,Quality Inspection,2025-10-30,2025-10-26,Generated move order item for Stator Core 3 kW.
4395,1695,101,39.000,39.000,No,36500.00,1423500.00,Assembly,FG Store,2025-11-01,2025-10-27,Generated move order item for PMSM Motor 3 kW.
4396,1696,101,23.000,23.000,No,36500.00,839500.00,FG Store,Dispatch Dock,2025-10-29,2025-10-28,Generated move order item for PMSM Motor 3 kW.
4397,1697,24,91.000,91.000,No,220.00,20020.00,Maintenance Store,Maintenance Bay,2025-10-31,2025-10-29,Generated move order item for Bearing 6205-2RS.
4398,1698,2,78.000,78.000,No,2800.00,218400.00,Assembly Surplus,Central Warehouse,2025-11-02,2025-10-30,Generated move order item for Stator Core 3 kW.
4399,1699,2,431.000,431.000,No,2800.00,1206800.00,Central Warehouse,Production Line,2025-11-04,2025-10-31,Generated move order item for Stator Core 3 kW.
4400,1700,2,401.000,401.000,No,2800.00,1122800.00,Production Line,Quality Inspection,2025-11-06,2025-11-01,Generated move order item for Stator Core 3 kW.
4401,1701,101,33.000,33.000,No,36500.00,1204500.00,Assembly,FG Store,2025-11-03,2025-11-02,Generated move order item for PMSM Motor 3 kW.
4402,1702,101,60.000,60.000,No,36500.00,2190000.00,FG Store,Dispatch Dock,2025-11-05,2025-11-03,Generated move order item for PMSM Motor 3 kW.
4403,1703,24,73.000,73.000,No,220.00,16060.00,Maintenance Store,Maintenance Bay,2025-11-07,2025-11-04,Generated move order item for Bearing 6205-2RS.
4404,1704,2,68.000,68.000,No,2800.00,190400.00,Assembly Surplus,Central Warehouse,2025-11-09,2025-11-05,Generated move order item for Stator Core 3 kW.
4405,1705,2,226.000,226.000,No,2800.00,632800.00,Central Warehouse,Production Line,2025-11-11,2025-11-06,Generated move order item for Stator Core 3 kW.
4406,1706,2,429.000,429.000,No,2800.00,1201200.00,Production Line,Quality Inspection,2025-11-08,2025-11-07,Generated move order item for Stator Core 3 kW.
4407,1707,101,48.000,48.000,No,36500.00,1752000.00,Assembly,FG Store,2025-11-10,2025-11-08,Generated move order item for PMSM Motor 3 kW.
4408,1708,101,13.000,13.000,No,36500.00,474500.00,FG Store,Dispatch Dock,2025-11-12,2025-11-09,Generated move order item for PMSM Motor 3 kW.
4409,1709,24,21.000,21.000,No,220.00,4620.00,Maintenance Store,Maintenance Bay,2025-11-14,2025-11-10,Generated move order item for Bearing 6205-2RS.
4410,1710,2,466.000,466.000,No,2800.00,1304800.00,Assembly Surplus,Central Warehouse,2025-11-16,2025-11-11,Generated move order item for Stator Core 3 kW.
4411,1711,2,70.000,70.000,No,2800.00,196000.00,Central Warehouse,Production Line,2025-11-13,2025-11-12,Generated move order item for Stator Core 3 kW.
4412,1712,2,478.000,478.000,No,2800.00,1338400.00,Production Line,Quality Inspection,2025-11-15,2025-11-13,Generated move order item for Stator Core 3 kW.
4413,1713,101,35.000,35.000,No,36500.00,1277500.00,Assembly,FG Store,2025-11-17,2025-11-14,Generated move order item for PMSM Motor 3 kW.
4414,1714,101,50.000,50.000,No,36500.00,1825000.00,FG Store,Dispatch Dock,2025-11-19,2025-11-15,Generated move order item for PMSM Motor 3 kW.
4415,1715,24,25.000,25.000,No,220.00,5500.00,Maintenance Store,Maintenance Bay,2025-11-21,2025-11-16,Generated move order item for Bearing 6205-2RS.
4416,1716,2,205.000,205.000,No,2800.00,574000.00,Assembly Surplus,Central Warehouse,2025-11-18,2025-11-17,Generated move order item for Stator Core 3 kW.
4417,1717,2,378.000,378.000,No,2800.00,1058400.00,Central Warehouse,Production Line,2025-11-20,2025-11-18,Generated move order item for Stator Core 3 kW.
4418,1718,2,123.000,123.000,No,2800.00,344400.00,Production Line,Quality Inspection,2025-11-22,2025-11-19,Generated move order item for Stator Core 3 kW.
4419,1719,101,10.000,10.000,No,36500.00,365000.00,Assembly,FG Store,2025-11-24,2025-11-20,Generated move order item for PMSM Motor 3 kW.
4420,1720,101,39.000,39.000,No,36500.00,1423500.00,FG Store,Dispatch Dock,2025-11-26,2025-11-21,Generated move order item for PMSM Motor 3 kW.
4421,1721,24,5.000,5.000,No,220.00,1100.00,Maintenance Store,Maintenance Bay,2025-11-23,2025-11-22,Generated move order item for Bearing 6205-2RS.
4422,1722,2,473.000,473.000,No,2800.00,1324400.00,Assembly Surplus,Central Warehouse,2025-11-25,2025-11-23,Generated move order item for Stator Core 3 kW.
4423,1723,2,354.000,354.000,No,2800.00,991200.00,Central Warehouse,Production Line,2025-11-27,2025-11-24,Generated move order item for Stator Core 3 kW.
4424,1724,2,371.000,371.000,No,2800.00,1038800.00,Production Line,Quality Inspection,2025-11-29,2025-11-25,Generated move order item for Stator Core 3 kW.
4425,1725,101,33.000,33.000,No,36500.00,1204500.00,Assembly,FG Store,2025-12-01,2025-11-26,Generated move order item for PMSM Motor 3 kW.
4426,1726,101,39.000,39.000,No,36500.00,1423500.00,FG Store,Dispatch Dock,2025-11-28,2025-11-27,Generated move order item for PMSM Motor 3 kW.
4427,1727,24,96.000,96.000,No,220.00,21120.00,Maintenance Store,Maintenance Bay,2025-11-30,2025-11-28,Generated move order item for Bearing 6205-2RS.
4428,1728,2,52.000,52.000,No,2800.00,145600.00,Assembly Surplus,Central Warehouse,2025-12-02,2025-11-29,Generated move order item for Stator Core 3 kW.
4429,1729,2,161.000,161.000,No,2800.00,450800.00,Central Warehouse,Production Line,2025-12-04,2025-11-30,Generated move order item for Stator Core 3 kW.
4430,1730,2,364.000,364.000,No,2800.00,1019200.00,Production Line,Quality Inspection,2025-12-06,2025-12-01,Generated move order item for Stator Core 3 kW.
4431,1731,101,11.000,11.000,No,36500.00,401500.00,Assembly,FG Store,2025-12-03,2025-12-02,Generated move order item for PMSM Motor 3 kW.
4432,1732,101,18.000,18.000,No,36500.00,657000.00,FG Store,Dispatch Dock,2025-12-05,2025-12-03,Generated move order item for PMSM Motor 3 kW.
4433,1733,24,7.000,7.000,No,220.00,1540.00,Maintenance Store,Maintenance Bay,2025-12-07,2025-12-04,Generated move order item for Bearing 6205-2RS.
4434,1734,2,74.000,74.000,No,2800.00,207200.00,Assembly Surplus,Central Warehouse,2025-12-09,2025-12-05,Generated move order item for Stator Core 3 kW.
4435,1735,2,250.000,250.000,No,2800.00,700000.00,Central Warehouse,Production Line,2025-12-11,2025-12-06,Generated move order item for Stator Core 3 kW.
4436,1736,2,347.000,347.000,No,2800.00,971600.00,Production Line,Quality Inspection,2025-12-08,2025-12-07,Generated move order item for Stator Core 3 kW.
4437,1737,101,10.000,10.000,No,36500.00,365000.00,Assembly,FG Store,2025-12-10,2025-12-08,Generated move order item for PMSM Motor 3 kW.
4438,1738,101,60.000,60.000,No,36500.00,2190000.00,FG Store,Dispatch Dock,2025-12-12,2025-12-09,Generated move order item for PMSM Motor 3 kW.
4439,1739,24,79.000,79.000,No,220.00,17380.00,Maintenance Store,Maintenance Bay,2025-12-14,2025-12-10,Generated move order item for Bearing 6205-2RS.
4440,1740,2,348.000,348.000,No,2800.00,974400.00,Assembly Surplus,Central Warehouse,2025-12-16,2025-12-11,Generated move order item for Stator Core 3 kW.
4441,1741,2,82.000,82.000,No,2800.00,229600.00,Central Warehouse,Production Line,2025-12-13,2025-12-12,Generated move order item for Stator Core 3 kW.
4442,1742,2,284.000,284.000,No,2800.00,795200.00,Production Line,Quality Inspection,2025-12-15,2025-12-13,Generated move order item for Stator Core 3 kW.
4443,1743,101,56.000,56.000,No,36500.00,2044000.00,Assembly,FG Store,2025-12-17,2025-12-14,Generated move order item for PMSM Motor 3 kW.
4444,1744,101,18.000,18.000,No,36500.00,657000.00,FG Store,Dispatch Dock,2025-12-19,2025-12-15,Generated move order item for PMSM Motor 3 kW.
4445,1745,24,56.000,56.000,No,220.00,12320.00,Maintenance Store,Maintenance Bay,2025-12-21,2025-12-16,Generated move order item for Bearing 6205-2RS.
4446,1746,2,304.000,304.000,No,2800.00,851200.00,Assembly Surplus,Central Warehouse,2025-12-18,2025-12-17,Generated move order item for Stator Core 3 kW.
4447,1747,2,364.000,364.000,No,2800.00,1019200.00,Central Warehouse,Production Line,2025-12-20,2025-12-18,Generated move order item for Stator Core 3 kW.
4448,1748,2,464.000,464.000,No,2800.00,1299200.00,Production Line,Quality Inspection,2025-12-22,2025-12-19,Generated move order item for Stator Core 3 kW.
4449,1749,101,12.000,12.000,No,36500.00,438000.00,Assembly,FG Store,2025-12-24,2025-12-20,Generated move order item for PMSM Motor 3 kW.
4450,1750,101,8.000,8.000,No,36500.00,292000.00,FG Store,Dispatch Dock,2025-12-26,2025-12-21,Generated move order item for PMSM Motor 3 kW.
4451,1751,24,13.000,13.000,No,220.00,2860.00,Maintenance Store,Maintenance Bay,2025-12-23,2025-12-22,Generated move order item for Bearing 6205-2RS.
4452,1752,2,170.000,170.000,No,2800.00,476000.00,Assembly Surplus,Central Warehouse,2025-12-25,2025-12-23,Generated move order item for Stator Core 3 kW.
4453,1753,2,209.000,209.000,No,2800.00,585200.00,Central Warehouse,Production Line,2025-12-27,2025-12-24,Generated move order item for Stator Core 3 kW.
4454,1754,2,446.000,446.000,No,2800.00,1248800.00,Production Line,Quality Inspection,2025-12-29,2025-12-25,Generated move order item for Stator Core 3 kW.
4455,1755,101,34.000,34.000,No,36500.00,1241000.00,Assembly,FG Store,2025-12-31,2025-12-26,Generated move order item for PMSM Motor 3 kW.
4456,1756,101,46.000,46.000,No,36500.00,1679000.00,FG Store,Dispatch Dock,2025-12-28,2025-12-27,Generated move order item for PMSM Motor 3 kW.
4457,1757,24,60.000,60.000,No,220.00,13200.00,Maintenance Store,Maintenance Bay,2025-12-30,2025-12-28,Generated move order item for Bearing 6205-2RS.
4458,1758,2,479.000,479.000,No,2800.00,1341200.00,Assembly Surplus,Central Warehouse,2026-01-01,2025-12-29,Generated move order item for Stator Core 3 kW.
4459,1759,2,198.000,198.000,No,2800.00,554400.00,Central Warehouse,Production Line,2026-01-03,2025-12-30,Generated move order item for Stator Core 3 kW.
4460,1760,2,351.000,351.000,No,2800.00,982800.00,Production Line,Quality Inspection,2026-01-05,2025-12-31,Generated move order item for Stator Core 3 kW.
4461,1761,101,20.000,20.000,No,36500.00,730000.00,Assembly,FG Store,2026-01-02,2026-01-01,Generated move order item for PMSM Motor 3 kW.
4462,1762,101,18.000,18.000,No,36500.00,657000.00,FG Store,Dispatch Dock,2026-01-04,2026-01-02,Generated move order item for PMSM Motor 3 kW.
4463,1763,24,99.000,99.000,No,220.00,21780.00,Maintenance Store,Maintenance Bay,2026-01-06,2026-01-03,Generated move order item for Bearing 6205-2RS.
4464,1764,2,60.000,60.000,No,2800.00,168000.00,Assembly Surplus,Central Warehouse,2026-01-08,2026-01-04,Generated move order item for Stator Core 3 kW.
4465,1765,2,172.000,172.000,No,2800.00,481600.00,Central Warehouse,Production Line,2026-01-10,2026-01-05,Generated move order item for Stator Core 3 kW.
4466,1766,2,224.000,224.000,No,2800.00,627200.00,Production Line,Quality Inspection,2026-01-07,2026-01-06,Generated move order item for Stator Core 3 kW.
4467,1767,101,12.000,12.000,No,36500.00,438000.00,Assembly,FG Store,2026-01-09,2026-01-07,Generated move order item for PMSM Motor 3 kW.
4468,1768,101,48.000,48.000,No,36500.00,1752000.00,FG Store,Dispatch Dock,2026-01-11,2026-01-08,Generated move order item for PMSM Motor 3 kW.
4469,1769,24,39.000,39.000,No,220.00,8580.00,Maintenance Store,Maintenance Bay,2026-01-13,2026-01-09,Generated move order item for Bearing 6205-2RS.
4470,1770,2,256.000,256.000,No,2800.00,716800.00,Assembly Surplus,Central Warehouse,2026-01-15,2026-01-10,Generated move order item for Stator Core 3 kW.
4471,1771,2,187.000,187.000,No,2800.00,523600.00,Central Warehouse,Production Line,2026-01-12,2026-01-11,Generated move order item for Stator Core 3 kW.
4472,1772,2,452.000,452.000,No,2800.00,1265600.00,Production Line,Quality Inspection,2026-01-14,2026-01-12,Generated move order item for Stator Core 3 kW.
4473,1773,101,28.000,28.000,No,36500.00,1022000.00,Assembly,FG Store,2026-01-16,2026-01-13,Generated move order item for PMSM Motor 3 kW.
4474,1774,101,49.000,49.000,No,36500.00,1788500.00,FG Store,Dispatch Dock,2026-01-18,2026-01-14,Generated move order item for PMSM Motor 3 kW.
4475,1775,24,64.000,64.000,No,220.00,14080.00,Maintenance Store,Maintenance Bay,2026-01-20,2026-01-15,Generated move order item for Bearing 6205-2RS.
4476,1776,2,481.000,481.000,No,2800.00,1346800.00,Assembly Surplus,Central Warehouse,2026-01-17,2026-01-16,Generated move order item for Stator Core 3 kW.
4477,1777,2,322.000,322.000,No,2800.00,901600.00,Central Warehouse,Production Line,2026-01-19,2026-01-17,Generated move order item for Stator Core 3 kW.
4478,1778,2,494.000,494.000,No,2800.00,1383200.00,Production Line,Quality Inspection,2026-01-21,2026-01-18,Generated move order item for Stator Core 3 kW.
4479,1779,101,44.000,44.000,No,36500.00,1606000.00,Assembly,FG Store,2026-01-23,2026-01-19,Generated move order item for PMSM Motor 3 kW.
4480,1780,101,8.000,8.000,No,36500.00,292000.00,FG Store,Dispatch Dock,2026-01-25,2026-01-20,Generated move order item for PMSM Motor 3 kW.
4481,1781,24,20.000,20.000,No,220.00,4400.00,Maintenance Store,Maintenance Bay,2026-01-22,2026-01-21,Generated move order item for Bearing 6205-2RS.
4482,1782,2,406.000,406.000,No,2800.00,1136800.00,Assembly Surplus,Central Warehouse,2026-01-24,2026-01-22,Generated move order item for Stator Core 3 kW.
4483,1783,2,70.000,70.000,No,2800.00,196000.00,Central Warehouse,Production Line,2026-01-26,2026-01-23,Generated move order item for Stator Core 3 kW.
4484,1784,2,135.000,135.000,No,2800.00,378000.00,Production Line,Quality Inspection,2026-01-28,2026-01-24,Generated move order item for Stator Core 3 kW.
4485,1785,101,49.000,49.000,No,36500.00,1788500.00,Assembly,FG Store,2026-01-30,2026-01-25,Generated move order item for PMSM Motor 3 kW.
4486,1786,101,24.000,24.000,No,36500.00,876000.00,FG Store,Dispatch Dock,2026-01-27,2026-01-26,Generated move order item for PMSM Motor 3 kW.
4487,1787,24,25.000,25.000,No,220.00,5500.00,Maintenance Store,Maintenance Bay,2026-01-29,2026-01-27,Generated move order item for Bearing 6205-2RS.
4488,1788,2,139.000,139.000,No,2800.00,389200.00,Assembly Surplus,Central Warehouse,2026-01-31,2026-01-28,Generated move order item for Stator Core 3 kW.
4489,1789,2,192.000,192.000,No,2800.00,537600.00,Central Warehouse,Production Line,2026-02-02,2026-01-29,Generated move order item for Stator Core 3 kW.
4490,1790,2,427.000,427.000,No,2800.00,1195600.00,Production Line,Quality Inspection,2026-02-04,2026-01-30,Generated move order item for Stator Core 3 kW.
4491,1791,101,30.000,30.000,No,36500.00,1095000.00,Assembly,FG Store,2026-02-01,2026-01-31,Generated move order item for PMSM Motor 3 kW.
4492,1792,101,58.000,58.000,No,36500.00,2117000.00,FG Store,Dispatch Dock,2026-02-03,2026-02-01,Generated move order item for PMSM Motor 3 kW.
4493,1793,24,73.000,73.000,No,220.00,16060.00,Maintenance Store,Maintenance Bay,2026-02-05,2026-02-02,Generated move order item for Bearing 6205-2RS.
4494,1794,2,170.000,170.000,No,2800.00,476000.00,Assembly Surplus,Central Warehouse,2026-02-07,2026-02-03,Generated move order item for Stator Core 3 kW.
4495,1795,2,123.000,123.000,No,2800.00,344400.00,Central Warehouse,Production Line,2026-02-09,2026-02-04,Generated move order item for Stator Core 3 kW.
4496,1796,2,475.000,475.000,No,2800.00,1330000.00,Production Line,Quality Inspection,2026-02-06,2026-02-05,Generated move order item for Stator Core 3 kW.
4497,1797,101,55.000,55.000,No,36500.00,2007500.00,Assembly,FG Store,2026-02-08,2026-02-06,Generated move order item for PMSM Motor 3 kW.
4498,1798,101,11.000,11.000,No,36500.00,401500.00,FG Store,Dispatch Dock,2026-02-10,2026-02-07,Generated move order item for PMSM Motor 3 kW.
4499,1799,24,35.000,35.000,No,220.00,7700.00,Maintenance Store,Maintenance Bay,2026-02-12,2026-02-08,Generated move order item for Bearing 6205-2RS.
4500,1800,2,385.000,385.000,No,2800.00,1078000.00,Assembly Surplus,Central Warehouse,2026-02-14,2026-02-09,Generated move order item for Stator Core 3 kW.
4501,1801,2,493.000,493.000,No,2800.00,1380400.00,Central Warehouse,Production Line,2026-02-11,2026-02-10,Generated move order item for Stator Core 3 kW.
4502,1802,2,457.000,457.000,No,2800.00,1279600.00,Production Line,Quality Inspection,2026-02-13,2026-02-11,Generated move order item for Stator Core 3 kW.
4503,1803,101,20.000,20.000,No,36500.00,730000.00,Assembly,FG Store,2026-02-15,2026-02-12,Generated move order item for PMSM Motor 3 kW.
4504,1804,101,55.000,55.000,No,36500.00,2007500.00,FG Store,Dispatch Dock,2026-02-17,2026-02-13,Generated move order item for PMSM Motor 3 kW.
4505,1805,24,74.000,74.000,No,220.00,16280.00,Maintenance Store,Maintenance Bay,2026-02-19,2026-02-14,Generated move order item for Bearing 6205-2RS.
4506,1806,2,258.000,258.000,No,2800.00,722400.00,Assembly Surplus,Central Warehouse,2026-02-16,2026-02-15,Generated move order item for Stator Core 3 kW.
4507,1807,2,219.000,219.000,No,2800.00,613200.00,Central Warehouse,Production Line,2026-02-18,2026-02-16,Generated move order item for Stator Core 3 kW.
4508,1808,2,416.000,416.000,No,2800.00,1164800.00,Production Line,Quality Inspection,2026-02-20,2026-02-17,Generated move order item for Stator Core 3 kW.
4509,1809,101,51.000,51.000,No,36500.00,1861500.00,Assembly,FG Store,2026-02-22,2026-02-18,Generated move order item for PMSM Motor 3 kW.
4510,1810,101,56.000,56.000,No,36500.00,2044000.00,FG Store,Dispatch Dock,2026-02-24,2026-02-19,Generated move order item for PMSM Motor 3 kW.
4511,1811,24,49.000,49.000,No,220.00,10780.00,Maintenance Store,Maintenance Bay,2026-02-21,2026-02-20,Generated move order item for Bearing 6205-2RS.
4512,1812,2,170.000,170.000,No,2800.00,476000.00,Assembly Surplus,Central Warehouse,2026-02-23,2026-02-21,Generated move order item for Stator Core 3 kW.
4513,1813,2,442.000,442.000,No,2800.00,1237600.00,Central Warehouse,Production Line,2026-02-25,2026-02-22,Generated move order item for Stator Core 3 kW.
4514,1814,2,186.000,186.000,No,2800.00,520800.00,Production Line,Quality Inspection,2026-02-27,2026-02-23,Generated move order item for Stator Core 3 kW.
4515,1815,101,47.000,47.000,No,36500.00,1715500.00,Assembly,FG Store,2026-03-01,2026-02-24,Generated move order item for PMSM Motor 3 kW.
4516,1816,101,33.000,33.000,No,36500.00,1204500.00,FG Store,Dispatch Dock,2026-02-26,2026-02-25,Generated move order item for PMSM Motor 3 kW.
4517,1817,24,61.000,61.000,No,220.00,13420.00,Maintenance Store,Maintenance Bay,2026-02-28,2026-02-26,Generated move order item for Bearing 6205-2RS.
4518,1818,2,144.000,144.000,No,2800.00,403200.00,Assembly Surplus,Central Warehouse,2026-03-02,2026-02-27,Generated move order item for Stator Core 3 kW.
4519,1819,2,162.000,162.000,No,2800.00,453600.00,Central Warehouse,Production Line,2026-03-04,2026-02-28,Generated move order item for Stator Core 3 kW.
4520,1820,2,344.000,344.000,No,2800.00,963200.00,Production Line,Quality Inspection,2026-03-06,2026-03-01,Generated move order item for Stator Core 3 kW.
4521,1821,101,19.000,19.000,No,36500.00,693500.00,Assembly,FG Store,2026-03-03,2026-03-02,Generated move order item for PMSM Motor 3 kW.
4522,1822,101,42.000,42.000,No,36500.00,1533000.00,FG Store,Dispatch Dock,2026-03-05,2026-03-03,Generated move order item for PMSM Motor 3 kW.
4523,1823,24,100.000,100.000,No,220.00,22000.00,Maintenance Store,Maintenance Bay,2026-03-07,2026-03-04,Generated move order item for Bearing 6205-2RS.
4524,1824,2,87.000,87.000,No,2800.00,243600.00,Assembly Surplus,Central Warehouse,2026-03-09,2026-03-05,Generated move order item for Stator Core 3 kW.
4525,1825,2,467.000,467.000,No,2800.00,1307600.00,Central Warehouse,Production Line,2026-03-11,2026-03-06,Generated move order item for Stator Core 3 kW.
4526,1826,2,127.000,127.000,No,2800.00,355600.00,Production Line,Quality Inspection,2026-03-08,2026-03-07,Generated move order item for Stator Core 3 kW.
4527,1827,101,12.000,12.000,No,36500.00,438000.00,Assembly,FG Store,2026-03-10,2026-03-08,Generated move order item for PMSM Motor 3 kW.
4528,1828,101,51.000,51.000,No,36500.00,1861500.00,FG Store,Dispatch Dock,2026-03-12,2026-03-09,Generated move order item for PMSM Motor 3 kW.
4529,1829,24,24.000,24.000,No,220.00,5280.00,Maintenance Store,Maintenance Bay,2026-03-14,2026-03-10,Generated move order item for Bearing 6205-2RS.
4530,1830,2,342.000,342.000,No,2800.00,957600.00,Assembly Surplus,Central Warehouse,2026-03-16,2026-03-11,Generated move order item for Stator Core 3 kW.
4531,1831,2,98.000,98.000,No,2800.00,274400.00,Central Warehouse,Production Line,2026-03-13,2026-03-12,Generated move order item for Stator Core 3 kW.
4532,1832,2,89.000,89.000,No,2800.00,249200.00,Production Line,Quality Inspection,2026-03-15,2026-03-13,Generated move order item for Stator Core 3 kW.
4533,1833,101,16.000,16.000,No,36500.00,584000.00,Assembly,FG Store,2026-03-17,2026-03-14,Generated move order item for PMSM Motor 3 kW.
4534,1834,101,34.000,34.000,No,36500.00,1241000.00,FG Store,Dispatch Dock,2026-03-19,2026-03-15,Generated move order item for PMSM Motor 3 kW.
4535,1835,24,32.000,32.000,No,220.00,7040.00,Maintenance Store,Maintenance Bay,2026-03-21,2026-03-16,Generated move order item for Bearing 6205-2RS.
4536,1836,2,150.000,150.000,No,2800.00,420000.00,Assembly Surplus,Central Warehouse,2026-03-18,2026-03-17,Generated move order item for Stator Core 3 kW.
4537,1837,2,427.000,427.000,No,2800.00,1195600.00,Central Warehouse,Production Line,2026-03-20,2026-03-18,Generated move order item for Stator Core 3 kW.
4538,1838,2,128.000,128.000,No,2800.00,358400.00,Production Line,Quality Inspection,2026-03-22,2026-03-19,Generated move order item for Stator Core 3 kW.
4539,1839,101,10.000,10.000,No,36500.00,365000.00,Assembly,FG Store,2026-03-24,2026-03-20,Generated move order item for PMSM Motor 3 kW.
4540,1840,101,11.000,11.000,No,36500.00,401500.00,FG Store,Dispatch Dock,2026-03-26,2026-03-21,Generated move order item for PMSM Motor 3 kW.
4541,1841,24,89.000,89.000,No,220.00,19580.00,Maintenance Store,Maintenance Bay,2026-03-23,2026-03-22,Generated move order item for Bearing 6205-2RS.
4542,1842,2,264.000,264.000,No,2800.00,739200.00,Assembly Surplus,Central Warehouse,2026-03-25,2026-03-23,Generated move order item for Stator Core 3 kW.
4543,1843,2,488.000,488.000,No,2800.00,1366400.00,Central Warehouse,Production Line,2026-03-27,2026-03-24,Generated move order item for Stator Core 3 kW.
4544,1844,2,414.000,414.000,No,2800.00,1159200.00,Production Line,Quality Inspection,2026-03-29,2026-03-25,Generated move order item for Stator Core 3 kW.
4545,1845,101,20.000,20.000,No,36500.00,730000.00,Assembly,FG Store,2026-03-31,2026-03-26,Generated move order item for PMSM Motor 3 kW.
4546,1846,101,49.000,49.000,No,36500.00,1788500.00,FG Store,Dispatch Dock,2026-03-28,2026-03-27,Generated move order item for PMSM Motor 3 kW.
4547,1847,24,48.000,48.000,No,220.00,10560.00,Maintenance Store,Maintenance Bay,2026-03-30,2026-03-28,Generated move order item for Bearing 6205-2RS.
4548,1848,2,302.000,302.000,No,2800.00,845600.00,Assembly Surplus,Central Warehouse,2026-04-01,2026-03-29,Generated move order item for Stator Core 3 kW.
4549,1849,2,288.000,288.000,No,2800.00,806400.00,Central Warehouse,Production Line,2026-04-03,2026-03-30,Generated move order item for Stator Core 3 kW.
4550,1850,2,392.000,392.000,No,2800.00,1097600.00,Production Line,Quality Inspection,2026-04-05,2026-03-31,Generated move order item for Stator Core 3 kW.
4551,1851,101,16.000,16.000,No,36500.00,584000.00,Assembly,FG Store,2026-04-02,2026-04-01,Generated move order item for PMSM Motor 3 kW.
4552,1852,101,8.000,8.000,No,36500.00,292000.00,FG Store,Dispatch Dock,2026-04-04,2026-04-02,Generated move order item for PMSM Motor 3 kW.
4553,1853,24,75.000,75.000,No,220.00,16500.00,Maintenance Store,Maintenance Bay,2026-04-06,2026-04-03,Generated move order item for Bearing 6205-2RS.
4554,1854,2,480.000,480.000,No,2800.00,1344000.00,Assembly Surplus,Central Warehouse,2026-04-08,2026-04-04,Generated move order item for Stator Core 3 kW.
4555,1855,2,311.000,311.000,No,2800.00,870800.00,Central Warehouse,Production Line,2026-04-10,2026-04-05,Generated move order item for Stator Core 3 kW.
4556,1856,2,102.000,102.000,No,2800.00,285600.00,Production Line,Quality Inspection,2026-04-07,2026-04-06,Generated move order item for Stator Core 3 kW.
4557,1857,101,11.000,11.000,No,36500.00,401500.00,Assembly,FG Store,2026-04-09,2026-04-07,Generated move order item for PMSM Motor 3 kW.
4558,1858,101,35.000,35.000,No,36500.00,1277500.00,FG Store,Dispatch Dock,2026-04-11,2026-04-08,Generated move order item for PMSM Motor 3 kW.
4559,1859,24,91.000,91.000,No,220.00,20020.00,Maintenance Store,Maintenance Bay,2026-04-13,2026-04-09,Generated move order item for Bearing 6205-2RS.
4560,1860,2,326.000,326.000,No,2800.00,912800.00,Assembly Surplus,Central Warehouse,2026-04-15,2026-04-10,Generated move order item for Stator Core 3 kW.
4561,1861,2,186.000,186.000,No,2800.00,520800.00,Central Warehouse,Production Line,2026-04-12,2026-04-11,Generated move order item for Stator Core 3 kW.
4562,1862,2,329.000,329.000,No,2800.00,921200.00,Production Line,Quality Inspection,2026-04-14,2026-04-12,Generated move order item for Stator Core 3 kW.
4563,1863,101,13.000,13.000,No,36500.00,474500.00,Assembly,FG Store,2026-04-16,2026-04-13,Generated move order item for PMSM Motor 3 kW.
4564,1864,101,31.000,31.000,No,36500.00,1131500.00,FG Store,Dispatch Dock,2026-04-18,2026-04-14,Generated move order item for PMSM Motor 3 kW.
4565,1865,24,99.000,99.000,No,220.00,21780.00,Maintenance Store,Maintenance Bay,2026-04-20,2026-04-15,Generated move order item for Bearing 6205-2RS.
4566,1866,2,333.000,333.000,No,2800.00,932400.00,Assembly Surplus,Central Warehouse,2026-04-17,2026-04-16,Generated move order item for Stator Core 3 kW.
4567,1867,2,96.000,96.000,No,2800.00,268800.00,Central Warehouse,Production Line,2026-04-19,2026-04-17,Generated move order item for Stator Core 3 kW.
4568,1868,2,140.000,140.000,No,2800.00,392000.00,Production Line,Quality Inspection,2026-04-21,2026-04-18,Generated move order item for Stator Core 3 kW.
4569,1869,101,8.000,8.000,No,36500.00,292000.00,Assembly,FG Store,2026-04-23,2026-04-19,Generated move order item for PMSM Motor 3 kW.
4570,1870,101,27.000,27.000,No,36500.00,985500.00,FG Store,Dispatch Dock,2026-04-25,2026-04-20,Generated move order item for PMSM Motor 3 kW.
4571,1871,24,27.000,27.000,No,220.00,5940.00,Maintenance Store,Maintenance Bay,2026-04-22,2026-04-21,Generated move order item for Bearing 6205-2RS.
4572,1872,2,491.000,491.000,No,2800.00,1374800.00,Assembly Surplus,Central Warehouse,2026-04-24,2026-04-22,Generated move order item for Stator Core 3 kW.
4573,1873,2,193.000,193.000,No,2800.00,540400.00,Central Warehouse,Production Line,2026-04-26,2026-04-23,Generated move order item for Stator Core 3 kW.
4574,1874,2,65.000,65.000,No,2800.00,182000.00,Production Line,Quality Inspection,2026-04-28,2026-04-24,Generated move order item for Stator Core 3 kW.
4575,1875,101,29.000,29.000,No,36500.00,1058500.00,Assembly,FG Store,2026-04-30,2026-04-25,Generated move order item for PMSM Motor 3 kW.
4576,1876,101,46.000,46.000,No,36500.00,1679000.00,FG Store,Dispatch Dock,2026-04-27,2026-04-26,Generated move order item for PMSM Motor 3 kW.
4577,1877,24,70.000,70.000,No,220.00,15400.00,Maintenance Store,Maintenance Bay,2026-04-29,2026-04-27,Generated move order item for Bearing 6205-2RS.
4578,1878,2,490.000,490.000,No,2800.00,1372000.00,Assembly Surplus,Central Warehouse,2026-05-01,2026-04-28,Generated move order item for Stator Core 3 kW.
4579,1879,2,214.000,214.000,No,2800.00,599200.00,Central Warehouse,Production Line,2026-05-03,2026-04-29,Generated move order item for Stator Core 3 kW.
4580,1880,2,285.000,285.000,No,2800.00,798000.00,Production Line,Quality Inspection,2026-05-05,2026-04-30,Generated move order item for Stator Core 3 kW.
4581,1881,101,36.000,36.000,No,36500.00,1314000.00,Assembly,FG Store,2026-05-02,2026-05-01,Generated move order item for PMSM Motor 3 kW.
4582,1882,101,6.000,6.000,No,36500.00,219000.00,FG Store,Dispatch Dock,2026-05-04,2026-05-02,Generated move order item for PMSM Motor 3 kW.
4583,1883,24,5.000,5.000,No,220.00,1100.00,Maintenance Store,Maintenance Bay,2026-05-06,2026-05-03,Generated move order item for Bearing 6205-2RS.
4584,1884,2,408.000,408.000,No,2800.00,1142400.00,Assembly Surplus,Central Warehouse,2026-05-08,2026-05-04,Generated move order item for Stator Core 3 kW.
4585,1885,2,223.000,223.000,No,2800.00,624400.00,Central Warehouse,Production Line,2026-05-10,2026-05-05,Generated move order item for Stator Core 3 kW.
4586,1886,2,360.000,360.000,No,2800.00,1008000.00,Production Line,Quality Inspection,2026-05-07,2026-05-06,Generated move order item for Stator Core 3 kW.
4587,1887,101,57.000,57.000,No,36500.00,2080500.00,Assembly,FG Store,2026-05-09,2026-05-07,Generated move order item for PMSM Motor 3 kW.
4588,1888,101,18.000,18.000,No,36500.00,657000.00,FG Store,Dispatch Dock,2026-05-11,2026-05-08,Generated move order item for PMSM Motor 3 kW.
4589,1889,24,79.000,79.000,No,220.00,17380.00,Maintenance Store,Maintenance Bay,2026-05-13,2026-05-09,Generated move order item for Bearing 6205-2RS.
4590,1890,2,146.000,146.000,No,2800.00,408800.00,Assembly Surplus,Central Warehouse,2026-05-15,2026-05-10,Generated move order item for Stator Core 3 kW.
4591,1891,2,384.000,384.000,No,2800.00,1075200.00,Central Warehouse,Production Line,2026-05-12,2026-05-11,Generated move order item for Stator Core 3 kW.
4592,1892,2,122.000,122.000,No,2800.00,341600.00,Production Line,Quality Inspection,2026-05-14,2026-05-12,Generated move order item for Stator Core 3 kW.
4593,1893,101,22.000,22.000,No,36500.00,803000.00,Assembly,FG Store,2026-05-16,2026-05-13,Generated move order item for PMSM Motor 3 kW.
4594,1894,101,31.000,31.000,No,36500.00,1131500.00,FG Store,Dispatch Dock,2026-05-18,2026-05-14,Generated move order item for PMSM Motor 3 kW.
4595,1895,24,51.000,51.000,No,220.00,11220.00,Maintenance Store,Maintenance Bay,2026-05-20,2026-05-15,Generated move order item for Bearing 6205-2RS.
4596,1896,2,63.000,63.000,No,2800.00,176400.00,Assembly Surplus,Central Warehouse,2026-05-17,2026-05-16,Generated move order item for Stator Core 3 kW.
4597,1897,2,430.000,430.000,No,2800.00,1204000.00,Central Warehouse,Production Line,2026-05-19,2026-05-17,Generated move order item for Stator Core 3 kW.
4598,1898,2,52.000,52.000,No,2800.00,145600.00,Production Line,Quality Inspection,2026-05-21,2026-05-18,Generated move order item for Stator Core 3 kW.
4599,1899,101,54.000,54.000,No,36500.00,1971000.00,Assembly,FG Store,2026-05-23,2026-05-19,Generated move order item for PMSM Motor 3 kW.
4600,1900,101,16.000,16.000,No,36500.00,584000.00,FG Store,Dispatch Dock,2026-05-25,2026-05-20,Generated move order item for PMSM Motor 3 kW.
4601,1901,24,73.000,73.000,No,220.00,16060.00,Maintenance Store,Maintenance Bay,2026-05-22,2026-05-21,Generated move order item for Bearing 6205-2RS.
4602,1902,2,370.000,370.000,No,2800.00,1036000.00,Assembly Surplus,Central Warehouse,2026-05-24,2026-05-22,Generated move order item for Stator Core 3 kW.
4603,1903,2,255.000,255.000,No,2800.00,714000.00,Central Warehouse,Production Line,2026-05-26,2026-05-23,Generated move order item for Stator Core 3 kW.
4604,1904,2,292.000,292.000,No,2800.00,817600.00,Production Line,Quality Inspection,2026-05-28,2026-05-24,Generated move order item for Stator Core 3 kW.
4605,1905,101,9.000,9.000,No,36500.00,328500.00,Assembly,FG Store,2026-05-30,2026-05-25,Generated move order item for PMSM Motor 3 kW.
4606,1906,101,55.000,55.000,No,36500.00,2007500.00,FG Store,Dispatch Dock,2026-05-27,2026-05-26,Generated move order item for PMSM Motor 3 kW.
4607,1907,24,16.000,16.000,No,220.00,3520.00,Maintenance Store,Maintenance Bay,2026-05-29,2026-05-27,Generated move order item for Bearing 6205-2RS.
4608,1908,2,346.000,346.000,No,2800.00,968800.00,Assembly Surplus,Central Warehouse,2026-05-31,2026-05-28,Generated move order item for Stator Core 3 kW.
4609,1909,2,50.000,50.000,No,2800.00,140000.00,Central Warehouse,Production Line,2026-06-02,2026-05-29,Generated move order item for Stator Core 3 kW.
4610,1910,2,386.000,386.000,No,2800.00,1080800.00,Production Line,Quality Inspection,2026-06-04,2026-05-30,Generated move order item for Stator Core 3 kW.
4611,1911,101,25.000,25.000,No,36500.00,912500.00,Assembly,FG Store,2026-06-01,2026-05-31,Generated move order item for PMSM Motor 3 kW.
4612,1912,101,31.000,31.000,No,36500.00,1131500.00,FG Store,Dispatch Dock,2026-06-03,2026-06-01,Generated move order item for PMSM Motor 3 kW.
4613,1913,24,7.000,7.000,No,220.00,1540.00,Maintenance Store,Maintenance Bay,2026-06-05,2026-06-02,Generated move order item for Bearing 6205-2RS.
4614,1914,2,148.000,148.000,No,2800.00,414400.00,Assembly Surplus,Central Warehouse,2026-06-07,2026-06-03,Generated move order item for Stator Core 3 kW.
4615,1915,2,246.000,246.000,No,2800.00,688800.00,Central Warehouse,Production Line,2026-06-09,2026-06-04,Generated move order item for Stator Core 3 kW.
4616,1916,2,373.000,373.000,No,2800.00,1044400.00,Production Line,Quality Inspection,2026-06-06,2026-06-05,Generated move order item for Stator Core 3 kW.
4617,1917,101,38.000,38.000,No,36500.00,1387000.00,Assembly,FG Store,2026-06-08,2026-06-06,Generated move order item for PMSM Motor 3 kW.
4618,1918,101,19.000,19.000,No,36500.00,693500.00,FG Store,Dispatch Dock,2026-06-10,2026-06-07,Generated move order item for PMSM Motor 3 kW.
4619,1919,24,62.000,62.000,No,220.00,13640.00,Maintenance Store,Maintenance Bay,2026-06-12,2026-06-08,Generated move order item for Bearing 6205-2RS.
4620,1920,2,150.000,150.000,No,2800.00,420000.00,Assembly Surplus,Central Warehouse,2026-06-14,2026-06-09,Generated move order item for Stator Core 3 kW.
4621,1921,2,300.000,300.000,No,2800.00,840000.00,Central Warehouse,Production Line,2026-06-11,2026-06-10,Generated move order item for Stator Core 3 kW.
4622,1922,2,293.000,293.000,No,2800.00,820400.00,Production Line,Quality Inspection,2026-06-13,2026-06-11,Generated move order item for Stator Core 3 kW.
4623,1923,101,17.000,17.000,No,36500.00,620500.00,Assembly,FG Store,2026-06-15,2026-06-12,Generated move order item for PMSM Motor 3 kW.
4624,1924,101,16.000,16.000,No,36500.00,584000.00,FG Store,Dispatch Dock,2026-06-17,2026-06-13,Generated move order item for PMSM Motor 3 kW.
4625,1925,24,54.000,54.000,No,220.00,11880.00,Maintenance Store,Maintenance Bay,2026-06-19,2026-06-14,Generated move order item for Bearing 6205-2RS.
4626,1926,2,314.000,314.000,No,2800.00,879200.00,Assembly Surplus,Central Warehouse,2026-06-16,2026-06-15,Generated move order item for Stator Core 3 kW.
4627,1927,2,491.000,491.000,No,2800.00,1374800.00,Central Warehouse,Production Line,2026-06-18,2026-06-16,Generated move order item for Stator Core 3 kW.
4628,1928,2,273.000,273.000,No,2800.00,764400.00,Production Line,Quality Inspection,2026-06-20,2026-06-17,Generated move order item for Stator Core 3 kW.
4629,1929,101,29.000,29.000,No,36500.00,1058500.00,Assembly,FG Store,2026-06-22,2026-06-18,Generated move order item for PMSM Motor 3 kW.
4630,1930,101,31.000,31.000,No,36500.00,1131500.00,FG Store,Dispatch Dock,2026-06-24,2026-06-19,Generated move order item for PMSM Motor 3 kW.
4631,1931,24,88.000,88.000,No,220.00,19360.00,Maintenance Store,Maintenance Bay,2026-06-21,2026-06-20,Generated move order item for Bearing 6205-2RS.
4632,1932,2,188.000,188.000,No,2800.00,526400.00,Assembly Surplus,Central Warehouse,2026-06-23,2026-06-21,Generated move order item for Stator Core 3 kW.
4633,1933,2,222.000,222.000,No,2800.00,621600.00,Central Warehouse,Production Line,2026-06-25,2026-06-22,Generated move order item for Stator Core 3 kW.
4634,1934,2,216.000,216.000,No,2800.00,604800.00,Production Line,Quality Inspection,2026-06-27,2026-06-23,Generated move order item for Stator Core 3 kW.
4635,1935,101,39.000,39.000,No,36500.00,1423500.00,Assembly,FG Store,2026-06-29,2026-06-24,Generated move order item for PMSM Motor 3 kW.
4636,1936,101,44.000,44.000,No,36500.00,1606000.00,FG Store,Dispatch Dock,2026-06-26,2026-06-25,Generated move order item for PMSM Motor 3 kW.
4637,1937,24,51.000,51.000,No,220.00,11220.00,Maintenance Store,Maintenance Bay,2026-06-28,2026-06-26,Generated move order item for Bearing 6205-2RS.
4638,1938,2,169.000,169.000,No,2800.00,473200.00,Assembly Surplus,Central Warehouse,2026-06-30,2026-06-27,Generated move order item for Stator Core 3 kW.
4639,1939,2,360.000,360.000,No,2800.00,1008000.00,Central Warehouse,Production Line,2026-07-02,2026-06-28,Generated move order item for Stator Core 3 kW.
4640,1940,2,174.000,174.000,No,2800.00,487200.00,Production Line,Quality Inspection,2026-07-04,2026-06-29,Generated move order item for Stator Core 3 kW.
4641,1941,101,55.000,55.000,No,36500.00,2007500.00,Assembly,FG Store,2024-04-02,2024-04-01,Generated move order item for PMSM Motor 3 kW.
4642,1942,101,39.000,39.000,No,36500.00,1423500.00,FG Store,Dispatch Dock,2024-04-04,2024-04-02,Generated move order item for PMSM Motor 3 kW.
4643,1943,24,47.000,47.000,No,220.00,10340.00,Maintenance Store,Maintenance Bay,2024-04-06,2024-04-03,Generated move order item for Bearing 6205-2RS.
4644,1944,2,155.000,155.000,No,2800.00,434000.00,Assembly Surplus,Central Warehouse,2024-04-08,2024-04-04,Generated move order item for Stator Core 3 kW.
4645,1945,2,391.000,391.000,No,2800.00,1094800.00,Central Warehouse,Production Line,2024-04-10,2024-04-05,Generated move order item for Stator Core 3 kW.
4646,1946,2,324.000,324.000,No,2800.00,907200.00,Production Line,Quality Inspection,2024-04-07,2024-04-06,Generated move order item for Stator Core 3 kW.
4647,1947,101,54.000,54.000,No,36500.00,1971000.00,Assembly,FG Store,2024-04-09,2024-04-07,Generated move order item for PMSM Motor 3 kW.
4648,1948,101,44.000,44.000,No,36500.00,1606000.00,FG Store,Dispatch Dock,2024-04-11,2024-04-08,Generated move order item for PMSM Motor 3 kW.
4649,1949,24,80.000,80.000,No,220.00,17600.00,Maintenance Store,Maintenance Bay,2024-04-13,2024-04-09,Generated move order item for Bearing 6205-2RS.
4650,1950,2,91.000,91.000,No,2800.00,254800.00,Assembly Surplus,Central Warehouse,2024-04-15,2024-04-10,Generated move order item for Stator Core 3 kW.
4651,1951,2,61.000,61.000,No,2800.00,170800.00,Central Warehouse,Production Line,2024-04-12,2024-04-11,Generated move order item for Stator Core 3 kW.
4652,1952,2,346.000,346.000,No,2800.00,968800.00,Production Line,Quality Inspection,2024-04-14,2024-04-12,Generated move order item for Stator Core 3 kW.
4653,1953,101,5.000,5.000,No,36500.00,182500.00,Assembly,FG Store,2024-04-16,2024-04-13,Generated move order item for PMSM Motor 3 kW.
4654,1954,101,54.000,54.000,No,36500.00,1971000.00,FG Store,Dispatch Dock,2024-04-18,2024-04-14,Generated move order item for PMSM Motor 3 kW.
4655,1955,24,89.000,89.000,No,220.00,19580.00,Maintenance Store,Maintenance Bay,2024-04-20,2024-04-15,Generated move order item for Bearing 6205-2RS.
4656,1956,2,313.000,313.000,No,2800.00,876400.00,Assembly Surplus,Central Warehouse,2024-04-17,2024-04-16,Generated move order item for Stator Core 3 kW.
4657,1957,2,378.000,378.000,No,2800.00,1058400.00,Central Warehouse,Production Line,2024-04-19,2024-04-17,Generated move order item for Stator Core 3 kW.
4658,1958,2,240.000,240.000,No,2800.00,672000.00,Production Line,Quality Inspection,2024-04-21,2024-04-18,Generated move order item for Stator Core 3 kW.
4659,1959,101,58.000,58.000,No,36500.00,2117000.00,Assembly,FG Store,2024-04-23,2024-04-19,Generated move order item for PMSM Motor 3 kW.
4660,1960,101,7.000,7.000,No,36500.00,255500.00,FG Store,Dispatch Dock,2024-04-25,2024-04-20,Generated move order item for PMSM Motor 3 kW.
4661,1961,24,33.000,33.000,No,220.00,7260.00,Maintenance Store,Maintenance Bay,2024-04-22,2024-04-21,Generated move order item for Bearing 6205-2RS.
4662,1962,2,364.000,364.000,No,2800.00,1019200.00,Assembly Surplus,Central Warehouse,2024-04-24,2024-04-22,Generated move order item for Stator Core 3 kW.
4663,1963,2,405.000,405.000,No,2800.00,1134000.00,Central Warehouse,Production Line,2024-04-26,2024-04-23,Generated move order item for Stator Core 3 kW.
4664,1964,2,159.000,159.000,No,2800.00,445200.00,Production Line,Quality Inspection,2024-04-28,2024-04-24,Generated move order item for Stator Core 3 kW.
4665,1965,101,49.000,49.000,No,36500.00,1788500.00,Assembly,FG Store,2024-04-30,2024-04-25,Generated move order item for PMSM Motor 3 kW.
4666,1966,101,30.000,30.000,No,36500.00,1095000.00,FG Store,Dispatch Dock,2024-04-27,2024-04-26,Generated move order item for PMSM Motor 3 kW.
4667,1967,24,87.000,87.000,No,220.00,19140.00,Maintenance Store,Maintenance Bay,2024-04-29,2024-04-27,Generated move order item for Bearing 6205-2RS.
4668,1968,2,170.000,170.000,No,2800.00,476000.00,Assembly Surplus,Central Warehouse,2024-05-01,2024-04-28,Generated move order item for Stator Core 3 kW.
4669,1969,2,362.000,362.000,No,2800.00,1013600.00,Central Warehouse,Production Line,2024-05-03,2024-04-29,Generated move order item for Stator Core 3 kW.
4670,1970,2,143.000,143.000,No,2800.00,400400.00,Production Line,Quality Inspection,2024-05-05,2024-04-30,Generated move order item for Stator Core 3 kW.
4671,1971,101,12.000,12.000,No,36500.00,438000.00,Assembly,FG Store,2024-05-02,2024-05-01,Generated move order item for PMSM Motor 3 kW.
4672,1972,101,44.000,44.000,No,36500.00,1606000.00,FG Store,Dispatch Dock,2024-05-04,2024-05-02,Generated move order item for PMSM Motor 3 kW.
4673,1973,24,70.000,70.000,No,220.00,15400.00,Maintenance Store,Maintenance Bay,2024-05-06,2024-05-03,Generated move order item for Bearing 6205-2RS.
4674,1974,2,182.000,182.000,No,2800.00,509600.00,Assembly Surplus,Central Warehouse,2024-05-08,2024-05-04,Generated move order item for Stator Core 3 kW.
4675,1975,2,322.000,322.000,No,2800.00,901600.00,Central Warehouse,Production Line,2024-05-10,2024-05-05,Generated move order item for Stator Core 3 kW.
4676,1976,2,474.000,474.000,No,2800.00,1327200.00,Production Line,Quality Inspection,2024-05-07,2024-05-06,Generated move order item for Stator Core 3 kW.
4677,1977,101,23.000,23.000,No,36500.00,839500.00,Assembly,FG Store,2024-05-09,2024-05-07,Generated move order item for PMSM Motor 3 kW.
4678,1978,101,33.000,33.000,No,36500.00,1204500.00,FG Store,Dispatch Dock,2024-05-11,2024-05-08,Generated move order item for PMSM Motor 3 kW.
4679,1979,24,25.000,25.000,No,220.00,5500.00,Maintenance Store,Maintenance Bay,2024-05-13,2024-05-09,Generated move order item for Bearing 6205-2RS.
4680,1980,2,283.000,283.000,No,2800.00,792400.00,Assembly Surplus,Central Warehouse,2024-05-15,2024-05-10,Generated move order item for Stator Core 3 kW.
4681,1981,2,449.000,449.000,No,2800.00,1257200.00,Central Warehouse,Production Line,2024-05-12,2024-05-11,Generated move order item for Stator Core 3 kW.
4682,1982,2,336.000,336.000,No,2800.00,940800.00,Production Line,Quality Inspection,2024-05-14,2024-05-12,Generated move order item for Stator Core 3 kW.
4683,1983,101,12.000,12.000,No,36500.00,438000.00,Assembly,FG Store,2024-05-16,2024-05-13,Generated move order item for PMSM Motor 3 kW.
4684,1984,101,46.000,46.000,No,36500.00,1679000.00,FG Store,Dispatch Dock,2024-05-18,2024-05-14,Generated move order item for PMSM Motor 3 kW.
4685,1985,24,45.000,45.000,No,220.00,9900.00,Maintenance Store,Maintenance Bay,2024-05-20,2024-05-15,Generated move order item for Bearing 6205-2RS.
4686,1986,2,58.000,58.000,No,2800.00,162400.00,Assembly Surplus,Central Warehouse,2024-05-17,2024-05-16,Generated move order item for Stator Core 3 kW.
4687,1987,2,330.000,330.000,No,2800.00,924000.00,Central Warehouse,Production Line,2024-05-19,2024-05-17,Generated move order item for Stator Core 3 kW.
4688,1988,2,184.000,184.000,No,2800.00,515200.00,Production Line,Quality Inspection,2024-05-21,2024-05-18,Generated move order item for Stator Core 3 kW.
4689,1989,101,59.000,59.000,No,36500.00,2153500.00,Assembly,FG Store,2024-05-23,2024-05-19,Generated move order item for PMSM Motor 3 kW.
4690,1990,101,60.000,60.000,No,36500.00,2190000.00,FG Store,Dispatch Dock,2024-05-25,2024-05-20,Generated move order item for PMSM Motor 3 kW.
4691,1991,24,69.000,69.000,No,220.00,15180.00,Maintenance Store,Maintenance Bay,2024-05-22,2024-05-21,Generated move order item for Bearing 6205-2RS.
4692,1992,2,334.000,334.000,No,2800.00,935200.00,Assembly Surplus,Central Warehouse,2024-05-24,2024-05-22,Generated move order item for Stator Core 3 kW.
4693,1993,2,187.000,187.000,No,2800.00,523600.00,Central Warehouse,Production Line,2024-05-26,2024-05-23,Generated move order item for Stator Core 3 kW.
4694,1994,2,81.000,81.000,No,2800.00,226800.00,Production Line,Quality Inspection,2024-05-28,2024-05-24,Generated move order item for Stator Core 3 kW.
4695,1995,101,8.000,8.000,No,36500.00,292000.00,Assembly,FG Store,2024-05-30,2024-05-25,Generated move order item for PMSM Motor 3 kW.
4696,1996,101,30.000,30.000,No,36500.00,1095000.00,FG Store,Dispatch Dock,2024-05-27,2024-05-26,Generated move order item for PMSM Motor 3 kW.
4697,1997,24,35.000,35.000,No,220.00,7700.00,Maintenance Store,Maintenance Bay,2024-05-29,2024-05-27,Generated move order item for Bearing 6205-2RS.
4698,1998,2,483.000,483.000,No,2800.00,1352400.00,Assembly Surplus,Central Warehouse,2024-05-31,2024-05-28,Generated move order item for Stator Core 3 kW.
4699,1999,2,182.000,182.000,No,2800.00,509600.00,Central Warehouse,Production Line,2024-06-02,2024-05-29,Generated move order item for Stator Core 3 kW.
4700,2000,2,146.000,146.000,No,2800.00,408800.00,Production Line,Quality Inspection,2024-06-04,2024-05-30,Generated move order item for Stator Core 3 kW.
4701,2001,101,50.000,50.000,No,36500.00,1825000.00,Assembly,FG Store,2024-06-01,2024-05-31,Generated move order item for PMSM Motor 3 kW.
4702,2002,101,51.000,51.000,No,36500.00,1861500.00,FG Store,Dispatch Dock,2024-06-03,2024-06-01,Generated move order item for PMSM Motor 3 kW.
4703,2003,24,41.000,41.000,No,220.00,9020.00,Maintenance Store,Maintenance Bay,2024-06-05,2024-06-02,Generated move order item for Bearing 6205-2RS.
4704,2004,2,86.000,86.000,No,2800.00,240800.00,Assembly Surplus,Central Warehouse,2024-06-07,2024-06-03,Generated move order item for Stator Core 3 kW.
4705,2005,2,94.000,94.000,No,2800.00,263200.00,Central Warehouse,Production Line,2024-06-09,2024-06-04,Generated move order item for Stator Core 3 kW.
4706,2006,2,284.000,284.000,No,2800.00,795200.00,Production Line,Quality Inspection,2024-06-06,2024-06-05,Generated move order item for Stator Core 3 kW.
4707,2007,101,53.000,53.000,No,36500.00,1934500.00,Assembly,FG Store,2024-06-08,2024-06-06,Generated move order item for PMSM Motor 3 kW.
4708,2008,101,26.000,26.000,No,36500.00,949000.00,FG Store,Dispatch Dock,2024-06-10,2024-06-07,Generated move order item for PMSM Motor 3 kW.
4709,2009,24,6.000,6.000,No,220.00,1320.00,Maintenance Store,Maintenance Bay,2024-06-12,2024-06-08,Generated move order item for Bearing 6205-2RS.
4710,2010,2,219.000,219.000,No,2800.00,613200.00,Assembly Surplus,Central Warehouse,2024-06-14,2024-06-09,Generated move order item for Stator Core 3 kW.
4711,2011,2,51.000,51.000,No,2800.00,142800.00,Central Warehouse,Production Line,2024-06-11,2024-06-10,Generated move order item for Stator Core 3 kW.
4712,2012,2,240.000,240.000,No,2800.00,672000.00,Production Line,Quality Inspection,2024-06-13,2024-06-11,Generated move order item for Stator Core 3 kW.
4713,2013,101,31.000,31.000,No,36500.00,1131500.00,Assembly,FG Store,2024-06-15,2024-06-12,Generated move order item for PMSM Motor 3 kW.
4714,2014,101,45.000,45.000,No,36500.00,1642500.00,FG Store,Dispatch Dock,2024-06-17,2024-06-13,Generated move order item for PMSM Motor 3 kW.
4715,2015,24,11.000,11.000,No,220.00,2420.00,Maintenance Store,Maintenance Bay,2024-06-19,2024-06-14,Generated move order item for Bearing 6205-2RS.
4716,2016,2,266.000,266.000,No,2800.00,744800.00,Assembly Surplus,Central Warehouse,2024-06-16,2024-06-15,Generated move order item for Stator Core 3 kW.
4717,2017,2,129.000,129.000,No,2800.00,361200.00,Central Warehouse,Production Line,2024-06-18,2024-06-16,Generated move order item for Stator Core 3 kW.
4718,2018,2,260.000,260.000,No,2800.00,728000.00,Production Line,Quality Inspection,2024-06-20,2024-06-17,Generated move order item for Stator Core 3 kW.
4719,2019,101,60.000,60.000,No,36500.00,2190000.00,Assembly,FG Store,2024-06-22,2024-06-18,Generated move order item for PMSM Motor 3 kW.
4720,2020,101,46.000,46.000,No,36500.00,1679000.00,FG Store,Dispatch Dock,2024-06-24,2024-06-19,Generated move order item for PMSM Motor 3 kW.
4721,2021,24,86.000,86.000,No,220.00,18920.00,Maintenance Store,Maintenance Bay,2024-06-21,2024-06-20,Generated move order item for Bearing 6205-2RS.
4722,2022,2,67.000,67.000,No,2800.00,187600.00,Assembly Surplus,Central Warehouse,2024-06-23,2024-06-21,Generated move order item for Stator Core 3 kW.
4723,2023,2,394.000,394.000,No,2800.00,1103200.00,Central Warehouse,Production Line,2024-06-25,2024-06-22,Generated move order item for Stator Core 3 kW.
4724,2024,2,440.000,440.000,No,2800.00,1232000.00,Production Line,Quality Inspection,2024-06-27,2024-06-23,Generated move order item for Stator Core 3 kW.
4725,2025,101,42.000,42.000,No,36500.00,1533000.00,Assembly,FG Store,2024-06-29,2024-06-24,Generated move order item for PMSM Motor 3 kW.
4726,2026,101,48.000,48.000,No,36500.00,1752000.00,FG Store,Dispatch Dock,2024-06-26,2024-06-25,Generated move order item for PMSM Motor 3 kW.
4727,2027,24,9.000,9.000,No,220.00,1980.00,Maintenance Store,Maintenance Bay,2024-06-28,2024-06-26,Generated move order item for Bearing 6205-2RS.
4728,2028,2,383.000,383.000,No,2800.00,1072400.00,Assembly Surplus,Central Warehouse,2024-06-30,2024-06-27,Generated move order item for Stator Core 3 kW.
4729,2029,2,426.000,426.000,No,2800.00,1192800.00,Central Warehouse,Production Line,2024-07-02,2024-06-28,Generated move order item for Stator Core 3 kW.
4730,2030,2,154.000,154.000,No,2800.00,431200.00,Production Line,Quality Inspection,2024-07-04,2024-06-29,Generated move order item for Stator Core 3 kW.
4731,2031,101,31.000,31.000,No,36500.00,1131500.00,Assembly,FG Store,2024-07-01,2024-06-30,Generated move order item for PMSM Motor 3 kW.
4732,2032,101,28.000,28.000,No,36500.00,1022000.00,FG Store,Dispatch Dock,2024-07-03,2024-07-01,Generated move order item for PMSM Motor 3 kW.
4733,2033,24,14.000,14.000,No,220.00,3080.00,Maintenance Store,Maintenance Bay,2024-07-05,2024-07-02,Generated move order item for Bearing 6205-2RS.
4734,2034,2,107.000,107.000,No,2800.00,299600.00,Assembly Surplus,Central Warehouse,2024-07-07,2024-07-03,Generated move order item for Stator Core 3 kW.
4735,2035,2,185.000,185.000,No,2800.00,518000.00,Central Warehouse,Production Line,2024-07-09,2024-07-04,Generated move order item for Stator Core 3 kW.
4736,2036,2,99.000,99.000,No,2800.00,277200.00,Production Line,Quality Inspection,2024-07-06,2024-07-05,Generated move order item for Stator Core 3 kW.
4737,2037,101,33.000,33.000,No,36500.00,1204500.00,Assembly,FG Store,2024-07-08,2024-07-06,Generated move order item for PMSM Motor 3 kW.
4738,2038,101,8.000,8.000,No,36500.00,292000.00,FG Store,Dispatch Dock,2024-07-10,2024-07-07,Generated move order item for PMSM Motor 3 kW.
4739,2039,24,6.000,6.000,No,220.00,1320.00,Maintenance Store,Maintenance Bay,2024-07-12,2024-07-08,Generated move order item for Bearing 6205-2RS.
4740,2040,2,333.000,333.000,No,2800.00,932400.00,Assembly Surplus,Central Warehouse,2024-07-14,2024-07-09,Generated move order item for Stator Core 3 kW.
4741,2041,2,163.000,163.000,No,2800.00,456400.00,Central Warehouse,Production Line,2024-07-11,2024-07-10,Generated move order item for Stator Core 3 kW.
4742,2042,2,220.000,220.000,No,2800.00,616000.00,Production Line,Quality Inspection,2024-07-13,2024-07-11,Generated move order item for Stator Core 3 kW.
4743,2043,101,23.000,23.000,No,36500.00,839500.00,Assembly,FG Store,2024-07-15,2024-07-12,Generated move order item for PMSM Motor 3 kW.
4744,2044,101,31.000,31.000,No,36500.00,1131500.00,FG Store,Dispatch Dock,2024-07-17,2024-07-13,Generated move order item for PMSM Motor 3 kW.
4745,2045,24,49.000,49.000,No,220.00,10780.00,Maintenance Store,Maintenance Bay,2024-07-19,2024-07-14,Generated move order item for Bearing 6205-2RS.
4746,2046,2,110.000,110.000,No,2800.00,308000.00,Assembly Surplus,Central Warehouse,2024-07-16,2024-07-15,Generated move order item for Stator Core 3 kW.
4747,2047,2,50.000,50.000,No,2800.00,140000.00,Central Warehouse,Production Line,2024-07-18,2024-07-16,Generated move order item for Stator Core 3 kW.
4748,2048,2,249.000,249.000,No,2800.00,697200.00,Production Line,Quality Inspection,2024-07-20,2024-07-17,Generated move order item for Stator Core 3 kW.
4749,2049,101,36.000,36.000,No,36500.00,1314000.00,Assembly,FG Store,2024-07-22,2024-07-18,Generated move order item for PMSM Motor 3 kW.
4750,2050,101,48.000,48.000,No,36500.00,1752000.00,FG Store,Dispatch Dock,2024-07-24,2024-07-19,Generated move order item for PMSM Motor 3 kW.
4751,2051,24,23.000,23.000,No,220.00,5060.00,Maintenance Store,Maintenance Bay,2024-07-21,2024-07-20,Generated move order item for Bearing 6205-2RS.
4752,2052,2,87.000,87.000,No,2800.00,243600.00,Assembly Surplus,Central Warehouse,2024-07-23,2024-07-21,Generated move order item for Stator Core 3 kW.
4753,2053,2,319.000,319.000,No,2800.00,893200.00,Central Warehouse,Production Line,2024-07-25,2024-07-22,Generated move order item for Stator Core 3 kW.
4754,2054,2,456.000,456.000,No,2800.00,1276800.00,Production Line,Quality Inspection,2024-07-27,2024-07-23,Generated move order item for Stator Core 3 kW.
4755,2055,101,18.000,18.000,No,36500.00,657000.00,Assembly,FG Store,2024-07-29,2024-07-24,Generated move order item for PMSM Motor 3 kW.
4756,2056,101,9.000,9.000,No,36500.00,328500.00,FG Store,Dispatch Dock,2024-07-26,2024-07-25,Generated move order item for PMSM Motor 3 kW.
4757,2057,24,43.000,43.000,No,220.00,9460.00,Maintenance Store,Maintenance Bay,2024-07-28,2024-07-26,Generated move order item for Bearing 6205-2RS.
4758,2058,2,302.000,302.000,No,2800.00,845600.00,Assembly Surplus,Central Warehouse,2024-07-30,2024-07-27,Generated move order item for Stator Core 3 kW.
4759,2059,2,331.000,331.000,No,2800.00,926800.00,Central Warehouse,Production Line,2024-08-01,2024-07-28,Generated move order item for Stator Core 3 kW.
4760,2060,2,100.000,100.000,No,2800.00,280000.00,Production Line,Quality Inspection,2024-08-03,2024-07-29,Generated move order item for Stator Core 3 kW.
4761,2061,101,41.000,41.000,No,36500.00,1496500.00,Assembly,FG Store,2024-07-31,2024-07-30,Generated move order item for PMSM Motor 3 kW.
4762,2062,101,24.000,24.000,No,36500.00,876000.00,FG Store,Dispatch Dock,2024-08-02,2024-07-31,Generated move order item for PMSM Motor 3 kW.
4763,2063,24,7.000,7.000,No,220.00,1540.00,Maintenance Store,Maintenance Bay,2024-08-04,2024-08-01,Generated move order item for Bearing 6205-2RS.
4764,2064,2,465.000,465.000,No,2800.00,1302000.00,Assembly Surplus,Central Warehouse,2024-08-06,2024-08-02,Generated move order item for Stator Core 3 kW.
4765,2065,2,291.000,291.000,No,2800.00,814800.00,Central Warehouse,Production Line,2024-08-08,2024-08-03,Generated move order item for Stator Core 3 kW.
4766,2066,2,187.000,187.000,No,2800.00,523600.00,Production Line,Quality Inspection,2024-08-05,2024-08-04,Generated move order item for Stator Core 3 kW.
4767,2067,101,50.000,50.000,No,36500.00,1825000.00,Assembly,FG Store,2024-08-07,2024-08-05,Generated move order item for PMSM Motor 3 kW.
4768,2068,101,49.000,49.000,No,36500.00,1788500.00,FG Store,Dispatch Dock,2024-08-09,2024-08-06,Generated move order item for PMSM Motor 3 kW.
4769,2069,24,24.000,24.000,No,220.00,5280.00,Maintenance Store,Maintenance Bay,2024-08-11,2024-08-07,Generated move order item for Bearing 6205-2RS.
4770,2070,2,483.000,483.000,No,2800.00,1352400.00,Assembly Surplus,Central Warehouse,2024-08-13,2024-08-08,Generated move order item for Stator Core 3 kW.
4771,2071,2,289.000,289.000,No,2800.00,809200.00,Central Warehouse,Production Line,2024-08-10,2024-08-09,Generated move order item for Stator Core 3 kW.
4772,2072,2,168.000,168.000,No,2800.00,470400.00,Production Line,Quality Inspection,2024-08-12,2024-08-10,Generated move order item for Stator Core 3 kW.
4773,2073,101,30.000,30.000,No,36500.00,1095000.00,Assembly,FG Store,2024-08-14,2024-08-11,Generated move order item for PMSM Motor 3 kW.
4774,2074,101,15.000,15.000,No,36500.00,547500.00,FG Store,Dispatch Dock,2024-08-16,2024-08-12,Generated move order item for PMSM Motor 3 kW.
4775,2075,24,86.000,86.000,No,220.00,18920.00,Maintenance Store,Maintenance Bay,2024-08-18,2024-08-13,Generated move order item for Bearing 6205-2RS.
4776,2076,2,171.000,171.000,No,2800.00,478800.00,Assembly Surplus,Central Warehouse,2024-08-15,2024-08-14,Generated move order item for Stator Core 3 kW.
4777,2077,2,247.000,247.000,No,2800.00,691600.00,Central Warehouse,Production Line,2024-08-17,2024-08-15,Generated move order item for Stator Core 3 kW.
4778,2078,2,80.000,80.000,No,2800.00,224000.00,Production Line,Quality Inspection,2024-08-19,2024-08-16,Generated move order item for Stator Core 3 kW.
4779,2079,101,57.000,57.000,No,36500.00,2080500.00,Assembly,FG Store,2024-08-21,2024-08-17,Generated move order item for PMSM Motor 3 kW.
4780,2080,101,21.000,21.000,No,36500.00,766500.00,FG Store,Dispatch Dock,2024-08-23,2024-08-18,Generated move order item for PMSM Motor 3 kW.
4781,2081,24,67.000,67.000,No,220.00,14740.00,Maintenance Store,Maintenance Bay,2024-08-20,2024-08-19,Generated move order item for Bearing 6205-2RS.
4782,2082,2,209.000,209.000,No,2800.00,585200.00,Assembly Surplus,Central Warehouse,2024-08-22,2024-08-20,Generated move order item for Stator Core 3 kW.
4783,2083,2,303.000,303.000,No,2800.00,848400.00,Central Warehouse,Production Line,2024-08-24,2024-08-21,Generated move order item for Stator Core 3 kW.
4784,2084,2,302.000,302.000,No,2800.00,845600.00,Production Line,Quality Inspection,2024-08-26,2024-08-22,Generated move order item for Stator Core 3 kW.
4785,2085,101,21.000,21.000,No,36500.00,766500.00,Assembly,FG Store,2024-08-28,2024-08-23,Generated move order item for PMSM Motor 3 kW.
4786,2086,101,29.000,29.000,No,36500.00,1058500.00,FG Store,Dispatch Dock,2024-08-25,2024-08-24,Generated move order item for PMSM Motor 3 kW.
4787,2087,24,62.000,62.000,No,220.00,13640.00,Maintenance Store,Maintenance Bay,2024-08-27,2024-08-25,Generated move order item for Bearing 6205-2RS.
4788,2088,2,148.000,148.000,No,2800.00,414400.00,Assembly Surplus,Central Warehouse,2024-08-29,2024-08-26,Generated move order item for Stator Core 3 kW.
4789,2089,2,109.000,109.000,No,2800.00,305200.00,Central Warehouse,Production Line,2024-08-31,2024-08-27,Generated move order item for Stator Core 3 kW.
4790,2090,2,130.000,130.000,No,2800.00,364000.00,Production Line,Quality Inspection,2024-09-02,2024-08-28,Generated move order item for Stator Core 3 kW.
4791,2091,101,28.000,28.000,No,36500.00,1022000.00,Assembly,FG Store,2024-08-30,2024-08-29,Generated move order item for PMSM Motor 3 kW.
4792,2092,101,16.000,16.000,No,36500.00,584000.00,FG Store,Dispatch Dock,2024-09-01,2024-08-30,Generated move order item for PMSM Motor 3 kW.
4793,2093,24,32.000,32.000,No,220.00,7040.00,Maintenance Store,Maintenance Bay,2024-09-03,2024-08-31,Generated move order item for Bearing 6205-2RS.
4794,2094,2,359.000,359.000,No,2800.00,1005200.00,Assembly Surplus,Central Warehouse,2024-09-05,2024-09-01,Generated move order item for Stator Core 3 kW.
4795,2095,2,352.000,352.000,No,2800.00,985600.00,Central Warehouse,Production Line,2024-09-07,2024-09-02,Generated move order item for Stator Core 3 kW.
4796,2096,2,475.000,475.000,No,2800.00,1330000.00,Production Line,Quality Inspection,2024-09-04,2024-09-03,Generated move order item for Stator Core 3 kW.
4797,2097,101,47.000,47.000,No,36500.00,1715500.00,Assembly,FG Store,2024-09-06,2024-09-04,Generated move order item for PMSM Motor 3 kW.
4798,2098,101,28.000,28.000,No,36500.00,1022000.00,FG Store,Dispatch Dock,2024-09-08,2024-09-05,Generated move order item for PMSM Motor 3 kW.
4799,2099,24,94.000,94.000,No,220.00,20680.00,Maintenance Store,Maintenance Bay,2024-09-10,2024-09-06,Generated move order item for Bearing 6205-2RS.
4800,2100,2,465.000,465.000,No,2800.00,1302000.00,Assembly Surplus,Central Warehouse,2024-09-12,2024-09-07,Generated move order item for Stator Core 3 kW.
4801,2101,2,150.000,150.000,No,2800.00,420000.00,Central Warehouse,Production Line,2024-09-09,2024-09-08,Generated move order item for Stator Core 3 kW.
4802,2102,2,127.000,127.000,No,2800.00,355600.00,Production Line,Quality Inspection,2024-09-11,2024-09-09,Generated move order item for Stator Core 3 kW.
4803,2103,101,54.000,54.000,No,36500.00,1971000.00,Assembly,FG Store,2024-09-13,2024-09-10,Generated move order item for PMSM Motor 3 kW.
4804,2104,101,54.000,54.000,No,36500.00,1971000.00,FG Store,Dispatch Dock,2024-09-15,2024-09-11,Generated move order item for PMSM Motor 3 kW.
4805,2105,24,86.000,86.000,No,220.00,18920.00,Maintenance Store,Maintenance Bay,2024-09-17,2024-09-12,Generated move order item for Bearing 6205-2RS.
4806,2106,2,257.000,257.000,No,2800.00,719600.00,Assembly Surplus,Central Warehouse,2024-09-14,2024-09-13,Generated move order item for Stator Core 3 kW.
4807,2107,2,438.000,438.000,No,2800.00,1226400.00,Central Warehouse,Production Line,2024-09-16,2024-09-14,Generated move order item for Stator Core 3 kW.
4808,2108,2,396.000,396.000,No,2800.00,1108800.00,Production Line,Quality Inspection,2024-09-18,2024-09-15,Generated move order item for Stator Core 3 kW.
4809,2109,101,46.000,46.000,No,36500.00,1679000.00,Assembly,FG Store,2024-09-20,2024-09-16,Generated move order item for PMSM Motor 3 kW.
4810,2110,101,38.000,38.000,No,36500.00,1387000.00,FG Store,Dispatch Dock,2024-09-22,2024-09-17,Generated move order item for PMSM Motor 3 kW.
4811,2111,24,30.000,30.000,No,220.00,6600.00,Maintenance Store,Maintenance Bay,2024-09-19,2024-09-18,Generated move order item for Bearing 6205-2RS.
4812,2112,2,386.000,386.000,No,2800.00,1080800.00,Assembly Surplus,Central Warehouse,2024-09-21,2024-09-19,Generated move order item for Stator Core 3 kW.
4813,2113,2,445.000,445.000,No,2800.00,1246000.00,Central Warehouse,Production Line,2024-09-23,2024-09-20,Generated move order item for Stator Core 3 kW.
4814,2114,2,448.000,448.000,No,2800.00,1254400.00,Production Line,Quality Inspection,2024-09-25,2024-09-21,Generated move order item for Stator Core 3 kW.
4815,2115,101,38.000,38.000,No,36500.00,1387000.00,Assembly,FG Store,2024-09-27,2024-09-22,Generated move order item for PMSM Motor 3 kW.
4816,2116,101,7.000,7.000,No,36500.00,255500.00,FG Store,Dispatch Dock,2024-09-24,2024-09-23,Generated move order item for PMSM Motor 3 kW.
4817,2117,24,76.000,76.000,No,220.00,16720.00,Maintenance Store,Maintenance Bay,2024-09-26,2024-09-24,Generated move order item for Bearing 6205-2RS.
4818,2118,2,164.000,164.000,No,2800.00,459200.00,Assembly Surplus,Central Warehouse,2024-09-28,2024-09-25,Generated move order item for Stator Core 3 kW.
4819,2119,2,142.000,142.000,No,2800.00,397600.00,Central Warehouse,Production Line,2024-09-30,2024-09-26,Generated move order item for Stator Core 3 kW.
4820,2120,2,85.000,85.000,No,2800.00,238000.00,Production Line,Quality Inspection,2024-10-02,2024-09-27,Generated move order item for Stator Core 3 kW.
4821,2121,101,13.000,13.000,No,36500.00,474500.00,Assembly,FG Store,2024-09-29,2024-09-28,Generated move order item for PMSM Motor 3 kW.
4822,2122,101,32.000,32.000,No,36500.00,1168000.00,FG Store,Dispatch Dock,2024-10-01,2024-09-29,Generated move order item for PMSM Motor 3 kW.
4823,2123,24,31.000,31.000,No,220.00,6820.00,Maintenance Store,Maintenance Bay,2024-10-03,2024-09-30,Generated move order item for Bearing 6205-2RS.
4824,2124,2,222.000,222.000,No,2800.00,621600.00,Assembly Surplus,Central Warehouse,2024-10-05,2024-10-01,Generated move order item for Stator Core 3 kW.
4825,2125,2,280.000,280.000,No,2800.00,784000.00,Central Warehouse,Production Line,2024-10-07,2024-10-02,Generated move order item for Stator Core 3 kW.
4826,2126,2,287.000,287.000,No,2800.00,803600.00,Production Line,Quality Inspection,2024-10-04,2024-10-03,Generated move order item for Stator Core 3 kW.
4827,2127,101,28.000,28.000,No,36500.00,1022000.00,Assembly,FG Store,2024-10-06,2024-10-04,Generated move order item for PMSM Motor 3 kW.
4828,2128,101,30.000,30.000,No,36500.00,1095000.00,FG Store,Dispatch Dock,2024-10-08,2024-10-05,Generated move order item for PMSM Motor 3 kW.
4829,2129,24,90.000,90.000,No,220.00,19800.00,Maintenance Store,Maintenance Bay,2024-10-10,2024-10-06,Generated move order item for Bearing 6205-2RS.
4830,2130,2,177.000,177.000,No,2800.00,495600.00,Assembly Surplus,Central Warehouse,2024-10-12,2024-10-07,Generated move order item for Stator Core 3 kW.
4831,2131,2,55.000,55.000,No,2800.00,154000.00,Central Warehouse,Production Line,2024-10-09,2024-10-08,Generated move order item for Stator Core 3 kW.
4832,2132,2,410.000,410.000,No,2800.00,1148000.00,Production Line,Quality Inspection,2024-10-11,2024-10-09,Generated move order item for Stator Core 3 kW.
4833,2133,101,9.000,9.000,No,36500.00,328500.00,Assembly,FG Store,2024-10-13,2024-10-10,Generated move order item for PMSM Motor 3 kW.
4834,2134,101,48.000,48.000,No,36500.00,1752000.00,FG Store,Dispatch Dock,2024-10-15,2024-10-11,Generated move order item for PMSM Motor 3 kW.
4835,2135,24,36.000,36.000,No,220.00,7920.00,Maintenance Store,Maintenance Bay,2024-10-17,2024-10-12,Generated move order item for Bearing 6205-2RS.
4836,2136,2,429.000,429.000,No,2800.00,1201200.00,Assembly Surplus,Central Warehouse,2024-10-14,2024-10-13,Generated move order item for Stator Core 3 kW.
4837,2137,2,125.000,125.000,No,2800.00,350000.00,Central Warehouse,Production Line,2024-10-16,2024-10-14,Generated move order item for Stator Core 3 kW.
4838,2138,2,124.000,124.000,No,2800.00,347200.00,Production Line,Quality Inspection,2024-10-18,2024-10-15,Generated move order item for Stator Core 3 kW.
4839,2139,101,27.000,27.000,No,36500.00,985500.00,Assembly,FG Store,2024-10-20,2024-10-16,Generated move order item for PMSM Motor 3 kW.
4840,2140,101,28.000,28.000,No,36500.00,1022000.00,FG Store,Dispatch Dock,2024-10-22,2024-10-17,Generated move order item for PMSM Motor 3 kW.
4841,2141,24,73.000,73.000,No,220.00,16060.00,Maintenance Store,Maintenance Bay,2024-10-19,2024-10-18,Generated move order item for Bearing 6205-2RS.
4842,2142,2,341.000,341.000,No,2800.00,954800.00,Assembly Surplus,Central Warehouse,2024-10-21,2024-10-19,Generated move order item for Stator Core 3 kW.
4843,2143,2,498.000,498.000,No,2800.00,1394400.00,Central Warehouse,Production Line,2024-10-23,2024-10-20,Generated move order item for Stator Core 3 kW.
4844,2144,2,355.000,355.000,No,2800.00,994000.00,Production Line,Quality Inspection,2024-10-25,2024-10-21,Generated move order item for Stator Core 3 kW.
4845,2145,101,16.000,16.000,No,36500.00,584000.00,Assembly,FG Store,2024-10-27,2024-10-22,Generated move order item for PMSM Motor 3 kW.
4846,2146,101,9.000,9.000,No,36500.00,328500.00,FG Store,Dispatch Dock,2024-10-24,2024-10-23,Generated move order item for PMSM Motor 3 kW.
4847,2147,24,30.000,30.000,No,220.00,6600.00,Maintenance Store,Maintenance Bay,2024-10-26,2024-10-24,Generated move order item for Bearing 6205-2RS.
4848,2148,2,493.000,493.000,No,2800.00,1380400.00,Assembly Surplus,Central Warehouse,2024-10-28,2024-10-25,Generated move order item for Stator Core 3 kW.
4849,2149,2,396.000,396.000,No,2800.00,1108800.00,Central Warehouse,Production Line,2024-10-30,2024-10-26,Generated move order item for Stator Core 3 kW.
4850,2150,2,384.000,384.000,No,2800.00,1075200.00,Production Line,Quality Inspection,2024-11-01,2024-10-27,Generated move order item for Stator Core 3 kW.
4851,2151,101,20.000,20.000,No,36500.00,730000.00,Assembly,FG Store,2024-10-29,2024-10-28,Generated move order item for PMSM Motor 3 kW.
4852,2152,101,31.000,31.000,No,36500.00,1131500.00,FG Store,Dispatch Dock,2024-10-31,2024-10-29,Generated move order item for PMSM Motor 3 kW.
4853,2153,24,72.000,72.000,No,220.00,15840.00,Maintenance Store,Maintenance Bay,2024-11-02,2024-10-30,Generated move order item for Bearing 6205-2RS.
4854,2154,2,477.000,477.000,No,2800.00,1335600.00,Assembly Surplus,Central Warehouse,2024-11-04,2024-10-31,Generated move order item for Stator Core 3 kW.
4855,2155,2,313.000,313.000,No,2800.00,876400.00,Central Warehouse,Production Line,2024-11-06,2024-11-01,Generated move order item for Stator Core 3 kW.
4856,2156,2,59.000,59.000,No,2800.00,165200.00,Production Line,Quality Inspection,2024-11-03,2024-11-02,Generated move order item for Stator Core 3 kW.
4857,2157,101,52.000,52.000,No,36500.00,1898000.00,Assembly,FG Store,2024-11-05,2024-11-03,Generated move order item for PMSM Motor 3 kW.
4858,2158,101,57.000,57.000,No,36500.00,2080500.00,FG Store,Dispatch Dock,2024-11-07,2024-11-04,Generated move order item for PMSM Motor 3 kW.
4859,2159,24,8.000,8.000,No,220.00,1760.00,Maintenance Store,Maintenance Bay,2024-11-09,2024-11-05,Generated move order item for Bearing 6205-2RS.
4860,2160,2,226.000,226.000,No,2800.00,632800.00,Assembly Surplus,Central Warehouse,2024-11-11,2024-11-06,Generated move order item for Stator Core 3 kW.
4861,2161,2,491.000,491.000,No,2800.00,1374800.00,Central Warehouse,Production Line,2024-11-08,2024-11-07,Generated move order item for Stator Core 3 kW.
4862,2162,2,480.000,480.000,No,2800.00,1344000.00,Production Line,Quality Inspection,2024-11-10,2024-11-08,Generated move order item for Stator Core 3 kW.
4863,2163,101,58.000,58.000,No,36500.00,2117000.00,Assembly,FG Store,2024-11-12,2024-11-09,Generated move order item for PMSM Motor 3 kW.
4864,2164,101,59.000,59.000,No,36500.00,2153500.00,FG Store,Dispatch Dock,2024-11-14,2024-11-10,Generated move order item for PMSM Motor 3 kW.
4865,2165,24,7.000,7.000,No,220.00,1540.00,Maintenance Store,Maintenance Bay,2024-11-16,2024-11-11,Generated move order item for Bearing 6205-2RS.
4866,2166,2,118.000,118.000,No,2800.00,330400.00,Assembly Surplus,Central Warehouse,2024-11-13,2024-11-12,Generated move order item for Stator Core 3 kW.
4867,2167,2,275.000,275.000,No,2800.00,770000.00,Central Warehouse,Production Line,2024-11-15,2024-11-13,Generated move order item for Stator Core 3 kW.
4868,2168,2,322.000,322.000,No,2800.00,901600.00,Production Line,Quality Inspection,2024-11-17,2024-11-14,Generated move order item for Stator Core 3 kW.
4869,2169,101,27.000,27.000,No,36500.00,985500.00,Assembly,FG Store,2024-11-19,2024-11-15,Generated move order item for PMSM Motor 3 kW.
4870,2170,101,20.000,20.000,No,36500.00,730000.00,FG Store,Dispatch Dock,2024-11-21,2024-11-16,Generated move order item for PMSM Motor 3 kW.
4871,2171,24,29.000,29.000,No,220.00,6380.00,Maintenance Store,Maintenance Bay,2024-11-18,2024-11-17,Generated move order item for Bearing 6205-2RS.
4872,2172,2,322.000,322.000,No,2800.00,901600.00,Assembly Surplus,Central Warehouse,2024-11-20,2024-11-18,Generated move order item for Stator Core 3 kW.
4873,2173,2,490.000,490.000,No,2800.00,1372000.00,Central Warehouse,Production Line,2024-11-22,2024-11-19,Generated move order item for Stator Core 3 kW.
4874,2174,2,422.000,422.000,No,2800.00,1181600.00,Production Line,Quality Inspection,2024-11-24,2024-11-20,Generated move order item for Stator Core 3 kW.
4875,2175,101,14.000,14.000,No,36500.00,511000.00,Assembly,FG Store,2024-11-26,2024-11-21,Generated move order item for PMSM Motor 3 kW.
4876,2176,101,13.000,13.000,No,36500.00,474500.00,FG Store,Dispatch Dock,2024-11-23,2024-11-22,Generated move order item for PMSM Motor 3 kW.
4877,2177,24,30.000,30.000,No,220.00,6600.00,Maintenance Store,Maintenance Bay,2024-11-25,2024-11-23,Generated move order item for Bearing 6205-2RS.
4878,2178,2,380.000,380.000,No,2800.00,1064000.00,Assembly Surplus,Central Warehouse,2024-11-27,2024-11-24,Generated move order item for Stator Core 3 kW.
4879,2179,2,53.000,53.000,No,2800.00,148400.00,Central Warehouse,Production Line,2024-11-29,2024-11-25,Generated move order item for Stator Core 3 kW.
4880,2180,2,367.000,367.000,No,2800.00,1027600.00,Production Line,Quality Inspection,2024-12-01,2024-11-26,Generated move order item for Stator Core 3 kW.
4881,2181,101,37.000,37.000,No,36500.00,1350500.00,Assembly,FG Store,2024-11-28,2024-11-27,Generated move order item for PMSM Motor 3 kW.
4882,2182,101,41.000,41.000,No,36500.00,1496500.00,FG Store,Dispatch Dock,2024-11-30,2024-11-28,Generated move order item for PMSM Motor 3 kW.
4883,2183,24,87.000,87.000,No,220.00,19140.00,Maintenance Store,Maintenance Bay,2024-12-02,2024-11-29,Generated move order item for Bearing 6205-2RS.
4884,2184,2,316.000,316.000,No,2800.00,884800.00,Assembly Surplus,Central Warehouse,2024-12-04,2024-11-30,Generated move order item for Stator Core 3 kW.
4885,2185,2,330.000,330.000,No,2800.00,924000.00,Central Warehouse,Production Line,2024-12-06,2024-12-01,Generated move order item for Stator Core 3 kW.
4886,2186,2,266.000,266.000,No,2800.00,744800.00,Production Line,Quality Inspection,2024-12-03,2024-12-02,Generated move order item for Stator Core 3 kW.
4887,2187,101,41.000,41.000,No,36500.00,1496500.00,Assembly,FG Store,2024-12-05,2024-12-03,Generated move order item for PMSM Motor 3 kW.
4888,2188,101,26.000,26.000,No,36500.00,949000.00,FG Store,Dispatch Dock,2024-12-07,2024-12-04,Generated move order item for PMSM Motor 3 kW.
4889,2189,24,11.000,11.000,No,220.00,2420.00,Maintenance Store,Maintenance Bay,2024-12-09,2024-12-05,Generated move order item for Bearing 6205-2RS.
4890,2190,2,61.000,61.000,No,2800.00,170800.00,Assembly Surplus,Central Warehouse,2024-12-11,2024-12-06,Generated move order item for Stator Core 3 kW.
4891,2191,2,372.000,372.000,No,2800.00,1041600.00,Central Warehouse,Production Line,2024-12-08,2024-12-07,Generated move order item for Stator Core 3 kW.
4892,2192,2,337.000,337.000,No,2800.00,943600.00,Production Line,Quality Inspection,2024-12-10,2024-12-08,Generated move order item for Stator Core 3 kW.
4893,2193,101,27.000,27.000,No,36500.00,985500.00,Assembly,FG Store,2024-12-12,2024-12-09,Generated move order item for PMSM Motor 3 kW.
4894,2194,101,46.000,46.000,No,36500.00,1679000.00,FG Store,Dispatch Dock,2024-12-14,2024-12-10,Generated move order item for PMSM Motor 3 kW.
4895,2195,24,50.000,50.000,No,220.00,11000.00,Maintenance Store,Maintenance Bay,2024-12-16,2024-12-11,Generated move order item for Bearing 6205-2RS.
4896,2196,2,164.000,164.000,No,2800.00,459200.00,Assembly Surplus,Central Warehouse,2024-12-13,2024-12-12,Generated move order item for Stator Core 3 kW.
4897,2197,2,313.000,313.000,No,2800.00,876400.00,Central Warehouse,Production Line,2024-12-15,2024-12-13,Generated move order item for Stator Core 3 kW.
4898,2198,2,220.000,220.000,No,2800.00,616000.00,Production Line,Quality Inspection,2024-12-17,2024-12-14,Generated move order item for Stator Core 3 kW.
4899,2199,101,59.000,59.000,No,36500.00,2153500.00,Assembly,FG Store,2024-12-19,2024-12-15,Generated move order item for PMSM Motor 3 kW.
4900,2200,101,45.000,45.000,No,36500.00,1642500.00,FG Store,Dispatch Dock,2024-12-21,2024-12-16,Generated move order item for PMSM Motor 3 kW.
4901,2201,24,76.000,76.000,No,220.00,16720.00,Maintenance Store,Maintenance Bay,2024-12-18,2024-12-17,Generated move order item for Bearing 6205-2RS.
4902,2202,2,360.000,360.000,No,2800.00,1008000.00,Assembly Surplus,Central Warehouse,2024-12-20,2024-12-18,Generated move order item for Stator Core 3 kW.
4903,2203,2,358.000,358.000,No,2800.00,1002400.00,Central Warehouse,Production Line,2024-12-22,2024-12-19,Generated move order item for Stator Core 3 kW.
4904,2204,2,398.000,398.000,No,2800.00,1114400.00,Production Line,Quality Inspection,2024-12-24,2024-12-20,Generated move order item for Stator Core 3 kW.
4905,2205,101,29.000,29.000,No,36500.00,1058500.00,Assembly,FG Store,2024-12-26,2024-12-21,Generated move order item for PMSM Motor 3 kW.
4906,2206,101,51.000,51.000,No,36500.00,1861500.00,FG Store,Dispatch Dock,2024-12-23,2024-12-22,Generated move order item for PMSM Motor 3 kW.
4907,2207,24,8.000,8.000,No,220.00,1760.00,Maintenance Store,Maintenance Bay,2024-12-25,2024-12-23,Generated move order item for Bearing 6205-2RS.
4908,2208,2,350.000,350.000,No,2800.00,980000.00,Assembly Surplus,Central Warehouse,2024-12-27,2024-12-24,Generated move order item for Stator Core 3 kW.
4909,2209,2,292.000,292.000,No,2800.00,817600.00,Central Warehouse,Production Line,2024-12-29,2024-12-25,Generated move order item for Stator Core 3 kW.
4910,2210,2,53.000,53.000,No,2800.00,148400.00,Production Line,Quality Inspection,2024-12-31,2024-12-26,Generated move order item for Stator Core 3 kW.
4911,2211,101,42.000,42.000,No,36500.00,1533000.00,Assembly,FG Store,2024-12-28,2024-12-27,Generated move order item for PMSM Motor 3 kW.
4912,2212,101,5.000,5.000,No,36500.00,182500.00,FG Store,Dispatch Dock,2024-12-30,2024-12-28,Generated move order item for PMSM Motor 3 kW.
4913,2213,24,72.000,72.000,No,220.00,15840.00,Maintenance Store,Maintenance Bay,2025-01-01,2024-12-29,Generated move order item for Bearing 6205-2RS.
4914,2214,2,286.000,286.000,No,2800.00,800800.00,Assembly Surplus,Central Warehouse,2025-01-03,2024-12-30,Generated move order item for Stator Core 3 kW.
4915,2215,2,324.000,324.000,No,2800.00,907200.00,Central Warehouse,Production Line,2025-01-05,2024-12-31,Generated move order item for Stator Core 3 kW.
4916,2216,2,325.000,325.000,No,2800.00,910000.00,Production Line,Quality Inspection,2025-01-02,2025-01-01,Generated move order item for Stator Core 3 kW.
4917,2217,101,21.000,21.000,No,36500.00,766500.00,Assembly,FG Store,2025-01-04,2025-01-02,Generated move order item for PMSM Motor 3 kW.
4918,2218,101,39.000,39.000,No,36500.00,1423500.00,FG Store,Dispatch Dock,2025-01-06,2025-01-03,Generated move order item for PMSM Motor 3 kW.
4919,2219,24,26.000,26.000,No,220.00,5720.00,Maintenance Store,Maintenance Bay,2025-01-08,2025-01-04,Generated move order item for Bearing 6205-2RS.
4920,2220,2,392.000,392.000,No,2800.00,1097600.00,Assembly Surplus,Central Warehouse,2025-01-10,2025-01-05,Generated move order item for Stator Core 3 kW.
4921,2221,2,90.000,90.000,No,2800.00,252000.00,Central Warehouse,Production Line,2025-01-07,2025-01-06,Generated move order item for Stator Core 3 kW.
4922,2222,2,113.000,113.000,No,2800.00,316400.00,Production Line,Quality Inspection,2025-01-09,2025-01-07,Generated move order item for Stator Core 3 kW.
4923,2223,101,44.000,44.000,No,36500.00,1606000.00,Assembly,FG Store,2025-01-11,2025-01-08,Generated move order item for PMSM Motor 3 kW.
4924,2224,101,8.000,8.000,No,36500.00,292000.00,FG Store,Dispatch Dock,2025-01-13,2025-01-09,Generated move order item for PMSM Motor 3 kW.
4925,2225,24,98.000,98.000,No,220.00,21560.00,Maintenance Store,Maintenance Bay,2025-01-15,2025-01-10,Generated move order item for Bearing 6205-2RS.
4926,2226,2,63.000,63.000,No,2800.00,176400.00,Assembly Surplus,Central Warehouse,2025-01-12,2025-01-11,Generated move order item for Stator Core 3 kW.
4927,2227,2,286.000,286.000,No,2800.00,800800.00,Central Warehouse,Production Line,2025-01-14,2025-01-12,Generated move order item for Stator Core 3 kW.
4928,2228,2,493.000,493.000,No,2800.00,1380400.00,Production Line,Quality Inspection,2025-01-16,2025-01-13,Generated move order item for Stator Core 3 kW.
4929,2229,101,42.000,42.000,No,36500.00,1533000.00,Assembly,FG Store,2025-01-18,2025-01-14,Generated move order item for PMSM Motor 3 kW.
4930,2230,101,40.000,40.000,No,36500.00,1460000.00,FG Store,Dispatch Dock,2025-01-20,2025-01-15,Generated move order item for PMSM Motor 3 kW.
4931,2231,24,71.000,71.000,No,220.00,15620.00,Maintenance Store,Maintenance Bay,2025-01-17,2025-01-16,Generated move order item for Bearing 6205-2RS.
4932,2232,2,368.000,368.000,No,2800.00,1030400.00,Assembly Surplus,Central Warehouse,2025-01-19,2025-01-17,Generated move order item for Stator Core 3 kW.
4933,2233,2,122.000,122.000,No,2800.00,341600.00,Central Warehouse,Production Line,2025-01-21,2025-01-18,Generated move order item for Stator Core 3 kW.
4934,2234,2,189.000,189.000,No,2800.00,529200.00,Production Line,Quality Inspection,2025-01-23,2025-01-19,Generated move order item for Stator Core 3 kW.
4935,2235,101,15.000,15.000,No,36500.00,547500.00,Assembly,FG Store,2025-01-25,2025-01-20,Generated move order item for PMSM Motor 3 kW.
4936,2236,101,16.000,16.000,No,36500.00,584000.00,FG Store,Dispatch Dock,2025-01-22,2025-01-21,Generated move order item for PMSM Motor 3 kW.
4937,2237,24,24.000,24.000,No,220.00,5280.00,Maintenance Store,Maintenance Bay,2025-01-24,2025-01-22,Generated move order item for Bearing 6205-2RS.
4938,2238,2,337.000,337.000,No,2800.00,943600.00,Assembly Surplus,Central Warehouse,2025-01-26,2025-01-23,Generated move order item for Stator Core 3 kW.
4939,2239,2,470.000,470.000,No,2800.00,1316000.00,Central Warehouse,Production Line,2025-01-28,2025-01-24,Generated move order item for Stator Core 3 kW.
4940,2240,2,302.000,302.000,No,2800.00,845600.00,Production Line,Quality Inspection,2025-01-30,2025-01-25,Generated move order item for Stator Core 3 kW.
4941,2241,101,5.000,5.000,No,36500.00,182500.00,Assembly,FG Store,2025-01-27,2025-01-26,Generated move order item for PMSM Motor 3 kW.
4942,2242,101,43.000,43.000,No,36500.00,1569500.00,FG Store,Dispatch Dock,2025-01-29,2025-01-27,Generated move order item for PMSM Motor 3 kW.
4943,2243,24,56.000,56.000,No,220.00,12320.00,Maintenance Store,Maintenance Bay,2025-01-31,2025-01-28,Generated move order item for Bearing 6205-2RS.
4944,2244,2,400.000,400.000,No,2800.00,1120000.00,Assembly Surplus,Central Warehouse,2025-02-02,2025-01-29,Generated move order item for Stator Core 3 kW.
4945,2245,2,220.000,220.000,No,2800.00,616000.00,Central Warehouse,Production Line,2025-02-04,2025-01-30,Generated move order item for Stator Core 3 kW.
4946,2246,2,243.000,243.000,No,2800.00,680400.00,Production Line,Quality Inspection,2025-02-01,2025-01-31,Generated move order item for Stator Core 3 kW.
4947,2247,101,41.000,41.000,No,36500.00,1496500.00,Assembly,FG Store,2025-02-03,2025-02-01,Generated move order item for PMSM Motor 3 kW.
4948,2248,101,44.000,44.000,No,36500.00,1606000.00,FG Store,Dispatch Dock,2025-02-05,2025-02-02,Generated move order item for PMSM Motor 3 kW.
4949,2249,24,26.000,26.000,No,220.00,5720.00,Maintenance Store,Maintenance Bay,2025-02-07,2025-02-03,Generated move order item for Bearing 6205-2RS.
4950,2250,2,314.000,314.000,No,2800.00,879200.00,Assembly Surplus,Central Warehouse,2025-02-09,2025-02-04,Generated move order item for Stator Core 3 kW.
4951,2251,2,483.000,483.000,No,2800.00,1352400.00,Central Warehouse,Production Line,2025-02-06,2025-02-05,Generated move order item for Stator Core 3 kW.
4952,2252,2,79.000,79.000,No,2800.00,221200.00,Production Line,Quality Inspection,2025-02-08,2025-02-06,Generated move order item for Stator Core 3 kW.
4953,2253,101,23.000,23.000,No,36500.00,839500.00,Assembly,FG Store,2025-02-10,2025-02-07,Generated move order item for PMSM Motor 3 kW.
4954,2254,101,34.000,34.000,No,36500.00,1241000.00,FG Store,Dispatch Dock,2025-02-12,2025-02-08,Generated move order item for PMSM Motor 3 kW.
4955,2255,24,93.000,93.000,No,220.00,20460.00,Maintenance Store,Maintenance Bay,2025-02-14,2025-02-09,Generated move order item for Bearing 6205-2RS.
4956,2256,2,486.000,486.000,No,2800.00,1360800.00,Assembly Surplus,Central Warehouse,2025-02-11,2025-02-10,Generated move order item for Stator Core 3 kW.
4957,2257,2,315.000,315.000,No,2800.00,882000.00,Central Warehouse,Production Line,2025-02-13,2025-02-11,Generated move order item for Stator Core 3 kW.
4958,2258,2,296.000,296.000,No,2800.00,828800.00,Production Line,Quality Inspection,2025-02-15,2025-02-12,Generated move order item for Stator Core 3 kW.
4959,2259,101,28.000,28.000,No,36500.00,1022000.00,Assembly,FG Store,2025-02-17,2025-02-13,Generated move order item for PMSM Motor 3 kW.
4960,2260,101,29.000,29.000,No,36500.00,1058500.00,FG Store,Dispatch Dock,2025-02-19,2025-02-14,Generated move order item for PMSM Motor 3 kW.
4961,2261,24,75.000,75.000,No,220.00,16500.00,Maintenance Store,Maintenance Bay,2025-02-16,2025-02-15,Generated move order item for Bearing 6205-2RS.
4962,2262,2,295.000,295.000,No,2800.00,826000.00,Assembly Surplus,Central Warehouse,2025-02-18,2025-02-16,Generated move order item for Stator Core 3 kW.
4963,2263,2,299.000,299.000,No,2800.00,837200.00,Central Warehouse,Production Line,2025-02-20,2025-02-17,Generated move order item for Stator Core 3 kW.
4964,2264,2,430.000,430.000,No,2800.00,1204000.00,Production Line,Quality Inspection,2025-02-22,2025-02-18,Generated move order item for Stator Core 3 kW.
4965,2265,101,12.000,12.000,No,36500.00,438000.00,Assembly,FG Store,2025-02-24,2025-02-19,Generated move order item for PMSM Motor 3 kW.
4966,2266,101,58.000,58.000,No,36500.00,2117000.00,FG Store,Dispatch Dock,2025-02-21,2025-02-20,Generated move order item for PMSM Motor 3 kW.
4967,2267,24,72.000,72.000,No,220.00,15840.00,Maintenance Store,Maintenance Bay,2025-02-23,2025-02-21,Generated move order item for Bearing 6205-2RS.
4968,2268,2,314.000,314.000,No,2800.00,879200.00,Assembly Surplus,Central Warehouse,2025-02-25,2025-02-22,Generated move order item for Stator Core 3 kW.
4969,2269,2,311.000,311.000,No,2800.00,870800.00,Central Warehouse,Production Line,2025-02-27,2025-02-23,Generated move order item for Stator Core 3 kW.
4970,2270,2,310.000,310.000,No,2800.00,868000.00,Production Line,Quality Inspection,2025-03-01,2025-02-24,Generated move order item for Stator Core 3 kW.
4971,2271,101,36.000,36.000,No,36500.00,1314000.00,Assembly,FG Store,2025-02-26,2025-02-25,Generated move order item for PMSM Motor 3 kW.
4972,2272,101,24.000,24.000,No,36500.00,876000.00,FG Store,Dispatch Dock,2025-02-28,2025-02-26,Generated move order item for PMSM Motor 3 kW.
4973,2273,24,75.000,75.000,No,220.00,16500.00,Maintenance Store,Maintenance Bay,2025-03-02,2025-02-27,Generated move order item for Bearing 6205-2RS.
4974,2274,2,163.000,163.000,No,2800.00,456400.00,Assembly Surplus,Central Warehouse,2025-03-04,2025-02-28,Generated move order item for Stator Core 3 kW.
4975,2275,2,344.000,344.000,No,2800.00,963200.00,Central Warehouse,Production Line,2025-03-06,2025-03-01,Generated move order item for Stator Core 3 kW.
4976,2276,2,287.000,287.000,No,2800.00,803600.00,Production Line,Quality Inspection,2025-03-03,2025-03-02,Generated move order item for Stator Core 3 kW.
4977,2277,101,25.000,25.000,No,36500.00,912500.00,Assembly,FG Store,2025-03-05,2025-03-03,Generated move order item for PMSM Motor 3 kW.
4978,2278,101,50.000,50.000,No,36500.00,1825000.00,FG Store,Dispatch Dock,2025-03-07,2025-03-04,Generated move order item for PMSM Motor 3 kW.
4979,2279,24,35.000,35.000,No,220.00,7700.00,Maintenance Store,Maintenance Bay,2025-03-09,2025-03-05,Generated move order item for Bearing 6205-2RS.
4980,2280,2,347.000,347.000,No,2800.00,971600.00,Assembly Surplus,Central Warehouse,2025-03-11,2025-03-06,Generated move order item for Stator Core 3 kW.
4981,2281,2,163.000,163.000,No,2800.00,456400.00,Central Warehouse,Production Line,2025-03-08,2025-03-07,Generated move order item for Stator Core 3 kW.
4982,2282,2,140.000,140.000,No,2800.00,392000.00,Production Line,Quality Inspection,2025-03-10,2025-03-08,Generated move order item for Stator Core 3 kW.
4983,2283,101,37.000,37.000,No,36500.00,1350500.00,Assembly,FG Store,2025-03-12,2025-03-09,Generated move order item for PMSM Motor 3 kW.
4984,2284,101,59.000,59.000,No,36500.00,2153500.00,FG Store,Dispatch Dock,2025-03-14,2025-03-10,Generated move order item for PMSM Motor 3 kW.
4985,2285,24,33.000,33.000,No,220.00,7260.00,Maintenance Store,Maintenance Bay,2025-03-16,2025-03-11,Generated move order item for Bearing 6205-2RS.
4986,2286,2,101.000,101.000,No,2800.00,282800.00,Assembly Surplus,Central Warehouse,2025-03-13,2025-03-12,Generated move order item for Stator Core 3 kW.
4987,2287,2,104.000,104.000,No,2800.00,291200.00,Central Warehouse,Production Line,2025-03-15,2025-03-13,Generated move order item for Stator Core 3 kW.
4988,2288,2,271.000,271.000,No,2800.00,758800.00,Production Line,Quality Inspection,2025-03-17,2025-03-14,Generated move order item for Stator Core 3 kW.
4989,2289,101,48.000,48.000,No,36500.00,1752000.00,Assembly,FG Store,2025-03-19,2025-03-15,Generated move order item for PMSM Motor 3 kW.
4990,2290,101,44.000,44.000,No,36500.00,1606000.00,FG Store,Dispatch Dock,2025-03-21,2025-03-16,Generated move order item for PMSM Motor 3 kW.
4991,2291,24,25.000,25.000,No,220.00,5500.00,Maintenance Store,Maintenance Bay,2025-03-18,2025-03-17,Generated move order item for Bearing 6205-2RS.
4992,2292,2,426.000,426.000,No,2800.00,1192800.00,Assembly Surplus,Central Warehouse,2025-03-20,2025-03-18,Generated move order item for Stator Core 3 kW.
4993,2293,2,124.000,124.000,No,2800.00,347200.00,Central Warehouse,Production Line,2025-03-22,2025-03-19,Generated move order item for Stator Core 3 kW.
4994,2294,2,302.000,302.000,No,2800.00,845600.00,Production Line,Quality Inspection,2025-03-24,2025-03-20,Generated move order item for Stator Core 3 kW.
4995,2295,101,52.000,52.000,No,36500.00,1898000.00,Assembly,FG Store,2025-03-26,2025-03-21,Generated move order item for PMSM Motor 3 kW.
4996,2296,101,50.000,50.000,No,36500.00,1825000.00,FG Store,Dispatch Dock,2025-03-23,2025-03-22,Generated move order item for PMSM Motor 3 kW.
4997,2297,24,72.000,72.000,No,220.00,15840.00,Maintenance Store,Maintenance Bay,2025-03-25,2025-03-23,Generated move order item for Bearing 6205-2RS.
4998,2298,2,199.000,199.000,No,2800.00,557200.00,Assembly Surplus,Central Warehouse,2025-03-27,2025-03-24,Generated move order item for Stator Core 3 kW.
4999,2299,2,395.000,395.000,No,2800.00,1106000.00,Central Warehouse,Production Line,2025-03-29,2025-03-25,Generated move order item for Stator Core 3 kW.
5000,2300,2,224.000,224.000,No,2800.00,627200.00,Production Line,Quality Inspection,2025-03-31,2025-03-26,Generated move order item for Stator Core 3 kW.
5001,2301,101,24.000,24.000,No,36500.00,876000.00,Assembly,FG Store,2025-03-28,2025-03-27,Generated move order item for PMSM Motor 3 kW.
5002,2302,101,34.000,34.000,No,36500.00,1241000.00,FG Store,Dispatch Dock,2025-03-30,2025-03-28,Generated move order item for PMSM Motor 3 kW.
5003,2303,24,64.000,64.000,No,220.00,14080.00,Maintenance Store,Maintenance Bay,2025-04-01,2025-03-29,Generated move order item for Bearing 6205-2RS.
5004,2304,2,144.000,144.000,No,2800.00,403200.00,Assembly Surplus,Central Warehouse,2025-04-03,2025-03-30,Generated move order item for Stator Core 3 kW.
5005,2305,2,470.000,470.000,No,2800.00,1316000.00,Central Warehouse,Production Line,2025-04-05,2025-03-31,Generated move order item for Stator Core 3 kW.
5006,2306,2,441.000,441.000,No,2800.00,1234800.00,Production Line,Quality Inspection,2025-04-02,2025-04-01,Generated move order item for Stator Core 3 kW.
5007,2307,101,20.000,20.000,No,36500.00,730000.00,Assembly,FG Store,2025-04-04,2025-04-02,Generated move order item for PMSM Motor 3 kW.
5008,2308,101,18.000,18.000,No,36500.00,657000.00,FG Store,Dispatch Dock,2025-04-06,2025-04-03,Generated move order item for PMSM Motor 3 kW.
5009,2309,24,11.000,11.000,No,220.00,2420.00,Maintenance Store,Maintenance Bay,2025-04-08,2025-04-04,Generated move order item for Bearing 6205-2RS.
5010,2310,2,233.000,233.000,No,2800.00,652400.00,Assembly Surplus,Central Warehouse,2025-04-10,2025-04-05,Generated move order item for Stator Core 3 kW.
5011,2311,2,127.000,127.000,No,2800.00,355600.00,Central Warehouse,Production Line,2025-04-07,2025-04-06,Generated move order item for Stator Core 3 kW.
5012,2312,2,469.000,469.000,No,2800.00,1313200.00,Production Line,Quality Inspection,2025-04-09,2025-04-07,Generated move order item for Stator Core 3 kW.
5013,2313,101,55.000,55.000,No,36500.00,2007500.00,Assembly,FG Store,2025-04-11,2025-04-08,Generated move order item for PMSM Motor 3 kW.
5014,2314,101,51.000,51.000,No,36500.00,1861500.00,FG Store,Dispatch Dock,2025-04-13,2025-04-09,Generated move order item for PMSM Motor 3 kW.
5015,2315,24,32.000,32.000,No,220.00,7040.00,Maintenance Store,Maintenance Bay,2025-04-15,2025-04-10,Generated move order item for Bearing 6205-2RS.
5016,2316,2,361.000,361.000,No,2800.00,1010800.00,Assembly Surplus,Central Warehouse,2025-04-12,2025-04-11,Generated move order item for Stator Core 3 kW.
5017,2317,2,271.000,271.000,No,2800.00,758800.00,Central Warehouse,Production Line,2025-04-14,2025-04-12,Generated move order item for Stator Core 3 kW.
5018,2318,2,173.000,173.000,No,2800.00,484400.00,Production Line,Quality Inspection,2025-04-16,2025-04-13,Generated move order item for Stator Core 3 kW.
5019,2319,101,34.000,34.000,No,36500.00,1241000.00,Assembly,FG Store,2025-04-18,2025-04-14,Generated move order item for PMSM Motor 3 kW.
5020,2320,101,14.000,14.000,No,36500.00,511000.00,FG Store,Dispatch Dock,2025-04-20,2025-04-15,Generated move order item for PMSM Motor 3 kW.
5021,2321,24,97.000,97.000,No,220.00,21340.00,Maintenance Store,Maintenance Bay,2025-04-17,2025-04-16,Generated move order item for Bearing 6205-2RS.
5022,2322,2,123.000,123.000,No,2800.00,344400.00,Assembly Surplus,Central Warehouse,2025-04-19,2025-04-17,Generated move order item for Stator Core 3 kW.
5023,2323,2,185.000,185.000,No,2800.00,518000.00,Central Warehouse,Production Line,2025-04-21,2025-04-18,Generated move order item for Stator Core 3 kW.
5024,2324,2,149.000,149.000,No,2800.00,417200.00,Production Line,Quality Inspection,2025-04-23,2025-04-19,Generated move order item for Stator Core 3 kW.
5025,2325,101,34.000,34.000,No,36500.00,1241000.00,Assembly,FG Store,2025-04-25,2025-04-20,Generated move order item for PMSM Motor 3 kW.
5026,2326,101,42.000,42.000,No,36500.00,1533000.00,FG Store,Dispatch Dock,2025-04-22,2025-04-21,Generated move order item for PMSM Motor 3 kW.
5027,2327,24,96.000,96.000,No,220.00,21120.00,Maintenance Store,Maintenance Bay,2025-04-24,2025-04-22,Generated move order item for Bearing 6205-2RS.
5028,2328,2,225.000,225.000,No,2800.00,630000.00,Assembly Surplus,Central Warehouse,2025-04-26,2025-04-23,Generated move order item for Stator Core 3 kW.
5029,2329,2,140.000,140.000,No,2800.00,392000.00,Central Warehouse,Production Line,2025-04-28,2025-04-24,Generated move order item for Stator Core 3 kW.
5030,2330,2,59.000,59.000,No,2800.00,165200.00,Production Line,Quality Inspection,2025-04-30,2025-04-25,Generated move order item for Stator Core 3 kW.
5031,2331,101,38.000,38.000,No,36500.00,1387000.00,Assembly,FG Store,2025-04-27,2025-04-26,Generated move order item for PMSM Motor 3 kW.
5032,2332,101,59.000,59.000,No,36500.00,2153500.00,FG Store,Dispatch Dock,2025-04-29,2025-04-27,Generated move order item for PMSM Motor 3 kW.
5033,2333,24,11.000,11.000,No,220.00,2420.00,Maintenance Store,Maintenance Bay,2025-05-01,2025-04-28,Generated move order item for Bearing 6205-2RS.
5034,2334,2,499.000,499.000,No,2800.00,1397200.00,Assembly Surplus,Central Warehouse,2025-05-03,2025-04-29,Generated move order item for Stator Core 3 kW.
5035,2335,2,168.000,168.000,No,2800.00,470400.00,Central Warehouse,Production Line,2025-05-05,2025-04-30,Generated move order item for Stator Core 3 kW.
5036,2336,2,459.000,459.000,No,2800.00,1285200.00,Production Line,Quality Inspection,2025-05-02,2025-05-01,Generated move order item for Stator Core 3 kW.
5037,2337,101,8.000,8.000,No,36500.00,292000.00,Assembly,FG Store,2025-05-04,2025-05-02,Generated move order item for PMSM Motor 3 kW.
5038,2338,101,54.000,54.000,No,36500.00,1971000.00,FG Store,Dispatch Dock,2025-05-06,2025-05-03,Generated move order item for PMSM Motor 3 kW.
5039,2339,24,36.000,36.000,No,220.00,7920.00,Maintenance Store,Maintenance Bay,2025-05-08,2025-05-04,Generated move order item for Bearing 6205-2RS.
5040,2340,2,173.000,173.000,No,2800.00,484400.00,Assembly Surplus,Central Warehouse,2025-05-10,2025-05-05,Generated move order item for Stator Core 3 kW.
5041,2341,2,143.000,143.000,No,2800.00,400400.00,Central Warehouse,Production Line,2025-05-07,2025-05-06,Generated move order item for Stator Core 3 kW.
5042,2342,2,110.000,110.000,No,2800.00,308000.00,Production Line,Quality Inspection,2025-05-09,2025-05-07,Generated move order item for Stator Core 3 kW.
5043,2343,101,49.000,49.000,No,36500.00,1788500.00,Assembly,FG Store,2025-05-11,2025-05-08,Generated move order item for PMSM Motor 3 kW.
5044,2344,101,8.000,8.000,No,36500.00,292000.00,FG Store,Dispatch Dock,2025-05-13,2025-05-09,Generated move order item for PMSM Motor 3 kW.
5045,2345,24,49.000,49.000,No,220.00,10780.00,Maintenance Store,Maintenance Bay,2025-05-15,2025-05-10,Generated move order item for Bearing 6205-2RS.
5046,2346,2,477.000,477.000,No,2800.00,1335600.00,Assembly Surplus,Central Warehouse,2025-05-12,2025-05-11,Generated move order item for Stator Core 3 kW.
5047,2347,2,232.000,232.000,No,2800.00,649600.00,Central Warehouse,Production Line,2025-05-14,2025-05-12,Generated move order item for Stator Core 3 kW.
5048,2348,2,423.000,423.000,No,2800.00,1184400.00,Production Line,Quality Inspection,2025-05-16,2025-05-13,Generated move order item for Stator Core 3 kW.
5049,2349,101,43.000,43.000,No,36500.00,1569500.00,Assembly,FG Store,2025-05-18,2025-05-14,Generated move order item for PMSM Motor 3 kW.
5050,2350,101,49.000,49.000,No,36500.00,1788500.00,FG Store,Dispatch Dock,2025-05-20,2025-05-15,Generated move order item for PMSM Motor 3 kW.
5051,2351,24,95.000,95.000,No,220.00,20900.00,Maintenance Store,Maintenance Bay,2025-05-17,2025-05-16,Generated move order item for Bearing 6205-2RS.
5052,2352,2,94.000,94.000,No,2800.00,263200.00,Assembly Surplus,Central Warehouse,2025-05-19,2025-05-17,Generated move order item for Stator Core 3 kW.
5053,2353,2,185.000,185.000,No,2800.00,518000.00,Central Warehouse,Production Line,2025-05-21,2025-05-18,Generated move order item for Stator Core 3 kW.
5054,2354,2,194.000,194.000,No,2800.00,543200.00,Production Line,Quality Inspection,2025-05-23,2025-05-19,Generated move order item for Stator Core 3 kW.
5055,2355,101,8.000,8.000,No,36500.00,292000.00,Assembly,FG Store,2025-05-25,2025-05-20,Generated move order item for PMSM Motor 3 kW.
5056,2356,101,10.000,10.000,No,36500.00,365000.00,FG Store,Dispatch Dock,2025-05-22,2025-05-21,Generated move order item for PMSM Motor 3 kW.
5057,2357,24,15.000,15.000,No,220.00,3300.00,Maintenance Store,Maintenance Bay,2025-05-24,2025-05-22,Generated move order item for Bearing 6205-2RS.
5058,2358,2,478.000,478.000,No,2800.00,1338400.00,Assembly Surplus,Central Warehouse,2025-05-26,2025-05-23,Generated move order item for Stator Core 3 kW.
5059,2359,2,436.000,436.000,No,2800.00,1220800.00,Central Warehouse,Production Line,2025-05-28,2025-05-24,Generated move order item for Stator Core 3 kW.
5060,2360,2,315.000,315.000,No,2800.00,882000.00,Production Line,Quality Inspection,2025-05-30,2025-05-25,Generated move order item for Stator Core 3 kW.
5061,2361,101,52.000,52.000,No,36500.00,1898000.00,Assembly,FG Store,2025-05-27,2025-05-26,Generated move order item for PMSM Motor 3 kW.
5062,2362,101,24.000,24.000,No,36500.00,876000.00,FG Store,Dispatch Dock,2025-05-29,2025-05-27,Generated move order item for PMSM Motor 3 kW.
5063,2363,24,50.000,50.000,No,220.00,11000.00,Maintenance Store,Maintenance Bay,2025-05-31,2025-05-28,Generated move order item for Bearing 6205-2RS.
5064,2364,2,448.000,448.000,No,2800.00,1254400.00,Assembly Surplus,Central Warehouse,2025-06-02,2025-05-29,Generated move order item for Stator Core 3 kW.
5065,2365,2,116.000,116.000,No,2800.00,324800.00,Central Warehouse,Production Line,2025-06-04,2025-05-30,Generated move order item for Stator Core 3 kW.
5066,2366,2,115.000,115.000,No,2800.00,322000.00,Production Line,Quality Inspection,2025-06-01,2025-05-31,Generated move order item for Stator Core 3 kW.
5067,2367,101,34.000,34.000,No,36500.00,1241000.00,Assembly,FG Store,2025-06-03,2025-06-01,Generated move order item for PMSM Motor 3 kW.
5068,2368,101,19.000,19.000,No,36500.00,693500.00,FG Store,Dispatch Dock,2025-06-05,2025-06-02,Generated move order item for PMSM Motor 3 kW.
5069,2369,24,69.000,69.000,No,220.00,15180.00,Maintenance Store,Maintenance Bay,2025-06-07,2025-06-03,Generated move order item for Bearing 6205-2RS.
5070,2370,2,336.000,336.000,No,2800.00,940800.00,Assembly Surplus,Central Warehouse,2025-06-09,2025-06-04,Generated move order item for Stator Core 3 kW.
5071,2371,2,199.000,199.000,No,2800.00,557200.00,Central Warehouse,Production Line,2025-06-06,2025-06-05,Generated move order item for Stator Core 3 kW.
5072,2372,2,102.000,102.000,No,2800.00,285600.00,Production Line,Quality Inspection,2025-06-08,2025-06-06,Generated move order item for Stator Core 3 kW.
5073,2373,101,9.000,9.000,No,36500.00,328500.00,Assembly,FG Store,2025-06-10,2025-06-07,Generated move order item for PMSM Motor 3 kW.
5074,2374,101,29.000,29.000,No,36500.00,1058500.00,FG Store,Dispatch Dock,2025-06-12,2025-06-08,Generated move order item for PMSM Motor 3 kW.
5075,2375,24,35.000,35.000,No,220.00,7700.00,Maintenance Store,Maintenance Bay,2025-06-14,2025-06-09,Generated move order item for Bearing 6205-2RS.
5076,2376,2,65.000,65.000,No,2800.00,182000.00,Assembly Surplus,Central Warehouse,2025-06-11,2025-06-10,Generated move order item for Stator Core 3 kW.
5077,2377,2,361.000,361.000,No,2800.00,1010800.00,Central Warehouse,Production Line,2025-06-13,2025-06-11,Generated move order item for Stator Core 3 kW.
5078,2378,2,481.000,481.000,No,2800.00,1346800.00,Production Line,Quality Inspection,2025-06-15,2025-06-12,Generated move order item for Stator Core 3 kW.
5079,2379,101,59.000,59.000,No,36500.00,2153500.00,Assembly,FG Store,2025-06-17,2025-06-13,Generated move order item for PMSM Motor 3 kW.
5080,2380,101,11.000,11.000,No,36500.00,401500.00,FG Store,Dispatch Dock,2025-06-19,2025-06-14,Generated move order item for PMSM Motor 3 kW.
5081,2381,24,23.000,23.000,No,220.00,5060.00,Maintenance Store,Maintenance Bay,2025-06-16,2025-06-15,Generated move order item for Bearing 6205-2RS.
5082,2382,2,244.000,244.000,No,2800.00,683200.00,Assembly Surplus,Central Warehouse,2025-06-18,2025-06-16,Generated move order item for Stator Core 3 kW.
5083,2383,2,462.000,462.000,No,2800.00,1293600.00,Central Warehouse,Production Line,2025-06-20,2025-06-17,Generated move order item for Stator Core 3 kW.
5084,2384,2,309.000,309.000,No,2800.00,865200.00,Production Line,Quality Inspection,2025-06-22,2025-06-18,Generated move order item for Stator Core 3 kW.
5085,2385,101,30.000,30.000,No,36500.00,1095000.00,Assembly,FG Store,2025-06-24,2025-06-19,Generated move order item for PMSM Motor 3 kW.
5086,2386,101,56.000,56.000,No,36500.00,2044000.00,FG Store,Dispatch Dock,2025-06-21,2025-06-20,Generated move order item for PMSM Motor 3 kW.
5087,2387,24,68.000,68.000,No,220.00,14960.00,Maintenance Store,Maintenance Bay,2025-06-23,2025-06-21,Generated move order item for Bearing 6205-2RS.
5088,2388,2,494.000,494.000,No,2800.00,1383200.00,Assembly Surplus,Central Warehouse,2025-06-25,2025-06-22,Generated move order item for Stator Core 3 kW.
5089,2389,2,439.000,439.000,No,2800.00,1229200.00,Central Warehouse,Production Line,2025-06-27,2025-06-23,Generated move order item for Stator Core 3 kW.
5090,2390,2,500.000,500.000,No,2800.00,1400000.00,Production Line,Quality Inspection,2025-06-29,2025-06-24,Generated move order item for Stator Core 3 kW.
5091,2391,101,36.000,36.000,No,36500.00,1314000.00,Assembly,FG Store,2025-06-26,2025-06-25,Generated move order item for PMSM Motor 3 kW.
5092,2392,101,25.000,25.000,No,36500.00,912500.00,FG Store,Dispatch Dock,2025-06-28,2025-06-26,Generated move order item for PMSM Motor 3 kW.
5093,2393,24,10.000,10.000,No,220.00,2200.00,Maintenance Store,Maintenance Bay,2025-06-30,2025-06-27,Generated move order item for Bearing 6205-2RS.
5094,2394,2,379.000,379.000,No,2800.00,1061200.00,Assembly Surplus,Central Warehouse,2025-07-02,2025-06-28,Generated move order item for Stator Core 3 kW.
5095,2395,2,169.000,169.000,No,2800.00,473200.00,Central Warehouse,Production Line,2025-07-04,2025-06-29,Generated move order item for Stator Core 3 kW.
5096,2396,2,54.000,54.000,No,2800.00,151200.00,Production Line,Quality Inspection,2025-07-01,2025-06-30,Generated move order item for Stator Core 3 kW.
5097,2397,101,49.000,49.000,No,36500.00,1788500.00,Assembly,FG Store,2025-07-03,2025-07-01,Generated move order item for PMSM Motor 3 kW.
5098,2398,101,28.000,28.000,No,36500.00,1022000.00,FG Store,Dispatch Dock,2025-07-05,2025-07-02,Generated move order item for PMSM Motor 3 kW.
5099,2399,24,58.000,58.000,No,220.00,12760.00,Maintenance Store,Maintenance Bay,2025-07-07,2025-07-03,Generated move order item for Bearing 6205-2RS.
5100,2400,2,403.000,403.000,No,2800.00,1128400.00,Assembly Surplus,Central Warehouse,2025-07-09,2025-07-04,Generated move order item for Stator Core 3 kW.
5101,2401,2,198.000,198.000,No,2800.00,554400.00,Central Warehouse,Production Line,2025-07-06,2025-07-05,Generated move order item for Stator Core 3 kW.
5102,2402,2,418.000,418.000,No,2800.00,1170400.00,Production Line,Quality Inspection,2025-07-08,2025-07-06,Generated move order item for Stator Core 3 kW.
5103,2403,101,37.000,37.000,No,36500.00,1350500.00,Assembly,FG Store,2025-07-10,2025-07-07,Generated move order item for PMSM Motor 3 kW.
5104,2404,101,36.000,36.000,No,36500.00,1314000.00,FG Store,Dispatch Dock,2025-07-12,2025-07-08,Generated move order item for PMSM Motor 3 kW.
5105,2405,24,30.000,30.000,No,220.00,6600.00,Maintenance Store,Maintenance Bay,2025-07-14,2025-07-09,Generated move order item for Bearing 6205-2RS.
5106,2406,2,405.000,405.000,No,2800.00,1134000.00,Assembly Surplus,Central Warehouse,2025-07-11,2025-07-10,Generated move order item for Stator Core 3 kW.
5107,2407,2,158.000,158.000,No,2800.00,442400.00,Central Warehouse,Production Line,2025-07-13,2025-07-11,Generated move order item for Stator Core 3 kW.
5108,2408,2,329.000,329.000,No,2800.00,921200.00,Production Line,Quality Inspection,2025-07-15,2025-07-12,Generated move order item for Stator Core 3 kW.
5109,2409,101,51.000,51.000,No,36500.00,1861500.00,Assembly,FG Store,2025-07-17,2025-07-13,Generated move order item for PMSM Motor 3 kW.
5110,2410,101,11.000,11.000,No,36500.00,401500.00,FG Store,Dispatch Dock,2025-07-19,2025-07-14,Generated move order item for PMSM Motor 3 kW.
5111,2411,24,43.000,43.000,No,220.00,9460.00,Maintenance Store,Maintenance Bay,2025-07-16,2025-07-15,Generated move order item for Bearing 6205-2RS.
5112,2412,2,355.000,355.000,No,2800.00,994000.00,Assembly Surplus,Central Warehouse,2025-07-18,2025-07-16,Generated move order item for Stator Core 3 kW.
5113,2413,2,173.000,173.000,No,2800.00,484400.00,Central Warehouse,Production Line,2025-07-20,2025-07-17,Generated move order item for Stator Core 3 kW.
5114,2414,2,62.000,62.000,No,2800.00,173600.00,Production Line,Quality Inspection,2025-07-22,2025-07-18,Generated move order item for Stator Core 3 kW.
5115,2415,101,27.000,27.000,No,36500.00,985500.00,Assembly,FG Store,2025-07-24,2025-07-19,Generated move order item for PMSM Motor 3 kW.
5116,2416,101,32.000,32.000,No,36500.00,1168000.00,FG Store,Dispatch Dock,2025-07-21,2025-07-20,Generated move order item for PMSM Motor 3 kW.
5117,2417,24,93.000,93.000,No,220.00,20460.00,Maintenance Store,Maintenance Bay,2025-07-23,2025-07-21,Generated move order item for Bearing 6205-2RS.
5118,2418,2,414.000,414.000,No,2800.00,1159200.00,Assembly Surplus,Central Warehouse,2025-07-25,2025-07-22,Generated move order item for Stator Core 3 kW.
5119,2419,2,131.000,131.000,No,2800.00,366800.00,Central Warehouse,Production Line,2025-07-27,2025-07-23,Generated move order item for Stator Core 3 kW.
5120,2420,2,174.000,174.000,No,2800.00,487200.00,Production Line,Quality Inspection,2025-07-29,2025-07-24,Generated move order item for Stator Core 3 kW.
5121,2421,101,15.000,15.000,No,36500.00,547500.00,Assembly,FG Store,2025-07-26,2025-07-25,Generated move order item for PMSM Motor 3 kW.
5122,2422,101,56.000,56.000,No,36500.00,2044000.00,FG Store,Dispatch Dock,2025-07-28,2025-07-26,Generated move order item for PMSM Motor 3 kW.
5123,2423,24,38.000,38.000,No,220.00,8360.00,Maintenance Store,Maintenance Bay,2025-07-30,2025-07-27,Generated move order item for Bearing 6205-2RS.
5124,2424,2,451.000,451.000,No,2800.00,1262800.00,Assembly Surplus,Central Warehouse,2025-08-01,2025-07-28,Generated move order item for Stator Core 3 kW.
5125,2425,2,77.000,77.000,No,2800.00,215600.00,Central Warehouse,Production Line,2025-08-03,2025-07-29,Generated move order item for Stator Core 3 kW.
5126,2426,2,302.000,302.000,No,2800.00,845600.00,Production Line,Quality Inspection,2025-07-31,2025-07-30,Generated move order item for Stator Core 3 kW.
5127,2427,101,9.000,9.000,No,36500.00,328500.00,Assembly,FG Store,2025-08-02,2025-07-31,Generated move order item for PMSM Motor 3 kW.
5128,2428,101,36.000,36.000,No,36500.00,1314000.00,FG Store,Dispatch Dock,2025-08-04,2025-08-01,Generated move order item for PMSM Motor 3 kW.
5129,2429,24,6.000,6.000,No,220.00,1320.00,Maintenance Store,Maintenance Bay,2025-08-06,2025-08-02,Generated move order item for Bearing 6205-2RS.
5130,2430,2,120.000,120.000,No,2800.00,336000.00,Assembly Surplus,Central Warehouse,2025-08-08,2025-08-03,Generated move order item for Stator Core 3 kW.
5131,2431,2,115.000,115.000,No,2800.00,322000.00,Central Warehouse,Production Line,2025-08-05,2025-08-04,Generated move order item for Stator Core 3 kW.
5132,2432,2,369.000,369.000,No,2800.00,1033200.00,Production Line,Quality Inspection,2025-08-07,2025-08-05,Generated move order item for Stator Core 3 kW.
5133,2433,101,40.000,40.000,No,36500.00,1460000.00,Assembly,FG Store,2025-08-09,2025-08-06,Generated move order item for PMSM Motor 3 kW.
5134,2434,101,36.000,36.000,No,36500.00,1314000.00,FG Store,Dispatch Dock,2025-08-11,2025-08-07,Generated move order item for PMSM Motor 3 kW.
5135,2435,24,23.000,23.000,No,220.00,5060.00,Maintenance Store,Maintenance Bay,2025-08-13,2025-08-08,Generated move order item for Bearing 6205-2RS.
5136,2436,2,169.000,169.000,No,2800.00,473200.00,Assembly Surplus,Central Warehouse,2025-08-10,2025-08-09,Generated move order item for Stator Core 3 kW.
5137,2437,2,220.000,220.000,No,2800.00,616000.00,Central Warehouse,Production Line,2025-08-12,2025-08-10,Generated move order item for Stator Core 3 kW.
5138,2438,2,491.000,491.000,No,2800.00,1374800.00,Production Line,Quality Inspection,2025-08-14,2025-08-11,Generated move order item for Stator Core 3 kW.
5139,2439,101,44.000,44.000,No,36500.00,1606000.00,Assembly,FG Store,2025-08-16,2025-08-12,Generated move order item for PMSM Motor 3 kW.
5140,2440,101,6.000,6.000,No,36500.00,219000.00,FG Store,Dispatch Dock,2025-08-18,2025-08-13,Generated move order item for PMSM Motor 3 kW.
5141,2441,24,8.000,8.000,No,220.00,1760.00,Maintenance Store,Maintenance Bay,2025-08-15,2025-08-14,Generated move order item for Bearing 6205-2RS.
5142,2442,2,206.000,206.000,No,2800.00,576800.00,Assembly Surplus,Central Warehouse,2025-08-17,2025-08-15,Generated move order item for Stator Core 3 kW.
5143,2443,2,144.000,144.000,No,2800.00,403200.00,Central Warehouse,Production Line,2025-08-19,2025-08-16,Generated move order item for Stator Core 3 kW.
5144,2444,2,233.000,233.000,No,2800.00,652400.00,Production Line,Quality Inspection,2025-08-21,2025-08-17,Generated move order item for Stator Core 3 kW.
5145,2445,101,60.000,60.000,No,36500.00,2190000.00,Assembly,FG Store,2025-08-23,2025-08-18,Generated move order item for PMSM Motor 3 kW.
5146,2446,101,15.000,15.000,No,36500.00,547500.00,FG Store,Dispatch Dock,2025-08-20,2025-08-19,Generated move order item for PMSM Motor 3 kW.
5147,2447,24,62.000,62.000,No,220.00,13640.00,Maintenance Store,Maintenance Bay,2025-08-22,2025-08-20,Generated move order item for Bearing 6205-2RS.
5148,2448,2,267.000,267.000,No,2800.00,747600.00,Assembly Surplus,Central Warehouse,2025-08-24,2025-08-21,Generated move order item for Stator Core 3 kW.
5149,2449,2,347.000,347.000,No,2800.00,971600.00,Central Warehouse,Production Line,2025-08-26,2025-08-22,Generated move order item for Stator Core 3 kW.
5150,2450,2,296.000,296.000,No,2800.00,828800.00,Production Line,Quality Inspection,2025-08-28,2025-08-23,Generated move order item for Stator Core 3 kW.
5151,2451,101,33.000,33.000,No,36500.00,1204500.00,Assembly,FG Store,2025-08-25,2025-08-24,Generated move order item for PMSM Motor 3 kW.
5152,2452,101,20.000,20.000,No,36500.00,730000.00,FG Store,Dispatch Dock,2025-08-27,2025-08-25,Generated move order item for PMSM Motor 3 kW.
5153,2453,24,97.000,97.000,No,220.00,21340.00,Maintenance Store,Maintenance Bay,2025-08-29,2025-08-26,Generated move order item for Bearing 6205-2RS.
5154,2454,2,170.000,170.000,No,2800.00,476000.00,Assembly Surplus,Central Warehouse,2025-08-31,2025-08-27,Generated move order item for Stator Core 3 kW.
5155,2455,2,115.000,115.000,No,2800.00,322000.00,Central Warehouse,Production Line,2025-09-02,2025-08-28,Generated move order item for Stator Core 3 kW.
5156,2456,2,93.000,93.000,No,2800.00,260400.00,Production Line,Quality Inspection,2025-08-30,2025-08-29,Generated move order item for Stator Core 3 kW.
5157,2457,101,8.000,8.000,No,36500.00,292000.00,Assembly,FG Store,2025-09-01,2025-08-30,Generated move order item for PMSM Motor 3 kW.
5158,2458,101,24.000,24.000,No,36500.00,876000.00,FG Store,Dispatch Dock,2025-09-03,2025-08-31,Generated move order item for PMSM Motor 3 kW.
5159,2459,24,83.000,83.000,No,220.00,18260.00,Maintenance Store,Maintenance Bay,2025-09-05,2025-09-01,Generated move order item for Bearing 6205-2RS.
5160,2460,2,119.000,119.000,No,2800.00,333200.00,Assembly Surplus,Central Warehouse,2025-09-07,2025-09-02,Generated move order item for Stator Core 3 kW.
5161,2461,2,51.000,51.000,No,2800.00,142800.00,Central Warehouse,Production Line,2025-09-04,2025-09-03,Generated move order item for Stator Core 3 kW.
5162,2462,2,289.000,289.000,No,2800.00,809200.00,Production Line,Quality Inspection,2025-09-06,2025-09-04,Generated move order item for Stator Core 3 kW.
5163,2463,101,36.000,36.000,No,36500.00,1314000.00,Assembly,FG Store,2025-09-08,2025-09-05,Generated move order item for PMSM Motor 3 kW.
5164,2464,101,36.000,36.000,No,36500.00,1314000.00,FG Store,Dispatch Dock,2025-09-10,2025-09-06,Generated move order item for PMSM Motor 3 kW.
5165,2465,24,5.000,5.000,No,220.00,1100.00,Maintenance Store,Maintenance Bay,2025-09-12,2025-09-07,Generated move order item for Bearing 6205-2RS.
5166,2466,2,141.000,141.000,No,2800.00,394800.00,Assembly Surplus,Central Warehouse,2025-09-09,2025-09-08,Generated move order item for Stator Core 3 kW.
5167,2467,2,207.000,207.000,No,2800.00,579600.00,Central Warehouse,Production Line,2025-09-11,2025-09-09,Generated move order item for Stator Core 3 kW.
5168,2468,2,383.000,383.000,No,2800.00,1072400.00,Production Line,Quality Inspection,2025-09-13,2025-09-10,Generated move order item for Stator Core 3 kW.
5169,2469,101,41.000,41.000,No,36500.00,1496500.00,Assembly,FG Store,2025-09-15,2025-09-11,Generated move order item for PMSM Motor 3 kW.
5170,2470,101,50.000,50.000,No,36500.00,1825000.00,FG Store,Dispatch Dock,2025-09-17,2025-09-12,Generated move order item for PMSM Motor 3 kW.
5171,2471,24,57.000,57.000,No,220.00,12540.00,Maintenance Store,Maintenance Bay,2025-09-14,2025-09-13,Generated move order item for Bearing 6205-2RS.
5172,2472,2,231.000,231.000,No,2800.00,646800.00,Assembly Surplus,Central Warehouse,2025-09-16,2025-09-14,Generated move order item for Stator Core 3 kW.
5173,2473,2,302.000,302.000,No,2800.00,845600.00,Central Warehouse,Production Line,2025-09-18,2025-09-15,Generated move order item for Stator Core 3 kW.
5174,2474,2,223.000,223.000,No,2800.00,624400.00,Production Line,Quality Inspection,2025-09-20,2025-09-16,Generated move order item for Stator Core 3 kW.
5175,2475,101,13.000,13.000,No,36500.00,474500.00,Assembly,FG Store,2025-09-22,2025-09-17,Generated move order item for PMSM Motor 3 kW.
5176,2476,101,37.000,37.000,No,36500.00,1350500.00,FG Store,Dispatch Dock,2025-09-19,2025-09-18,Generated move order item for PMSM Motor 3 kW.
5177,2477,24,33.000,33.000,No,220.00,7260.00,Maintenance Store,Maintenance Bay,2025-09-21,2025-09-19,Generated move order item for Bearing 6205-2RS.
5178,2478,2,169.000,169.000,No,2800.00,473200.00,Assembly Surplus,Central Warehouse,2025-09-23,2025-09-20,Generated move order item for Stator Core 3 kW.
5179,2479,2,370.000,370.000,No,2800.00,1036000.00,Central Warehouse,Production Line,2025-09-25,2025-09-21,Generated move order item for Stator Core 3 kW.
5180,2480,2,79.000,79.000,No,2800.00,221200.00,Production Line,Quality Inspection,2025-09-27,2025-09-22,Generated move order item for Stator Core 3 kW.
5181,2481,101,6.000,6.000,No,36500.00,219000.00,Assembly,FG Store,2025-09-24,2025-09-23,Generated move order item for PMSM Motor 3 kW.
5182,2482,101,24.000,24.000,No,36500.00,876000.00,FG Store,Dispatch Dock,2025-09-26,2025-09-24,Generated move order item for PMSM Motor 3 kW.
5183,2483,24,62.000,62.000,No,220.00,13640.00,Maintenance Store,Maintenance Bay,2025-09-28,2025-09-25,Generated move order item for Bearing 6205-2RS.
5184,2484,2,428.000,428.000,No,2800.00,1198400.00,Assembly Surplus,Central Warehouse,2025-09-30,2025-09-26,Generated move order item for Stator Core 3 kW.
5185,2485,2,283.000,283.000,No,2800.00,792400.00,Central Warehouse,Production Line,2025-10-02,2025-09-27,Generated move order item for Stator Core 3 kW.
5186,2486,2,166.000,166.000,No,2800.00,464800.00,Production Line,Quality Inspection,2025-09-29,2025-09-28,Generated move order item for Stator Core 3 kW.
5187,2487,101,24.000,24.000,No,36500.00,876000.00,Assembly,FG Store,2025-10-01,2025-09-29,Generated move order item for PMSM Motor 3 kW.
5188,2488,101,26.000,26.000,No,36500.00,949000.00,FG Store,Dispatch Dock,2025-10-03,2025-09-30,Generated move order item for PMSM Motor 3 kW.
5189,2489,24,37.000,37.000,No,220.00,8140.00,Maintenance Store,Maintenance Bay,2025-10-05,2025-10-01,Generated move order item for Bearing 6205-2RS.
5190,2490,2,351.000,351.000,No,2800.00,982800.00,Assembly Surplus,Central Warehouse,2025-10-07,2025-10-02,Generated move order item for Stator Core 3 kW.
5191,2491,2,410.000,410.000,No,2800.00,1148000.00,Central Warehouse,Production Line,2025-10-04,2025-10-03,Generated move order item for Stator Core 3 kW.
5192,2492,2,369.000,369.000,No,2800.00,1033200.00,Production Line,Quality Inspection,2025-10-06,2025-10-04,Generated move order item for Stator Core 3 kW.
5193,2493,101,26.000,26.000,No,36500.00,949000.00,Assembly,FG Store,2025-10-08,2025-10-05,Generated move order item for PMSM Motor 3 kW.
5194,2494,101,21.000,21.000,No,36500.00,766500.00,FG Store,Dispatch Dock,2025-10-10,2025-10-06,Generated move order item for PMSM Motor 3 kW.
5195,2495,24,12.000,12.000,No,220.00,2640.00,Maintenance Store,Maintenance Bay,2025-10-12,2025-10-07,Generated move order item for Bearing 6205-2RS.
5196,2496,2,409.000,409.000,No,2800.00,1145200.00,Assembly Surplus,Central Warehouse,2025-10-09,2025-10-08,Generated move order item for Stator Core 3 kW.
5197,2497,2,483.000,483.000,No,2800.00,1352400.00,Central Warehouse,Production Line,2025-10-11,2025-10-09,Generated move order item for Stator Core 3 kW.
5198,2498,2,74.000,74.000,No,2800.00,207200.00,Production Line,Quality Inspection,2025-10-13,2025-10-10,Generated move order item for Stator Core 3 kW.
5199,2499,101,12.000,12.000,No,36500.00,438000.00,Assembly,FG Store,2025-10-15,2025-10-11,Generated move order item for PMSM Motor 3 kW.
5200,2500,101,17.000,17.000,No,36500.00,620500.00,FG Store,Dispatch Dock,2025-10-17,2025-10-12,Generated move order item for PMSM Motor 3 kW.
5201,2501,24,81.000,81.000,No,220.00,17820.00,Maintenance Store,Maintenance Bay,2025-10-14,2025-10-13,Generated move order item for Bearing 6205-2RS.
5202,2502,2,147.000,147.000,No,2800.00,411600.00,Assembly Surplus,Central Warehouse,2025-10-16,2025-10-14,Generated move order item for Stator Core 3 kW.
5203,2503,2,56.000,56.000,No,2800.00,156800.00,Central Warehouse,Production Line,2025-10-18,2025-10-15,Generated move order item for Stator Core 3 kW.
5204,2504,2,201.000,201.000,No,2800.00,562800.00,Production Line,Quality Inspection,2025-10-20,2025-10-16,Generated move order item for Stator Core 3 kW.
5205,2505,101,25.000,25.000,No,36500.00,912500.00,Assembly,FG Store,2025-10-22,2025-10-17,Generated move order item for PMSM Motor 3 kW.
5206,2506,101,27.000,27.000,No,36500.00,985500.00,FG Store,Dispatch Dock,2025-10-19,2025-10-18,Generated move order item for PMSM Motor 3 kW.
5207,2507,24,54.000,54.000,No,220.00,11880.00,Maintenance Store,Maintenance Bay,2025-10-21,2025-10-19,Generated move order item for Bearing 6205-2RS.
5208,2508,2,159.000,159.000,No,2800.00,445200.00,Assembly Surplus,Central Warehouse,2025-10-23,2025-10-20,Generated move order item for Stator Core 3 kW.
5209,2509,2,63.000,63.000,No,2800.00,176400.00,Central Warehouse,Production Line,2025-10-25,2025-10-21,Generated move order item for Stator Core 3 kW.
5210,2510,2,98.000,98.000,No,2800.00,274400.00,Production Line,Quality Inspection,2025-10-27,2025-10-22,Generated move order item for Stator Core 3 kW.
5211,2511,101,46.000,46.000,No,36500.00,1679000.00,Assembly,FG Store,2025-10-24,2025-10-23,Generated move order item for PMSM Motor 3 kW.
5212,2512,101,41.000,41.000,No,36500.00,1496500.00,FG Store,Dispatch Dock,2025-10-26,2025-10-24,Generated move order item for PMSM Motor 3 kW.
5213,2513,24,30.000,30.000,No,220.00,6600.00,Maintenance Store,Maintenance Bay,2025-10-28,2025-10-25,Generated move order item for Bearing 6205-2RS.
5214,2514,2,474.000,474.000,No,2800.00,1327200.00,Assembly Surplus,Central Warehouse,2025-10-30,2025-10-26,Generated move order item for Stator Core 3 kW.
5215,2515,2,294.000,294.000,No,2800.00,823200.00,Central Warehouse,Production Line,2025-11-01,2025-10-27,Generated move order item for Stator Core 3 kW.
5216,2516,2,409.000,409.000,No,2800.00,1145200.00,Production Line,Quality Inspection,2025-10-29,2025-10-28,Generated move order item for Stator Core 3 kW.
5217,2517,101,49.000,49.000,No,36500.00,1788500.00,Assembly,FG Store,2025-10-31,2025-10-29,Generated move order item for PMSM Motor 3 kW.
5218,2518,101,21.000,21.000,No,36500.00,766500.00,FG Store,Dispatch Dock,2025-11-02,2025-10-30,Generated move order item for PMSM Motor 3 kW.
5219,2519,24,61.000,61.000,No,220.00,13420.00,Maintenance Store,Maintenance Bay,2025-11-04,2025-10-31,Generated move order item for Bearing 6205-2RS.
5220,2520,2,317.000,317.000,No,2800.00,887600.00,Assembly Surplus,Central Warehouse,2025-11-06,2025-11-01,Generated move order item for Stator Core 3 kW.
5221,2521,2,255.000,255.000,No,2800.00,714000.00,Central Warehouse,Production Line,2025-11-03,2025-11-02,Generated move order item for Stator Core 3 kW.
5222,2522,2,336.000,336.000,No,2800.00,940800.00,Production Line,Quality Inspection,2025-11-05,2025-11-03,Generated move order item for Stator Core 3 kW.
5223,2523,101,23.000,23.000,No,36500.00,839500.00,Assembly,FG Store,2025-11-07,2025-11-04,Generated move order item for PMSM Motor 3 kW.
5224,2524,101,10.000,10.000,No,36500.00,365000.00,FG Store,Dispatch Dock,2025-11-09,2025-11-05,Generated move order item for PMSM Motor 3 kW.
5225,2525,24,9.000,9.000,No,220.00,1980.00,Maintenance Store,Maintenance Bay,2025-11-11,2025-11-06,Generated move order item for Bearing 6205-2RS.
5226,2526,2,251.000,251.000,No,2800.00,702800.00,Assembly Surplus,Central Warehouse,2025-11-08,2025-11-07,Generated move order item for Stator Core 3 kW.
5227,2527,2,461.000,461.000,No,2800.00,1290800.00,Central Warehouse,Production Line,2025-11-10,2025-11-08,Generated move order item for Stator Core 3 kW.
5228,2528,2,146.000,146.000,No,2800.00,408800.00,Production Line,Quality Inspection,2025-11-12,2025-11-09,Generated move order item for Stator Core 3 kW.
5229,2529,101,38.000,38.000,No,36500.00,1387000.00,Assembly,FG Store,2025-11-14,2025-11-10,Generated move order item for PMSM Motor 3 kW.
5230,2530,101,14.000,14.000,No,36500.00,511000.00,FG Store,Dispatch Dock,2025-11-16,2025-11-11,Generated move order item for PMSM Motor 3 kW.
5231,2531,24,65.000,65.000,No,220.00,14300.00,Maintenance Store,Maintenance Bay,2025-11-13,2025-11-12,Generated move order item for Bearing 6205-2RS.
5232,2532,2,133.000,133.000,No,2800.00,372400.00,Assembly Surplus,Central Warehouse,2025-11-15,2025-11-13,Generated move order item for Stator Core 3 kW.
5233,2533,2,248.000,248.000,No,2800.00,694400.00,Central Warehouse,Production Line,2025-11-17,2025-11-14,Generated move order item for Stator Core 3 kW.
5234,2534,2,414.000,414.000,No,2800.00,1159200.00,Production Line,Quality Inspection,2025-11-19,2025-11-15,Generated move order item for Stator Core 3 kW.
5235,2535,101,25.000,25.000,No,36500.00,912500.00,Assembly,FG Store,2025-11-21,2025-11-16,Generated move order item for PMSM Motor 3 kW.
5236,2536,101,57.000,57.000,No,36500.00,2080500.00,FG Store,Dispatch Dock,2025-11-18,2025-11-17,Generated move order item for PMSM Motor 3 kW.
5237,2537,24,9.000,9.000,No,220.00,1980.00,Maintenance Store,Maintenance Bay,2025-11-20,2025-11-18,Generated move order item for Bearing 6205-2RS.
5238,2538,2,87.000,87.000,No,2800.00,243600.00,Assembly Surplus,Central Warehouse,2025-11-22,2025-11-19,Generated move order item for Stator Core 3 kW.
5239,2539,2,126.000,126.000,No,2800.00,352800.00,Central Warehouse,Production Line,2025-11-24,2025-11-20,Generated move order item for Stator Core 3 kW.
5240,2540,2,159.000,159.000,No,2800.00,445200.00,Production Line,Quality Inspection,2025-11-26,2025-11-21,Generated move order item for Stator Core 3 kW.
5241,2541,101,28.000,28.000,No,36500.00,1022000.00,Assembly,FG Store,2025-11-23,2025-11-22,Generated move order item for PMSM Motor 3 kW.
5242,2542,101,56.000,56.000,No,36500.00,2044000.00,FG Store,Dispatch Dock,2025-11-25,2025-11-23,Generated move order item for PMSM Motor 3 kW.
5243,2543,24,28.000,28.000,No,220.00,6160.00,Maintenance Store,Maintenance Bay,2025-11-27,2025-11-24,Generated move order item for Bearing 6205-2RS.
5244,2544,2,210.000,210.000,No,2800.00,588000.00,Assembly Surplus,Central Warehouse,2025-11-29,2025-11-25,Generated move order item for Stator Core 3 kW.
5245,2545,2,70.000,70.000,No,2800.00,196000.00,Central Warehouse,Production Line,2025-12-01,2025-11-26,Generated move order item for Stator Core 3 kW.
5246,2546,2,372.000,372.000,No,2800.00,1041600.00,Production Line,Quality Inspection,2025-11-28,2025-11-27,Generated move order item for Stator Core 3 kW.
5247,2547,101,35.000,35.000,No,36500.00,1277500.00,Assembly,FG Store,2025-11-30,2025-11-28,Generated move order item for PMSM Motor 3 kW.
5248,2548,101,7.000,7.000,No,36500.00,255500.00,FG Store,Dispatch Dock,2025-12-02,2025-11-29,Generated move order item for PMSM Motor 3 kW.
5249,2549,24,49.000,49.000,No,220.00,10780.00,Maintenance Store,Maintenance Bay,2025-12-04,2025-11-30,Generated move order item for Bearing 6205-2RS.
5250,2550,2,148.000,148.000,No,2800.00,414400.00,Assembly Surplus,Central Warehouse,2025-12-06,2025-12-01,Generated move order item for Stator Core 3 kW.
5251,2551,2,240.000,240.000,No,2800.00,672000.00,Central Warehouse,Production Line,2025-12-03,2025-12-02,Generated move order item for Stator Core 3 kW.
5252,2552,2,178.000,178.000,No,2800.00,498400.00,Production Line,Quality Inspection,2025-12-05,2025-12-03,Generated move order item for Stator Core 3 kW.
5253,2553,101,48.000,48.000,No,36500.00,1752000.00,Assembly,FG Store,2025-12-07,2025-12-04,Generated move order item for PMSM Motor 3 kW.
5254,2554,101,8.000,8.000,No,36500.00,292000.00,FG Store,Dispatch Dock,2025-12-09,2025-12-05,Generated move order item for PMSM Motor 3 kW.
5255,2555,24,62.000,62.000,No,220.00,13640.00,Maintenance Store,Maintenance Bay,2025-12-11,2025-12-06,Generated move order item for Bearing 6205-2RS.
5256,2556,2,407.000,407.000,No,2800.00,1139600.00,Assembly Surplus,Central Warehouse,2025-12-08,2025-12-07,Generated move order item for Stator Core 3 kW.
5257,2557,2,50.000,50.000,No,2800.00,140000.00,Central Warehouse,Production Line,2025-12-10,2025-12-08,Generated move order item for Stator Core 3 kW.
5258,2558,2,457.000,457.000,No,2800.00,1279600.00,Production Line,Quality Inspection,2025-12-12,2025-12-09,Generated move order item for Stator Core 3 kW.
5259,2559,101,47.000,47.000,No,36500.00,1715500.00,Assembly,FG Store,2025-12-14,2025-12-10,Generated move order item for PMSM Motor 3 kW.
5260,2560,101,20.000,20.000,No,36500.00,730000.00,FG Store,Dispatch Dock,2025-12-16,2025-12-11,Generated move order item for PMSM Motor 3 kW.
5261,2561,24,51.000,51.000,No,220.00,11220.00,Maintenance Store,Maintenance Bay,2025-12-13,2025-12-12,Generated move order item for Bearing 6205-2RS.
5262,2562,2,357.000,357.000,No,2800.00,999600.00,Assembly Surplus,Central Warehouse,2025-12-15,2025-12-13,Generated move order item for Stator Core 3 kW.
5263,2563,2,283.000,283.000,No,2800.00,792400.00,Central Warehouse,Production Line,2025-12-17,2025-12-14,Generated move order item for Stator Core 3 kW.
5264,2564,2,391.000,391.000,No,2800.00,1094800.00,Production Line,Quality Inspection,2025-12-19,2025-12-15,Generated move order item for Stator Core 3 kW.
5265,2565,101,54.000,54.000,No,36500.00,1971000.00,Assembly,FG Store,2025-12-21,2025-12-16,Generated move order item for PMSM Motor 3 kW.
5266,2566,101,25.000,25.000,No,36500.00,912500.00,FG Store,Dispatch Dock,2025-12-18,2025-12-17,Generated move order item for PMSM Motor 3 kW.
5267,2567,24,15.000,15.000,No,220.00,3300.00,Maintenance Store,Maintenance Bay,2025-12-20,2025-12-18,Generated move order item for Bearing 6205-2RS.
5268,2568,2,244.000,244.000,No,2800.00,683200.00,Assembly Surplus,Central Warehouse,2025-12-22,2025-12-19,Generated move order item for Stator Core 3 kW.
5269,2569,2,320.000,320.000,No,2800.00,896000.00,Central Warehouse,Production Line,2025-12-24,2025-12-20,Generated move order item for Stator Core 3 kW.
5270,2570,2,399.000,399.000,No,2800.00,1117200.00,Production Line,Quality Inspection,2025-12-26,2025-12-21,Generated move order item for Stator Core 3 kW.
5271,2571,101,20.000,20.000,No,36500.00,730000.00,Assembly,FG Store,2025-12-23,2025-12-22,Generated move order item for PMSM Motor 3 kW.
5272,2572,101,56.000,56.000,No,36500.00,2044000.00,FG Store,Dispatch Dock,2025-12-25,2025-12-23,Generated move order item for PMSM Motor 3 kW.
5273,2573,24,8.000,8.000,No,220.00,1760.00,Maintenance Store,Maintenance Bay,2025-12-27,2025-12-24,Generated move order item for Bearing 6205-2RS.
5274,2574,2,311.000,311.000,No,2800.00,870800.00,Assembly Surplus,Central Warehouse,2025-12-29,2025-12-25,Generated move order item for Stator Core 3 kW.
5275,2575,2,247.000,247.000,No,2800.00,691600.00,Central Warehouse,Production Line,2025-12-31,2025-12-26,Generated move order item for Stator Core 3 kW.
5276,2576,2,363.000,363.000,No,2800.00,1016400.00,Production Line,Quality Inspection,2025-12-28,2025-12-27,Generated move order item for Stator Core 3 kW.
5277,2577,101,20.000,20.000,No,36500.00,730000.00,Assembly,FG Store,2025-12-30,2025-12-28,Generated move order item for PMSM Motor 3 kW.
5278,2578,101,57.000,57.000,No,36500.00,2080500.00,FG Store,Dispatch Dock,2026-01-01,2025-12-29,Generated move order item for PMSM Motor 3 kW.
5279,2579,24,5.000,5.000,No,220.00,1100.00,Maintenance Store,Maintenance Bay,2026-01-03,2025-12-30,Generated move order item for Bearing 6205-2RS.
5280,2580,2,417.000,417.000,No,2800.00,1167600.00,Assembly Surplus,Central Warehouse,2026-01-05,2025-12-31,Generated move order item for Stator Core 3 kW.
5281,2581,2,272.000,272.000,No,2800.00,761600.00,Central Warehouse,Production Line,2026-01-02,2026-01-01,Generated move order item for Stator Core 3 kW.
5282,2582,2,282.000,282.000,No,2800.00,789600.00,Production Line,Quality Inspection,2026-01-04,2026-01-02,Generated move order item for Stator Core 3 kW.
5283,2583,101,22.000,22.000,No,36500.00,803000.00,Assembly,FG Store,2026-01-06,2026-01-03,Generated move order item for PMSM Motor 3 kW.
5284,2584,101,26.000,26.000,No,36500.00,949000.00,FG Store,Dispatch Dock,2026-01-08,2026-01-04,Generated move order item for PMSM Motor 3 kW.
5285,2585,24,46.000,46.000,No,220.00,10120.00,Maintenance Store,Maintenance Bay,2026-01-10,2026-01-05,Generated move order item for Bearing 6205-2RS.
5286,2586,2,190.000,190.000,No,2800.00,532000.00,Assembly Surplus,Central Warehouse,2026-01-07,2026-01-06,Generated move order item for Stator Core 3 kW.
5287,2587,2,55.000,55.000,No,2800.00,154000.00,Central Warehouse,Production Line,2026-01-09,2026-01-07,Generated move order item for Stator Core 3 kW.
5288,2588,2,230.000,230.000,No,2800.00,644000.00,Production Line,Quality Inspection,2026-01-11,2026-01-08,Generated move order item for Stator Core 3 kW.
5289,2589,101,27.000,27.000,No,36500.00,985500.00,Assembly,FG Store,2026-01-13,2026-01-09,Generated move order item for PMSM Motor 3 kW.
5290,2590,101,45.000,45.000,No,36500.00,1642500.00,FG Store,Dispatch Dock,2026-01-15,2026-01-10,Generated move order item for PMSM Motor 3 kW.
5291,2591,24,50.000,50.000,No,220.00,11000.00,Maintenance Store,Maintenance Bay,2026-01-12,2026-01-11,Generated move order item for Bearing 6205-2RS.
5292,2592,2,297.000,297.000,No,2800.00,831600.00,Assembly Surplus,Central Warehouse,2026-01-14,2026-01-12,Generated move order item for Stator Core 3 kW.
5293,2593,2,260.000,260.000,No,2800.00,728000.00,Central Warehouse,Production Line,2026-01-16,2026-01-13,Generated move order item for Stator Core 3 kW.
5294,2594,2,241.000,241.000,No,2800.00,674800.00,Production Line,Quality Inspection,2026-01-18,2026-01-14,Generated move order item for Stator Core 3 kW.
5295,2595,101,45.000,45.000,No,36500.00,1642500.00,Assembly,FG Store,2026-01-20,2026-01-15,Generated move order item for PMSM Motor 3 kW.
5296,2596,101,42.000,42.000,No,36500.00,1533000.00,FG Store,Dispatch Dock,2026-01-17,2026-01-16,Generated move order item for PMSM Motor 3 kW.
5297,2597,24,100.000,100.000,No,220.00,22000.00,Maintenance Store,Maintenance Bay,2026-01-19,2026-01-17,Generated move order item for Bearing 6205-2RS.
5298,2598,2,274.000,274.000,No,2800.00,767200.00,Assembly Surplus,Central Warehouse,2026-01-21,2026-01-18,Generated move order item for Stator Core 3 kW.
5299,2599,2,62.000,62.000,No,2800.00,173600.00,Central Warehouse,Production Line,2026-01-23,2026-01-19,Generated move order item for Stator Core 3 kW.
5300,2600,2,313.000,313.000,No,2800.00,876400.00,Production Line,Quality Inspection,2026-01-25,2026-01-20,Generated move order item for Stator Core 3 kW.
5301,2601,101,27.000,27.000,No,36500.00,985500.00,Assembly,FG Store,2026-01-22,2026-01-21,Generated move order item for PMSM Motor 3 kW.
5302,2602,101,10.000,10.000,No,36500.00,365000.00,FG Store,Dispatch Dock,2026-01-24,2026-01-22,Generated move order item for PMSM Motor 3 kW.
5303,2603,24,87.000,87.000,No,220.00,19140.00,Maintenance Store,Maintenance Bay,2026-01-26,2026-01-23,Generated move order item for Bearing 6205-2RS.
5304,2604,2,335.000,335.000,No,2800.00,938000.00,Assembly Surplus,Central Warehouse,2026-01-28,2026-01-24,Generated move order item for Stator Core 3 kW.
5305,2605,2,332.000,332.000,No,2800.00,929600.00,Central Warehouse,Production Line,2026-01-30,2026-01-25,Generated move order item for Stator Core 3 kW.
5306,2606,2,337.000,337.000,No,2800.00,943600.00,Production Line,Quality Inspection,2026-01-27,2026-01-26,Generated move order item for Stator Core 3 kW.
5307,2607,101,60.000,60.000,No,36500.00,2190000.00,Assembly,FG Store,2026-01-29,2026-01-27,Generated move order item for PMSM Motor 3 kW.
5308,2608,101,43.000,43.000,No,36500.00,1569500.00,FG Store,Dispatch Dock,2026-01-31,2026-01-28,Generated move order item for PMSM Motor 3 kW.
5309,2609,24,73.000,73.000,No,220.00,16060.00,Maintenance Store,Maintenance Bay,2026-02-02,2026-01-29,Generated move order item for Bearing 6205-2RS.
5310,2610,2,388.000,388.000,No,2800.00,1086400.00,Assembly Surplus,Central Warehouse,2026-02-04,2026-01-30,Generated move order item for Stator Core 3 kW.
5311,2611,2,376.000,376.000,No,2800.00,1052800.00,Central Warehouse,Production Line,2026-02-01,2026-01-31,Generated move order item for Stator Core 3 kW.
5312,2612,2,367.000,367.000,No,2800.00,1027600.00,Production Line,Quality Inspection,2026-02-03,2026-02-01,Generated move order item for Stator Core 3 kW.
5313,2613,101,9.000,9.000,No,36500.00,328500.00,Assembly,FG Store,2026-02-05,2026-02-02,Generated move order item for PMSM Motor 3 kW.
5314,2614,101,27.000,27.000,No,36500.00,985500.00,FG Store,Dispatch Dock,2026-02-07,2026-02-03,Generated move order item for PMSM Motor 3 kW.
5315,2615,24,31.000,31.000,No,220.00,6820.00,Maintenance Store,Maintenance Bay,2026-02-09,2026-02-04,Generated move order item for Bearing 6205-2RS.
5316,2616,2,451.000,451.000,No,2800.00,1262800.00,Assembly Surplus,Central Warehouse,2026-02-06,2026-02-05,Generated move order item for Stator Core 3 kW.
5317,2617,2,313.000,313.000,No,2800.00,876400.00,Central Warehouse,Production Line,2026-02-08,2026-02-06,Generated move order item for Stator Core 3 kW.
5318,2618,2,282.000,282.000,No,2800.00,789600.00,Production Line,Quality Inspection,2026-02-10,2026-02-07,Generated move order item for Stator Core 3 kW.
5319,2619,101,34.000,34.000,No,36500.00,1241000.00,Assembly,FG Store,2026-02-12,2026-02-08,Generated move order item for PMSM Motor 3 kW.
5320,2620,101,43.000,43.000,No,36500.00,1569500.00,FG Store,Dispatch Dock,2026-02-14,2026-02-09,Generated move order item for PMSM Motor 3 kW.
5321,2621,24,78.000,78.000,No,220.00,17160.00,Maintenance Store,Maintenance Bay,2026-02-11,2026-02-10,Generated move order item for Bearing 6205-2RS.
5322,2622,2,140.000,140.000,No,2800.00,392000.00,Assembly Surplus,Central Warehouse,2026-02-13,2026-02-11,Generated move order item for Stator Core 3 kW.
5323,2623,2,498.000,498.000,No,2800.00,1394400.00,Central Warehouse,Production Line,2026-02-15,2026-02-12,Generated move order item for Stator Core 3 kW.
5324,2624,2,393.000,393.000,No,2800.00,1100400.00,Production Line,Quality Inspection,2026-02-17,2026-02-13,Generated move order item for Stator Core 3 kW.
5325,2625,101,16.000,16.000,No,36500.00,584000.00,Assembly,FG Store,2026-02-19,2026-02-14,Generated move order item for PMSM Motor 3 kW.
5326,2626,101,38.000,38.000,No,36500.00,1387000.00,FG Store,Dispatch Dock,2026-02-16,2026-02-15,Generated move order item for PMSM Motor 3 kW.
5327,2627,24,46.000,46.000,No,220.00,10120.00,Maintenance Store,Maintenance Bay,2026-02-18,2026-02-16,Generated move order item for Bearing 6205-2RS.
5328,2628,2,219.000,219.000,No,2800.00,613200.00,Assembly Surplus,Central Warehouse,2026-02-20,2026-02-17,Generated move order item for Stator Core 3 kW.
5329,2629,2,440.000,440.000,No,2800.00,1232000.00,Central Warehouse,Production Line,2026-02-22,2026-02-18,Generated move order item for Stator Core 3 kW.
5330,2630,2,178.000,178.000,No,2800.00,498400.00,Production Line,Quality Inspection,2026-02-24,2026-02-19,Generated move order item for Stator Core 3 kW.
5331,2631,101,51.000,51.000,No,36500.00,1861500.00,Assembly,FG Store,2026-02-21,2026-02-20,Generated move order item for PMSM Motor 3 kW.
5332,2632,101,40.000,40.000,No,36500.00,1460000.00,FG Store,Dispatch Dock,2026-02-23,2026-02-21,Generated move order item for PMSM Motor 3 kW.
5333,2633,24,83.000,83.000,No,220.00,18260.00,Maintenance Store,Maintenance Bay,2026-02-25,2026-02-22,Generated move order item for Bearing 6205-2RS.
5334,2634,2,386.000,386.000,No,2800.00,1080800.00,Assembly Surplus,Central Warehouse,2026-02-27,2026-02-23,Generated move order item for Stator Core 3 kW.
5335,2635,2,329.000,329.000,No,2800.00,921200.00,Central Warehouse,Production Line,2026-03-01,2026-02-24,Generated move order item for Stator Core 3 kW.
5336,2636,2,135.000,135.000,No,2800.00,378000.00,Production Line,Quality Inspection,2026-02-26,2026-02-25,Generated move order item for Stator Core 3 kW.
5337,2637,101,60.000,60.000,No,36500.00,2190000.00,Assembly,FG Store,2026-02-28,2026-02-26,Generated move order item for PMSM Motor 3 kW.
5338,2638,101,40.000,40.000,No,36500.00,1460000.00,FG Store,Dispatch Dock,2026-03-02,2026-02-27,Generated move order item for PMSM Motor 3 kW.
5339,2639,24,39.000,39.000,No,220.00,8580.00,Maintenance Store,Maintenance Bay,2026-03-04,2026-02-28,Generated move order item for Bearing 6205-2RS.
5340,2640,2,165.000,165.000,No,2800.00,462000.00,Assembly Surplus,Central Warehouse,2026-03-06,2026-03-01,Generated move order item for Stator Core 3 kW.
5341,2641,2,102.000,102.000,No,2800.00,285600.00,Central Warehouse,Production Line,2026-03-03,2026-03-02,Generated move order item for Stator Core 3 kW.
5342,2642,2,192.000,192.000,No,2800.00,537600.00,Production Line,Quality Inspection,2026-03-05,2026-03-03,Generated move order item for Stator Core 3 kW.
5343,2643,101,12.000,12.000,No,36500.00,438000.00,Assembly,FG Store,2026-03-07,2026-03-04,Generated move order item for PMSM Motor 3 kW.
5344,2644,101,54.000,54.000,No,36500.00,1971000.00,FG Store,Dispatch Dock,2026-03-09,2026-03-05,Generated move order item for PMSM Motor 3 kW.
5345,2645,24,46.000,46.000,No,220.00,10120.00,Maintenance Store,Maintenance Bay,2026-03-11,2026-03-06,Generated move order item for Bearing 6205-2RS.
5346,2646,2,332.000,332.000,No,2800.00,929600.00,Assembly Surplus,Central Warehouse,2026-03-08,2026-03-07,Generated move order item for Stator Core 3 kW.
5347,2647,2,413.000,413.000,No,2800.00,1156400.00,Central Warehouse,Production Line,2026-03-10,2026-03-08,Generated move order item for Stator Core 3 kW.
5348,2648,2,483.000,483.000,No,2800.00,1352400.00,Production Line,Quality Inspection,2026-03-12,2026-03-09,Generated move order item for Stator Core 3 kW.
5349,2649,101,30.000,30.000,No,36500.00,1095000.00,Assembly,FG Store,2026-03-14,2026-03-10,Generated move order item for PMSM Motor 3 kW.
5350,2650,101,7.000,7.000,No,36500.00,255500.00,FG Store,Dispatch Dock,2026-03-16,2026-03-11,Generated move order item for PMSM Motor 3 kW.
5351,2651,24,63.000,63.000,No,220.00,13860.00,Maintenance Store,Maintenance Bay,2026-03-13,2026-03-12,Generated move order item for Bearing 6205-2RS.
5352,2652,2,477.000,477.000,No,2800.00,1335600.00,Assembly Surplus,Central Warehouse,2026-03-15,2026-03-13,Generated move order item for Stator Core 3 kW.
5353,2653,2,211.000,211.000,No,2800.00,590800.00,Central Warehouse,Production Line,2026-03-17,2026-03-14,Generated move order item for Stator Core 3 kW.
5354,2654,2,96.000,96.000,No,2800.00,268800.00,Production Line,Quality Inspection,2026-03-19,2026-03-15,Generated move order item for Stator Core 3 kW.
5355,2655,101,45.000,45.000,No,36500.00,1642500.00,Assembly,FG Store,2026-03-21,2026-03-16,Generated move order item for PMSM Motor 3 kW.
5356,2656,101,39.000,39.000,No,36500.00,1423500.00,FG Store,Dispatch Dock,2026-03-18,2026-03-17,Generated move order item for PMSM Motor 3 kW.
5357,2657,24,19.000,19.000,No,220.00,4180.00,Maintenance Store,Maintenance Bay,2026-03-20,2026-03-18,Generated move order item for Bearing 6205-2RS.
5358,2658,2,51.000,51.000,No,2800.00,142800.00,Assembly Surplus,Central Warehouse,2026-03-22,2026-03-19,Generated move order item for Stator Core 3 kW.
5359,2659,2,284.000,284.000,No,2800.00,795200.00,Central Warehouse,Production Line,2026-03-24,2026-03-20,Generated move order item for Stator Core 3 kW.
5360,2660,2,116.000,116.000,No,2800.00,324800.00,Production Line,Quality Inspection,2026-03-26,2026-03-21,Generated move order item for Stator Core 3 kW.
5361,2661,101,15.000,15.000,No,36500.00,547500.00,Assembly,FG Store,2026-03-23,2026-03-22,Generated move order item for PMSM Motor 3 kW.
5362,2662,101,22.000,22.000,No,36500.00,803000.00,FG Store,Dispatch Dock,2026-03-25,2026-03-23,Generated move order item for PMSM Motor 3 kW.
5363,2663,24,49.000,49.000,No,220.00,10780.00,Maintenance Store,Maintenance Bay,2026-03-27,2026-03-24,Generated move order item for Bearing 6205-2RS.
5364,2664,2,418.000,418.000,No,2800.00,1170400.00,Assembly Surplus,Central Warehouse,2026-03-29,2026-03-25,Generated move order item for Stator Core 3 kW.
5365,2665,2,244.000,244.000,No,2800.00,683200.00,Central Warehouse,Production Line,2026-03-31,2026-03-26,Generated move order item for Stator Core 3 kW.
5366,2666,2,427.000,427.000,No,2800.00,1195600.00,Production Line,Quality Inspection,2026-03-28,2026-03-27,Generated move order item for Stator Core 3 kW.
5367,2667,101,38.000,38.000,No,36500.00,1387000.00,Assembly,FG Store,2026-03-30,2026-03-28,Generated move order item for PMSM Motor 3 kW.
5368,2668,101,26.000,26.000,No,36500.00,949000.00,FG Store,Dispatch Dock,2026-04-01,2026-03-29,Generated move order item for PMSM Motor 3 kW.
5369,2669,24,53.000,53.000,No,220.00,11660.00,Maintenance Store,Maintenance Bay,2026-04-03,2026-03-30,Generated move order item for Bearing 6205-2RS.
5370,2670,2,113.000,113.000,No,2800.00,316400.00,Assembly Surplus,Central Warehouse,2026-04-05,2026-03-31,Generated move order item for Stator Core 3 kW.
5371,2671,2,490.000,490.000,No,2800.00,1372000.00,Central Warehouse,Production Line,2026-04-02,2026-04-01,Generated move order item for Stator Core 3 kW.
5372,2672,2,186.000,186.000,No,2800.00,520800.00,Production Line,Quality Inspection,2026-04-04,2026-04-02,Generated move order item for Stator Core 3 kW.
5373,2673,101,55.000,55.000,No,36500.00,2007500.00,Assembly,FG Store,2026-04-06,2026-04-03,Generated move order item for PMSM Motor 3 kW.
5374,2674,101,41.000,41.000,No,36500.00,1496500.00,FG Store,Dispatch Dock,2026-04-08,2026-04-04,Generated move order item for PMSM Motor 3 kW.
5375,2675,24,33.000,33.000,No,220.00,7260.00,Maintenance Store,Maintenance Bay,2026-04-10,2026-04-05,Generated move order item for Bearing 6205-2RS.
5376,2676,2,269.000,269.000,No,2800.00,753200.00,Assembly Surplus,Central Warehouse,2026-04-07,2026-04-06,Generated move order item for Stator Core 3 kW.
5377,2677,2,104.000,104.000,No,2800.00,291200.00,Central Warehouse,Production Line,2026-04-09,2026-04-07,Generated move order item for Stator Core 3 kW.
5378,2678,2,327.000,327.000,No,2800.00,915600.00,Production Line,Quality Inspection,2026-04-11,2026-04-08,Generated move order item for Stator Core 3 kW.
5379,2679,101,8.000,8.000,No,36500.00,292000.00,Assembly,FG Store,2026-04-13,2026-04-09,Generated move order item for PMSM Motor 3 kW.
5380,2680,101,40.000,40.000,No,36500.00,1460000.00,FG Store,Dispatch Dock,2026-04-15,2026-04-10,Generated move order item for PMSM Motor 3 kW.
5381,2681,24,24.000,24.000,No,220.00,5280.00,Maintenance Store,Maintenance Bay,2026-04-12,2026-04-11,Generated move order item for Bearing 6205-2RS.
5382,2682,2,107.000,107.000,No,2800.00,299600.00,Assembly Surplus,Central Warehouse,2026-04-14,2026-04-12,Generated move order item for Stator Core 3 kW.
5383,2683,2,150.000,150.000,No,2800.00,420000.00,Central Warehouse,Production Line,2026-04-16,2026-04-13,Generated move order item for Stator Core 3 kW.
5384,2684,2,90.000,90.000,No,2800.00,252000.00,Production Line,Quality Inspection,2026-04-18,2026-04-14,Generated move order item for Stator Core 3 kW.
5385,2685,101,54.000,54.000,No,36500.00,1971000.00,Assembly,FG Store,2026-04-20,2026-04-15,Generated move order item for PMSM Motor 3 kW.
5386,2686,101,57.000,57.000,No,36500.00,2080500.00,FG Store,Dispatch Dock,2026-04-17,2026-04-16,Generated move order item for PMSM Motor 3 kW.
5387,2687,24,93.000,93.000,No,220.00,20460.00,Maintenance Store,Maintenance Bay,2026-04-19,2026-04-17,Generated move order item for Bearing 6205-2RS.
5388,2688,2,373.000,373.000,No,2800.00,1044400.00,Assembly Surplus,Central Warehouse,2026-04-21,2026-04-18,Generated move order item for Stator Core 3 kW.
5389,2689,2,153.000,153.000,No,2800.00,428400.00,Central Warehouse,Production Line,2026-04-23,2026-04-19,Generated move order item for Stator Core 3 kW.
5390,2690,2,392.000,392.000,No,2800.00,1097600.00,Production Line,Quality Inspection,2026-04-25,2026-04-20,Generated move order item for Stator Core 3 kW.
5391,2691,101,47.000,47.000,No,36500.00,1715500.00,Assembly,FG Store,2026-04-22,2026-04-21,Generated move order item for PMSM Motor 3 kW.
5392,2692,101,18.000,18.000,No,36500.00,657000.00,FG Store,Dispatch Dock,2026-04-24,2026-04-22,Generated move order item for PMSM Motor 3 kW.
5393,2693,24,85.000,85.000,No,220.00,18700.00,Maintenance Store,Maintenance Bay,2026-04-26,2026-04-23,Generated move order item for Bearing 6205-2RS.
5394,2694,2,499.000,499.000,No,2800.00,1397200.00,Assembly Surplus,Central Warehouse,2026-04-28,2026-04-24,Generated move order item for Stator Core 3 kW.
5395,2695,2,220.000,220.000,No,2800.00,616000.00,Central Warehouse,Production Line,2026-04-30,2026-04-25,Generated move order item for Stator Core 3 kW.
5396,2696,2,315.000,315.000,No,2800.00,882000.00,Production Line,Quality Inspection,2026-04-27,2026-04-26,Generated move order item for Stator Core 3 kW.
5397,2697,101,53.000,53.000,No,36500.00,1934500.00,Assembly,FG Store,2026-04-29,2026-04-27,Generated move order item for PMSM Motor 3 kW.
5398,2698,101,19.000,19.000,No,36500.00,693500.00,FG Store,Dispatch Dock,2026-05-01,2026-04-28,Generated move order item for PMSM Motor 3 kW.
5399,2699,24,99.000,99.000,No,220.00,21780.00,Maintenance Store,Maintenance Bay,2026-05-03,2026-04-29,Generated move order item for Bearing 6205-2RS.
5400,2700,2,186.000,186.000,No,2800.00,520800.00,Assembly Surplus,Central Warehouse,2026-05-05,2026-04-30,Generated move order item for Stator Core 3 kW.
5401,2701,2,486.000,486.000,No,2800.00,1360800.00,Central Warehouse,Production Line,2026-05-02,2026-05-01,Generated move order item for Stator Core 3 kW.
5402,2702,2,155.000,155.000,No,2800.00,434000.00,Production Line,Quality Inspection,2026-05-04,2026-05-02,Generated move order item for Stator Core 3 kW.
5403,2703,101,46.000,46.000,No,36500.00,1679000.00,Assembly,FG Store,2026-05-06,2026-05-03,Generated move order item for PMSM Motor 3 kW.
5404,2704,101,34.000,34.000,No,36500.00,1241000.00,FG Store,Dispatch Dock,2026-05-08,2026-05-04,Generated move order item for PMSM Motor 3 kW.
5405,2705,24,40.000,40.000,No,220.00,8800.00,Maintenance Store,Maintenance Bay,2026-05-10,2026-05-05,Generated move order item for Bearing 6205-2RS.
5406,2706,2,248.000,248.000,No,2800.00,694400.00,Assembly Surplus,Central Warehouse,2026-05-07,2026-05-06,Generated move order item for Stator Core 3 kW.
5407,2707,2,152.000,152.000,No,2800.00,425600.00,Central Warehouse,Production Line,2026-05-09,2026-05-07,Generated move order item for Stator Core 3 kW.
5408,2708,2,353.000,353.000,No,2800.00,988400.00,Production Line,Quality Inspection,2026-05-11,2026-05-08,Generated move order item for Stator Core 3 kW.
5409,2709,101,60.000,60.000,No,36500.00,2190000.00,Assembly,FG Store,2026-05-13,2026-05-09,Generated move order item for PMSM Motor 3 kW.
5410,2710,101,37.000,37.000,No,36500.00,1350500.00,FG Store,Dispatch Dock,2026-05-15,2026-05-10,Generated move order item for PMSM Motor 3 kW.
5411,2711,24,31.000,31.000,No,220.00,6820.00,Maintenance Store,Maintenance Bay,2026-05-12,2026-05-11,Generated move order item for Bearing 6205-2RS.
5412,2712,2,352.000,352.000,No,2800.00,985600.00,Assembly Surplus,Central Warehouse,2026-05-14,2026-05-12,Generated move order item for Stator Core 3 kW.
5413,2713,2,247.000,247.000,No,2800.00,691600.00,Central Warehouse,Production Line,2026-05-16,2026-05-13,Generated move order item for Stator Core 3 kW.
5414,2714,2,465.000,465.000,No,2800.00,1302000.00,Production Line,Quality Inspection,2026-05-18,2026-05-14,Generated move order item for Stator Core 3 kW.
5415,2715,101,19.000,19.000,No,36500.00,693500.00,Assembly,FG Store,2026-05-20,2026-05-15,Generated move order item for PMSM Motor 3 kW.
5416,2716,101,34.000,34.000,No,36500.00,1241000.00,FG Store,Dispatch Dock,2026-05-17,2026-05-16,Generated move order item for PMSM Motor 3 kW.
5417,2717,24,52.000,52.000,No,220.00,11440.00,Maintenance Store,Maintenance Bay,2026-05-19,2026-05-17,Generated move order item for Bearing 6205-2RS.
5418,2718,2,449.000,449.000,No,2800.00,1257200.00,Assembly Surplus,Central Warehouse,2026-05-21,2026-05-18,Generated move order item for Stator Core 3 kW.
5419,2719,2,99.000,99.000,No,2800.00,277200.00,Central Warehouse,Production Line,2026-05-23,2026-05-19,Generated move order item for Stator Core 3 kW.
5420,2720,2,328.000,328.000,No,2800.00,918400.00,Production Line,Quality Inspection,2026-05-25,2026-05-20,Generated move order item for Stator Core 3 kW.
5421,2721,101,50.000,50.000,No,36500.00,1825000.00,Assembly,FG Store,2026-05-22,2026-05-21,Generated move order item for PMSM Motor 3 kW.
5422,2722,101,25.000,25.000,No,36500.00,912500.00,FG Store,Dispatch Dock,2026-05-24,2026-05-22,Generated move order item for PMSM Motor 3 kW.
5423,2723,24,53.000,53.000,No,220.00,11660.00,Maintenance Store,Maintenance Bay,2026-05-26,2026-05-23,Generated move order item for Bearing 6205-2RS.
5424,2724,2,182.000,182.000,No,2800.00,509600.00,Assembly Surplus,Central Warehouse,2026-05-28,2026-05-24,Generated move order item for Stator Core 3 kW.
5425,2725,2,239.000,239.000,No,2800.00,669200.00,Central Warehouse,Production Line,2026-05-30,2026-05-25,Generated move order item for Stator Core 3 kW.
5426,2726,2,478.000,478.000,No,2800.00,1338400.00,Production Line,Quality Inspection,2026-05-27,2026-05-26,Generated move order item for Stator Core 3 kW.
5427,2727,101,25.000,25.000,No,36500.00,912500.00,Assembly,FG Store,2026-05-29,2026-05-27,Generated move order item for PMSM Motor 3 kW.
5428,2728,101,16.000,16.000,No,36500.00,584000.00,FG Store,Dispatch Dock,2026-05-31,2026-05-28,Generated move order item for PMSM Motor 3 kW.
5429,2729,24,60.000,60.000,No,220.00,13200.00,Maintenance Store,Maintenance Bay,2026-06-02,2026-05-29,Generated move order item for Bearing 6205-2RS.
5430,2730,2,261.000,261.000,No,2800.00,730800.00,Assembly Surplus,Central Warehouse,2026-06-04,2026-05-30,Generated move order item for Stator Core 3 kW.
5431,2731,2,401.000,401.000,No,2800.00,1122800.00,Central Warehouse,Production Line,2026-06-01,2026-05-31,Generated move order item for Stator Core 3 kW.
5432,2732,2,66.000,66.000,No,2800.00,184800.00,Production Line,Quality Inspection,2026-06-03,2026-06-01,Generated move order item for Stator Core 3 kW.
5433,2733,101,55.000,55.000,No,36500.00,2007500.00,Assembly,FG Store,2026-06-05,2026-06-02,Generated move order item for PMSM Motor 3 kW.
5434,2734,101,44.000,44.000,No,36500.00,1606000.00,FG Store,Dispatch Dock,2026-06-07,2026-06-03,Generated move order item for PMSM Motor 3 kW.
5435,2735,24,85.000,85.000,No,220.00,18700.00,Maintenance Store,Maintenance Bay,2026-06-09,2026-06-04,Generated move order item for Bearing 6205-2RS.
5436,2736,2,233.000,233.000,No,2800.00,652400.00,Assembly Surplus,Central Warehouse,2026-06-06,2026-06-05,Generated move order item for Stator Core 3 kW.
5437,2737,2,250.000,250.000,No,2800.00,700000.00,Central Warehouse,Production Line,2026-06-08,2026-06-06,Generated move order item for Stator Core 3 kW.
5438,2738,2,200.000,200.000,No,2800.00,560000.00,Production Line,Quality Inspection,2026-06-10,2026-06-07,Generated move order item for Stator Core 3 kW.
5439,2739,101,51.000,51.000,No,36500.00,1861500.00,Assembly,FG Store,2026-06-12,2026-06-08,Generated move order item for PMSM Motor 3 kW.
5440,2740,101,8.000,8.000,No,36500.00,292000.00,FG Store,Dispatch Dock,2026-06-14,2026-06-09,Generated move order item for PMSM Motor 3 kW.
5441,2741,24,55.000,55.000,No,220.00,12100.00,Maintenance Store,Maintenance Bay,2026-06-11,2026-06-10,Generated move order item for Bearing 6205-2RS.
5442,2742,2,167.000,167.000,No,2800.00,467600.00,Assembly Surplus,Central Warehouse,2026-06-13,2026-06-11,Generated move order item for Stator Core 3 kW.
5443,2743,2,337.000,337.000,No,2800.00,943600.00,Central Warehouse,Production Line,2026-06-15,2026-06-12,Generated move order item for Stator Core 3 kW.
5444,2744,2,484.000,484.000,No,2800.00,1355200.00,Production Line,Quality Inspection,2026-06-17,2026-06-13,Generated move order item for Stator Core 3 kW.
5445,2745,101,42.000,42.000,No,36500.00,1533000.00,Assembly,FG Store,2026-06-19,2026-06-14,Generated move order item for PMSM Motor 3 kW.
5446,2746,101,7.000,7.000,No,36500.00,255500.00,FG Store,Dispatch Dock,2026-06-16,2026-06-15,Generated move order item for PMSM Motor 3 kW.
5447,2747,24,43.000,43.000,No,220.00,9460.00,Maintenance Store,Maintenance Bay,2026-06-18,2026-06-16,Generated move order item for Bearing 6205-2RS.
5448,2748,2,64.000,64.000,No,2800.00,179200.00,Assembly Surplus,Central Warehouse,2026-06-20,2026-06-17,Generated move order item for Stator Core 3 kW.
5449,2749,2,269.000,269.000,No,2800.00,753200.00,Central Warehouse,Production Line,2026-06-22,2026-06-18,Generated move order item for Stator Core 3 kW.
5450,2750,2,128.000,128.000,No,2800.00,358400.00,Production Line,Quality Inspection,2026-06-24,2026-06-19,Generated move order item for Stator Core 3 kW.
5451,2751,101,43.000,43.000,No,36500.00,1569500.00,Assembly,FG Store,2026-06-21,2026-06-20,Generated move order item for PMSM Motor 3 kW.
5452,2752,101,34.000,34.000,No,36500.00,1241000.00,FG Store,Dispatch Dock,2026-06-23,2026-06-21,Generated move order item for PMSM Motor 3 kW.
5453,2753,24,34.000,34.000,No,220.00,7480.00,Maintenance Store,Maintenance Bay,2026-06-25,2026-06-22,Generated move order item for Bearing 6205-2RS.
5454,2754,2,436.000,436.000,No,2800.00,1220800.00,Assembly Surplus,Central Warehouse,2026-06-27,2026-06-23,Generated move order item for Stator Core 3 kW.
5455,2755,2,386.000,386.000,No,2800.00,1080800.00,Central Warehouse,Production Line,2026-06-29,2026-06-24,Generated move order item for Stator Core 3 kW.
5456,2756,2,332.000,332.000,No,2800.00,929600.00,Production Line,Quality Inspection,2026-06-26,2026-06-25,Generated move order item for Stator Core 3 kW.
5457,2757,101,24.000,24.000,No,36500.00,876000.00,Assembly,FG Store,2026-06-28,2026-06-26,Generated move order item for PMSM Motor 3 kW.
5458,2758,101,20.000,20.000,No,36500.00,730000.00,FG Store,Dispatch Dock,2026-06-30,2026-06-27,Generated move order item for PMSM Motor 3 kW.
5459,2759,24,61.000,61.000,No,220.00,13420.00,Maintenance Store,Maintenance Bay,2026-07-02,2026-06-28,Generated move order item for Bearing 6205-2RS.
5460,2760,2,406.000,406.000,No,2800.00,1136800.00,Assembly Surplus,Central Warehouse,2026-07-04,2026-06-29,Generated move order item for Stator Core 3 kW.
5461,2761,2,427.000,427.000,No,2800.00,1195600.00,Central Warehouse,Production Line,2024-04-02,2024-04-01,Generated move order item for Stator Core 3 kW.
5462,2762,2,400.000,400.000,No,2800.00,1120000.00,Production Line,Quality Inspection,2024-04-04,2024-04-02,Generated move order item for Stator Core 3 kW.
5463,2763,101,6.000,6.000,No,36500.00,219000.00,Assembly,FG Store,2024-04-06,2024-04-03,Generated move order item for PMSM Motor 3 kW.
5464,2764,101,60.000,60.000,No,36500.00,2190000.00,FG Store,Dispatch Dock,2024-04-08,2024-04-04,Generated move order item for PMSM Motor 3 kW.
5465,2765,24,28.000,28.000,No,220.00,6160.00,Maintenance Store,Maintenance Bay,2024-04-10,2024-04-05,Generated move order item for Bearing 6205-2RS.
5466,2766,2,54.000,54.000,No,2800.00,151200.00,Assembly Surplus,Central Warehouse,2024-04-07,2024-04-06,Generated move order item for Stator Core 3 kW.
5467,2767,2,303.000,303.000,No,2800.00,848400.00,Central Warehouse,Production Line,2024-04-09,2024-04-07,Generated move order item for Stator Core 3 kW.
5468,2768,2,255.000,255.000,No,2800.00,714000.00,Production Line,Quality Inspection,2024-04-11,2024-04-08,Generated move order item for Stator Core 3 kW.
5469,2769,101,10.000,10.000,No,36500.00,365000.00,Assembly,FG Store,2024-04-13,2024-04-09,Generated move order item for PMSM Motor 3 kW.
5470,2770,101,17.000,17.000,No,36500.00,620500.00,FG Store,Dispatch Dock,2024-04-15,2024-04-10,Generated move order item for PMSM Motor 3 kW.
5471,2771,24,24.000,24.000,No,220.00,5280.00,Maintenance Store,Maintenance Bay,2024-04-12,2024-04-11,Generated move order item for Bearing 6205-2RS.
5472,2772,2,248.000,248.000,No,2800.00,694400.00,Assembly Surplus,Central Warehouse,2024-04-14,2024-04-12,Generated move order item for Stator Core 3 kW.
5473,2773,2,387.000,387.000,No,2800.00,1083600.00,Central Warehouse,Production Line,2024-04-16,2024-04-13,Generated move order item for Stator Core 3 kW.
5474,2774,2,357.000,357.000,No,2800.00,999600.00,Production Line,Quality Inspection,2024-04-18,2024-04-14,Generated move order item for Stator Core 3 kW.
5475,2775,101,6.000,6.000,No,36500.00,219000.00,Assembly,FG Store,2024-04-20,2024-04-15,Generated move order item for PMSM Motor 3 kW.
5476,2776,101,14.000,14.000,No,36500.00,511000.00,FG Store,Dispatch Dock,2024-04-17,2024-04-16,Generated move order item for PMSM Motor 3 kW.
5477,2777,24,63.000,63.000,No,220.00,13860.00,Maintenance Store,Maintenance Bay,2024-04-19,2024-04-17,Generated move order item for Bearing 6205-2RS.
5478,2778,2,412.000,412.000,No,2800.00,1153600.00,Assembly Surplus,Central Warehouse,2024-04-21,2024-04-18,Generated move order item for Stator Core 3 kW.
5479,2779,2,65.000,65.000,No,2800.00,182000.00,Central Warehouse,Production Line,2024-04-23,2024-04-19,Generated move order item for Stator Core 3 kW.
5480,2780,2,201.000,201.000,No,2800.00,562800.00,Production Line,Quality Inspection,2024-04-25,2024-04-20,Generated move order item for Stator Core 3 kW.
5481,2781,101,11.000,11.000,No,36500.00,401500.00,Assembly,FG Store,2024-04-22,2024-04-21,Generated move order item for PMSM Motor 3 kW.
5482,2782,101,32.000,32.000,No,36500.00,1168000.00,FG Store,Dispatch Dock,2024-04-24,2024-04-22,Generated move order item for PMSM Motor 3 kW.
5483,2783,24,42.000,42.000,No,220.00,9240.00,Maintenance Store,Maintenance Bay,2024-04-26,2024-04-23,Generated move order item for Bearing 6205-2RS.
5484,2784,2,128.000,128.000,No,2800.00,358400.00,Assembly Surplus,Central Warehouse,2024-04-28,2024-04-24,Generated move order item for Stator Core 3 kW.
5485,2785,2,485.000,485.000,No,2800.00,1358000.00,Central Warehouse,Production Line,2024-04-30,2024-04-25,Generated move order item for Stator Core 3 kW.
5486,2786,2,393.000,393.000,No,2800.00,1100400.00,Production Line,Quality Inspection,2024-04-27,2024-04-26,Generated move order item for Stator Core 3 kW.
5487,2787,101,35.000,35.000,No,36500.00,1277500.00,Assembly,FG Store,2024-04-29,2024-04-27,Generated move order item for PMSM Motor 3 kW.
5488,2788,101,47.000,47.000,No,36500.00,1715500.00,FG Store,Dispatch Dock,2024-05-01,2024-04-28,Generated move order item for PMSM Motor 3 kW.
5489,2789,24,34.000,34.000,No,220.00,7480.00,Maintenance Store,Maintenance Bay,2024-05-03,2024-04-29,Generated move order item for Bearing 6205-2RS.
5490,2790,2,471.000,471.000,No,2800.00,1318800.00,Assembly Surplus,Central Warehouse,2024-05-05,2024-04-30,Generated move order item for Stator Core 3 kW.
5491,2791,2,235.000,235.000,No,2800.00,658000.00,Central Warehouse,Production Line,2024-05-02,2024-05-01,Generated move order item for Stator Core 3 kW.
5492,2792,2,224.000,224.000,No,2800.00,627200.00,Production Line,Quality Inspection,2024-05-04,2024-05-02,Generated move order item for Stator Core 3 kW.
5493,2793,101,36.000,36.000,No,36500.00,1314000.00,Assembly,FG Store,2024-05-06,2024-05-03,Generated move order item for PMSM Motor 3 kW.
5494,2794,101,37.000,37.000,No,36500.00,1350500.00,FG Store,Dispatch Dock,2024-05-08,2024-05-04,Generated move order item for PMSM Motor 3 kW.
5495,2795,24,64.000,64.000,No,220.00,14080.00,Maintenance Store,Maintenance Bay,2024-05-10,2024-05-05,Generated move order item for Bearing 6205-2RS.
5496,2796,2,425.000,425.000,No,2800.00,1190000.00,Assembly Surplus,Central Warehouse,2024-05-07,2024-05-06,Generated move order item for Stator Core 3 kW.
5497,2797,2,170.000,170.000,No,2800.00,476000.00,Central Warehouse,Production Line,2024-05-09,2024-05-07,Generated move order item for Stator Core 3 kW.
5498,2798,2,368.000,368.000,No,2800.00,1030400.00,Production Line,Quality Inspection,2024-05-11,2024-05-08,Generated move order item for Stator Core 3 kW.
5499,2799,101,16.000,16.000,No,36500.00,584000.00,Assembly,FG Store,2024-05-13,2024-05-09,Generated move order item for PMSM Motor 3 kW.
5500,2800,101,18.000,18.000,No,36500.00,657000.00,FG Store,Dispatch Dock,2024-05-15,2024-05-10,Generated move order item for PMSM Motor 3 kW.
5501,2801,24,52.000,52.000,No,220.00,11440.00,Maintenance Store,Maintenance Bay,2024-05-12,2024-05-11,Generated move order item for Bearing 6205-2RS.
5502,2802,2,286.000,286.000,No,2800.00,800800.00,Assembly Surplus,Central Warehouse,2024-05-14,2024-05-12,Generated move order item for Stator Core 3 kW.
5503,2803,2,340.000,340.000,No,2800.00,952000.00,Central Warehouse,Production Line,2024-05-16,2024-05-13,Generated move order item for Stator Core 3 kW.
5504,2804,2,112.000,112.000,No,2800.00,313600.00,Production Line,Quality Inspection,2024-05-18,2024-05-14,Generated move order item for Stator Core 3 kW.
5505,2805,101,50.000,50.000,No,36500.00,1825000.00,Assembly,FG Store,2024-05-20,2024-05-15,Generated move order item for PMSM Motor 3 kW.
5506,2806,101,36.000,36.000,No,36500.00,1314000.00,FG Store,Dispatch Dock,2024-05-17,2024-05-16,Generated move order item for PMSM Motor 3 kW.
5507,2807,24,61.000,61.000,No,220.00,13420.00,Maintenance Store,Maintenance Bay,2024-05-19,2024-05-17,Generated move order item for Bearing 6205-2RS.
5508,2808,2,386.000,386.000,No,2800.00,1080800.00,Assembly Surplus,Central Warehouse,2024-05-21,2024-05-18,Generated move order item for Stator Core 3 kW.
5509,2809,2,362.000,362.000,No,2800.00,1013600.00,Central Warehouse,Production Line,2024-05-23,2024-05-19,Generated move order item for Stator Core 3 kW.
5510,2810,2,243.000,243.000,No,2800.00,680400.00,Production Line,Quality Inspection,2024-05-25,2024-05-20,Generated move order item for Stator Core 3 kW.
5511,2811,101,32.000,32.000,No,36500.00,1168000.00,Assembly,FG Store,2024-05-22,2024-05-21,Generated move order item for PMSM Motor 3 kW.
5512,2812,101,18.000,18.000,No,36500.00,657000.00,FG Store,Dispatch Dock,2024-05-24,2024-05-22,Generated move order item for PMSM Motor 3 kW.
5513,2813,24,59.000,59.000,No,220.00,12980.00,Maintenance Store,Maintenance Bay,2024-05-26,2024-05-23,Generated move order item for Bearing 6205-2RS.
5514,2814,2,141.000,141.000,No,2800.00,394800.00,Assembly Surplus,Central Warehouse,2024-05-28,2024-05-24,Generated move order item for Stator Core 3 kW.
5515,2815,2,336.000,336.000,No,2800.00,940800.00,Central Warehouse,Production Line,2024-05-30,2024-05-25,Generated move order item for Stator Core 3 kW.
5516,2816,2,238.000,238.000,No,2800.00,666400.00,Production Line,Quality Inspection,2024-05-27,2024-05-26,Generated move order item for Stator Core 3 kW.
5517,2817,101,18.000,18.000,No,36500.00,657000.00,Assembly,FG Store,2024-05-29,2024-05-27,Generated move order item for PMSM Motor 3 kW.
5518,2818,101,31.000,31.000,No,36500.00,1131500.00,FG Store,Dispatch Dock,2024-05-31,2024-05-28,Generated move order item for PMSM Motor 3 kW.
5519,2819,24,94.000,94.000,No,220.00,20680.00,Maintenance Store,Maintenance Bay,2024-06-02,2024-05-29,Generated move order item for Bearing 6205-2RS.
5520,2820,2,303.000,303.000,No,2800.00,848400.00,Assembly Surplus,Central Warehouse,2024-06-04,2024-05-30,Generated move order item for Stator Core 3 kW.
5521,2821,2,205.000,205.000,No,2800.00,574000.00,Central Warehouse,Production Line,2024-06-01,2024-05-31,Generated move order item for Stator Core 3 kW.
5522,2822,2,252.000,252.000,No,2800.00,705600.00,Production Line,Quality Inspection,2024-06-03,2024-06-01,Generated move order item for Stator Core 3 kW.
5523,2823,101,38.000,38.000,No,36500.00,1387000.00,Assembly,FG Store,2024-06-05,2024-06-02,Generated move order item for PMSM Motor 3 kW.
5524,2824,101,13.000,13.000,No,36500.00,474500.00,FG Store,Dispatch Dock,2024-06-07,2024-06-03,Generated move order item for PMSM Motor 3 kW.
5525,2825,24,58.000,58.000,No,220.00,12760.00,Maintenance Store,Maintenance Bay,2024-06-09,2024-06-04,Generated move order item for Bearing 6205-2RS.
5526,2826,2,65.000,65.000,No,2800.00,182000.00,Assembly Surplus,Central Warehouse,2024-06-06,2024-06-05,Generated move order item for Stator Core 3 kW.
5527,2827,2,434.000,434.000,No,2800.00,1215200.00,Central Warehouse,Production Line,2024-06-08,2024-06-06,Generated move order item for Stator Core 3 kW.
5528,2828,2,324.000,324.000,No,2800.00,907200.00,Production Line,Quality Inspection,2024-06-10,2024-06-07,Generated move order item for Stator Core 3 kW.
5529,2829,101,11.000,11.000,No,36500.00,401500.00,Assembly,FG Store,2024-06-12,2024-06-08,Generated move order item for PMSM Motor 3 kW.
5530,2830,101,31.000,31.000,No,36500.00,1131500.00,FG Store,Dispatch Dock,2024-06-14,2024-06-09,Generated move order item for PMSM Motor 3 kW.
5531,2831,24,89.000,89.000,No,220.00,19580.00,Maintenance Store,Maintenance Bay,2024-06-11,2024-06-10,Generated move order item for Bearing 6205-2RS.
5532,2832,2,485.000,485.000,No,2800.00,1358000.00,Assembly Surplus,Central Warehouse,2024-06-13,2024-06-11,Generated move order item for Stator Core 3 kW.
5533,2833,2,111.000,111.000,No,2800.00,310800.00,Central Warehouse,Production Line,2024-06-15,2024-06-12,Generated move order item for Stator Core 3 kW.
5534,2834,2,171.000,171.000,No,2800.00,478800.00,Production Line,Quality Inspection,2024-06-17,2024-06-13,Generated move order item for Stator Core 3 kW.
5535,2835,101,13.000,13.000,No,36500.00,474500.00,Assembly,FG Store,2024-06-19,2024-06-14,Generated move order item for PMSM Motor 3 kW.
5536,2836,101,25.000,25.000,No,36500.00,912500.00,FG Store,Dispatch Dock,2024-06-16,2024-06-15,Generated move order item for PMSM Motor 3 kW.
5537,2837,24,87.000,87.000,No,220.00,19140.00,Maintenance Store,Maintenance Bay,2024-06-18,2024-06-16,Generated move order item for Bearing 6205-2RS.
5538,2838,2,368.000,368.000,No,2800.00,1030400.00,Assembly Surplus,Central Warehouse,2024-06-20,2024-06-17,Generated move order item for Stator Core 3 kW.
5539,2839,2,165.000,165.000,No,2800.00,462000.00,Central Warehouse,Production Line,2024-06-22,2024-06-18,Generated move order item for Stator Core 3 kW.
5540,2840,2,196.000,196.000,No,2800.00,548800.00,Production Line,Quality Inspection,2024-06-24,2024-06-19,Generated move order item for Stator Core 3 kW.
5541,2841,101,39.000,39.000,No,36500.00,1423500.00,Assembly,FG Store,2024-06-21,2024-06-20,Generated move order item for PMSM Motor 3 kW.
5542,2842,101,38.000,38.000,No,36500.00,1387000.00,FG Store,Dispatch Dock,2024-06-23,2024-06-21,Generated move order item for PMSM Motor 3 kW.
5543,2843,24,49.000,49.000,No,220.00,10780.00,Maintenance Store,Maintenance Bay,2024-06-25,2024-06-22,Generated move order item for Bearing 6205-2RS.
5544,2844,2,239.000,239.000,No,2800.00,669200.00,Assembly Surplus,Central Warehouse,2024-06-27,2024-06-23,Generated move order item for Stator Core 3 kW.
5545,2845,2,471.000,471.000,No,2800.00,1318800.00,Central Warehouse,Production Line,2024-06-29,2024-06-24,Generated move order item for Stator Core 3 kW.
5546,2846,2,277.000,277.000,No,2800.00,775600.00,Production Line,Quality Inspection,2024-06-26,2024-06-25,Generated move order item for Stator Core 3 kW.
5547,2847,101,48.000,48.000,No,36500.00,1752000.00,Assembly,FG Store,2024-06-28,2024-06-26,Generated move order item for PMSM Motor 3 kW.
5548,2848,101,58.000,58.000,No,36500.00,2117000.00,FG Store,Dispatch Dock,2024-06-30,2024-06-27,Generated move order item for PMSM Motor 3 kW.
5549,2849,24,37.000,37.000,No,220.00,8140.00,Maintenance Store,Maintenance Bay,2024-07-02,2024-06-28,Generated move order item for Bearing 6205-2RS.
5550,2850,2,401.000,401.000,No,2800.00,1122800.00,Assembly Surplus,Central Warehouse,2024-07-04,2024-06-29,Generated move order item for Stator Core 3 kW.
5551,2851,2,416.000,416.000,No,2800.00,1164800.00,Central Warehouse,Production Line,2024-07-01,2024-06-30,Generated move order item for Stator Core 3 kW.
5552,2852,2,148.000,148.000,No,2800.00,414400.00,Production Line,Quality Inspection,2024-07-03,2024-07-01,Generated move order item for Stator Core 3 kW.
5553,2853,101,17.000,17.000,No,36500.00,620500.00,Assembly,FG Store,2024-07-05,2024-07-02,Generated move order item for PMSM Motor 3 kW.
5554,2854,101,14.000,14.000,No,36500.00,511000.00,FG Store,Dispatch Dock,2024-07-07,2024-07-03,Generated move order item for PMSM Motor 3 kW.
5555,2855,24,64.000,64.000,No,220.00,14080.00,Maintenance Store,Maintenance Bay,2024-07-09,2024-07-04,Generated move order item for Bearing 6205-2RS.
5556,2856,2,393.000,393.000,No,2800.00,1100400.00,Assembly Surplus,Central Warehouse,2024-07-06,2024-07-05,Generated move order item for Stator Core 3 kW.
5557,2857,2,388.000,388.000,No,2800.00,1086400.00,Central Warehouse,Production Line,2024-07-08,2024-07-06,Generated move order item for Stator Core 3 kW.
5558,2858,2,224.000,224.000,No,2800.00,627200.00,Production Line,Quality Inspection,2024-07-10,2024-07-07,Generated move order item for Stator Core 3 kW.
5559,2859,101,44.000,44.000,No,36500.00,1606000.00,Assembly,FG Store,2024-07-12,2024-07-08,Generated move order item for PMSM Motor 3 kW.
5560,2860,101,6.000,6.000,No,36500.00,219000.00,FG Store,Dispatch Dock,2024-07-14,2024-07-09,Generated move order item for PMSM Motor 3 kW.
5561,2861,24,68.000,68.000,No,220.00,14960.00,Maintenance Store,Maintenance Bay,2024-07-11,2024-07-10,Generated move order item for Bearing 6205-2RS.
5562,2862,2,263.000,263.000,No,2800.00,736400.00,Assembly Surplus,Central Warehouse,2024-07-13,2024-07-11,Generated move order item for Stator Core 3 kW.
5563,2863,2,424.000,424.000,No,2800.00,1187200.00,Central Warehouse,Production Line,2024-07-15,2024-07-12,Generated move order item for Stator Core 3 kW.
5564,2864,2,486.000,486.000,No,2800.00,1360800.00,Production Line,Quality Inspection,2024-07-17,2024-07-13,Generated move order item for Stator Core 3 kW.
5565,2865,101,36.000,36.000,No,36500.00,1314000.00,Assembly,FG Store,2024-07-19,2024-07-14,Generated move order item for PMSM Motor 3 kW.
5566,2866,101,39.000,39.000,No,36500.00,1423500.00,FG Store,Dispatch Dock,2024-07-16,2024-07-15,Generated move order item for PMSM Motor 3 kW.
5567,2867,24,94.000,94.000,No,220.00,20680.00,Maintenance Store,Maintenance Bay,2024-07-18,2024-07-16,Generated move order item for Bearing 6205-2RS.
5568,2868,2,204.000,204.000,No,2800.00,571200.00,Assembly Surplus,Central Warehouse,2024-07-20,2024-07-17,Generated move order item for Stator Core 3 kW.
5569,2869,2,115.000,115.000,No,2800.00,322000.00,Central Warehouse,Production Line,2024-07-22,2024-07-18,Generated move order item for Stator Core 3 kW.
5570,2870,2,278.000,278.000,No,2800.00,778400.00,Production Line,Quality Inspection,2024-07-24,2024-07-19,Generated move order item for Stator Core 3 kW.
5571,2871,101,24.000,24.000,No,36500.00,876000.00,Assembly,FG Store,2024-07-21,2024-07-20,Generated move order item for PMSM Motor 3 kW.
5572,2872,101,40.000,40.000,No,36500.00,1460000.00,FG Store,Dispatch Dock,2024-07-23,2024-07-21,Generated move order item for PMSM Motor 3 kW.
5573,2873,24,80.000,80.000,No,220.00,17600.00,Maintenance Store,Maintenance Bay,2024-07-25,2024-07-22,Generated move order item for Bearing 6205-2RS.
5574,2874,2,277.000,277.000,No,2800.00,775600.00,Assembly Surplus,Central Warehouse,2024-07-27,2024-07-23,Generated move order item for Stator Core 3 kW.
5575,2875,2,188.000,188.000,No,2800.00,526400.00,Central Warehouse,Production Line,2024-07-29,2024-07-24,Generated move order item for Stator Core 3 kW.
5576,2876,2,304.000,304.000,No,2800.00,851200.00,Production Line,Quality Inspection,2024-07-26,2024-07-25,Generated move order item for Stator Core 3 kW.
5577,2877,101,29.000,29.000,No,36500.00,1058500.00,Assembly,FG Store,2024-07-28,2024-07-26,Generated move order item for PMSM Motor 3 kW.
5578,2878,101,15.000,15.000,No,36500.00,547500.00,FG Store,Dispatch Dock,2024-07-30,2024-07-27,Generated move order item for PMSM Motor 3 kW.
5579,2879,24,79.000,79.000,No,220.00,17380.00,Maintenance Store,Maintenance Bay,2024-08-01,2024-07-28,Generated move order item for Bearing 6205-2RS.
5580,2880,2,199.000,199.000,No,2800.00,557200.00,Assembly Surplus,Central Warehouse,2024-08-03,2024-07-29,Generated move order item for Stator Core 3 kW.
5581,2881,2,292.000,292.000,No,2800.00,817600.00,Central Warehouse,Production Line,2024-07-31,2024-07-30,Generated move order item for Stator Core 3 kW.
5582,2882,2,459.000,459.000,No,2800.00,1285200.00,Production Line,Quality Inspection,2024-08-02,2024-07-31,Generated move order item for Stator Core 3 kW.
5583,2883,101,15.000,15.000,No,36500.00,547500.00,Assembly,FG Store,2024-08-04,2024-08-01,Generated move order item for PMSM Motor 3 kW.
5584,2884,101,28.000,28.000,No,36500.00,1022000.00,FG Store,Dispatch Dock,2024-08-06,2024-08-02,Generated move order item for PMSM Motor 3 kW.
5585,2885,24,21.000,21.000,No,220.00,4620.00,Maintenance Store,Maintenance Bay,2024-08-08,2024-08-03,Generated move order item for Bearing 6205-2RS.
5586,2886,2,247.000,247.000,No,2800.00,691600.00,Assembly Surplus,Central Warehouse,2024-08-05,2024-08-04,Generated move order item for Stator Core 3 kW.
5587,2887,2,185.000,185.000,No,2800.00,518000.00,Central Warehouse,Production Line,2024-08-07,2024-08-05,Generated move order item for Stator Core 3 kW.
5588,2888,2,462.000,462.000,No,2800.00,1293600.00,Production Line,Quality Inspection,2024-08-09,2024-08-06,Generated move order item for Stator Core 3 kW.
5589,2889,101,21.000,21.000,No,36500.00,766500.00,Assembly,FG Store,2024-08-11,2024-08-07,Generated move order item for PMSM Motor 3 kW.
5590,2890,101,39.000,39.000,No,36500.00,1423500.00,FG Store,Dispatch Dock,2024-08-13,2024-08-08,Generated move order item for PMSM Motor 3 kW.
5591,2891,24,18.000,18.000,No,220.00,3960.00,Maintenance Store,Maintenance Bay,2024-08-10,2024-08-09,Generated move order item for Bearing 6205-2RS.
5592,2892,2,255.000,255.000,No,2800.00,714000.00,Assembly Surplus,Central Warehouse,2024-08-12,2024-08-10,Generated move order item for Stator Core 3 kW.
5593,2893,2,426.000,426.000,No,2800.00,1192800.00,Central Warehouse,Production Line,2024-08-14,2024-08-11,Generated move order item for Stator Core 3 kW.
5594,2894,2,353.000,353.000,No,2800.00,988400.00,Production Line,Quality Inspection,2024-08-16,2024-08-12,Generated move order item for Stator Core 3 kW.
5595,2895,101,20.000,20.000,No,36500.00,730000.00,Assembly,FG Store,2024-08-18,2024-08-13,Generated move order item for PMSM Motor 3 kW.
5596,2896,101,59.000,59.000,No,36500.00,2153500.00,FG Store,Dispatch Dock,2024-08-15,2024-08-14,Generated move order item for PMSM Motor 3 kW.
5597,2897,24,82.000,82.000,No,220.00,18040.00,Maintenance Store,Maintenance Bay,2024-08-17,2024-08-15,Generated move order item for Bearing 6205-2RS.
5598,2898,2,231.000,231.000,No,2800.00,646800.00,Assembly Surplus,Central Warehouse,2024-08-19,2024-08-16,Generated move order item for Stator Core 3 kW.
5599,2899,2,489.000,489.000,No,2800.00,1369200.00,Central Warehouse,Production Line,2024-08-21,2024-08-17,Generated move order item for Stator Core 3 kW.
5600,2900,2,134.000,134.000,No,2800.00,375200.00,Production Line,Quality Inspection,2024-08-23,2024-08-18,Generated move order item for Stator Core 3 kW.
5601,2901,101,23.000,23.000,No,36500.00,839500.00,Assembly,FG Store,2024-08-20,2024-08-19,Generated move order item for PMSM Motor 3 kW.
5602,2902,101,57.000,57.000,No,36500.00,2080500.00,FG Store,Dispatch Dock,2024-08-22,2024-08-20,Generated move order item for PMSM Motor 3 kW.
5603,2903,24,98.000,98.000,No,220.00,21560.00,Maintenance Store,Maintenance Bay,2024-08-24,2024-08-21,Generated move order item for Bearing 6205-2RS.
5604,2904,2,421.000,421.000,No,2800.00,1178800.00,Assembly Surplus,Central Warehouse,2024-08-26,2024-08-22,Generated move order item for Stator Core 3 kW.
5605,2905,2,136.000,136.000,No,2800.00,380800.00,Central Warehouse,Production Line,2024-08-28,2024-08-23,Generated move order item for Stator Core 3 kW.
5606,2906,2,148.000,148.000,No,2800.00,414400.00,Production Line,Quality Inspection,2024-08-25,2024-08-24,Generated move order item for Stator Core 3 kW.
5607,2907,101,41.000,41.000,No,36500.00,1496500.00,Assembly,FG Store,2024-08-27,2024-08-25,Generated move order item for PMSM Motor 3 kW.
5608,2908,101,8.000,8.000,No,36500.00,292000.00,FG Store,Dispatch Dock,2024-08-29,2024-08-26,Generated move order item for PMSM Motor 3 kW.
5609,2909,24,100.000,100.000,No,220.00,22000.00,Maintenance Store,Maintenance Bay,2024-08-31,2024-08-27,Generated move order item for Bearing 6205-2RS.
5610,2910,2,474.000,474.000,No,2800.00,1327200.00,Assembly Surplus,Central Warehouse,2024-09-02,2024-08-28,Generated move order item for Stator Core 3 kW.
5611,2911,2,414.000,414.000,No,2800.00,1159200.00,Central Warehouse,Production Line,2024-08-30,2024-08-29,Generated move order item for Stator Core 3 kW.
5612,2912,2,486.000,486.000,No,2800.00,1360800.00,Production Line,Quality Inspection,2024-09-01,2024-08-30,Generated move order item for Stator Core 3 kW.
5613,2913,101,17.000,17.000,No,36500.00,620500.00,Assembly,FG Store,2024-09-03,2024-08-31,Generated move order item for PMSM Motor 3 kW.
5614,2914,101,54.000,54.000,No,36500.00,1971000.00,FG Store,Dispatch Dock,2024-09-05,2024-09-01,Generated move order item for PMSM Motor 3 kW.
5615,2915,24,29.000,29.000,No,220.00,6380.00,Maintenance Store,Maintenance Bay,2024-09-07,2024-09-02,Generated move order item for Bearing 6205-2RS.
5616,2916,2,104.000,104.000,No,2800.00,291200.00,Assembly Surplus,Central Warehouse,2024-09-04,2024-09-03,Generated move order item for Stator Core 3 kW.
5617,2917,2,168.000,168.000,No,2800.00,470400.00,Central Warehouse,Production Line,2024-09-06,2024-09-04,Generated move order item for Stator Core 3 kW.
5618,2918,2,399.000,399.000,No,2800.00,1117200.00,Production Line,Quality Inspection,2024-09-08,2024-09-05,Generated move order item for Stator Core 3 kW.
5619,2919,101,57.000,57.000,No,36500.00,2080500.00,Assembly,FG Store,2024-09-10,2024-09-06,Generated move order item for PMSM Motor 3 kW.
5620,2920,101,39.000,39.000,No,36500.00,1423500.00,FG Store,Dispatch Dock,2024-09-12,2024-09-07,Generated move order item for PMSM Motor 3 kW.
5621,2921,24,28.000,28.000,No,220.00,6160.00,Maintenance Store,Maintenance Bay,2024-09-09,2024-09-08,Generated move order item for Bearing 6205-2RS.
5622,2922,2,320.000,320.000,No,2800.00,896000.00,Assembly Surplus,Central Warehouse,2024-09-11,2024-09-09,Generated move order item for Stator Core 3 kW.
5623,2923,2,279.000,279.000,No,2800.00,781200.00,Central Warehouse,Production Line,2024-09-13,2024-09-10,Generated move order item for Stator Core 3 kW.
5624,2924,2,283.000,283.000,No,2800.00,792400.00,Production Line,Quality Inspection,2024-09-15,2024-09-11,Generated move order item for Stator Core 3 kW.
5625,2925,101,24.000,24.000,No,36500.00,876000.00,Assembly,FG Store,2024-09-17,2024-09-12,Generated move order item for PMSM Motor 3 kW.
5626,2926,101,12.000,12.000,No,36500.00,438000.00,FG Store,Dispatch Dock,2024-09-14,2024-09-13,Generated move order item for PMSM Motor 3 kW.
5627,2927,24,39.000,39.000,No,220.00,8580.00,Maintenance Store,Maintenance Bay,2024-09-16,2024-09-14,Generated move order item for Bearing 6205-2RS.
5628,2928,2,451.000,451.000,No,2800.00,1262800.00,Assembly Surplus,Central Warehouse,2024-09-18,2024-09-15,Generated move order item for Stator Core 3 kW.
5629,2929,2,234.000,234.000,No,2800.00,655200.00,Central Warehouse,Production Line,2024-09-20,2024-09-16,Generated move order item for Stator Core 3 kW.
5630,2930,2,59.000,59.000,No,2800.00,165200.00,Production Line,Quality Inspection,2024-09-22,2024-09-17,Generated move order item for Stator Core 3 kW.
5631,2931,101,24.000,24.000,No,36500.00,876000.00,Assembly,FG Store,2024-09-19,2024-09-18,Generated move order item for PMSM Motor 3 kW.
5632,2932,101,30.000,30.000,No,36500.00,1095000.00,FG Store,Dispatch Dock,2024-09-21,2024-09-19,Generated move order item for PMSM Motor 3 kW.
5633,2933,24,62.000,62.000,No,220.00,13640.00,Maintenance Store,Maintenance Bay,2024-09-23,2024-09-20,Generated move order item for Bearing 6205-2RS.
5634,2934,2,339.000,339.000,No,2800.00,949200.00,Assembly Surplus,Central Warehouse,2024-09-25,2024-09-21,Generated move order item for Stator Core 3 kW.
5635,2935,2,241.000,241.000,No,2800.00,674800.00,Central Warehouse,Production Line,2024-09-27,2024-09-22,Generated move order item for Stator Core 3 kW.
5636,2936,2,114.000,114.000,No,2800.00,319200.00,Production Line,Quality Inspection,2024-09-24,2024-09-23,Generated move order item for Stator Core 3 kW.
5637,2937,101,29.000,29.000,No,36500.00,1058500.00,Assembly,FG Store,2024-09-26,2024-09-24,Generated move order item for PMSM Motor 3 kW.
5638,2938,101,5.000,5.000,No,36500.00,182500.00,FG Store,Dispatch Dock,2024-09-28,2024-09-25,Generated move order item for PMSM Motor 3 kW.
5639,2939,24,53.000,53.000,No,220.00,11660.00,Maintenance Store,Maintenance Bay,2024-09-30,2024-09-26,Generated move order item for Bearing 6205-2RS.
5640,2940,2,250.000,250.000,No,2800.00,700000.00,Assembly Surplus,Central Warehouse,2024-10-02,2024-09-27,Generated move order item for Stator Core 3 kW.
5641,2941,2,210.000,210.000,No,2800.00,588000.00,Central Warehouse,Production Line,2024-09-29,2024-09-28,Generated move order item for Stator Core 3 kW.
5642,2942,2,348.000,348.000,No,2800.00,974400.00,Production Line,Quality Inspection,2024-10-01,2024-09-29,Generated move order item for Stator Core 3 kW.
5643,2943,101,47.000,47.000,No,36500.00,1715500.00,Assembly,FG Store,2024-10-03,2024-09-30,Generated move order item for PMSM Motor 3 kW.
5644,2944,101,19.000,19.000,No,36500.00,693500.00,FG Store,Dispatch Dock,2024-10-05,2024-10-01,Generated move order item for PMSM Motor 3 kW.
5645,2945,24,53.000,53.000,No,220.00,11660.00,Maintenance Store,Maintenance Bay,2024-10-07,2024-10-02,Generated move order item for Bearing 6205-2RS.
5646,2946,2,279.000,279.000,No,2800.00,781200.00,Assembly Surplus,Central Warehouse,2024-10-04,2024-10-03,Generated move order item for Stator Core 3 kW.
5647,2947,2,279.000,279.000,No,2800.00,781200.00,Central Warehouse,Production Line,2024-10-06,2024-10-04,Generated move order item for Stator Core 3 kW.
5648,2948,2,231.000,231.000,No,2800.00,646800.00,Production Line,Quality Inspection,2024-10-08,2024-10-05,Generated move order item for Stator Core 3 kW.
5649,2949,101,16.000,16.000,No,36500.00,584000.00,Assembly,FG Store,2024-10-10,2024-10-06,Generated move order item for PMSM Motor 3 kW.
5650,2950,101,14.000,14.000,No,36500.00,511000.00,FG Store,Dispatch Dock,2024-10-12,2024-10-07,Generated move order item for PMSM Motor 3 kW.
5651,2951,24,7.000,7.000,No,220.00,1540.00,Maintenance Store,Maintenance Bay,2024-10-09,2024-10-08,Generated move order item for Bearing 6205-2RS.
5652,2952,2,73.000,73.000,No,2800.00,204400.00,Assembly Surplus,Central Warehouse,2024-10-11,2024-10-09,Generated move order item for Stator Core 3 kW.
5653,2953,2,414.000,414.000,No,2800.00,1159200.00,Central Warehouse,Production Line,2024-10-13,2024-10-10,Generated move order item for Stator Core 3 kW.
5654,2954,2,81.000,81.000,No,2800.00,226800.00,Production Line,Quality Inspection,2024-10-15,2024-10-11,Generated move order item for Stator Core 3 kW.
5655,2955,101,52.000,52.000,No,36500.00,1898000.00,Assembly,FG Store,2024-10-17,2024-10-12,Generated move order item for PMSM Motor 3 kW.
5656,2956,101,55.000,55.000,No,36500.00,2007500.00,FG Store,Dispatch Dock,2024-10-14,2024-10-13,Generated move order item for PMSM Motor 3 kW.
5657,2957,24,28.000,28.000,No,220.00,6160.00,Maintenance Store,Maintenance Bay,2024-10-16,2024-10-14,Generated move order item for Bearing 6205-2RS.
5658,2958,2,249.000,249.000,No,2800.00,697200.00,Assembly Surplus,Central Warehouse,2024-10-18,2024-10-15,Generated move order item for Stator Core 3 kW.
5659,2959,2,212.000,212.000,No,2800.00,593600.00,Central Warehouse,Production Line,2024-10-20,2024-10-16,Generated move order item for Stator Core 3 kW.
5660,2960,2,227.000,227.000,No,2800.00,635600.00,Production Line,Quality Inspection,2024-10-22,2024-10-17,Generated move order item for Stator Core 3 kW.
5661,2961,101,25.000,25.000,No,36500.00,912500.00,Assembly,FG Store,2024-10-19,2024-10-18,Generated move order item for PMSM Motor 3 kW.
5662,2962,101,24.000,24.000,No,36500.00,876000.00,FG Store,Dispatch Dock,2024-10-21,2024-10-19,Generated move order item for PMSM Motor 3 kW.
5663,2963,24,70.000,70.000,No,220.00,15400.00,Maintenance Store,Maintenance Bay,2024-10-23,2024-10-20,Generated move order item for Bearing 6205-2RS.
5664,2964,2,236.000,236.000,No,2800.00,660800.00,Assembly Surplus,Central Warehouse,2024-10-25,2024-10-21,Generated move order item for Stator Core 3 kW.
5665,2965,2,134.000,134.000,No,2800.00,375200.00,Central Warehouse,Production Line,2024-10-27,2024-10-22,Generated move order item for Stator Core 3 kW.
5666,2966,2,220.000,220.000,No,2800.00,616000.00,Production Line,Quality Inspection,2024-10-24,2024-10-23,Generated move order item for Stator Core 3 kW.
5667,2967,101,59.000,59.000,No,36500.00,2153500.00,Assembly,FG Store,2024-10-26,2024-10-24,Generated move order item for PMSM Motor 3 kW.
5668,2968,101,60.000,60.000,No,36500.00,2190000.00,FG Store,Dispatch Dock,2024-10-28,2024-10-25,Generated move order item for PMSM Motor 3 kW.
5669,2969,24,10.000,10.000,No,220.00,2200.00,Maintenance Store,Maintenance Bay,2024-10-30,2024-10-26,Generated move order item for Bearing 6205-2RS.
5670,2970,2,309.000,309.000,No,2800.00,865200.00,Assembly Surplus,Central Warehouse,2024-11-01,2024-10-27,Generated move order item for Stator Core 3 kW.
5671,2971,2,489.000,489.000,No,2800.00,1369200.00,Central Warehouse,Production Line,2024-10-29,2024-10-28,Generated move order item for Stator Core 3 kW.
5672,2972,2,137.000,137.000,No,2800.00,383600.00,Production Line,Quality Inspection,2024-10-31,2024-10-29,Generated move order item for Stator Core 3 kW.
5673,2973,101,8.000,8.000,No,36500.00,292000.00,Assembly,FG Store,2024-11-02,2024-10-30,Generated move order item for PMSM Motor 3 kW.
5674,2974,101,16.000,16.000,No,36500.00,584000.00,FG Store,Dispatch Dock,2024-11-04,2024-10-31,Generated move order item for PMSM Motor 3 kW.
5675,2975,24,35.000,35.000,No,220.00,7700.00,Maintenance Store,Maintenance Bay,2024-11-06,2024-11-01,Generated move order item for Bearing 6205-2RS.
5676,2976,2,471.000,471.000,No,2800.00,1318800.00,Assembly Surplus,Central Warehouse,2024-11-03,2024-11-02,Generated move order item for Stator Core 3 kW.
5677,2977,2,163.000,163.000,No,2800.00,456400.00,Central Warehouse,Production Line,2024-11-05,2024-11-03,Generated move order item for Stator Core 3 kW.
5678,2978,2,199.000,199.000,No,2800.00,557200.00,Production Line,Quality Inspection,2024-11-07,2024-11-04,Generated move order item for Stator Core 3 kW.
5679,2979,101,19.000,19.000,No,36500.00,693500.00,Assembly,FG Store,2024-11-09,2024-11-05,Generated move order item for PMSM Motor 3 kW.
5680,2980,101,26.000,26.000,No,36500.00,949000.00,FG Store,Dispatch Dock,2024-11-11,2024-11-06,Generated move order item for PMSM Motor 3 kW.
5681,2981,24,100.000,100.000,No,220.00,22000.00,Maintenance Store,Maintenance Bay,2024-11-08,2024-11-07,Generated move order item for Bearing 6205-2RS.
5682,2982,2,87.000,87.000,No,2800.00,243600.00,Assembly Surplus,Central Warehouse,2024-11-10,2024-11-08,Generated move order item for Stator Core 3 kW.
5683,2983,2,256.000,256.000,No,2800.00,716800.00,Central Warehouse,Production Line,2024-11-12,2024-11-09,Generated move order item for Stator Core 3 kW.
5684,2984,2,326.000,326.000,No,2800.00,912800.00,Production Line,Quality Inspection,2024-11-14,2024-11-10,Generated move order item for Stator Core 3 kW.
5685,2985,101,11.000,11.000,No,36500.00,401500.00,Assembly,FG Store,2024-11-16,2024-11-11,Generated move order item for PMSM Motor 3 kW.
5686,2986,101,7.000,7.000,No,36500.00,255500.00,FG Store,Dispatch Dock,2024-11-13,2024-11-12,Generated move order item for PMSM Motor 3 kW.
5687,2987,24,99.000,99.000,No,220.00,21780.00,Maintenance Store,Maintenance Bay,2024-11-15,2024-11-13,Generated move order item for Bearing 6205-2RS.
5688,2988,2,171.000,171.000,No,2800.00,478800.00,Assembly Surplus,Central Warehouse,2024-11-17,2024-11-14,Generated move order item for Stator Core 3 kW.
5689,2989,2,159.000,159.000,No,2800.00,445200.00,Central Warehouse,Production Line,2024-11-19,2024-11-15,Generated move order item for Stator Core 3 kW.
5690,2990,2,207.000,207.000,No,2800.00,579600.00,Production Line,Quality Inspection,2024-11-21,2024-11-16,Generated move order item for Stator Core 3 kW.
5691,2991,101,9.000,9.000,No,36500.00,328500.00,Assembly,FG Store,2024-11-18,2024-11-17,Generated move order item for PMSM Motor 3 kW.
5692,2992,101,13.000,13.000,No,36500.00,474500.00,FG Store,Dispatch Dock,2024-11-20,2024-11-18,Generated move order item for PMSM Motor 3 kW.
5693,2993,24,7.000,7.000,No,220.00,1540.00,Maintenance Store,Maintenance Bay,2024-11-22,2024-11-19,Generated move order item for Bearing 6205-2RS.
5694,2994,2,291.000,291.000,No,2800.00,814800.00,Assembly Surplus,Central Warehouse,2024-11-24,2024-11-20,Generated move order item for Stator Core 3 kW.
5695,2995,2,258.000,258.000,No,2800.00,722400.00,Central Warehouse,Production Line,2024-11-26,2024-11-21,Generated move order item for Stator Core 3 kW.
5696,2996,2,173.000,173.000,No,2800.00,484400.00,Production Line,Quality Inspection,2024-11-23,2024-11-22,Generated move order item for Stator Core 3 kW.
5697,2997,101,56.000,56.000,No,36500.00,2044000.00,Assembly,FG Store,2024-11-25,2024-11-23,Generated move order item for PMSM Motor 3 kW.
5698,2998,101,22.000,22.000,No,36500.00,803000.00,FG Store,Dispatch Dock,2024-11-27,2024-11-24,Generated move order item for PMSM Motor 3 kW.
5699,2999,24,6.000,6.000,No,220.00,1320.00,Maintenance Store,Maintenance Bay,2024-11-29,2024-11-25,Generated move order item for Bearing 6205-2RS.
5700,3000,2,94.000,94.000,No,2800.00,263200.00,Assembly Surplus,Central Warehouse,2024-12-01,2024-11-26,Generated move order item for Stator Core 3 kW.
5701,301,3,377.000,377.000,No,6200.00,2337400.00,Central Warehouse,Production Line,2024-04-02,2024-04-01,Generated move order item for Stator Core 7.5 kW.
5702,302,3,290.000,290.000,No,6200.00,1798000.00,Production Line,Quality Inspection,2024-04-04,2024-04-02,Generated move order item for Stator Core 7.5 kW.
5703,303,102,19.000,19.000,No,82000.00,1558000.00,Assembly,FG Store,2024-04-06,2024-04-03,Generated move order item for PMSM Motor 7.5 kW.
5704,304,102,18.000,18.000,No,82000.00,1476000.00,FG Store,Dispatch Dock,2024-04-08,2024-04-04,Generated move order item for PMSM Motor 7.5 kW.
5705,305,25,26.000,26.000,No,650.00,16900.00,Maintenance Store,Maintenance Bay,2024-04-10,2024-04-05,Generated move order item for Bearing 6307-2RS.
5706,306,3,240.000,240.000,No,6200.00,1488000.00,Assembly Surplus,Central Warehouse,2024-04-07,2024-04-06,Generated move order item for Stator Core 7.5 kW.
5707,307,3,367.000,367.000,No,6200.00,2275400.00,Central Warehouse,Production Line,2024-04-09,2024-04-07,Generated move order item for Stator Core 7.5 kW.
5708,308,3,337.000,337.000,No,6200.00,2089400.00,Production Line,Quality Inspection,2024-04-11,2024-04-08,Generated move order item for Stator Core 7.5 kW.
5709,309,102,46.000,46.000,No,82000.00,3772000.00,Assembly,FG Store,2024-04-13,2024-04-09,Generated move order item for PMSM Motor 7.5 kW.
5710,310,102,7.000,7.000,No,82000.00,574000.00,FG Store,Dispatch Dock,2024-04-15,2024-04-10,Generated move order item for PMSM Motor 7.5 kW.
5711,311,25,58.000,58.000,No,650.00,37700.00,Maintenance Store,Maintenance Bay,2024-04-12,2024-04-11,Generated move order item for Bearing 6307-2RS.
5712,312,3,394.000,394.000,No,6200.00,2442800.00,Assembly Surplus,Central Warehouse,2024-04-14,2024-04-12,Generated move order item for Stator Core 7.5 kW.
5713,313,3,141.000,141.000,No,6200.00,874200.00,Central Warehouse,Production Line,2024-04-16,2024-04-13,Generated move order item for Stator Core 7.5 kW.
5714,314,3,312.000,312.000,No,6200.00,1934400.00,Production Line,Quality Inspection,2024-04-18,2024-04-14,Generated move order item for Stator Core 7.5 kW.
5715,315,102,5.000,5.000,No,82000.00,410000.00,Assembly,FG Store,2024-04-20,2024-04-15,Generated move order item for PMSM Motor 7.5 kW.
5716,316,102,55.000,55.000,No,82000.00,4510000.00,FG Store,Dispatch Dock,2024-04-17,2024-04-16,Generated move order item for PMSM Motor 7.5 kW.
5717,317,25,75.000,75.000,No,650.00,48750.00,Maintenance Store,Maintenance Bay,2024-04-19,2024-04-17,Generated move order item for Bearing 6307-2RS.
5718,318,3,330.000,330.000,No,6200.00,2046000.00,Assembly Surplus,Central Warehouse,2024-04-21,2024-04-18,Generated move order item for Stator Core 7.5 kW.
5719,319,3,320.000,320.000,No,6200.00,1984000.00,Central Warehouse,Production Line,2024-04-23,2024-04-19,Generated move order item for Stator Core 7.5 kW.
5720,320,3,352.000,352.000,No,6200.00,2182400.00,Production Line,Quality Inspection,2024-04-25,2024-04-20,Generated move order item for Stator Core 7.5 kW.
5721,321,102,28.000,28.000,No,82000.00,2296000.00,Assembly,FG Store,2024-04-22,2024-04-21,Generated move order item for PMSM Motor 7.5 kW.
5722,322,102,59.000,59.000,No,82000.00,4838000.00,FG Store,Dispatch Dock,2024-04-24,2024-04-22,Generated move order item for PMSM Motor 7.5 kW.
5723,323,25,25.000,25.000,No,650.00,16250.00,Maintenance Store,Maintenance Bay,2024-04-26,2024-04-23,Generated move order item for Bearing 6307-2RS.
5724,324,3,415.000,415.000,No,6200.00,2573000.00,Assembly Surplus,Central Warehouse,2024-04-28,2024-04-24,Generated move order item for Stator Core 7.5 kW.
5725,325,3,393.000,393.000,No,6200.00,2436600.00,Central Warehouse,Production Line,2024-04-30,2024-04-25,Generated move order item for Stator Core 7.5 kW.
5726,326,3,427.000,427.000,No,6200.00,2647400.00,Production Line,Quality Inspection,2024-04-27,2024-04-26,Generated move order item for Stator Core 7.5 kW.
5727,327,102,8.000,8.000,No,82000.00,656000.00,Assembly,FG Store,2024-04-29,2024-04-27,Generated move order item for PMSM Motor 7.5 kW.
5728,328,102,29.000,29.000,No,82000.00,2378000.00,FG Store,Dispatch Dock,2024-05-01,2024-04-28,Generated move order item for PMSM Motor 7.5 kW.
5729,329,25,66.000,66.000,No,650.00,42900.00,Maintenance Store,Maintenance Bay,2024-05-03,2024-04-29,Generated move order item for Bearing 6307-2RS.
5730,330,3,329.000,329.000,No,6200.00,2039800.00,Assembly Surplus,Central Warehouse,2024-05-05,2024-04-30,Generated move order item for Stator Core 7.5 kW.
5731,331,3,360.000,360.000,No,6200.00,2232000.00,Central Warehouse,Production Line,2024-05-02,2024-05-01,Generated move order item for Stator Core 7.5 kW.
5732,332,3,336.000,336.000,No,6200.00,2083200.00,Production Line,Quality Inspection,2024-05-04,2024-05-02,Generated move order item for Stator Core 7.5 kW.
5733,333,102,17.000,17.000,No,82000.00,1394000.00,Assembly,FG Store,2024-05-06,2024-05-03,Generated move order item for PMSM Motor 7.5 kW.
5734,334,102,51.000,51.000,No,82000.00,4182000.00,FG Store,Dispatch Dock,2024-05-08,2024-05-04,Generated move order item for PMSM Motor 7.5 kW.
5735,335,25,51.000,51.000,No,650.00,33150.00,Maintenance Store,Maintenance Bay,2024-05-10,2024-05-05,Generated move order item for Bearing 6307-2RS.
5736,336,3,487.000,487.000,No,6200.00,3019400.00,Assembly Surplus,Central Warehouse,2024-05-07,2024-05-06,Generated move order item for Stator Core 7.5 kW.
5737,337,3,284.000,284.000,No,6200.00,1760800.00,Central Warehouse,Production Line,2024-05-09,2024-05-07,Generated move order item for Stator Core 7.5 kW.
5738,338,3,292.000,292.000,No,6200.00,1810400.00,Production Line,Quality Inspection,2024-05-11,2024-05-08,Generated move order item for Stator Core 7.5 kW.
5739,339,102,38.000,38.000,No,82000.00,3116000.00,Assembly,FG Store,2024-05-13,2024-05-09,Generated move order item for PMSM Motor 7.5 kW.
5740,340,102,53.000,53.000,No,82000.00,4346000.00,FG Store,Dispatch Dock,2024-05-15,2024-05-10,Generated move order item for PMSM Motor 7.5 kW.
5741,341,25,91.000,91.000,No,650.00,59150.00,Maintenance Store,Maintenance Bay,2024-05-12,2024-05-11,Generated move order item for Bearing 6307-2RS.
5742,342,3,313.000,313.000,No,6200.00,1940600.00,Assembly Surplus,Central Warehouse,2024-05-14,2024-05-12,Generated move order item for Stator Core 7.5 kW.
5743,343,3,296.000,296.000,No,6200.00,1835200.00,Central Warehouse,Production Line,2024-05-16,2024-05-13,Generated move order item for Stator Core 7.5 kW.
5744,344,3,74.000,74.000,No,6200.00,458800.00,Production Line,Quality Inspection,2024-05-18,2024-05-14,Generated move order item for Stator Core 7.5 kW.
5745,345,102,8.000,8.000,No,82000.00,656000.00,Assembly,FG Store,2024-05-20,2024-05-15,Generated move order item for PMSM Motor 7.5 kW.
5746,346,102,46.000,46.000,No,82000.00,3772000.00,FG Store,Dispatch Dock,2024-05-17,2024-05-16,Generated move order item for PMSM Motor 7.5 kW.
5747,347,25,38.000,38.000,No,650.00,24700.00,Maintenance Store,Maintenance Bay,2024-05-19,2024-05-17,Generated move order item for Bearing 6307-2RS.
5748,348,3,246.000,246.000,No,6200.00,1525200.00,Assembly Surplus,Central Warehouse,2024-05-21,2024-05-18,Generated move order item for Stator Core 7.5 kW.
5749,349,3,333.000,333.000,No,6200.00,2064600.00,Central Warehouse,Production Line,2024-05-23,2024-05-19,Generated move order item for Stator Core 7.5 kW.
5750,350,3,150.000,150.000,No,6200.00,930000.00,Production Line,Quality Inspection,2024-05-25,2024-05-20,Generated move order item for Stator Core 7.5 kW.
5751,351,102,23.000,23.000,No,82000.00,1886000.00,Assembly,FG Store,2024-05-22,2024-05-21,Generated move order item for PMSM Motor 7.5 kW.
5752,352,102,7.000,7.000,No,82000.00,574000.00,FG Store,Dispatch Dock,2024-05-24,2024-05-22,Generated move order item for PMSM Motor 7.5 kW.
5753,353,25,78.000,78.000,No,650.00,50700.00,Maintenance Store,Maintenance Bay,2024-05-26,2024-05-23,Generated move order item for Bearing 6307-2RS.
5754,354,3,279.000,279.000,No,6200.00,1729800.00,Assembly Surplus,Central Warehouse,2024-05-28,2024-05-24,Generated move order item for Stator Core 7.5 kW.
5755,355,3,135.000,135.000,No,6200.00,837000.00,Central Warehouse,Production Line,2024-05-30,2024-05-25,Generated move order item for Stator Core 7.5 kW.
5756,356,3,318.000,318.000,No,6200.00,1971600.00,Production Line,Quality Inspection,2024-05-27,2024-05-26,Generated move order item for Stator Core 7.5 kW.
5757,357,102,13.000,13.000,No,82000.00,1066000.00,Assembly,FG Store,2024-05-29,2024-05-27,Generated move order item for PMSM Motor 7.5 kW.
5758,358,102,48.000,48.000,No,82000.00,3936000.00,FG Store,Dispatch Dock,2024-05-31,2024-05-28,Generated move order item for PMSM Motor 7.5 kW.
5759,359,25,27.000,27.000,No,650.00,17550.00,Maintenance Store,Maintenance Bay,2024-06-02,2024-05-29,Generated move order item for Bearing 6307-2RS.
5760,360,3,171.000,171.000,No,6200.00,1060200.00,Assembly Surplus,Central Warehouse,2024-06-04,2024-05-30,Generated move order item for Stator Core 7.5 kW.
5761,361,3,445.000,445.000,No,6200.00,2759000.00,Central Warehouse,Production Line,2024-06-01,2024-05-31,Generated move order item for Stator Core 7.5 kW.
5762,362,3,385.000,385.000,No,6200.00,2387000.00,Production Line,Quality Inspection,2024-06-03,2024-06-01,Generated move order item for Stator Core 7.5 kW.
5763,363,102,43.000,43.000,No,82000.00,3526000.00,Assembly,FG Store,2024-06-05,2024-06-02,Generated move order item for PMSM Motor 7.5 kW.
5764,364,102,38.000,38.000,No,82000.00,3116000.00,FG Store,Dispatch Dock,2024-06-07,2024-06-03,Generated move order item for PMSM Motor 7.5 kW.
5765,365,25,54.000,54.000,No,650.00,35100.00,Maintenance Store,Maintenance Bay,2024-06-09,2024-06-04,Generated move order item for Bearing 6307-2RS.
5766,366,3,136.000,136.000,No,6200.00,843200.00,Assembly Surplus,Central Warehouse,2024-06-06,2024-06-05,Generated move order item for Stator Core 7.5 kW.
5767,367,3,185.000,185.000,No,6200.00,1147000.00,Central Warehouse,Production Line,2024-06-08,2024-06-06,Generated move order item for Stator Core 7.5 kW.
5768,368,3,484.000,484.000,No,6200.00,3000800.00,Production Line,Quality Inspection,2024-06-10,2024-06-07,Generated move order item for Stator Core 7.5 kW.
5769,369,102,56.000,56.000,No,82000.00,4592000.00,Assembly,FG Store,2024-06-12,2024-06-08,Generated move order item for PMSM Motor 7.5 kW.
5770,370,102,45.000,45.000,No,82000.00,3690000.00,FG Store,Dispatch Dock,2024-06-14,2024-06-09,Generated move order item for PMSM Motor 7.5 kW.
5771,371,25,90.000,90.000,No,650.00,58500.00,Maintenance Store,Maintenance Bay,2024-06-11,2024-06-10,Generated move order item for Bearing 6307-2RS.
5772,372,3,412.000,412.000,No,6200.00,2554400.00,Assembly Surplus,Central Warehouse,2024-06-13,2024-06-11,Generated move order item for Stator Core 7.5 kW.
5773,373,3,230.000,230.000,No,6200.00,1426000.00,Central Warehouse,Production Line,2024-06-15,2024-06-12,Generated move order item for Stator Core 7.5 kW.
5774,374,3,372.000,372.000,No,6200.00,2306400.00,Production Line,Quality Inspection,2024-06-17,2024-06-13,Generated move order item for Stator Core 7.5 kW.
5775,375,102,47.000,47.000,No,82000.00,3854000.00,Assembly,FG Store,2024-06-19,2024-06-14,Generated move order item for PMSM Motor 7.5 kW.
5776,376,102,12.000,12.000,No,82000.00,984000.00,FG Store,Dispatch Dock,2024-06-16,2024-06-15,Generated move order item for PMSM Motor 7.5 kW.
5777,377,25,92.000,92.000,No,650.00,59800.00,Maintenance Store,Maintenance Bay,2024-06-18,2024-06-16,Generated move order item for Bearing 6307-2RS.
5778,378,3,272.000,272.000,No,6200.00,1686400.00,Assembly Surplus,Central Warehouse,2024-06-20,2024-06-17,Generated move order item for Stator Core 7.5 kW.
5779,379,3,191.000,191.000,No,6200.00,1184200.00,Central Warehouse,Production Line,2024-06-22,2024-06-18,Generated move order item for Stator Core 7.5 kW.
5780,380,3,263.000,263.000,No,6200.00,1630600.00,Production Line,Quality Inspection,2024-06-24,2024-06-19,Generated move order item for Stator Core 7.5 kW.
5781,381,102,23.000,23.000,No,82000.00,1886000.00,Assembly,FG Store,2024-06-21,2024-06-20,Generated move order item for PMSM Motor 7.5 kW.
5782,382,102,23.000,23.000,No,82000.00,1886000.00,FG Store,Dispatch Dock,2024-06-23,2024-06-21,Generated move order item for PMSM Motor 7.5 kW.
5783,383,25,57.000,57.000,No,650.00,37050.00,Maintenance Store,Maintenance Bay,2024-06-25,2024-06-22,Generated move order item for Bearing 6307-2RS.
5784,384,3,499.000,499.000,No,6200.00,3093800.00,Assembly Surplus,Central Warehouse,2024-06-27,2024-06-23,Generated move order item for Stator Core 7.5 kW.
5785,385,3,234.000,234.000,No,6200.00,1450800.00,Central Warehouse,Production Line,2024-06-29,2024-06-24,Generated move order item for Stator Core 7.5 kW.
5786,386,3,146.000,146.000,No,6200.00,905200.00,Production Line,Quality Inspection,2024-06-26,2024-06-25,Generated move order item for Stator Core 7.5 kW.
5787,387,102,47.000,47.000,No,82000.00,3854000.00,Assembly,FG Store,2024-06-28,2024-06-26,Generated move order item for PMSM Motor 7.5 kW.
5788,388,102,21.000,21.000,No,82000.00,1722000.00,FG Store,Dispatch Dock,2024-06-30,2024-06-27,Generated move order item for PMSM Motor 7.5 kW.
5789,389,25,56.000,56.000,No,650.00,36400.00,Maintenance Store,Maintenance Bay,2024-07-02,2024-06-28,Generated move order item for Bearing 6307-2RS.
5790,390,3,164.000,164.000,No,6200.00,1016800.00,Assembly Surplus,Central Warehouse,2024-07-04,2024-06-29,Generated move order item for Stator Core 7.5 kW.
5791,391,3,145.000,145.000,No,6200.00,899000.00,Central Warehouse,Production Line,2024-07-01,2024-06-30,Generated move order item for Stator Core 7.5 kW.
5792,392,3,163.000,163.000,No,6200.00,1010600.00,Production Line,Quality Inspection,2024-07-03,2024-07-01,Generated move order item for Stator Core 7.5 kW.
5793,393,102,24.000,24.000,No,82000.00,1968000.00,Assembly,FG Store,2024-07-05,2024-07-02,Generated move order item for PMSM Motor 7.5 kW.
5794,394,102,58.000,58.000,No,82000.00,4756000.00,FG Store,Dispatch Dock,2024-07-07,2024-07-03,Generated move order item for PMSM Motor 7.5 kW.
5795,395,25,69.000,69.000,No,650.00,44850.00,Maintenance Store,Maintenance Bay,2024-07-09,2024-07-04,Generated move order item for Bearing 6307-2RS.
5796,396,3,363.000,363.000,No,6200.00,2250600.00,Assembly Surplus,Central Warehouse,2024-07-06,2024-07-05,Generated move order item for Stator Core 7.5 kW.
5797,397,3,74.000,74.000,No,6200.00,458800.00,Central Warehouse,Production Line,2024-07-08,2024-07-06,Generated move order item for Stator Core 7.5 kW.
5798,398,3,54.000,54.000,No,6200.00,334800.00,Production Line,Quality Inspection,2024-07-10,2024-07-07,Generated move order item for Stator Core 7.5 kW.
5799,399,102,24.000,24.000,No,82000.00,1968000.00,Assembly,FG Store,2024-07-12,2024-07-08,Generated move order item for PMSM Motor 7.5 kW.
5800,400,102,54.000,54.000,No,82000.00,4428000.00,FG Store,Dispatch Dock,2024-07-14,2024-07-09,Generated move order item for PMSM Motor 7.5 kW.
5801,401,25,6.000,6.000,No,650.00,3900.00,Maintenance Store,Maintenance Bay,2024-07-11,2024-07-10,Generated move order item for Bearing 6307-2RS.
5802,402,3,395.000,395.000,No,6200.00,2449000.00,Assembly Surplus,Central Warehouse,2024-07-13,2024-07-11,Generated move order item for Stator Core 7.5 kW.
5803,403,3,420.000,420.000,No,6200.00,2604000.00,Central Warehouse,Production Line,2024-07-15,2024-07-12,Generated move order item for Stator Core 7.5 kW.
5804,404,3,175.000,175.000,No,6200.00,1085000.00,Production Line,Quality Inspection,2024-07-17,2024-07-13,Generated move order item for Stator Core 7.5 kW.
5805,405,102,11.000,11.000,No,82000.00,902000.00,Assembly,FG Store,2024-07-19,2024-07-14,Generated move order item for PMSM Motor 7.5 kW.
5806,406,102,13.000,13.000,No,82000.00,1066000.00,FG Store,Dispatch Dock,2024-07-16,2024-07-15,Generated move order item for PMSM Motor 7.5 kW.
5807,407,25,12.000,12.000,No,650.00,7800.00,Maintenance Store,Maintenance Bay,2024-07-18,2024-07-16,Generated move order item for Bearing 6307-2RS.
5808,408,3,430.000,430.000,No,6200.00,2666000.00,Assembly Surplus,Central Warehouse,2024-07-20,2024-07-17,Generated move order item for Stator Core 7.5 kW.
5809,409,3,404.000,404.000,No,6200.00,2504800.00,Central Warehouse,Production Line,2024-07-22,2024-07-18,Generated move order item for Stator Core 7.5 kW.
5810,410,3,353.000,353.000,No,6200.00,2188600.00,Production Line,Quality Inspection,2024-07-24,2024-07-19,Generated move order item for Stator Core 7.5 kW.
5811,411,102,10.000,10.000,No,82000.00,820000.00,Assembly,FG Store,2024-07-21,2024-07-20,Generated move order item for PMSM Motor 7.5 kW.
5812,412,102,58.000,58.000,No,82000.00,4756000.00,FG Store,Dispatch Dock,2024-07-23,2024-07-21,Generated move order item for PMSM Motor 7.5 kW.
5813,413,25,70.000,70.000,No,650.00,45500.00,Maintenance Store,Maintenance Bay,2024-07-25,2024-07-22,Generated move order item for Bearing 6307-2RS.
5814,414,3,423.000,423.000,No,6200.00,2622600.00,Assembly Surplus,Central Warehouse,2024-07-27,2024-07-23,Generated move order item for Stator Core 7.5 kW.
5815,415,3,221.000,221.000,No,6200.00,1370200.00,Central Warehouse,Production Line,2024-07-29,2024-07-24,Generated move order item for Stator Core 7.5 kW.
5816,416,3,139.000,139.000,No,6200.00,861800.00,Production Line,Quality Inspection,2024-07-26,2024-07-25,Generated move order item for Stator Core 7.5 kW.
5817,417,102,51.000,51.000,No,82000.00,4182000.00,Assembly,FG Store,2024-07-28,2024-07-26,Generated move order item for PMSM Motor 7.5 kW.
5818,418,102,7.000,7.000,No,82000.00,574000.00,FG Store,Dispatch Dock,2024-07-30,2024-07-27,Generated move order item for PMSM Motor 7.5 kW.
5819,419,25,22.000,22.000,No,650.00,14300.00,Maintenance Store,Maintenance Bay,2024-08-01,2024-07-28,Generated move order item for Bearing 6307-2RS.
5820,420,3,119.000,119.000,No,6200.00,737800.00,Assembly Surplus,Central Warehouse,2024-08-03,2024-07-29,Generated move order item for Stator Core 7.5 kW.
5821,421,3,88.000,88.000,No,6200.00,545600.00,Central Warehouse,Production Line,2024-07-31,2024-07-30,Generated move order item for Stator Core 7.5 kW.
5822,422,3,298.000,298.000,No,6200.00,1847600.00,Production Line,Quality Inspection,2024-08-02,2024-07-31,Generated move order item for Stator Core 7.5 kW.
5823,423,102,17.000,17.000,No,82000.00,1394000.00,Assembly,FG Store,2024-08-04,2024-08-01,Generated move order item for PMSM Motor 7.5 kW.
5824,424,102,59.000,59.000,No,82000.00,4838000.00,FG Store,Dispatch Dock,2024-08-06,2024-08-02,Generated move order item for PMSM Motor 7.5 kW.
5825,425,25,94.000,94.000,No,650.00,61100.00,Maintenance Store,Maintenance Bay,2024-08-08,2024-08-03,Generated move order item for Bearing 6307-2RS.
5826,426,3,125.000,125.000,No,6200.00,775000.00,Assembly Surplus,Central Warehouse,2024-08-05,2024-08-04,Generated move order item for Stator Core 7.5 kW.
5827,427,3,423.000,423.000,No,6200.00,2622600.00,Central Warehouse,Production Line,2024-08-07,2024-08-05,Generated move order item for Stator Core 7.5 kW.
5828,428,3,67.000,67.000,No,6200.00,415400.00,Production Line,Quality Inspection,2024-08-09,2024-08-06,Generated move order item for Stator Core 7.5 kW.
5829,429,102,21.000,21.000,No,82000.00,1722000.00,Assembly,FG Store,2024-08-11,2024-08-07,Generated move order item for PMSM Motor 7.5 kW.
5830,430,102,41.000,41.000,No,82000.00,3362000.00,FG Store,Dispatch Dock,2024-08-13,2024-08-08,Generated move order item for PMSM Motor 7.5 kW.
5831,431,25,24.000,24.000,No,650.00,15600.00,Maintenance Store,Maintenance Bay,2024-08-10,2024-08-09,Generated move order item for Bearing 6307-2RS.
5832,432,3,85.000,85.000,No,6200.00,527000.00,Assembly Surplus,Central Warehouse,2024-08-12,2024-08-10,Generated move order item for Stator Core 7.5 kW.
5833,433,3,120.000,120.000,No,6200.00,744000.00,Central Warehouse,Production Line,2024-08-14,2024-08-11,Generated move order item for Stator Core 7.5 kW.
5834,434,3,347.000,347.000,No,6200.00,2151400.00,Production Line,Quality Inspection,2024-08-16,2024-08-12,Generated move order item for Stator Core 7.5 kW.
5835,435,102,17.000,17.000,No,82000.00,1394000.00,Assembly,FG Store,2024-08-18,2024-08-13,Generated move order item for PMSM Motor 7.5 kW.
5836,436,102,18.000,18.000,No,82000.00,1476000.00,FG Store,Dispatch Dock,2024-08-15,2024-08-14,Generated move order item for PMSM Motor 7.5 kW.
5837,437,25,24.000,24.000,No,650.00,15600.00,Maintenance Store,Maintenance Bay,2024-08-17,2024-08-15,Generated move order item for Bearing 6307-2RS.
5838,438,3,447.000,447.000,No,6200.00,2771400.00,Assembly Surplus,Central Warehouse,2024-08-19,2024-08-16,Generated move order item for Stator Core 7.5 kW.
5839,439,3,450.000,450.000,No,6200.00,2790000.00,Central Warehouse,Production Line,2024-08-21,2024-08-17,Generated move order item for Stator Core 7.5 kW.
5840,440,3,413.000,413.000,No,6200.00,2560600.00,Production Line,Quality Inspection,2024-08-23,2024-08-18,Generated move order item for Stator Core 7.5 kW.
5841,441,102,6.000,6.000,No,82000.00,492000.00,Assembly,FG Store,2024-08-20,2024-08-19,Generated move order item for PMSM Motor 7.5 kW.
5842,442,102,19.000,19.000,No,82000.00,1558000.00,FG Store,Dispatch Dock,2024-08-22,2024-08-20,Generated move order item for PMSM Motor 7.5 kW.
5843,443,25,89.000,89.000,No,650.00,57850.00,Maintenance Store,Maintenance Bay,2024-08-24,2024-08-21,Generated move order item for Bearing 6307-2RS.
5844,444,3,299.000,299.000,No,6200.00,1853800.00,Assembly Surplus,Central Warehouse,2024-08-26,2024-08-22,Generated move order item for Stator Core 7.5 kW.
5845,445,3,68.000,68.000,No,6200.00,421600.00,Central Warehouse,Production Line,2024-08-28,2024-08-23,Generated move order item for Stator Core 7.5 kW.
5846,446,3,162.000,162.000,No,6200.00,1004400.00,Production Line,Quality Inspection,2024-08-25,2024-08-24,Generated move order item for Stator Core 7.5 kW.
5847,447,102,51.000,51.000,No,82000.00,4182000.00,Assembly,FG Store,2024-08-27,2024-08-25,Generated move order item for PMSM Motor 7.5 kW.
5848,448,102,54.000,54.000,No,82000.00,4428000.00,FG Store,Dispatch Dock,2024-08-29,2024-08-26,Generated move order item for PMSM Motor 7.5 kW.
5849,449,25,45.000,45.000,No,650.00,29250.00,Maintenance Store,Maintenance Bay,2024-08-31,2024-08-27,Generated move order item for Bearing 6307-2RS.
5850,450,3,118.000,118.000,No,6200.00,731600.00,Assembly Surplus,Central Warehouse,2024-09-02,2024-08-28,Generated move order item for Stator Core 7.5 kW.
5851,451,3,84.000,84.000,No,6200.00,520800.00,Central Warehouse,Production Line,2024-08-30,2024-08-29,Generated move order item for Stator Core 7.5 kW.
5852,452,3,151.000,151.000,No,6200.00,936200.00,Production Line,Quality Inspection,2024-09-01,2024-08-30,Generated move order item for Stator Core 7.5 kW.
5853,453,102,49.000,49.000,No,82000.00,4018000.00,Assembly,FG Store,2024-09-03,2024-08-31,Generated move order item for PMSM Motor 7.5 kW.
5854,454,102,51.000,51.000,No,82000.00,4182000.00,FG Store,Dispatch Dock,2024-09-05,2024-09-01,Generated move order item for PMSM Motor 7.5 kW.
5855,455,25,29.000,29.000,No,650.00,18850.00,Maintenance Store,Maintenance Bay,2024-09-07,2024-09-02,Generated move order item for Bearing 6307-2RS.
5856,456,3,490.000,490.000,No,6200.00,3038000.00,Assembly Surplus,Central Warehouse,2024-09-04,2024-09-03,Generated move order item for Stator Core 7.5 kW.
5857,457,3,445.000,445.000,No,6200.00,2759000.00,Central Warehouse,Production Line,2024-09-06,2024-09-04,Generated move order item for Stator Core 7.5 kW.
5858,458,3,495.000,495.000,No,6200.00,3069000.00,Production Line,Quality Inspection,2024-09-08,2024-09-05,Generated move order item for Stator Core 7.5 kW.
5859,459,102,47.000,47.000,No,82000.00,3854000.00,Assembly,FG Store,2024-09-10,2024-09-06,Generated move order item for PMSM Motor 7.5 kW.
5860,460,102,37.000,37.000,No,82000.00,3034000.00,FG Store,Dispatch Dock,2024-09-12,2024-09-07,Generated move order item for PMSM Motor 7.5 kW.
5861,461,25,99.000,99.000,No,650.00,64350.00,Maintenance Store,Maintenance Bay,2024-09-09,2024-09-08,Generated move order item for Bearing 6307-2RS.
5862,462,3,360.000,360.000,No,6200.00,2232000.00,Assembly Surplus,Central Warehouse,2024-09-11,2024-09-09,Generated move order item for Stator Core 7.5 kW.
5863,463,3,425.000,425.000,No,6200.00,2635000.00,Central Warehouse,Production Line,2024-09-13,2024-09-10,Generated move order item for Stator Core 7.5 kW.
5864,464,3,231.000,231.000,No,6200.00,1432200.00,Production Line,Quality Inspection,2024-09-15,2024-09-11,Generated move order item for Stator Core 7.5 kW.
5865,465,102,18.000,18.000,No,82000.00,1476000.00,Assembly,FG Store,2024-09-17,2024-09-12,Generated move order item for PMSM Motor 7.5 kW.
5866,466,102,37.000,37.000,No,82000.00,3034000.00,FG Store,Dispatch Dock,2024-09-14,2024-09-13,Generated move order item for PMSM Motor 7.5 kW.
5867,467,25,44.000,44.000,No,650.00,28600.00,Maintenance Store,Maintenance Bay,2024-09-16,2024-09-14,Generated move order item for Bearing 6307-2RS.
5868,468,3,208.000,208.000,No,6200.00,1289600.00,Assembly Surplus,Central Warehouse,2024-09-18,2024-09-15,Generated move order item for Stator Core 7.5 kW.
5869,469,3,364.000,364.000,No,6200.00,2256800.00,Central Warehouse,Production Line,2024-09-20,2024-09-16,Generated move order item for Stator Core 7.5 kW.
5870,470,3,325.000,325.000,No,6200.00,2015000.00,Production Line,Quality Inspection,2024-09-22,2024-09-17,Generated move order item for Stator Core 7.5 kW.
5871,471,102,22.000,22.000,No,82000.00,1804000.00,Assembly,FG Store,2024-09-19,2024-09-18,Generated move order item for PMSM Motor 7.5 kW.
5872,472,102,18.000,18.000,No,82000.00,1476000.00,FG Store,Dispatch Dock,2024-09-21,2024-09-19,Generated move order item for PMSM Motor 7.5 kW.
5873,473,25,57.000,57.000,No,650.00,37050.00,Maintenance Store,Maintenance Bay,2024-09-23,2024-09-20,Generated move order item for Bearing 6307-2RS.
5874,474,3,197.000,197.000,No,6200.00,1221400.00,Assembly Surplus,Central Warehouse,2024-09-25,2024-09-21,Generated move order item for Stator Core 7.5 kW.
5875,475,3,157.000,157.000,No,6200.00,973400.00,Central Warehouse,Production Line,2024-09-27,2024-09-22,Generated move order item for Stator Core 7.5 kW.
5876,476,3,150.000,150.000,No,6200.00,930000.00,Production Line,Quality Inspection,2024-09-24,2024-09-23,Generated move order item for Stator Core 7.5 kW.
5877,477,102,42.000,42.000,No,82000.00,3444000.00,Assembly,FG Store,2024-09-26,2024-09-24,Generated move order item for PMSM Motor 7.5 kW.
5878,478,102,28.000,28.000,No,82000.00,2296000.00,FG Store,Dispatch Dock,2024-09-28,2024-09-25,Generated move order item for PMSM Motor 7.5 kW.
5879,479,25,37.000,37.000,No,650.00,24050.00,Maintenance Store,Maintenance Bay,2024-09-30,2024-09-26,Generated move order item for Bearing 6307-2RS.
5880,480,3,101.000,101.000,No,6200.00,626200.00,Assembly Surplus,Central Warehouse,2024-10-02,2024-09-27,Generated move order item for Stator Core 7.5 kW.
5881,481,3,74.000,74.000,No,6200.00,458800.00,Central Warehouse,Production Line,2024-09-29,2024-09-28,Generated move order item for Stator Core 7.5 kW.
5882,482,3,363.000,363.000,No,6200.00,2250600.00,Production Line,Quality Inspection,2024-10-01,2024-09-29,Generated move order item for Stator Core 7.5 kW.
5883,483,102,59.000,59.000,No,82000.00,4838000.00,Assembly,FG Store,2024-10-03,2024-09-30,Generated move order item for PMSM Motor 7.5 kW.
5884,484,102,23.000,23.000,No,82000.00,1886000.00,FG Store,Dispatch Dock,2024-10-05,2024-10-01,Generated move order item for PMSM Motor 7.5 kW.
5885,485,25,86.000,86.000,No,650.00,55900.00,Maintenance Store,Maintenance Bay,2024-10-07,2024-10-02,Generated move order item for Bearing 6307-2RS.
5886,486,3,321.000,321.000,No,6200.00,1990200.00,Assembly Surplus,Central Warehouse,2024-10-04,2024-10-03,Generated move order item for Stator Core 7.5 kW.
5887,487,3,186.000,186.000,No,6200.00,1153200.00,Central Warehouse,Production Line,2024-10-06,2024-10-04,Generated move order item for Stator Core 7.5 kW.
5888,488,3,305.000,305.000,No,6200.00,1891000.00,Production Line,Quality Inspection,2024-10-08,2024-10-05,Generated move order item for Stator Core 7.5 kW.
5889,489,102,12.000,12.000,No,82000.00,984000.00,Assembly,FG Store,2024-10-10,2024-10-06,Generated move order item for PMSM Motor 7.5 kW.
5890,490,102,23.000,23.000,No,82000.00,1886000.00,FG Store,Dispatch Dock,2024-10-12,2024-10-07,Generated move order item for PMSM Motor 7.5 kW.
5891,491,25,75.000,75.000,No,650.00,48750.00,Maintenance Store,Maintenance Bay,2024-10-09,2024-10-08,Generated move order item for Bearing 6307-2RS.
5892,492,3,433.000,433.000,No,6200.00,2684600.00,Assembly Surplus,Central Warehouse,2024-10-11,2024-10-09,Generated move order item for Stator Core 7.5 kW.
5893,493,3,149.000,149.000,No,6200.00,923800.00,Central Warehouse,Production Line,2024-10-13,2024-10-10,Generated move order item for Stator Core 7.5 kW.
5894,494,3,460.000,460.000,No,6200.00,2852000.00,Production Line,Quality Inspection,2024-10-15,2024-10-11,Generated move order item for Stator Core 7.5 kW.
5895,495,102,38.000,38.000,No,82000.00,3116000.00,Assembly,FG Store,2024-10-17,2024-10-12,Generated move order item for PMSM Motor 7.5 kW.
5896,496,102,17.000,17.000,No,82000.00,1394000.00,FG Store,Dispatch Dock,2024-10-14,2024-10-13,Generated move order item for PMSM Motor 7.5 kW.
5897,497,25,79.000,79.000,No,650.00,51350.00,Maintenance Store,Maintenance Bay,2024-10-16,2024-10-14,Generated move order item for Bearing 6307-2RS.
5898,498,3,447.000,447.000,No,6200.00,2771400.00,Assembly Surplus,Central Warehouse,2024-10-18,2024-10-15,Generated move order item for Stator Core 7.5 kW.
5899,499,3,172.000,172.000,No,6200.00,1066400.00,Central Warehouse,Production Line,2024-10-20,2024-10-16,Generated move order item for Stator Core 7.5 kW.
5900,500,3,97.000,97.000,No,6200.00,601400.00,Production Line,Quality Inspection,2024-10-22,2024-10-17,Generated move order item for Stator Core 7.5 kW.
5901,501,102,20.000,20.000,No,82000.00,1640000.00,Assembly,FG Store,2024-10-19,2024-10-18,Generated move order item for PMSM Motor 7.5 kW.
5902,502,102,47.000,47.000,No,82000.00,3854000.00,FG Store,Dispatch Dock,2024-10-21,2024-10-19,Generated move order item for PMSM Motor 7.5 kW.
5903,503,25,10.000,10.000,No,650.00,6500.00,Maintenance Store,Maintenance Bay,2024-10-23,2024-10-20,Generated move order item for Bearing 6307-2RS.
5904,504,3,180.000,180.000,No,6200.00,1116000.00,Assembly Surplus,Central Warehouse,2024-10-25,2024-10-21,Generated move order item for Stator Core 7.5 kW.
5905,505,3,194.000,194.000,No,6200.00,1202800.00,Central Warehouse,Production Line,2024-10-27,2024-10-22,Generated move order item for Stator Core 7.5 kW.
5906,506,3,57.000,57.000,No,6200.00,353400.00,Production Line,Quality Inspection,2024-10-24,2024-10-23,Generated move order item for Stator Core 7.5 kW.
5907,507,102,38.000,38.000,No,82000.00,3116000.00,Assembly,FG Store,2024-10-26,2024-10-24,Generated move order item for PMSM Motor 7.5 kW.
5908,508,102,50.000,50.000,No,82000.00,4100000.00,FG Store,Dispatch Dock,2024-10-28,2024-10-25,Generated move order item for PMSM Motor 7.5 kW.
5909,509,25,19.000,19.000,No,650.00,12350.00,Maintenance Store,Maintenance Bay,2024-10-30,2024-10-26,Generated move order item for Bearing 6307-2RS.
5910,510,3,449.000,449.000,No,6200.00,2783800.00,Assembly Surplus,Central Warehouse,2024-11-01,2024-10-27,Generated move order item for Stator Core 7.5 kW.
5911,511,3,479.000,479.000,No,6200.00,2969800.00,Central Warehouse,Production Line,2024-10-29,2024-10-28,Generated move order item for Stator Core 7.5 kW.
5912,512,3,442.000,442.000,No,6200.00,2740400.00,Production Line,Quality Inspection,2024-10-31,2024-10-29,Generated move order item for Stator Core 7.5 kW.
5913,513,102,45.000,45.000,No,82000.00,3690000.00,Assembly,FG Store,2024-11-02,2024-10-30,Generated move order item for PMSM Motor 7.5 kW.
5914,514,102,30.000,30.000,No,82000.00,2460000.00,FG Store,Dispatch Dock,2024-11-04,2024-10-31,Generated move order item for PMSM Motor 7.5 kW.
5915,515,25,24.000,24.000,No,650.00,15600.00,Maintenance Store,Maintenance Bay,2024-11-06,2024-11-01,Generated move order item for Bearing 6307-2RS.
5916,516,3,461.000,461.000,No,6200.00,2858200.00,Assembly Surplus,Central Warehouse,2024-11-03,2024-11-02,Generated move order item for Stator Core 7.5 kW.
5917,517,3,289.000,289.000,No,6200.00,1791800.00,Central Warehouse,Production Line,2024-11-05,2024-11-03,Generated move order item for Stator Core 7.5 kW.
5918,518,3,253.000,253.000,No,6200.00,1568600.00,Production Line,Quality Inspection,2024-11-07,2024-11-04,Generated move order item for Stator Core 7.5 kW.
5919,519,102,26.000,26.000,No,82000.00,2132000.00,Assembly,FG Store,2024-11-09,2024-11-05,Generated move order item for PMSM Motor 7.5 kW.
5920,520,102,17.000,17.000,No,82000.00,1394000.00,FG Store,Dispatch Dock,2024-11-11,2024-11-06,Generated move order item for PMSM Motor 7.5 kW.
5921,521,25,41.000,41.000,No,650.00,26650.00,Maintenance Store,Maintenance Bay,2024-11-08,2024-11-07,Generated move order item for Bearing 6307-2RS.
5922,522,3,409.000,409.000,No,6200.00,2535800.00,Assembly Surplus,Central Warehouse,2024-11-10,2024-11-08,Generated move order item for Stator Core 7.5 kW.
5923,523,3,302.000,302.000,No,6200.00,1872400.00,Central Warehouse,Production Line,2024-11-12,2024-11-09,Generated move order item for Stator Core 7.5 kW.
5924,524,3,228.000,228.000,No,6200.00,1413600.00,Production Line,Quality Inspection,2024-11-14,2024-11-10,Generated move order item for Stator Core 7.5 kW.
5925,525,102,11.000,11.000,No,82000.00,902000.00,Assembly,FG Store,2024-11-16,2024-11-11,Generated move order item for PMSM Motor 7.5 kW.
5926,526,102,28.000,28.000,No,82000.00,2296000.00,FG Store,Dispatch Dock,2024-11-13,2024-11-12,Generated move order item for PMSM Motor 7.5 kW.
5927,527,25,25.000,25.000,No,650.00,16250.00,Maintenance Store,Maintenance Bay,2024-11-15,2024-11-13,Generated move order item for Bearing 6307-2RS.
5928,528,3,229.000,229.000,No,6200.00,1419800.00,Assembly Surplus,Central Warehouse,2024-11-17,2024-11-14,Generated move order item for Stator Core 7.5 kW.
5929,529,3,117.000,117.000,No,6200.00,725400.00,Central Warehouse,Production Line,2024-11-19,2024-11-15,Generated move order item for Stator Core 7.5 kW.
5930,530,3,477.000,477.000,No,6200.00,2957400.00,Production Line,Quality Inspection,2024-11-21,2024-11-16,Generated move order item for Stator Core 7.5 kW.
5931,531,102,14.000,14.000,No,82000.00,1148000.00,Assembly,FG Store,2024-11-18,2024-11-17,Generated move order item for PMSM Motor 7.5 kW.
5932,532,102,11.000,11.000,No,82000.00,902000.00,FG Store,Dispatch Dock,2024-11-20,2024-11-18,Generated move order item for PMSM Motor 7.5 kW.
5933,533,25,67.000,67.000,No,650.00,43550.00,Maintenance Store,Maintenance Bay,2024-11-22,2024-11-19,Generated move order item for Bearing 6307-2RS.
5934,534,3,205.000,205.000,No,6200.00,1271000.00,Assembly Surplus,Central Warehouse,2024-11-24,2024-11-20,Generated move order item for Stator Core 7.5 kW.
5935,535,3,499.000,499.000,No,6200.00,3093800.00,Central Warehouse,Production Line,2024-11-26,2024-11-21,Generated move order item for Stator Core 7.5 kW.
5936,536,3,232.000,232.000,No,6200.00,1438400.00,Production Line,Quality Inspection,2024-11-23,2024-11-22,Generated move order item for Stator Core 7.5 kW.
5937,537,102,41.000,41.000,No,82000.00,3362000.00,Assembly,FG Store,2024-11-25,2024-11-23,Generated move order item for PMSM Motor 7.5 kW.
5938,538,102,51.000,51.000,No,82000.00,4182000.00,FG Store,Dispatch Dock,2024-11-27,2024-11-24,Generated move order item for PMSM Motor 7.5 kW.
5939,539,25,99.000,99.000,No,650.00,64350.00,Maintenance Store,Maintenance Bay,2024-11-29,2024-11-25,Generated move order item for Bearing 6307-2RS.
5940,540,3,415.000,415.000,No,6200.00,2573000.00,Assembly Surplus,Central Warehouse,2024-12-01,2024-11-26,Generated move order item for Stator Core 7.5 kW.
5941,541,3,310.000,310.000,No,6200.00,1922000.00,Central Warehouse,Production Line,2024-11-28,2024-11-27,Generated move order item for Stator Core 7.5 kW.
5942,542,3,417.000,417.000,No,6200.00,2585400.00,Production Line,Quality Inspection,2024-11-30,2024-11-28,Generated move order item for Stator Core 7.5 kW.
5943,543,102,20.000,20.000,No,82000.00,1640000.00,Assembly,FG Store,2024-12-02,2024-11-29,Generated move order item for PMSM Motor 7.5 kW.
5944,544,102,53.000,53.000,No,82000.00,4346000.00,FG Store,Dispatch Dock,2024-12-04,2024-11-30,Generated move order item for PMSM Motor 7.5 kW.
5945,545,25,88.000,88.000,No,650.00,57200.00,Maintenance Store,Maintenance Bay,2024-12-06,2024-12-01,Generated move order item for Bearing 6307-2RS.
5946,546,3,223.000,223.000,No,6200.00,1382600.00,Assembly Surplus,Central Warehouse,2024-12-03,2024-12-02,Generated move order item for Stator Core 7.5 kW.
5947,547,3,80.000,80.000,No,6200.00,496000.00,Central Warehouse,Production Line,2024-12-05,2024-12-03,Generated move order item for Stator Core 7.5 kW.
5948,548,3,358.000,358.000,No,6200.00,2219600.00,Production Line,Quality Inspection,2024-12-07,2024-12-04,Generated move order item for Stator Core 7.5 kW.
5949,549,102,10.000,10.000,No,82000.00,820000.00,Assembly,FG Store,2024-12-09,2024-12-05,Generated move order item for PMSM Motor 7.5 kW.
5950,550,102,5.000,5.000,No,82000.00,410000.00,FG Store,Dispatch Dock,2024-12-11,2024-12-06,Generated move order item for PMSM Motor 7.5 kW.
5951,551,25,95.000,95.000,No,650.00,61750.00,Maintenance Store,Maintenance Bay,2024-12-08,2024-12-07,Generated move order item for Bearing 6307-2RS.
5952,552,3,306.000,306.000,No,6200.00,1897200.00,Assembly Surplus,Central Warehouse,2024-12-10,2024-12-08,Generated move order item for Stator Core 7.5 kW.
5953,553,3,343.000,343.000,No,6200.00,2126600.00,Central Warehouse,Production Line,2024-12-12,2024-12-09,Generated move order item for Stator Core 7.5 kW.
5954,554,3,447.000,447.000,No,6200.00,2771400.00,Production Line,Quality Inspection,2024-12-14,2024-12-10,Generated move order item for Stator Core 7.5 kW.
5955,555,102,57.000,57.000,No,82000.00,4674000.00,Assembly,FG Store,2024-12-16,2024-12-11,Generated move order item for PMSM Motor 7.5 kW.
5956,556,102,58.000,58.000,No,82000.00,4756000.00,FG Store,Dispatch Dock,2024-12-13,2024-12-12,Generated move order item for PMSM Motor 7.5 kW.
5957,557,25,17.000,17.000,No,650.00,11050.00,Maintenance Store,Maintenance Bay,2024-12-15,2024-12-13,Generated move order item for Bearing 6307-2RS.
5958,558,3,196.000,196.000,No,6200.00,1215200.00,Assembly Surplus,Central Warehouse,2024-12-17,2024-12-14,Generated move order item for Stator Core 7.5 kW.
5959,559,3,396.000,396.000,No,6200.00,2455200.00,Central Warehouse,Production Line,2024-12-19,2024-12-15,Generated move order item for Stator Core 7.5 kW.
5960,560,3,62.000,62.000,No,6200.00,384400.00,Production Line,Quality Inspection,2024-12-21,2024-12-16,Generated move order item for Stator Core 7.5 kW.
5961,561,102,18.000,18.000,No,82000.00,1476000.00,Assembly,FG Store,2024-12-18,2024-12-17,Generated move order item for PMSM Motor 7.5 kW.
5962,562,102,33.000,33.000,No,82000.00,2706000.00,FG Store,Dispatch Dock,2024-12-20,2024-12-18,Generated move order item for PMSM Motor 7.5 kW.
5963,563,25,37.000,37.000,No,650.00,24050.00,Maintenance Store,Maintenance Bay,2024-12-22,2024-12-19,Generated move order item for Bearing 6307-2RS.
5964,564,3,127.000,127.000,No,6200.00,787400.00,Assembly Surplus,Central Warehouse,2024-12-24,2024-12-20,Generated move order item for Stator Core 7.5 kW.
5965,565,3,455.000,455.000,No,6200.00,2821000.00,Central Warehouse,Production Line,2024-12-26,2024-12-21,Generated move order item for Stator Core 7.5 kW.
5966,566,3,252.000,252.000,No,6200.00,1562400.00,Production Line,Quality Inspection,2024-12-23,2024-12-22,Generated move order item for Stator Core 7.5 kW.
5967,567,102,28.000,28.000,No,82000.00,2296000.00,Assembly,FG Store,2024-12-25,2024-12-23,Generated move order item for PMSM Motor 7.5 kW.
5968,568,102,41.000,41.000,No,82000.00,3362000.00,FG Store,Dispatch Dock,2024-12-27,2024-12-24,Generated move order item for PMSM Motor 7.5 kW.
5969,569,25,69.000,69.000,No,650.00,44850.00,Maintenance Store,Maintenance Bay,2024-12-29,2024-12-25,Generated move order item for Bearing 6307-2RS.
5970,570,3,272.000,272.000,No,6200.00,1686400.00,Assembly Surplus,Central Warehouse,2024-12-31,2024-12-26,Generated move order item for Stator Core 7.5 kW.
5971,571,3,450.000,450.000,No,6200.00,2790000.00,Central Warehouse,Production Line,2024-12-28,2024-12-27,Generated move order item for Stator Core 7.5 kW.
5972,572,3,183.000,183.000,No,6200.00,1134600.00,Production Line,Quality Inspection,2024-12-30,2024-12-28,Generated move order item for Stator Core 7.5 kW.
5973,573,102,53.000,53.000,No,82000.00,4346000.00,Assembly,FG Store,2025-01-01,2024-12-29,Generated move order item for PMSM Motor 7.5 kW.
5974,574,102,53.000,53.000,No,82000.00,4346000.00,FG Store,Dispatch Dock,2025-01-03,2024-12-30,Generated move order item for PMSM Motor 7.5 kW.
5975,575,25,5.000,5.000,No,650.00,3250.00,Maintenance Store,Maintenance Bay,2025-01-05,2024-12-31,Generated move order item for Bearing 6307-2RS.
5976,576,3,390.000,390.000,No,6200.00,2418000.00,Assembly Surplus,Central Warehouse,2025-01-02,2025-01-01,Generated move order item for Stator Core 7.5 kW.
5977,577,3,121.000,121.000,No,6200.00,750200.00,Central Warehouse,Production Line,2025-01-04,2025-01-02,Generated move order item for Stator Core 7.5 kW.
5978,578,3,269.000,269.000,No,6200.00,1667800.00,Production Line,Quality Inspection,2025-01-06,2025-01-03,Generated move order item for Stator Core 7.5 kW.
5979,579,102,56.000,56.000,No,82000.00,4592000.00,Assembly,FG Store,2025-01-08,2025-01-04,Generated move order item for PMSM Motor 7.5 kW.
5980,580,102,15.000,15.000,No,82000.00,1230000.00,FG Store,Dispatch Dock,2025-01-10,2025-01-05,Generated move order item for PMSM Motor 7.5 kW.
5981,581,25,58.000,58.000,No,650.00,37700.00,Maintenance Store,Maintenance Bay,2025-01-07,2025-01-06,Generated move order item for Bearing 6307-2RS.
5982,582,3,400.000,400.000,No,6200.00,2480000.00,Assembly Surplus,Central Warehouse,2025-01-09,2025-01-07,Generated move order item for Stator Core 7.5 kW.
5983,583,3,266.000,266.000,No,6200.00,1649200.00,Central Warehouse,Production Line,2025-01-11,2025-01-08,Generated move order item for Stator Core 7.5 kW.
5984,584,3,85.000,85.000,No,6200.00,527000.00,Production Line,Quality Inspection,2025-01-13,2025-01-09,Generated move order item for Stator Core 7.5 kW.
5985,585,102,8.000,8.000,No,82000.00,656000.00,Assembly,FG Store,2025-01-15,2025-01-10,Generated move order item for PMSM Motor 7.5 kW.
5986,586,102,34.000,34.000,No,82000.00,2788000.00,FG Store,Dispatch Dock,2025-01-12,2025-01-11,Generated move order item for PMSM Motor 7.5 kW.
5987,587,25,7.000,7.000,No,650.00,4550.00,Maintenance Store,Maintenance Bay,2025-01-14,2025-01-12,Generated move order item for Bearing 6307-2RS.
5988,588,3,56.000,56.000,No,6200.00,347200.00,Assembly Surplus,Central Warehouse,2025-01-16,2025-01-13,Generated move order item for Stator Core 7.5 kW.
5989,589,3,479.000,479.000,No,6200.00,2969800.00,Central Warehouse,Production Line,2025-01-18,2025-01-14,Generated move order item for Stator Core 7.5 kW.
5990,590,3,290.000,290.000,No,6200.00,1798000.00,Production Line,Quality Inspection,2025-01-20,2025-01-15,Generated move order item for Stator Core 7.5 kW.
5991,591,102,31.000,31.000,No,82000.00,2542000.00,Assembly,FG Store,2025-01-17,2025-01-16,Generated move order item for PMSM Motor 7.5 kW.
5992,592,102,10.000,10.000,No,82000.00,820000.00,FG Store,Dispatch Dock,2025-01-19,2025-01-17,Generated move order item for PMSM Motor 7.5 kW.
5993,593,25,80.000,80.000,No,650.00,52000.00,Maintenance Store,Maintenance Bay,2025-01-21,2025-01-18,Generated move order item for Bearing 6307-2RS.
5994,594,3,280.000,280.000,No,6200.00,1736000.00,Assembly Surplus,Central Warehouse,2025-01-23,2025-01-19,Generated move order item for Stator Core 7.5 kW.
5995,595,3,149.000,149.000,No,6200.00,923800.00,Central Warehouse,Production Line,2025-01-25,2025-01-20,Generated move order item for Stator Core 7.5 kW.
5996,596,3,389.000,389.000,No,6200.00,2411800.00,Production Line,Quality Inspection,2025-01-22,2025-01-21,Generated move order item for Stator Core 7.5 kW.
5997,597,102,18.000,18.000,No,82000.00,1476000.00,Assembly,FG Store,2025-01-24,2025-01-22,Generated move order item for PMSM Motor 7.5 kW.
5998,598,102,33.000,33.000,No,82000.00,2706000.00,FG Store,Dispatch Dock,2025-01-26,2025-01-23,Generated move order item for PMSM Motor 7.5 kW.
5999,599,25,58.000,58.000,No,650.00,37700.00,Maintenance Store,Maintenance Bay,2025-01-28,2025-01-24,Generated move order item for Bearing 6307-2RS.
6000,600,3,175.000,175.000,No,6200.00,1085000.00,Assembly Surplus,Central Warehouse,2025-01-30,2025-01-25,Generated move order item for Stator Core 7.5 kW.
