pr_item_id,pr_id,item_id,requested_quantity,uom,required_date,estimated_unit_cost,priority,reason_for_requirement,current_stock_quantity,reorder_level,budget_code,remarks,status
301,151,1,330.000,No,2024-04-07,1800.00,Urgent,Required for Core Components consumption plan.,0.000,800.000,BG-2024-01,Generated PR item.,Converted to PO
302,152,2,221.000,No,2024-04-11,2800.00,High,Required for Core Components consumption plan.,0.000,480.000,BG-2024-02,Generated PR item.,Converted to PO
303,153,3,175.000,No,2024-04-07,6200.00,High,Required for Core Components consumption plan.,0.000,240.000,BG-2024-03,Generated PR item.,Converted to PO
304,154,4,244.000,No,2024-04-06,1200.00,High,Required for Core Components consumption plan.,0.000,800.000,BG-2024-04,Generated PR item.,Converted to PO
305,155,5,190.000,No,2024-04-18,2200.00,Urgent,Required for Core Components consumption plan.,0.000,480.000,BG-2024-05,Generated PR item.,Converted to PO
306,156,6,417.000,No,2024-04-06,5000.00,High,Required for Core Components consumption plan.,0.000,240.000,BG-2024-06,Generated PR item.,Converted to PO
307,157,7,106.000,No,2024-04-15,180.00,High,Required for Magnetic Components consumption plan.,0.000,6400.000,BG-2024-07,Generated PR item.,Converted to PO
308,158,8,83.000,No,2024-04-19,240.00,High,Required for Magnetic Components consumption plan.,0.000,4800.000,BG-2024-08,Generated PR item.,Converted to PO
309,159,9,136.000,No,2024-04-19,360.00,Urgent,Required for Magnetic Components consumption plan.,0.000,2880.000,BG-2024-09,Generated PR item.,Converted to PO
310,160,10,191.000,No,2024-04-14,450.00,High,Required for Mechanical Components consumption plan.,0.000,800.000,BG-2024-10,Generated PR item.,Converted to PO
311,161,11,72.000,No,2024-04-10,750.00,High,Required for Mechanical Components consumption plan.,0.000,480.000,BG-2024-11,Generated PR item.,Converted to PO
312,162,12,236.000,No,2024-04-23,1800.00,High,Required for Mechanical Components consumption plan.,0.000,240.000,BG-2024-12,Generated PR item.,Converted to PO
313,163,13,119.000,No,2024-04-22,160.00,Urgent,Required for Mechanical Components consumption plan.,0.000,800.000,BG-2024-01,Generated PR item.,Converted to PO
314,164,14,167.000,No,2024-04-18,220.00,High,Required for Mechanical Components consumption plan.,0.000,480.000,BG-2024-02,Generated PR item.,Converted to PO
315,165,15,240.000,No,2024-04-08,420.00,High,Required for Mechanical Components consumption plan.,0.000,240.000,BG-2024-03,Generated PR item.,Converted to PO
316,166,16,111.000,No,2024-04-07,1300.00,High,Required for Mechanical Components consumption plan.,0.000,800.000,BG-2024-04,Generated PR item.,Converted to PO
317,167,17,54.000,No,2024-04-12,2400.00,Urgent,Required for Mechanical Components consumption plan.,0.000,480.000,BG-2024-05,Generated PR item.,Converted to PO
318,168,18,188.000,No,2024-04-10,5200.00,High,Required for Mechanical Components consumption plan.,0.000,240.000,BG-2024-06,Generated PR item.,Converted to PO
319,169,19,6.000,No,2024-04-23,450.00,High,Required for Mechanical Components consumption plan.,0.000,1520.000,BG-2024-07,Generated PR item.,Converted to PO
320,170,20,117.000,No,2024-04-11,450.00,High,Required for Mechanical Components consumption plan.,0.000,1520.000,BG-2024-08,Generated PR item.,Converted to PO
321,171,21,246.000,No,2024-04-13,60.00,Urgent,Required for Mechanical Components consumption plan.,0.000,1280.000,BG-2024-09,Generated PR item.,Converted to PO
322,172,22,106.000,No,2024-04-25,120.00,High,Required for Mechanical Components consumption plan.,0.000,240.000,BG-2024-10,Generated PR item.,Converted to PO
323,173,23,70.000,No,2024-04-23,120.00,High,Required for Bearings consumption plan.,0.000,1600.000,BG-2024-11,Generated PR item.,Converted to PO
324,174,24,55.000,No,2024-04-12,220.00,High,Required for Bearings consumption plan.,0.000,960.000,BG-2024-12,Generated PR item.,Converted to PO
325,175,25,25.000,No,2024-04-15,650.00,Urgent,Required for Bearings consumption plan.,0.000,480.000,BG-2024-01,Generated PR item.,Converted to PO
326,176,26,83.000,No,2024-04-19,15.00,High,Required for Sealing Components consumption plan.,0.000,1520.000,BG-2024-02,Generated PR item.,Converted to PO
327,177,27,133.000,No,2024-04-21,45.00,High,Required for Sealing Components consumption plan.,0.000,1280.000,BG-2024-03,Generated PR item.,Converted to PO
328,178,28,30.000,No,2024-04-26,110.00,High,Required for Sealing Components consumption plan.,0.000,480.000,BG-2024-04,Generated PR item.,Converted to PO
329,179,29,89.000,kg,2024-04-25,850.00,Urgent,Required for Electrical Components consumption plan.,0.000,1440.000,BG-2024-05,Generated PR item.,Converted to PO
330,180,30,89.000,kg,2024-04-27,880.00,High,Required for Electrical Components consumption plan.,0.000,1536.000,BG-2024-06,Generated PR item.,Converted to PO
331,181,31,169.000,kg,2024-04-11,920.00,High,Required for Electrical Components consumption plan.,0.000,1560.000,BG-2024-07,Generated PR item.,Converted to PO
332,182,32,79.000,m,2024-04-15,35.00,High,Required for Electrical Components consumption plan.,0.000,2400.000,BG-2024-08,Generated PR item.,Converted to PO
333,183,33,425.000,m,2024-04-21,60.00,Urgent,Required for Electrical Components consumption plan.,0.000,1920.000,BG-2024-09,Generated PR item.,Converted to PO
334,184,34,217.000,m,2024-04-11,150.00,High,Required for Electrical Components consumption plan.,0.000,1200.000,BG-2024-10,Generated PR item.,Converted to PO
335,185,35,165.000,No,2024-04-18,90.00,High,Required for Electrical Components consumption plan.,0.000,800.000,BG-2024-11,Generated PR item.,Converted to PO
336,186,36,142.000,No,2024-04-14,180.00,High,Required for Electrical Components consumption plan.,0.000,480.000,BG-2024-12,Generated PR item.,Converted to PO
337,187,37,78.000,No,2024-04-28,420.00,Urgent,Required for Electrical Components consumption plan.,0.000,240.000,BG-2024-01,Generated PR item.,Converted to PO
338,188,38,233.000,No,2024-04-14,12.00,High,Required for Electrical Components consumption plan.,0.000,4560.000,BG-2024-02,Generated PR item.,Converted to PO
339,189,39,60.000,No,2024-04-16,45.00,High,Required for Electronic Components consumption plan.,0.000,2400.000,BG-2024-03,Generated PR item.,Converted to PO
340,190,40,13.000,No,2024-04-17,120.00,High,Required for Electronic Components consumption plan.,0.000,800.000,BG-2024-04,Generated PR item.,Converted to PO
341,191,41,189.000,No,2024-04-17,1400.00,Urgent,Required for Electronic Components consumption plan.,0.000,480.000,BG-2024-05,Generated PR item.,Converted to PO
342,192,42,157.000,No,2024-04-25,3200.00,High,Required for Electronic Components consumption plan.,0.000,240.000,BG-2024-06,Generated PR item.,Converted to PO
343,193,43,224.000,No,2024-04-21,85.00,High,Required for Electronic Components consumption plan.,0.000,480.000,BG-2024-07,Generated PR item.,Converted to PO
344,194,44,117.000,No,2024-05-02,220.00,High,Required for Electronic Components consumption plan.,0.000,480.000,BG-2024-08,Generated PR item.,Converted to PO
345,195,45,9.000,No,2024-04-20,350.00,Urgent,Required for Electronic Components consumption plan.,0.000,1280.000,BG-2024-09,Generated PR item.,Converted to PO
346,196,46,9.000,No,2024-04-26,750.00,High,Required for Electronic Components consumption plan.,0.000,240.000,BG-2024-10,Generated PR item.,Converted to PO
347,197,47,37.000,Set,2024-04-29,450.00,High,Required for Electronic Components consumption plan.,0.000,1280.000,BG-2024-11,Generated PR item.,Converted to PO
348,198,48,23.000,Set,2024-04-29,950.00,High,Required for Electronic Components consumption plan.,0.000,240.000,BG-2024-12,Generated PR item.,Converted to PO
349,199,49,231.000,No,2024-05-02,25.00,Urgent,Required for Electronic Components consumption plan.,0.000,800.000,BG-2024-01,Generated PR item.,Converted to PO
350,200,50,34.000,No,2024-04-21,40.00,High,Required for Electronic Components consumption plan.,0.000,480.000,BG-2024-02,Generated PR item.,Converted to PO
351,201,51,221.000,No,2024-04-28,110.00,High,Required for Electronic Components consumption plan.,0.000,240.000,BG-2024-03,Generated PR item.,Converted to PO
352,202,52,58.000,No,2024-05-04,2.00,High,Required for Electronic Components consumption plan.,0.000,4000.000,BG-2024-04,Generated PR item.,Converted to PO
353,203,53,34.000,No,2024-05-05,3.00,Urgent,Required for Electronic Components consumption plan.,0.000,2880.000,BG-2024-05,Generated PR item.,Converted to PO
354,204,54,72.000,No,2024-05-01,5.00,High,Required for Electronic Components consumption plan.,0.000,1920.000,BG-2024-06,Generated PR item.,Converted to PO
355,205,55,40.000,No,2024-05-02,8.00,High,Required for Insulation Materials consumption plan.,0.000,19200.000,BG-2024-07,Generated PR item.,Converted to PO
356,206,56,103.000,No,2024-05-06,10.00,High,Required for Insulation Materials consumption plan.,0.000,17280.000,BG-2024-08,Generated PR item.,Converted to PO
357,207,57,86.000,No,2024-05-02,12.00,Urgent,Required for Insulation Materials consumption plan.,0.000,11520.000,BG-2024-09,Generated PR item.,Converted to PO
358,208,58,135.000,No,2024-05-09,6.00,High,Required for Insulation Materials consumption plan.,0.000,48000.000,BG-2024-10,Generated PR item.,Converted to PO
359,209,59,137.000,No,2024-04-24,5.00,High,Required for Insulation Materials consumption plan.,0.000,48000.000,BG-2024-11,Generated PR item.,Converted to PO
360,210,60,20.000,m,2024-04-28,18.00,High,Required for Insulation Materials consumption plan.,0.000,400.000,BG-2024-12,Generated PR item.,Converted to PO
361,211,61,80.000,m,2024-04-24,25.00,Urgent,Required for Insulation Materials consumption plan.,0.000,384.000,BG-2024-01,Generated PR item.,Converted to PO
362,212,62,97.000,m,2024-04-24,45.00,High,Required for Insulation Materials consumption plan.,0.000,240.000,BG-2024-02,Generated PR item.,Converted to PO
363,213,63,113.000,No,2024-05-01,3.00,High,Required for Fasteners consumption plan.,0.000,6400.000,BG-2024-03,Generated PR item.,Converted to PO
364,214,64,65.000,No,2024-04-27,5.00,High,Required for Fasteners consumption plan.,0.000,4800.000,BG-2024-04,Generated PR item.,Converted to PO
365,215,65,171.000,No,2024-04-30,12.00,Urgent,Required for Fasteners consumption plan.,0.000,2880.000,BG-2024-05,Generated PR item.,Converted to PO
366,216,66,284.000,No,2024-04-30,1.50,High,Required for Fasteners consumption plan.,0.000,6400.000,BG-2024-06,Generated PR item.,Converted to PO
367,217,67,168.000,No,2024-05-04,2.50,High,Required for Fasteners consumption plan.,0.000,4800.000,BG-2024-07,Generated PR item.,Converted to PO
368,218,68,178.000,No,2024-05-11,6.00,High,Required for Fasteners consumption plan.,0.000,2880.000,BG-2024-08,Generated PR item.,Converted to PO
369,219,69,245.000,No,2024-05-09,0.80,Urgent,Required for Fasteners consumption plan.,0.000,6400.000,BG-2024-09,Generated PR item.,Converted to PO
370,220,70,283.000,No,2024-04-30,1.20,High,Required for Fasteners consumption plan.,0.000,4800.000,BG-2024-10,Generated PR item.,Converted to PO
371,221,71,179.000,No,2024-04-29,2.50,High,Required for Fasteners consumption plan.,0.000,2880.000,BG-2024-11,Generated PR item.,Converted to PO
372,222,72,126.000,No,2024-05-08,0.80,High,Required for Fasteners consumption plan.,0.000,6400.000,BG-2024-12,Generated PR item.,Converted to PO
373,223,73,216.000,No,2024-04-27,1.20,Urgent,Required for Fasteners consumption plan.,0.000,4800.000,BG-2024-01,Generated PR item.,Converted to PO
374,224,74,31.000,No,2024-05-04,2.50,High,Required for Fasteners consumption plan.,0.000,2880.000,BG-2024-02,Generated PR item.,Converted to PO
375,225,75,256.000,No,2024-05-02,4.00,High,Required for Fasteners consumption plan.,0.000,1600.000,BG-2024-03,Generated PR item.,Converted to PO
376,226,76,472.000,No,2024-04-29,7.00,High,Required for Fasteners consumption plan.,0.000,960.000,BG-2024-04,Generated PR item.,Converted to PO
377,227,77,211.000,No,2024-05-08,15.00,Urgent,Required for Fasteners consumption plan.,0.000,480.000,BG-2024-05,Generated PR item.,Converted to PO
378,228,78,72.000,No,2024-05-03,4.00,High,Required for Fasteners consumption plan.,0.000,3040.000,BG-2024-06,Generated PR item.,Converted to PO
379,229,79,360.000,No,2024-05-01,4.00,High,Required for Fasteners consumption plan.,0.000,3040.000,BG-2024-07,Generated PR item.,Converted to PO
380,230,80,17051.000,ml,2024-05-09,0.80,High,Required for Consumables consumption plan.,0.000,144000.000,BG-2024-08,Generated PR item.,Converted to PO
381,231,81,6615.000,g,2024-05-01,1.20,Urgent,Required for Consumables consumption plan.,0.000,42000.000,BG-2024-09,Generated PR item.,Converted to PO
382,232,82,18922.000,ml,2024-05-10,1.50,High,Required for Consumables consumption plan.,0.000,8000.000,BG-2024-10,Generated PR item.,Converted to PO
383,233,83,26627.000,g,2024-05-01,0.60,High,Required for Consumables consumption plan.,0.000,24000.000,BG-2024-11,Generated PR item.,Converted to PO
384,234,84,98222.000,ml,2024-05-06,0.25,High,Required for Consumables consumption plan.,0.000,156000.000,BG-2024-12,Generated PR item.,Converted to PO
385,235,85,17520.000,g,2024-05-13,1.80,Urgent,Required for Consumables consumption plan.,0.000,9000.000,BG-2024-01,Generated PR item.,Converted to PO
386,236,86,18912.000,g,2024-05-04,1.20,High,Required for Consumables consumption plan.,0.000,4000.000,BG-2024-02,Generated PR item.,Converted to PO
387,237,87,19718.000,g,2024-05-13,0.80,High,Required for Consumables consumption plan.,0.000,12000.000,BG-2024-03,Generated PR item.,Converted to PO
388,238,88,155.000,No,2024-05-12,45.00,High,Required for Packaging Materials consumption plan.,0.000,1520.000,BG-2024-04,Generated PR item.,Converted to PO
389,239,89,138.000,No,2024-05-16,18.00,Urgent,Required for Packaging Materials consumption plan.,0.000,3040.000,BG-2024-05,Generated PR item.,Converted to PO
390,240,90,247.000,Sheet,2024-05-05,10.00,High,Required for Packaging Materials consumption plan.,0.000,1760.000,BG-2024-06,Generated PR item.,Converted to PO
391,241,91,185.000,No,2024-05-14,6.00,High,Required for Packaging Materials consumption plan.,0.000,1520.000,BG-2024-07,Generated PR item.,Converted to PO
392,242,92,62.000,m,2024-05-18,1.20,High,Required for Packaging Materials consumption plan.,0.000,1600.000,BG-2024-08,Generated PR item.,Converted to PO
393,243,93,101.000,No,2024-05-15,3.00,Urgent,Required for Packaging Materials consumption plan.,0.000,1760.000,BG-2024-09,Generated PR item.,Converted to PO
394,244,94,244.000,No,2024-05-06,35.00,High,Required for Identification & Documentation consumption plan.,0.000,1520.000,BG-2024-10,Generated PR item.,Converted to PO
395,245,95,104.000,No,2024-05-17,3.00,High,Required for Identification & Documentation consumption plan.,0.000,1520.000,BG-2024-11,Generated PR item.,Converted to PO
396,246,96,55.000,No,2024-05-04,4.00,High,Required for Identification & Documentation consumption plan.,0.000,1520.000,BG-2024-12,Generated PR item.,Converted to PO
397,247,97,218.000,No,2024-05-13,2.00,Urgent,Required for Identification & Documentation consumption plan.,0.000,1520.000,BG-2024-01,Generated PR item.,Converted to PO
398,248,98,158.000,No,2024-05-12,8.00,High,Required for Identification & Documentation consumption plan.,0.000,1520.000,BG-2024-02,Generated PR item.,Converted to PO
399,249,99,143.000,No,2024-05-13,4.00,High,Required for Identification & Documentation consumption plan.,0.000,1520.000,BG-2024-03,Generated PR item.,Converted to PO
400,250,1,239.000,No,2024-05-13,1800.00,High,Required for Core Components consumption plan.,0.000,800.000,BG-2024-04,Generated PR item.,Converted to PO
401,251,2,106.000,No,2024-05-04,2800.00,Urgent,Required for Core Components consumption plan.,0.000,480.000,BG-2024-05,Generated PR item.,Converted to PO
402,252,3,223.000,No,2024-05-14,6200.00,High,Required for Core Components consumption plan.,0.000,240.000,BG-2024-06,Generated PR item.,Converted to PO
403,253,4,247.000,No,2024-05-22,1200.00,High,Required for Core Components consumption plan.,0.000,800.000,BG-2024-07,Generated PR item.,Converted to PO
404,254,5,469.000,No,2024-05-13,2200.00,High,Required for Core Components consumption plan.,0.000,480.000,BG-2024-08,Generated PR item.,Converted to PO
405,255,6,188.000,No,2024-05-11,5000.00,Urgent,Required for Core Components consumption plan.,0.000,240.000,BG-2024-09,Generated PR item.,Converted to PO
406,256,7,41.000,No,2024-05-24,180.00,High,Required for Magnetic Components consumption plan.,0.000,6400.000,BG-2024-10,Generated PR item.,Converted to PO
407,257,8,110.000,No,2024-05-08,240.00,High,Required for Magnetic Components consumption plan.,0.000,4800.000,BG-2024-11,Generated PR item.,Converted to PO
408,258,9,250.000,No,2024-05-15,360.00,High,Required for Magnetic Components consumption plan.,0.000,2880.000,BG-2024-12,Generated PR item.,Converted to PO
409,259,10,123.000,No,2024-05-16,450.00,Urgent,Required for Mechanical Components consumption plan.,0.000,800.000,BG-2024-01,Generated PR item.,Converted to PO
410,260,11,98.000,No,2024-05-15,750.00,High,Required for Mechanical Components consumption plan.,0.000,480.000,BG-2024-02,Generated PR item.,Converted to PO
411,261,12,169.000,No,2024-05-24,1800.00,High,Required for Mechanical Components consumption plan.,0.000,240.000,BG-2024-03,Generated PR item.,Converted to PO
412,262,13,164.000,No,2024-05-15,160.00,High,Required for Mechanical Components consumption plan.,0.000,800.000,BG-2024-04,Generated PR item.,Converted to PO
413,263,14,78.000,No,2024-05-25,220.00,Urgent,Required for Mechanical Components consumption plan.,0.000,480.000,BG-2024-05,Generated PR item.,Converted to PO
414,264,15,243.000,No,2024-05-10,420.00,High,Required for Mechanical Components consumption plan.,0.000,240.000,BG-2024-06,Generated PR item.,Converted to PO
415,265,16,150.000,No,2024-05-22,1300.00,High,Required for Mechanical Components consumption plan.,0.000,800.000,BG-2024-07,Generated PR item.,Converted to PO
416,266,17,19.000,No,2024-05-19,2400.00,High,Required for Mechanical Components consumption plan.,0.000,480.000,BG-2024-08,Generated PR item.,Converted to PO
417,267,18,105.000,No,2024-05-13,5200.00,Urgent,Required for Mechanical Components consumption plan.,0.000,240.000,BG-2024-09,Generated PR item.,Converted to PO
418,268,19,232.000,No,2024-05-14,450.00,High,Required for Mechanical Components consumption plan.,0.000,1520.000,BG-2024-10,Generated PR item.,Converted to PO
419,269,20,101.000,No,2024-05-22,450.00,High,Required for Mechanical Components consumption plan.,0.000,1520.000,BG-2024-11,Generated PR item.,Converted to PO
420,270,21,144.000,No,2024-05-21,60.00,High,Required for Mechanical Components consumption plan.,0.000,1280.000,BG-2024-12,Generated PR item.,Converted to PO
421,271,22,155.000,No,2024-05-21,120.00,Urgent,Required for Mechanical Components consumption plan.,0.000,240.000,BG-2024-01,Generated PR item.,Converted to PO
422,272,23,72.000,No,2024-05-10,120.00,High,Required for Bearings consumption plan.,0.000,1600.000,BG-2024-02,Generated PR item.,Converted to PO
423,273,24,88.000,No,2024-05-20,220.00,High,Required for Bearings consumption plan.,0.000,960.000,BG-2024-03,Generated PR item.,Converted to PO
424,274,25,19.000,No,2024-05-27,650.00,High,Required for Bearings consumption plan.,0.000,480.000,BG-2024-04,Generated PR item.,Converted to PO
425,275,26,132.000,No,2024-05-11,15.00,Urgent,Required for Sealing Components consumption plan.,0.000,1520.000,BG-2024-05,Generated PR item.,Converted to PO
426,276,27,136.000,No,2024-05-19,45.00,High,Required for Sealing Components consumption plan.,0.000,1280.000,BG-2024-06,Generated PR item.,Converted to PO
427,277,28,42.000,No,2024-05-20,110.00,High,Required for Sealing Components consumption plan.,0.000,480.000,BG-2024-07,Generated PR item.,Converted to PO
428,278,29,138.000,kg,2024-05-28,850.00,High,Required for Electrical Components consumption plan.,0.000,1440.000,BG-2024-08,Generated PR item.,Converted to PO
429,279,30,32.000,kg,2024-05-18,880.00,Urgent,Required for Electrical Components consumption plan.,0.000,1536.000,BG-2024-09,Generated PR item.,Converted to PO
430,280,31,97.000,kg,2024-05-21,920.00,High,Required for Electrical Components consumption plan.,0.000,1560.000,BG-2024-10,Generated PR item.,Converted to PO
431,281,32,178.000,m,2024-05-26,35.00,High,Required for Electrical Components consumption plan.,0.000,2400.000,BG-2024-11,Generated PR item.,Converted to PO
432,282,33,94.000,m,2024-05-15,60.00,High,Required for Electrical Components consumption plan.,0.000,1920.000,BG-2024-12,Generated PR item.,Converted to PO
433,283,34,415.000,m,2024-05-28,150.00,Urgent,Required for Electrical Components consumption plan.,0.000,1200.000,BG-2024-01,Generated PR item.,Converted to PO
434,284,35,65.000,No,2024-05-28,90.00,High,Required for Electrical Components consumption plan.,0.000,800.000,BG-2024-02,Generated PR item.,Converted to PO
435,285,36,67.000,No,2024-05-27,180.00,High,Required for Electrical Components consumption plan.,0.000,480.000,BG-2024-03,Generated PR item.,Converted to PO
436,286,37,215.000,No,2024-05-26,420.00,High,Required for Electrical Components consumption plan.,0.000,240.000,BG-2024-04,Generated PR item.,Converted to PO
437,287,38,220.000,No,2024-05-28,12.00,Urgent,Required for Electrical Components consumption plan.,0.000,4560.000,BG-2024-05,Generated PR item.,Converted to PO
438,288,39,13.000,No,2024-05-29,45.00,High,Required for Electronic Components consumption plan.,0.000,2400.000,BG-2024-06,Generated PR item.,Converted to PO
439,289,40,73.000,No,2024-05-31,120.00,High,Required for Electronic Components consumption plan.,0.000,800.000,BG-2024-07,Generated PR item.,Converted to PO
440,290,41,179.000,No,2024-05-23,1400.00,High,Required for Electronic Components consumption plan.,0.000,480.000,BG-2024-08,Generated PR item.,Converted to PO
441,291,42,196.000,No,2024-05-24,3200.00,Urgent,Required for Electronic Components consumption plan.,0.000,240.000,BG-2024-09,Generated PR item.,Converted to PO
442,292,43,250.000,No,2024-05-27,85.00,High,Required for Electronic Components consumption plan.,0.000,480.000,BG-2024-10,Generated PR item.,Converted to PO
443,293,44,141.000,No,2024-05-19,220.00,High,Required for Electronic Components consumption plan.,0.000,480.000,BG-2024-11,Generated PR item.,Converted to PO
444,294,45,6.000,No,2024-05-31,350.00,High,Required for Electronic Components consumption plan.,0.000,1280.000,BG-2024-12,Generated PR item.,Converted to PO
445,295,46,219.000,No,2024-05-30,750.00,Urgent,Required for Electronic Components consumption plan.,0.000,240.000,BG-2024-01,Generated PR item.,Converted to PO
446,296,47,17.000,Set,2024-05-28,450.00,High,Required for Electronic Components consumption plan.,0.000,1280.000,BG-2024-02,Generated PR item.,Converted to PO
447,297,48,14.000,Set,2024-05-22,950.00,High,Required for Electronic Components consumption plan.,0.000,240.000,BG-2024-03,Generated PR item.,Converted to PO
448,298,49,170.000,No,2024-05-23,25.00,High,Required for Electronic Components consumption plan.,0.000,800.000,BG-2024-04,Generated PR item.,Converted to PO
449,299,50,153.000,No,2024-05-25,40.00,Urgent,Required for Electronic Components consumption plan.,0.000,480.000,BG-2024-05,Generated PR item.,Converted to PO
450,300,51,19.000,No,2024-05-29,110.00,High,Required for Electronic Components consumption plan.,0.000,240.000,BG-2024-06,Generated PR item.,Converted to PO
451,301,52,46.000,No,2024-06-02,2.00,High,Required for Electronic Components consumption plan.,0.000,4000.000,BG-2024-07,Generated PR item.,Converted to PO
452,302,53,150.000,No,2024-05-31,3.00,High,Required for Electronic Components consumption plan.,0.000,2880.000,BG-2024-08,Generated PR item.,Converted to PO
453,303,54,67.000,No,2024-06-04,5.00,Urgent,Required for Electronic Components consumption plan.,0.000,1920.000,BG-2024-09,Generated PR item.,Converted to PO
454,304,55,173.000,No,2024-06-05,8.00,High,Required for Insulation Materials consumption plan.,0.000,19200.000,BG-2024-10,Generated PR item.,Converted to PO
455,305,56,106.000,No,2024-05-31,10.00,High,Required for Insulation Materials consumption plan.,0.000,17280.000,BG-2024-11,Generated PR item.,Converted to PO
456,306,57,149.000,No,2024-05-26,12.00,High,Required for Insulation Materials consumption plan.,0.000,11520.000,BG-2024-12,Generated PR item.,Converted to PO
457,307,58,121.000,No,2024-05-30,6.00,Urgent,Required for Insulation Materials consumption plan.,0.000,48000.000,BG-2024-01,Generated PR item.,Converted to PO
458,308,59,94.000,No,2024-05-28,5.00,High,Required for Insulation Materials consumption plan.,0.000,48000.000,BG-2024-02,Generated PR item.,Converted to PO
459,309,60,184.000,m,2024-06-01,18.00,High,Required for Insulation Materials consumption plan.,0.000,400.000,BG-2024-03,Generated PR item.,Converted to PO
460,310,61,355.000,m,2024-06-04,25.00,High,Required for Insulation Materials consumption plan.,0.000,384.000,BG-2024-04,Generated PR item.,Converted to PO
461,311,62,267.000,m,2024-05-27,45.00,Urgent,Required for Insulation Materials consumption plan.,0.000,240.000,BG-2024-05,Generated PR item.,Converted to PO
462,312,63,305.000,No,2024-05-31,3.00,High,Required for Fasteners consumption plan.,0.000,6400.000,BG-2024-06,Generated PR item.,Converted to PO
463,313,64,297.000,No,2024-05-23,5.00,High,Required for Fasteners consumption plan.,0.000,4800.000,BG-2024-07,Generated PR item.,Converted to PO
464,314,65,119.000,No,2024-06-05,12.00,High,Required for Fasteners consumption plan.,0.000,2880.000,BG-2024-08,Generated PR item.,Converted to PO
465,315,66,459.000,No,2024-05-31,1.50,Urgent,Required for Fasteners consumption plan.,0.000,6400.000,BG-2024-09,Generated PR item.,Converted to PO
466,316,67,290.000,No,2024-05-31,2.50,High,Required for Fasteners consumption plan.,0.000,4800.000,BG-2024-10,Generated PR item.,Converted to PO
467,317,68,365.000,No,2024-06-01,6.00,High,Required for Fasteners consumption plan.,0.000,2880.000,BG-2024-11,Generated PR item.,Converted to PO
468,318,69,444.000,No,2024-05-27,0.80,High,Required for Fasteners consumption plan.,0.000,6400.000,BG-2024-12,Generated PR item.,Converted to PO
469,319,70,464.000,No,2024-06-03,1.20,Urgent,Required for Fasteners consumption plan.,0.000,4800.000,BG-2024-01,Generated PR item.,Converted to PO
470,320,71,340.000,No,2024-06-06,2.50,High,Required for Fasteners consumption plan.,0.000,2880.000,BG-2024-02,Generated PR item.,Converted to PO
471,321,72,398.000,No,2024-05-31,0.80,High,Required for Fasteners consumption plan.,0.000,6400.000,BG-2024-03,Generated PR item.,Converted to PO
472,322,73,246.000,No,2024-05-27,1.20,High,Required for Fasteners consumption plan.,0.000,4800.000,BG-2024-04,Generated PR item.,Converted to PO
473,323,74,374.000,No,2024-05-31,2.50,Urgent,Required for Fasteners consumption plan.,0.000,2880.000,BG-2024-05,Generated PR item.,Converted to PO
474,324,75,174.000,No,2024-05-29,4.00,High,Required for Fasteners consumption plan.,0.000,1600.000,BG-2024-06,Generated PR item.,Converted to PO
475,325,76,362.000,No,2024-06-01,7.00,High,Required for Fasteners consumption plan.,0.000,960.000,BG-2024-07,Generated PR item.,Converted to PO
476,326,77,61.000,No,2024-06-07,15.00,High,Required for Fasteners consumption plan.,0.000,480.000,BG-2024-08,Generated PR item.,Converted to PO
477,327,78,459.000,No,2024-05-29,4.00,Urgent,Required for Fasteners consumption plan.,0.000,3040.000,BG-2024-09,Generated PR item.,Converted to PO
478,328,79,137.000,No,2024-06-09,4.00,High,Required for Fasteners consumption plan.,0.000,3040.000,BG-2024-10,Generated PR item.,Converted to PO
479,329,80,67374.000,ml,2024-06-01,0.80,High,Required for Consumables consumption plan.,0.000,144000.000,BG-2024-11,Generated PR item.,Converted to PO
480,330,81,1324.000,g,2024-06-13,1.20,High,Required for Consumables consumption plan.,0.000,42000.000,BG-2024-12,Generated PR item.,Converted to PO
481,331,82,19793.000,ml,2024-06-10,1.50,Urgent,Required for Consumables consumption plan.,0.000,8000.000,BG-2024-01,Generated PR item.,Converted to PO
482,332,83,29613.000,g,2024-06-01,0.60,High,Required for Consumables consumption plan.,0.000,24000.000,BG-2024-02,Generated PR item.,Converted to PO
483,333,84,84170.000,ml,2024-06-08,0.25,High,Required for Consumables consumption plan.,0.000,156000.000,BG-2024-03,Generated PR item.,Converted to PO
484,334,85,7452.000,g,2024-05-30,1.80,High,Required for Consumables consumption plan.,0.000,9000.000,BG-2024-04,Generated PR item.,Converted to PO
485,335,86,4794.000,g,2024-05-30,1.20,Urgent,Required for Consumables consumption plan.,0.000,4000.000,BG-2024-05,Generated PR item.,Converted to PO
486,336,87,24632.000,g,2024-06-15,0.80,High,Required for Consumables consumption plan.,0.000,12000.000,BG-2024-06,Generated PR item.,Converted to PO
487,337,88,248.000,No,2024-06-12,45.00,High,Required for Packaging Materials consumption plan.,0.000,1520.000,BG-2024-07,Generated PR item.,Converted to PO
488,338,89,46.000,No,2024-06-01,18.00,High,Required for Packaging Materials consumption plan.,0.000,3040.000,BG-2024-08,Generated PR item.,Converted to PO
489,339,90,168.000,Sheet,2024-06-04,10.00,Urgent,Required for Packaging Materials consumption plan.,0.000,1760.000,BG-2024-09,Generated PR item.,Converted to PO
490,340,91,74.000,No,2024-06-03,6.00,High,Required for Packaging Materials consumption plan.,0.000,1520.000,BG-2024-10,Generated PR item.,Converted to PO
491,341,92,378.000,m,2024-06-07,1.20,High,Required for Packaging Materials consumption plan.,0.000,1600.000,BG-2024-11,Generated PR item.,Converted to PO
492,342,93,107.000,No,2024-06-05,3.00,High,Required for Packaging Materials consumption plan.,0.000,1760.000,BG-2024-12,Generated PR item.,Converted to PO
493,343,94,35.000,No,2024-06-06,35.00,Urgent,Required for Identification & Documentation consumption plan.,0.000,1520.000,BG-2024-01,Generated PR item.,Converted to PO
494,344,95,84.000,No,2024-06-11,3.00,High,Required for Identification & Documentation consumption plan.,0.000,1520.000,BG-2024-02,Generated PR item.,Converted to PO
495,345,96,137.000,No,2024-06-05,4.00,High,Required for Identification & Documentation consumption plan.,0.000,1520.000,BG-2024-03,Generated PR item.,Converted to PO
496,346,97,201.000,No,2024-06-17,2.00,High,Required for Identification & Documentation consumption plan.,0.000,1520.000,BG-2024-04,Generated PR item.,Converted to PO
497,347,98,10.000,No,2024-06-15,8.00,Urgent,Required for Identification & Documentation consumption plan.,0.000,1520.000,BG-2024-05,Generated PR item.,Converted to PO
498,348,99,240.000,No,2024-06-16,4.00,High,Required for Identification & Documentation consumption plan.,0.000,1520.000,BG-2024-06,Generated PR item.,Converted to PO
499,349,1,342.000,No,2024-06-06,1800.00,High,Required for Core Components consumption plan.,0.000,800.000,BG-2024-07,Generated PR item.,Converted to PO
500,350,2,444.000,No,2024-06-16,2800.00,High,Required for Core Components consumption plan.,0.000,480.000,BG-2024-08,Generated PR item.,Converted to PO
501,351,3,469.000,No,2024-06-20,6200.00,Urgent,Required for Core Components consumption plan.,0.000,240.000,BG-2024-09,Generated PR item.,Converted to PO
502,352,4,119.000,No,2024-06-08,1200.00,High,Required for Core Components consumption plan.,0.000,800.000,BG-2024-10,Generated PR item.,Converted to PO
503,353,5,92.000,No,2024-06-19,2200.00,High,Required for Core Components consumption plan.,0.000,480.000,BG-2024-11,Generated PR item.,Converted to PO
504,354,6,400.000,No,2024-06-12,5000.00,High,Required for Core Components consumption plan.,0.000,240.000,BG-2024-12,Generated PR item.,Converted to PO
505,355,7,51.000,No,2024-06-20,180.00,Urgent,Required for Magnetic Components consumption plan.,0.000,6400.000,BG-2024-01,Generated PR item.,Converted to PO
506,356,8,41.000,No,2024-06-15,240.00,High,Required for Magnetic Components consumption plan.,0.000,4800.000,BG-2024-02,Generated PR item.,Converted to PO
507,357,9,120.000,No,2024-06-22,360.00,High,Required for Magnetic Components consumption plan.,0.000,2880.000,BG-2024-03,Generated PR item.,Converted to PO
508,358,10,229.000,No,2024-06-10,450.00,High,Required for Mechanical Components consumption plan.,0.000,800.000,BG-2024-04,Generated PR item.,Converted to PO
509,359,11,200.000,No,2024-06-15,750.00,Urgent,Required for Mechanical Components consumption plan.,0.000,480.000,BG-2024-05,Generated PR item.,Converted to PO
510,360,12,132.000,No,2024-06-12,1800.00,High,Required for Mechanical Components consumption plan.,0.000,240.000,BG-2024-06,Generated PR item.,Converted to PO
511,361,13,53.000,No,2024-06-13,160.00,High,Required for Mechanical Components consumption plan.,0.000,800.000,BG-2024-07,Generated PR item.,Converted to PO
512,362,14,87.000,No,2024-06-14,220.00,High,Required for Mechanical Components consumption plan.,0.000,480.000,BG-2024-08,Generated PR item.,Converted to PO
513,363,15,174.000,No,2024-06-16,420.00,Urgent,Required for Mechanical Components consumption plan.,0.000,240.000,BG-2024-09,Generated PR item.,Converted to PO
514,364,16,43.000,No,2024-06-12,1300.00,High,Required for Mechanical Components consumption plan.,0.000,800.000,BG-2024-10,Generated PR item.,Converted to PO
515,365,17,134.000,No,2024-06-23,2400.00,High,Required for Mechanical Components consumption plan.,0.000,480.000,BG-2024-11,Generated PR item.,Converted to PO
516,366,18,7.000,No,2024-06-20,5200.00,High,Required for Mechanical Components consumption plan.,0.000,240.000,BG-2024-12,Generated PR item.,Converted to PO
517,367,19,84.000,No,2024-06-26,450.00,Urgent,Required for Mechanical Components consumption plan.,0.000,1520.000,BG-2024-01,Generated PR item.,Converted to PO
518,368,20,65.000,No,2024-06-24,450.00,High,Required for Mechanical Components consumption plan.,0.000,1520.000,BG-2024-02,Generated PR item.,Converted to PO
519,369,21,172.000,No,2024-06-14,60.00,High,Required for Mechanical Components consumption plan.,0.000,1280.000,BG-2024-03,Generated PR item.,Converted to PO
520,370,22,229.000,No,2024-06-13,120.00,High,Required for Mechanical Components consumption plan.,0.000,240.000,BG-2024-04,Generated PR item.,Converted to PO
521,371,23,19.000,No,2024-06-19,120.00,Urgent,Required for Bearings consumption plan.,0.000,1600.000,BG-2024-05,Generated PR item.,Converted to PO
522,372,24,81.000,No,2024-06-20,220.00,High,Required for Bearings consumption plan.,0.000,960.000,BG-2024-06,Generated PR item.,Converted to PO
523,373,25,67.000,No,2024-06-17,650.00,High,Required for Bearings consumption plan.,0.000,480.000,BG-2024-07,Generated PR item.,Converted to PO
524,374,26,243.000,No,2024-06-27,15.00,High,Required for Sealing Components consumption plan.,0.000,1520.000,BG-2024-08,Generated PR item.,Converted to PO
525,375,27,229.000,No,2024-06-23,45.00,Urgent,Required for Sealing Components consumption plan.,0.000,1280.000,BG-2024-09,Generated PR item.,Converted to PO
526,376,28,29.000,No,2024-06-26,110.00,High,Required for Sealing Components consumption plan.,0.000,480.000,BG-2024-10,Generated PR item.,Converted to PO
527,377,29,151.000,kg,2024-06-15,850.00,High,Required for Electrical Components consumption plan.,0.000,1440.000,BG-2024-11,Generated PR item.,Converted to PO
528,378,30,123.000,kg,2024-06-28,880.00,High,Required for Electrical Components consumption plan.,0.000,1536.000,BG-2024-12,Generated PR item.,Converted to PO
529,379,31,31.000,kg,2024-06-18,920.00,Urgent,Required for Electrical Components consumption plan.,0.000,1560.000,BG-2024-01,Generated PR item.,Converted to PO
530,380,32,143.000,m,2024-06-23,35.00,High,Required for Electrical Components consumption plan.,0.000,2400.000,BG-2024-02,Generated PR item.,Converted to PO
531,381,33,465.000,m,2024-06-22,60.00,High,Required for Electrical Components consumption plan.,0.000,1920.000,BG-2024-03,Generated PR item.,Converted to PO
532,382,34,281.000,m,2024-06-30,150.00,High,Required for Electrical Components consumption plan.,0.000,1200.000,BG-2024-04,Generated PR item.,Converted to PO
533,383,35,88.000,No,2024-06-20,90.00,Urgent,Required for Electrical Components consumption plan.,0.000,800.000,BG-2024-05,Generated PR item.,Converted to PO
534,384,36,83.000,No,2024-06-20,180.00,High,Required for Electrical Components consumption plan.,0.000,480.000,BG-2024-06,Generated PR item.,Converted to PO
535,385,37,211.000,No,2024-06-22,420.00,High,Required for Electrical Components consumption plan.,0.000,240.000,BG-2024-07,Generated PR item.,Converted to PO
536,386,38,74.000,No,2024-06-22,12.00,High,Required for Electrical Components consumption plan.,0.000,4560.000,BG-2024-08,Generated PR item.,Converted to PO
537,387,39,44.000,No,2024-06-20,45.00,Urgent,Required for Electronic Components consumption plan.,0.000,2400.000,BG-2024-09,Generated PR item.,Converted to PO
538,388,40,146.000,No,2024-06-20,120.00,High,Required for Electronic Components consumption plan.,0.000,800.000,BG-2024-10,Generated PR item.,Converted to PO
539,389,41,249.000,No,2024-06-21,1400.00,High,Required for Electronic Components consumption plan.,0.000,480.000,BG-2024-11,Generated PR item.,Converted to PO
540,390,42,50.000,No,2024-06-25,3200.00,High,Required for Electronic Components consumption plan.,0.000,240.000,BG-2024-12,Generated PR item.,Converted to PO
541,391,43,67.000,No,2024-06-23,85.00,Urgent,Required for Electronic Components consumption plan.,0.000,480.000,BG-2024-01,Generated PR item.,Converted to PO
542,392,44,120.000,No,2024-06-24,220.00,High,Required for Electronic Components consumption plan.,0.000,480.000,BG-2024-02,Generated PR item.,Converted to PO
543,393,45,54.000,No,2024-06-29,350.00,High,Required for Electronic Components consumption plan.,0.000,1280.000,BG-2024-03,Generated PR item.,Converted to PO
544,394,46,165.000,No,2024-06-22,750.00,High,Required for Electronic Components consumption plan.,0.000,240.000,BG-2024-04,Generated PR item.,Converted to PO
545,395,47,24.000,Set,2024-07-04,450.00,Urgent,Required for Electronic Components consumption plan.,0.000,1280.000,BG-2024-05,Generated PR item.,Converted to PO
546,396,48,14.000,Set,2024-07-01,950.00,High,Required for Electronic Components consumption plan.,0.000,240.000,BG-2024-06,Generated PR item.,Converted to PO
547,397,49,69.000,No,2024-06-22,25.00,High,Required for Electronic Components consumption plan.,0.000,800.000,BG-2024-07,Generated PR item.,Converted to PO
548,398,50,233.000,No,2024-06-24,40.00,High,Required for Electronic Components consumption plan.,0.000,480.000,BG-2024-08,Generated PR item.,Converted to PO
549,399,51,234.000,No,2024-06-22,110.00,Urgent,Required for Electronic Components consumption plan.,0.000,240.000,BG-2024-09,Generated PR item.,Converted to PO
550,400,52,129.000,No,2024-06-24,2.00,High,Required for Electronic Components consumption plan.,0.000,4000.000,BG-2024-10,Generated PR item.,Converted to PO
551,401,53,103.000,No,2024-06-26,3.00,High,Required for Electronic Components consumption plan.,0.000,2880.000,BG-2024-11,Generated PR item.,Converted to PO
552,402,54,206.000,No,2024-06-22,5.00,High,Required for Electronic Components consumption plan.,0.000,1920.000,BG-2024-12,Generated PR item.,Converted to PO
553,403,55,52.000,No,2024-06-20,8.00,Urgent,Required for Insulation Materials consumption plan.,0.000,19200.000,BG-2024-01,Generated PR item.,Converted to PO
554,404,56,165.000,No,2024-06-27,10.00,High,Required for Insulation Materials consumption plan.,0.000,17280.000,BG-2024-02,Generated PR item.,Converted to PO
555,405,57,172.000,No,2024-07-02,12.00,High,Required for Insulation Materials consumption plan.,0.000,11520.000,BG-2024-03,Generated PR item.,Converted to PO
556,406,58,179.000,No,2024-06-26,6.00,High,Required for Insulation Materials consumption plan.,0.000,48000.000,BG-2024-04,Generated PR item.,Converted to PO
557,407,59,58.000,No,2024-07-06,5.00,Urgent,Required for Insulation Materials consumption plan.,0.000,48000.000,BG-2024-05,Generated PR item.,Converted to PO
558,408,60,364.000,m,2024-06-27,18.00,High,Required for Insulation Materials consumption plan.,0.000,400.000,BG-2024-06,Generated PR item.,Converted to PO
559,409,61,314.000,m,2024-07-07,25.00,High,Required for Insulation Materials consumption plan.,0.000,384.000,BG-2024-07,Generated PR item.,Converted to PO
560,410,62,440.000,m,2024-06-25,45.00,High,Required for Insulation Materials consumption plan.,0.000,240.000,BG-2024-08,Generated PR item.,Converted to PO
561,411,63,103.000,No,2024-06-30,3.00,Urgent,Required for Fasteners consumption plan.,0.000,6400.000,BG-2024-09,Generated PR item.,Converted to PO
562,412,64,315.000,No,2024-07-04,5.00,High,Required for Fasteners consumption plan.,0.000,4800.000,BG-2024-10,Generated PR item.,Converted to PO
563,413,65,419.000,No,2024-06-23,12.00,High,Required for Fasteners consumption plan.,0.000,2880.000,BG-2024-11,Generated PR item.,Converted to PO
564,414,66,153.000,No,2024-07-08,1.50,High,Required for Fasteners consumption plan.,0.000,6400.000,BG-2024-12,Generated PR item.,Converted to PO
565,415,67,377.000,No,2024-06-28,2.50,Urgent,Required for Fasteners consumption plan.,0.000,4800.000,BG-2024-01,Generated PR item.,Converted to PO
566,416,68,67.000,No,2024-06-30,6.00,High,Required for Fasteners consumption plan.,0.000,2880.000,BG-2024-02,Generated PR item.,Converted to PO
567,417,69,365.000,No,2024-07-05,0.80,High,Required for Fasteners consumption plan.,0.000,6400.000,BG-2024-03,Generated PR item.,Converted to PO
568,418,70,311.000,No,2024-07-05,1.20,High,Required for Fasteners consumption plan.,0.000,4800.000,BG-2024-04,Generated PR item.,Converted to PO
569,419,71,112.000,No,2024-06-24,2.50,Urgent,Required for Fasteners consumption plan.,0.000,2880.000,BG-2024-05,Generated PR item.,Converted to PO
570,420,72,51.000,No,2024-07-09,0.80,High,Required for Fasteners consumption plan.,0.000,6400.000,BG-2024-06,Generated PR item.,Converted to PO
571,421,73,378.000,No,2024-07-06,1.20,High,Required for Fasteners consumption plan.,0.000,4800.000,BG-2024-07,Generated PR item.,Converted to PO
572,422,74,136.000,No,2024-07-12,2.50,High,Required for Fasteners consumption plan.,0.000,2880.000,BG-2024-08,Generated PR item.,Converted to PO
573,423,75,259.000,No,2024-07-03,4.00,Urgent,Required for Fasteners consumption plan.,0.000,1600.000,BG-2024-09,Generated PR item.,Converted to PO
574,424,76,49.000,No,2024-07-06,7.00,High,Required for Fasteners consumption plan.,0.000,960.000,BG-2024-10,Generated PR item.,Converted to PO
575,425,77,483.000,No,2024-07-03,15.00,High,Required for Fasteners consumption plan.,0.000,480.000,BG-2024-11,Generated PR item.,Converted to PO
576,426,78,284.000,No,2024-07-12,4.00,High,Required for Fasteners consumption plan.,0.000,3040.000,BG-2024-12,Generated PR item.,Converted to PO
577,427,79,468.000,No,2024-07-10,4.00,Urgent,Required for Fasteners consumption plan.,0.000,3040.000,BG-2024-01,Generated PR item.,Converted to PO
578,428,80,20232.000,ml,2024-07-12,0.80,High,Required for Consumables consumption plan.,0.000,144000.000,BG-2024-02,Generated PR item.,Converted to PO
579,429,81,6968.000,g,2024-07-06,1.20,High,Required for Consumables consumption plan.,0.000,42000.000,BG-2024-03,Generated PR item.,Converted to PO
580,430,82,62989.000,ml,2024-07-11,1.50,High,Required for Consumables consumption plan.,0.000,8000.000,BG-2024-04,Generated PR item.,Converted to PO
581,431,83,18530.000,g,2024-07-03,0.60,Urgent,Required for Consumables consumption plan.,0.000,24000.000,BG-2024-05,Generated PR item.,Converted to PO
582,432,84,80132.000,ml,2024-07-05,0.25,High,Required for Consumables consumption plan.,0.000,156000.000,BG-2024-06,Generated PR item.,Converted to PO
583,433,85,27914.000,g,2024-07-11,1.80,High,Required for Consumables consumption plan.,0.000,9000.000,BG-2024-07,Generated PR item.,Converted to PO
584,434,86,24835.000,g,2024-06-29,1.20,High,Required for Consumables consumption plan.,0.000,4000.000,BG-2024-08,Generated PR item.,Converted to PO
585,435,87,5066.000,g,2024-07-10,0.80,Urgent,Required for Consumables consumption plan.,0.000,12000.000,BG-2024-09,Generated PR item.,Converted to PO
586,436,88,81.000,No,2024-06-28,45.00,High,Required for Packaging Materials consumption plan.,0.000,1520.000,BG-2024-10,Generated PR item.,Converted to PO
587,437,89,229.000,No,2024-07-08,18.00,High,Required for Packaging Materials consumption plan.,0.000,3040.000,BG-2024-11,Generated PR item.,Converted to PO
588,438,90,140.000,Sheet,2024-07-07,10.00,High,Required for Packaging Materials consumption plan.,0.000,1760.000,BG-2024-12,Generated PR item.,Converted to PO
589,439,91,218.000,No,2024-07-07,6.00,Urgent,Required for Packaging Materials consumption plan.,0.000,1520.000,BG-2024-01,Generated PR item.,Converted to PO
590,440,92,290.000,m,2024-07-07,1.20,High,Required for Packaging Materials consumption plan.,0.000,1600.000,BG-2024-02,Generated PR item.,Converted to PO
591,441,93,17.000,No,2024-07-07,3.00,High,Required for Packaging Materials consumption plan.,0.000,1760.000,BG-2024-03,Generated PR item.,Converted to PO
592,442,94,121.000,No,2024-07-06,35.00,High,Required for Identification & Documentation consumption plan.,0.000,1520.000,BG-2024-04,Generated PR item.,Converted to PO
593,443,95,207.000,No,2024-07-08,3.00,Urgent,Required for Identification & Documentation consumption plan.,0.000,1520.000,BG-2024-05,Generated PR item.,Converted to PO
594,444,96,166.000,No,2024-07-10,4.00,High,Required for Identification & Documentation consumption plan.,0.000,1520.000,BG-2024-06,Generated PR item.,Converted to PO
595,445,97,37.000,No,2024-07-13,2.00,High,Required for Identification & Documentation consumption plan.,0.000,1520.000,BG-2024-07,Generated PR item.,Converted to PO
596,446,98,56.000,No,2024-07-09,8.00,High,Required for Identification & Documentation consumption plan.,0.000,1520.000,BG-2024-08,Generated PR item.,Converted to PO
597,447,99,215.000,No,2024-07-11,4.00,Urgent,Required for Identification & Documentation consumption plan.,0.000,1520.000,BG-2024-09,Generated PR item.,Converted to PO
598,448,1,491.000,No,2024-07-15,1800.00,High,Required for Core Components consumption plan.,0.000,800.000,BG-2024-10,Generated PR item.,Converted to PO
599,449,2,389.000,No,2024-07-18,2800.00,High,Required for Core Components consumption plan.,0.000,480.000,BG-2024-11,Generated PR item.,Converted to PO
600,450,3,94.000,No,2024-07-02,6200.00,High,Required for Core Components consumption plan.,0.000,240.000,BG-2024-12,Generated PR item.,Converted to PO
601,451,4,329.000,No,2024-07-13,1200.00,Urgent,Required for Core Components consumption plan.,0.000,800.000,BG-2024-01,Generated PR item.,Converted to PO
602,452,5,423.000,No,2024-07-06,2200.00,High,Required for Core Components consumption plan.,0.000,480.000,BG-2024-02,Generated PR item.,Converted to PO
603,453,6,338.000,No,2024-07-05,5000.00,High,Required for Core Components consumption plan.,0.000,240.000,BG-2024-03,Generated PR item.,Converted to PO
604,454,7,151.000,No,2024-07-16,180.00,High,Required for Magnetic Components consumption plan.,0.000,6400.000,BG-2024-04,Generated PR item.,Converted to PO
605,455,8,119.000,No,2024-07-04,240.00,Urgent,Required for Magnetic Components consumption plan.,0.000,4800.000,BG-2024-05,Generated PR item.,Converted to PO
606,456,9,65.000,No,2024-07-18,360.00,High,Required for Magnetic Components consumption plan.,0.000,2880.000,BG-2024-06,Generated PR item.,Converted to PO
607,457,10,74.000,No,2024-07-16,450.00,High,Required for Mechanical Components consumption plan.,0.000,800.000,BG-2024-07,Generated PR item.,Converted to PO
608,458,11,188.000,No,2024-07-21,750.00,High,Required for Mechanical Components consumption plan.,0.000,480.000,BG-2024-08,Generated PR item.,Converted to PO
609,459,12,22.000,No,2024-07-16,1800.00,Urgent,Required for Mechanical Components consumption plan.,0.000,240.000,BG-2024-09,Generated PR item.,Converted to PO
610,460,13,25.000,No,2024-07-19,160.00,High,Required for Mechanical Components consumption plan.,0.000,800.000,BG-2024-10,Generated PR item.,Converted to PO
611,461,14,102.000,No,2024-07-06,220.00,High,Required for Mechanical Components consumption plan.,0.000,480.000,BG-2024-11,Generated PR item.,Converted to PO
612,462,15,195.000,No,2024-07-21,420.00,High,Required for Mechanical Components consumption plan.,0.000,240.000,BG-2024-12,Generated PR item.,Converted to PO
613,463,16,166.000,No,2024-07-07,1300.00,Urgent,Required for Mechanical Components consumption plan.,0.000,800.000,BG-2024-01,Generated PR item.,Converted to PO
614,464,17,150.000,No,2024-07-11,2400.00,High,Required for Mechanical Components consumption plan.,0.000,480.000,BG-2024-02,Generated PR item.,Converted to PO
615,465,18,136.000,No,2024-07-08,5200.00,High,Required for Mechanical Components consumption plan.,0.000,240.000,BG-2024-03,Generated PR item.,Converted to PO
616,466,19,32.000,No,2024-07-13,450.00,High,Required for Mechanical Components consumption plan.,0.000,1520.000,BG-2024-04,Generated PR item.,Converted to PO
617,467,20,86.000,No,2024-07-19,450.00,Urgent,Required for Mechanical Components consumption plan.,0.000,1520.000,BG-2024-05,Generated PR item.,Converted to PO
618,468,21,24.000,No,2024-07-11,60.00,High,Required for Mechanical Components consumption plan.,0.000,1280.000,BG-2024-06,Generated PR item.,Converted to PO
619,469,22,191.000,No,2024-07-21,120.00,High,Required for Mechanical Components consumption plan.,0.000,240.000,BG-2024-07,Generated PR item.,Converted to PO
620,470,23,77.000,No,2024-07-17,120.00,High,Required for Bearings consumption plan.,0.000,1600.000,BG-2024-08,Generated PR item.,Converted to PO
621,471,24,29.000,No,2024-07-18,220.00,Urgent,Required for Bearings consumption plan.,0.000,960.000,BG-2024-09,Generated PR item.,Converted to PO
622,472,25,33.000,No,2024-07-23,650.00,High,Required for Bearings consumption plan.,0.000,480.000,BG-2024-10,Generated PR item.,Converted to PO
623,473,26,83.000,No,2024-07-15,15.00,High,Required for Sealing Components consumption plan.,0.000,1520.000,BG-2024-11,Generated PR item.,Converted to PO
624,474,27,223.000,No,2024-07-14,45.00,High,Required for Sealing Components consumption plan.,0.000,1280.000,BG-2024-12,Generated PR item.,Converted to PO
625,475,28,125.000,No,2024-07-25,110.00,Urgent,Required for Sealing Components consumption plan.,0.000,480.000,BG-2024-01,Generated PR item.,Converted to PO
626,476,29,155.000,kg,2024-07-19,850.00,High,Required for Electrical Components consumption plan.,0.000,1440.000,BG-2024-02,Generated PR item.,Converted to PO
627,477,30,95.000,kg,2024-07-20,880.00,High,Required for Electrical Components consumption plan.,0.000,1536.000,BG-2024-03,Generated PR item.,Converted to PO
628,478,31,143.000,kg,2024-07-14,920.00,High,Required for Electrical Components consumption plan.,0.000,1560.000,BG-2024-04,Generated PR item.,Converted to PO
629,479,32,274.000,m,2024-07-13,35.00,Urgent,Required for Electrical Components consumption plan.,0.000,2400.000,BG-2024-05,Generated PR item.,Converted to PO
630,480,33,154.000,m,2024-07-13,60.00,High,Required for Electrical Components consumption plan.,0.000,1920.000,BG-2024-06,Generated PR item.,Converted to PO
631,481,34,441.000,m,2024-07-14,150.00,High,Required for Electrical Components consumption plan.,0.000,1200.000,BG-2024-07,Generated PR item.,Converted to PO
632,482,35,179.000,No,2024-07-13,90.00,High,Required for Electrical Components consumption plan.,0.000,800.000,BG-2024-08,Generated PR item.,Converted to PO
633,483,36,194.000,No,2024-07-23,180.00,Urgent,Required for Electrical Components consumption plan.,0.000,480.000,BG-2024-09,Generated PR item.,Converted to PO
634,484,37,238.000,No,2024-07-11,420.00,High,Required for Electrical Components consumption plan.,0.000,240.000,BG-2024-10,Generated PR item.,Converted to PO
635,485,38,66.000,No,2024-07-21,12.00,High,Required for Electrical Components consumption plan.,0.000,4560.000,BG-2024-11,Generated PR item.,Converted to PO
636,486,39,27.000,No,2024-07-27,45.00,High,Required for Electronic Components consumption plan.,0.000,2400.000,BG-2024-12,Generated PR item.,Converted to PO
637,487,40,148.000,No,2024-07-23,120.00,Urgent,Required for Electronic Components consumption plan.,0.000,800.000,BG-2024-01,Generated PR item.,Converted to PO
638,488,41,85.000,No,2024-07-18,1400.00,High,Required for Electronic Components consumption plan.,0.000,480.000,BG-2024-02,Generated PR item.,Converted to PO
639,489,42,112.000,No,2024-07-12,3200.00,High,Required for Electronic Components consumption plan.,0.000,240.000,BG-2024-03,Generated PR item.,Converted to PO
640,490,43,62.000,No,2024-07-26,85.00,High,Required for Electronic Components consumption plan.,0.000,480.000,BG-2024-04,Generated PR item.,Converted to PO
641,491,44,103.000,No,2024-07-11,220.00,Urgent,Required for Electronic Components consumption plan.,0.000,480.000,BG-2024-05,Generated PR item.,Converted to PO
642,492,45,101.000,No,2024-07-23,350.00,High,Required for Electronic Components consumption plan.,0.000,1280.000,BG-2024-06,Generated PR item.,Converted to PO
643,493,46,91.000,No,2024-07-24,750.00,High,Required for Electronic Components consumption plan.,0.000,240.000,BG-2024-07,Generated PR item.,Converted to PO
644,494,47,61.000,Set,2024-07-15,450.00,High,Required for Electronic Components consumption plan.,0.000,1280.000,BG-2024-08,Generated PR item.,Converted to PO
645,495,48,50.000,Set,2024-07-26,950.00,Urgent,Required for Electronic Components consumption plan.,0.000,240.000,BG-2024-09,Generated PR item.,Converted to PO
646,496,49,121.000,No,2024-07-16,25.00,High,Required for Electronic Components consumption plan.,0.000,800.000,BG-2024-10,Generated PR item.,Converted to PO
647,497,50,32.000,No,2024-07-17,40.00,High,Required for Electronic Components consumption plan.,0.000,480.000,BG-2024-11,Generated PR item.,Converted to PO
648,498,51,145.000,No,2024-07-27,110.00,High,Required for Electronic Components consumption plan.,0.000,240.000,BG-2024-12,Generated PR item.,Converted to PO
649,499,52,48.000,No,2024-07-30,2.00,Urgent,Required for Electronic Components consumption plan.,0.000,4000.000,BG-2024-01,Generated PR item.,Converted to PO
650,500,53,82.000,No,2024-07-18,3.00,High,Required for Electronic Components consumption plan.,0.000,2880.000,BG-2024-02,Generated PR item.,Converted to PO
651,501,54,107.000,No,2024-07-30,5.00,High,Required for Electronic Components consumption plan.,0.000,1920.000,BG-2024-03,Generated PR item.,Converted to PO
652,502,55,39.000,No,2024-07-31,8.00,High,Required for Insulation Materials consumption plan.,0.000,19200.000,BG-2024-04,Generated PR item.,Converted to PO
653,503,56,100.000,No,2024-07-28,10.00,Urgent,Required for Insulation Materials consumption plan.,0.000,17280.000,BG-2024-05,Generated PR item.,Converted to PO
654,504,57,70.000,No,2024-07-18,12.00,High,Required for Insulation Materials consumption plan.,0.000,11520.000,BG-2024-06,Generated PR item.,Converted to PO
655,505,58,214.000,No,2024-07-21,6.00,High,Required for Insulation Materials consumption plan.,0.000,48000.000,BG-2024-07,Generated PR item.,Converted to PO
656,506,59,216.000,No,2024-07-28,5.00,High,Required for Insulation Materials consumption plan.,0.000,48000.000,BG-2024-08,Generated PR item.,Converted to PO
657,507,60,22.000,m,2024-08-02,18.00,Urgent,Required for Insulation Materials consumption plan.,0.000,400.000,BG-2024-09,Generated PR item.,Converted to PO
658,508,61,309.000,m,2024-07-31,25.00,High,Required for Insulation Materials consumption plan.,0.000,384.000,BG-2024-10,Generated PR item.,Converted to PO
659,509,62,328.000,m,2024-07-24,45.00,High,Required for Insulation Materials consumption plan.,0.000,240.000,BG-2024-11,Generated PR item.,Converted to PO
660,510,63,201.000,No,2024-07-21,3.00,High,Required for Fasteners consumption plan.,0.000,6400.000,BG-2024-12,Generated PR item.,Converted to PO
661,511,64,245.000,No,2024-08-03,5.00,Urgent,Required for Fasteners consumption plan.,0.000,4800.000,BG-2024-01,Generated PR item.,Converted to PO
662,512,65,399.000,No,2024-07-21,12.00,High,Required for Fasteners consumption plan.,0.000,2880.000,BG-2024-02,Generated PR item.,Converted to PO
663,513,66,201.000,No,2024-07-24,1.50,High,Required for Fasteners consumption plan.,0.000,6400.000,BG-2024-03,Generated PR item.,Converted to PO
664,514,67,51.000,No,2024-08-04,2.50,High,Required for Fasteners consumption plan.,0.000,4800.000,BG-2024-04,Generated PR item.,Converted to PO
665,515,68,199.000,No,2024-07-28,6.00,Urgent,Required for Fasteners consumption plan.,0.000,2880.000,BG-2024-05,Generated PR item.,Converted to PO
666,516,69,142.000,No,2024-07-22,0.80,High,Required for Fasteners consumption plan.,0.000,6400.000,BG-2024-06,Generated PR item.,Converted to PO
667,517,70,204.000,No,2024-07-18,1.20,High,Required for Fasteners consumption plan.,0.000,4800.000,BG-2024-07,Generated PR item.,Converted to PO
668,518,71,130.000,No,2024-07-25,2.50,High,Required for Fasteners consumption plan.,0.000,2880.000,BG-2024-08,Generated PR item.,Converted to PO
669,519,72,92.000,No,2024-08-04,0.80,Urgent,Required for Fasteners consumption plan.,0.000,6400.000,BG-2024-09,Generated PR item.,Converted to PO
670,520,73,493.000,No,2024-07-26,1.20,High,Required for Fasteners consumption plan.,0.000,4800.000,BG-2024-10,Generated PR item.,Converted to PO
671,521,74,81.000,No,2024-07-31,2.50,High,Required for Fasteners consumption plan.,0.000,2880.000,BG-2024-11,Generated PR item.,Converted to PO
672,522,75,359.000,No,2024-07-23,4.00,High,Required for Fasteners consumption plan.,0.000,1600.000,BG-2024-12,Generated PR item.,Converted to PO
673,523,76,365.000,No,2024-08-01,7.00,Urgent,Required for Fasteners consumption plan.,0.000,960.000,BG-2024-01,Generated PR item.,Converted to PO
674,524,77,317.000,No,2024-08-01,15.00,High,Required for Fasteners consumption plan.,0.000,480.000,BG-2024-02,Generated PR item.,Converted to PO
675,525,78,458.000,No,2024-07-30,4.00,High,Required for Fasteners consumption plan.,0.000,3040.000,BG-2024-03,Generated PR item.,Converted to PO
676,526,79,22.000,No,2024-08-02,4.00,High,Required for Fasteners consumption plan.,0.000,3040.000,BG-2024-04,Generated PR item.,Converted to PO
677,527,80,33655.000,ml,2024-07-30,0.80,Urgent,Required for Consumables consumption plan.,0.000,144000.000,BG-2024-05,Generated PR item.,Converted to PO
678,528,81,6345.000,g,2024-07-27,1.20,High,Required for Consumables consumption plan.,0.000,42000.000,BG-2024-06,Generated PR item.,Converted to PO
679,529,82,59808.000,ml,2024-08-03,1.50,High,Required for Consumables consumption plan.,0.000,8000.000,BG-2024-07,Generated PR item.,Converted to PO
680,530,83,19431.000,g,2024-08-05,0.60,High,Required for Consumables consumption plan.,0.000,24000.000,BG-2024-08,Generated PR item.,Converted to PO
681,531,84,90301.000,ml,2024-08-05,0.25,Urgent,Required for Consumables consumption plan.,0.000,156000.000,BG-2024-09,Generated PR item.,Converted to PO
682,532,85,12012.000,g,2024-07-24,1.80,High,Required for Consumables consumption plan.,0.000,9000.000,BG-2024-10,Generated PR item.,Converted to PO
683,533,86,7841.000,g,2024-08-02,1.20,High,Required for Consumables consumption plan.,0.000,4000.000,BG-2024-11,Generated PR item.,Converted to PO
684,534,87,27805.000,g,2024-07-22,0.80,High,Required for Consumables consumption plan.,0.000,12000.000,BG-2024-12,Generated PR item.,Converted to PO
685,535,88,170.000,No,2024-08-02,45.00,Urgent,Required for Packaging Materials consumption plan.,0.000,1520.000,BG-2024-01,Generated PR item.,Converted to PO
686,536,89,193.000,No,2024-08-02,18.00,High,Required for Packaging Materials consumption plan.,0.000,3040.000,BG-2024-02,Generated PR item.,Converted to PO
687,537,90,114.000,Sheet,2024-07-29,10.00,High,Required for Packaging Materials consumption plan.,0.000,1760.000,BG-2024-03,Generated PR item.,Converted to PO
688,538,91,115.000,No,2024-08-09,6.00,High,Required for Packaging Materials consumption plan.,0.000,1520.000,BG-2024-04,Generated PR item.,Converted to PO
689,539,92,207.000,m,2024-08-07,1.20,Urgent,Required for Packaging Materials consumption plan.,0.000,1600.000,BG-2024-05,Generated PR item.,Converted to PO
690,540,93,189.000,No,2024-07-23,3.00,High,Required for Packaging Materials consumption plan.,0.000,1760.000,BG-2024-06,Generated PR item.,Converted to PO
691,541,94,56.000,No,2024-07-27,35.00,High,Required for Identification & Documentation consumption plan.,0.000,1520.000,BG-2024-07,Generated PR item.,Converted to PO
692,542,95,244.000,No,2024-07-28,3.00,High,Required for Identification & Documentation consumption plan.,0.000,1520.000,BG-2024-08,Generated PR item.,Converted to PO
693,543,96,48.000,No,2024-08-10,4.00,Urgent,Required for Identification & Documentation consumption plan.,0.000,1520.000,BG-2024-09,Generated PR item.,Converted to PO
694,544,97,118.000,No,2024-08-03,2.00,High,Required for Identification & Documentation consumption plan.,0.000,1520.000,BG-2024-10,Generated PR item.,Converted to PO
695,545,98,82.000,No,2024-08-07,8.00,High,Required for Identification & Documentation consumption plan.,0.000,1520.000,BG-2024-11,Generated PR item.,Converted to PO
696,546,99,163.000,No,2024-08-08,4.00,High,Required for Identification & Documentation consumption plan.,0.000,1520.000,BG-2024-12,Generated PR item.,Converted to PO
697,547,1,356.000,No,2024-08-08,1800.00,Urgent,Required for Core Components consumption plan.,0.000,800.000,BG-2024-01,Generated PR item.,Converted to PO
698,548,2,464.000,No,2024-07-27,2800.00,High,Required for Core Components consumption plan.,0.000,480.000,BG-2024-02,Generated PR item.,Converted to PO
699,549,3,405.000,No,2024-07-28,6200.00,High,Required for Core Components consumption plan.,0.000,240.000,BG-2024-03,Generated PR item.,Converted to PO
700,550,4,162.000,No,2024-08-02,1200.00,High,Required for Core Components consumption plan.,0.000,800.000,BG-2024-04,Generated PR item.,Converted to PO
701,551,5,143.000,No,2024-08-01,2200.00,Urgent,Required for Core Components consumption plan.,0.000,480.000,BG-2024-05,Generated PR item.,Converted to PO
702,552,6,449.000,No,2024-08-09,5000.00,High,Required for Core Components consumption plan.,0.000,240.000,BG-2024-06,Generated PR item.,Converted to PO
703,553,7,125.000,No,2024-07-29,180.00,High,Required for Magnetic Components consumption plan.,0.000,6400.000,BG-2024-07,Generated PR item.,Converted to PO
704,554,8,28.000,No,2024-08-02,240.00,High,Required for Magnetic Components consumption plan.,0.000,4800.000,BG-2024-08,Generated PR item.,Converted to PO
705,555,9,207.000,No,2024-07-31,360.00,Urgent,Required for Magnetic Components consumption plan.,0.000,2880.000,BG-2024-09,Generated PR item.,Converted to PO
706,556,10,164.000,No,2024-07-30,450.00,High,Required for Mechanical Components consumption plan.,0.000,800.000,BG-2024-10,Generated PR item.,Converted to PO
707,557,11,11.000,No,2024-07-30,750.00,High,Required for Mechanical Components consumption plan.,0.000,480.000,BG-2024-11,Generated PR item.,Converted to PO
708,558,12,197.000,No,2024-07-31,1800.00,High,Required for Mechanical Components consumption plan.,0.000,240.000,BG-2024-12,Generated PR item.,Converted to PO
709,559,13,154.000,No,2024-08-07,160.00,Urgent,Required for Mechanical Components consumption plan.,0.000,800.000,BG-2024-01,Generated PR item.,Converted to PO
710,560,14,156.000,No,2024-08-04,220.00,High,Required for Mechanical Components consumption plan.,0.000,480.000,BG-2024-02,Generated PR item.,Converted to PO
711,561,15,217.000,No,2024-08-04,420.00,High,Required for Mechanical Components consumption plan.,0.000,240.000,BG-2024-03,Generated PR item.,Converted to PO
712,562,16,126.000,No,2024-08-06,1300.00,High,Required for Mechanical Components consumption plan.,0.000,800.000,BG-2024-04,Generated PR item.,Converted to PO
713,563,17,118.000,No,2024-08-11,2400.00,Urgent,Required for Mechanical Components consumption plan.,0.000,480.000,BG-2024-05,Generated PR item.,Converted to PO
714,564,18,156.000,No,2024-08-14,5200.00,High,Required for Mechanical Components consumption plan.,0.000,240.000,BG-2024-06,Generated PR item.,Converted to PO
715,565,19,53.000,No,2024-08-08,450.00,High,Required for Mechanical Components consumption plan.,0.000,1520.000,BG-2024-07,Generated PR item.,Converted to PO
716,566,20,42.000,No,2024-08-10,450.00,High,Required for Mechanical Components consumption plan.,0.000,1520.000,BG-2024-08,Generated PR item.,Converted to PO
717,567,21,212.000,No,2024-08-12,60.00,Urgent,Required for Mechanical Components consumption plan.,0.000,1280.000,BG-2024-09,Generated PR item.,Converted to PO
718,568,22,58.000,No,2024-08-12,120.00,High,Required for Mechanical Components consumption plan.,0.000,240.000,BG-2024-10,Generated PR item.,Converted to PO
719,569,23,53.000,No,2024-08-02,120.00,High,Required for Bearings consumption plan.,0.000,1600.000,BG-2024-11,Generated PR item.,Converted to PO
720,570,24,30.000,No,2024-08-17,220.00,High,Required for Bearings consumption plan.,0.000,960.000,BG-2024-12,Generated PR item.,Converted to PO
721,571,25,27.000,No,2024-08-02,650.00,Urgent,Required for Bearings consumption plan.,0.000,480.000,BG-2024-01,Generated PR item.,Converted to PO
722,572,26,152.000,No,2024-08-07,15.00,High,Required for Sealing Components consumption plan.,0.000,1520.000,BG-2024-02,Generated PR item.,Converted to PO
723,573,27,202.000,No,2024-08-11,45.00,High,Required for Sealing Components consumption plan.,0.000,1280.000,BG-2024-03,Generated PR item.,Converted to PO
724,574,28,113.000,No,2024-08-08,110.00,High,Required for Sealing Components consumption plan.,0.000,480.000,BG-2024-04,Generated PR item.,Converted to PO
725,575,29,36.000,kg,2024-08-06,850.00,Urgent,Required for Electrical Components consumption plan.,0.000,1440.000,BG-2024-05,Generated PR item.,Converted to PO
726,576,30,56.000,kg,2024-08-18,880.00,High,Required for Electrical Components consumption plan.,0.000,1536.000,BG-2024-06,Generated PR item.,Converted to PO
727,577,31,41.000,kg,2024-08-03,920.00,High,Required for Electrical Components consumption plan.,0.000,1560.000,BG-2024-07,Generated PR item.,Converted to PO
728,578,32,444.000,m,2024-08-07,35.00,High,Required for Electrical Components consumption plan.,0.000,2400.000,BG-2024-08,Generated PR item.,Converted to PO
729,579,33,173.000,m,2024-08-20,60.00,Urgent,Required for Electrical Components consumption plan.,0.000,1920.000,BG-2024-09,Generated PR item.,Converted to PO
730,580,34,199.000,m,2024-08-16,150.00,High,Required for Electrical Components consumption plan.,0.000,1200.000,BG-2024-10,Generated PR item.,Converted to PO
731,581,35,22.000,No,2024-08-04,90.00,High,Required for Electrical Components consumption plan.,0.000,800.000,BG-2024-11,Generated PR item.,Converted to PO
732,582,36,114.000,No,2024-08-17,180.00,High,Required for Electrical Components consumption plan.,0.000,480.000,BG-2024-12,Generated PR item.,Converted to PO
733,583,37,229.000,No,2024-08-21,420.00,Urgent,Required for Electrical Components consumption plan.,0.000,240.000,BG-2024-01,Generated PR item.,Converted to PO
734,584,38,105.000,No,2024-08-05,12.00,High,Required for Electrical Components consumption plan.,0.000,4560.000,BG-2024-02,Generated PR item.,Converted to PO
735,585,39,165.000,No,2024-08-11,45.00,High,Required for Electronic Components consumption plan.,0.000,2400.000,BG-2024-03,Generated PR item.,Converted to PO
736,586,40,49.000,No,2024-08-13,120.00,High,Required for Electronic Components consumption plan.,0.000,800.000,BG-2024-04,Generated PR item.,Converted to PO
737,587,41,40.000,No,2024-08-07,1400.00,Urgent,Required for Electronic Components consumption plan.,0.000,480.000,BG-2024-05,Generated PR item.,Converted to PO
738,588,42,184.000,No,2024-08-08,3200.00,High,Required for Electronic Components consumption plan.,0.000,240.000,BG-2024-06,Generated PR item.,Converted to PO
739,589,43,21.000,No,2024-08-08,85.00,High,Required for Electronic Components consumption plan.,0.000,480.000,BG-2024-07,Generated PR item.,Converted to PO
740,590,44,115.000,No,2024-08-09,220.00,High,Required for Electronic Components consumption plan.,0.000,480.000,BG-2024-08,Generated PR item.,Converted to PO
741,591,45,82.000,No,2024-08-13,350.00,Urgent,Required for Electronic Components consumption plan.,0.000,1280.000,BG-2024-09,Generated PR item.,Converted to PO
742,592,46,8.000,No,2024-08-14,750.00,High,Required for Electronic Components consumption plan.,0.000,240.000,BG-2024-10,Generated PR item.,Converted to PO
743,593,47,45.000,Set,2024-08-10,450.00,High,Required for Electronic Components consumption plan.,0.000,1280.000,BG-2024-11,Generated PR item.,Converted to PO
744,594,48,78.000,Set,2024-08-12,950.00,High,Required for Electronic Components consumption plan.,0.000,240.000,BG-2024-12,Generated PR item.,Converted to PO
745,595,49,22.000,No,2024-08-10,25.00,Urgent,Required for Electronic Components consumption plan.,0.000,800.000,BG-2024-01,Generated PR item.,Converted to PO
746,596,50,205.000,No,2024-08-21,40.00,High,Required for Electronic Components consumption plan.,0.000,480.000,BG-2024-02,Generated PR item.,Converted to PO
747,597,51,137.000,No,2024-08-10,110.00,High,Required for Electronic Components consumption plan.,0.000,240.000,BG-2024-03,Generated PR item.,Converted to PO
748,598,52,182.000,No,2024-08-23,2.00,High,Required for Electronic Components consumption plan.,0.000,4000.000,BG-2024-04,Generated PR item.,Converted to PO
749,599,53,28.000,No,2024-08-17,3.00,Urgent,Required for Electronic Components consumption plan.,0.000,2880.000,BG-2024-05,Generated PR item.,Converted to PO
750,600,54,218.000,No,2024-08-22,5.00,High,Required for Electronic Components consumption plan.,0.000,1920.000,BG-2024-06,Generated PR item.,Converted to PO
751,601,55,7.000,No,2024-08-19,8.00,High,Required for Insulation Materials consumption plan.,0.000,19200.000,BG-2024-07,Generated PR item.,Converted to PO
752,602,56,228.000,No,2024-08-12,10.00,High,Required for Insulation Materials consumption plan.,0.000,17280.000,BG-2024-08,Generated PR item.,Converted to PO
753,603,57,166.000,No,2024-08-18,12.00,Urgent,Required for Insulation Materials consumption plan.,0.000,11520.000,BG-2024-09,Generated PR item.,Converted to PO
754,604,58,88.000,No,2024-08-12,6.00,High,Required for Insulation Materials consumption plan.,0.000,48000.000,BG-2024-10,Generated PR item.,Converted to PO
755,605,59,6.000,No,2024-08-10,5.00,High,Required for Insulation Materials consumption plan.,0.000,48000.000,BG-2024-11,Generated PR item.,Converted to PO
756,606,60,313.000,m,2024-08-12,18.00,High,Required for Insulation Materials consumption plan.,0.000,400.000,BG-2024-12,Generated PR item.,Converted to PO
757,607,61,62.000,m,2024-08-13,25.00,Urgent,Required for Insulation Materials consumption plan.,0.000,384.000,BG-2024-01,Generated PR item.,Converted to PO
758,608,62,312.000,m,2024-08-11,45.00,High,Required for Insulation Materials consumption plan.,0.000,240.000,BG-2024-02,Generated PR item.,Converted to PO
759,609,63,391.000,No,2024-08-10,3.00,High,Required for Fasteners consumption plan.,0.000,6400.000,BG-2024-03,Generated PR item.,Converted to PO
760,610,64,148.000,No,2024-08-26,5.00,High,Required for Fasteners consumption plan.,0.000,4800.000,BG-2024-04,Generated PR item.,Converted to PO
761,611,65,134.000,No,2024-08-19,12.00,Urgent,Required for Fasteners consumption plan.,0.000,2880.000,BG-2024-05,Generated PR item.,Converted to PO
762,612,66,126.000,No,2024-08-17,1.50,High,Required for Fasteners consumption plan.,0.000,6400.000,BG-2024-06,Generated PR item.,Converted to PO
763,613,67,128.000,No,2024-08-26,2.50,High,Required for Fasteners consumption plan.,0.000,4800.000,BG-2024-07,Generated PR item.,Converted to PO
764,614,68,74.000,No,2024-08-15,6.00,High,Required for Fasteners consumption plan.,0.000,2880.000,BG-2024-08,Generated PR item.,Converted to PO
765,615,69,140.000,No,2024-08-18,0.80,Urgent,Required for Fasteners consumption plan.,0.000,6400.000,BG-2024-09,Generated PR item.,Converted to PO
766,616,70,337.000,No,2024-08-26,1.20,High,Required for Fasteners consumption plan.,0.000,4800.000,BG-2024-10,Generated PR item.,Converted to PO
767,617,71,165.000,No,2024-08-22,2.50,High,Required for Fasteners consumption plan.,0.000,2880.000,BG-2024-11,Generated PR item.,Converted to PO
768,618,72,395.000,No,2024-08-20,0.80,High,Required for Fasteners consumption plan.,0.000,6400.000,BG-2024-12,Generated PR item.,Converted to PO
769,619,73,414.000,No,2024-08-17,1.20,Urgent,Required for Fasteners consumption plan.,0.000,4800.000,BG-2024-01,Generated PR item.,Converted to PO
770,620,74,386.000,No,2024-08-14,2.50,High,Required for Fasteners consumption plan.,0.000,2880.000,BG-2024-02,Generated PR item.,Converted to PO
771,621,75,279.000,No,2024-08-15,4.00,High,Required for Fasteners consumption plan.,0.000,1600.000,BG-2024-03,Generated PR item.,Converted to PO
772,622,76,172.000,No,2024-08-16,7.00,High,Required for Fasteners consumption plan.,0.000,960.000,BG-2024-04,Generated PR item.,Converted to PO
773,623,77,467.000,No,2024-08-28,15.00,Urgent,Required for Fasteners consumption plan.,0.000,480.000,BG-2024-05,Generated PR item.,Converted to PO
774,624,78,118.000,No,2024-08-25,4.00,High,Required for Fasteners consumption plan.,0.000,3040.000,BG-2024-06,Generated PR item.,Converted to PO
775,625,79,243.000,No,2024-08-22,4.00,High,Required for Fasteners consumption plan.,0.000,3040.000,BG-2024-07,Generated PR item.,Converted to PO
776,626,80,48093.000,ml,2024-08-29,0.80,High,Required for Consumables consumption plan.,0.000,144000.000,BG-2024-08,Generated PR item.,Converted to PO
777,627,81,22622.000,g,2024-08-17,1.20,Urgent,Required for Consumables consumption plan.,0.000,42000.000,BG-2024-09,Generated PR item.,Converted to PO
778,628,82,56947.000,ml,2024-08-18,1.50,High,Required for Consumables consumption plan.,0.000,8000.000,BG-2024-10,Generated PR item.,Converted to PO
779,629,83,24186.000,g,2024-08-22,0.60,High,Required for Consumables consumption plan.,0.000,24000.000,BG-2024-11,Generated PR item.,Converted to PO
780,630,84,92314.000,ml,2024-08-31,0.25,High,Required for Consumables consumption plan.,0.000,156000.000,BG-2024-12,Generated PR item.,Converted to PO
781,631,85,12328.000,g,2024-08-27,1.80,Urgent,Required for Consumables consumption plan.,0.000,9000.000,BG-2024-01,Generated PR item.,Converted to PO
782,632,86,26370.000,g,2024-08-31,1.20,High,Required for Consumables consumption plan.,0.000,4000.000,BG-2024-02,Generated PR item.,Converted to PO
783,633,87,5920.000,g,2024-08-20,0.80,High,Required for Consumables consumption plan.,0.000,12000.000,BG-2024-03,Generated PR item.,Converted to PO
784,634,88,230.000,No,2024-09-01,45.00,High,Required for Packaging Materials consumption plan.,0.000,1520.000,BG-2024-04,Generated PR item.,Converted to PO
785,635,89,48.000,No,2024-08-18,18.00,Urgent,Required for Packaging Materials consumption plan.,0.000,3040.000,BG-2024-05,Generated PR item.,Converted to PO
786,636,90,214.000,Sheet,2024-08-21,10.00,High,Required for Packaging Materials consumption plan.,0.000,1760.000,BG-2024-06,Generated PR item.,Converted to PO
787,637,91,101.000,No,2024-08-26,6.00,High,Required for Packaging Materials consumption plan.,0.000,1520.000,BG-2024-07,Generated PR item.,Converted to PO
788,638,92,483.000,m,2024-08-17,1.20,High,Required for Packaging Materials consumption plan.,0.000,1600.000,BG-2024-08,Generated PR item.,Converted to PO
789,639,93,36.000,No,2024-09-01,3.00,Urgent,Required for Packaging Materials consumption plan.,0.000,1760.000,BG-2024-09,Generated PR item.,Converted to PO
790,640,94,119.000,No,2024-09-02,35.00,High,Required for Identification & Documentation consumption plan.,0.000,1520.000,BG-2024-10,Generated PR item.,Converted to PO
791,641,95,226.000,No,2024-08-27,3.00,High,Required for Identification & Documentation consumption plan.,0.000,1520.000,BG-2024-11,Generated PR item.,Converted to PO
792,642,96,16.000,No,2024-08-23,4.00,High,Required for Identification & Documentation consumption plan.,0.000,1520.000,BG-2024-12,Generated PR item.,Converted to PO
793,643,97,70.000,No,2024-08-19,2.00,Urgent,Required for Identification & Documentation consumption plan.,0.000,1520.000,BG-2024-01,Generated PR item.,Converted to PO
794,644,98,25.000,No,2024-08-29,8.00,High,Required for Identification & Documentation consumption plan.,0.000,1520.000,BG-2024-02,Generated PR item.,Converted to PO
795,645,99,84.000,No,2024-08-27,4.00,High,Required for Identification & Documentation consumption plan.,0.000,1520.000,BG-2024-03,Generated PR item.,Converted to PO
796,646,1,226.000,No,2024-09-01,1800.00,High,Required for Core Components consumption plan.,0.000,800.000,BG-2024-04,Generated PR item.,Converted to PO
797,647,2,329.000,No,2024-08-29,2800.00,Urgent,Required for Core Components consumption plan.,0.000,480.000,BG-2024-05,Generated PR item.,Converted to PO
798,648,3,166.000,No,2024-08-21,6200.00,High,Required for Core Components consumption plan.,0.000,240.000,BG-2024-06,Generated PR item.,Converted to PO
799,649,4,121.000,No,2024-08-21,1200.00,High,Required for Core Components consumption plan.,0.000,800.000,BG-2024-07,Generated PR item.,Converted to PO
800,650,5,126.000,No,2024-09-03,2200.00,High,Required for Core Components consumption plan.,0.000,480.000,BG-2024-08,Generated PR item.,Converted to PO
801,651,6,473.000,No,2024-08-23,5000.00,Urgent,Required for Core Components consumption plan.,0.000,240.000,BG-2024-09,Generated PR item.,Converted to PO
802,652,7,239.000,No,2024-09-06,180.00,High,Required for Magnetic Components consumption plan.,0.000,6400.000,BG-2024-10,Generated PR item.,Converted to PO
803,653,8,59.000,No,2024-08-23,240.00,High,Required for Magnetic Components consumption plan.,0.000,4800.000,BG-2024-11,Generated PR item.,Converted to PO
804,654,9,53.000,No,2024-09-04,360.00,High,Required for Magnetic Components consumption plan.,0.000,2880.000,BG-2024-12,Generated PR item.,Converted to PO
805,655,10,18.000,No,2024-09-08,450.00,Urgent,Required for Mechanical Components consumption plan.,0.000,800.000,BG-2024-01,Generated PR item.,Converted to PO
806,656,11,241.000,No,2024-08-29,750.00,High,Required for Mechanical Components consumption plan.,0.000,480.000,BG-2024-02,Generated PR item.,Converted to PO
807,657,12,178.000,No,2024-08-24,1800.00,High,Required for Mechanical Components consumption plan.,0.000,240.000,BG-2024-03,Generated PR item.,Converted to PO
808,658,13,192.000,No,2024-09-07,160.00,High,Required for Mechanical Components consumption plan.,0.000,800.000,BG-2024-04,Generated PR item.,Converted to PO
809,659,14,76.000,No,2024-08-26,220.00,Urgent,Required for Mechanical Components consumption plan.,0.000,480.000,BG-2024-05,Generated PR item.,Converted to PO
810,660,15,162.000,No,2024-09-01,420.00,High,Required for Mechanical Components consumption plan.,0.000,240.000,BG-2024-06,Generated PR item.,Converted to PO
811,661,16,19.000,No,2024-09-10,1300.00,High,Required for Mechanical Components consumption plan.,0.000,800.000,BG-2024-07,Generated PR item.,Converted to PO
812,662,17,171.000,No,2024-09-06,2400.00,High,Required for Mechanical Components consumption plan.,0.000,480.000,BG-2024-08,Generated PR item.,Converted to PO
813,663,18,147.000,No,2024-08-24,5200.00,Urgent,Required for Mechanical Components consumption plan.,0.000,240.000,BG-2024-09,Generated PR item.,Converted to PO
814,664,19,86.000,No,2024-09-08,450.00,High,Required for Mechanical Components consumption plan.,0.000,1520.000,BG-2024-10,Generated PR item.,Converted to PO
815,665,20,179.000,No,2024-08-27,450.00,High,Required for Mechanical Components consumption plan.,0.000,1520.000,BG-2024-11,Generated PR item.,Converted to PO
816,666,21,164.000,No,2024-09-08,60.00,High,Required for Mechanical Components consumption plan.,0.000,1280.000,BG-2024-12,Generated PR item.,Converted to PO
817,667,22,112.000,No,2024-09-06,120.00,Urgent,Required for Mechanical Components consumption plan.,0.000,240.000,BG-2024-01,Generated PR item.,Converted to PO
818,668,23,22.000,No,2024-08-31,120.00,High,Required for Bearings consumption plan.,0.000,1600.000,BG-2024-02,Generated PR item.,Converted to PO
819,669,24,7.000,No,2024-09-02,220.00,High,Required for Bearings consumption plan.,0.000,960.000,BG-2024-03,Generated PR item.,Converted to PO
820,670,25,95.000,No,2024-08-28,650.00,High,Required for Bearings consumption plan.,0.000,480.000,BG-2024-04,Generated PR item.,Converted to PO
821,671,26,74.000,No,2024-09-12,15.00,Urgent,Required for Sealing Components consumption plan.,0.000,1520.000,BG-2024-05,Generated PR item.,Converted to PO
822,672,27,79.000,No,2024-08-31,45.00,High,Required for Sealing Components consumption plan.,0.000,1280.000,BG-2024-06,Generated PR item.,Converted to PO
823,673,28,172.000,No,2024-09-01,110.00,High,Required for Sealing Components consumption plan.,0.000,480.000,BG-2024-07,Generated PR item.,Converted to PO
824,674,29,58.000,kg,2024-09-05,850.00,High,Required for Electrical Components consumption plan.,0.000,1440.000,BG-2024-08,Generated PR item.,Converted to PO
825,675,30,81.000,kg,2024-09-08,880.00,Urgent,Required for Electrical Components consumption plan.,0.000,1536.000,BG-2024-09,Generated PR item.,Converted to PO
826,676,31,145.000,kg,2024-09-05,920.00,High,Required for Electrical Components consumption plan.,0.000,1560.000,BG-2024-10,Generated PR item.,Converted to PO
827,677,32,306.000,m,2024-09-05,35.00,High,Required for Electrical Components consumption plan.,0.000,2400.000,BG-2024-11,Generated PR item.,Converted to PO
828,678,33,335.000,m,2024-09-07,60.00,High,Required for Electrical Components consumption plan.,0.000,1920.000,BG-2024-12,Generated PR item.,Converted to PO
829,679,34,22.000,m,2024-09-12,150.00,Urgent,Required for Electrical Components consumption plan.,0.000,1200.000,BG-2024-01,Generated PR item.,Converted to PO
830,680,35,116.000,No,2024-09-04,90.00,High,Required for Electrical Components consumption plan.,0.000,800.000,BG-2024-02,Generated PR item.,Converted to PO
831,681,36,121.000,No,2024-09-12,180.00,High,Required for Electrical Components consumption plan.,0.000,480.000,BG-2024-03,Generated PR item.,Converted to PO
832,682,37,160.000,No,2024-09-12,420.00,High,Required for Electrical Components consumption plan.,0.000,240.000,BG-2024-04,Generated PR item.,Converted to PO
833,683,38,42.000,No,2024-09-15,12.00,Urgent,Required for Electrical Components consumption plan.,0.000,4560.000,BG-2024-05,Generated PR item.,Converted to PO
834,684,39,44.000,No,2024-09-14,45.00,High,Required for Electronic Components consumption plan.,0.000,2400.000,BG-2024-06,Generated PR item.,Converted to PO
835,685,40,192.000,No,2024-09-13,120.00,High,Required for Electronic Components consumption plan.,0.000,800.000,BG-2024-07,Generated PR item.,Converted to PO
836,686,41,170.000,No,2024-09-03,1400.00,High,Required for Electronic Components consumption plan.,0.000,480.000,BG-2024-08,Generated PR item.,Converted to PO
837,687,42,204.000,No,2024-09-12,3200.00,Urgent,Required for Electronic Components consumption plan.,0.000,240.000,BG-2024-09,Generated PR item.,Converted to PO
838,688,43,71.000,No,2024-09-13,85.00,High,Required for Electronic Components consumption plan.,0.000,480.000,BG-2024-10,Generated PR item.,Converted to PO
839,689,44,250.000,No,2024-09-05,220.00,High,Required for Electronic Components consumption plan.,0.000,480.000,BG-2024-11,Generated PR item.,Converted to PO
840,690,45,72.000,No,2024-09-12,350.00,High,Required for Electronic Components consumption plan.,0.000,1280.000,BG-2024-12,Generated PR item.,Converted to PO
841,691,46,165.000,No,2024-09-04,750.00,Urgent,Required for Electronic Components consumption plan.,0.000,240.000,BG-2024-01,Generated PR item.,Converted to PO
842,692,47,17.000,Set,2024-09-10,450.00,High,Required for Electronic Components consumption plan.,0.000,1280.000,BG-2024-02,Generated PR item.,Converted to PO
843,693,48,74.000,Set,2024-09-15,950.00,High,Required for Electronic Components consumption plan.,0.000,240.000,BG-2024-03,Generated PR item.,Converted to PO
844,694,49,86.000,No,2024-09-04,25.00,High,Required for Electronic Components consumption plan.,0.000,800.000,BG-2024-04,Generated PR item.,Converted to PO
845,695,50,202.000,No,2024-09-07,40.00,Urgent,Required for Electronic Components consumption plan.,0.000,480.000,BG-2024-05,Generated PR item.,Converted to PO
846,696,51,86.000,No,2024-09-15,110.00,High,Required for Electronic Components consumption plan.,0.000,240.000,BG-2024-06,Generated PR item.,Converted to PO
847,697,52,199.000,No,2024-09-11,2.00,High,Required for Electronic Components consumption plan.,0.000,4000.000,BG-2024-07,Generated PR item.,Converted to PO
848,698,53,116.000,No,2024-09-20,3.00,High,Required for Electronic Components consumption plan.,0.000,2880.000,BG-2024-08,Generated PR item.,Converted to PO
849,699,54,20.000,No,2024-09-03,5.00,Urgent,Required for Electronic Components consumption plan.,0.000,1920.000,BG-2024-09,Generated PR item.,Converted to PO
850,700,55,51.000,No,2024-09-15,8.00,High,Required for Insulation Materials consumption plan.,0.000,19200.000,BG-2024-10,Generated PR item.,Converted to PO
851,701,56,173.000,No,2024-09-17,10.00,High,Required for Insulation Materials consumption plan.,0.000,17280.000,BG-2024-11,Generated PR item.,Converted to PO
852,702,57,52.000,No,2024-09-20,12.00,High,Required for Insulation Materials consumption plan.,0.000,11520.000,BG-2024-12,Generated PR item.,Converted to PO
853,703,58,72.000,No,2024-09-06,6.00,Urgent,Required for Insulation Materials consumption plan.,0.000,48000.000,BG-2024-01,Generated PR item.,Converted to PO
854,704,59,138.000,No,2024-09-22,5.00,High,Required for Insulation Materials consumption plan.,0.000,48000.000,BG-2024-02,Generated PR item.,Converted to PO
855,705,60,141.000,m,2024-09-12,18.00,High,Required for Insulation Materials consumption plan.,0.000,400.000,BG-2024-03,Generated PR item.,Converted to PO
856,706,61,81.000,m,2024-09-11,25.00,High,Required for Insulation Materials consumption plan.,0.000,384.000,BG-2024-04,Generated PR item.,Converted to PO
857,707,62,320.000,m,2024-09-11,45.00,Urgent,Required for Insulation Materials consumption plan.,0.000,240.000,BG-2024-05,Generated PR item.,Converted to PO
858,708,63,351.000,No,2024-09-16,3.00,High,Required for Fasteners consumption plan.,0.000,6400.000,BG-2024-06,Generated PR item.,Converted to PO
859,709,64,372.000,No,2024-09-17,5.00,High,Required for Fasteners consumption plan.,0.000,4800.000,BG-2024-07,Generated PR item.,Converted to PO
860,710,65,474.000,No,2024-09-14,12.00,High,Required for Fasteners consumption plan.,0.000,2880.000,BG-2024-08,Generated PR item.,Converted to PO
861,711,66,79.000,No,2024-09-07,1.50,Urgent,Required for Fasteners consumption plan.,0.000,6400.000,BG-2024-09,Generated PR item.,Converted to PO
862,712,67,225.000,No,2024-09-23,2.50,High,Required for Fasteners consumption plan.,0.000,4800.000,BG-2024-10,Generated PR item.,Converted to PO
863,713,68,132.000,No,2024-09-11,6.00,High,Required for Fasteners consumption plan.,0.000,2880.000,BG-2024-11,Generated PR item.,Converted to PO
864,714,69,453.000,No,2024-09-09,0.80,High,Required for Fasteners consumption plan.,0.000,6400.000,BG-2024-12,Generated PR item.,Converted to PO
865,715,70,279.000,No,2024-09-19,1.20,Urgent,Required for Fasteners consumption plan.,0.000,4800.000,BG-2024-01,Generated PR item.,Converted to PO
866,716,71,67.000,No,2024-09-16,2.50,High,Required for Fasteners consumption plan.,0.000,2880.000,BG-2024-02,Generated PR item.,Converted to PO
867,717,72,352.000,No,2024-09-20,0.80,High,Required for Fasteners consumption plan.,0.000,6400.000,BG-2024-03,Generated PR item.,Converted to PO
868,718,73,40.000,No,2024-09-24,1.20,High,Required for Fasteners consumption plan.,0.000,4800.000,BG-2024-04,Generated PR item.,Converted to PO
869,719,74,151.000,No,2024-09-10,2.50,Urgent,Required for Fasteners consumption plan.,0.000,2880.000,BG-2024-05,Generated PR item.,Converted to PO
870,720,75,366.000,No,2024-09-14,4.00,High,Required for Fasteners consumption plan.,0.000,1600.000,BG-2024-06,Generated PR item.,Converted to PO
871,721,76,263.000,No,2024-09-19,7.00,High,Required for Fasteners consumption plan.,0.000,960.000,BG-2024-07,Generated PR item.,Converted to PO
872,722,77,386.000,No,2024-09-24,15.00,High,Required for Fasteners consumption plan.,0.000,480.000,BG-2024-08,Generated PR item.,Converted to PO
873,723,78,294.000,No,2024-09-21,4.00,Urgent,Required for Fasteners consumption plan.,0.000,3040.000,BG-2024-09,Generated PR item.,Converted to PO
874,724,79,425.000,No,2024-09-17,4.00,High,Required for Fasteners consumption plan.,0.000,3040.000,BG-2024-10,Generated PR item.,Converted to PO
875,725,80,58444.000,ml,2024-09-22,0.80,High,Required for Consumables consumption plan.,0.000,144000.000,BG-2024-11,Generated PR item.,Converted to PO
876,726,81,2647.000,g,2024-09-29,1.20,High,Required for Consumables consumption plan.,0.000,42000.000,BG-2024-12,Generated PR item.,Converted to PO
877,727,82,11769.000,ml,2024-09-20,1.50,Urgent,Required for Consumables consumption plan.,0.000,8000.000,BG-2024-01,Generated PR item.,Converted to PO
878,728,83,23531.000,g,2024-09-28,0.60,High,Required for Consumables consumption plan.,0.000,24000.000,BG-2024-02,Generated PR item.,Converted to PO
879,729,84,8667.000,ml,2024-09-27,0.25,High,Required for Consumables consumption plan.,0.000,156000.000,BG-2024-03,Generated PR item.,Converted to PO
880,730,85,11919.000,g,2024-09-18,1.80,High,Required for Consumables consumption plan.,0.000,9000.000,BG-2024-04,Generated PR item.,Converted to PO
881,731,86,1467.000,g,2024-09-17,1.20,Urgent,Required for Consumables consumption plan.,0.000,4000.000,BG-2024-05,Generated PR item.,Converted to PO
882,732,87,9797.000,g,2024-09-27,0.80,High,Required for Consumables consumption plan.,0.000,12000.000,BG-2024-06,Generated PR item.,Converted to PO
883,733,88,151.000,No,2024-09-17,45.00,High,Required for Packaging Materials consumption plan.,0.000,1520.000,BG-2024-07,Generated PR item.,Converted to PO
884,734,89,47.000,No,2024-09-21,18.00,High,Required for Packaging Materials consumption plan.,0.000,3040.000,BG-2024-08,Generated PR item.,Converted to PO
885,735,90,119.000,Sheet,2024-09-19,10.00,Urgent,Required for Packaging Materials consumption plan.,0.000,1760.000,BG-2024-09,Generated PR item.,Converted to PO
886,736,91,250.000,No,2024-09-25,6.00,High,Required for Packaging Materials consumption plan.,0.000,1520.000,BG-2024-10,Generated PR item.,Converted to PO
887,737,92,53.000,m,2024-09-20,1.20,High,Required for Packaging Materials consumption plan.,0.000,1600.000,BG-2024-11,Generated PR item.,Converted to PO
888,738,93,20.000,No,2024-09-26,3.00,High,Required for Packaging Materials consumption plan.,0.000,1760.000,BG-2024-12,Generated PR item.,Converted to PO
889,739,94,71.000,No,2024-10-02,35.00,Urgent,Required for Identification & Documentation consumption plan.,0.000,1520.000,BG-2024-01,Generated PR item.,Converted to PO
890,740,95,208.000,No,2024-09-30,3.00,High,Required for Identification & Documentation consumption plan.,0.000,1520.000,BG-2024-02,Generated PR item.,Converted to PO
891,741,96,104.000,No,2024-10-03,4.00,High,Required for Identification & Documentation consumption plan.,0.000,1520.000,BG-2024-03,Generated PR item.,Converted to PO
892,742,97,162.000,No,2024-09-17,2.00,High,Required for Identification & Documentation consumption plan.,0.000,1520.000,BG-2024-04,Generated PR item.,Converted to PO
893,743,98,13.000,No,2024-09-25,8.00,Urgent,Required for Identification & Documentation consumption plan.,0.000,1520.000,BG-2024-05,Generated PR item.,Converted to PO
894,744,99,185.000,No,2024-09-20,4.00,High,Required for Identification & Documentation consumption plan.,0.000,1520.000,BG-2024-06,Generated PR item.,Converted to PO
895,745,1,80.000,No,2024-10-03,1800.00,High,Required for Core Components consumption plan.,0.000,800.000,BG-2024-07,Generated PR item.,Converted to PO
896,746,2,370.000,No,2024-09-29,2800.00,High,Required for Core Components consumption plan.,0.000,480.000,BG-2024-08,Generated PR item.,Converted to PO
897,747,3,116.000,No,2024-09-22,6200.00,Urgent,Required for Core Components consumption plan.,0.000,240.000,BG-2024-09,Generated PR item.,Converted to PO
898,748,4,437.000,No,2024-09-27,1200.00,High,Required for Core Components consumption plan.,0.000,800.000,BG-2024-10,Generated PR item.,Converted to PO
899,749,5,183.000,No,2024-09-27,2200.00,High,Required for Core Components consumption plan.,0.000,480.000,BG-2024-11,Generated PR item.,Converted to PO
900,750,6,132.000,No,2024-09-26,5000.00,High,Required for Core Components consumption plan.,0.000,240.000,BG-2024-12,Generated PR item.,Converted to PO
901,751,7,87.000,No,2024-09-27,180.00,Urgent,Required for Magnetic Components consumption plan.,0.000,6400.000,BG-2024-01,Generated PR item.,Converted to PO
902,752,8,5.000,No,2024-09-19,240.00,High,Required for Magnetic Components consumption plan.,0.000,4800.000,BG-2024-02,Generated PR item.,Converted to PO
903,753,9,45.000,No,2024-09-27,360.00,High,Required for Magnetic Components consumption plan.,0.000,2880.000,BG-2024-03,Generated PR item.,Converted to PO
904,754,10,152.000,No,2024-09-27,450.00,High,Required for Mechanical Components consumption plan.,0.000,800.000,BG-2024-04,Generated PR item.,Converted to PO
905,755,11,78.000,No,2024-10-05,750.00,Urgent,Required for Mechanical Components consumption plan.,0.000,480.000,BG-2024-05,Generated PR item.,Converted to PO
906,756,12,92.000,No,2024-10-06,1800.00,High,Required for Mechanical Components consumption plan.,0.000,240.000,BG-2024-06,Generated PR item.,Converted to PO
907,757,13,203.000,No,2024-10-04,160.00,High,Required for Mechanical Components consumption plan.,0.000,800.000,BG-2024-07,Generated PR item.,Converted to PO
908,758,14,35.000,No,2024-09-22,220.00,High,Required for Mechanical Components consumption plan.,0.000,480.000,BG-2024-08,Generated PR item.,Converted to PO
909,759,15,102.000,No,2024-10-07,420.00,Urgent,Required for Mechanical Components consumption plan.,0.000,240.000,BG-2024-09,Generated PR item.,Converted to PO
910,760,16,50.000,No,2024-09-29,1300.00,High,Required for Mechanical Components consumption plan.,0.000,800.000,BG-2024-10,Generated PR item.,Converted to PO
911,761,17,123.000,No,2024-09-30,2400.00,High,Required for Mechanical Components consumption plan.,0.000,480.000,BG-2024-11,Generated PR item.,Converted to PO
912,762,18,86.000,No,2024-10-10,5200.00,High,Required for Mechanical Components consumption plan.,0.000,240.000,BG-2024-12,Generated PR item.,Converted to PO
913,763,19,16.000,No,2024-10-08,450.00,Urgent,Required for Mechanical Components consumption plan.,0.000,1520.000,BG-2024-01,Generated PR item.,Converted to PO
914,764,20,22.000,No,2024-09-24,450.00,High,Required for Mechanical Components consumption plan.,0.000,1520.000,BG-2024-02,Generated PR item.,Converted to PO
915,765,21,214.000,No,2024-10-01,60.00,High,Required for Mechanical Components consumption plan.,0.000,1280.000,BG-2024-03,Generated PR item.,Converted to PO
916,766,22,19.000,No,2024-10-08,120.00,High,Required for Mechanical Components consumption plan.,0.000,240.000,BG-2024-04,Generated PR item.,Converted to PO
917,767,23,80.000,No,2024-10-04,120.00,Urgent,Required for Bearings consumption plan.,0.000,1600.000,BG-2024-05,Generated PR item.,Converted to PO
918,768,24,92.000,No,2024-09-30,220.00,High,Required for Bearings consumption plan.,0.000,960.000,BG-2024-06,Generated PR item.,Converted to PO
919,769,25,49.000,No,2024-10-06,650.00,High,Required for Bearings consumption plan.,0.000,480.000,BG-2024-07,Generated PR item.,Converted to PO
920,770,26,81.000,No,2024-10-12,15.00,High,Required for Sealing Components consumption plan.,0.000,1520.000,BG-2024-08,Generated PR item.,Converted to PO
921,771,27,195.000,No,2024-10-01,45.00,Urgent,Required for Sealing Components consumption plan.,0.000,1280.000,BG-2024-09,Generated PR item.,Converted to PO
922,772,28,246.000,No,2024-10-10,110.00,High,Required for Sealing Components consumption plan.,0.000,480.000,BG-2024-10,Generated PR item.,Converted to PO
923,773,29,33.000,kg,2024-10-10,850.00,High,Required for Electrical Components consumption plan.,0.000,1440.000,BG-2024-11,Generated PR item.,Converted to PO
924,774,30,194.000,kg,2024-10-13,880.00,High,Required for Electrical Components consumption plan.,0.000,1536.000,BG-2024-12,Generated PR item.,Converted to PO
925,775,31,190.000,kg,2024-10-03,920.00,Urgent,Required for Electrical Components consumption plan.,0.000,1560.000,BG-2024-01,Generated PR item.,Converted to PO
926,776,32,88.000,m,2024-10-01,35.00,High,Required for Electrical Components consumption plan.,0.000,2400.000,BG-2024-02,Generated PR item.,Converted to PO
927,777,33,46.000,m,2024-10-08,60.00,High,Required for Electrical Components consumption plan.,0.000,1920.000,BG-2024-03,Generated PR item.,Converted to PO
928,778,34,363.000,m,2024-10-08,150.00,High,Required for Electrical Components consumption plan.,0.000,1200.000,BG-2024-04,Generated PR item.,Converted to PO
929,779,35,24.000,No,2024-10-07,90.00,Urgent,Required for Electrical Components consumption plan.,0.000,800.000,BG-2024-05,Generated PR item.,Converted to PO
930,780,36,152.000,No,2024-10-15,180.00,High,Required for Electrical Components consumption plan.,0.000,480.000,BG-2024-06,Generated PR item.,Converted to PO
931,781,37,20.000,No,2024-10-15,420.00,High,Required for Electrical Components consumption plan.,0.000,240.000,BG-2024-07,Generated PR item.,Converted to PO
932,782,38,174.000,No,2024-10-05,12.00,High,Required for Electrical Components consumption plan.,0.000,4560.000,BG-2024-08,Generated PR item.,Converted to PO
933,783,39,61.000,No,2024-10-16,45.00,Urgent,Required for Electronic Components consumption plan.,0.000,2400.000,BG-2024-09,Generated PR item.,Converted to PO
934,784,40,28.000,No,2024-10-06,120.00,High,Required for Electronic Components consumption plan.,0.000,800.000,BG-2024-10,Generated PR item.,Converted to PO
935,785,41,21.000,No,2024-10-10,1400.00,High,Required for Electronic Components consumption plan.,0.000,480.000,BG-2024-11,Generated PR item.,Converted to PO
936,786,42,51.000,No,2024-10-03,3200.00,High,Required for Electronic Components consumption plan.,0.000,240.000,BG-2024-12,Generated PR item.,Converted to PO
937,787,43,138.000,No,2024-10-09,85.00,Urgent,Required for Electronic Components consumption plan.,0.000,480.000,BG-2024-01,Generated PR item.,Converted to PO
938,788,44,23.000,No,2024-10-21,220.00,High,Required for Electronic Components consumption plan.,0.000,480.000,BG-2024-02,Generated PR item.,Converted to PO
939,789,45,202.000,No,2024-10-11,350.00,High,Required for Electronic Components consumption plan.,0.000,1280.000,BG-2024-03,Generated PR item.,Converted to PO
940,790,46,153.000,No,2024-10-17,750.00,High,Required for Electronic Components consumption plan.,0.000,240.000,BG-2024-04,Generated PR item.,Converted to PO
941,791,47,27.000,Set,2024-10-07,450.00,Urgent,Required for Electronic Components consumption plan.,0.000,1280.000,BG-2024-05,Generated PR item.,Converted to PO
942,792,48,79.000,Set,2024-10-18,950.00,High,Required for Electronic Components consumption plan.,0.000,240.000,BG-2024-06,Generated PR item.,Converted to PO
943,793,49,167.000,No,2024-10-13,25.00,High,Required for Electronic Components consumption plan.,0.000,800.000,BG-2024-07,Generated PR item.,Converted to PO
944,794,50,170.000,No,2024-10-20,40.00,High,Required for Electronic Components consumption plan.,0.000,480.000,BG-2024-08,Generated PR item.,Converted to PO
945,795,51,47.000,No,2024-10-24,110.00,Urgent,Required for Electronic Components consumption plan.,0.000,240.000,BG-2024-09,Generated PR item.,Converted to PO
946,796,52,179.000,No,2024-10-17,2.00,High,Required for Electronic Components consumption plan.,0.000,4000.000,BG-2024-10,Generated PR item.,Converted to PO
947,797,53,142.000,No,2024-10-10,3.00,High,Required for Electronic Components consumption plan.,0.000,2880.000,BG-2024-11,Generated PR item.,Converted to PO
948,798,54,247.000,No,2024-10-17,5.00,High,Required for Electronic Components consumption plan.,0.000,1920.000,BG-2024-12,Generated PR item.,Converted to PO
949,799,55,122.000,No,2024-10-12,8.00,Urgent,Required for Insulation Materials consumption plan.,0.000,19200.000,BG-2024-01,Generated PR item.,Converted to PO
950,800,56,171.000,No,2024-10-18,10.00,High,Required for Insulation Materials consumption plan.,0.000,17280.000,BG-2024-02,Generated PR item.,Converted to PO
951,801,57,88.000,No,2024-10-11,12.00,High,Required for Insulation Materials consumption plan.,0.000,11520.000,BG-2024-03,Generated PR item.,Converted to PO
952,802,58,14.000,No,2024-10-22,6.00,High,Required for Insulation Materials consumption plan.,0.000,48000.000,BG-2024-04,Generated PR item.,Converted to PO
953,803,59,36.000,No,2024-10-17,5.00,Urgent,Required for Insulation Materials consumption plan.,0.000,48000.000,BG-2024-05,Generated PR item.,Converted to PO
954,804,60,437.000,m,2024-10-15,18.00,High,Required for Insulation Materials consumption plan.,0.000,400.000,BG-2024-06,Generated PR item.,Converted to PO
955,805,61,375.000,m,2024-10-12,25.00,High,Required for Insulation Materials consumption plan.,0.000,384.000,BG-2024-07,Generated PR item.,Converted to PO
956,806,62,195.000,m,2024-10-27,45.00,High,Required for Insulation Materials consumption plan.,0.000,240.000,BG-2024-08,Generated PR item.,Converted to PO
957,807,63,355.000,No,2024-10-27,3.00,Urgent,Required for Fasteners consumption plan.,0.000,6400.000,BG-2024-09,Generated PR item.,Converted to PO
958,808,64,22.000,No,2024-10-27,5.00,High,Required for Fasteners consumption plan.,0.000,4800.000,BG-2024-10,Generated PR item.,Converted to PO
959,809,65,37.000,No,2024-10-14,12.00,High,Required for Fasteners consumption plan.,0.000,2880.000,BG-2024-11,Generated PR item.,Converted to PO
960,810,66,263.000,No,2024-10-19,1.50,High,Required for Fasteners consumption plan.,0.000,6400.000,BG-2024-12,Generated PR item.,Converted to PO
961,811,67,320.000,No,2024-10-30,2.50,Urgent,Required for Fasteners consumption plan.,0.000,4800.000,BG-2024-01,Generated PR item.,Converted to PO
962,812,68,470.000,No,2024-10-23,6.00,High,Required for Fasteners consumption plan.,0.000,2880.000,BG-2024-02,Generated PR item.,Converted to PO
963,813,69,385.000,No,2024-10-16,0.80,High,Required for Fasteners consumption plan.,0.000,6400.000,BG-2024-03,Generated PR item.,Converted to PO
964,814,70,143.000,No,2024-10-16,1.20,High,Required for Fasteners consumption plan.,0.000,4800.000,BG-2024-04,Generated PR item.,Converted to PO
965,815,71,412.000,No,2024-10-18,2.50,Urgent,Required for Fasteners consumption plan.,0.000,2880.000,BG-2024-05,Generated PR item.,Converted to PO
966,816,72,256.000,No,2024-10-31,0.80,High,Required for Fasteners consumption plan.,0.000,6400.000,BG-2024-06,Generated PR item.,Converted to PO
967,817,73,417.000,No,2024-10-18,1.20,High,Required for Fasteners consumption plan.,0.000,4800.000,BG-2024-07,Generated PR item.,Converted to PO
968,818,74,103.000,No,2024-10-31,2.50,High,Required for Fasteners consumption plan.,0.000,2880.000,BG-2024-08,Generated PR item.,Converted to PO
969,819,75,32.000,No,2024-10-27,4.00,Urgent,Required for Fasteners consumption plan.,0.000,1600.000,BG-2024-09,Generated PR item.,Converted to PO
970,820,76,47.000,No,2024-10-31,7.00,High,Required for Fasteners consumption plan.,0.000,960.000,BG-2024-10,Generated PR item.,Converted to PO
971,821,77,496.000,No,2024-10-30,15.00,High,Required for Fasteners consumption plan.,0.000,480.000,BG-2024-11,Generated PR item.,Converted to PO
972,822,78,58.000,No,2024-10-21,4.00,High,Required for Fasteners consumption plan.,0.000,3040.000,BG-2024-12,Generated PR item.,Converted to PO
973,823,79,471.000,No,2024-10-31,4.00,Urgent,Required for Fasteners consumption plan.,0.000,3040.000,BG-2024-01,Generated PR item.,Converted to PO
974,824,80,74066.000,ml,2024-10-20,0.80,High,Required for Consumables consumption plan.,0.000,144000.000,BG-2024-02,Generated PR item.,Converted to PO
975,825,81,5235.000,g,2024-10-22,1.20,High,Required for Consumables consumption plan.,0.000,42000.000,BG-2024-03,Generated PR item.,Converted to PO
976,826,82,87087.000,ml,2024-10-20,1.50,High,Required for Consumables consumption plan.,0.000,8000.000,BG-2024-04,Generated PR item.,Converted to PO
977,827,83,5182.000,g,2024-10-19,0.60,Urgent,Required for Consumables consumption plan.,0.000,24000.000,BG-2024-05,Generated PR item.,Converted to PO
978,828,84,18613.000,ml,2024-10-19,0.25,High,Required for Consumables consumption plan.,0.000,156000.000,BG-2024-06,Generated PR item.,Converted to PO
979,829,85,17690.000,g,2024-10-21,1.80,High,Required for Consumables consumption plan.,0.000,9000.000,BG-2024-07,Generated PR item.,Converted to PO
980,830,86,9361.000,g,2024-10-20,1.20,High,Required for Consumables consumption plan.,0.000,4000.000,BG-2024-08,Generated PR item.,Converted to PO
981,831,87,9434.000,g,2024-10-24,0.80,Urgent,Required for Consumables consumption plan.,0.000,12000.000,BG-2024-09,Generated PR item.,Converted to PO
982,832,88,52.000,No,2024-10-20,45.00,High,Required for Packaging Materials consumption plan.,0.000,1520.000,BG-2024-10,Generated PR item.,Converted to PO
983,833,89,154.000,No,2024-10-20,18.00,High,Required for Packaging Materials consumption plan.,0.000,3040.000,BG-2024-11,Generated PR item.,Converted to PO
984,834,90,11.000,Sheet,2024-11-05,10.00,High,Required for Packaging Materials consumption plan.,0.000,1760.000,BG-2024-12,Generated PR item.,Converted to PO
985,835,91,65.000,No,2024-10-20,6.00,Urgent,Required for Packaging Materials consumption plan.,0.000,1520.000,BG-2024-01,Generated PR item.,Converted to PO
986,836,92,286.000,m,2024-10-21,1.20,High,Required for Packaging Materials consumption plan.,0.000,1600.000,BG-2024-02,Generated PR item.,Converted to PO
987,837,93,124.000,No,2024-10-21,3.00,High,Required for Packaging Materials consumption plan.,0.000,1760.000,BG-2024-03,Generated PR item.,Converted to PO
988,838,94,177.000,No,2024-10-23,35.00,High,Required for Identification & Documentation consumption plan.,0.000,1520.000,BG-2024-04,Generated PR item.,Converted to PO
989,839,95,58.000,No,2024-10-30,3.00,Urgent,Required for Identification & Documentation consumption plan.,0.000,1520.000,BG-2024-05,Generated PR item.,Converted to PO
990,840,96,164.000,No,2024-11-04,4.00,High,Required for Identification & Documentation consumption plan.,0.000,1520.000,BG-2024-06,Generated PR item.,Converted to PO
991,841,97,191.000,No,2024-11-03,2.00,High,Required for Identification & Documentation consumption plan.,0.000,1520.000,BG-2024-07,Generated PR item.,Converted to PO
992,842,98,100.000,No,2024-10-31,8.00,High,Required for Identification & Documentation consumption plan.,0.000,1520.000,BG-2024-08,Generated PR item.,Converted to PO
993,843,99,68.000,No,2024-10-22,4.00,Urgent,Required for Identification & Documentation consumption plan.,0.000,1520.000,BG-2024-09,Generated PR item.,Converted to PO
994,844,1,300.000,No,2024-11-03,1800.00,High,Required for Core Components consumption plan.,0.000,800.000,BG-2024-10,Generated PR item.,Converted to PO
995,845,2,311.000,No,2024-10-21,2800.00,High,Required for Core Components consumption plan.,0.000,480.000,BG-2024-11,Generated PR item.,Converted to PO
996,846,3,92.000,No,2024-11-02,6200.00,High,Required for Core Components consumption plan.,0.000,240.000,BG-2024-12,Generated PR item.,Converted to PO
997,847,4,304.000,No,2024-10-29,1200.00,Urgent,Required for Core Components consumption plan.,0.000,800.000,BG-2024-01,Generated PR item.,Converted to PO
998,848,5,119.000,No,2024-11-06,2200.00,High,Required for Core Components consumption plan.,0.000,480.000,BG-2024-02,Generated PR item.,Converted to PO
999,849,6,306.000,No,2024-10-27,5000.00,High,Required for Core Components consumption plan.,0.000,240.000,BG-2024-03,Generated PR item.,Converted to PO
1000,850,7,234.000,No,2024-11-02,180.00,High,Required for Magnetic Components consumption plan.,0.000,6400.000,BG-2024-04,Generated PR item.,Converted to PO
1001,851,8,137.000,No,2024-10-29,240.00,Urgent,Required for Magnetic Components consumption plan.,0.000,4800.000,BG-2024-05,Generated PR item.,Converted to PO
1002,852,9,192.000,No,2024-11-01,360.00,High,Required for Magnetic Components consumption plan.,0.000,2880.000,BG-2024-06,Generated PR item.,Converted to PO
1003,853,10,81.000,No,2024-11-08,450.00,High,Required for Mechanical Components consumption plan.,0.000,800.000,BG-2024-07,Generated PR item.,Converted to PO
1004,854,11,231.000,No,2024-11-04,750.00,High,Required for Mechanical Components consumption plan.,0.000,480.000,BG-2024-08,Generated PR item.,Converted to PO
1005,855,12,204.000,No,2024-10-30,1800.00,Urgent,Required for Mechanical Components consumption plan.,0.000,240.000,BG-2024-09,Generated PR item.,Converted to PO
1006,856,13,230.000,No,2024-10-31,160.00,High,Required for Mechanical Components consumption plan.,0.000,800.000,BG-2024-10,Generated PR item.,Converted to PO
1007,857,14,187.000,No,2024-11-04,220.00,High,Required for Mechanical Components consumption plan.,0.000,480.000,BG-2024-11,Generated PR item.,Converted to PO
1008,858,15,164.000,No,2024-10-30,420.00,High,Required for Mechanical Components consumption plan.,0.000,240.000,BG-2024-12,Generated PR item.,Converted to PO
1009,859,16,134.000,No,2024-10-28,1300.00,Urgent,Required for Mechanical Components consumption plan.,0.000,800.000,BG-2024-01,Generated PR item.,Converted to PO
1010,860,17,233.000,No,2024-11-02,2400.00,High,Required for Mechanical Components consumption plan.,0.000,480.000,BG-2024-02,Generated PR item.,Converted to PO
1011,861,18,213.000,No,2024-10-26,5200.00,High,Required for Mechanical Components consumption plan.,0.000,240.000,BG-2024-03,Generated PR item.,Converted to PO
1012,862,19,107.000,No,2024-10-28,450.00,High,Required for Mechanical Components consumption plan.,0.000,1520.000,BG-2024-04,Generated PR item.,Converted to PO
1013,863,20,26.000,No,2024-11-02,450.00,Urgent,Required for Mechanical Components consumption plan.,0.000,1520.000,BG-2024-05,Generated PR item.,Converted to PO
1014,864,21,5.000,No,2024-11-09,60.00,High,Required for Mechanical Components consumption plan.,0.000,1280.000,BG-2024-06,Generated PR item.,Converted to PO
1015,865,22,62.000,No,2024-11-09,120.00,High,Required for Mechanical Components consumption plan.,0.000,240.000,BG-2024-07,Generated PR item.,Converted to PO
1016,866,23,11.000,No,2024-10-30,120.00,High,Required for Bearings consumption plan.,0.000,1600.000,BG-2024-08,Generated PR item.,Converted to PO
1017,867,24,25.000,No,2024-11-04,220.00,Urgent,Required for Bearings consumption plan.,0.000,960.000,BG-2024-09,Generated PR item.,Converted to PO
1018,868,25,15.000,No,2024-10-30,650.00,High,Required for Bearings consumption plan.,0.000,480.000,BG-2024-10,Generated PR item.,Converted to PO
1019,869,26,246.000,No,2024-11-11,15.00,High,Required for Sealing Components consumption plan.,0.000,1520.000,BG-2024-11,Generated PR item.,Converted to PO
1020,870,27,28.000,No,2024-11-02,45.00,High,Required for Sealing Components consumption plan.,0.000,1280.000,BG-2024-12,Generated PR item.,Converted to PO
1021,871,28,159.000,No,2024-11-12,110.00,Urgent,Required for Sealing Components consumption plan.,0.000,480.000,BG-2024-01,Generated PR item.,Converted to PO
1022,872,29,77.000,kg,2024-11-13,850.00,High,Required for Electrical Components consumption plan.,0.000,1440.000,BG-2024-02,Generated PR item.,Converted to PO
1023,873,30,43.000,kg,2024-11-11,880.00,High,Required for Electrical Components consumption plan.,0.000,1536.000,BG-2024-03,Generated PR item.,Converted to PO
1024,874,31,143.000,kg,2024-11-04,920.00,High,Required for Electrical Components consumption plan.,0.000,1560.000,BG-2024-04,Generated PR item.,Converted to PO
1025,875,32,486.000,m,2024-11-16,35.00,Urgent,Required for Electrical Components consumption plan.,0.000,2400.000,BG-2024-05,Generated PR item.,Converted to PO
1026,876,33,400.000,m,2024-11-11,60.00,High,Required for Electrical Components consumption plan.,0.000,1920.000,BG-2024-06,Generated PR item.,Converted to PO
1027,877,34,489.000,m,2024-11-11,150.00,High,Required for Electrical Components consumption plan.,0.000,1200.000,BG-2024-07,Generated PR item.,Converted to PO
1028,878,35,150.000,No,2024-11-15,90.00,High,Required for Electrical Components consumption plan.,0.000,800.000,BG-2024-08,Generated PR item.,Converted to PO
1029,879,36,170.000,No,2024-11-16,180.00,Urgent,Required for Electrical Components consumption plan.,0.000,480.000,BG-2024-09,Generated PR item.,Converted to PO
1030,880,37,41.000,No,2024-11-02,420.00,High,Required for Electrical Components consumption plan.,0.000,240.000,BG-2024-10,Generated PR item.,Converted to PO
1031,881,38,214.000,No,2024-11-16,12.00,High,Required for Electrical Components consumption plan.,0.000,4560.000,BG-2024-11,Generated PR item.,Converted to PO
1032,882,39,188.000,No,2024-11-14,45.00,High,Required for Electronic Components consumption plan.,0.000,2400.000,BG-2024-12,Generated PR item.,Converted to PO
1033,883,40,67.000,No,2024-11-05,120.00,Urgent,Required for Electronic Components consumption plan.,0.000,800.000,BG-2024-01,Generated PR item.,Converted to PO
1034,884,41,92.000,No,2024-11-07,1400.00,High,Required for Electronic Components consumption plan.,0.000,480.000,BG-2024-02,Generated PR item.,Converted to PO
1035,885,42,155.000,No,2024-11-16,3200.00,High,Required for Electronic Components consumption plan.,0.000,240.000,BG-2024-03,Generated PR item.,Converted to PO
1036,886,43,8.000,No,2024-11-06,85.00,High,Required for Electronic Components consumption plan.,0.000,480.000,BG-2024-04,Generated PR item.,Converted to PO
1037,887,44,206.000,No,2024-11-11,220.00,Urgent,Required for Electronic Components consumption plan.,0.000,480.000,BG-2024-05,Generated PR item.,Converted to PO
1038,888,45,74.000,No,2024-11-16,350.00,High,Required for Electronic Components consumption plan.,0.000,1280.000,BG-2024-06,Generated PR item.,Converted to PO
1039,889,46,23.000,No,2024-11-15,750.00,High,Required for Electronic Components consumption plan.,0.000,240.000,BG-2024-07,Generated PR item.,Converted to PO
1040,890,47,30.000,Set,2024-11-21,450.00,High,Required for Electronic Components consumption plan.,0.000,1280.000,BG-2024-08,Generated PR item.,Converted to PO
1041,891,48,68.000,Set,2024-11-08,950.00,Urgent,Required for Electronic Components consumption plan.,0.000,240.000,BG-2024-09,Generated PR item.,Converted to PO
1042,892,49,72.000,No,2024-11-11,25.00,High,Required for Electronic Components consumption plan.,0.000,800.000,BG-2024-10,Generated PR item.,Converted to PO
1043,893,50,137.000,No,2024-11-23,40.00,High,Required for Electronic Components consumption plan.,0.000,480.000,BG-2024-11,Generated PR item.,Converted to PO
1044,894,51,204.000,No,2024-11-17,110.00,High,Required for Electronic Components consumption plan.,0.000,240.000,BG-2024-12,Generated PR item.,Converted to PO
1045,895,52,13.000,No,2024-11-11,2.00,Urgent,Required for Electronic Components consumption plan.,0.000,4000.000,BG-2024-01,Generated PR item.,Converted to PO
1046,896,53,191.000,No,2024-11-12,3.00,High,Required for Electronic Components consumption plan.,0.000,2880.000,BG-2024-02,Generated PR item.,Converted to PO
1047,897,54,76.000,No,2024-11-14,5.00,High,Required for Electronic Components consumption plan.,0.000,1920.000,BG-2024-03,Generated PR item.,Converted to PO
1048,898,55,176.000,No,2024-11-17,8.00,High,Required for Insulation Materials consumption plan.,0.000,19200.000,BG-2024-04,Generated PR item.,Converted to PO
1049,899,56,51.000,No,2024-11-13,10.00,Urgent,Required for Insulation Materials consumption plan.,0.000,17280.000,BG-2024-05,Generated PR item.,Converted to PO
1050,900,57,39.000,No,2024-11-20,12.00,High,Required for Insulation Materials consumption plan.,0.000,11520.000,BG-2024-06,Generated PR item.,Converted to PO
1051,901,58,198.000,No,2024-11-17,6.00,High,Required for Insulation Materials consumption plan.,0.000,48000.000,BG-2024-07,Generated PR item.,Converted to PO
1052,902,59,203.000,No,2024-11-19,5.00,High,Required for Insulation Materials consumption plan.,0.000,48000.000,BG-2024-08,Generated PR item.,Converted to PO
1053,903,60,492.000,m,2024-11-11,18.00,Urgent,Required for Insulation Materials consumption plan.,0.000,400.000,BG-2024-09,Generated PR item.,Converted to PO
1054,904,61,345.000,m,2024-11-21,25.00,High,Required for Insulation Materials consumption plan.,0.000,384.000,BG-2024-10,Generated PR item.,Converted to PO
1055,905,62,244.000,m,2024-11-26,45.00,High,Required for Insulation Materials consumption plan.,0.000,240.000,BG-2024-11,Generated PR item.,Converted to PO
1056,906,63,113.000,No,2024-11-12,3.00,High,Required for Fasteners consumption plan.,0.000,6400.000,BG-2024-12,Generated PR item.,Converted to PO
1057,907,64,161.000,No,2024-11-15,5.00,Urgent,Required for Fasteners consumption plan.,0.000,4800.000,BG-2024-01,Generated PR item.,Converted to PO
1058,908,65,331.000,No,2024-11-23,12.00,High,Required for Fasteners consumption plan.,0.000,2880.000,BG-2024-02,Generated PR item.,Converted to PO
1059,909,66,186.000,No,2024-11-23,1.50,High,Required for Fasteners consumption plan.,0.000,6400.000,BG-2024-03,Generated PR item.,Converted to PO
1060,910,67,252.000,No,2024-11-24,2.50,High,Required for Fasteners consumption plan.,0.000,4800.000,BG-2024-04,Generated PR item.,Converted to PO
1061,911,68,100.000,No,2024-11-22,6.00,Urgent,Required for Fasteners consumption plan.,0.000,2880.000,BG-2024-05,Generated PR item.,Converted to PO
1062,912,69,231.000,No,2024-11-24,0.80,High,Required for Fasteners consumption plan.,0.000,6400.000,BG-2024-06,Generated PR item.,Converted to PO
1063,913,70,134.000,No,2024-11-22,1.20,High,Required for Fasteners consumption plan.,0.000,4800.000,BG-2024-07,Generated PR item.,Converted to PO
1064,914,71,73.000,No,2024-11-13,2.50,High,Required for Fasteners consumption plan.,0.000,2880.000,BG-2024-08,Generated PR item.,Converted to PO
1065,915,72,83.000,No,2024-11-25,0.80,Urgent,Required for Fasteners consumption plan.,0.000,6400.000,BG-2024-09,Generated PR item.,Converted to PO
1066,916,73,269.000,No,2024-11-21,1.20,High,Required for Fasteners consumption plan.,0.000,4800.000,BG-2024-10,Generated PR item.,Converted to PO
1067,917,74,196.000,No,2024-11-14,2.50,High,Required for Fasteners consumption plan.,0.000,2880.000,BG-2024-11,Generated PR item.,Converted to PO
1068,918,75,68.000,No,2024-11-22,4.00,High,Required for Fasteners consumption plan.,0.000,1600.000,BG-2024-12,Generated PR item.,Converted to PO
1069,919,76,267.000,No,2024-11-22,7.00,Urgent,Required for Fasteners consumption plan.,0.000,960.000,BG-2024-01,Generated PR item.,Converted to PO
1070,920,77,99.000,No,2024-11-16,15.00,High,Required for Fasteners consumption plan.,0.000,480.000,BG-2024-02,Generated PR item.,Converted to PO
1071,921,78,27.000,No,2024-12-03,4.00,High,Required for Fasteners consumption plan.,0.000,3040.000,BG-2024-03,Generated PR item.,Converted to PO
1072,922,79,83.000,No,2024-11-20,4.00,High,Required for Fasteners consumption plan.,0.000,3040.000,BG-2024-04,Generated PR item.,Converted to PO
1073,923,80,47610.000,ml,2024-11-22,0.80,Urgent,Required for Consumables consumption plan.,0.000,144000.000,BG-2024-05,Generated PR item.,Converted to PO
1074,924,81,28670.000,g,2024-11-24,1.20,High,Required for Consumables consumption plan.,0.000,42000.000,BG-2024-06,Generated PR item.,Converted to PO
1075,925,82,27959.000,ml,2024-12-01,1.50,High,Required for Consumables consumption plan.,0.000,8000.000,BG-2024-07,Generated PR item.,Converted to PO
1076,926,83,9261.000,g,2024-12-01,0.60,High,Required for Consumables consumption plan.,0.000,24000.000,BG-2024-08,Generated PR item.,Converted to PO
1077,927,84,28052.000,ml,2024-12-01,0.25,Urgent,Required for Consumables consumption plan.,0.000,156000.000,BG-2024-09,Generated PR item.,Converted to PO
1078,928,85,11301.000,g,2024-11-22,1.80,High,Required for Consumables consumption plan.,0.000,9000.000,BG-2024-10,Generated PR item.,Converted to PO
1079,929,86,21803.000,g,2024-12-03,1.20,High,Required for Consumables consumption plan.,0.000,4000.000,BG-2024-11,Generated PR item.,Converted to PO
1080,930,87,10340.000,g,2024-12-03,0.80,High,Required for Consumables consumption plan.,0.000,12000.000,BG-2024-12,Generated PR item.,Converted to PO
1081,931,88,166.000,No,2024-11-28,45.00,Urgent,Required for Packaging Materials consumption plan.,0.000,1520.000,BG-2024-01,Generated PR item.,Converted to PO
1082,932,89,225.000,No,2024-11-29,18.00,High,Required for Packaging Materials consumption plan.,0.000,3040.000,BG-2024-02,Generated PR item.,Converted to PO
1083,933,90,237.000,Sheet,2024-11-20,10.00,High,Required for Packaging Materials consumption plan.,0.000,1760.000,BG-2024-03,Generated PR item.,Converted to PO
1084,934,91,143.000,No,2024-12-03,6.00,High,Required for Packaging Materials consumption plan.,0.000,1520.000,BG-2024-04,Generated PR item.,Converted to PO
1085,935,92,363.000,m,2024-12-07,1.20,Urgent,Required for Packaging Materials consumption plan.,0.000,1600.000,BG-2024-05,Generated PR item.,Converted to PO
1086,936,93,231.000,No,2024-11-28,3.00,High,Required for Packaging Materials consumption plan.,0.000,1760.000,BG-2024-06,Generated PR item.,Converted to PO
1087,937,94,198.000,No,2024-11-29,35.00,High,Required for Identification & Documentation consumption plan.,0.000,1520.000,BG-2024-07,Generated PR item.,Converted to PO
1088,938,95,78.000,No,2024-11-28,3.00,High,Required for Identification & Documentation consumption plan.,0.000,1520.000,BG-2024-08,Generated PR item.,Converted to PO
1089,939,96,37.000,No,2024-11-22,4.00,Urgent,Required for Identification & Documentation consumption plan.,0.000,1520.000,BG-2024-09,Generated PR item.,Converted to PO
1090,940,97,33.000,No,2024-12-02,2.00,High,Required for Identification & Documentation consumption plan.,0.000,1520.000,BG-2024-10,Generated PR item.,Converted to PO
1091,941,98,221.000,No,2024-12-03,8.00,High,Required for Identification & Documentation consumption plan.,0.000,1520.000,BG-2024-11,Generated PR item.,Converted to PO
1092,942,99,141.000,No,2024-12-07,4.00,High,Required for Identification & Documentation consumption plan.,0.000,1520.000,BG-2024-12,Generated PR item.,Converted to PO
1093,943,1,183.000,No,2024-12-08,1800.00,Urgent,Required for Core Components consumption plan.,0.000,800.000,BG-2024-01,Generated PR item.,Converted to PO
1094,944,2,205.000,No,2024-11-30,2800.00,High,Required for Core Components consumption plan.,0.000,480.000,BG-2024-02,Generated PR item.,Converted to PO
1095,945,3,177.000,No,2024-12-09,6200.00,High,Required for Core Components consumption plan.,0.000,240.000,BG-2024-03,Generated PR item.,Converted to PO
1096,946,4,411.000,No,2024-12-02,1200.00,High,Required for Core Components consumption plan.,0.000,800.000,BG-2024-04,Generated PR item.,Converted to PO
1097,947,5,326.000,No,2024-12-04,2200.00,Urgent,Required for Core Components consumption plan.,0.000,480.000,BG-2024-05,Generated PR item.,Converted to PO
1098,948,6,446.000,No,2024-12-03,5000.00,High,Required for Core Components consumption plan.,0.000,240.000,BG-2024-06,Generated PR item.,Converted to PO
1099,949,7,79.000,No,2024-12-10,180.00,High,Required for Magnetic Components consumption plan.,0.000,6400.000,BG-2024-07,Generated PR item.,Converted to PO
1100,950,8,121.000,No,2024-12-06,240.00,High,Required for Magnetic Components consumption plan.,0.000,4800.000,BG-2024-08,Generated PR item.,Converted to PO
1101,951,9,34.000,No,2024-11-26,360.00,Urgent,Required for Magnetic Components consumption plan.,0.000,2880.000,BG-2024-09,Generated PR item.,Converted to PO
1102,952,10,243.000,No,2024-11-25,450.00,High,Required for Mechanical Components consumption plan.,0.000,800.000,BG-2024-10,Generated PR item.,Converted to PO
1103,953,11,130.000,No,2024-12-02,750.00,High,Required for Mechanical Components consumption plan.,0.000,480.000,BG-2024-11,Generated PR item.,Converted to PO
1104,954,12,141.000,No,2024-12-04,1800.00,High,Required for Mechanical Components consumption plan.,0.000,240.000,BG-2024-12,Generated PR item.,Converted to PO
1105,955,13,106.000,No,2024-12-07,160.00,Urgent,Required for Mechanical Components consumption plan.,0.000,800.000,BG-2024-01,Generated PR item.,Converted to PO
1106,956,14,71.000,No,2024-12-03,220.00,High,Required for Mechanical Components consumption plan.,0.000,480.000,BG-2024-02,Generated PR item.,Converted to PO
1107,957,15,238.000,No,2024-12-05,420.00,High,Required for Mechanical Components consumption plan.,0.000,240.000,BG-2024-03,Generated PR item.,Converted to PO
1108,958,16,125.000,No,2024-12-12,1300.00,High,Required for Mechanical Components consumption plan.,0.000,800.000,BG-2024-04,Generated PR item.,Converted to PO
1109,959,17,170.000,No,2024-12-02,2400.00,Urgent,Required for Mechanical Components consumption plan.,0.000,480.000,BG-2024-05,Generated PR item.,Converted to PO
1110,960,18,14.000,No,2024-12-04,5200.00,High,Required for Mechanical Components consumption plan.,0.000,240.000,BG-2024-06,Generated PR item.,Converted to PO
1111,961,19,72.000,No,2024-12-06,450.00,High,Required for Mechanical Components consumption plan.,0.000,1520.000,BG-2024-07,Generated PR item.,Converted to PO
1112,962,20,202.000,No,2024-12-05,450.00,High,Required for Mechanical Components consumption plan.,0.000,1520.000,BG-2024-08,Generated PR item.,Converted to PO
1113,963,21,26.000,No,2024-12-14,60.00,Urgent,Required for Mechanical Components consumption plan.,0.000,1280.000,BG-2024-09,Generated PR item.,Converted to PO
1114,964,22,29.000,No,2024-12-14,120.00,High,Required for Mechanical Components consumption plan.,0.000,240.000,BG-2024-10,Generated PR item.,Converted to PO
1115,965,23,82.000,No,2024-12-06,120.00,High,Required for Bearings consumption plan.,0.000,1600.000,BG-2024-11,Generated PR item.,Converted to PO
1116,966,24,34.000,No,2024-12-05,220.00,High,Required for Bearings consumption plan.,0.000,960.000,BG-2024-12,Generated PR item.,Converted to PO
1117,967,25,31.000,No,2024-12-07,650.00,Urgent,Required for Bearings consumption plan.,0.000,480.000,BG-2024-01,Generated PR item.,Converted to PO
1118,968,26,144.000,No,2024-12-01,15.00,High,Required for Sealing Components consumption plan.,0.000,1520.000,BG-2024-02,Generated PR item.,Converted to PO
1119,969,27,52.000,No,2024-12-05,45.00,High,Required for Sealing Components consumption plan.,0.000,1280.000,BG-2024-03,Generated PR item.,Converted to PO
1120,970,28,15.000,No,2024-12-01,110.00,High,Required for Sealing Components consumption plan.,0.000,480.000,BG-2024-04,Generated PR item.,Converted to PO
1121,971,29,10.000,kg,2024-11-30,850.00,Urgent,Required for Electrical Components consumption plan.,0.000,1440.000,BG-2024-05,Generated PR item.,Converted to PO
1122,972,30,25.000,kg,2024-11-29,880.00,High,Required for Electrical Components consumption plan.,0.000,1536.000,BG-2024-06,Generated PR item.,Converted to PO
1123,973,31,40.000,kg,2024-12-08,920.00,High,Required for Electrical Components consumption plan.,0.000,1560.000,BG-2024-07,Generated PR item.,Converted to PO
1124,974,32,354.000,m,2024-11-29,35.00,High,Required for Electrical Components consumption plan.,0.000,2400.000,BG-2024-08,Generated PR item.,Converted to PO
1125,975,33,163.000,m,2024-12-10,60.00,Urgent,Required for Electrical Components consumption plan.,0.000,1920.000,BG-2024-09,Generated PR item.,Converted to PO
1126,976,34,54.000,m,2024-12-06,150.00,High,Required for Electrical Components consumption plan.,0.000,1200.000,BG-2024-10,Generated PR item.,Converted to PO
1127,977,35,8.000,No,2024-12-06,90.00,High,Required for Electrical Components consumption plan.,0.000,800.000,BG-2024-11,Generated PR item.,Converted to PO
1128,978,36,122.000,No,2024-12-14,180.00,High,Required for Electrical Components consumption plan.,0.000,480.000,BG-2024-12,Generated PR item.,Converted to PO
1129,979,37,211.000,No,2024-12-10,420.00,Urgent,Required for Electrical Components consumption plan.,0.000,240.000,BG-2024-01,Generated PR item.,Converted to PO
1130,980,38,88.000,No,2024-12-15,12.00,High,Required for Electrical Components consumption plan.,0.000,4560.000,BG-2024-02,Generated PR item.,Converted to PO
1131,981,39,20.000,No,2024-12-14,45.00,High,Required for Electronic Components consumption plan.,0.000,2400.000,BG-2024-03,Generated PR item.,Converted to PO
1132,982,40,61.000,No,2024-12-02,120.00,High,Required for Electronic Components consumption plan.,0.000,800.000,BG-2024-04,Generated PR item.,Converted to PO
1133,983,41,127.000,No,2024-12-05,1400.00,Urgent,Required for Electronic Components consumption plan.,0.000,480.000,BG-2024-05,Generated PR item.,Converted to PO
1134,984,42,51.000,No,2024-12-12,3200.00,High,Required for Electronic Components consumption plan.,0.000,240.000,BG-2024-06,Generated PR item.,Converted to PO
1135,985,43,245.000,No,2024-12-20,85.00,High,Required for Electronic Components consumption plan.,0.000,480.000,BG-2024-07,Generated PR item.,Converted to PO
1136,986,44,192.000,No,2024-12-05,220.00,High,Required for Electronic Components consumption plan.,0.000,480.000,BG-2024-08,Generated PR item.,Converted to PO
1137,987,45,89.000,No,2024-12-04,350.00,Urgent,Required for Electronic Components consumption plan.,0.000,1280.000,BG-2024-09,Generated PR item.,Converted to PO
1138,988,46,239.000,No,2024-12-19,750.00,High,Required for Electronic Components consumption plan.,0.000,240.000,BG-2024-10,Generated PR item.,Converted to PO
1139,989,47,29.000,Set,2024-12-20,450.00,High,Required for Electronic Components consumption plan.,0.000,1280.000,BG-2024-11,Generated PR item.,Converted to PO
1140,990,48,15.000,Set,2024-12-07,950.00,High,Required for Electronic Components consumption plan.,0.000,240.000,BG-2024-12,Generated PR item.,Converted to PO
1141,991,49,235.000,No,2024-12-11,25.00,Urgent,Required for Electronic Components consumption plan.,0.000,800.000,BG-2024-01,Generated PR item.,Converted to PO
1142,992,50,241.000,No,2024-12-15,40.00,High,Required for Electronic Components consumption plan.,0.000,480.000,BG-2024-02,Generated PR item.,Converted to PO
1143,993,51,81.000,No,2024-12-08,110.00,High,Required for Electronic Components consumption plan.,0.000,240.000,BG-2024-03,Generated PR item.,Converted to PO
1144,994,52,151.000,No,2024-12-10,2.00,High,Required for Electronic Components consumption plan.,0.000,4000.000,BG-2024-04,Generated PR item.,Converted to PO
1145,995,53,47.000,No,2024-12-12,3.00,Urgent,Required for Electronic Components consumption plan.,0.000,2880.000,BG-2024-05,Generated PR item.,Converted to PO
1146,996,54,162.000,No,2024-12-17,5.00,High,Required for Electronic Components consumption plan.,0.000,1920.000,BG-2024-06,Generated PR item.,Converted to PO
1147,997,55,174.000,No,2024-12-11,8.00,High,Required for Insulation Materials consumption plan.,0.000,19200.000,BG-2024-07,Generated PR item.,Converted to PO
1148,998,56,179.000,No,2024-12-13,10.00,High,Required for Insulation Materials consumption plan.,0.000,17280.000,BG-2024-08,Generated PR item.,Converted to PO
1149,999,57,144.000,No,2024-12-11,12.00,Urgent,Required for Insulation Materials consumption plan.,0.000,11520.000,BG-2024-09,Generated PR item.,Converted to PO
1150,1000,58,178.000,No,2024-12-20,6.00,High,Required for Insulation Materials consumption plan.,0.000,48000.000,BG-2024-10,Generated PR item.,Converted to PO
1151,1001,59,141.000,No,2024-12-09,5.00,High,Required for Insulation Materials consumption plan.,0.000,48000.000,BG-2024-11,Generated PR item.,Converted to PO
1152,1002,60,414.000,m,2024-12-11,18.00,High,Required for Insulation Materials consumption plan.,0.000,400.000,BG-2024-12,Generated PR item.,Converted to PO
1153,1003,61,106.000,m,2024-12-11,25.00,Urgent,Required for Insulation Materials consumption plan.,0.000,384.000,BG-2024-01,Generated PR item.,Converted to PO
1154,1004,62,252.000,m,2024-12-23,45.00,High,Required for Insulation Materials consumption plan.,0.000,240.000,BG-2024-02,Generated PR item.,Converted to PO
1155,1005,63,220.000,No,2024-12-24,3.00,High,Required for Fasteners consumption plan.,0.000,6400.000,BG-2024-03,Generated PR item.,Converted to PO
1156,1006,64,276.000,No,2024-12-17,5.00,High,Required for Fasteners consumption plan.,0.000,4800.000,BG-2024-04,Generated PR item.,Converted to PO
1157,1007,65,88.000,No,2024-12-10,12.00,Urgent,Required for Fasteners consumption plan.,0.000,2880.000,BG-2024-05,Generated PR item.,Converted to PO
1158,1008,66,175.000,No,2024-12-21,1.50,High,Required for Fasteners consumption plan.,0.000,6400.000,BG-2024-06,Generated PR item.,Converted to PO
1159,1009,67,478.000,No,2024-12-16,2.50,High,Required for Fasteners consumption plan.,0.000,4800.000,BG-2024-07,Generated PR item.,Converted to PO
1160,1010,68,70.000,No,2024-12-23,6.00,High,Required for Fasteners consumption plan.,0.000,2880.000,BG-2024-08,Generated PR item.,Converted to PO
1161,1011,69,325.000,No,2024-12-14,0.80,Urgent,Required for Fasteners consumption plan.,0.000,6400.000,BG-2024-09,Generated PR item.,Converted to PO
1162,1012,70,339.000,No,2024-12-25,1.20,High,Required for Fasteners consumption plan.,0.000,4800.000,BG-2024-10,Generated PR item.,Converted to PO
1163,1013,71,248.000,No,2024-12-23,2.50,High,Required for Fasteners consumption plan.,0.000,2880.000,BG-2024-11,Generated PR item.,Converted to PO
1164,1014,72,36.000,No,2024-12-13,0.80,High,Required for Fasteners consumption plan.,0.000,6400.000,BG-2024-12,Generated PR item.,Converted to PO
1165,1015,73,36.000,No,2024-12-23,1.20,Urgent,Required for Fasteners consumption plan.,0.000,4800.000,BG-2024-01,Generated PR item.,Converted to PO
1166,1016,74,152.000,No,2024-12-15,2.50,High,Required for Fasteners consumption plan.,0.000,2880.000,BG-2024-02,Generated PR item.,Converted to PO
1167,1017,75,69.000,No,2024-12-16,4.00,High,Required for Fasteners consumption plan.,0.000,1600.000,BG-2024-03,Generated PR item.,Converted to PO
1168,1018,76,65.000,No,2024-12-14,7.00,High,Required for Fasteners consumption plan.,0.000,960.000,BG-2024-04,Generated PR item.,Converted to PO
1169,1019,77,97.000,No,2024-12-23,15.00,Urgent,Required for Fasteners consumption plan.,0.000,480.000,BG-2024-05,Generated PR item.,Converted to PO
1170,1020,78,111.000,No,2024-12-15,4.00,High,Required for Fasteners consumption plan.,0.000,3040.000,BG-2024-06,Generated PR item.,Converted to PO
1171,1021,79,423.000,No,2024-12-22,4.00,High,Required for Fasteners consumption plan.,0.000,3040.000,BG-2024-07,Generated PR item.,Converted to PO
1172,1022,80,65680.000,ml,2024-12-21,0.80,High,Required for Consumables consumption plan.,0.000,144000.000,BG-2024-08,Generated PR item.,Converted to PO
1173,1023,81,1881.000,g,2024-12-24,1.20,Urgent,Required for Consumables consumption plan.,0.000,42000.000,BG-2024-09,Generated PR item.,Converted to PO
1174,1024,82,64705.000,ml,2024-12-29,1.50,High,Required for Consumables consumption plan.,0.000,8000.000,BG-2024-10,Generated PR item.,Converted to PO
1175,1025,83,4964.000,g,2024-12-12,0.60,High,Required for Consumables consumption plan.,0.000,24000.000,BG-2024-11,Generated PR item.,Converted to PO
1176,1026,84,45000.000,ml,2024-12-30,0.25,High,Required for Consumables consumption plan.,0.000,156000.000,BG-2024-12,Generated PR item.,Converted to PO
1177,1027,85,2103.000,g,2024-12-14,1.80,Urgent,Required for Consumables consumption plan.,0.000,9000.000,BG-2024-01,Generated PR item.,Converted to PO
1178,1028,86,3615.000,g,2024-12-22,1.20,High,Required for Consumables consumption plan.,0.000,4000.000,BG-2024-02,Generated PR item.,Converted to PO
1179,1029,87,4845.000,g,2024-12-20,0.80,High,Required for Consumables consumption plan.,0.000,12000.000,BG-2024-03,Generated PR item.,Converted to PO
1180,1030,88,111.000,No,2024-12-25,45.00,High,Required for Packaging Materials consumption plan.,0.000,1520.000,BG-2024-04,Generated PR item.,Converted to PO
1181,1031,89,118.000,No,2024-12-27,18.00,Urgent,Required for Packaging Materials consumption plan.,0.000,3040.000,BG-2024-05,Generated PR item.,Converted to PO
1182,1032,90,91.000,Sheet,2024-12-30,10.00,High,Required for Packaging Materials consumption plan.,0.000,1760.000,BG-2024-06,Generated PR item.,Converted to PO
1183,1033,91,157.000,No,2024-12-22,6.00,High,Required for Packaging Materials consumption plan.,0.000,1520.000,BG-2024-07,Generated PR item.,Converted to PO
1184,1034,92,366.000,m,2024-12-31,1.20,High,Required for Packaging Materials consumption plan.,0.000,1600.000,BG-2024-08,Generated PR item.,Converted to PO
1185,1035,93,184.000,No,2024-12-20,3.00,Urgent,Required for Packaging Materials consumption plan.,0.000,1760.000,BG-2024-09,Generated PR item.,Converted to PO
1186,1036,94,147.000,No,2024-12-19,35.00,High,Required for Identification & Documentation consumption plan.,0.000,1520.000,BG-2024-10,Generated PR item.,Converted to PO
1187,1037,95,139.000,No,2024-12-22,3.00,High,Required for Identification & Documentation consumption plan.,0.000,1520.000,BG-2024-11,Generated PR item.,Converted to PO
1188,1038,96,125.000,No,2024-12-26,4.00,High,Required for Identification & Documentation consumption plan.,0.000,1520.000,BG-2024-12,Generated PR item.,Converted to PO
1189,1039,97,63.000,No,2024-12-29,2.00,Urgent,Required for Identification & Documentation consumption plan.,0.000,1520.000,BG-2024-01,Generated PR item.,Converted to PO
1190,1040,98,124.000,No,2024-12-31,8.00,High,Required for Identification & Documentation consumption plan.,0.000,1520.000,BG-2024-02,Generated PR item.,Converted to PO
1191,1041,99,7.000,No,2024-12-22,4.00,High,Required for Identification & Documentation consumption plan.,0.000,1520.000,BG-2024-03,Generated PR item.,Converted to PO
1192,1042,1,485.000,No,2024-12-23,1800.00,High,Required for Core Components consumption plan.,0.000,800.000,BG-2024-04,Generated PR item.,Converted to PO
1193,1043,2,216.000,No,2025-01-03,2800.00,Urgent,Required for Core Components consumption plan.,0.000,480.000,BG-2024-05,Generated PR item.,Converted to PO
1194,1044,3,391.000,No,2024-12-25,6200.00,High,Required for Core Components consumption plan.,0.000,240.000,BG-2024-06,Generated PR item.,Converted to PO
1195,1045,4,481.000,No,2024-12-23,1200.00,High,Required for Core Components consumption plan.,0.000,800.000,BG-2024-07,Generated PR item.,Converted to PO
1196,1046,5,274.000,No,2025-01-05,2200.00,High,Required for Core Components consumption plan.,0.000,480.000,BG-2024-08,Generated PR item.,Converted to PO
1197,1047,6,438.000,No,2024-12-27,5000.00,Urgent,Required for Core Components consumption plan.,0.000,240.000,BG-2024-09,Generated PR item.,Converted to PO
1198,1048,7,122.000,No,2025-01-05,180.00,High,Required for Magnetic Components consumption plan.,0.000,6400.000,BG-2024-10,Generated PR item.,Converted to PO
1199,1049,8,37.000,No,2025-01-04,240.00,High,Required for Magnetic Components consumption plan.,0.000,4800.000,BG-2024-11,Generated PR item.,Converted to PO
1200,1050,9,11.000,No,2025-01-05,360.00,High,Required for Magnetic Components consumption plan.,0.000,2880.000,BG-2024-12,Generated PR item.,Converted to PO
1201,1051,10,38.000,No,2024-12-30,450.00,Urgent,Required for Mechanical Components consumption plan.,0.000,800.000,BG-2024-01,Generated PR item.,Converted to PO
1202,1052,11,236.000,No,2025-01-03,750.00,High,Required for Mechanical Components consumption plan.,0.000,480.000,BG-2024-02,Generated PR item.,Converted to PO
1203,1053,12,121.000,No,2025-01-06,1800.00,High,Required for Mechanical Components consumption plan.,0.000,240.000,BG-2024-03,Generated PR item.,Converted to PO
1204,1054,13,83.000,No,2024-12-25,160.00,High,Required for Mechanical Components consumption plan.,0.000,800.000,BG-2024-04,Generated PR item.,Converted to PO
1205,1055,14,114.000,No,2024-12-21,220.00,Urgent,Required for Mechanical Components consumption plan.,0.000,480.000,BG-2024-05,Generated PR item.,Converted to PO
1206,1056,15,67.000,No,2024-12-26,420.00,High,Required for Mechanical Components consumption plan.,0.000,240.000,BG-2024-06,Generated PR item.,Converted to PO
1207,1057,16,219.000,No,2025-01-01,1300.00,High,Required for Mechanical Components consumption plan.,0.000,800.000,BG-2024-07,Generated PR item.,Converted to PO
1208,1058,17,250.000,No,2024-12-30,2400.00,High,Required for Mechanical Components consumption plan.,0.000,480.000,BG-2024-08,Generated PR item.,Converted to PO
1209,1059,18,25.000,No,2024-12-23,5200.00,Urgent,Required for Mechanical Components consumption plan.,0.000,240.000,BG-2024-09,Generated PR item.,Converted to PO
1210,1060,19,181.000,No,2025-01-01,450.00,High,Required for Mechanical Components consumption plan.,0.000,1520.000,BG-2024-10,Generated PR item.,Converted to PO
1211,1061,20,87.000,No,2024-12-25,450.00,High,Required for Mechanical Components consumption plan.,0.000,1520.000,BG-2024-11,Generated PR item.,Converted to PO
1212,1062,21,16.000,No,2024-12-31,60.00,High,Required for Mechanical Components consumption plan.,0.000,1280.000,BG-2024-12,Generated PR item.,Converted to PO
1213,1063,22,231.000,No,2025-01-01,120.00,Urgent,Required for Mechanical Components consumption plan.,0.000,240.000,BG-2024-01,Generated PR item.,Converted to PO
1214,1064,23,10.000,No,2025-01-03,120.00,High,Required for Bearings consumption plan.,0.000,1600.000,BG-2024-02,Generated PR item.,Converted to PO
1215,1065,24,24.000,No,2024-12-30,220.00,High,Required for Bearings consumption plan.,0.000,960.000,BG-2024-03,Generated PR item.,Converted to PO
1216,1066,25,7.000,No,2024-12-30,650.00,High,Required for Bearings consumption plan.,0.000,480.000,BG-2024-04,Generated PR item.,Converted to PO
1217,1067,26,120.000,No,2025-01-04,15.00,Urgent,Required for Sealing Components consumption plan.,0.000,1520.000,BG-2024-05,Generated PR item.,Converted to PO
1218,1068,27,152.000,No,2025-01-05,45.00,High,Required for Sealing Components consumption plan.,0.000,1280.000,BG-2024-06,Generated PR item.,Converted to PO
1219,1069,28,83.000,No,2025-01-06,110.00,High,Required for Sealing Components consumption plan.,0.000,480.000,BG-2024-07,Generated PR item.,Converted to PO
1220,1070,29,23.000,kg,2024-12-29,850.00,High,Required for Electrical Components consumption plan.,0.000,1440.000,BG-2024-08,Generated PR item.,Converted to PO
1221,1071,30,32.000,kg,2024-12-30,880.00,Urgent,Required for Electrical Components consumption plan.,0.000,1536.000,BG-2024-09,Generated PR item.,Converted to PO
1222,1072,31,188.000,kg,2024-12-29,920.00,High,Required for Electrical Components consumption plan.,0.000,1560.000,BG-2024-10,Generated PR item.,Converted to PO
1223,1073,32,407.000,m,2025-01-02,35.00,High,Required for Electrical Components consumption plan.,0.000,2400.000,BG-2024-11,Generated PR item.,Converted to PO
1224,1074,33,470.000,m,2024-12-26,60.00,High,Required for Electrical Components consumption plan.,0.000,1920.000,BG-2024-12,Generated PR item.,Converted to PO
1225,1075,34,275.000,m,2024-12-31,150.00,Urgent,Required for Electrical Components consumption plan.,0.000,1200.000,BG-2024-01,Generated PR item.,Converted to PO
1226,1076,35,139.000,No,2024-12-28,90.00,High,Required for Electrical Components consumption plan.,0.000,800.000,BG-2024-02,Generated PR item.,Converted to PO
1227,1077,36,198.000,No,2025-01-03,180.00,High,Required for Electrical Components consumption plan.,0.000,480.000,BG-2024-03,Generated PR item.,Converted to PO
1228,1078,37,156.000,No,2025-01-09,420.00,High,Required for Electrical Components consumption plan.,0.000,240.000,BG-2024-04,Generated PR item.,Converted to PO
1229,1079,38,112.000,No,2025-01-12,12.00,Urgent,Required for Electrical Components consumption plan.,0.000,4560.000,BG-2024-05,Generated PR item.,Converted to PO
1230,1080,39,76.000,No,2025-01-03,45.00,High,Required for Electronic Components consumption plan.,0.000,2400.000,BG-2024-06,Generated PR item.,Converted to PO
1231,1081,40,124.000,No,2024-12-28,120.00,High,Required for Electronic Components consumption plan.,0.000,800.000,BG-2024-07,Generated PR item.,Converted to PO
1232,1082,41,20.000,No,2024-12-31,1400.00,High,Required for Electronic Components consumption plan.,0.000,480.000,BG-2024-08,Generated PR item.,Converted to PO
1233,1083,42,52.000,No,2024-12-28,3200.00,Urgent,Required for Electronic Components consumption plan.,0.000,240.000,BG-2024-09,Generated PR item.,Converted to PO
1234,1084,43,186.000,No,2025-01-09,85.00,High,Required for Electronic Components consumption plan.,0.000,480.000,BG-2024-10,Generated PR item.,Converted to PO
1235,1085,44,218.000,No,2025-01-13,220.00,High,Required for Electronic Components consumption plan.,0.000,480.000,BG-2024-11,Generated PR item.,Converted to PO
1236,1086,45,30.000,No,2025-01-05,350.00,High,Required for Electronic Components consumption plan.,0.000,1280.000,BG-2024-12,Generated PR item.,Converted to PO
1237,1087,46,28.000,No,2024-12-31,750.00,Urgent,Required for Electronic Components consumption plan.,0.000,240.000,BG-2024-01,Generated PR item.,Converted to PO
1238,1088,47,11.000,Set,2024-12-29,450.00,High,Required for Electronic Components consumption plan.,0.000,1280.000,BG-2024-02,Generated PR item.,Converted to PO
1239,1089,48,65.000,Set,2025-01-15,950.00,High,Required for Electronic Components consumption plan.,0.000,240.000,BG-2024-03,Generated PR item.,Converted to PO
1240,1090,49,81.000,No,2025-01-03,25.00,High,Required for Electronic Components consumption plan.,0.000,800.000,BG-2024-04,Generated PR item.,Converted to PO
1241,1091,50,85.000,No,2024-12-31,40.00,Urgent,Required for Electronic Components consumption plan.,0.000,480.000,BG-2024-05,Generated PR item.,Converted to PO
1242,1092,51,8.000,No,2025-01-01,110.00,High,Required for Electronic Components consumption plan.,0.000,240.000,BG-2024-06,Generated PR item.,Converted to PO
1243,1093,52,244.000,No,2025-01-03,2.00,High,Required for Electronic Components consumption plan.,0.000,4000.000,BG-2024-07,Generated PR item.,Converted to PO
1244,1094,53,111.000,No,2025-01-10,3.00,High,Required for Electronic Components consumption plan.,0.000,2880.000,BG-2024-08,Generated PR item.,Converted to PO
1245,1095,54,201.000,No,2025-01-16,5.00,Urgent,Required for Electronic Components consumption plan.,0.000,1920.000,BG-2024-09,Generated PR item.,Converted to PO
1246,1096,55,179.000,No,2025-01-04,8.00,High,Required for Insulation Materials consumption plan.,0.000,19200.000,BG-2024-10,Generated PR item.,Converted to PO
1247,1097,56,39.000,No,2025-01-12,10.00,High,Required for Insulation Materials consumption plan.,0.000,17280.000,BG-2024-11,Generated PR item.,Converted to PO
1248,1098,57,202.000,No,2025-01-01,12.00,High,Required for Insulation Materials consumption plan.,0.000,11520.000,BG-2024-12,Generated PR item.,Converted to PO
1249,1099,58,140.000,No,2024-12-31,6.00,Urgent,Required for Insulation Materials consumption plan.,0.000,48000.000,BG-2024-01,Generated PR item.,Converted to PO
1250,1100,59,153.000,No,2025-01-01,5.00,High,Required for Insulation Materials consumption plan.,0.000,48000.000,BG-2024-02,Generated PR item.,Converted to PO
1251,1101,60,116.000,m,2025-01-17,18.00,High,Required for Insulation Materials consumption plan.,0.000,400.000,BG-2024-03,Generated PR item.,Converted to PO
1252,1102,61,427.000,m,2025-01-12,25.00,High,Required for Insulation Materials consumption plan.,0.000,384.000,BG-2024-04,Generated PR item.,Converted to PO
1253,1103,62,468.000,m,2025-01-16,45.00,Urgent,Required for Insulation Materials consumption plan.,0.000,240.000,BG-2024-05,Generated PR item.,Converted to PO
1254,1104,63,215.000,No,2025-01-02,3.00,High,Required for Fasteners consumption plan.,0.000,6400.000,BG-2024-06,Generated PR item.,Converted to PO
1255,1105,64,64.000,No,2025-01-03,5.00,High,Required for Fasteners consumption plan.,0.000,4800.000,BG-2024-07,Generated PR item.,Converted to PO
1256,1106,65,428.000,No,2025-01-18,12.00,High,Required for Fasteners consumption plan.,0.000,2880.000,BG-2024-08,Generated PR item.,Converted to PO
1257,1107,66,446.000,No,2025-01-04,1.50,Urgent,Required for Fasteners consumption plan.,0.000,6400.000,BG-2024-09,Generated PR item.,Converted to PO
1258,1108,67,263.000,No,2025-01-05,2.50,High,Required for Fasteners consumption plan.,0.000,4800.000,BG-2024-10,Generated PR item.,Converted to PO
1259,1109,68,298.000,No,2025-01-12,6.00,High,Required for Fasteners consumption plan.,0.000,2880.000,BG-2024-11,Generated PR item.,Converted to PO
1260,1110,69,127.000,No,2025-01-13,0.80,High,Required for Fasteners consumption plan.,0.000,6400.000,BG-2024-12,Generated PR item.,Converted to PO
1261,1111,70,52.000,No,2025-01-07,1.20,Urgent,Required for Fasteners consumption plan.,0.000,4800.000,BG-2024-01,Generated PR item.,Converted to PO
1262,1112,71,474.000,No,2025-01-12,2.50,High,Required for Fasteners consumption plan.,0.000,2880.000,BG-2025-02,Generated PR item.,Converted to PO
1263,1113,72,252.000,No,2025-01-16,0.80,High,Required for Fasteners consumption plan.,0.000,6400.000,BG-2025-03,Generated PR item.,Converted to PO
1264,1114,73,152.000,No,2025-01-12,1.20,High,Required for Fasteners consumption plan.,0.000,4800.000,BG-2025-04,Generated PR item.,Converted to PO
1265,1115,74,353.000,No,2025-01-12,2.50,Urgent,Required for Fasteners consumption plan.,0.000,2880.000,BG-2025-05,Generated PR item.,Converted to PO
1266,1116,75,32.000,No,2025-01-07,4.00,High,Required for Fasteners consumption plan.,0.000,1600.000,BG-2025-06,Generated PR item.,Converted to PO
1267,1117,76,58.000,No,2025-01-14,7.00,High,Required for Fasteners consumption plan.,0.000,960.000,BG-2025-07,Generated PR item.,Converted to PO
1268,1118,77,136.000,No,2025-01-21,15.00,High,Required for Fasteners consumption plan.,0.000,480.000,BG-2025-08,Generated PR item.,Converted to PO
1269,1119,78,236.000,No,2025-01-18,4.00,Urgent,Required for Fasteners consumption plan.,0.000,3040.000,BG-2025-09,Generated PR item.,Converted to PO
1270,1120,79,196.000,No,2025-01-23,4.00,High,Required for Fasteners consumption plan.,0.000,3040.000,BG-2025-10,Generated PR item.,Converted to PO
1271,1121,80,22798.000,ml,2025-01-09,0.80,High,Required for Consumables consumption plan.,0.000,144000.000,BG-2025-11,Generated PR item.,Converted to PO
1272,1122,81,11189.000,g,2025-01-07,1.20,High,Required for Consumables consumption plan.,0.000,42000.000,BG-2025-12,Generated PR item.,Converted to PO
1273,1123,82,36721.000,ml,2025-01-17,1.50,Urgent,Required for Consumables consumption plan.,0.000,8000.000,BG-2025-01,Generated PR item.,Converted to PO
1274,1124,83,16215.000,g,2025-01-11,0.60,High,Required for Consumables consumption plan.,0.000,24000.000,BG-2025-02,Generated PR item.,Converted to PO
1275,1125,84,58461.000,ml,2025-01-18,0.25,High,Required for Consumables consumption plan.,0.000,156000.000,BG-2025-03,Generated PR item.,Converted to PO
1276,1126,85,26611.000,g,2025-01-25,1.80,High,Required for Consumables consumption plan.,0.000,9000.000,BG-2025-04,Generated PR item.,Converted to PO
1277,1127,86,24397.000,g,2025-01-16,1.20,Urgent,Required for Consumables consumption plan.,0.000,4000.000,BG-2025-05,Generated PR item.,Converted to PO
1278,1128,87,9478.000,g,2025-01-19,0.80,High,Required for Consumables consumption plan.,0.000,12000.000,BG-2025-06,Generated PR item.,Converted to PO
1279,1129,88,227.000,No,2025-01-22,45.00,High,Required for Packaging Materials consumption plan.,0.000,1520.000,BG-2025-07,Generated PR item.,Converted to PO
1280,1130,89,133.000,No,2025-01-12,18.00,High,Required for Packaging Materials consumption plan.,0.000,3040.000,BG-2025-08,Generated PR item.,Converted to PO
1281,1131,90,51.000,Sheet,2025-01-26,10.00,Urgent,Required for Packaging Materials consumption plan.,0.000,1760.000,BG-2025-09,Generated PR item.,Converted to PO
1282,1132,91,88.000,No,2025-01-13,6.00,High,Required for Packaging Materials consumption plan.,0.000,1520.000,BG-2025-10,Generated PR item.,Converted to PO
1283,1133,92,376.000,m,2025-01-24,1.20,High,Required for Packaging Materials consumption plan.,0.000,1600.000,BG-2025-11,Generated PR item.,Converted to PO
1284,1134,93,207.000,No,2025-01-21,3.00,High,Required for Packaging Materials consumption plan.,0.000,1760.000,BG-2025-12,Generated PR item.,Converted to PO
1285,1135,94,97.000,No,2025-01-12,35.00,Urgent,Required for Identification & Documentation consumption plan.,0.000,1520.000,BG-2025-01,Generated PR item.,Converted to PO
1286,1136,95,43.000,No,2025-01-24,3.00,High,Required for Identification & Documentation consumption plan.,0.000,1520.000,BG-2025-02,Generated PR item.,Converted to PO
1287,1137,96,52.000,No,2025-01-14,4.00,High,Required for Identification & Documentation consumption plan.,0.000,1520.000,BG-2025-03,Generated PR item.,Converted to PO
1288,1138,97,30.000,No,2025-01-21,2.00,High,Required for Identification & Documentation consumption plan.,0.000,1520.000,BG-2025-04,Generated PR item.,Converted to PO
1289,1139,98,176.000,No,2025-01-28,8.00,Urgent,Required for Identification & Documentation consumption plan.,0.000,1520.000,BG-2025-05,Generated PR item.,Converted to PO
1290,1140,99,128.000,No,2025-01-28,4.00,High,Required for Identification & Documentation consumption plan.,0.000,1520.000,BG-2025-06,Generated PR item.,Converted to PO
1291,1141,1,253.000,No,2025-01-26,1800.00,High,Required for Core Components consumption plan.,0.000,800.000,BG-2025-07,Generated PR item.,Converted to PO
1292,1142,2,353.000,No,2025-01-21,2800.00,High,Required for Core Components consumption plan.,0.000,480.000,BG-2025-08,Generated PR item.,Converted to PO
1293,1143,3,423.000,No,2025-01-23,6200.00,Urgent,Required for Core Components consumption plan.,0.000,240.000,BG-2025-09,Generated PR item.,Converted to PO
1294,1144,4,408.000,No,2025-01-18,1200.00,High,Required for Core Components consumption plan.,0.000,800.000,BG-2025-10,Generated PR item.,Converted to PO
1295,1145,5,111.000,No,2025-01-29,2200.00,High,Required for Core Components consumption plan.,0.000,480.000,BG-2025-11,Generated PR item.,Converted to PO
1296,1146,6,315.000,No,2025-01-22,5000.00,High,Required for Core Components consumption plan.,0.000,240.000,BG-2025-12,Generated PR item.,Converted to PO
1297,1147,7,222.000,No,2025-01-27,180.00,Urgent,Required for Magnetic Components consumption plan.,0.000,6400.000,BG-2025-01,Generated PR item.,Converted to PO
1298,1148,8,195.000,No,2025-01-20,240.00,High,Required for Magnetic Components consumption plan.,0.000,4800.000,BG-2025-02,Generated PR item.,Converted to PO
1299,1149,9,86.000,No,2025-01-28,360.00,High,Required for Magnetic Components consumption plan.,0.000,2880.000,BG-2025-03,Generated PR item.,Converted to PO
1300,1150,10,101.000,No,2025-01-19,450.00,High,Required for Mechanical Components consumption plan.,0.000,800.000,BG-2025-04,Generated PR item.,Converted to PO
1301,1151,11,223.000,No,2025-01-28,750.00,Urgent,Required for Mechanical Components consumption plan.,0.000,480.000,BG-2025-05,Generated PR item.,Converted to PO
1302,1152,12,13.000,No,2025-01-17,1800.00,High,Required for Mechanical Components consumption plan.,0.000,240.000,BG-2025-06,Generated PR item.,Converted to PO
1303,1153,13,134.000,No,2025-01-18,160.00,High,Required for Mechanical Components consumption plan.,0.000,800.000,BG-2025-07,Generated PR item.,Converted to PO
1304,1154,14,33.000,No,2025-01-23,220.00,High,Required for Mechanical Components consumption plan.,0.000,480.000,BG-2025-08,Generated PR item.,Converted to PO
1305,1155,15,225.000,No,2025-01-27,420.00,Urgent,Required for Mechanical Components consumption plan.,0.000,240.000,BG-2025-09,Generated PR item.,Converted to PO
1306,1156,16,14.000,No,2025-02-01,1300.00,High,Required for Mechanical Components consumption plan.,0.000,800.000,BG-2025-10,Generated PR item.,Converted to PO
1307,1157,17,10.000,No,2025-01-26,2400.00,High,Required for Mechanical Components consumption plan.,0.000,480.000,BG-2025-11,Generated PR item.,Converted to PO
1308,1158,18,85.000,No,2025-01-22,5200.00,High,Required for Mechanical Components consumption plan.,0.000,240.000,BG-2025-12,Generated PR item.,Converted to PO
1309,1159,19,54.000,No,2025-01-28,450.00,Urgent,Required for Mechanical Components consumption plan.,0.000,1520.000,BG-2025-01,Generated PR item.,Converted to PO
1310,1160,20,126.000,No,2025-01-30,450.00,High,Required for Mechanical Components consumption plan.,0.000,1520.000,BG-2025-02,Generated PR item.,Converted to PO
1311,1161,21,78.000,No,2025-02-01,60.00,High,Required for Mechanical Components consumption plan.,0.000,1280.000,BG-2025-03,Generated PR item.,Converted to PO
1312,1162,22,92.000,No,2025-02-04,120.00,High,Required for Mechanical Components consumption plan.,0.000,240.000,BG-2025-04,Generated PR item.,Converted to PO
1313,1163,23,59.000,No,2025-01-28,120.00,Urgent,Required for Bearings consumption plan.,0.000,1600.000,BG-2025-05,Generated PR item.,Converted to PO
1314,1164,24,58.000,No,2025-02-03,220.00,High,Required for Bearings consumption plan.,0.000,960.000,BG-2025-06,Generated PR item.,Converted to PO
1315,1165,25,94.000,No,2025-02-05,650.00,High,Required for Bearings consumption plan.,0.000,480.000,BG-2025-07,Generated PR item.,Converted to PO
1316,1166,26,123.000,No,2025-02-07,15.00,High,Required for Sealing Components consumption plan.,0.000,1520.000,BG-2025-08,Generated PR item.,Converted to PO
1317,1167,27,143.000,No,2025-02-03,45.00,Urgent,Required for Sealing Components consumption plan.,0.000,1280.000,BG-2025-09,Generated PR item.,Converted to PO
1318,1168,28,171.000,No,2025-02-08,110.00,High,Required for Sealing Components consumption plan.,0.000,480.000,BG-2025-10,Generated PR item.,Converted to PO
1319,1169,29,43.000,kg,2025-01-29,850.00,High,Required for Electrical Components consumption plan.,0.000,1440.000,BG-2025-11,Generated PR item.,Converted to PO
1320,1170,30,137.000,kg,2025-02-07,880.00,High,Required for Electrical Components consumption plan.,0.000,1536.000,BG-2025-12,Generated PR item.,Converted to PO
1321,1171,31,174.000,kg,2025-01-26,920.00,Urgent,Required for Electrical Components consumption plan.,0.000,1560.000,BG-2025-01,Generated PR item.,Converted to PO
1322,1172,32,172.000,m,2025-01-27,35.00,High,Required for Electrical Components consumption plan.,0.000,2400.000,BG-2025-02,Generated PR item.,Converted to PO
1323,1173,33,105.000,m,2025-02-10,60.00,High,Required for Electrical Components consumption plan.,0.000,1920.000,BG-2025-03,Generated PR item.,Converted to PO
1324,1174,34,186.000,m,2025-02-03,150.00,High,Required for Electrical Components consumption plan.,0.000,1200.000,BG-2025-04,Generated PR item.,Converted to PO
1325,1175,35,72.000,No,2025-02-07,90.00,Urgent,Required for Electrical Components consumption plan.,0.000,800.000,BG-2025-05,Generated PR item.,Converted to PO
1326,1176,36,148.000,No,2025-02-06,180.00,High,Required for Electrical Components consumption plan.,0.000,480.000,BG-2025-06,Generated PR item.,Converted to PO
1327,1177,37,217.000,No,2025-02-08,420.00,High,Required for Electrical Components consumption plan.,0.000,240.000,BG-2025-07,Generated PR item.,Converted to PO
1328,1178,38,151.000,No,2025-01-31,12.00,High,Required for Electrical Components consumption plan.,0.000,4560.000,BG-2025-08,Generated PR item.,Converted to PO
1329,1179,39,35.000,No,2025-01-31,45.00,Urgent,Required for Electronic Components consumption plan.,0.000,2400.000,BG-2025-09,Generated PR item.,Converted to PO
1330,1180,40,82.000,No,2025-01-28,120.00,High,Required for Electronic Components consumption plan.,0.000,800.000,BG-2025-10,Generated PR item.,Converted to PO
1331,1181,41,174.000,No,2025-02-12,1400.00,High,Required for Electronic Components consumption plan.,0.000,480.000,BG-2025-11,Generated PR item.,Converted to PO
1332,1182,42,86.000,No,2025-02-01,3200.00,High,Required for Electronic Components consumption plan.,0.000,240.000,BG-2025-12,Generated PR item.,Converted to PO
1333,1183,43,149.000,No,2025-02-08,85.00,Urgent,Required for Electronic Components consumption plan.,0.000,480.000,BG-2025-01,Generated PR item.,Converted to PO
1334,1184,44,175.000,No,2025-02-06,220.00,High,Required for Electronic Components consumption plan.,0.000,480.000,BG-2025-02,Generated PR item.,Converted to PO
1335,1185,45,85.000,No,2025-02-01,350.00,High,Required for Electronic Components consumption plan.,0.000,1280.000,BG-2025-03,Generated PR item.,Converted to PO
1336,1186,46,164.000,No,2025-02-06,750.00,High,Required for Electronic Components consumption plan.,0.000,240.000,BG-2025-04,Generated PR item.,Converted to PO
1337,1187,47,35.000,Set,2025-01-31,450.00,Urgent,Required for Electronic Components consumption plan.,0.000,1280.000,BG-2025-05,Generated PR item.,Converted to PO
1338,1188,48,15.000,Set,2025-02-02,950.00,High,Required for Electronic Components consumption plan.,0.000,240.000,BG-2025-06,Generated PR item.,Converted to PO
1339,1189,49,96.000,No,2025-02-01,25.00,High,Required for Electronic Components consumption plan.,0.000,800.000,BG-2025-07,Generated PR item.,Converted to PO
1340,1190,50,113.000,No,2025-02-13,40.00,High,Required for Electronic Components consumption plan.,0.000,480.000,BG-2025-08,Generated PR item.,Converted to PO
1341,1191,51,5.000,No,2025-02-10,110.00,Urgent,Required for Electronic Components consumption plan.,0.000,240.000,BG-2025-09,Generated PR item.,Converted to PO
1342,1192,52,224.000,No,2025-02-16,2.00,High,Required for Electronic Components consumption plan.,0.000,4000.000,BG-2025-10,Generated PR item.,Converted to PO
1343,1193,53,134.000,No,2025-02-08,3.00,High,Required for Electronic Components consumption plan.,0.000,2880.000,BG-2025-11,Generated PR item.,Converted to PO
1344,1194,54,13.000,No,2025-02-04,5.00,High,Required for Electronic Components consumption plan.,0.000,1920.000,BG-2025-12,Generated PR item.,Converted to PO
1345,1195,55,218.000,No,2025-02-11,8.00,Urgent,Required for Insulation Materials consumption plan.,0.000,19200.000,BG-2025-01,Generated PR item.,Converted to PO
1346,1196,56,215.000,No,2025-02-17,10.00,High,Required for Insulation Materials consumption plan.,0.000,17280.000,BG-2025-02,Generated PR item.,Converted to PO
1347,1197,57,7.000,No,2025-02-11,12.00,High,Required for Insulation Materials consumption plan.,0.000,11520.000,BG-2025-03,Generated PR item.,Converted to PO
1348,1198,58,45.000,No,2025-02-02,6.00,High,Required for Insulation Materials consumption plan.,0.000,48000.000,BG-2025-04,Generated PR item.,Converted to PO
1349,1199,59,94.000,No,2025-02-07,5.00,Urgent,Required for Insulation Materials consumption plan.,0.000,48000.000,BG-2025-05,Generated PR item.,Converted to PO
1350,1200,60,263.000,m,2025-02-18,18.00,High,Required for Insulation Materials consumption plan.,0.000,400.000,BG-2025-06,Generated PR item.,Converted to PO
1351,1201,61,369.000,m,2025-02-11,25.00,High,Required for Insulation Materials consumption plan.,0.000,384.000,BG-2025-07,Generated PR item.,Converted to PO
1352,1202,62,224.000,m,2025-02-19,45.00,High,Required for Insulation Materials consumption plan.,0.000,240.000,BG-2025-08,Generated PR item.,Converted to PO
1353,1203,63,314.000,No,2025-02-11,3.00,Urgent,Required for Fasteners consumption plan.,0.000,6400.000,BG-2025-09,Generated PR item.,Converted to PO
1354,1204,64,24.000,No,2025-02-03,5.00,High,Required for Fasteners consumption plan.,0.000,4800.000,BG-2025-10,Generated PR item.,Converted to PO
1355,1205,65,336.000,No,2025-02-18,12.00,High,Required for Fasteners consumption plan.,0.000,2880.000,BG-2025-11,Generated PR item.,Converted to PO
1356,1206,66,460.000,No,2025-02-16,1.50,High,Required for Fasteners consumption plan.,0.000,6400.000,BG-2025-12,Generated PR item.,Converted to PO
1357,1207,67,273.000,No,2025-02-15,2.50,Urgent,Required for Fasteners consumption plan.,0.000,4800.000,BG-2025-01,Generated PR item.,Converted to PO
1358,1208,68,238.000,No,2025-02-21,6.00,High,Required for Fasteners consumption plan.,0.000,2880.000,BG-2025-02,Generated PR item.,Converted to PO
1359,1209,69,162.000,No,2025-02-07,0.80,High,Required for Fasteners consumption plan.,0.000,6400.000,BG-2025-03,Generated PR item.,Converted to PO
1360,1210,70,479.000,No,2025-02-20,1.20,High,Required for Fasteners consumption plan.,0.000,4800.000,BG-2025-04,Generated PR item.,Converted to PO
1361,1211,71,35.000,No,2025-02-09,2.50,Urgent,Required for Fasteners consumption plan.,0.000,2880.000,BG-2025-05,Generated PR item.,Converted to PO
1362,1212,72,157.000,No,2025-02-22,0.80,High,Required for Fasteners consumption plan.,0.000,6400.000,BG-2025-06,Generated PR item.,Converted to PO
1363,1213,73,86.000,No,2025-02-08,1.20,High,Required for Fasteners consumption plan.,0.000,4800.000,BG-2025-07,Generated PR item.,Converted to PO
1364,1214,74,436.000,No,2025-02-14,2.50,High,Required for Fasteners consumption plan.,0.000,2880.000,BG-2025-08,Generated PR item.,Converted to PO
1365,1215,75,252.000,No,2025-02-20,4.00,Urgent,Required for Fasteners consumption plan.,0.000,1600.000,BG-2025-09,Generated PR item.,Converted to PO
1366,1216,76,463.000,No,2025-02-08,7.00,High,Required for Fasteners consumption plan.,0.000,960.000,BG-2025-10,Generated PR item.,Converted to PO
1367,1217,77,339.000,No,2025-02-08,15.00,High,Required for Fasteners consumption plan.,0.000,480.000,BG-2025-11,Generated PR item.,Converted to PO
1368,1218,78,287.000,No,2025-02-22,4.00,High,Required for Fasteners consumption plan.,0.000,3040.000,BG-2025-12,Generated PR item.,Converted to PO
1369,1219,79,268.000,No,2025-02-09,4.00,Urgent,Required for Fasteners consumption plan.,0.000,3040.000,BG-2025-01,Generated PR item.,Converted to PO
1370,1220,80,24254.000,ml,2025-02-19,0.80,High,Required for Consumables consumption plan.,0.000,144000.000,BG-2025-02,Generated PR item.,Converted to PO
1371,1221,81,17299.000,g,2025-02-25,1.20,High,Required for Consumables consumption plan.,0.000,42000.000,BG-2025-03,Generated PR item.,Converted to PO
1372,1222,82,70099.000,ml,2025-02-20,1.50,High,Required for Consumables consumption plan.,0.000,8000.000,BG-2025-04,Generated PR item.,Converted to PO
1373,1223,83,28995.000,g,2025-02-17,0.60,Urgent,Required for Consumables consumption plan.,0.000,24000.000,BG-2025-05,Generated PR item.,Converted to PO
1374,1224,84,57153.000,ml,2025-02-16,0.25,High,Required for Consumables consumption plan.,0.000,156000.000,BG-2025-06,Generated PR item.,Converted to PO
1375,1225,85,28227.000,g,2025-02-21,1.80,High,Required for Consumables consumption plan.,0.000,9000.000,BG-2025-07,Generated PR item.,Converted to PO
1376,1226,86,28392.000,g,2025-02-20,1.20,High,Required for Consumables consumption plan.,0.000,4000.000,BG-2025-08,Generated PR item.,Converted to PO
1377,1227,87,16154.000,g,2025-02-19,0.80,Urgent,Required for Consumables consumption plan.,0.000,12000.000,BG-2025-09,Generated PR item.,Converted to PO
1378,1228,88,113.000,No,2025-02-13,45.00,High,Required for Packaging Materials consumption plan.,0.000,1520.000,BG-2025-10,Generated PR item.,Converted to PO
1379,1229,89,40.000,No,2025-02-22,18.00,High,Required for Packaging Materials consumption plan.,0.000,3040.000,BG-2025-11,Generated PR item.,Converted to PO
1380,1230,90,71.000,Sheet,2025-02-26,10.00,High,Required for Packaging Materials consumption plan.,0.000,1760.000,BG-2025-12,Generated PR item.,Converted to PO
1381,1231,91,221.000,No,2025-02-25,6.00,Urgent,Required for Packaging Materials consumption plan.,0.000,1520.000,BG-2025-01,Generated PR item.,Converted to PO
1382,1232,92,86.000,m,2025-02-14,1.20,High,Required for Packaging Materials consumption plan.,0.000,1600.000,BG-2025-02,Generated PR item.,Converted to PO
1383,1233,93,102.000,No,2025-02-25,3.00,High,Required for Packaging Materials consumption plan.,0.000,1760.000,BG-2025-03,Generated PR item.,Converted to PO
1384,1234,94,176.000,No,2025-02-26,35.00,High,Required for Identification & Documentation consumption plan.,0.000,1520.000,BG-2025-04,Generated PR item.,Converted to PO
1385,1235,95,64.000,No,2025-02-16,3.00,Urgent,Required for Identification & Documentation consumption plan.,0.000,1520.000,BG-2025-05,Generated PR item.,Converted to PO
1386,1236,96,244.000,No,2025-03-01,4.00,High,Required for Identification & Documentation consumption plan.,0.000,1520.000,BG-2025-06,Generated PR item.,Converted to PO
1387,1237,97,164.000,No,2025-02-23,2.00,High,Required for Identification & Documentation consumption plan.,0.000,1520.000,BG-2025-07,Generated PR item.,Converted to PO
1388,1238,98,11.000,No,2025-02-22,8.00,High,Required for Identification & Documentation consumption plan.,0.000,1520.000,BG-2025-08,Generated PR item.,Converted to PO
1389,1239,99,65.000,No,2025-02-27,4.00,Urgent,Required for Identification & Documentation consumption plan.,0.000,1520.000,BG-2025-09,Generated PR item.,Converted to PO
1390,1240,1,383.000,No,2025-02-23,1800.00,High,Required for Core Components consumption plan.,0.000,800.000,BG-2025-10,Generated PR item.,Converted to PO
1391,1241,2,439.000,No,2025-02-24,2800.00,High,Required for Core Components consumption plan.,0.000,480.000,BG-2025-11,Generated PR item.,Converted to PO
1392,1242,3,468.000,No,2025-02-20,6200.00,High,Required for Core Components consumption plan.,0.000,240.000,BG-2025-12,Generated PR item.,Converted to PO
1393,1243,4,433.000,No,2025-03-04,1200.00,Urgent,Required for Core Components consumption plan.,0.000,800.000,BG-2025-01,Generated PR item.,Converted to PO
1394,1244,5,83.000,No,2025-03-05,2200.00,High,Required for Core Components consumption plan.,0.000,480.000,BG-2025-02,Generated PR item.,Converted to PO
1395,1245,6,379.000,No,2025-02-18,5000.00,High,Required for Core Components consumption plan.,0.000,240.000,BG-2025-03,Generated PR item.,Converted to PO
1396,1246,7,32.000,No,2025-03-02,180.00,High,Required for Magnetic Components consumption plan.,0.000,6400.000,BG-2025-04,Generated PR item.,Converted to PO
1397,1247,8,23.000,No,2025-02-17,240.00,Urgent,Required for Magnetic Components consumption plan.,0.000,4800.000,BG-2025-05,Generated PR item.,Converted to PO
1398,1248,9,175.000,No,2025-02-23,360.00,High,Required for Magnetic Components consumption plan.,0.000,2880.000,BG-2025-06,Generated PR item.,Converted to PO
1399,1249,10,122.000,No,2025-03-07,450.00,High,Required for Mechanical Components consumption plan.,0.000,800.000,BG-2025-07,Generated PR item.,Converted to PO
1400,1250,11,164.000,No,2025-02-21,750.00,High,Required for Mechanical Components consumption plan.,0.000,480.000,BG-2025-08,Generated PR item.,Converted to PO
1401,1251,12,214.000,No,2025-02-25,1800.00,Urgent,Required for Mechanical Components consumption plan.,0.000,240.000,BG-2025-09,Generated PR item.,Converted to PO
1402,1252,13,21.000,No,2025-02-22,160.00,High,Required for Mechanical Components consumption plan.,0.000,800.000,BG-2025-10,Generated PR item.,Converted to PO
1403,1253,14,134.000,No,2025-03-04,220.00,High,Required for Mechanical Components consumption plan.,0.000,480.000,BG-2025-11,Generated PR item.,Converted to PO
1404,1254,15,210.000,No,2025-02-28,420.00,High,Required for Mechanical Components consumption plan.,0.000,240.000,BG-2025-12,Generated PR item.,Converted to PO
1405,1255,16,113.000,No,2025-03-02,1300.00,Urgent,Required for Mechanical Components consumption plan.,0.000,800.000,BG-2025-01,Generated PR item.,Converted to PO
1406,1256,17,133.000,No,2025-03-08,2400.00,High,Required for Mechanical Components consumption plan.,0.000,480.000,BG-2025-02,Generated PR item.,Converted to PO
1407,1257,18,127.000,No,2025-03-01,5200.00,High,Required for Mechanical Components consumption plan.,0.000,240.000,BG-2025-03,Generated PR item.,Converted to PO
1408,1258,19,228.000,No,2025-03-05,450.00,High,Required for Mechanical Components consumption plan.,0.000,1520.000,BG-2025-04,Generated PR item.,Converted to PO
1409,1259,20,17.000,No,2025-02-22,450.00,Urgent,Required for Mechanical Components consumption plan.,0.000,1520.000,BG-2025-05,Generated PR item.,Converted to PO
1410,1260,21,220.000,No,2025-02-24,60.00,High,Required for Mechanical Components consumption plan.,0.000,1280.000,BG-2025-06,Generated PR item.,Converted to PO
1411,1261,22,205.000,No,2025-03-10,120.00,High,Required for Mechanical Components consumption plan.,0.000,240.000,BG-2025-07,Generated PR item.,Converted to PO
1412,1262,23,83.000,No,2025-03-08,120.00,High,Required for Bearings consumption plan.,0.000,1600.000,BG-2025-08,Generated PR item.,Converted to PO
1413,1263,24,44.000,No,2025-03-04,220.00,Urgent,Required for Bearings consumption plan.,0.000,960.000,BG-2025-09,Generated PR item.,Converted to PO
1414,1264,25,54.000,No,2025-02-28,650.00,High,Required for Bearings consumption plan.,0.000,480.000,BG-2025-10,Generated PR item.,Converted to PO
1415,1265,26,95.000,No,2025-02-25,15.00,High,Required for Sealing Components consumption plan.,0.000,1520.000,BG-2025-11,Generated PR item.,Converted to PO
1416,1266,27,66.000,No,2025-03-09,45.00,High,Required for Sealing Components consumption plan.,0.000,1280.000,BG-2025-12,Generated PR item.,Converted to PO
1417,1267,28,220.000,No,2025-03-08,110.00,Urgent,Required for Sealing Components consumption plan.,0.000,480.000,BG-2025-01,Generated PR item.,Converted to PO
1418,1268,29,106.000,kg,2025-02-26,850.00,High,Required for Electrical Components consumption plan.,0.000,1440.000,BG-2025-02,Generated PR item.,Converted to PO
1419,1269,30,148.000,kg,2025-03-05,880.00,High,Required for Electrical Components consumption plan.,0.000,1536.000,BG-2025-03,Generated PR item.,Converted to PO
1420,1270,31,29.000,kg,2025-03-07,920.00,High,Required for Electrical Components consumption plan.,0.000,1560.000,BG-2025-04,Generated PR item.,Converted to PO
1421,1271,32,399.000,m,2025-03-04,35.00,Urgent,Required for Electrical Components consumption plan.,0.000,2400.000,BG-2025-05,Generated PR item.,Converted to PO
1422,1272,33,336.000,m,2025-03-12,60.00,High,Required for Electrical Components consumption plan.,0.000,1920.000,BG-2025-06,Generated PR item.,Converted to PO
1423,1273,34,499.000,m,2025-02-26,150.00,High,Required for Electrical Components consumption plan.,0.000,1200.000,BG-2025-07,Generated PR item.,Converted to PO
1424,1274,35,37.000,No,2025-02-28,90.00,High,Required for Electrical Components consumption plan.,0.000,800.000,BG-2025-08,Generated PR item.,Converted to PO
1425,1275,36,137.000,No,2025-02-26,180.00,Urgent,Required for Electrical Components consumption plan.,0.000,480.000,BG-2025-09,Generated PR item.,Converted to PO
1426,1276,37,130.000,No,2025-03-09,420.00,High,Required for Electrical Components consumption plan.,0.000,240.000,BG-2025-10,Generated PR item.,Converted to PO
1427,1277,38,137.000,No,2025-03-09,12.00,High,Required for Electrical Components consumption plan.,0.000,4560.000,BG-2025-11,Generated PR item.,Converted to PO
1428,1278,39,18.000,No,2025-03-15,45.00,High,Required for Electronic Components consumption plan.,0.000,2400.000,BG-2025-12,Generated PR item.,Converted to PO
1429,1279,40,121.000,No,2025-03-08,120.00,Urgent,Required for Electronic Components consumption plan.,0.000,800.000,BG-2025-01,Generated PR item.,Converted to PO
1430,1280,41,78.000,No,2025-03-01,1400.00,High,Required for Electronic Components consumption plan.,0.000,480.000,BG-2025-02,Generated PR item.,Converted to PO
1431,1281,42,156.000,No,2025-03-07,3200.00,High,Required for Electronic Components consumption plan.,0.000,240.000,BG-2025-03,Generated PR item.,Converted to PO
1432,1282,43,62.000,No,2025-02-28,85.00,High,Required for Electronic Components consumption plan.,0.000,480.000,BG-2025-04,Generated PR item.,Converted to PO
1433,1283,44,112.000,No,2025-03-11,220.00,Urgent,Required for Electronic Components consumption plan.,0.000,480.000,BG-2025-05,Generated PR item.,Converted to PO
1434,1284,45,157.000,No,2025-03-12,350.00,High,Required for Electronic Components consumption plan.,0.000,1280.000,BG-2025-06,Generated PR item.,Converted to PO
1435,1285,46,20.000,No,2025-03-15,750.00,High,Required for Electronic Components consumption plan.,0.000,240.000,BG-2025-07,Generated PR item.,Converted to PO
1436,1286,47,64.000,Set,2025-03-07,450.00,High,Required for Electronic Components consumption plan.,0.000,1280.000,BG-2025-08,Generated PR item.,Converted to PO
1437,1287,48,59.000,Set,2025-03-06,950.00,Urgent,Required for Electronic Components consumption plan.,0.000,240.000,BG-2025-09,Generated PR item.,Converted to PO
1438,1288,49,19.000,No,2025-03-02,25.00,High,Required for Electronic Components consumption plan.,0.000,800.000,BG-2025-10,Generated PR item.,Converted to PO
1439,1289,50,20.000,No,2025-03-09,40.00,High,Required for Electronic Components consumption plan.,0.000,480.000,BG-2025-11,Generated PR item.,Converted to PO
1440,1290,51,214.000,No,2025-03-10,110.00,High,Required for Electronic Components consumption plan.,0.000,240.000,BG-2025-12,Generated PR item.,Converted to PO
1441,1291,52,74.000,No,2025-03-15,2.00,Urgent,Required for Electronic Components consumption plan.,0.000,4000.000,BG-2025-01,Generated PR item.,Converted to PO
1442,1292,53,216.000,No,2025-03-15,3.00,High,Required for Electronic Components consumption plan.,0.000,2880.000,BG-2025-02,Generated PR item.,Converted to PO
1443,1293,54,127.000,No,2025-03-06,5.00,High,Required for Electronic Components consumption plan.,0.000,1920.000,BG-2025-03,Generated PR item.,Converted to PO
1444,1294,55,89.000,No,2025-03-09,8.00,High,Required for Insulation Materials consumption plan.,0.000,19200.000,BG-2025-04,Generated PR item.,Converted to PO
1445,1295,56,72.000,No,2025-03-13,10.00,Urgent,Required for Insulation Materials consumption plan.,0.000,17280.000,BG-2025-05,Generated PR item.,Converted to PO
1446,1296,57,167.000,No,2025-03-10,12.00,High,Required for Insulation Materials consumption plan.,0.000,11520.000,BG-2025-06,Generated PR item.,Converted to PO
1447,1297,58,31.000,No,2025-03-05,6.00,High,Required for Insulation Materials consumption plan.,0.000,48000.000,BG-2025-07,Generated PR item.,Converted to PO
1448,1298,59,104.000,No,2025-03-20,5.00,High,Required for Insulation Materials consumption plan.,0.000,48000.000,BG-2025-08,Generated PR item.,Converted to PO
1449,1299,60,186.000,m,2025-03-18,18.00,Urgent,Required for Insulation Materials consumption plan.,0.000,400.000,BG-2025-09,Generated PR item.,Converted to PO
1450,1300,61,94.000,m,2025-03-14,25.00,High,Required for Insulation Materials consumption plan.,0.000,384.000,BG-2025-10,Generated PR item.,Converted to PO
1451,1301,62,189.000,m,2025-03-10,45.00,High,Required for Insulation Materials consumption plan.,0.000,240.000,BG-2025-11,Generated PR item.,Converted to PO
1452,1302,63,274.000,No,2025-03-20,3.00,High,Required for Fasteners consumption plan.,0.000,6400.000,BG-2025-12,Generated PR item.,Converted to PO
1453,1303,64,345.000,No,2025-03-06,5.00,Urgent,Required for Fasteners consumption plan.,0.000,4800.000,BG-2025-01,Generated PR item.,Converted to PO
1454,1304,65,61.000,No,2025-03-14,12.00,High,Required for Fasteners consumption plan.,0.000,2880.000,BG-2025-02,Generated PR item.,Converted to PO
1455,1305,66,439.000,No,2025-03-20,1.50,High,Required for Fasteners consumption plan.,0.000,6400.000,BG-2025-03,Generated PR item.,Converted to PO
1456,1306,67,442.000,No,2025-03-24,2.50,High,Required for Fasteners consumption plan.,0.000,4800.000,BG-2025-04,Generated PR item.,Converted to PO
1457,1307,68,352.000,No,2025-03-11,6.00,Urgent,Required for Fasteners consumption plan.,0.000,2880.000,BG-2025-05,Generated PR item.,Converted to PO
1458,1308,69,464.000,No,2025-03-18,0.80,High,Required for Fasteners consumption plan.,0.000,6400.000,BG-2025-06,Generated PR item.,Converted to PO
1459,1309,70,225.000,No,2025-03-10,1.20,High,Required for Fasteners consumption plan.,0.000,4800.000,BG-2025-07,Generated PR item.,Converted to PO
1460,1310,71,415.000,No,2025-03-09,2.50,High,Required for Fasteners consumption plan.,0.000,2880.000,BG-2025-08,Generated PR item.,Converted to PO
1461,1311,72,369.000,No,2025-03-14,0.80,Urgent,Required for Fasteners consumption plan.,0.000,6400.000,BG-2025-09,Generated PR item.,Converted to PO
1462,1312,73,290.000,No,2025-03-23,1.20,High,Required for Fasteners consumption plan.,0.000,4800.000,BG-2025-10,Generated PR item.,Converted to PO
1463,1313,74,106.000,No,2025-03-20,2.50,High,Required for Fasteners consumption plan.,0.000,2880.000,BG-2025-11,Generated PR item.,Converted to PO
1464,1314,75,288.000,No,2025-03-16,4.00,High,Required for Fasteners consumption plan.,0.000,1600.000,BG-2025-12,Generated PR item.,Converted to PO
1465,1315,76,453.000,No,2025-03-14,7.00,Urgent,Required for Fasteners consumption plan.,0.000,960.000,BG-2025-01,Generated PR item.,Converted to PO
1466,1316,77,493.000,No,2025-03-11,15.00,High,Required for Fasteners consumption plan.,0.000,480.000,BG-2025-02,Generated PR item.,Converted to PO
1467,1317,78,235.000,No,2025-03-13,4.00,High,Required for Fasteners consumption plan.,0.000,3040.000,BG-2025-03,Generated PR item.,Converted to PO
1468,1318,79,139.000,No,2025-03-12,4.00,High,Required for Fasteners consumption plan.,0.000,3040.000,BG-2025-04,Generated PR item.,Converted to PO
1469,1319,80,76013.000,ml,2025-03-13,0.80,Urgent,Required for Consumables consumption plan.,0.000,144000.000,BG-2025-05,Generated PR item.,Converted to PO
1470,1320,81,3202.000,g,2025-03-22,1.20,High,Required for Consumables consumption plan.,0.000,42000.000,BG-2025-06,Generated PR item.,Converted to PO
1471,1321,82,19353.000,ml,2025-03-12,1.50,High,Required for Consumables consumption plan.,0.000,8000.000,BG-2025-07,Generated PR item.,Converted to PO
1472,1322,83,17296.000,g,2025-03-11,0.60,High,Required for Consumables consumption plan.,0.000,24000.000,BG-2025-08,Generated PR item.,Converted to PO
1473,1323,84,99070.000,ml,2025-03-20,0.25,Urgent,Required for Consumables consumption plan.,0.000,156000.000,BG-2025-09,Generated PR item.,Converted to PO
1474,1324,85,10535.000,g,2025-03-16,1.80,High,Required for Consumables consumption plan.,0.000,9000.000,BG-2025-10,Generated PR item.,Converted to PO
1475,1325,86,13856.000,g,2025-03-19,1.20,High,Required for Consumables consumption plan.,0.000,4000.000,BG-2025-11,Generated PR item.,Converted to PO
1476,1326,87,10348.000,g,2025-03-13,0.80,High,Required for Consumables consumption plan.,0.000,12000.000,BG-2025-12,Generated PR item.,Converted to PO
1477,1327,88,113.000,No,2025-03-14,45.00,Urgent,Required for Packaging Materials consumption plan.,0.000,1520.000,BG-2025-01,Generated PR item.,Converted to PO
1478,1328,89,6.000,No,2025-03-19,18.00,High,Required for Packaging Materials consumption plan.,0.000,3040.000,BG-2025-02,Generated PR item.,Converted to PO
1479,1329,90,151.000,Sheet,2025-03-24,10.00,High,Required for Packaging Materials consumption plan.,0.000,1760.000,BG-2025-03,Generated PR item.,Converted to PO
1480,1330,91,151.000,No,2025-03-19,6.00,High,Required for Packaging Materials consumption plan.,0.000,1520.000,BG-2025-04,Generated PR item.,Converted to PO
1481,1331,92,171.000,m,2025-03-21,1.20,Urgent,Required for Packaging Materials consumption plan.,0.000,1600.000,BG-2025-05,Generated PR item.,Converted to PO
1482,1332,93,69.000,No,2025-03-21,3.00,High,Required for Packaging Materials consumption plan.,0.000,1760.000,BG-2025-06,Generated PR item.,Converted to PO
1483,1333,94,192.000,No,2025-03-16,35.00,High,Required for Identification & Documentation consumption plan.,0.000,1520.000,BG-2025-07,Generated PR item.,Converted to PO
1484,1334,95,51.000,No,2025-03-18,3.00,High,Required for Identification & Documentation consumption plan.,0.000,1520.000,BG-2025-08,Generated PR item.,Converted to PO
1485,1335,96,16.000,No,2025-03-20,4.00,Urgent,Required for Identification & Documentation consumption plan.,0.000,1520.000,BG-2025-09,Generated PR item.,Converted to PO
1486,1336,97,14.000,No,2025-03-13,2.00,High,Required for Identification & Documentation consumption plan.,0.000,1520.000,BG-2025-10,Generated PR item.,Converted to PO
1487,1337,98,221.000,No,2025-03-25,8.00,High,Required for Identification & Documentation consumption plan.,0.000,1520.000,BG-2025-11,Generated PR item.,Converted to PO
1488,1338,99,94.000,No,2025-03-24,4.00,High,Required for Identification & Documentation consumption plan.,0.000,1520.000,BG-2025-12,Generated PR item.,Converted to PO
1489,1339,1,95.000,No,2025-03-18,1800.00,Urgent,Required for Core Components consumption plan.,0.000,800.000,BG-2025-01,Generated PR item.,Converted to PO
1490,1340,2,446.000,No,2025-03-20,2800.00,High,Required for Core Components consumption plan.,0.000,480.000,BG-2025-02,Generated PR item.,Converted to PO
1491,1341,3,117.000,No,2025-03-19,6200.00,High,Required for Core Components consumption plan.,0.000,240.000,BG-2025-03,Generated PR item.,Converted to PO
1492,1342,4,201.000,No,2025-03-25,1200.00,High,Required for Core Components consumption plan.,0.000,800.000,BG-2025-04,Generated PR item.,Converted to PO
1493,1343,5,59.000,No,2025-03-27,2200.00,Urgent,Required for Core Components consumption plan.,0.000,480.000,BG-2025-05,Generated PR item.,Converted to PO
1494,1344,6,356.000,No,2025-03-15,5000.00,High,Required for Core Components consumption plan.,0.000,240.000,BG-2025-06,Generated PR item.,Converted to PO
1495,1345,7,177.000,No,2025-03-21,180.00,High,Required for Magnetic Components consumption plan.,0.000,6400.000,BG-2025-07,Generated PR item.,Converted to PO
1496,1346,8,191.000,No,2025-03-15,240.00,High,Required for Magnetic Components consumption plan.,0.000,4800.000,BG-2025-08,Generated PR item.,Converted to PO
1497,1347,9,69.000,No,2025-03-23,360.00,Urgent,Required for Magnetic Components consumption plan.,0.000,2880.000,BG-2025-09,Generated PR item.,Converted to PO
1498,1348,10,85.000,No,2025-03-21,450.00,High,Required for Mechanical Components consumption plan.,0.000,800.000,BG-2025-10,Generated PR item.,Converted to PO
1499,1349,11,235.000,No,2025-03-23,750.00,High,Required for Mechanical Components consumption plan.,0.000,480.000,BG-2025-11,Generated PR item.,Converted to PO
1500,1350,12,207.000,No,2025-03-26,1800.00,High,Required for Mechanical Components consumption plan.,0.000,240.000,BG-2025-12,Generated PR item.,Converted to PO
1501,1351,13,14.000,No,2025-03-23,160.00,Urgent,Required for Mechanical Components consumption plan.,0.000,800.000,BG-2025-01,Generated PR item.,Converted to PO
1502,1352,14,175.000,No,2025-03-25,220.00,High,Required for Mechanical Components consumption plan.,0.000,480.000,BG-2025-02,Generated PR item.,Converted to PO
1503,1353,15,204.000,No,2025-03-31,420.00,High,Required for Mechanical Components consumption plan.,0.000,240.000,BG-2025-03,Generated PR item.,Converted to PO
1504,1354,16,142.000,No,2025-04-02,1300.00,High,Required for Mechanical Components consumption plan.,0.000,800.000,BG-2025-04,Generated PR item.,Converted to PO
1505,1355,17,162.000,No,2025-03-19,2400.00,Urgent,Required for Mechanical Components consumption plan.,0.000,480.000,BG-2025-05,Generated PR item.,Converted to PO
1506,1356,18,5.000,No,2025-03-25,5200.00,High,Required for Mechanical Components consumption plan.,0.000,240.000,BG-2025-06,Generated PR item.,Converted to PO
1507,1357,19,12.000,No,2025-04-03,450.00,High,Required for Mechanical Components consumption plan.,0.000,1520.000,BG-2025-07,Generated PR item.,Converted to PO
1508,1358,20,13.000,No,2025-03-29,450.00,High,Required for Mechanical Components consumption plan.,0.000,1520.000,BG-2025-08,Generated PR item.,Converted to PO
1509,1359,21,44.000,No,2025-03-24,60.00,Urgent,Required for Mechanical Components consumption plan.,0.000,1280.000,BG-2025-09,Generated PR item.,Converted to PO
1510,1360,22,248.000,No,2025-03-31,120.00,High,Required for Mechanical Components consumption plan.,0.000,240.000,BG-2025-10,Generated PR item.,Converted to PO
1511,1361,23,65.000,No,2025-03-23,120.00,High,Required for Bearings consumption plan.,0.000,1600.000,BG-2025-11,Generated PR item.,Converted to PO
1512,1362,24,80.000,No,2025-03-22,220.00,High,Required for Bearings consumption plan.,0.000,960.000,BG-2025-12,Generated PR item.,Converted to PO
1513,1363,25,33.000,No,2025-04-02,650.00,Urgent,Required for Bearings consumption plan.,0.000,480.000,BG-2025-01,Generated PR item.,Converted to PO
1514,1364,26,235.000,No,2025-04-02,15.00,High,Required for Sealing Components consumption plan.,0.000,1520.000,BG-2025-02,Generated PR item.,Converted to PO
1515,1365,27,53.000,No,2025-04-06,45.00,High,Required for Sealing Components consumption plan.,0.000,1280.000,BG-2025-03,Generated PR item.,Converted to PO
1516,1366,28,226.000,No,2025-03-30,110.00,High,Required for Sealing Components consumption plan.,0.000,480.000,BG-2025-04,Generated PR item.,Converted to PO
1517,1367,29,15.000,kg,2025-04-08,850.00,Urgent,Required for Electrical Components consumption plan.,0.000,1440.000,BG-2025-05,Generated PR item.,Converted to PO
1518,1368,30,13.000,kg,2025-03-31,880.00,High,Required for Electrical Components consumption plan.,0.000,1536.000,BG-2025-06,Generated PR item.,Converted to PO
1519,1369,31,25.000,kg,2025-04-06,920.00,High,Required for Electrical Components consumption plan.,0.000,1560.000,BG-2025-07,Generated PR item.,Converted to PO
1520,1370,32,400.000,m,2025-03-25,35.00,High,Required for Electrical Components consumption plan.,0.000,2400.000,BG-2025-08,Generated PR item.,Converted to PO
1521,1371,33,143.000,m,2025-03-26,60.00,Urgent,Required for Electrical Components consumption plan.,0.000,1920.000,BG-2025-09,Generated PR item.,Converted to PO
1522,1372,34,237.000,m,2025-04-08,150.00,High,Required for Electrical Components consumption plan.,0.000,1200.000,BG-2025-10,Generated PR item.,Converted to PO
1523,1373,35,120.000,No,2025-04-09,90.00,High,Required for Electrical Components consumption plan.,0.000,800.000,BG-2025-11,Generated PR item.,Converted to PO
1524,1374,36,199.000,No,2025-04-10,180.00,High,Required for Electrical Components consumption plan.,0.000,480.000,BG-2025-12,Generated PR item.,Converted to PO
1525,1375,37,90.000,No,2025-03-31,420.00,Urgent,Required for Electrical Components consumption plan.,0.000,240.000,BG-2025-01,Generated PR item.,Converted to PO
1526,1376,38,6.000,No,2025-03-26,12.00,High,Required for Electrical Components consumption plan.,0.000,4560.000,BG-2025-02,Generated PR item.,Converted to PO
1527,1377,39,100.000,No,2025-04-12,45.00,High,Required for Electronic Components consumption plan.,0.000,2400.000,BG-2025-03,Generated PR item.,Converted to PO
1528,1378,40,75.000,No,2025-04-05,120.00,High,Required for Electronic Components consumption plan.,0.000,800.000,BG-2025-04,Generated PR item.,Converted to PO
1529,1379,41,184.000,No,2025-03-30,1400.00,Urgent,Required for Electronic Components consumption plan.,0.000,480.000,BG-2025-05,Generated PR item.,Converted to PO
1530,1380,42,189.000,No,2025-04-08,3200.00,High,Required for Electronic Components consumption plan.,0.000,240.000,BG-2025-06,Generated PR item.,Converted to PO
1531,1381,43,27.000,No,2025-04-11,85.00,High,Required for Electronic Components consumption plan.,0.000,480.000,BG-2025-07,Generated PR item.,Converted to PO
1532,1382,44,200.000,No,2025-04-01,220.00,High,Required for Electronic Components consumption plan.,0.000,480.000,BG-2025-08,Generated PR item.,Converted to PO
1533,1383,45,22.000,No,2025-04-09,350.00,Urgent,Required for Electronic Components consumption plan.,0.000,1280.000,BG-2025-09,Generated PR item.,Converted to PO
1534,1384,46,157.000,No,2025-04-10,750.00,High,Required for Electronic Components consumption plan.,0.000,240.000,BG-2025-10,Generated PR item.,Converted to PO
1535,1385,47,34.000,Set,2025-04-05,450.00,High,Required for Electronic Components consumption plan.,0.000,1280.000,BG-2025-11,Generated PR item.,Converted to PO
1536,1386,48,27.000,Set,2025-04-07,950.00,High,Required for Electronic Components consumption plan.,0.000,240.000,BG-2025-12,Generated PR item.,Converted to PO
1537,1387,49,123.000,No,2025-04-01,25.00,Urgent,Required for Electronic Components consumption plan.,0.000,800.000,BG-2025-01,Generated PR item.,Converted to PO
1538,1388,50,81.000,No,2025-04-13,40.00,High,Required for Electronic Components consumption plan.,0.000,480.000,BG-2025-02,Generated PR item.,Converted to PO
1539,1389,51,200.000,No,2025-04-14,110.00,High,Required for Electronic Components consumption plan.,0.000,240.000,BG-2025-03,Generated PR item.,Converted to PO
1540,1390,52,242.000,No,2025-04-15,2.00,High,Required for Electronic Components consumption plan.,0.000,4000.000,BG-2025-04,Generated PR item.,Converted to PO
1541,1391,53,205.000,No,2025-04-11,3.00,Urgent,Required for Electronic Components consumption plan.,0.000,2880.000,BG-2025-05,Generated PR item.,Converted to PO
1542,1392,54,113.000,No,2025-03-29,5.00,High,Required for Electronic Components consumption plan.,0.000,1920.000,BG-2025-06,Generated PR item.,Converted to PO
1543,1393,55,128.000,No,2025-04-05,8.00,High,Required for Insulation Materials consumption plan.,0.000,19200.000,BG-2025-07,Generated PR item.,Converted to PO
1544,1394,56,114.000,No,2025-04-07,10.00,High,Required for Insulation Materials consumption plan.,0.000,17280.000,BG-2025-08,Generated PR item.,Converted to PO
1545,1395,57,200.000,No,2025-04-16,12.00,Urgent,Required for Insulation Materials consumption plan.,0.000,11520.000,BG-2025-09,Generated PR item.,Converted to PO
1546,1396,58,140.000,No,2025-04-08,6.00,High,Required for Insulation Materials consumption plan.,0.000,48000.000,BG-2025-10,Generated PR item.,Converted to PO
1547,1397,59,120.000,No,2025-04-09,5.00,High,Required for Insulation Materials consumption plan.,0.000,48000.000,BG-2025-11,Generated PR item.,Converted to PO
1548,1398,60,216.000,m,2025-04-02,18.00,High,Required for Insulation Materials consumption plan.,0.000,400.000,BG-2025-12,Generated PR item.,Converted to PO
1549,1399,61,200.000,m,2025-04-14,25.00,Urgent,Required for Insulation Materials consumption plan.,0.000,384.000,BG-2025-01,Generated PR item.,Converted to PO
1550,1400,62,285.000,m,2025-04-06,45.00,High,Required for Insulation Materials consumption plan.,0.000,240.000,BG-2025-02,Generated PR item.,Converted to PO
1551,1401,63,351.000,No,2025-04-01,3.00,High,Required for Fasteners consumption plan.,0.000,6400.000,BG-2025-03,Generated PR item.,Converted to PO
1552,1402,64,227.000,No,2025-04-18,5.00,High,Required for Fasteners consumption plan.,0.000,4800.000,BG-2025-04,Generated PR item.,Converted to PO
1553,1403,65,408.000,No,2025-04-05,12.00,Urgent,Required for Fasteners consumption plan.,0.000,2880.000,BG-2025-05,Generated PR item.,Converted to PO
1554,1404,66,417.000,No,2025-04-02,1.50,High,Required for Fasteners consumption plan.,0.000,6400.000,BG-2025-06,Generated PR item.,Converted to PO
1555,1405,67,226.000,No,2025-04-03,2.50,High,Required for Fasteners consumption plan.,0.000,4800.000,BG-2025-07,Generated PR item.,Converted to PO
1556,1406,68,457.000,No,2025-04-10,6.00,High,Required for Fasteners consumption plan.,0.000,2880.000,BG-2025-08,Generated PR item.,Converted to PO
1557,1407,69,103.000,No,2025-04-04,0.80,Urgent,Required for Fasteners consumption plan.,0.000,6400.000,BG-2025-09,Generated PR item.,Converted to PO
1558,1408,70,468.000,No,2025-04-18,1.20,High,Required for Fasteners consumption plan.,0.000,4800.000,BG-2025-10,Generated PR item.,Converted to PO
1559,1409,71,161.000,No,2025-04-12,2.50,High,Required for Fasteners consumption plan.,0.000,2880.000,BG-2025-11,Generated PR item.,Converted to PO
1560,1410,72,291.000,No,2025-04-09,0.80,High,Required for Fasteners consumption plan.,0.000,6400.000,BG-2025-12,Generated PR item.,Converted to PO
1561,1411,73,156.000,No,2025-04-04,1.20,Urgent,Required for Fasteners consumption plan.,0.000,4800.000,BG-2025-01,Generated PR item.,Converted to PO
1562,1412,74,232.000,No,2025-04-12,2.50,High,Required for Fasteners consumption plan.,0.000,2880.000,BG-2025-02,Generated PR item.,Converted to PO
1563,1413,75,183.000,No,2025-04-06,4.00,High,Required for Fasteners consumption plan.,0.000,1600.000,BG-2025-03,Generated PR item.,Converted to PO
1564,1414,76,359.000,No,2025-04-22,7.00,High,Required for Fasteners consumption plan.,0.000,960.000,BG-2025-04,Generated PR item.,Converted to PO
1565,1415,77,59.000,No,2025-04-10,15.00,Urgent,Required for Fasteners consumption plan.,0.000,480.000,BG-2025-05,Generated PR item.,Converted to PO
1566,1416,78,423.000,No,2025-04-14,4.00,High,Required for Fasteners consumption plan.,0.000,3040.000,BG-2025-06,Generated PR item.,Converted to PO
1567,1417,79,454.000,No,2025-04-06,4.00,High,Required for Fasteners consumption plan.,0.000,3040.000,BG-2025-07,Generated PR item.,Converted to PO
1568,1418,80,58483.000,ml,2025-04-08,0.80,High,Required for Consumables consumption plan.,0.000,144000.000,BG-2025-08,Generated PR item.,Converted to PO
1569,1419,81,16871.000,g,2025-04-09,1.20,Urgent,Required for Consumables consumption plan.,0.000,42000.000,BG-2025-09,Generated PR item.,Converted to PO
1570,1420,82,71498.000,ml,2025-04-06,1.50,High,Required for Consumables consumption plan.,0.000,8000.000,BG-2025-10,Generated PR item.,Converted to PO
1571,1421,83,6773.000,g,2025-04-19,0.60,High,Required for Consumables consumption plan.,0.000,24000.000,BG-2025-11,Generated PR item.,Converted to PO
1572,1422,84,76225.000,ml,2025-04-24,0.25,High,Required for Consumables consumption plan.,0.000,156000.000,BG-2025-12,Generated PR item.,Converted to PO
1573,1423,85,7341.000,g,2025-04-24,1.80,Urgent,Required for Consumables consumption plan.,0.000,9000.000,BG-2025-01,Generated PR item.,Converted to PO
1574,1424,86,20616.000,g,2025-04-11,1.20,High,Required for Consumables consumption plan.,0.000,4000.000,BG-2025-02,Generated PR item.,Converted to PO
1575,1425,87,9862.000,g,2025-04-21,0.80,High,Required for Consumables consumption plan.,0.000,12000.000,BG-2025-03,Generated PR item.,Converted to PO
1576,1426,88,188.000,No,2025-04-17,45.00,High,Required for Packaging Materials consumption plan.,0.000,1520.000,BG-2025-04,Generated PR item.,Converted to PO
1577,1427,89,199.000,No,2025-04-08,18.00,Urgent,Required for Packaging Materials consumption plan.,0.000,3040.000,BG-2025-05,Generated PR item.,Converted to PO
1578,1428,90,56.000,Sheet,2025-04-09,10.00,High,Required for Packaging Materials consumption plan.,0.000,1760.000,BG-2025-06,Generated PR item.,Converted to PO
1579,1429,91,156.000,No,2025-04-17,6.00,High,Required for Packaging Materials consumption plan.,0.000,1520.000,BG-2025-07,Generated PR item.,Converted to PO
1580,1430,92,259.000,m,2025-04-15,1.20,High,Required for Packaging Materials consumption plan.,0.000,1600.000,BG-2025-08,Generated PR item.,Converted to PO
1581,1431,93,77.000,No,2025-04-08,3.00,Urgent,Required for Packaging Materials consumption plan.,0.000,1760.000,BG-2025-09,Generated PR item.,Converted to PO
1582,1432,94,149.000,No,2025-04-24,35.00,High,Required for Identification & Documentation consumption plan.,0.000,1520.000,BG-2025-10,Generated PR item.,Converted to PO
1583,1433,95,249.000,No,2025-04-21,3.00,High,Required for Identification & Documentation consumption plan.,0.000,1520.000,BG-2025-11,Generated PR item.,Converted to PO
1584,1434,96,5.000,No,2025-04-18,4.00,High,Required for Identification & Documentation consumption plan.,0.000,1520.000,BG-2025-12,Generated PR item.,Converted to PO
1585,1435,97,240.000,No,2025-04-26,2.00,Urgent,Required for Identification & Documentation consumption plan.,0.000,1520.000,BG-2025-01,Generated PR item.,Converted to PO
1586,1436,98,215.000,No,2025-04-26,8.00,High,Required for Identification & Documentation consumption plan.,0.000,1520.000,BG-2025-02,Generated PR item.,Converted to PO
1587,1437,99,135.000,No,2025-04-26,4.00,High,Required for Identification & Documentation consumption plan.,0.000,1520.000,BG-2025-03,Generated PR item.,Converted to PO
1588,1438,1,325.000,No,2025-04-13,1800.00,High,Required for Core Components consumption plan.,0.000,800.000,BG-2025-04,Generated PR item.,Converted to PO
1589,1439,2,216.000,No,2025-04-25,2800.00,Urgent,Required for Core Components consumption plan.,0.000,480.000,BG-2025-05,Generated PR item.,Converted to PO
1590,1440,3,108.000,No,2025-04-19,6200.00,High,Required for Core Components consumption plan.,0.000,240.000,BG-2025-06,Generated PR item.,Converted to PO
1591,1441,4,307.000,No,2025-04-24,1200.00,High,Required for Core Components consumption plan.,0.000,800.000,BG-2025-07,Generated PR item.,Converted to PO
1592,1442,5,418.000,No,2025-04-26,2200.00,High,Required for Core Components consumption plan.,0.000,480.000,BG-2025-08,Generated PR item.,Converted to PO
1593,1443,6,154.000,No,2025-04-13,5000.00,Urgent,Required for Core Components consumption plan.,0.000,240.000,BG-2025-09,Generated PR item.,Converted to PO
1594,1444,7,181.000,No,2025-04-19,180.00,High,Required for Magnetic Components consumption plan.,0.000,6400.000,BG-2025-10,Generated PR item.,Converted to PO
1595,1445,8,189.000,No,2025-04-14,240.00,High,Required for Magnetic Components consumption plan.,0.000,4800.000,BG-2025-11,Generated PR item.,Converted to PO
1596,1446,9,191.000,No,2025-04-17,360.00,High,Required for Magnetic Components consumption plan.,0.000,2880.000,BG-2025-12,Generated PR item.,Converted to PO
1597,1447,10,88.000,No,2025-04-19,450.00,Urgent,Required for Mechanical Components consumption plan.,0.000,800.000,BG-2025-01,Generated PR item.,Converted to PO
1598,1448,11,101.000,No,2025-04-27,750.00,High,Required for Mechanical Components consumption plan.,0.000,480.000,BG-2025-02,Generated PR item.,Converted to PO
1599,1449,12,107.000,No,2025-04-27,1800.00,High,Required for Mechanical Components consumption plan.,0.000,240.000,BG-2025-03,Generated PR item.,Converted to PO
1600,1450,13,215.000,No,2025-04-19,160.00,High,Required for Mechanical Components consumption plan.,0.000,800.000,BG-2025-04,Generated PR item.,Converted to PO
1601,1451,14,226.000,No,2025-04-17,220.00,Urgent,Required for Mechanical Components consumption plan.,0.000,480.000,BG-2025-05,Generated PR item.,Converted to PO
1602,1452,15,106.000,No,2025-04-21,420.00,High,Required for Mechanical Components consumption plan.,0.000,240.000,BG-2025-06,Generated PR item.,Converted to PO
1603,1453,16,243.000,No,2025-04-29,1300.00,High,Required for Mechanical Components consumption plan.,0.000,800.000,BG-2025-07,Generated PR item.,Converted to PO
1604,1454,17,145.000,No,2025-04-30,2400.00,High,Required for Mechanical Components consumption plan.,0.000,480.000,BG-2025-08,Generated PR item.,Converted to PO
1605,1455,18,99.000,No,2025-04-17,5200.00,Urgent,Required for Mechanical Components consumption plan.,0.000,240.000,BG-2025-09,Generated PR item.,Converted to PO
1606,1456,19,5.000,No,2025-04-16,450.00,High,Required for Mechanical Components consumption plan.,0.000,1520.000,BG-2025-10,Generated PR item.,Converted to PO
1607,1457,20,155.000,No,2025-04-25,450.00,High,Required for Mechanical Components consumption plan.,0.000,1520.000,BG-2025-11,Generated PR item.,Converted to PO
1608,1458,21,163.000,No,2025-04-19,60.00,High,Required for Mechanical Components consumption plan.,0.000,1280.000,BG-2025-12,Generated PR item.,Converted to PO
1609,1459,22,243.000,No,2025-04-17,120.00,Urgent,Required for Mechanical Components consumption plan.,0.000,240.000,BG-2025-01,Generated PR item.,Converted to PO
1610,1460,23,73.000,No,2025-04-14,120.00,High,Required for Bearings consumption plan.,0.000,1600.000,BG-2025-02,Generated PR item.,Converted to PO
1611,1461,24,7.000,No,2025-04-21,220.00,High,Required for Bearings consumption plan.,0.000,960.000,BG-2025-03,Generated PR item.,Converted to PO
1612,1462,25,59.000,No,2025-04-22,650.00,High,Required for Bearings consumption plan.,0.000,480.000,BG-2025-04,Generated PR item.,Converted to PO
1613,1463,26,187.000,No,2025-04-25,15.00,Urgent,Required for Sealing Components consumption plan.,0.000,1520.000,BG-2025-05,Generated PR item.,Converted to PO
1614,1464,27,127.000,No,2025-04-18,45.00,High,Required for Sealing Components consumption plan.,0.000,1280.000,BG-2025-06,Generated PR item.,Converted to PO
1615,1465,28,110.000,No,2025-04-27,110.00,High,Required for Sealing Components consumption plan.,0.000,480.000,BG-2025-07,Generated PR item.,Converted to PO
1616,1466,29,164.000,kg,2025-04-28,850.00,High,Required for Electrical Components consumption plan.,0.000,1440.000,BG-2025-08,Generated PR item.,Converted to PO
1617,1467,30,126.000,kg,2025-04-24,880.00,Urgent,Required for Electrical Components consumption plan.,0.000,1536.000,BG-2025-09,Generated PR item.,Converted to PO
1618,1468,31,140.000,kg,2025-04-19,920.00,High,Required for Electrical Components consumption plan.,0.000,1560.000,BG-2025-10,Generated PR item.,Converted to PO
1619,1469,32,243.000,m,2025-04-26,35.00,High,Required for Electrical Components consumption plan.,0.000,2400.000,BG-2025-11,Generated PR item.,Converted to PO
1620,1470,33,153.000,m,2025-04-29,60.00,High,Required for Electrical Components consumption plan.,0.000,1920.000,BG-2025-12,Generated PR item.,Converted to PO
1621,1471,34,269.000,m,2025-04-23,150.00,Urgent,Required for Electrical Components consumption plan.,0.000,1200.000,BG-2025-01,Generated PR item.,Converted to PO
1622,1472,35,240.000,No,2025-04-21,90.00,High,Required for Electrical Components consumption plan.,0.000,800.000,BG-2025-02,Generated PR item.,Converted to PO
1623,1473,36,153.000,No,2025-04-27,180.00,High,Required for Electrical Components consumption plan.,0.000,480.000,BG-2025-03,Generated PR item.,Converted to PO
1624,1474,37,178.000,No,2025-04-24,420.00,High,Required for Electrical Components consumption plan.,0.000,240.000,BG-2025-04,Generated PR item.,Converted to PO
1625,1475,38,35.000,No,2025-04-25,12.00,Urgent,Required for Electrical Components consumption plan.,0.000,4560.000,BG-2025-05,Generated PR item.,Converted to PO
1626,1476,39,248.000,No,2025-04-24,45.00,High,Required for Electronic Components consumption plan.,0.000,2400.000,BG-2025-06,Generated PR item.,Converted to PO
1627,1477,40,65.000,No,2025-04-23,120.00,High,Required for Electronic Components consumption plan.,0.000,800.000,BG-2025-07,Generated PR item.,Converted to PO
1628,1478,41,243.000,No,2025-04-30,1400.00,High,Required for Electronic Components consumption plan.,0.000,480.000,BG-2025-08,Generated PR item.,Converted to PO
1629,1479,42,114.000,No,2025-04-26,3200.00,Urgent,Required for Electronic Components consumption plan.,0.000,240.000,BG-2025-09,Generated PR item.,Converted to PO
1630,1480,43,231.000,No,2025-04-27,85.00,High,Required for Electronic Components consumption plan.,0.000,480.000,BG-2025-10,Generated PR item.,Converted to PO
1631,1481,44,224.000,No,2025-04-30,220.00,High,Required for Electronic Components consumption plan.,0.000,480.000,BG-2025-11,Generated PR item.,Converted to PO
1632,1482,45,190.000,No,2025-04-25,350.00,High,Required for Electronic Components consumption plan.,0.000,1280.000,BG-2025-12,Generated PR item.,Converted to PO
1633,1483,46,230.000,No,2025-04-20,750.00,Urgent,Required for Electronic Components consumption plan.,0.000,240.000,BG-2025-01,Generated PR item.,Converted to PO
1634,1484,47,51.000,Set,2025-05-05,450.00,High,Required for Electronic Components consumption plan.,0.000,1280.000,BG-2025-02,Generated PR item.,Converted to PO
1635,1485,48,69.000,Set,2025-04-21,950.00,High,Required for Electronic Components consumption plan.,0.000,240.000,BG-2025-03,Generated PR item.,Converted to PO
1636,1486,49,47.000,No,2025-04-30,25.00,High,Required for Electronic Components consumption plan.,0.000,800.000,BG-2025-04,Generated PR item.,Converted to PO
1637,1487,50,22.000,No,2025-04-24,40.00,Urgent,Required for Electronic Components consumption plan.,0.000,480.000,BG-2025-05,Generated PR item.,Converted to PO
1638,1488,51,138.000,No,2025-04-23,110.00,High,Required for Electronic Components consumption plan.,0.000,240.000,BG-2025-06,Generated PR item.,Converted to PO
1639,1489,52,204.000,No,2025-04-21,2.00,High,Required for Electronic Components consumption plan.,0.000,4000.000,BG-2025-07,Generated PR item.,Converted to PO
1640,1490,53,193.000,No,2025-05-07,3.00,High,Required for Electronic Components consumption plan.,0.000,2880.000,BG-2025-08,Generated PR item.,Converted to PO
1641,1491,54,134.000,No,2025-04-28,5.00,Urgent,Required for Electronic Components consumption plan.,0.000,1920.000,BG-2025-09,Generated PR item.,Converted to PO
1642,1492,55,133.000,No,2025-04-28,8.00,High,Required for Insulation Materials consumption plan.,0.000,19200.000,BG-2025-10,Generated PR item.,Converted to PO
1643,1493,56,155.000,No,2025-05-05,10.00,High,Required for Insulation Materials consumption plan.,0.000,17280.000,BG-2025-11,Generated PR item.,Converted to PO
1644,1494,57,218.000,No,2025-04-22,12.00,High,Required for Insulation Materials consumption plan.,0.000,11520.000,BG-2025-12,Generated PR item.,Converted to PO
1645,1495,58,212.000,No,2025-05-02,6.00,Urgent,Required for Insulation Materials consumption plan.,0.000,48000.000,BG-2025-01,Generated PR item.,Converted to PO
1646,1496,59,31.000,No,2025-05-01,5.00,High,Required for Insulation Materials consumption plan.,0.000,48000.000,BG-2025-02,Generated PR item.,Converted to PO
1647,1497,60,306.000,m,2025-05-02,18.00,High,Required for Insulation Materials consumption plan.,0.000,400.000,BG-2025-03,Generated PR item.,Converted to PO
1648,1498,61,203.000,m,2025-04-25,25.00,High,Required for Insulation Materials consumption plan.,0.000,384.000,BG-2025-04,Generated PR item.,Converted to PO
1649,1499,62,404.000,m,2025-05-11,45.00,Urgent,Required for Insulation Materials consumption plan.,0.000,240.000,BG-2025-05,Generated PR item.,Converted to PO
1650,1500,63,263.000,No,2025-04-28,3.00,High,Required for Fasteners consumption plan.,0.000,6400.000,BG-2025-06,Generated PR item.,Converted to PO
1651,1501,64,496.000,No,2025-05-06,5.00,High,Required for Fasteners consumption plan.,0.000,4800.000,BG-2025-07,Generated PR item.,Converted to PO
1652,1502,65,227.000,No,2025-05-07,12.00,High,Required for Fasteners consumption plan.,0.000,2880.000,BG-2025-08,Generated PR item.,Converted to PO
1653,1503,66,346.000,No,2025-04-30,1.50,Urgent,Required for Fasteners consumption plan.,0.000,6400.000,BG-2025-09,Generated PR item.,Converted to PO
1654,1504,67,72.000,No,2025-04-26,2.50,High,Required for Fasteners consumption plan.,0.000,4800.000,BG-2025-10,Generated PR item.,Converted to PO
1655,1505,68,468.000,No,2025-04-29,6.00,High,Required for Fasteners consumption plan.,0.000,2880.000,BG-2025-11,Generated PR item.,Converted to PO
1656,1506,69,93.000,No,2025-05-09,0.80,High,Required for Fasteners consumption plan.,0.000,6400.000,BG-2025-12,Generated PR item.,Converted to PO
1657,1507,70,201.000,No,2025-05-11,1.20,Urgent,Required for Fasteners consumption plan.,0.000,4800.000,BG-2025-01,Generated PR item.,Converted to PO
1658,1508,71,422.000,No,2025-05-11,2.50,High,Required for Fasteners consumption plan.,0.000,2880.000,BG-2025-02,Generated PR item.,Converted to PO
1659,1509,72,485.000,No,2025-04-29,0.80,High,Required for Fasteners consumption plan.,0.000,6400.000,BG-2025-03,Generated PR item.,Converted to PO
1660,1510,73,252.000,No,2025-05-06,1.20,High,Required for Fasteners consumption plan.,0.000,4800.000,BG-2025-04,Generated PR item.,Converted to PO
1661,1511,74,253.000,No,2025-04-28,2.50,Urgent,Required for Fasteners consumption plan.,0.000,2880.000,BG-2025-05,Generated PR item.,Converted to PO
1662,1512,75,43.000,No,2025-05-09,4.00,High,Required for Fasteners consumption plan.,0.000,1600.000,BG-2025-06,Generated PR item.,Converted to PO
1663,1513,76,490.000,No,2025-05-04,7.00,High,Required for Fasteners consumption plan.,0.000,960.000,BG-2025-07,Generated PR item.,Converted to PO
1664,1514,77,27.000,No,2025-05-09,15.00,High,Required for Fasteners consumption plan.,0.000,480.000,BG-2025-08,Generated PR item.,Converted to PO
1665,1515,78,32.000,No,2025-05-10,4.00,Urgent,Required for Fasteners consumption plan.,0.000,3040.000,BG-2025-09,Generated PR item.,Converted to PO
1666,1516,79,247.000,No,2025-05-15,4.00,High,Required for Fasteners consumption plan.,0.000,3040.000,BG-2025-10,Generated PR item.,Converted to PO
1667,1517,80,5345.000,ml,2025-05-06,0.80,High,Required for Consumables consumption plan.,0.000,144000.000,BG-2025-11,Generated PR item.,Converted to PO
1668,1518,81,5767.000,g,2025-05-04,1.20,High,Required for Consumables consumption plan.,0.000,42000.000,BG-2025-12,Generated PR item.,Converted to PO
1669,1519,82,64634.000,ml,2025-05-08,1.50,Urgent,Required for Consumables consumption plan.,0.000,8000.000,BG-2025-01,Generated PR item.,Converted to PO
1670,1520,83,21449.000,g,2025-05-01,0.60,High,Required for Consumables consumption plan.,0.000,24000.000,BG-2025-02,Generated PR item.,Converted to PO
1671,1521,84,33326.000,ml,2025-05-01,0.25,High,Required for Consumables consumption plan.,0.000,156000.000,BG-2025-03,Generated PR item.,Converted to PO
1672,1522,85,24065.000,g,2025-05-09,1.80,High,Required for Consumables consumption plan.,0.000,9000.000,BG-2025-04,Generated PR item.,Converted to PO
1673,1523,86,18624.000,g,2025-05-14,1.20,Urgent,Required for Consumables consumption plan.,0.000,4000.000,BG-2025-05,Generated PR item.,Converted to PO
1674,1524,87,7620.000,g,2025-05-09,0.80,High,Required for Consumables consumption plan.,0.000,12000.000,BG-2025-06,Generated PR item.,Converted to PO
1675,1525,88,180.000,No,2025-05-14,45.00,High,Required for Packaging Materials consumption plan.,0.000,1520.000,BG-2025-07,Generated PR item.,Converted to PO
1676,1526,89,150.000,No,2025-05-03,18.00,High,Required for Packaging Materials consumption plan.,0.000,3040.000,BG-2025-08,Generated PR item.,Converted to PO
1677,1527,90,204.000,Sheet,2025-05-09,10.00,Urgent,Required for Packaging Materials consumption plan.,0.000,1760.000,BG-2025-09,Generated PR item.,Converted to PO
1678,1528,91,42.000,No,2025-05-12,6.00,High,Required for Packaging Materials consumption plan.,0.000,1520.000,BG-2025-10,Generated PR item.,Converted to PO
1679,1529,92,131.000,m,2025-05-07,1.20,High,Required for Packaging Materials consumption plan.,0.000,1600.000,BG-2025-11,Generated PR item.,Converted to PO
1680,1530,93,79.000,No,2025-05-01,3.00,High,Required for Packaging Materials consumption plan.,0.000,1760.000,BG-2025-12,Generated PR item.,Converted to PO
1681,1531,94,88.000,No,2025-05-03,35.00,Urgent,Required for Identification & Documentation consumption plan.,0.000,1520.000,BG-2025-01,Generated PR item.,Converted to PO
1682,1532,95,223.000,No,2025-05-18,3.00,High,Required for Identification & Documentation consumption plan.,0.000,1520.000,BG-2025-02,Generated PR item.,Converted to PO
1683,1533,96,185.000,No,2025-05-12,4.00,High,Required for Identification & Documentation consumption plan.,0.000,1520.000,BG-2025-03,Generated PR item.,Converted to PO
1684,1534,97,138.000,No,2025-05-07,2.00,High,Required for Identification & Documentation consumption plan.,0.000,1520.000,BG-2025-04,Generated PR item.,Converted to PO
1685,1535,98,137.000,No,2025-05-07,8.00,Urgent,Required for Identification & Documentation consumption plan.,0.000,1520.000,BG-2025-05,Generated PR item.,Converted to PO
1686,1536,99,222.000,No,2025-05-03,4.00,High,Required for Identification & Documentation consumption plan.,0.000,1520.000,BG-2025-06,Generated PR item.,Converted to PO
1687,1537,1,251.000,No,2025-05-21,1800.00,High,Required for Core Components consumption plan.,0.000,800.000,BG-2025-07,Generated PR item.,Converted to PO
1688,1538,2,151.000,No,2025-05-05,2800.00,High,Required for Core Components consumption plan.,0.000,480.000,BG-2025-08,Generated PR item.,Converted to PO
1689,1539,3,111.000,No,2025-05-17,6200.00,Urgent,Required for Core Components consumption plan.,0.000,240.000,BG-2025-09,Generated PR item.,Converted to PO
1690,1540,4,198.000,No,2025-05-09,1200.00,High,Required for Core Components consumption plan.,0.000,800.000,BG-2025-10,Generated PR item.,Converted to PO
1691,1541,5,344.000,No,2025-05-11,2200.00,High,Required for Core Components consumption plan.,0.000,480.000,BG-2025-11,Generated PR item.,Converted to PO
1692,1542,6,262.000,No,2025-05-09,5000.00,High,Required for Core Components consumption plan.,0.000,240.000,BG-2025-12,Generated PR item.,Converted to PO
1693,1543,7,108.000,No,2025-05-19,180.00,Urgent,Required for Magnetic Components consumption plan.,0.000,6400.000,BG-2025-01,Generated PR item.,Converted to PO
1694,1544,8,123.000,No,2025-05-05,240.00,High,Required for Magnetic Components consumption plan.,0.000,4800.000,BG-2025-02,Generated PR item.,Converted to PO
1695,1545,9,244.000,No,2025-05-11,360.00,High,Required for Magnetic Components consumption plan.,0.000,2880.000,BG-2025-03,Generated PR item.,Converted to PO
1696,1546,10,250.000,No,2025-05-13,450.00,High,Required for Mechanical Components consumption plan.,0.000,800.000,BG-2025-04,Generated PR item.,Converted to PO
1697,1547,11,44.000,No,2025-05-13,750.00,Urgent,Required for Mechanical Components consumption plan.,0.000,480.000,BG-2025-05,Generated PR item.,Converted to PO
1698,1548,12,33.000,No,2025-05-12,1800.00,High,Required for Mechanical Components consumption plan.,0.000,240.000,BG-2025-06,Generated PR item.,Converted to PO
1699,1549,13,65.000,No,2025-05-26,160.00,High,Required for Mechanical Components consumption plan.,0.000,800.000,BG-2025-07,Generated PR item.,Converted to PO
1700,1550,14,214.000,No,2025-05-16,220.00,High,Required for Mechanical Components consumption plan.,0.000,480.000,BG-2025-08,Generated PR item.,Converted to PO
1701,1551,15,118.000,No,2025-05-18,420.00,Urgent,Required for Mechanical Components consumption plan.,0.000,240.000,BG-2025-09,Generated PR item.,Converted to PO
1702,1552,16,217.000,No,2025-05-17,1300.00,High,Required for Mechanical Components consumption plan.,0.000,800.000,BG-2025-10,Generated PR item.,Converted to PO
1703,1553,17,164.000,No,2025-05-28,2400.00,High,Required for Mechanical Components consumption plan.,0.000,480.000,BG-2025-11,Generated PR item.,Converted to PO
1704,1554,18,141.000,No,2025-05-17,5200.00,High,Required for Mechanical Components consumption plan.,0.000,240.000,BG-2025-12,Generated PR item.,Converted to PO
1705,1555,19,74.000,No,2025-05-17,450.00,Urgent,Required for Mechanical Components consumption plan.,0.000,1520.000,BG-2025-01,Generated PR item.,Converted to PO
1706,1556,20,89.000,No,2025-05-17,450.00,High,Required for Mechanical Components consumption plan.,0.000,1520.000,BG-2025-02,Generated PR item.,Converted to PO
1707,1557,21,41.000,No,2025-05-17,60.00,High,Required for Mechanical Components consumption plan.,0.000,1280.000,BG-2025-03,Generated PR item.,Converted to PO
1708,1558,22,132.000,No,2025-05-13,120.00,High,Required for Mechanical Components consumption plan.,0.000,240.000,BG-2025-04,Generated PR item.,Converted to PO
1709,1559,23,31.000,No,2025-05-22,120.00,Urgent,Required for Bearings consumption plan.,0.000,1600.000,BG-2025-05,Generated PR item.,Converted to PO
1710,1560,24,33.000,No,2025-05-13,220.00,High,Required for Bearings consumption plan.,0.000,960.000,BG-2025-06,Generated PR item.,Converted to PO
1711,1561,25,8.000,No,2025-05-17,650.00,High,Required for Bearings consumption plan.,0.000,480.000,BG-2025-07,Generated PR item.,Converted to PO
1712,1562,26,201.000,No,2025-05-17,15.00,High,Required for Sealing Components consumption plan.,0.000,1520.000,BG-2025-08,Generated PR item.,Converted to PO
1713,1563,27,236.000,No,2025-05-19,45.00,Urgent,Required for Sealing Components consumption plan.,0.000,1280.000,BG-2025-09,Generated PR item.,Converted to PO
1714,1564,28,127.000,No,2025-05-27,110.00,High,Required for Sealing Components consumption plan.,0.000,480.000,BG-2025-10,Generated PR item.,Converted to PO
1715,1565,29,112.000,kg,2025-05-24,850.00,High,Required for Electrical Components consumption plan.,0.000,1440.000,BG-2025-11,Generated PR item.,Converted to PO
1716,1566,30,186.000,kg,2025-06-01,880.00,High,Required for Electrical Components consumption plan.,0.000,1536.000,BG-2025-12,Generated PR item.,Converted to PO
1717,1567,31,107.000,kg,2025-05-21,920.00,Urgent,Required for Electrical Components consumption plan.,0.000,1560.000,BG-2025-01,Generated PR item.,Converted to PO
1718,1568,32,319.000,m,2025-05-31,35.00,High,Required for Electrical Components consumption plan.,0.000,2400.000,BG-2025-02,Generated PR item.,Converted to PO
1719,1569,33,225.000,m,2025-05-15,60.00,High,Required for Electrical Components consumption plan.,0.000,1920.000,BG-2025-03,Generated PR item.,Converted to PO
1720,1570,34,267.000,m,2025-05-24,150.00,High,Required for Electrical Components consumption plan.,0.000,1200.000,BG-2025-04,Generated PR item.,Converted to PO
1721,1571,35,133.000,No,2025-05-30,90.00,Urgent,Required for Electrical Components consumption plan.,0.000,800.000,BG-2025-05,Generated PR item.,Converted to PO
1722,1572,36,179.000,No,2025-05-25,180.00,High,Required for Electrical Components consumption plan.,0.000,480.000,BG-2025-06,Generated PR item.,Converted to PO
1723,1573,37,153.000,No,2025-06-01,420.00,High,Required for Electrical Components consumption plan.,0.000,240.000,BG-2025-07,Generated PR item.,Converted to PO
1724,1574,38,128.000,No,2025-05-22,12.00,High,Required for Electrical Components consumption plan.,0.000,4560.000,BG-2025-08,Generated PR item.,Converted to PO
1725,1575,39,23.000,No,2025-05-17,45.00,Urgent,Required for Electronic Components consumption plan.,0.000,2400.000,BG-2025-09,Generated PR item.,Converted to PO
1726,1576,40,227.000,No,2025-05-30,120.00,High,Required for Electronic Components consumption plan.,0.000,800.000,BG-2025-10,Generated PR item.,Converted to PO
1727,1577,41,223.000,No,2025-05-18,1400.00,High,Required for Electronic Components consumption plan.,0.000,480.000,BG-2025-11,Generated PR item.,Converted to PO
1728,1578,42,50.000,No,2025-05-30,3200.00,High,Required for Electronic Components consumption plan.,0.000,240.000,BG-2025-12,Generated PR item.,Converted to PO
1729,1579,43,77.000,No,2025-05-31,85.00,Urgent,Required for Electronic Components consumption plan.,0.000,480.000,BG-2025-01,Generated PR item.,Converted to PO
1730,1580,44,244.000,No,2025-06-02,220.00,High,Required for Electronic Components consumption plan.,0.000,480.000,BG-2025-02,Generated PR item.,Converted to PO
1731,1581,45,83.000,No,2025-05-27,350.00,High,Required for Electronic Components consumption plan.,0.000,1280.000,BG-2025-03,Generated PR item.,Converted to PO
1732,1582,46,204.000,No,2025-06-04,750.00,High,Required for Electronic Components consumption plan.,0.000,240.000,BG-2025-04,Generated PR item.,Converted to PO
1733,1583,47,64.000,Set,2025-05-22,450.00,Urgent,Required for Electronic Components consumption plan.,0.000,1280.000,BG-2025-05,Generated PR item.,Converted to PO
1734,1584,48,70.000,Set,2025-05-27,950.00,High,Required for Electronic Components consumption plan.,0.000,240.000,BG-2025-06,Generated PR item.,Converted to PO
1735,1585,49,8.000,No,2025-05-22,25.00,High,Required for Electronic Components consumption plan.,0.000,800.000,BG-2025-07,Generated PR item.,Converted to PO
1736,1586,50,123.000,No,2025-06-02,40.00,High,Required for Electronic Components consumption plan.,0.000,480.000,BG-2025-08,Generated PR item.,Converted to PO
1737,1587,51,144.000,No,2025-06-01,110.00,Urgent,Required for Electronic Components consumption plan.,0.000,240.000,BG-2025-09,Generated PR item.,Converted to PO
1738,1588,52,210.000,No,2025-06-03,2.00,High,Required for Electronic Components consumption plan.,0.000,4000.000,BG-2025-10,Generated PR item.,Converted to PO
1739,1589,53,60.000,No,2025-06-03,3.00,High,Required for Electronic Components consumption plan.,0.000,2880.000,BG-2025-11,Generated PR item.,Converted to PO
1740,1590,54,80.000,No,2025-05-27,5.00,High,Required for Electronic Components consumption plan.,0.000,1920.000,BG-2025-12,Generated PR item.,Converted to PO
1741,1591,55,49.000,No,2025-05-23,8.00,Urgent,Required for Insulation Materials consumption plan.,0.000,19200.000,BG-2025-01,Generated PR item.,Converted to PO
1742,1592,56,192.000,No,2025-06-07,10.00,High,Required for Insulation Materials consumption plan.,0.000,17280.000,BG-2025-02,Generated PR item.,Converted to PO
1743,1593,57,250.000,No,2025-05-30,12.00,High,Required for Insulation Materials consumption plan.,0.000,11520.000,BG-2025-03,Generated PR item.,Converted to PO
1744,1594,58,39.000,No,2025-05-23,6.00,High,Required for Insulation Materials consumption plan.,0.000,48000.000,BG-2025-04,Generated PR item.,Converted to PO
1745,1595,59,62.000,No,2025-06-08,5.00,Urgent,Required for Insulation Materials consumption plan.,0.000,48000.000,BG-2025-05,Generated PR item.,Converted to PO
1746,1596,60,167.000,m,2025-06-09,18.00,High,Required for Insulation Materials consumption plan.,0.000,400.000,BG-2025-06,Generated PR item.,Converted to PO
1747,1597,61,447.000,m,2025-05-31,25.00,High,Required for Insulation Materials consumption plan.,0.000,384.000,BG-2025-07,Generated PR item.,Converted to PO
1748,1598,62,234.000,m,2025-06-05,45.00,High,Required for Insulation Materials consumption plan.,0.000,240.000,BG-2025-08,Generated PR item.,Converted to PO
1749,1599,63,155.000,No,2025-05-23,3.00,Urgent,Required for Fasteners consumption plan.,0.000,6400.000,BG-2025-09,Generated PR item.,Converted to PO
1750,1600,64,175.000,No,2025-05-25,5.00,High,Required for Fasteners consumption plan.,0.000,4800.000,BG-2025-10,Generated PR item.,Converted to PO
1751,1601,65,307.000,No,2025-05-28,12.00,High,Required for Fasteners consumption plan.,0.000,2880.000,BG-2025-11,Generated PR item.,Converted to PO
1752,1602,66,206.000,No,2025-06-04,1.50,High,Required for Fasteners consumption plan.,0.000,6400.000,BG-2025-12,Generated PR item.,Converted to PO
1753,1603,67,87.000,No,2025-05-26,2.50,Urgent,Required for Fasteners consumption plan.,0.000,4800.000,BG-2025-01,Generated PR item.,Converted to PO
1754,1604,68,414.000,No,2025-05-25,6.00,High,Required for Fasteners consumption plan.,0.000,2880.000,BG-2025-02,Generated PR item.,Converted to PO
1755,1605,69,223.000,No,2025-06-06,0.80,High,Required for Fasteners consumption plan.,0.000,6400.000,BG-2025-03,Generated PR item.,Converted to PO
1756,1606,70,143.000,No,2025-06-07,1.20,High,Required for Fasteners consumption plan.,0.000,4800.000,BG-2025-04,Generated PR item.,Converted to PO
1757,1607,71,370.000,No,2025-06-07,2.50,Urgent,Required for Fasteners consumption plan.,0.000,2880.000,BG-2025-05,Generated PR item.,Converted to PO
1758,1608,72,378.000,No,2025-06-08,0.80,High,Required for Fasteners consumption plan.,0.000,6400.000,BG-2025-06,Generated PR item.,Converted to PO
1759,1609,73,94.000,No,2025-06-09,1.20,High,Required for Fasteners consumption plan.,0.000,4800.000,BG-2025-07,Generated PR item.,Converted to PO
1760,1610,74,55.000,No,2025-06-05,2.50,High,Required for Fasteners consumption plan.,0.000,2880.000,BG-2025-08,Generated PR item.,Converted to PO
1761,1611,75,41.000,No,2025-06-04,4.00,Urgent,Required for Fasteners consumption plan.,0.000,1600.000,BG-2025-09,Generated PR item.,Converted to PO
1762,1612,76,388.000,No,2025-06-10,7.00,High,Required for Fasteners consumption plan.,0.000,960.000,BG-2025-10,Generated PR item.,Converted to PO
1763,1613,77,320.000,No,2025-06-01,15.00,High,Required for Fasteners consumption plan.,0.000,480.000,BG-2025-11,Generated PR item.,Converted to PO
1764,1614,78,400.000,No,2025-05-28,4.00,High,Required for Fasteners consumption plan.,0.000,3040.000,BG-2025-12,Generated PR item.,Converted to PO
1765,1615,79,321.000,No,2025-06-09,4.00,Urgent,Required for Fasteners consumption plan.,0.000,3040.000,BG-2025-01,Generated PR item.,Converted to PO
1766,1616,80,43161.000,ml,2025-06-01,0.80,High,Required for Consumables consumption plan.,0.000,144000.000,BG-2025-02,Generated PR item.,Converted to PO
1767,1617,81,18097.000,g,2025-06-15,1.20,High,Required for Consumables consumption plan.,0.000,42000.000,BG-2025-03,Generated PR item.,Converted to PO
1768,1618,82,73636.000,ml,2025-06-06,1.50,High,Required for Consumables consumption plan.,0.000,8000.000,BG-2025-04,Generated PR item.,Converted to PO
1769,1619,83,12566.000,g,2025-06-14,0.60,Urgent,Required for Consumables consumption plan.,0.000,24000.000,BG-2025-05,Generated PR item.,Converted to PO
1770,1620,84,91939.000,ml,2025-05-30,0.25,High,Required for Consumables consumption plan.,0.000,156000.000,BG-2025-06,Generated PR item.,Converted to PO
1771,1621,85,27089.000,g,2025-06-11,1.80,High,Required for Consumables consumption plan.,0.000,9000.000,BG-2025-07,Generated PR item.,Converted to PO
1772,1622,86,24221.000,g,2025-06-08,1.20,High,Required for Consumables consumption plan.,0.000,4000.000,BG-2025-08,Generated PR item.,Converted to PO
1773,1623,87,29776.000,g,2025-06-08,0.80,Urgent,Required for Consumables consumption plan.,0.000,12000.000,BG-2025-09,Generated PR item.,Converted to PO
1774,1624,88,101.000,No,2025-06-05,45.00,High,Required for Packaging Materials consumption plan.,0.000,1520.000,BG-2025-10,Generated PR item.,Converted to PO
1775,1625,89,33.000,No,2025-06-18,18.00,High,Required for Packaging Materials consumption plan.,0.000,3040.000,BG-2025-11,Generated PR item.,Converted to PO
1776,1626,90,124.000,Sheet,2025-06-08,10.00,High,Required for Packaging Materials consumption plan.,0.000,1760.000,BG-2025-12,Generated PR item.,Converted to PO
1777,1627,91,188.000,No,2025-06-16,6.00,Urgent,Required for Packaging Materials consumption plan.,0.000,1520.000,BG-2025-01,Generated PR item.,Converted to PO
1778,1628,92,394.000,m,2025-06-08,1.20,High,Required for Packaging Materials consumption plan.,0.000,1600.000,BG-2025-02,Generated PR item.,Converted to PO
1779,1629,93,100.000,No,2025-06-02,3.00,High,Required for Packaging Materials consumption plan.,0.000,1760.000,BG-2025-03,Generated PR item.,Converted to PO
1780,1630,94,76.000,No,2025-06-17,35.00,High,Required for Identification & Documentation consumption plan.,0.000,1520.000,BG-2025-04,Generated PR item.,Converted to PO
1781,1631,95,114.000,No,2025-06-05,3.00,Urgent,Required for Identification & Documentation consumption plan.,0.000,1520.000,BG-2025-05,Generated PR item.,Converted to PO
1782,1632,96,202.000,No,2025-06-06,4.00,High,Required for Identification & Documentation consumption plan.,0.000,1520.000,BG-2025-06,Generated PR item.,Converted to PO
1783,1633,97,19.000,No,2025-06-17,2.00,High,Required for Identification & Documentation consumption plan.,0.000,1520.000,BG-2025-07,Generated PR item.,Converted to PO
1784,1634,98,85.000,No,2025-06-19,8.00,High,Required for Identification & Documentation consumption plan.,0.000,1520.000,BG-2025-08,Generated PR item.,Converted to PO
1785,1635,99,61.000,No,2025-06-19,4.00,Urgent,Required for Identification & Documentation consumption plan.,0.000,1520.000,BG-2025-09,Generated PR item.,Converted to PO
1786,1636,1,413.000,No,2025-06-11,1800.00,High,Required for Core Components consumption plan.,0.000,800.000,BG-2025-10,Generated PR item.,Converted to PO
1787,1637,2,261.000,No,2025-06-17,2800.00,High,Required for Core Components consumption plan.,0.000,480.000,BG-2025-11,Generated PR item.,Converted to PO
1788,1638,3,89.000,No,2025-06-10,6200.00,High,Required for Core Components consumption plan.,0.000,240.000,BG-2025-12,Generated PR item.,Converted to PO
1789,1639,4,168.000,No,2025-06-18,1200.00,Urgent,Required for Core Components consumption plan.,0.000,800.000,BG-2025-01,Generated PR item.,Converted to PO
1790,1640,5,70.000,No,2025-06-14,2200.00,High,Required for Core Components consumption plan.,0.000,480.000,BG-2025-02,Generated PR item.,Converted to PO
1791,1641,6,264.000,No,2025-06-05,5000.00,High,Required for Core Components consumption plan.,0.000,240.000,BG-2025-03,Generated PR item.,Converted to PO
1792,1642,7,250.000,No,2025-06-12,180.00,High,Required for Magnetic Components consumption plan.,0.000,6400.000,BG-2025-04,Generated PR item.,Converted to PO
1793,1643,8,144.000,No,2025-06-13,240.00,Urgent,Required for Magnetic Components consumption plan.,0.000,4800.000,BG-2025-05,Generated PR item.,Converted to PO
1794,1644,9,218.000,No,2025-06-10,360.00,High,Required for Magnetic Components consumption plan.,0.000,2880.000,BG-2025-06,Generated PR item.,Converted to PO
1795,1645,10,187.000,No,2025-06-12,450.00,High,Required for Mechanical Components consumption plan.,0.000,800.000,BG-2025-07,Generated PR item.,Converted to PO
1796,1646,11,222.000,No,2025-06-15,750.00,High,Required for Mechanical Components consumption plan.,0.000,480.000,BG-2025-08,Generated PR item.,Converted to PO
1797,1647,12,81.000,No,2025-06-07,1800.00,Urgent,Required for Mechanical Components consumption plan.,0.000,240.000,BG-2025-09,Generated PR item.,Converted to PO
1798,1648,13,239.000,No,2025-06-09,160.00,High,Required for Mechanical Components consumption plan.,0.000,800.000,BG-2025-10,Generated PR item.,Converted to PO
1799,1649,14,63.000,No,2025-06-20,220.00,High,Required for Mechanical Components consumption plan.,0.000,480.000,BG-2025-11,Generated PR item.,Converted to PO
1800,1650,15,112.000,No,2025-06-13,420.00,High,Required for Mechanical Components consumption plan.,0.000,240.000,BG-2025-12,Generated PR item.,Converted to PO
1801,1651,16,172.000,No,2025-06-17,1300.00,Urgent,Required for Mechanical Components consumption plan.,0.000,800.000,BG-2025-01,Generated PR item.,Converted to PO
1802,1652,17,75.000,No,2025-06-17,2400.00,High,Required for Mechanical Components consumption plan.,0.000,480.000,BG-2025-02,Generated PR item.,Converted to PO
1803,1653,18,70.000,No,2025-06-17,5200.00,High,Required for Mechanical Components consumption plan.,0.000,240.000,BG-2025-03,Generated PR item.,Converted to PO
1804,1654,19,36.000,No,2025-06-15,450.00,High,Required for Mechanical Components consumption plan.,0.000,1520.000,BG-2025-04,Generated PR item.,Converted to PO
1805,1655,20,6.000,No,2025-06-16,450.00,Urgent,Required for Mechanical Components consumption plan.,0.000,1520.000,BG-2025-05,Generated PR item.,Converted to PO
1806,1656,21,128.000,No,2025-06-22,60.00,High,Required for Mechanical Components consumption plan.,0.000,1280.000,BG-2025-06,Generated PR item.,Converted to PO
1807,1657,22,247.000,No,2025-06-26,120.00,High,Required for Mechanical Components consumption plan.,0.000,240.000,BG-2025-07,Generated PR item.,Converted to PO
1808,1658,23,26.000,No,2025-06-13,120.00,High,Required for Bearings consumption plan.,0.000,1600.000,BG-2025-08,Generated PR item.,Converted to PO
1809,1659,24,47.000,No,2025-06-21,220.00,Urgent,Required for Bearings consumption plan.,0.000,960.000,BG-2025-09,Generated PR item.,Converted to PO
1810,1660,25,94.000,No,2025-06-27,650.00,High,Required for Bearings consumption plan.,0.000,480.000,BG-2025-10,Generated PR item.,Converted to PO
1811,1661,26,194.000,No,2025-06-10,15.00,High,Required for Sealing Components consumption plan.,0.000,1520.000,BG-2025-11,Generated PR item.,Converted to PO
1812,1662,27,5.000,No,2025-06-24,45.00,High,Required for Sealing Components consumption plan.,0.000,1280.000,BG-2025-12,Generated PR item.,Converted to PO
1813,1663,28,128.000,No,2025-06-18,110.00,Urgent,Required for Sealing Components consumption plan.,0.000,480.000,BG-2025-01,Generated PR item.,Converted to PO
1814,1664,29,37.000,kg,2025-06-27,850.00,High,Required for Electrical Components consumption plan.,0.000,1440.000,BG-2025-02,Generated PR item.,Converted to PO
1815,1665,30,57.000,kg,2025-06-20,880.00,High,Required for Electrical Components consumption plan.,0.000,1536.000,BG-2025-03,Generated PR item.,Converted to PO
1816,1666,31,57.000,kg,2025-06-27,920.00,High,Required for Electrical Components consumption plan.,0.000,1560.000,BG-2025-04,Generated PR item.,Converted to PO
1817,1667,32,314.000,m,2025-06-15,35.00,Urgent,Required for Electrical Components consumption plan.,0.000,2400.000,BG-2025-05,Generated PR item.,Converted to PO
1818,1668,33,115.000,m,2025-06-15,60.00,High,Required for Electrical Components consumption plan.,0.000,1920.000,BG-2025-06,Generated PR item.,Converted to PO
1819,1669,34,141.000,m,2025-06-29,150.00,High,Required for Electrical Components consumption plan.,0.000,1200.000,BG-2025-07,Generated PR item.,Converted to PO
1820,1670,35,60.000,No,2025-06-22,90.00,High,Required for Electrical Components consumption plan.,0.000,800.000,BG-2025-08,Generated PR item.,Converted to PO
1821,1671,36,92.000,No,2025-06-24,180.00,Urgent,Required for Electrical Components consumption plan.,0.000,480.000,BG-2025-09,Generated PR item.,Converted to PO
1822,1672,37,166.000,No,2025-06-17,420.00,High,Required for Electrical Components consumption plan.,0.000,240.000,BG-2025-10,Generated PR item.,Converted to PO
1823,1673,38,103.000,No,2025-06-18,12.00,High,Required for Electrical Components consumption plan.,0.000,4560.000,BG-2025-11,Generated PR item.,Converted to PO
1824,1674,39,85.000,No,2025-06-28,45.00,High,Required for Electronic Components consumption plan.,0.000,2400.000,BG-2025-12,Generated PR item.,Converted to PO
1825,1675,40,132.000,No,2025-06-19,120.00,Urgent,Required for Electronic Components consumption plan.,0.000,800.000,BG-2025-01,Generated PR item.,Converted to PO
1826,1676,41,156.000,No,2025-06-24,1400.00,High,Required for Electronic Components consumption plan.,0.000,480.000,BG-2025-02,Generated PR item.,Converted to PO
1827,1677,42,8.000,No,2025-06-19,3200.00,High,Required for Electronic Components consumption plan.,0.000,240.000,BG-2025-03,Generated PR item.,Converted to PO
1828,1678,43,224.000,No,2025-06-18,85.00,High,Required for Electronic Components consumption plan.,0.000,480.000,BG-2025-04,Generated PR item.,Converted to PO
1829,1679,44,230.000,No,2025-06-16,220.00,Urgent,Required for Electronic Components consumption plan.,0.000,480.000,BG-2025-05,Generated PR item.,Converted to PO
1830,1680,45,153.000,No,2025-06-30,350.00,High,Required for Electronic Components consumption plan.,0.000,1280.000,BG-2025-06,Generated PR item.,Converted to PO
1831,1681,46,146.000,No,2025-07-01,750.00,High,Required for Electronic Components consumption plan.,0.000,240.000,BG-2025-07,Generated PR item.,Converted to PO
1832,1682,47,57.000,Set,2025-06-17,450.00,High,Required for Electronic Components consumption plan.,0.000,1280.000,BG-2025-08,Generated PR item.,Converted to PO
1833,1683,48,38.000,Set,2025-06-21,950.00,Urgent,Required for Electronic Components consumption plan.,0.000,240.000,BG-2025-09,Generated PR item.,Converted to PO
1834,1684,49,94.000,No,2025-06-25,25.00,High,Required for Electronic Components consumption plan.,0.000,800.000,BG-2025-10,Generated PR item.,Converted to PO
1835,1685,50,91.000,No,2025-06-21,40.00,High,Required for Electronic Components consumption plan.,0.000,480.000,BG-2025-11,Generated PR item.,Converted to PO
1836,1686,51,44.000,No,2025-06-27,110.00,High,Required for Electronic Components consumption plan.,0.000,240.000,BG-2025-12,Generated PR item.,Converted to PO
1837,1687,52,211.000,No,2025-06-20,2.00,Urgent,Required for Electronic Components consumption plan.,0.000,4000.000,BG-2025-01,Generated PR item.,Converted to PO
1838,1688,53,83.000,No,2025-06-17,3.00,High,Required for Electronic Components consumption plan.,0.000,2880.000,BG-2025-02,Generated PR item.,Converted to PO
1839,1689,54,74.000,No,2025-06-22,5.00,High,Required for Electronic Components consumption plan.,0.000,1920.000,BG-2025-03,Generated PR item.,Converted to PO
1840,1690,55,242.000,No,2025-06-26,8.00,High,Required for Insulation Materials consumption plan.,0.000,19200.000,BG-2025-04,Generated PR item.,Converted to PO
1841,1691,56,129.000,No,2025-06-19,10.00,Urgent,Required for Insulation Materials consumption plan.,0.000,17280.000,BG-2025-05,Generated PR item.,Converted to PO
1842,1692,57,157.000,No,2025-07-01,12.00,High,Required for Insulation Materials consumption plan.,0.000,11520.000,BG-2025-06,Generated PR item.,Converted to PO
1843,1693,58,65.000,No,2025-06-17,6.00,High,Required for Insulation Materials consumption plan.,0.000,48000.000,BG-2025-07,Generated PR item.,Converted to PO
1844,1694,59,73.000,No,2025-06-18,5.00,High,Required for Insulation Materials consumption plan.,0.000,48000.000,BG-2025-08,Generated PR item.,Converted to PO
1845,1695,60,370.000,m,2025-06-26,18.00,Urgent,Required for Insulation Materials consumption plan.,0.000,400.000,BG-2025-09,Generated PR item.,Converted to PO
1846,1696,61,236.000,m,2025-06-27,25.00,High,Required for Insulation Materials consumption plan.,0.000,384.000,BG-2025-10,Generated PR item.,Converted to PO
1847,1697,62,91.000,m,2025-06-23,45.00,High,Required for Insulation Materials consumption plan.,0.000,240.000,BG-2025-11,Generated PR item.,Converted to PO
1848,1698,63,421.000,No,2025-06-22,3.00,High,Required for Fasteners consumption plan.,0.000,6400.000,BG-2025-12,Generated PR item.,Converted to PO
1849,1699,64,213.000,No,2025-06-19,5.00,Urgent,Required for Fasteners consumption plan.,0.000,4800.000,BG-2025-01,Generated PR item.,Converted to PO
1850,1700,65,341.000,No,2025-06-30,12.00,High,Required for Fasteners consumption plan.,0.000,2880.000,BG-2025-02,Generated PR item.,Converted to PO
1851,1701,66,184.000,No,2025-06-25,1.50,High,Required for Fasteners consumption plan.,0.000,6400.000,BG-2025-03,Generated PR item.,Converted to PO
1852,1702,67,289.000,No,2025-06-21,2.50,High,Required for Fasteners consumption plan.,0.000,4800.000,BG-2025-04,Generated PR item.,Converted to PO
1853,1703,68,393.000,No,2025-06-27,6.00,Urgent,Required for Fasteners consumption plan.,0.000,2880.000,BG-2025-05,Generated PR item.,Converted to PO
1854,1704,69,445.000,No,2025-07-07,0.80,High,Required for Fasteners consumption plan.,0.000,6400.000,BG-2025-06,Generated PR item.,Converted to PO
1855,1705,70,119.000,No,2025-06-25,1.20,High,Required for Fasteners consumption plan.,0.000,4800.000,BG-2025-07,Generated PR item.,Converted to PO
1856,1706,71,343.000,No,2025-07-07,2.50,High,Required for Fasteners consumption plan.,0.000,2880.000,BG-2025-08,Generated PR item.,Converted to PO
1857,1707,72,459.000,No,2025-06-25,0.80,Urgent,Required for Fasteners consumption plan.,0.000,6400.000,BG-2025-09,Generated PR item.,Converted to PO
1858,1708,73,329.000,No,2025-06-25,1.20,High,Required for Fasteners consumption plan.,0.000,4800.000,BG-2025-10,Generated PR item.,Converted to PO
1859,1709,74,88.000,No,2025-06-26,2.50,High,Required for Fasteners consumption plan.,0.000,2880.000,BG-2025-11,Generated PR item.,Converted to PO
1860,1710,75,111.000,No,2025-06-27,4.00,High,Required for Fasteners consumption plan.,0.000,1600.000,BG-2025-12,Generated PR item.,Converted to PO
1861,1711,76,117.000,No,2025-06-24,7.00,Urgent,Required for Fasteners consumption plan.,0.000,960.000,BG-2025-01,Generated PR item.,Converted to PO
1862,1712,77,71.000,No,2025-07-02,15.00,High,Required for Fasteners consumption plan.,0.000,480.000,BG-2025-02,Generated PR item.,Converted to PO
1863,1713,78,382.000,No,2025-06-29,4.00,High,Required for Fasteners consumption plan.,0.000,3040.000,BG-2025-03,Generated PR item.,Converted to PO
1864,1714,79,484.000,No,2025-07-05,4.00,High,Required for Fasteners consumption plan.,0.000,3040.000,BG-2025-04,Generated PR item.,Converted to PO
1865,1715,80,54104.000,ml,2025-07-01,0.80,Urgent,Required for Consumables consumption plan.,0.000,144000.000,BG-2025-05,Generated PR item.,Converted to PO
1866,1716,81,18367.000,g,2025-07-01,1.20,High,Required for Consumables consumption plan.,0.000,42000.000,BG-2025-06,Generated PR item.,Converted to PO
1867,1717,82,78502.000,ml,2025-07-02,1.50,High,Required for Consumables consumption plan.,0.000,8000.000,BG-2025-07,Generated PR item.,Converted to PO
1868,1718,83,13055.000,g,2025-06-26,0.60,High,Required for Consumables consumption plan.,0.000,24000.000,BG-2025-08,Generated PR item.,Converted to PO
1869,1719,84,49883.000,ml,2025-07-07,0.25,Urgent,Required for Consumables consumption plan.,0.000,156000.000,BG-2025-09,Generated PR item.,Converted to PO
1870,1720,85,18082.000,g,2025-06-26,1.80,High,Required for Consumables consumption plan.,0.000,9000.000,BG-2025-10,Generated PR item.,Converted to PO
1871,1721,86,9834.000,g,2025-07-07,1.20,High,Required for Consumables consumption plan.,0.000,4000.000,BG-2025-11,Generated PR item.,Converted to PO
1872,1722,87,2792.000,g,2025-07-12,0.80,High,Required for Consumables consumption plan.,0.000,12000.000,BG-2025-12,Generated PR item.,Converted to PO
1873,1723,88,144.000,No,2025-07-08,45.00,Urgent,Required for Packaging Materials consumption plan.,0.000,1520.000,BG-2025-01,Generated PR item.,Converted to PO
1874,1724,89,207.000,No,2025-07-04,18.00,High,Required for Packaging Materials consumption plan.,0.000,3040.000,BG-2025-02,Generated PR item.,Converted to PO
1875,1725,90,23.000,Sheet,2025-07-01,10.00,High,Required for Packaging Materials consumption plan.,0.000,1760.000,BG-2025-03,Generated PR item.,Converted to PO
1876,1726,91,58.000,No,2025-07-11,6.00,High,Required for Packaging Materials consumption plan.,0.000,1520.000,BG-2025-04,Generated PR item.,Converted to PO
1877,1727,92,146.000,m,2025-06-30,1.20,Urgent,Required for Packaging Materials consumption plan.,0.000,1600.000,BG-2025-05,Generated PR item.,Converted to PO
1878,1728,93,202.000,No,2025-07-04,3.00,High,Required for Packaging Materials consumption plan.,0.000,1760.000,BG-2025-06,Generated PR item.,Converted to PO
1879,1729,94,129.000,No,2025-07-10,35.00,High,Required for Identification & Documentation consumption plan.,0.000,1520.000,BG-2025-07,Generated PR item.,Converted to PO
1880,1730,95,136.000,No,2025-07-13,3.00,High,Required for Identification & Documentation consumption plan.,0.000,1520.000,BG-2025-08,Generated PR item.,Converted to PO
1881,1731,96,163.000,No,2025-07-13,4.00,Urgent,Required for Identification & Documentation consumption plan.,0.000,1520.000,BG-2025-09,Generated PR item.,Converted to PO
1882,1732,97,73.000,No,2025-06-28,2.00,High,Required for Identification & Documentation consumption plan.,0.000,1520.000,BG-2025-10,Generated PR item.,Converted to PO
1883,1733,98,180.000,No,2025-07-14,8.00,High,Required for Identification & Documentation consumption plan.,0.000,1520.000,BG-2025-11,Generated PR item.,Converted to PO
1884,1734,99,12.000,No,2025-06-30,4.00,High,Required for Identification & Documentation consumption plan.,0.000,1520.000,BG-2025-12,Generated PR item.,Converted to PO
1885,1735,1,101.000,No,2025-07-09,1800.00,Urgent,Required for Core Components consumption plan.,0.000,800.000,BG-2025-01,Generated PR item.,Converted to PO
1886,1736,2,417.000,No,2025-07-15,2800.00,High,Required for Core Components consumption plan.,0.000,480.000,BG-2025-02,Generated PR item.,Converted to PO
1887,1737,3,346.000,No,2025-07-11,6200.00,High,Required for Core Components consumption plan.,0.000,240.000,BG-2025-03,Generated PR item.,Converted to PO
1888,1738,4,129.000,No,2025-07-18,1200.00,High,Required for Core Components consumption plan.,0.000,800.000,BG-2025-04,Generated PR item.,Converted to PO
1889,1739,5,247.000,No,2025-07-07,2200.00,Urgent,Required for Core Components consumption plan.,0.000,480.000,BG-2025-05,Generated PR item.,Converted to PO
1890,1740,6,73.000,No,2025-07-07,5000.00,High,Required for Core Components consumption plan.,0.000,240.000,BG-2025-06,Generated PR item.,Converted to PO
1891,1741,7,170.000,No,2025-07-07,180.00,High,Required for Magnetic Components consumption plan.,0.000,6400.000,BG-2025-07,Generated PR item.,Converted to PO
1892,1742,8,190.000,No,2025-07-08,240.00,High,Required for Magnetic Components consumption plan.,0.000,4800.000,BG-2025-08,Generated PR item.,Converted to PO
1893,1743,9,73.000,No,2025-07-14,360.00,Urgent,Required for Magnetic Components consumption plan.,0.000,2880.000,BG-2025-09,Generated PR item.,Converted to PO
1894,1744,10,91.000,No,2025-07-10,450.00,High,Required for Mechanical Components consumption plan.,0.000,800.000,BG-2025-10,Generated PR item.,Converted to PO
1895,1745,11,63.000,No,2025-07-15,750.00,High,Required for Mechanical Components consumption plan.,0.000,480.000,BG-2025-11,Generated PR item.,Converted to PO
1896,1746,12,100.000,No,2025-07-09,1800.00,High,Required for Mechanical Components consumption plan.,0.000,240.000,BG-2025-12,Generated PR item.,Converted to PO
1897,1747,13,71.000,No,2025-07-08,160.00,Urgent,Required for Mechanical Components consumption plan.,0.000,800.000,BG-2025-01,Generated PR item.,Converted to PO
1898,1748,14,65.000,No,2025-07-06,220.00,High,Required for Mechanical Components consumption plan.,0.000,480.000,BG-2025-02,Generated PR item.,Converted to PO
1899,1749,15,110.000,No,2025-07-12,420.00,High,Required for Mechanical Components consumption plan.,0.000,240.000,BG-2025-03,Generated PR item.,Converted to PO
1900,1750,16,216.000,No,2025-07-19,1300.00,High,Required for Mechanical Components consumption plan.,0.000,800.000,BG-2025-04,Generated PR item.,Converted to PO
1901,1751,17,192.000,No,2025-07-18,2400.00,Urgent,Required for Mechanical Components consumption plan.,0.000,480.000,BG-2025-05,Generated PR item.,Converted to PO
1902,1752,18,78.000,No,2025-07-07,5200.00,High,Required for Mechanical Components consumption plan.,0.000,240.000,BG-2025-06,Generated PR item.,Converted to PO
1903,1753,19,236.000,No,2025-07-12,450.00,High,Required for Mechanical Components consumption plan.,0.000,1520.000,BG-2025-07,Generated PR item.,Converted to PO
1904,1754,20,56.000,No,2025-07-16,450.00,High,Required for Mechanical Components consumption plan.,0.000,1520.000,BG-2025-08,Generated PR item.,Converted to PO
1905,1755,21,229.000,No,2025-07-15,60.00,Urgent,Required for Mechanical Components consumption plan.,0.000,1280.000,BG-2025-09,Generated PR item.,Converted to PO
1906,1756,22,81.000,No,2025-07-05,120.00,High,Required for Mechanical Components consumption plan.,0.000,240.000,BG-2025-10,Generated PR item.,Converted to PO
1907,1757,23,56.000,No,2025-07-14,120.00,High,Required for Bearings consumption plan.,0.000,1600.000,BG-2025-11,Generated PR item.,Converted to PO
1908,1758,24,24.000,No,2025-07-04,220.00,High,Required for Bearings consumption plan.,0.000,960.000,BG-2025-12,Generated PR item.,Converted to PO
1909,1759,25,78.000,No,2025-07-06,650.00,Urgent,Required for Bearings consumption plan.,0.000,480.000,BG-2025-01,Generated PR item.,Converted to PO
1910,1760,26,83.000,No,2025-07-16,15.00,High,Required for Sealing Components consumption plan.,0.000,1520.000,BG-2025-02,Generated PR item.,Converted to PO
1911,1761,27,219.000,No,2025-07-06,45.00,High,Required for Sealing Components consumption plan.,0.000,1280.000,BG-2025-03,Generated PR item.,Converted to PO
1912,1762,28,25.000,No,2025-07-11,110.00,High,Required for Sealing Components consumption plan.,0.000,480.000,BG-2025-04,Generated PR item.,Converted to PO
1913,1763,29,105.000,kg,2025-07-15,850.00,Urgent,Required for Electrical Components consumption plan.,0.000,1440.000,BG-2025-05,Generated PR item.,Converted to PO
1914,1764,30,40.000,kg,2025-07-17,880.00,High,Required for Electrical Components consumption plan.,0.000,1536.000,BG-2025-06,Generated PR item.,Converted to PO
1915,1765,31,179.000,kg,2025-07-15,920.00,High,Required for Electrical Components consumption plan.,0.000,1560.000,BG-2025-07,Generated PR item.,Converted to PO
1916,1766,32,220.000,m,2025-07-08,35.00,High,Required for Electrical Components consumption plan.,0.000,2400.000,BG-2025-08,Generated PR item.,Converted to PO
1917,1767,33,344.000,m,2025-07-22,60.00,Urgent,Required for Electrical Components consumption plan.,0.000,1920.000,BG-2025-09,Generated PR item.,Converted to PO
1918,1768,34,443.000,m,2025-07-26,150.00,High,Required for Electrical Components consumption plan.,0.000,1200.000,BG-2025-10,Generated PR item.,Converted to PO
1919,1769,35,136.000,No,2025-07-24,90.00,High,Required for Electrical Components consumption plan.,0.000,800.000,BG-2025-11,Generated PR item.,Converted to PO
1920,1770,36,19.000,No,2025-07-22,180.00,High,Required for Electrical Components consumption plan.,0.000,480.000,BG-2025-12,Generated PR item.,Converted to PO
1921,1771,37,59.000,No,2025-07-17,420.00,Urgent,Required for Electrical Components consumption plan.,0.000,240.000,BG-2025-01,Generated PR item.,Converted to PO
1922,1772,38,57.000,No,2025-07-25,12.00,High,Required for Electrical Components consumption plan.,0.000,4560.000,BG-2025-02,Generated PR item.,Converted to PO
1923,1773,39,229.000,No,2025-07-18,45.00,High,Required for Electronic Components consumption plan.,0.000,2400.000,BG-2025-03,Generated PR item.,Converted to PO
1924,1774,40,228.000,No,2025-07-13,120.00,High,Required for Electronic Components consumption plan.,0.000,800.000,BG-2025-04,Generated PR item.,Converted to PO
1925,1775,41,122.000,No,2025-07-26,1400.00,Urgent,Required for Electronic Components consumption plan.,0.000,480.000,BG-2025-05,Generated PR item.,Converted to PO
1926,1776,42,223.000,No,2025-07-17,3200.00,High,Required for Electronic Components consumption plan.,0.000,240.000,BG-2025-06,Generated PR item.,Converted to PO
1927,1777,43,65.000,No,2025-07-28,85.00,High,Required for Electronic Components consumption plan.,0.000,480.000,BG-2025-07,Generated PR item.,Converted to PO
1928,1778,44,172.000,No,2025-07-18,220.00,High,Required for Electronic Components consumption plan.,0.000,480.000,BG-2025-08,Generated PR item.,Converted to PO
1929,1779,45,101.000,No,2025-07-27,350.00,Urgent,Required for Electronic Components consumption plan.,0.000,1280.000,BG-2025-09,Generated PR item.,Converted to PO
1930,1780,46,64.000,No,2025-07-21,750.00,High,Required for Electronic Components consumption plan.,0.000,240.000,BG-2025-10,Generated PR item.,Converted to PO
1931,1781,47,24.000,Set,2025-07-20,450.00,High,Required for Electronic Components consumption plan.,0.000,1280.000,BG-2025-11,Generated PR item.,Converted to PO
1932,1782,48,36.000,Set,2025-07-18,950.00,High,Required for Electronic Components consumption plan.,0.000,240.000,BG-2025-12,Generated PR item.,Converted to PO
1933,1783,49,88.000,No,2025-07-28,25.00,Urgent,Required for Electronic Components consumption plan.,0.000,800.000,BG-2025-01,Generated PR item.,Converted to PO
1934,1784,50,56.000,No,2025-07-14,40.00,High,Required for Electronic Components consumption plan.,0.000,480.000,BG-2025-02,Generated PR item.,Converted to PO
1935,1785,51,87.000,No,2025-07-22,110.00,High,Required for Electronic Components consumption plan.,0.000,240.000,BG-2025-03,Generated PR item.,Converted to PO
1936,1786,52,36.000,No,2025-07-20,2.00,High,Required for Electronic Components consumption plan.,0.000,4000.000,BG-2025-04,Generated PR item.,Converted to PO
1937,1787,53,243.000,No,2025-07-23,3.00,Urgent,Required for Electronic Components consumption plan.,0.000,2880.000,BG-2025-05,Generated PR item.,Converted to PO
1938,1788,54,98.000,No,2025-07-18,5.00,High,Required for Electronic Components consumption plan.,0.000,1920.000,BG-2025-06,Generated PR item.,Converted to PO
1939,1789,55,31.000,No,2025-07-25,8.00,High,Required for Insulation Materials consumption plan.,0.000,19200.000,BG-2025-07,Generated PR item.,Converted to PO
1940,1790,56,146.000,No,2025-07-21,10.00,High,Required for Insulation Materials consumption plan.,0.000,17280.000,BG-2025-08,Generated PR item.,Converted to PO
1941,1791,57,222.000,No,2025-07-18,12.00,Urgent,Required for Insulation Materials consumption plan.,0.000,11520.000,BG-2025-09,Generated PR item.,Converted to PO
1942,1792,58,93.000,No,2025-07-19,6.00,High,Required for Insulation Materials consumption plan.,0.000,48000.000,BG-2025-10,Generated PR item.,Converted to PO
1943,1793,59,212.000,No,2025-07-28,5.00,High,Required for Insulation Materials consumption plan.,0.000,48000.000,BG-2025-11,Generated PR item.,Converted to PO
1944,1794,60,313.000,m,2025-07-21,18.00,High,Required for Insulation Materials consumption plan.,0.000,400.000,BG-2025-12,Generated PR item.,Converted to PO
1945,1795,61,375.000,m,2025-07-22,25.00,Urgent,Required for Insulation Materials consumption plan.,0.000,384.000,BG-2025-01,Generated PR item.,Converted to PO
1946,1796,62,162.000,m,2025-07-28,45.00,High,Required for Insulation Materials consumption plan.,0.000,240.000,BG-2025-02,Generated PR item.,Converted to PO
1947,1797,63,37.000,No,2025-07-22,3.00,High,Required for Fasteners consumption plan.,0.000,6400.000,BG-2025-03,Generated PR item.,Converted to PO
1948,1798,64,186.000,No,2025-07-24,5.00,High,Required for Fasteners consumption plan.,0.000,4800.000,BG-2025-04,Generated PR item.,Converted to PO
1949,1799,65,464.000,No,2025-07-22,12.00,Urgent,Required for Fasteners consumption plan.,0.000,2880.000,BG-2025-05,Generated PR item.,Converted to PO
1950,1800,66,400.000,No,2025-07-24,1.50,High,Required for Fasteners consumption plan.,0.000,6400.000,BG-2025-06,Generated PR item.,Converted to PO
1951,1801,67,397.000,No,2025-07-30,2.50,High,Required for Fasteners consumption plan.,0.000,4800.000,BG-2025-07,Generated PR item.,Converted to PO
1952,1802,68,442.000,No,2025-07-27,6.00,High,Required for Fasteners consumption plan.,0.000,2880.000,BG-2025-08,Generated PR item.,Converted to PO
1953,1803,69,199.000,No,2025-08-06,0.80,Urgent,Required for Fasteners consumption plan.,0.000,6400.000,BG-2025-09,Generated PR item.,Converted to PO
1954,1804,70,174.000,No,2025-08-02,1.20,High,Required for Fasteners consumption plan.,0.000,4800.000,BG-2025-10,Generated PR item.,Converted to PO
1955,1805,71,465.000,No,2025-07-20,2.50,High,Required for Fasteners consumption plan.,0.000,2880.000,BG-2025-11,Generated PR item.,Converted to PO
1956,1806,72,294.000,No,2025-07-26,0.80,High,Required for Fasteners consumption plan.,0.000,6400.000,BG-2025-12,Generated PR item.,Converted to PO
1957,1807,73,163.000,No,2025-07-26,1.20,Urgent,Required for Fasteners consumption plan.,0.000,4800.000,BG-2025-01,Generated PR item.,Converted to PO
1958,1808,74,153.000,No,2025-07-31,2.50,High,Required for Fasteners consumption plan.,0.000,2880.000,BG-2025-02,Generated PR item.,Converted to PO
1959,1809,75,441.000,No,2025-07-26,4.00,High,Required for Fasteners consumption plan.,0.000,1600.000,BG-2025-03,Generated PR item.,Converted to PO
1960,1810,76,45.000,No,2025-08-08,7.00,High,Required for Fasteners consumption plan.,0.000,960.000,BG-2025-04,Generated PR item.,Converted to PO
1961,1811,77,49.000,No,2025-07-27,15.00,Urgent,Required for Fasteners consumption plan.,0.000,480.000,BG-2025-05,Generated PR item.,Converted to PO
1962,1812,78,374.000,No,2025-07-31,4.00,High,Required for Fasteners consumption plan.,0.000,3040.000,BG-2025-06,Generated PR item.,Converted to PO
1963,1813,79,20.000,No,2025-07-25,4.00,High,Required for Fasteners consumption plan.,0.000,3040.000,BG-2025-07,Generated PR item.,Converted to PO
1964,1814,80,21245.000,ml,2025-08-08,0.80,High,Required for Consumables consumption plan.,0.000,144000.000,BG-2025-08,Generated PR item.,Converted to PO
1965,1815,81,29729.000,g,2025-08-09,1.20,Urgent,Required for Consumables consumption plan.,0.000,42000.000,BG-2025-09,Generated PR item.,Converted to PO
1966,1816,82,45443.000,ml,2025-08-07,1.50,High,Required for Consumables consumption plan.,0.000,8000.000,BG-2025-10,Generated PR item.,Converted to PO
1967,1817,83,22102.000,g,2025-07-30,0.60,High,Required for Consumables consumption plan.,0.000,24000.000,BG-2025-11,Generated PR item.,Converted to PO
1968,1818,84,51269.000,ml,2025-07-25,0.25,High,Required for Consumables consumption plan.,0.000,156000.000,BG-2025-12,Generated PR item.,Converted to PO
1969,1819,85,3626.000,g,2025-08-06,1.80,Urgent,Required for Consumables consumption plan.,0.000,9000.000,BG-2025-01,Generated PR item.,Converted to PO
1970,1820,86,6349.000,g,2025-08-01,1.20,High,Required for Consumables consumption plan.,0.000,4000.000,BG-2025-02,Generated PR item.,Converted to PO
1971,1821,87,23072.000,g,2025-08-11,0.80,High,Required for Consumables consumption plan.,0.000,12000.000,BG-2025-03,Generated PR item.,Converted to PO
1972,1822,88,28.000,No,2025-08-06,45.00,High,Required for Packaging Materials consumption plan.,0.000,1520.000,BG-2025-04,Generated PR item.,Converted to PO
1973,1823,89,151.000,No,2025-08-03,18.00,Urgent,Required for Packaging Materials consumption plan.,0.000,3040.000,BG-2025-05,Generated PR item.,Converted to PO
1974,1824,90,90.000,Sheet,2025-08-12,10.00,High,Required for Packaging Materials consumption plan.,0.000,1760.000,BG-2025-06,Generated PR item.,Converted to PO
1975,1825,91,96.000,No,2025-08-09,6.00,High,Required for Packaging Materials consumption plan.,0.000,1520.000,BG-2025-07,Generated PR item.,Converted to PO
1976,1826,92,478.000,m,2025-08-04,1.20,High,Required for Packaging Materials consumption plan.,0.000,1600.000,BG-2025-08,Generated PR item.,Converted to PO
1977,1827,93,154.000,No,2025-07-27,3.00,Urgent,Required for Packaging Materials consumption plan.,0.000,1760.000,BG-2025-09,Generated PR item.,Converted to PO
1978,1828,94,156.000,No,2025-07-29,35.00,High,Required for Identification & Documentation consumption plan.,0.000,1520.000,BG-2025-10,Generated PR item.,Converted to PO
1979,1829,95,91.000,No,2025-08-04,3.00,High,Required for Identification & Documentation consumption plan.,0.000,1520.000,BG-2025-11,Generated PR item.,Converted to PO
1980,1830,96,98.000,No,2025-08-07,4.00,High,Required for Identification & Documentation consumption plan.,0.000,1520.000,BG-2025-12,Generated PR item.,Converted to PO
1981,1831,97,173.000,No,2025-07-28,2.00,Urgent,Required for Identification & Documentation consumption plan.,0.000,1520.000,BG-2025-01,Generated PR item.,Converted to PO
1982,1832,98,14.000,No,2025-07-30,8.00,High,Required for Identification & Documentation consumption plan.,0.000,1520.000,BG-2025-02,Generated PR item.,Converted to PO
1983,1833,99,63.000,No,2025-08-09,4.00,High,Required for Identification & Documentation consumption plan.,0.000,1520.000,BG-2025-03,Generated PR item.,Converted to PO
1984,1834,1,320.000,No,2025-08-11,1800.00,High,Required for Core Components consumption plan.,0.000,800.000,BG-2025-04,Generated PR item.,Converted to PO
1985,1835,2,331.000,No,2025-07-29,2800.00,Urgent,Required for Core Components consumption plan.,0.000,480.000,BG-2025-05,Generated PR item.,Converted to PO
1986,1836,3,91.000,No,2025-08-08,6200.00,High,Required for Core Components consumption plan.,0.000,240.000,BG-2025-06,Generated PR item.,Converted to PO
1987,1837,4,405.000,No,2025-07-31,1200.00,High,Required for Core Components consumption plan.,0.000,800.000,BG-2025-07,Generated PR item.,Converted to PO
1988,1838,5,294.000,No,2025-08-12,2200.00,High,Required for Core Components consumption plan.,0.000,480.000,BG-2025-08,Generated PR item.,Converted to PO
1989,1839,6,157.000,No,2025-08-14,5000.00,Urgent,Required for Core Components consumption plan.,0.000,240.000,BG-2025-09,Generated PR item.,Converted to PO
1990,1840,7,189.000,No,2025-08-15,180.00,High,Required for Magnetic Components consumption plan.,0.000,6400.000,BG-2025-10,Generated PR item.,Converted to PO
1991,1841,8,248.000,No,2025-08-10,240.00,High,Required for Magnetic Components consumption plan.,0.000,4800.000,BG-2025-11,Generated PR item.,Converted to PO
1992,1842,9,109.000,No,2025-08-11,360.00,High,Required for Magnetic Components consumption plan.,0.000,2880.000,BG-2025-12,Generated PR item.,Converted to PO
1993,1843,10,74.000,No,2025-08-16,450.00,Urgent,Required for Mechanical Components consumption plan.,0.000,800.000,BG-2025-01,Generated PR item.,Converted to PO
1994,1844,11,78.000,No,2025-08-11,750.00,High,Required for Mechanical Components consumption plan.,0.000,480.000,BG-2025-02,Generated PR item.,Converted to PO
1995,1845,12,150.000,No,2025-08-09,1800.00,High,Required for Mechanical Components consumption plan.,0.000,240.000,BG-2025-03,Generated PR item.,Converted to PO
1996,1846,13,16.000,No,2025-08-14,160.00,High,Required for Mechanical Components consumption plan.,0.000,800.000,BG-2025-04,Generated PR item.,Converted to PO
1997,1847,14,123.000,No,2025-08-11,220.00,Urgent,Required for Mechanical Components consumption plan.,0.000,480.000,BG-2025-05,Generated PR item.,Converted to PO
1998,1848,15,11.000,No,2025-08-16,420.00,High,Required for Mechanical Components consumption plan.,0.000,240.000,BG-2025-06,Generated PR item.,Converted to PO
1999,1849,16,14.000,No,2025-08-11,1300.00,High,Required for Mechanical Components consumption plan.,0.000,800.000,BG-2025-07,Generated PR item.,Converted to PO
2000,1850,17,110.000,No,2025-08-17,2400.00,High,Required for Mechanical Components consumption plan.,0.000,480.000,BG-2025-08,Generated PR item.,Converted to PO
2001,1851,18,188.000,No,2025-08-02,5200.00,Urgent,Required for Mechanical Components consumption plan.,0.000,240.000,BG-2025-09,Generated PR item.,Converted to PO
2002,1852,19,222.000,No,2025-08-02,450.00,High,Required for Mechanical Components consumption plan.,0.000,1520.000,BG-2025-10,Generated PR item.,Converted to PO
2003,1853,20,26.000,No,2025-08-03,450.00,High,Required for Mechanical Components consumption plan.,0.000,1520.000,BG-2025-11,Generated PR item.,Converted to PO
2004,1854,21,65.000,No,2025-08-12,60.00,High,Required for Mechanical Components consumption plan.,0.000,1280.000,BG-2025-12,Generated PR item.,Converted to PO
2005,1855,22,108.000,No,2025-08-15,120.00,Urgent,Required for Mechanical Components consumption plan.,0.000,240.000,BG-2025-01,Generated PR item.,Converted to PO
2006,1856,23,60.000,No,2025-08-08,120.00,High,Required for Bearings consumption plan.,0.000,1600.000,BG-2025-02,Generated PR item.,Converted to PO
2007,1857,24,99.000,No,2025-08-07,220.00,High,Required for Bearings consumption plan.,0.000,960.000,BG-2025-03,Generated PR item.,Converted to PO
2008,1858,25,70.000,No,2025-08-20,650.00,High,Required for Bearings consumption plan.,0.000,480.000,BG-2025-04,Generated PR item.,Converted to PO
2009,1859,26,137.000,No,2025-08-18,15.00,Urgent,Required for Sealing Components consumption plan.,0.000,1520.000,BG-2025-05,Generated PR item.,Converted to PO
2010,1860,27,19.000,No,2025-08-16,45.00,High,Required for Sealing Components consumption plan.,0.000,1280.000,BG-2025-06,Generated PR item.,Converted to PO
2011,1861,28,24.000,No,2025-08-14,110.00,High,Required for Sealing Components consumption plan.,0.000,480.000,BG-2025-07,Generated PR item.,Converted to PO
2012,1862,29,39.000,kg,2025-08-13,850.00,High,Required for Electrical Components consumption plan.,0.000,1440.000,BG-2025-08,Generated PR item.,Converted to PO
2013,1863,30,136.000,kg,2025-08-06,880.00,Urgent,Required for Electrical Components consumption plan.,0.000,1536.000,BG-2025-09,Generated PR item.,Converted to PO
2014,1864,31,73.000,kg,2025-08-10,920.00,High,Required for Electrical Components consumption plan.,0.000,1560.000,BG-2025-10,Generated PR item.,Converted to PO
2015,1865,32,135.000,m,2025-08-24,35.00,High,Required for Electrical Components consumption plan.,0.000,2400.000,BG-2025-11,Generated PR item.,Converted to PO
2016,1866,33,342.000,m,2025-08-14,60.00,High,Required for Electrical Components consumption plan.,0.000,1920.000,BG-2025-12,Generated PR item.,Converted to PO
2017,1867,34,412.000,m,2025-08-20,150.00,Urgent,Required for Electrical Components consumption plan.,0.000,1200.000,BG-2025-01,Generated PR item.,Converted to PO
2018,1868,35,113.000,No,2025-08-20,90.00,High,Required for Electrical Components consumption plan.,0.000,800.000,BG-2025-02,Generated PR item.,Converted to PO
2019,1869,36,221.000,No,2025-08-13,180.00,High,Required for Electrical Components consumption plan.,0.000,480.000,BG-2025-03,Generated PR item.,Converted to PO
2020,1870,37,185.000,No,2025-08-12,420.00,High,Required for Electrical Components consumption plan.,0.000,240.000,BG-2025-04,Generated PR item.,Converted to PO
2021,1871,38,181.000,No,2025-08-21,12.00,Urgent,Required for Electrical Components consumption plan.,0.000,4560.000,BG-2025-05,Generated PR item.,Converted to PO
2022,1872,39,218.000,No,2025-08-10,45.00,High,Required for Electronic Components consumption plan.,0.000,2400.000,BG-2025-06,Generated PR item.,Converted to PO
2023,1873,40,50.000,No,2025-08-17,120.00,High,Required for Electronic Components consumption plan.,0.000,800.000,BG-2025-07,Generated PR item.,Converted to PO
2024,1874,41,191.000,No,2025-08-25,1400.00,High,Required for Electronic Components consumption plan.,0.000,480.000,BG-2025-08,Generated PR item.,Converted to PO
2025,1875,42,240.000,No,2025-08-22,3200.00,Urgent,Required for Electronic Components consumption plan.,0.000,240.000,BG-2025-09,Generated PR item.,Converted to PO
2026,1876,43,249.000,No,2025-08-24,85.00,High,Required for Electronic Components consumption plan.,0.000,480.000,BG-2025-10,Generated PR item.,Converted to PO
2027,1877,44,147.000,No,2025-08-12,220.00,High,Required for Electronic Components consumption plan.,0.000,480.000,BG-2025-11,Generated PR item.,Converted to PO
2028,1878,45,190.000,No,2025-08-14,350.00,High,Required for Electronic Components consumption plan.,0.000,1280.000,BG-2025-12,Generated PR item.,Converted to PO
2029,1879,46,223.000,No,2025-08-16,750.00,Urgent,Required for Electronic Components consumption plan.,0.000,240.000,BG-2025-01,Generated PR item.,Converted to PO
2030,1880,47,69.000,Set,2025-08-17,450.00,High,Required for Electronic Components consumption plan.,0.000,1280.000,BG-2025-02,Generated PR item.,Converted to PO
2031,1881,48,73.000,Set,2025-08-15,950.00,High,Required for Electronic Components consumption plan.,0.000,240.000,BG-2025-03,Generated PR item.,Converted to PO
2032,1882,49,209.000,No,2025-08-30,25.00,High,Required for Electronic Components consumption plan.,0.000,800.000,BG-2025-04,Generated PR item.,Converted to PO
2033,1883,50,98.000,No,2025-08-15,40.00,Urgent,Required for Electronic Components consumption plan.,0.000,480.000,BG-2025-05,Generated PR item.,Converted to PO
2034,1884,51,184.000,No,2025-08-25,110.00,High,Required for Electronic Components consumption plan.,0.000,240.000,BG-2025-06,Generated PR item.,Converted to PO
2035,1885,52,105.000,No,2025-08-24,2.00,High,Required for Electronic Components consumption plan.,0.000,4000.000,BG-2025-07,Generated PR item.,Converted to PO
2036,1886,53,202.000,No,2025-08-25,3.00,High,Required for Electronic Components consumption plan.,0.000,2880.000,BG-2025-08,Generated PR item.,Converted to PO
2037,1887,54,204.000,No,2025-08-18,5.00,Urgent,Required for Electronic Components consumption plan.,0.000,1920.000,BG-2025-09,Generated PR item.,Converted to PO
2038,1888,55,234.000,No,2025-08-20,8.00,High,Required for Insulation Materials consumption plan.,0.000,19200.000,BG-2025-10,Generated PR item.,Converted to PO
2039,1889,56,149.000,No,2025-08-26,10.00,High,Required for Insulation Materials consumption plan.,0.000,17280.000,BG-2025-11,Generated PR item.,Converted to PO
2040,1890,57,121.000,No,2025-08-21,12.00,High,Required for Insulation Materials consumption plan.,0.000,11520.000,BG-2025-12,Generated PR item.,Converted to PO
2041,1891,58,45.000,No,2025-08-28,6.00,Urgent,Required for Insulation Materials consumption plan.,0.000,48000.000,BG-2025-01,Generated PR item.,Converted to PO
2042,1892,59,162.000,No,2025-08-16,5.00,High,Required for Insulation Materials consumption plan.,0.000,48000.000,BG-2025-02,Generated PR item.,Converted to PO
2043,1893,60,292.000,m,2025-08-18,18.00,High,Required for Insulation Materials consumption plan.,0.000,400.000,BG-2025-03,Generated PR item.,Converted to PO
2044,1894,61,267.000,m,2025-08-31,25.00,High,Required for Insulation Materials consumption plan.,0.000,384.000,BG-2025-04,Generated PR item.,Converted to PO
2045,1895,62,345.000,m,2025-08-29,45.00,Urgent,Required for Insulation Materials consumption plan.,0.000,240.000,BG-2025-05,Generated PR item.,Converted to PO
2046,1896,63,429.000,No,2025-08-18,3.00,High,Required for Fasteners consumption plan.,0.000,6400.000,BG-2025-06,Generated PR item.,Converted to PO
2047,1897,64,91.000,No,2025-09-03,5.00,High,Required for Fasteners consumption plan.,0.000,4800.000,BG-2025-07,Generated PR item.,Converted to PO
2048,1898,65,227.000,No,2025-08-19,12.00,High,Required for Fasteners consumption plan.,0.000,2880.000,BG-2025-08,Generated PR item.,Converted to PO
2049,1899,66,367.000,No,2025-09-05,1.50,Urgent,Required for Fasteners consumption plan.,0.000,6400.000,BG-2025-09,Generated PR item.,Converted to PO
2050,1900,67,414.000,No,2025-09-01,2.50,High,Required for Fasteners consumption plan.,0.000,4800.000,BG-2025-10,Generated PR item.,Converted to PO
2051,1901,68,394.000,No,2025-09-06,6.00,High,Required for Fasteners consumption plan.,0.000,2880.000,BG-2025-11,Generated PR item.,Converted to PO
2052,1902,69,404.000,No,2025-09-06,0.80,High,Required for Fasteners consumption plan.,0.000,6400.000,BG-2025-12,Generated PR item.,Converted to PO
2053,1903,70,431.000,No,2025-08-26,1.20,Urgent,Required for Fasteners consumption plan.,0.000,4800.000,BG-2025-01,Generated PR item.,Converted to PO
2054,1904,71,482.000,No,2025-09-03,2.50,High,Required for Fasteners consumption plan.,0.000,2880.000,BG-2025-02,Generated PR item.,Converted to PO
2055,1905,72,312.000,No,2025-08-24,0.80,High,Required for Fasteners consumption plan.,0.000,6400.000,BG-2025-03,Generated PR item.,Converted to PO
2056,1906,73,139.000,No,2025-08-30,1.20,High,Required for Fasteners consumption plan.,0.000,4800.000,BG-2025-04,Generated PR item.,Converted to PO
2057,1907,74,291.000,No,2025-08-26,2.50,Urgent,Required for Fasteners consumption plan.,0.000,2880.000,BG-2025-05,Generated PR item.,Converted to PO
2058,1908,75,361.000,No,2025-08-30,4.00,High,Required for Fasteners consumption plan.,0.000,1600.000,BG-2025-06,Generated PR item.,Converted to PO
2059,1909,76,68.000,No,2025-09-07,7.00,High,Required for Fasteners consumption plan.,0.000,960.000,BG-2025-07,Generated PR item.,Converted to PO
2060,1910,77,384.000,No,2025-08-30,15.00,High,Required for Fasteners consumption plan.,0.000,480.000,BG-2025-08,Generated PR item.,Converted to PO
2061,1911,78,281.000,No,2025-08-24,4.00,Urgent,Required for Fasteners consumption plan.,0.000,3040.000,BG-2025-09,Generated PR item.,Converted to PO
2062,1912,79,470.000,No,2025-08-28,4.00,High,Required for Fasteners consumption plan.,0.000,3040.000,BG-2025-10,Generated PR item.,Converted to PO
2063,1913,80,25123.000,ml,2025-09-06,0.80,High,Required for Consumables consumption plan.,0.000,144000.000,BG-2025-11,Generated PR item.,Converted to PO
2064,1914,81,27301.000,g,2025-09-01,1.20,High,Required for Consumables consumption plan.,0.000,42000.000,BG-2025-12,Generated PR item.,Converted to PO
2065,1915,82,47560.000,ml,2025-09-03,1.50,Urgent,Required for Consumables consumption plan.,0.000,8000.000,BG-2025-01,Generated PR item.,Converted to PO
2066,1916,83,17632.000,g,2025-08-31,0.60,High,Required for Consumables consumption plan.,0.000,24000.000,BG-2025-02,Generated PR item.,Converted to PO
2067,1917,84,67700.000,ml,2025-08-30,0.25,High,Required for Consumables consumption plan.,0.000,156000.000,BG-2025-03,Generated PR item.,Converted to PO
2068,1918,85,17796.000,g,2025-09-04,1.80,High,Required for Consumables consumption plan.,0.000,9000.000,BG-2025-04,Generated PR item.,Converted to PO
2069,1919,86,27212.000,g,2025-09-05,1.20,Urgent,Required for Consumables consumption plan.,0.000,4000.000,BG-2025-05,Generated PR item.,Converted to PO
2070,1920,87,5851.000,g,2025-09-10,0.80,High,Required for Consumables consumption plan.,0.000,12000.000,BG-2025-06,Generated PR item.,Converted to PO
2071,1921,88,184.000,No,2025-09-06,45.00,High,Required for Packaging Materials consumption plan.,0.000,1520.000,BG-2025-07,Generated PR item.,Converted to PO
2072,1922,89,244.000,No,2025-09-12,18.00,High,Required for Packaging Materials consumption plan.,0.000,3040.000,BG-2025-08,Generated PR item.,Converted to PO
2073,1923,90,59.000,Sheet,2025-09-09,10.00,Urgent,Required for Packaging Materials consumption plan.,0.000,1760.000,BG-2025-09,Generated PR item.,Converted to PO
2074,1924,91,67.000,No,2025-08-27,6.00,High,Required for Packaging Materials consumption plan.,0.000,1520.000,BG-2025-10,Generated PR item.,Converted to PO
2075,1925,92,248.000,m,2025-09-02,1.20,High,Required for Packaging Materials consumption plan.,0.000,1600.000,BG-2025-11,Generated PR item.,Converted to PO
2076,1926,93,183.000,No,2025-09-01,3.00,High,Required for Packaging Materials consumption plan.,0.000,1760.000,BG-2025-12,Generated PR item.,Converted to PO
2077,1927,94,240.000,No,2025-08-28,35.00,Urgent,Required for Identification & Documentation consumption plan.,0.000,1520.000,BG-2025-01,Generated PR item.,Converted to PO
2078,1928,95,200.000,No,2025-08-31,3.00,High,Required for Identification & Documentation consumption plan.,0.000,1520.000,BG-2025-02,Generated PR item.,Converted to PO
2079,1929,96,200.000,No,2025-09-10,4.00,High,Required for Identification & Documentation consumption plan.,0.000,1520.000,BG-2025-03,Generated PR item.,Converted to PO
2080,1930,97,113.000,No,2025-09-03,2.00,High,Required for Identification & Documentation consumption plan.,0.000,1520.000,BG-2025-04,Generated PR item.,Converted to PO
2081,1931,98,163.000,No,2025-08-30,8.00,Urgent,Required for Identification & Documentation consumption plan.,0.000,1520.000,BG-2025-05,Generated PR item.,Converted to PO
2082,1932,99,56.000,No,2025-09-03,4.00,High,Required for Identification & Documentation consumption plan.,0.000,1520.000,BG-2025-06,Generated PR item.,Converted to PO
2083,1933,1,258.000,No,2025-09-02,1800.00,High,Required for Core Components consumption plan.,0.000,800.000,BG-2025-07,Generated PR item.,Converted to PO
2084,1934,2,135.000,No,2025-09-03,2800.00,High,Required for Core Components consumption plan.,0.000,480.000,BG-2025-08,Generated PR item.,Converted to PO
2085,1935,3,62.000,No,2025-09-01,6200.00,Urgent,Required for Core Components consumption plan.,0.000,240.000,BG-2025-09,Generated PR item.,Converted to PO
2086,1936,4,436.000,No,2025-09-13,1200.00,High,Required for Core Components consumption plan.,0.000,800.000,BG-2025-10,Generated PR item.,Converted to PO
2087,1937,5,412.000,No,2025-09-14,2200.00,High,Required for Core Components consumption plan.,0.000,480.000,BG-2025-11,Generated PR item.,Converted to PO
2088,1938,6,280.000,No,2025-09-08,5000.00,High,Required for Core Components consumption plan.,0.000,240.000,BG-2025-12,Generated PR item.,Converted to PO
2089,1939,7,8.000,No,2025-09-12,180.00,Urgent,Required for Magnetic Components consumption plan.,0.000,6400.000,BG-2025-01,Generated PR item.,Converted to PO
2090,1940,8,27.000,No,2025-09-17,240.00,High,Required for Magnetic Components consumption plan.,0.000,4800.000,BG-2025-02,Generated PR item.,Converted to PO
2091,1941,9,32.000,No,2025-09-16,360.00,High,Required for Magnetic Components consumption plan.,0.000,2880.000,BG-2025-03,Generated PR item.,Converted to PO
2092,1942,10,181.000,No,2025-09-02,450.00,High,Required for Mechanical Components consumption plan.,0.000,800.000,BG-2025-04,Generated PR item.,Converted to PO
2093,1943,11,55.000,No,2025-09-19,750.00,Urgent,Required for Mechanical Components consumption plan.,0.000,480.000,BG-2025-05,Generated PR item.,Converted to PO
2094,1944,12,66.000,No,2025-09-03,1800.00,High,Required for Mechanical Components consumption plan.,0.000,240.000,BG-2025-06,Generated PR item.,Converted to PO
2095,1945,13,216.000,No,2025-09-03,160.00,High,Required for Mechanical Components consumption plan.,0.000,800.000,BG-2025-07,Generated PR item.,Converted to PO
2096,1946,14,220.000,No,2025-09-10,220.00,High,Required for Mechanical Components consumption plan.,0.000,480.000,BG-2025-08,Generated PR item.,Converted to PO
2097,1947,15,192.000,No,2025-09-16,420.00,Urgent,Required for Mechanical Components consumption plan.,0.000,240.000,BG-2025-09,Generated PR item.,Converted to PO
2098,1948,16,81.000,No,2025-09-05,1300.00,High,Required for Mechanical Components consumption plan.,0.000,800.000,BG-2025-10,Generated PR item.,Converted to PO
2099,1949,17,147.000,No,2025-09-09,2400.00,High,Required for Mechanical Components consumption plan.,0.000,480.000,BG-2025-11,Generated PR item.,Converted to PO
2100,1950,18,54.000,No,2025-09-09,5200.00,High,Required for Mechanical Components consumption plan.,0.000,240.000,BG-2025-12,Generated PR item.,Converted to PO
2101,1951,19,216.000,No,2025-09-12,450.00,Urgent,Required for Mechanical Components consumption plan.,0.000,1520.000,BG-2025-01,Generated PR item.,Converted to PO
2102,1952,20,25.000,No,2025-09-22,450.00,High,Required for Mechanical Components consumption plan.,0.000,1520.000,BG-2025-02,Generated PR item.,Converted to PO
2103,1953,21,188.000,No,2025-09-10,60.00,High,Required for Mechanical Components consumption plan.,0.000,1280.000,BG-2025-03,Generated PR item.,Converted to PO
2104,1954,22,130.000,No,2025-09-09,120.00,High,Required for Mechanical Components consumption plan.,0.000,240.000,BG-2025-04,Generated PR item.,Converted to PO
2105,1955,23,77.000,No,2025-09-08,120.00,Urgent,Required for Bearings consumption plan.,0.000,1600.000,BG-2025-05,Generated PR item.,Converted to PO
2106,1956,24,48.000,No,2025-09-09,220.00,High,Required for Bearings consumption plan.,0.000,960.000,BG-2025-06,Generated PR item.,Converted to PO
2107,1957,25,20.000,No,2025-09-08,650.00,High,Required for Bearings consumption plan.,0.000,480.000,BG-2025-07,Generated PR item.,Converted to PO
2108,1958,26,189.000,No,2025-09-16,15.00,High,Required for Sealing Components consumption plan.,0.000,1520.000,BG-2025-08,Generated PR item.,Converted to PO
2109,1959,27,160.000,No,2025-09-14,45.00,Urgent,Required for Sealing Components consumption plan.,0.000,1280.000,BG-2025-09,Generated PR item.,Converted to PO
2110,1960,28,119.000,No,2025-09-15,110.00,High,Required for Sealing Components consumption plan.,0.000,480.000,BG-2025-10,Generated PR item.,Converted to PO
2111,1961,29,81.000,kg,2025-09-21,850.00,High,Required for Electrical Components consumption plan.,0.000,1440.000,BG-2025-11,Generated PR item.,Converted to PO
2112,1962,30,75.000,kg,2025-09-17,880.00,High,Required for Electrical Components consumption plan.,0.000,1536.000,BG-2025-12,Generated PR item.,Converted to PO
2113,1963,31,101.000,kg,2025-09-09,920.00,Urgent,Required for Electrical Components consumption plan.,0.000,1560.000,BG-2025-01,Generated PR item.,Converted to PO
2114,1964,32,145.000,m,2025-09-13,35.00,High,Required for Electrical Components consumption plan.,0.000,2400.000,BG-2025-02,Generated PR item.,Converted to PO
2115,1965,33,155.000,m,2025-09-12,60.00,High,Required for Electrical Components consumption plan.,0.000,1920.000,BG-2025-03,Generated PR item.,Converted to PO
2116,1966,34,153.000,m,2025-09-21,150.00,High,Required for Electrical Components consumption plan.,0.000,1200.000,BG-2025-04,Generated PR item.,Converted to PO
2117,1967,35,8.000,No,2025-09-12,90.00,Urgent,Required for Electrical Components consumption plan.,0.000,800.000,BG-2025-05,Generated PR item.,Converted to PO
2118,1968,36,233.000,No,2025-09-10,180.00,High,Required for Electrical Components consumption plan.,0.000,480.000,BG-2025-06,Generated PR item.,Converted to PO
2119,1969,37,63.000,No,2025-09-21,420.00,High,Required for Electrical Components consumption plan.,0.000,240.000,BG-2025-07,Generated PR item.,Converted to PO
2120,1970,38,45.000,No,2025-09-15,12.00,High,Required for Electrical Components consumption plan.,0.000,4560.000,BG-2025-08,Generated PR item.,Converted to PO
2121,1971,39,42.000,No,2025-09-10,45.00,Urgent,Required for Electronic Components consumption plan.,0.000,2400.000,BG-2025-09,Generated PR item.,Converted to PO
2122,1972,40,248.000,No,2025-09-21,120.00,High,Required for Electronic Components consumption plan.,0.000,800.000,BG-2025-10,Generated PR item.,Converted to PO
2123,1973,41,122.000,No,2025-09-12,1400.00,High,Required for Electronic Components consumption plan.,0.000,480.000,BG-2025-11,Generated PR item.,Converted to PO
2124,1974,42,85.000,No,2025-09-24,3200.00,High,Required for Electronic Components consumption plan.,0.000,240.000,BG-2025-12,Generated PR item.,Converted to PO
2125,1975,43,104.000,No,2025-09-23,85.00,Urgent,Required for Electronic Components consumption plan.,0.000,480.000,BG-2025-01,Generated PR item.,Converted to PO
2126,1976,44,26.000,No,2025-09-16,220.00,High,Required for Electronic Components consumption plan.,0.000,480.000,BG-2025-02,Generated PR item.,Converted to PO
2127,1977,45,82.000,No,2025-09-20,350.00,High,Required for Electronic Components consumption plan.,0.000,1280.000,BG-2025-03,Generated PR item.,Converted to PO
2128,1978,46,66.000,No,2025-09-20,750.00,High,Required for Electronic Components consumption plan.,0.000,240.000,BG-2025-04,Generated PR item.,Converted to PO
2129,1979,47,66.000,Set,2025-09-22,450.00,Urgent,Required for Electronic Components consumption plan.,0.000,1280.000,BG-2025-05,Generated PR item.,Converted to PO
2130,1980,48,9.000,Set,2025-09-12,950.00,High,Required for Electronic Components consumption plan.,0.000,240.000,BG-2025-06,Generated PR item.,Converted to PO
2131,1981,49,109.000,No,2025-09-16,25.00,High,Required for Electronic Components consumption plan.,0.000,800.000,BG-2025-07,Generated PR item.,Converted to PO
2132,1982,50,199.000,No,2025-09-15,40.00,High,Required for Electronic Components consumption plan.,0.000,480.000,BG-2025-08,Generated PR item.,Converted to PO
2133,1983,51,210.000,No,2025-09-26,110.00,Urgent,Required for Electronic Components consumption plan.,0.000,240.000,BG-2025-09,Generated PR item.,Converted to PO
2134,1984,52,131.000,No,2025-09-15,2.00,High,Required for Electronic Components consumption plan.,0.000,4000.000,BG-2025-10,Generated PR item.,Converted to PO
2135,1985,53,59.000,No,2025-09-24,3.00,High,Required for Electronic Components consumption plan.,0.000,2880.000,BG-2025-11,Generated PR item.,Converted to PO
2136,1986,54,87.000,No,2025-09-28,5.00,High,Required for Electronic Components consumption plan.,0.000,1920.000,BG-2025-12,Generated PR item.,Converted to PO
2137,1987,55,59.000,No,2025-10-03,8.00,Urgent,Required for Insulation Materials consumption plan.,0.000,19200.000,BG-2025-01,Generated PR item.,Converted to PO
2138,1988,56,167.000,No,2025-09-21,10.00,High,Required for Insulation Materials consumption plan.,0.000,17280.000,BG-2025-02,Generated PR item.,Converted to PO
2139,1989,57,76.000,No,2025-09-17,12.00,High,Required for Insulation Materials consumption plan.,0.000,11520.000,BG-2025-03,Generated PR item.,Converted to PO
2140,1990,58,160.000,No,2025-09-30,6.00,High,Required for Insulation Materials consumption plan.,0.000,48000.000,BG-2025-04,Generated PR item.,Converted to PO
2141,1991,59,166.000,No,2025-09-18,5.00,Urgent,Required for Insulation Materials consumption plan.,0.000,48000.000,BG-2025-05,Generated PR item.,Converted to PO
2142,1992,60,472.000,m,2025-09-19,18.00,High,Required for Insulation Materials consumption plan.,0.000,400.000,BG-2025-06,Generated PR item.,Converted to PO
2143,1993,61,198.000,m,2025-10-06,25.00,High,Required for Insulation Materials consumption plan.,0.000,384.000,BG-2025-07,Generated PR item.,Converted to PO
2144,1994,62,482.000,m,2025-10-04,45.00,High,Required for Insulation Materials consumption plan.,0.000,240.000,BG-2025-08,Generated PR item.,Converted to PO
2145,1995,63,212.000,No,2025-10-01,3.00,Urgent,Required for Fasteners consumption plan.,0.000,6400.000,BG-2025-09,Generated PR item.,Converted to PO
2146,1996,64,347.000,No,2025-10-05,5.00,High,Required for Fasteners consumption plan.,0.000,4800.000,BG-2025-10,Generated PR item.,Converted to PO
2147,1997,65,338.000,No,2025-09-21,12.00,High,Required for Fasteners consumption plan.,0.000,2880.000,BG-2025-11,Generated PR item.,Converted to PO
2148,1998,66,413.000,No,2025-09-21,1.50,High,Required for Fasteners consumption plan.,0.000,6400.000,BG-2025-12,Generated PR item.,Converted to PO
2149,1999,67,245.000,No,2025-09-25,2.50,Urgent,Required for Fasteners consumption plan.,0.000,4800.000,BG-2025-01,Generated PR item.,Converted to PO
2150,2000,68,401.000,No,2025-09-20,6.00,High,Required for Fasteners consumption plan.,0.000,2880.000,BG-2025-02,Generated PR item.,Converted to PO
2151,2001,69,190.000,No,2025-10-06,0.80,High,Required for Fasteners consumption plan.,0.000,6400.000,BG-2025-03,Generated PR item.,Converted to PO
2152,2002,70,256.000,No,2025-09-22,1.20,High,Required for Fasteners consumption plan.,0.000,4800.000,BG-2025-04,Generated PR item.,Converted to PO
2153,2003,71,260.000,No,2025-09-30,2.50,Urgent,Required for Fasteners consumption plan.,0.000,2880.000,BG-2025-05,Generated PR item.,Converted to PO
2154,2004,72,358.000,No,2025-10-06,0.80,High,Required for Fasteners consumption plan.,0.000,6400.000,BG-2025-06,Generated PR item.,Converted to PO
2155,2005,73,317.000,No,2025-10-04,1.20,High,Required for Fasteners consumption plan.,0.000,4800.000,BG-2025-07,Generated PR item.,Converted to PO
2156,2006,74,57.000,No,2025-09-25,2.50,High,Required for Fasteners consumption plan.,0.000,2880.000,BG-2025-08,Generated PR item.,Converted to PO
2157,2007,75,409.000,No,2025-09-30,4.00,Urgent,Required for Fasteners consumption plan.,0.000,1600.000,BG-2025-09,Generated PR item.,Converted to PO
2158,2008,76,384.000,No,2025-10-01,7.00,High,Required for Fasteners consumption plan.,0.000,960.000,BG-2025-10,Generated PR item.,Converted to PO
2159,2009,77,70.000,No,2025-10-05,15.00,High,Required for Fasteners consumption plan.,0.000,480.000,BG-2025-11,Generated PR item.,Converted to PO
2160,2010,78,482.000,No,2025-09-29,4.00,High,Required for Fasteners consumption plan.,0.000,3040.000,BG-2025-12,Generated PR item.,Converted to PO
2161,2011,79,337.000,No,2025-09-27,4.00,Urgent,Required for Fasteners consumption plan.,0.000,3040.000,BG-2025-01,Generated PR item.,Converted to PO
2162,2012,80,13072.000,ml,2025-10-06,0.80,High,Required for Consumables consumption plan.,0.000,144000.000,BG-2025-02,Generated PR item.,Converted to PO
2163,2013,81,15250.000,g,2025-10-07,1.20,High,Required for Consumables consumption plan.,0.000,42000.000,BG-2025-03,Generated PR item.,Converted to PO
2164,2014,82,84431.000,ml,2025-10-01,1.50,High,Required for Consumables consumption plan.,0.000,8000.000,BG-2025-04,Generated PR item.,Converted to PO
2165,2015,83,9115.000,g,2025-09-23,0.60,Urgent,Required for Consumables consumption plan.,0.000,24000.000,BG-2025-05,Generated PR item.,Converted to PO
2166,2016,84,93634.000,ml,2025-10-02,0.25,High,Required for Consumables consumption plan.,0.000,156000.000,BG-2025-06,Generated PR item.,Converted to PO
2167,2017,85,13134.000,g,2025-10-09,1.80,High,Required for Consumables consumption plan.,0.000,9000.000,BG-2025-07,Generated PR item.,Converted to PO
2168,2018,86,7559.000,g,2025-10-11,1.20,High,Required for Consumables consumption plan.,0.000,4000.000,BG-2025-08,Generated PR item.,Converted to PO
2169,2019,87,11337.000,g,2025-10-01,0.80,Urgent,Required for Consumables consumption plan.,0.000,12000.000,BG-2025-09,Generated PR item.,Converted to PO
2170,2020,88,134.000,No,2025-09-26,45.00,High,Required for Packaging Materials consumption plan.,0.000,1520.000,BG-2025-10,Generated PR item.,Converted to PO
2171,2021,89,174.000,No,2025-10-05,18.00,High,Required for Packaging Materials consumption plan.,0.000,3040.000,BG-2025-11,Generated PR item.,Converted to PO
2172,2022,90,233.000,Sheet,2025-10-09,10.00,High,Required for Packaging Materials consumption plan.,0.000,1760.000,BG-2025-12,Generated PR item.,Converted to PO
2173,2023,91,52.000,No,2025-10-12,6.00,Urgent,Required for Packaging Materials consumption plan.,0.000,1520.000,BG-2025-01,Generated PR item.,Converted to PO
2174,2024,92,481.000,m,2025-09-26,1.20,High,Required for Packaging Materials consumption plan.,0.000,1600.000,BG-2025-02,Generated PR item.,Converted to PO
2175,2025,93,134.000,No,2025-10-01,3.00,High,Required for Packaging Materials consumption plan.,0.000,1760.000,BG-2025-03,Generated PR item.,Converted to PO
2176,2026,94,36.000,No,2025-10-04,35.00,High,Required for Identification & Documentation consumption plan.,0.000,1520.000,BG-2025-04,Generated PR item.,Converted to PO
2177,2027,95,232.000,No,2025-09-27,3.00,Urgent,Required for Identification & Documentation consumption plan.,0.000,1520.000,BG-2025-05,Generated PR item.,Converted to PO
2178,2028,96,90.000,No,2025-10-11,4.00,High,Required for Identification & Documentation consumption plan.,0.000,1520.000,BG-2025-06,Generated PR item.,Converted to PO
2179,2029,97,157.000,No,2025-09-29,2.00,High,Required for Identification & Documentation consumption plan.,0.000,1520.000,BG-2025-07,Generated PR item.,Converted to PO
2180,2030,98,176.000,No,2025-10-08,8.00,High,Required for Identification & Documentation consumption plan.,0.000,1520.000,BG-2025-08,Generated PR item.,Converted to PO
2181,2031,99,8.000,No,2025-10-13,4.00,Urgent,Required for Identification & Documentation consumption plan.,0.000,1520.000,BG-2025-09,Generated PR item.,Converted to PO
2182,2032,1,149.000,No,2025-10-10,1800.00,High,Required for Core Components consumption plan.,0.000,800.000,BG-2025-10,Generated PR item.,Converted to PO
2183,2033,2,359.000,No,2025-10-11,2800.00,High,Required for Core Components consumption plan.,0.000,480.000,BG-2025-11,Generated PR item.,Converted to PO
2184,2034,3,196.000,No,2025-10-02,6200.00,High,Required for Core Components consumption plan.,0.000,240.000,BG-2025-12,Generated PR item.,Converted to PO
2185,2035,4,54.000,No,2025-10-12,1200.00,Urgent,Required for Core Components consumption plan.,0.000,800.000,BG-2025-01,Generated PR item.,Converted to PO
2186,2036,5,60.000,No,2025-10-06,2200.00,High,Required for Core Components consumption plan.,0.000,480.000,BG-2025-02,Generated PR item.,Converted to PO
2187,2037,6,422.000,No,2025-09-30,5000.00,High,Required for Core Components consumption plan.,0.000,240.000,BG-2025-03,Generated PR item.,Converted to PO
2188,2038,7,42.000,No,2025-10-05,180.00,High,Required for Magnetic Components consumption plan.,0.000,6400.000,BG-2025-04,Generated PR item.,Converted to PO
2189,2039,8,29.000,No,2025-10-06,240.00,Urgent,Required for Magnetic Components consumption plan.,0.000,4800.000,BG-2025-05,Generated PR item.,Converted to PO
2190,2040,9,143.000,No,2025-10-09,360.00,High,Required for Magnetic Components consumption plan.,0.000,2880.000,BG-2025-06,Generated PR item.,Converted to PO
2191,2041,10,34.000,No,2025-10-04,450.00,High,Required for Mechanical Components consumption plan.,0.000,800.000,BG-2025-07,Generated PR item.,Converted to PO
2192,2042,11,165.000,No,2025-10-09,750.00,High,Required for Mechanical Components consumption plan.,0.000,480.000,BG-2025-08,Generated PR item.,Converted to PO
2193,2043,12,138.000,No,2025-10-08,1800.00,Urgent,Required for Mechanical Components consumption plan.,0.000,240.000,BG-2025-09,Generated PR item.,Converted to PO
2194,2044,13,164.000,No,2025-10-06,160.00,High,Required for Mechanical Components consumption plan.,0.000,800.000,BG-2025-10,Generated PR item.,Converted to PO
2195,2045,14,125.000,No,2025-10-13,220.00,High,Required for Mechanical Components consumption plan.,0.000,480.000,BG-2025-11,Generated PR item.,Converted to PO
2196,2046,15,196.000,No,2025-10-07,420.00,High,Required for Mechanical Components consumption plan.,0.000,240.000,BG-2025-12,Generated PR item.,Converted to PO
2197,2047,16,163.000,No,2025-10-15,1300.00,Urgent,Required for Mechanical Components consumption plan.,0.000,800.000,BG-2025-01,Generated PR item.,Converted to PO
2198,2048,17,107.000,No,2025-10-07,2400.00,High,Required for Mechanical Components consumption plan.,0.000,480.000,BG-2025-02,Generated PR item.,Converted to PO
2199,2049,18,8.000,No,2025-10-18,5200.00,High,Required for Mechanical Components consumption plan.,0.000,240.000,BG-2025-03,Generated PR item.,Converted to PO
2200,2050,19,72.000,No,2025-10-09,450.00,High,Required for Mechanical Components consumption plan.,0.000,1520.000,BG-2025-04,Generated PR item.,Converted to PO
2201,2051,20,37.000,No,2025-10-04,450.00,Urgent,Required for Mechanical Components consumption plan.,0.000,1520.000,BG-2025-05,Generated PR item.,Converted to PO
2202,2052,21,8.000,No,2025-10-06,60.00,High,Required for Mechanical Components consumption plan.,0.000,1280.000,BG-2025-06,Generated PR item.,Converted to PO
2203,2053,22,72.000,No,2025-10-18,120.00,High,Required for Mechanical Components consumption plan.,0.000,240.000,BG-2025-07,Generated PR item.,Converted to PO
2204,2054,23,24.000,No,2025-10-20,120.00,High,Required for Bearings consumption plan.,0.000,1600.000,BG-2025-08,Generated PR item.,Converted to PO
2205,2055,24,12.000,No,2025-10-08,220.00,Urgent,Required for Bearings consumption plan.,0.000,960.000,BG-2025-09,Generated PR item.,Converted to PO
2206,2056,25,34.000,No,2025-10-15,650.00,High,Required for Bearings consumption plan.,0.000,480.000,BG-2025-10,Generated PR item.,Converted to PO
2207,2057,26,129.000,No,2025-10-15,15.00,High,Required for Sealing Components consumption plan.,0.000,1520.000,BG-2025-11,Generated PR item.,Converted to PO
2208,2058,27,48.000,No,2025-10-08,45.00,High,Required for Sealing Components consumption plan.,0.000,1280.000,BG-2025-12,Generated PR item.,Converted to PO
2209,2059,28,72.000,No,2025-10-14,110.00,Urgent,Required for Sealing Components consumption plan.,0.000,480.000,BG-2025-01,Generated PR item.,Converted to PO
2210,2060,29,13.000,kg,2025-10-18,850.00,High,Required for Electrical Components consumption plan.,0.000,1440.000,BG-2025-02,Generated PR item.,Converted to PO
2211,2061,30,19.000,kg,2025-10-23,880.00,High,Required for Electrical Components consumption plan.,0.000,1536.000,BG-2025-03,Generated PR item.,Converted to PO
2212,2062,31,40.000,kg,2025-10-22,920.00,High,Required for Electrical Components consumption plan.,0.000,1560.000,BG-2025-04,Generated PR item.,Converted to PO
2213,2063,32,237.000,m,2025-10-08,35.00,Urgent,Required for Electrical Components consumption plan.,0.000,2400.000,BG-2025-05,Generated PR item.,Converted to PO
2214,2064,33,340.000,m,2025-10-11,60.00,High,Required for Electrical Components consumption plan.,0.000,1920.000,BG-2025-06,Generated PR item.,Converted to PO
2215,2065,34,399.000,m,2025-10-15,150.00,High,Required for Electrical Components consumption plan.,0.000,1200.000,BG-2025-07,Generated PR item.,Converted to PO
2216,2066,35,159.000,No,2025-10-10,90.00,High,Required for Electrical Components consumption plan.,0.000,800.000,BG-2025-08,Generated PR item.,Converted to PO
2217,2067,36,156.000,No,2025-10-18,180.00,Urgent,Required for Electrical Components consumption plan.,0.000,480.000,BG-2025-09,Generated PR item.,Converted to PO
2218,2068,37,235.000,No,2025-10-08,420.00,High,Required for Electrical Components consumption plan.,0.000,240.000,BG-2025-10,Generated PR item.,Converted to PO
2219,2069,38,67.000,No,2025-10-10,12.00,High,Required for Electrical Components consumption plan.,0.000,4560.000,BG-2025-11,Generated PR item.,Converted to PO
2220,2070,39,201.000,No,2025-10-09,45.00,High,Required for Electronic Components consumption plan.,0.000,2400.000,BG-2025-12,Generated PR item.,Converted to PO
2221,2071,40,235.000,No,2025-10-14,120.00,Urgent,Required for Electronic Components consumption plan.,0.000,800.000,BG-2025-01,Generated PR item.,Converted to PO
2222,2072,41,144.000,No,2025-10-23,1400.00,High,Required for Electronic Components consumption plan.,0.000,480.000,BG-2025-02,Generated PR item.,Converted to PO
2223,2073,42,211.000,No,2025-10-13,3200.00,High,Required for Electronic Components consumption plan.,0.000,240.000,BG-2025-03,Generated PR item.,Converted to PO
2224,2074,43,38.000,No,2025-10-27,85.00,High,Required for Electronic Components consumption plan.,0.000,480.000,BG-2025-04,Generated PR item.,Converted to PO
2225,2075,44,221.000,No,2025-10-14,220.00,Urgent,Required for Electronic Components consumption plan.,0.000,480.000,BG-2025-05,Generated PR item.,Converted to PO
2226,2076,45,143.000,No,2025-10-11,350.00,High,Required for Electronic Components consumption plan.,0.000,1280.000,BG-2025-06,Generated PR item.,Converted to PO
2227,2077,46,59.000,No,2025-10-18,750.00,High,Required for Electronic Components consumption plan.,0.000,240.000,BG-2025-07,Generated PR item.,Converted to PO
2228,2078,47,9.000,Set,2025-10-25,450.00,High,Required for Electronic Components consumption plan.,0.000,1280.000,BG-2025-08,Generated PR item.,Converted to PO
2229,2079,48,59.000,Set,2025-10-14,950.00,Urgent,Required for Electronic Components consumption plan.,0.000,240.000,BG-2025-09,Generated PR item.,Converted to PO
2230,2080,49,110.000,No,2025-10-14,25.00,High,Required for Electronic Components consumption plan.,0.000,800.000,BG-2025-10,Generated PR item.,Converted to PO
2231,2081,50,81.000,No,2025-10-28,40.00,High,Required for Electronic Components consumption plan.,0.000,480.000,BG-2025-11,Generated PR item.,Converted to PO
2232,2082,51,101.000,No,2025-10-23,110.00,High,Required for Electronic Components consumption plan.,0.000,240.000,BG-2025-12,Generated PR item.,Converted to PO
2233,2083,52,248.000,No,2025-10-19,2.00,Urgent,Required for Electronic Components consumption plan.,0.000,4000.000,BG-2025-01,Generated PR item.,Converted to PO
2234,2084,53,110.000,No,2025-10-27,3.00,High,Required for Electronic Components consumption plan.,0.000,2880.000,BG-2025-02,Generated PR item.,Converted to PO
2235,2085,54,24.000,No,2025-10-29,5.00,High,Required for Electronic Components consumption plan.,0.000,1920.000,BG-2025-03,Generated PR item.,Converted to PO
2236,2086,55,73.000,No,2025-10-20,8.00,High,Required for Insulation Materials consumption plan.,0.000,19200.000,BG-2025-04,Generated PR item.,Converted to PO
2237,2087,56,40.000,No,2025-10-25,10.00,Urgent,Required for Insulation Materials consumption plan.,0.000,17280.000,BG-2025-05,Generated PR item.,Converted to PO
2238,2088,57,173.000,No,2025-10-15,12.00,High,Required for Insulation Materials consumption plan.,0.000,11520.000,BG-2025-06,Generated PR item.,Converted to PO
2239,2089,58,201.000,No,2025-10-20,6.00,High,Required for Insulation Materials consumption plan.,0.000,48000.000,BG-2025-07,Generated PR item.,Converted to PO
2240,2090,59,211.000,No,2025-10-25,5.00,High,Required for Insulation Materials consumption plan.,0.000,48000.000,BG-2025-08,Generated PR item.,Converted to PO
2241,2091,60,324.000,m,2025-10-19,18.00,Urgent,Required for Insulation Materials consumption plan.,0.000,400.000,BG-2025-09,Generated PR item.,Converted to PO
2242,2092,61,389.000,m,2025-11-02,25.00,High,Required for Insulation Materials consumption plan.,0.000,384.000,BG-2025-10,Generated PR item.,Converted to PO
2243,2093,62,220.000,m,2025-11-03,45.00,High,Required for Insulation Materials consumption plan.,0.000,240.000,BG-2025-11,Generated PR item.,Converted to PO
2244,2094,63,321.000,No,2025-10-21,3.00,High,Required for Fasteners consumption plan.,0.000,6400.000,BG-2025-12,Generated PR item.,Converted to PO
2245,2095,64,71.000,No,2025-10-24,5.00,Urgent,Required for Fasteners consumption plan.,0.000,4800.000,BG-2025-01,Generated PR item.,Converted to PO
2246,2096,65,278.000,No,2025-10-20,12.00,High,Required for Fasteners consumption plan.,0.000,2880.000,BG-2025-02,Generated PR item.,Converted to PO
2247,2097,66,288.000,No,2025-10-26,1.50,High,Required for Fasteners consumption plan.,0.000,6400.000,BG-2025-03,Generated PR item.,Converted to PO
2248,2098,67,34.000,No,2025-10-20,2.50,High,Required for Fasteners consumption plan.,0.000,4800.000,BG-2025-04,Generated PR item.,Converted to PO
2249,2099,68,283.000,No,2025-10-25,6.00,Urgent,Required for Fasteners consumption plan.,0.000,2880.000,BG-2025-05,Generated PR item.,Converted to PO
2250,2100,69,367.000,No,2025-10-27,0.80,High,Required for Fasteners consumption plan.,0.000,6400.000,BG-2025-06,Generated PR item.,Converted to PO
2251,2101,70,196.000,No,2025-10-30,1.20,High,Required for Fasteners consumption plan.,0.000,4800.000,BG-2025-07,Generated PR item.,Converted to PO
2252,2102,71,282.000,No,2025-10-29,2.50,High,Required for Fasteners consumption plan.,0.000,2880.000,BG-2025-08,Generated PR item.,Converted to PO
2253,2103,72,157.000,No,2025-10-22,0.80,Urgent,Required for Fasteners consumption plan.,0.000,6400.000,BG-2025-09,Generated PR item.,Converted to PO
2254,2104,73,150.000,No,2025-11-03,1.20,High,Required for Fasteners consumption plan.,0.000,4800.000,BG-2025-10,Generated PR item.,Converted to PO
2255,2105,74,82.000,No,2025-11-01,2.50,High,Required for Fasteners consumption plan.,0.000,2880.000,BG-2025-11,Generated PR item.,Converted to PO
2256,2106,75,177.000,No,2025-11-02,4.00,High,Required for Fasteners consumption plan.,0.000,1600.000,BG-2025-12,Generated PR item.,Converted to PO
2257,2107,76,406.000,No,2025-10-29,7.00,Urgent,Required for Fasteners consumption plan.,0.000,960.000,BG-2025-01,Generated PR item.,Converted to PO
2258,2108,77,470.000,No,2025-11-06,15.00,High,Required for Fasteners consumption plan.,0.000,480.000,BG-2025-02,Generated PR item.,Converted to PO
2259,2109,78,325.000,No,2025-10-29,4.00,High,Required for Fasteners consumption plan.,0.000,3040.000,BG-2025-03,Generated PR item.,Converted to PO
2260,2110,79,320.000,No,2025-11-05,4.00,High,Required for Fasteners consumption plan.,0.000,3040.000,BG-2025-04,Generated PR item.,Converted to PO
2261,2111,80,63313.000,ml,2025-10-26,0.80,Urgent,Required for Consumables consumption plan.,0.000,144000.000,BG-2025-05,Generated PR item.,Converted to PO
2262,2112,81,14801.000,g,2025-10-27,1.20,High,Required for Consumables consumption plan.,0.000,42000.000,BG-2025-06,Generated PR item.,Converted to PO
2263,2113,82,45188.000,ml,2025-11-01,1.50,High,Required for Consumables consumption plan.,0.000,8000.000,BG-2025-07,Generated PR item.,Converted to PO
2264,2114,83,19007.000,g,2025-11-03,0.60,High,Required for Consumables consumption plan.,0.000,24000.000,BG-2025-08,Generated PR item.,Converted to PO
2265,2115,84,79518.000,ml,2025-11-07,0.25,Urgent,Required for Consumables consumption plan.,0.000,156000.000,BG-2025-09,Generated PR item.,Converted to PO
2266,2116,85,12998.000,g,2025-10-31,1.80,High,Required for Consumables consumption plan.,0.000,9000.000,BG-2025-10,Generated PR item.,Converted to PO
2267,2117,86,17411.000,g,2025-11-11,1.20,High,Required for Consumables consumption plan.,0.000,4000.000,BG-2025-11,Generated PR item.,Converted to PO
2268,2118,87,14635.000,g,2025-11-02,0.80,High,Required for Consumables consumption plan.,0.000,12000.000,BG-2025-12,Generated PR item.,Converted to PO
2269,2119,88,75.000,No,2025-11-06,45.00,Urgent,Required for Packaging Materials consumption plan.,0.000,1520.000,BG-2025-01,Generated PR item.,Converted to PO
2270,2120,89,76.000,No,2025-11-13,18.00,High,Required for Packaging Materials consumption plan.,0.000,3040.000,BG-2025-02,Generated PR item.,Converted to PO
2271,2121,90,24.000,Sheet,2025-11-07,10.00,High,Required for Packaging Materials consumption plan.,0.000,1760.000,BG-2025-03,Generated PR item.,Converted to PO
2272,2122,91,113.000,No,2025-11-10,6.00,High,Required for Packaging Materials consumption plan.,0.000,1520.000,BG-2025-04,Generated PR item.,Converted to PO
2273,2123,92,362.000,m,2025-11-14,1.20,Urgent,Required for Packaging Materials consumption plan.,0.000,1600.000,BG-2025-05,Generated PR item.,Converted to PO
2274,2124,93,173.000,No,2025-11-15,3.00,High,Required for Packaging Materials consumption plan.,0.000,1760.000,BG-2025-06,Generated PR item.,Converted to PO
2275,2125,94,247.000,No,2025-11-07,35.00,High,Required for Identification & Documentation consumption plan.,0.000,1520.000,BG-2025-07,Generated PR item.,Converted to PO
2276,2126,95,14.000,No,2025-11-06,3.00,High,Required for Identification & Documentation consumption plan.,0.000,1520.000,BG-2025-08,Generated PR item.,Converted to PO
2277,2127,96,192.000,No,2025-11-02,4.00,Urgent,Required for Identification & Documentation consumption plan.,0.000,1520.000,BG-2025-09,Generated PR item.,Converted to PO
2278,2128,97,200.000,No,2025-11-09,2.00,High,Required for Identification & Documentation consumption plan.,0.000,1520.000,BG-2025-10,Generated PR item.,Converted to PO
2279,2129,98,112.000,No,2025-11-16,8.00,High,Required for Identification & Documentation consumption plan.,0.000,1520.000,BG-2025-11,Generated PR item.,Converted to PO
2280,2130,99,74.000,No,2025-11-08,4.00,High,Required for Identification & Documentation consumption plan.,0.000,1520.000,BG-2025-12,Generated PR item.,Converted to PO
2281,2131,1,211.000,No,2025-11-06,1800.00,Urgent,Required for Core Components consumption plan.,0.000,800.000,BG-2025-01,Generated PR item.,Converted to PO
2282,2132,2,357.000,No,2025-11-01,2800.00,High,Required for Core Components consumption plan.,0.000,480.000,BG-2025-02,Generated PR item.,Converted to PO
2283,2133,3,438.000,No,2025-11-07,6200.00,High,Required for Core Components consumption plan.,0.000,240.000,BG-2025-03,Generated PR item.,Converted to PO
2284,2134,4,339.000,No,2025-11-04,1200.00,High,Required for Core Components consumption plan.,0.000,800.000,BG-2025-04,Generated PR item.,Converted to PO
2285,2135,5,281.000,No,2025-11-18,2200.00,Urgent,Required for Core Components consumption plan.,0.000,480.000,BG-2025-05,Generated PR item.,Converted to PO
2286,2136,6,344.000,No,2025-11-10,5000.00,High,Required for Core Components consumption plan.,0.000,240.000,BG-2025-06,Generated PR item.,Converted to PO
2287,2137,7,22.000,No,2025-11-03,180.00,High,Required for Magnetic Components consumption plan.,0.000,6400.000,BG-2025-07,Generated PR item.,Converted to PO
2288,2138,8,154.000,No,2025-11-03,240.00,High,Required for Magnetic Components consumption plan.,0.000,4800.000,BG-2025-08,Generated PR item.,Converted to PO
2289,2139,9,15.000,No,2025-11-17,360.00,Urgent,Required for Magnetic Components consumption plan.,0.000,2880.000,BG-2025-09,Generated PR item.,Converted to PO
2290,2140,10,240.000,No,2025-11-18,450.00,High,Required for Mechanical Components consumption plan.,0.000,800.000,BG-2025-10,Generated PR item.,Converted to PO
2291,2141,11,223.000,No,2025-11-16,750.00,High,Required for Mechanical Components consumption plan.,0.000,480.000,BG-2025-11,Generated PR item.,Converted to PO
2292,2142,12,130.000,No,2025-11-06,1800.00,High,Required for Mechanical Components consumption plan.,0.000,240.000,BG-2025-12,Generated PR item.,Converted to PO
2293,2143,13,97.000,No,2025-11-05,160.00,Urgent,Required for Mechanical Components consumption plan.,0.000,800.000,BG-2025-01,Generated PR item.,Converted to PO
2294,2144,14,185.000,No,2025-11-07,220.00,High,Required for Mechanical Components consumption plan.,0.000,480.000,BG-2025-02,Generated PR item.,Converted to PO
2295,2145,15,161.000,No,2025-11-17,420.00,High,Required for Mechanical Components consumption plan.,0.000,240.000,BG-2025-03,Generated PR item.,Converted to PO
2296,2146,16,178.000,No,2025-11-18,1300.00,High,Required for Mechanical Components consumption plan.,0.000,800.000,BG-2025-04,Generated PR item.,Converted to PO
2297,2147,17,131.000,No,2025-11-20,2400.00,Urgent,Required for Mechanical Components consumption plan.,0.000,480.000,BG-2025-05,Generated PR item.,Converted to PO
2298,2148,18,63.000,No,2025-11-06,5200.00,High,Required for Mechanical Components consumption plan.,0.000,240.000,BG-2025-06,Generated PR item.,Converted to PO
2299,2149,19,23.000,No,2025-11-07,450.00,High,Required for Mechanical Components consumption plan.,0.000,1520.000,BG-2025-07,Generated PR item.,Converted to PO
2300,2150,20,74.000,No,2025-11-22,450.00,High,Required for Mechanical Components consumption plan.,0.000,1520.000,BG-2025-08,Generated PR item.,Converted to PO
2301,2151,21,135.000,No,2025-11-22,60.00,Urgent,Required for Mechanical Components consumption plan.,0.000,1280.000,BG-2025-09,Generated PR item.,Converted to PO
2302,2152,22,109.000,No,2025-11-20,120.00,High,Required for Mechanical Components consumption plan.,0.000,240.000,BG-2025-10,Generated PR item.,Converted to PO
2303,2153,23,53.000,No,2025-11-08,120.00,High,Required for Bearings consumption plan.,0.000,1600.000,BG-2025-11,Generated PR item.,Converted to PO
2304,2154,24,31.000,No,2025-11-08,220.00,High,Required for Bearings consumption plan.,0.000,960.000,BG-2025-12,Generated PR item.,Converted to PO
2305,2155,25,95.000,No,2025-11-09,650.00,Urgent,Required for Bearings consumption plan.,0.000,480.000,BG-2025-01,Generated PR item.,Converted to PO
2306,2156,26,95.000,No,2025-11-20,15.00,High,Required for Sealing Components consumption plan.,0.000,1520.000,BG-2025-02,Generated PR item.,Converted to PO
2307,2157,27,213.000,No,2025-11-23,45.00,High,Required for Sealing Components consumption plan.,0.000,1280.000,BG-2025-03,Generated PR item.,Converted to PO
2308,2158,28,101.000,No,2025-11-19,110.00,High,Required for Sealing Components consumption plan.,0.000,480.000,BG-2025-04,Generated PR item.,Converted to PO
2309,2159,29,94.000,kg,2025-11-13,850.00,Urgent,Required for Electrical Components consumption plan.,0.000,1440.000,BG-2025-05,Generated PR item.,Converted to PO
2310,2160,30,125.000,kg,2025-11-22,880.00,High,Required for Electrical Components consumption plan.,0.000,1536.000,BG-2025-06,Generated PR item.,Converted to PO
2311,2161,31,60.000,kg,2025-11-10,920.00,High,Required for Electrical Components consumption plan.,0.000,1560.000,BG-2025-07,Generated PR item.,Converted to PO
2312,2162,32,125.000,m,2025-11-23,35.00,High,Required for Electrical Components consumption plan.,0.000,2400.000,BG-2025-08,Generated PR item.,Converted to PO
2313,2163,33,202.000,m,2025-11-27,60.00,Urgent,Required for Electrical Components consumption plan.,0.000,1920.000,BG-2025-09,Generated PR item.,Converted to PO
2314,2164,34,406.000,m,2025-11-23,150.00,High,Required for Electrical Components consumption plan.,0.000,1200.000,BG-2025-10,Generated PR item.,Converted to PO
2315,2165,35,40.000,No,2025-11-27,90.00,High,Required for Electrical Components consumption plan.,0.000,800.000,BG-2025-11,Generated PR item.,Converted to PO
2316,2166,36,112.000,No,2025-11-22,180.00,High,Required for Electrical Components consumption plan.,0.000,480.000,BG-2025-12,Generated PR item.,Converted to PO
2317,2167,37,170.000,No,2025-11-20,420.00,Urgent,Required for Electrical Components consumption plan.,0.000,240.000,BG-2025-01,Generated PR item.,Converted to PO
2318,2168,38,178.000,No,2025-11-18,12.00,High,Required for Electrical Components consumption plan.,0.000,4560.000,BG-2025-02,Generated PR item.,Converted to PO
2319,2169,39,111.000,No,2025-11-30,45.00,High,Required for Electronic Components consumption plan.,0.000,2400.000,BG-2025-03,Generated PR item.,Converted to PO
2320,2170,40,25.000,No,2025-11-26,120.00,High,Required for Electronic Components consumption plan.,0.000,800.000,BG-2025-04,Generated PR item.,Converted to PO
2321,2171,41,8.000,No,2025-11-17,1400.00,Urgent,Required for Electronic Components consumption plan.,0.000,480.000,BG-2025-05,Generated PR item.,Converted to PO
2322,2172,42,120.000,No,2025-12-01,3200.00,High,Required for Electronic Components consumption plan.,0.000,240.000,BG-2025-06,Generated PR item.,Converted to PO
2323,2173,43,204.000,No,2025-11-15,85.00,High,Required for Electronic Components consumption plan.,0.000,480.000,BG-2025-07,Generated PR item.,Converted to PO
2324,2174,44,11.000,No,2025-11-24,220.00,High,Required for Electronic Components consumption plan.,0.000,480.000,BG-2025-08,Generated PR item.,Converted to PO
2325,2175,45,223.000,No,2025-11-18,350.00,Urgent,Required for Electronic Components consumption plan.,0.000,1280.000,BG-2025-09,Generated PR item.,Converted to PO
2326,2176,46,171.000,No,2025-11-27,750.00,High,Required for Electronic Components consumption plan.,0.000,240.000,BG-2025-10,Generated PR item.,Converted to PO
2327,2177,47,5.000,Set,2025-11-23,450.00,High,Required for Electronic Components consumption plan.,0.000,1280.000,BG-2025-11,Generated PR item.,Converted to PO
2328,2178,48,31.000,Set,2025-11-23,950.00,High,Required for Electronic Components consumption plan.,0.000,240.000,BG-2025-12,Generated PR item.,Converted to PO
2329,2179,49,59.000,No,2025-11-28,25.00,Urgent,Required for Electronic Components consumption plan.,0.000,800.000,BG-2025-01,Generated PR item.,Converted to PO
2330,2180,50,238.000,No,2025-11-29,40.00,High,Required for Electronic Components consumption plan.,0.000,480.000,BG-2025-02,Generated PR item.,Converted to PO
2331,2181,51,141.000,No,2025-11-22,110.00,High,Required for Electronic Components consumption plan.,0.000,240.000,BG-2025-03,Generated PR item.,Converted to PO
2332,2182,52,84.000,No,2025-12-04,2.00,High,Required for Electronic Components consumption plan.,0.000,4000.000,BG-2025-04,Generated PR item.,Converted to PO
2333,2183,53,73.000,No,2025-11-25,3.00,Urgent,Required for Electronic Components consumption plan.,0.000,2880.000,BG-2025-05,Generated PR item.,Converted to PO
2334,2184,54,143.000,No,2025-11-20,5.00,High,Required for Electronic Components consumption plan.,0.000,1920.000,BG-2025-06,Generated PR item.,Converted to PO
2335,2185,55,6.000,No,2025-11-18,8.00,High,Required for Insulation Materials consumption plan.,0.000,19200.000,BG-2025-07,Generated PR item.,Converted to PO
2336,2186,56,68.000,No,2025-11-21,10.00,High,Required for Insulation Materials consumption plan.,0.000,17280.000,BG-2025-08,Generated PR item.,Converted to PO
2337,2187,57,45.000,No,2025-11-30,12.00,Urgent,Required for Insulation Materials consumption plan.,0.000,11520.000,BG-2025-09,Generated PR item.,Converted to PO
2338,2188,58,157.000,No,2025-11-27,6.00,High,Required for Insulation Materials consumption plan.,0.000,48000.000,BG-2025-10,Generated PR item.,Converted to PO
2339,2189,59,169.000,No,2025-11-24,5.00,High,Required for Insulation Materials consumption plan.,0.000,48000.000,BG-2025-11,Generated PR item.,Converted to PO
2340,2190,60,244.000,m,2025-11-27,18.00,High,Required for Insulation Materials consumption plan.,0.000,400.000,BG-2025-12,Generated PR item.,Converted to PO
2341,2191,61,87.000,m,2025-12-04,25.00,Urgent,Required for Insulation Materials consumption plan.,0.000,384.000,BG-2025-01,Generated PR item.,Converted to PO
2342,2192,62,198.000,m,2025-11-29,45.00,High,Required for Insulation Materials consumption plan.,0.000,240.000,BG-2025-02,Generated PR item.,Converted to PO
2343,2193,63,425.000,No,2025-11-20,3.00,High,Required for Fasteners consumption plan.,0.000,6400.000,BG-2025-03,Generated PR item.,Converted to PO
2344,2194,64,117.000,No,2025-11-20,5.00,High,Required for Fasteners consumption plan.,0.000,4800.000,BG-2025-04,Generated PR item.,Converted to PO
2345,2195,65,98.000,No,2025-11-29,12.00,Urgent,Required for Fasteners consumption plan.,0.000,2880.000,BG-2025-05,Generated PR item.,Converted to PO
2346,2196,66,73.000,No,2025-11-28,1.50,High,Required for Fasteners consumption plan.,0.000,6400.000,BG-2025-06,Generated PR item.,Converted to PO
2347,2197,67,412.000,No,2025-12-06,2.50,High,Required for Fasteners consumption plan.,0.000,4800.000,BG-2025-07,Generated PR item.,Converted to PO
2348,2198,68,77.000,No,2025-12-01,6.00,High,Required for Fasteners consumption plan.,0.000,2880.000,BG-2025-08,Generated PR item.,Converted to PO
2349,2199,69,299.000,No,2025-12-04,0.80,Urgent,Required for Fasteners consumption plan.,0.000,6400.000,BG-2025-09,Generated PR item.,Converted to PO
2350,2200,70,500.000,No,2025-12-02,1.20,High,Required for Fasteners consumption plan.,0.000,4800.000,BG-2025-10,Generated PR item.,Converted to PO
2351,2201,71,328.000,No,2025-11-28,2.50,High,Required for Fasteners consumption plan.,0.000,2880.000,BG-2025-11,Generated PR item.,Converted to PO
2352,2202,72,218.000,No,2025-12-03,0.80,High,Required for Fasteners consumption plan.,0.000,6400.000,BG-2025-12,Generated PR item.,Converted to PO
2353,2203,73,119.000,No,2025-12-04,1.20,Urgent,Required for Fasteners consumption plan.,0.000,4800.000,BG-2025-01,Generated PR item.,Converted to PO
2354,2204,74,20.000,No,2025-12-05,2.50,High,Required for Fasteners consumption plan.,0.000,2880.000,BG-2025-02,Generated PR item.,Converted to PO
2355,2205,75,94.000,No,2025-11-27,4.00,High,Required for Fasteners consumption plan.,0.000,1600.000,BG-2025-03,Generated PR item.,Converted to PO
2356,2206,76,478.000,No,2025-12-05,7.00,High,Required for Fasteners consumption plan.,0.000,960.000,BG-2025-04,Generated PR item.,Converted to PO
2357,2207,77,89.000,No,2025-11-29,15.00,Urgent,Required for Fasteners consumption plan.,0.000,480.000,BG-2025-05,Generated PR item.,Converted to PO
2358,2208,78,29.000,No,2025-12-09,4.00,High,Required for Fasteners consumption plan.,0.000,3040.000,BG-2025-06,Generated PR item.,Converted to PO
2359,2209,79,412.000,No,2025-12-09,4.00,High,Required for Fasteners consumption plan.,0.000,3040.000,BG-2025-07,Generated PR item.,Converted to PO
2360,2210,80,44766.000,ml,2025-12-06,0.80,High,Required for Consumables consumption plan.,0.000,144000.000,BG-2025-08,Generated PR item.,Converted to PO
2361,2211,81,11353.000,g,2025-12-12,1.20,Urgent,Required for Consumables consumption plan.,0.000,42000.000,BG-2025-09,Generated PR item.,Converted to PO
2362,2212,82,73161.000,ml,2025-12-04,1.50,High,Required for Consumables consumption plan.,0.000,8000.000,BG-2025-10,Generated PR item.,Converted to PO
2363,2213,83,16168.000,g,2025-11-25,0.60,High,Required for Consumables consumption plan.,0.000,24000.000,BG-2025-11,Generated PR item.,Converted to PO
2364,2214,84,91887.000,ml,2025-12-07,0.25,High,Required for Consumables consumption plan.,0.000,156000.000,BG-2025-12,Generated PR item.,Converted to PO
2365,2215,85,14560.000,g,2025-12-10,1.80,Urgent,Required for Consumables consumption plan.,0.000,9000.000,BG-2025-01,Generated PR item.,Converted to PO
2366,2216,86,21674.000,g,2025-11-28,1.20,High,Required for Consumables consumption plan.,0.000,4000.000,BG-2025-02,Generated PR item.,Converted to PO
2367,2217,87,26487.000,g,2025-11-28,0.80,High,Required for Consumables consumption plan.,0.000,12000.000,BG-2025-03,Generated PR item.,Converted to PO
2368,2218,88,119.000,No,2025-12-02,45.00,High,Required for Packaging Materials consumption plan.,0.000,1520.000,BG-2025-04,Generated PR item.,Converted to PO
2369,2219,89,74.000,No,2025-12-13,18.00,Urgent,Required for Packaging Materials consumption plan.,0.000,3040.000,BG-2025-05,Generated PR item.,Converted to PO
2370,2220,90,244.000,Sheet,2025-12-07,10.00,High,Required for Packaging Materials consumption plan.,0.000,1760.000,BG-2025-06,Generated PR item.,Converted to PO
2371,2221,91,60.000,No,2025-12-15,6.00,High,Required for Packaging Materials consumption plan.,0.000,1520.000,BG-2025-07,Generated PR item.,Converted to PO
2372,2222,92,38.000,m,2025-12-13,1.20,High,Required for Packaging Materials consumption plan.,0.000,1600.000,BG-2025-08,Generated PR item.,Converted to PO
2373,2223,93,147.000,No,2025-12-07,3.00,Urgent,Required for Packaging Materials consumption plan.,0.000,1760.000,BG-2025-09,Generated PR item.,Converted to PO
2374,2224,94,247.000,No,2025-12-11,35.00,High,Required for Identification & Documentation consumption plan.,0.000,1520.000,BG-2025-10,Generated PR item.,Converted to PO
2375,2225,95,26.000,No,2025-12-04,3.00,High,Required for Identification & Documentation consumption plan.,0.000,1520.000,BG-2025-11,Generated PR item.,Converted to PO
2376,2226,96,213.000,No,2025-11-30,4.00,High,Required for Identification & Documentation consumption plan.,0.000,1520.000,BG-2025-12,Generated PR item.,Converted to PO
2377,2227,97,209.000,No,2025-12-06,2.00,Urgent,Required for Identification & Documentation consumption plan.,0.000,1520.000,BG-2025-01,Generated PR item.,Converted to PO
2378,2228,98,233.000,No,2025-12-10,8.00,High,Required for Identification & Documentation consumption plan.,0.000,1520.000,BG-2025-02,Generated PR item.,Converted to PO
2379,2229,99,108.000,No,2025-12-03,4.00,High,Required for Identification & Documentation consumption plan.,0.000,1520.000,BG-2025-03,Generated PR item.,Converted to PO
2380,2230,1,164.000,No,2025-12-03,1800.00,High,Required for Core Components consumption plan.,0.000,800.000,BG-2025-04,Generated PR item.,Converted to PO
2381,2231,2,280.000,No,2025-11-30,2800.00,Urgent,Required for Core Components consumption plan.,0.000,480.000,BG-2025-05,Generated PR item.,Converted to PO
2382,2232,3,114.000,No,2025-12-13,6200.00,High,Required for Core Components consumption plan.,0.000,240.000,BG-2025-06,Generated PR item.,Converted to PO
2383,2233,4,430.000,No,2025-12-17,1200.00,High,Required for Core Components consumption plan.,0.000,800.000,BG-2025-07,Generated PR item.,Converted to PO
2384,2234,5,349.000,No,2025-12-15,2200.00,High,Required for Core Components consumption plan.,0.000,480.000,BG-2025-08,Generated PR item.,Converted to PO
2385,2235,6,267.000,No,2025-12-07,5000.00,Urgent,Required for Core Components consumption plan.,0.000,240.000,BG-2025-09,Generated PR item.,Converted to PO
2386,2236,7,131.000,No,2025-12-11,180.00,High,Required for Magnetic Components consumption plan.,0.000,6400.000,BG-2025-10,Generated PR item.,Converted to PO
2387,2237,8,180.000,No,2025-12-18,240.00,High,Required for Magnetic Components consumption plan.,0.000,4800.000,BG-2025-11,Generated PR item.,Converted to PO
2388,2238,9,133.000,No,2025-12-12,360.00,High,Required for Magnetic Components consumption plan.,0.000,2880.000,BG-2025-12,Generated PR item.,Converted to PO
2389,2239,10,211.000,No,2025-12-07,450.00,Urgent,Required for Mechanical Components consumption plan.,0.000,800.000,BG-2025-01,Generated PR item.,Converted to PO
2390,2240,11,232.000,No,2025-12-08,750.00,High,Required for Mechanical Components consumption plan.,0.000,480.000,BG-2025-02,Generated PR item.,Converted to PO
2391,2241,12,238.000,No,2025-12-15,1800.00,High,Required for Mechanical Components consumption plan.,0.000,240.000,BG-2025-03,Generated PR item.,Converted to PO
2392,2242,13,157.000,No,2025-12-10,160.00,High,Required for Mechanical Components consumption plan.,0.000,800.000,BG-2025-04,Generated PR item.,Converted to PO
2393,2243,14,187.000,No,2025-12-17,220.00,Urgent,Required for Mechanical Components consumption plan.,0.000,480.000,BG-2025-05,Generated PR item.,Converted to PO
2394,2244,15,81.000,No,2025-12-18,420.00,High,Required for Mechanical Components consumption plan.,0.000,240.000,BG-2025-06,Generated PR item.,Converted to PO
2395,2245,16,14.000,No,2025-12-03,1300.00,High,Required for Mechanical Components consumption plan.,0.000,800.000,BG-2025-07,Generated PR item.,Converted to PO
2396,2246,17,103.000,No,2025-12-17,2400.00,High,Required for Mechanical Components consumption plan.,0.000,480.000,BG-2025-08,Generated PR item.,Converted to PO
2397,2247,18,219.000,No,2025-12-10,5200.00,Urgent,Required for Mechanical Components consumption plan.,0.000,240.000,BG-2025-09,Generated PR item.,Converted to PO
2398,2248,19,37.000,No,2025-12-13,450.00,High,Required for Mechanical Components consumption plan.,0.000,1520.000,BG-2025-10,Generated PR item.,Converted to PO
2399,2249,20,139.000,No,2025-12-09,450.00,High,Required for Mechanical Components consumption plan.,0.000,1520.000,BG-2025-11,Generated PR item.,Converted to PO
2400,2250,21,52.000,No,2025-12-11,60.00,High,Required for Mechanical Components consumption plan.,0.000,1280.000,BG-2025-12,Generated PR item.,Converted to PO
2401,2251,22,110.000,No,2025-12-10,120.00,Urgent,Required for Mechanical Components consumption plan.,0.000,240.000,BG-2025-01,Generated PR item.,Converted to PO
2402,2252,23,18.000,No,2025-12-06,120.00,High,Required for Bearings consumption plan.,0.000,1600.000,BG-2025-02,Generated PR item.,Converted to PO
2403,2253,24,75.000,No,2025-12-20,220.00,High,Required for Bearings consumption plan.,0.000,960.000,BG-2025-03,Generated PR item.,Converted to PO
2404,2254,25,82.000,No,2025-12-08,650.00,High,Required for Bearings consumption plan.,0.000,480.000,BG-2025-04,Generated PR item.,Converted to PO
2405,2255,26,191.000,No,2025-12-12,15.00,Urgent,Required for Sealing Components consumption plan.,0.000,1520.000,BG-2025-05,Generated PR item.,Converted to PO
2406,2256,27,178.000,No,2025-12-09,45.00,High,Required for Sealing Components consumption plan.,0.000,1280.000,BG-2025-06,Generated PR item.,Converted to PO
2407,2257,28,62.000,No,2025-12-09,110.00,High,Required for Sealing Components consumption plan.,0.000,480.000,BG-2025-07,Generated PR item.,Converted to PO
2408,2258,29,111.000,kg,2025-12-13,850.00,High,Required for Electrical Components consumption plan.,0.000,1440.000,BG-2025-08,Generated PR item.,Converted to PO
2409,2259,30,30.000,kg,2025-12-23,880.00,Urgent,Required for Electrical Components consumption plan.,0.000,1536.000,BG-2025-09,Generated PR item.,Converted to PO
2410,2260,31,81.000,kg,2025-12-23,920.00,High,Required for Electrical Components consumption plan.,0.000,1560.000,BG-2025-10,Generated PR item.,Converted to PO
2411,2261,32,263.000,m,2025-12-14,35.00,High,Required for Electrical Components consumption plan.,0.000,2400.000,BG-2025-11,Generated PR item.,Converted to PO
2412,2262,33,341.000,m,2025-12-17,60.00,High,Required for Electrical Components consumption plan.,0.000,1920.000,BG-2025-12,Generated PR item.,Converted to PO
2413,2263,34,66.000,m,2025-12-25,150.00,Urgent,Required for Electrical Components consumption plan.,0.000,1200.000,BG-2025-01,Generated PR item.,Converted to PO
2414,2264,35,204.000,No,2025-12-12,90.00,High,Required for Electrical Components consumption plan.,0.000,800.000,BG-2025-02,Generated PR item.,Converted to PO
2415,2265,36,117.000,No,2025-12-25,180.00,High,Required for Electrical Components consumption plan.,0.000,480.000,BG-2025-03,Generated PR item.,Converted to PO
2416,2266,37,221.000,No,2025-12-09,420.00,High,Required for Electrical Components consumption plan.,0.000,240.000,BG-2025-04,Generated PR item.,Converted to PO
2417,2267,38,134.000,No,2025-12-13,12.00,Urgent,Required for Electrical Components consumption plan.,0.000,4560.000,BG-2025-05,Generated PR item.,Converted to PO
2418,2268,39,139.000,No,2025-12-16,45.00,High,Required for Electronic Components consumption plan.,0.000,2400.000,BG-2025-06,Generated PR item.,Converted to PO
2419,2269,40,175.000,No,2025-12-10,120.00,High,Required for Electronic Components consumption plan.,0.000,800.000,BG-2025-07,Generated PR item.,Converted to PO
2420,2270,41,206.000,No,2025-12-24,1400.00,High,Required for Electronic Components consumption plan.,0.000,480.000,BG-2025-08,Generated PR item.,Converted to PO
2421,2271,42,43.000,No,2025-12-26,3200.00,Urgent,Required for Electronic Components consumption plan.,0.000,240.000,BG-2025-09,Generated PR item.,Converted to PO
2422,2272,43,130.000,No,2025-12-17,85.00,High,Required for Electronic Components consumption plan.,0.000,480.000,BG-2025-10,Generated PR item.,Converted to PO
2423,2273,44,12.000,No,2025-12-26,220.00,High,Required for Electronic Components consumption plan.,0.000,480.000,BG-2025-11,Generated PR item.,Converted to PO
2424,2274,45,121.000,No,2025-12-24,350.00,High,Required for Electronic Components consumption plan.,0.000,1280.000,BG-2025-12,Generated PR item.,Converted to PO
2425,2275,46,205.000,No,2025-12-26,750.00,Urgent,Required for Electronic Components consumption plan.,0.000,240.000,BG-2025-01,Generated PR item.,Converted to PO
2426,2276,47,70.000,Set,2025-12-26,450.00,High,Required for Electronic Components consumption plan.,0.000,1280.000,BG-2025-02,Generated PR item.,Converted to PO
2427,2277,48,26.000,Set,2025-12-22,950.00,High,Required for Electronic Components consumption plan.,0.000,240.000,BG-2025-03,Generated PR item.,Converted to PO
2428,2278,49,100.000,No,2025-12-13,25.00,High,Required for Electronic Components consumption plan.,0.000,800.000,BG-2025-04,Generated PR item.,Converted to PO
2429,2279,50,140.000,No,2025-12-28,40.00,Urgent,Required for Electronic Components consumption plan.,0.000,480.000,BG-2025-05,Generated PR item.,Converted to PO
2430,2280,51,102.000,No,2025-12-23,110.00,High,Required for Electronic Components consumption plan.,0.000,240.000,BG-2025-06,Generated PR item.,Converted to PO
2431,2281,52,48.000,No,2025-12-29,2.00,High,Required for Electronic Components consumption plan.,0.000,4000.000,BG-2025-07,Generated PR item.,Converted to PO
2432,2282,53,80.000,No,2025-12-31,3.00,High,Required for Electronic Components consumption plan.,0.000,2880.000,BG-2025-08,Generated PR item.,Converted to PO
2433,2283,54,104.000,No,2025-12-17,5.00,Urgent,Required for Electronic Components consumption plan.,0.000,1920.000,BG-2025-09,Generated PR item.,Converted to PO
2434,2284,55,132.000,No,2025-12-21,8.00,High,Required for Insulation Materials consumption plan.,0.000,19200.000,BG-2025-10,Generated PR item.,Converted to PO
2435,2285,56,231.000,No,2025-12-17,10.00,High,Required for Insulation Materials consumption plan.,0.000,17280.000,BG-2025-11,Generated PR item.,Converted to PO
2436,2286,57,139.000,No,2025-12-14,12.00,High,Required for Insulation Materials consumption plan.,0.000,11520.000,BG-2025-12,Generated PR item.,Converted to PO
2437,2287,58,100.000,No,2026-01-01,6.00,Urgent,Required for Insulation Materials consumption plan.,0.000,48000.000,BG-2025-01,Generated PR item.,Converted to PO
2438,2288,59,167.000,No,2025-12-31,5.00,High,Required for Insulation Materials consumption plan.,0.000,48000.000,BG-2025-02,Generated PR item.,Converted to PO
2439,2289,60,391.000,m,2025-12-31,18.00,High,Required for Insulation Materials consumption plan.,0.000,400.000,BG-2025-03,Generated PR item.,Converted to PO
2440,2290,61,227.000,m,2025-12-31,25.00,High,Required for Insulation Materials consumption plan.,0.000,384.000,BG-2025-04,Generated PR item.,Converted to PO
2441,2291,62,255.000,m,2025-12-27,45.00,Urgent,Required for Insulation Materials consumption plan.,0.000,240.000,BG-2025-05,Generated PR item.,Converted to PO
2442,2292,63,124.000,No,2025-12-26,3.00,High,Required for Fasteners consumption plan.,0.000,6400.000,BG-2025-06,Generated PR item.,Converted to PO
2443,2293,64,435.000,No,2026-01-04,5.00,High,Required for Fasteners consumption plan.,0.000,4800.000,BG-2025-07,Generated PR item.,Converted to PO
2444,2294,65,436.000,No,2025-12-27,12.00,High,Required for Fasteners consumption plan.,0.000,2880.000,BG-2025-08,Generated PR item.,Converted to PO
2445,2295,66,104.000,No,2025-12-29,1.50,Urgent,Required for Fasteners consumption plan.,0.000,6400.000,BG-2025-09,Generated PR item.,Converted to PO
2446,2296,67,186.000,No,2025-12-21,2.50,High,Required for Fasteners consumption plan.,0.000,4800.000,BG-2025-10,Generated PR item.,Converted to PO
2447,2297,68,150.000,No,2025-12-31,6.00,High,Required for Fasteners consumption plan.,0.000,2880.000,BG-2025-11,Generated PR item.,Converted to PO
2448,2298,69,463.000,No,2026-01-02,0.80,High,Required for Fasteners consumption plan.,0.000,6400.000,BG-2025-12,Generated PR item.,Converted to PO
2449,2299,70,51.000,No,2025-12-31,1.20,Urgent,Required for Fasteners consumption plan.,0.000,4800.000,BG-2025-01,Generated PR item.,Converted to PO
2450,2300,71,119.000,No,2025-12-27,2.50,High,Required for Fasteners consumption plan.,0.000,2880.000,BG-2025-02,Generated PR item.,Converted to PO
2451,2301,72,171.000,No,2025-12-22,0.80,High,Required for Fasteners consumption plan.,0.000,6400.000,BG-2025-03,Generated PR item.,Converted to PO
2452,2302,73,289.000,No,2025-12-20,1.20,High,Required for Fasteners consumption plan.,0.000,4800.000,BG-2025-04,Generated PR item.,Converted to PO
2453,2303,74,139.000,No,2025-12-31,2.50,Urgent,Required for Fasteners consumption plan.,0.000,2880.000,BG-2025-05,Generated PR item.,Converted to PO
2454,2304,75,278.000,No,2026-01-02,4.00,High,Required for Fasteners consumption plan.,0.000,1600.000,BG-2025-06,Generated PR item.,Converted to PO
2455,2305,76,379.000,No,2026-01-03,7.00,High,Required for Fasteners consumption plan.,0.000,960.000,BG-2025-07,Generated PR item.,Converted to PO
2456,2306,77,418.000,No,2026-01-07,15.00,High,Required for Fasteners consumption plan.,0.000,480.000,BG-2025-08,Generated PR item.,Converted to PO
2457,2307,78,67.000,No,2025-12-29,4.00,Urgent,Required for Fasteners consumption plan.,0.000,3040.000,BG-2025-09,Generated PR item.,Converted to PO
2458,2308,79,86.000,No,2026-01-05,4.00,High,Required for Fasteners consumption plan.,0.000,3040.000,BG-2025-10,Generated PR item.,Converted to PO
2459,2309,80,14043.000,ml,2026-01-03,0.80,High,Required for Consumables consumption plan.,0.000,144000.000,BG-2025-11,Generated PR item.,Converted to PO
2460,2310,81,27389.000,g,2025-12-26,1.20,High,Required for Consumables consumption plan.,0.000,42000.000,BG-2025-12,Generated PR item.,Converted to PO
2461,2311,82,66950.000,ml,2026-01-06,1.50,Urgent,Required for Consumables consumption plan.,0.000,8000.000,BG-2025-01,Generated PR item.,Converted to PO
2462,2312,83,16411.000,g,2025-12-23,0.60,High,Required for Consumables consumption plan.,0.000,24000.000,BG-2025-02,Generated PR item.,Converted to PO
2463,2313,84,80137.000,ml,2026-01-02,0.25,High,Required for Consumables consumption plan.,0.000,156000.000,BG-2025-03,Generated PR item.,Converted to PO
2464,2314,85,17997.000,g,2026-01-08,1.80,High,Required for Consumables consumption plan.,0.000,9000.000,BG-2025-04,Generated PR item.,Converted to PO
2465,2315,86,7828.000,g,2026-01-03,1.20,Urgent,Required for Consumables consumption plan.,0.000,4000.000,BG-2025-05,Generated PR item.,Converted to PO
2466,2316,87,15795.000,g,2026-01-08,0.80,High,Required for Consumables consumption plan.,0.000,12000.000,BG-2025-06,Generated PR item.,Converted to PO
2467,2317,88,177.000,No,2025-12-24,45.00,High,Required for Packaging Materials consumption plan.,0.000,1520.000,BG-2025-07,Generated PR item.,Converted to PO
2468,2318,89,13.000,No,2026-01-02,18.00,High,Required for Packaging Materials consumption plan.,0.000,3040.000,BG-2025-08,Generated PR item.,Converted to PO
2469,2319,90,154.000,Sheet,2026-01-07,10.00,Urgent,Required for Packaging Materials consumption plan.,0.000,1760.000,BG-2025-09,Generated PR item.,Converted to PO
2470,2320,91,127.000,No,2026-01-04,6.00,High,Required for Packaging Materials consumption plan.,0.000,1520.000,BG-2025-10,Generated PR item.,Converted to PO
2471,2321,92,53.000,m,2026-01-10,1.20,High,Required for Packaging Materials consumption plan.,0.000,1600.000,BG-2025-11,Generated PR item.,Converted to PO
2472,2322,93,69.000,No,2026-01-03,3.00,High,Required for Packaging Materials consumption plan.,0.000,1760.000,BG-2025-12,Generated PR item.,Converted to PO
2473,2323,94,115.000,No,2026-01-07,35.00,Urgent,Required for Identification & Documentation consumption plan.,0.000,1520.000,BG-2025-01,Generated PR item.,Converted to PO
2474,2324,95,89.000,No,2026-01-03,3.00,High,Required for Identification & Documentation consumption plan.,0.000,1520.000,BG-2025-02,Generated PR item.,Converted to PO
2475,2325,96,76.000,No,2026-01-11,4.00,High,Required for Identification & Documentation consumption plan.,0.000,1520.000,BG-2025-03,Generated PR item.,Converted to PO
2476,2326,97,164.000,No,2025-12-30,2.00,High,Required for Identification & Documentation consumption plan.,0.000,1520.000,BG-2025-04,Generated PR item.,Converted to PO
2477,2327,98,104.000,No,2026-01-01,8.00,Urgent,Required for Identification & Documentation consumption plan.,0.000,1520.000,BG-2025-05,Generated PR item.,Converted to PO
2478,2328,99,127.000,No,2025-12-29,4.00,High,Required for Identification & Documentation consumption plan.,0.000,1520.000,BG-2025-06,Generated PR item.,Converted to PO
2479,2329,1,410.000,No,2026-01-10,1800.00,High,Required for Core Components consumption plan.,0.000,800.000,BG-2025-07,Generated PR item.,Converted to PO
2480,2330,2,92.000,No,2026-01-02,2800.00,High,Required for Core Components consumption plan.,0.000,480.000,BG-2025-08,Generated PR item.,Converted to PO
2481,2331,3,212.000,No,2026-01-03,6200.00,Urgent,Required for Core Components consumption plan.,0.000,240.000,BG-2025-09,Generated PR item.,Converted to PO
2482,2332,4,82.000,No,2026-01-13,1200.00,High,Required for Core Components consumption plan.,0.000,800.000,BG-2025-10,Generated PR item.,Converted to PO
2483,2333,5,468.000,No,2026-01-04,2200.00,High,Required for Core Components consumption plan.,0.000,480.000,BG-2025-11,Generated PR item.,Converted to PO
2484,2334,6,133.000,No,2025-12-31,5000.00,High,Required for Core Components consumption plan.,0.000,240.000,BG-2025-12,Generated PR item.,Converted to PO
2485,2335,7,206.000,No,2025-12-30,180.00,Urgent,Required for Magnetic Components consumption plan.,0.000,6400.000,BG-2025-01,Generated PR item.,Converted to PO
2486,2336,8,51.000,No,2026-01-03,240.00,High,Required for Magnetic Components consumption plan.,0.000,4800.000,BG-2025-02,Generated PR item.,Converted to PO
2487,2337,9,84.000,No,2026-01-15,360.00,High,Required for Magnetic Components consumption plan.,0.000,2880.000,BG-2025-03,Generated PR item.,Converted to PO
2488,2338,10,154.000,No,2026-01-08,450.00,High,Required for Mechanical Components consumption plan.,0.000,800.000,BG-2025-04,Generated PR item.,Converted to PO
2489,2339,11,209.000,No,2026-01-16,750.00,Urgent,Required for Mechanical Components consumption plan.,0.000,480.000,BG-2025-05,Generated PR item.,Converted to PO
2490,2340,12,48.000,No,2026-01-03,1800.00,High,Required for Mechanical Components consumption plan.,0.000,240.000,BG-2025-06,Generated PR item.,Converted to PO
2491,2341,13,57.000,No,2026-01-06,160.00,High,Required for Mechanical Components consumption plan.,0.000,800.000,BG-2025-07,Generated PR item.,Converted to PO
2492,2342,14,221.000,No,2026-01-02,220.00,High,Required for Mechanical Components consumption plan.,0.000,480.000,BG-2025-08,Generated PR item.,Converted to PO
2493,2343,15,84.000,No,2026-01-07,420.00,Urgent,Required for Mechanical Components consumption plan.,0.000,240.000,BG-2025-09,Generated PR item.,Converted to PO
2494,2344,16,56.000,No,2026-01-10,1300.00,High,Required for Mechanical Components consumption plan.,0.000,800.000,BG-2025-10,Generated PR item.,Converted to PO
2495,2345,17,187.000,No,2026-01-15,2400.00,High,Required for Mechanical Components consumption plan.,0.000,480.000,BG-2025-11,Generated PR item.,Converted to PO
2496,2346,18,27.000,No,2026-01-08,5200.00,High,Required for Mechanical Components consumption plan.,0.000,240.000,BG-2025-12,Generated PR item.,Converted to PO
2497,2347,19,218.000,No,2026-01-15,450.00,Urgent,Required for Mechanical Components consumption plan.,0.000,1520.000,BG-2025-01,Generated PR item.,Converted to PO
2498,2348,20,220.000,No,2026-01-13,450.00,High,Required for Mechanical Components consumption plan.,0.000,1520.000,BG-2025-02,Generated PR item.,Converted to PO
2499,2349,21,215.000,No,2026-01-07,60.00,High,Required for Mechanical Components consumption plan.,0.000,1280.000,BG-2025-03,Generated PR item.,Converted to PO
2500,2350,22,77.000,No,2026-01-19,120.00,High,Required for Mechanical Components consumption plan.,0.000,240.000,BG-2025-04,Generated PR item.,Converted to PO
2501,2351,23,15.000,No,2026-01-10,120.00,Urgent,Required for Bearings consumption plan.,0.000,1600.000,BG-2025-05,Generated PR item.,Converted to PO
2502,2352,24,45.000,No,2026-01-05,220.00,High,Required for Bearings consumption plan.,0.000,960.000,BG-2025-06,Generated PR item.,Converted to PO
2503,2353,25,37.000,No,2026-01-20,650.00,High,Required for Bearings consumption plan.,0.000,480.000,BG-2025-07,Generated PR item.,Converted to PO
2504,2354,26,240.000,No,2026-01-19,15.00,High,Required for Sealing Components consumption plan.,0.000,1520.000,BG-2025-08,Generated PR item.,Converted to PO
2505,2355,27,160.000,No,2026-01-03,45.00,Urgent,Required for Sealing Components consumption plan.,0.000,1280.000,BG-2025-09,Generated PR item.,Converted to PO
2506,2356,28,237.000,No,2026-01-20,110.00,High,Required for Sealing Components consumption plan.,0.000,480.000,BG-2026-10,Generated PR item.,Converted to PO
2507,2357,29,153.000,kg,2026-01-21,850.00,High,Required for Electrical Components consumption plan.,0.000,1440.000,BG-2026-11,Generated PR item.,Converted to PO
2508,2358,30,146.000,kg,2026-01-18,880.00,High,Required for Electrical Components consumption plan.,0.000,1536.000,BG-2026-12,Generated PR item.,Converted to PO
2509,2359,31,31.000,kg,2026-01-08,920.00,Urgent,Required for Electrical Components consumption plan.,0.000,1560.000,BG-2026-01,Generated PR item.,Converted to PO
2510,2360,32,53.000,m,2026-01-15,35.00,High,Required for Electrical Components consumption plan.,0.000,2400.000,BG-2026-02,Generated PR item.,Converted to PO
2511,2361,33,42.000,m,2026-01-13,60.00,High,Required for Electrical Components consumption plan.,0.000,1920.000,BG-2026-03,Generated PR item.,Converted to PO
2512,2362,34,305.000,m,2026-01-16,150.00,High,Required for Electrical Components consumption plan.,0.000,1200.000,BG-2026-04,Generated PR item.,Converted to PO
2513,2363,35,54.000,No,2026-01-16,90.00,Urgent,Required for Electrical Components consumption plan.,0.000,800.000,BG-2026-05,Generated PR item.,Converted to PO
2514,2364,36,248.000,No,2026-01-16,180.00,High,Required for Electrical Components consumption plan.,0.000,480.000,BG-2026-06,Generated PR item.,Converted to PO
2515,2365,37,37.000,No,2026-01-14,420.00,High,Required for Electrical Components consumption plan.,0.000,240.000,BG-2026-07,Generated PR item.,Converted to PO
2516,2366,38,237.000,No,2026-01-17,12.00,High,Required for Electrical Components consumption plan.,0.000,4560.000,BG-2026-08,Generated PR item.,Converted to PO
2517,2367,39,169.000,No,2026-01-15,45.00,Urgent,Required for Electronic Components consumption plan.,0.000,2400.000,BG-2026-09,Generated PR item.,Converted to PO
2518,2368,40,31.000,No,2026-01-06,120.00,High,Required for Electronic Components consumption plan.,0.000,800.000,BG-2026-10,Generated PR item.,Converted to PO
2519,2369,41,19.000,No,2026-01-06,1400.00,High,Required for Electronic Components consumption plan.,0.000,480.000,BG-2026-11,Generated PR item.,Converted to PO
2520,2370,42,102.000,No,2026-01-24,3200.00,High,Required for Electronic Components consumption plan.,0.000,240.000,BG-2026-12,Generated PR item.,Converted to PO
2521,2371,43,88.000,No,2026-01-23,85.00,Urgent,Required for Electronic Components consumption plan.,0.000,480.000,BG-2026-01,Generated PR item.,Converted to PO
2522,2372,44,82.000,No,2026-01-17,220.00,High,Required for Electronic Components consumption plan.,0.000,480.000,BG-2026-02,Generated PR item.,Converted to PO
2523,2373,45,135.000,No,2026-01-11,350.00,High,Required for Electronic Components consumption plan.,0.000,1280.000,BG-2026-03,Generated PR item.,Converted to PO
2524,2374,46,36.000,No,2026-01-22,750.00,High,Required for Electronic Components consumption plan.,0.000,240.000,BG-2026-04,Generated PR item.,Converted to PO
2525,2375,47,14.000,Set,2026-01-10,450.00,Urgent,Required for Electronic Components consumption plan.,0.000,1280.000,BG-2026-05,Generated PR item.,Converted to PO
2526,2376,48,57.000,Set,2026-01-14,950.00,High,Required for Electronic Components consumption plan.,0.000,240.000,BG-2026-06,Generated PR item.,Converted to PO
2527,2377,49,248.000,No,2026-01-14,25.00,High,Required for Electronic Components consumption plan.,0.000,800.000,BG-2026-07,Generated PR item.,Converted to PO
2528,2378,50,72.000,No,2026-01-09,40.00,High,Required for Electronic Components consumption plan.,0.000,480.000,BG-2026-08,Generated PR item.,Converted to PO
2529,2379,51,234.000,No,2026-01-24,110.00,Urgent,Required for Electronic Components consumption plan.,0.000,240.000,BG-2026-09,Generated PR item.,Converted to PO
2530,2380,52,89.000,No,2026-01-19,2.00,High,Required for Electronic Components consumption plan.,0.000,4000.000,BG-2026-10,Generated PR item.,Converted to PO
2531,2381,53,87.000,No,2026-01-15,3.00,High,Required for Electronic Components consumption plan.,0.000,2880.000,BG-2026-11,Generated PR item.,Converted to PO
2532,2382,54,27.000,No,2026-01-19,5.00,High,Required for Electronic Components consumption plan.,0.000,1920.000,BG-2026-12,Generated PR item.,Converted to PO
2533,2383,55,109.000,No,2026-01-10,8.00,Urgent,Required for Insulation Materials consumption plan.,0.000,19200.000,BG-2026-01,Generated PR item.,Converted to PO
2534,2384,56,127.000,No,2026-01-18,10.00,High,Required for Insulation Materials consumption plan.,0.000,17280.000,BG-2026-02,Generated PR item.,Converted to PO
2535,2385,57,168.000,No,2026-01-20,12.00,High,Required for Insulation Materials consumption plan.,0.000,11520.000,BG-2026-03,Generated PR item.,Converted to PO
2536,2386,58,43.000,No,2026-01-17,6.00,High,Required for Insulation Materials consumption plan.,0.000,48000.000,BG-2026-04,Generated PR item.,Converted to PO
2537,2387,59,51.000,No,2026-01-25,5.00,Urgent,Required for Insulation Materials consumption plan.,0.000,48000.000,BG-2026-05,Generated PR item.,Converted to PO
2538,2388,60,227.000,m,2026-01-16,18.00,High,Required for Insulation Materials consumption plan.,0.000,400.000,BG-2026-06,Generated PR item.,Converted to PO
2539,2389,61,53.000,m,2026-01-15,25.00,High,Required for Insulation Materials consumption plan.,0.000,384.000,BG-2026-07,Generated PR item.,Converted to PO
2540,2390,62,88.000,m,2026-01-22,45.00,High,Required for Insulation Materials consumption plan.,0.000,240.000,BG-2026-08,Generated PR item.,Converted to PO
2541,2391,63,322.000,No,2026-01-28,3.00,Urgent,Required for Fasteners consumption plan.,0.000,6400.000,BG-2026-09,Generated PR item.,Converted to PO
2542,2392,64,478.000,No,2026-01-20,5.00,High,Required for Fasteners consumption plan.,0.000,4800.000,BG-2026-10,Generated PR item.,Converted to PO
2543,2393,65,295.000,No,2026-01-14,12.00,High,Required for Fasteners consumption plan.,0.000,2880.000,BG-2026-11,Generated PR item.,Converted to PO
2544,2394,66,89.000,No,2026-02-01,1.50,High,Required for Fasteners consumption plan.,0.000,6400.000,BG-2026-12,Generated PR item.,Converted to PO
2545,2395,67,496.000,No,2026-01-22,2.50,Urgent,Required for Fasteners consumption plan.,0.000,4800.000,BG-2026-01,Generated PR item.,Converted to PO
2546,2396,68,271.000,No,2026-01-18,6.00,High,Required for Fasteners consumption plan.,0.000,2880.000,BG-2026-02,Generated PR item.,Converted to PO
2547,2397,69,364.000,No,2026-01-26,0.80,High,Required for Fasteners consumption plan.,0.000,6400.000,BG-2026-03,Generated PR item.,Converted to PO
2548,2398,70,114.000,No,2026-01-21,1.20,High,Required for Fasteners consumption plan.,0.000,4800.000,BG-2026-04,Generated PR item.,Converted to PO
2549,2399,71,298.000,No,2026-02-01,2.50,Urgent,Required for Fasteners consumption plan.,0.000,2880.000,BG-2026-05,Generated PR item.,Converted to PO
2550,2400,72,56.000,No,2026-01-21,0.80,High,Required for Fasteners consumption plan.,0.000,6400.000,BG-2026-06,Generated PR item.,Converted to PO
2551,2401,73,320.000,No,2026-01-25,1.20,High,Required for Fasteners consumption plan.,0.000,4800.000,BG-2026-07,Generated PR item.,Converted to PO
2552,2402,74,117.000,No,2026-01-26,2.50,High,Required for Fasteners consumption plan.,0.000,2880.000,BG-2026-08,Generated PR item.,Converted to PO
2553,2403,75,457.000,No,2026-01-21,4.00,Urgent,Required for Fasteners consumption plan.,0.000,1600.000,BG-2026-09,Generated PR item.,Converted to PO
2554,2404,76,46.000,No,2026-01-25,7.00,High,Required for Fasteners consumption plan.,0.000,960.000,BG-2026-10,Generated PR item.,Converted to PO
2555,2405,77,333.000,No,2026-01-18,15.00,High,Required for Fasteners consumption plan.,0.000,480.000,BG-2026-11,Generated PR item.,Converted to PO
2556,2406,78,87.000,No,2026-01-28,4.00,High,Required for Fasteners consumption plan.,0.000,3040.000,BG-2026-12,Generated PR item.,Converted to PO
2557,2407,79,350.000,No,2026-01-30,4.00,Urgent,Required for Fasteners consumption plan.,0.000,3040.000,BG-2026-01,Generated PR item.,Converted to PO
2558,2408,80,51881.000,ml,2026-02-03,0.80,High,Required for Consumables consumption plan.,0.000,144000.000,BG-2026-02,Generated PR item.,Converted to PO
2559,2409,81,29057.000,g,2026-01-23,1.20,High,Required for Consumables consumption plan.,0.000,42000.000,BG-2026-03,Generated PR item.,Converted to PO
2560,2410,82,66923.000,ml,2026-01-23,1.50,High,Required for Consumables consumption plan.,0.000,8000.000,BG-2026-04,Generated PR item.,Converted to PO
2561,2411,83,11788.000,g,2026-01-27,0.60,Urgent,Required for Consumables consumption plan.,0.000,24000.000,BG-2026-05,Generated PR item.,Converted to PO
2562,2412,84,13297.000,ml,2026-01-30,0.25,High,Required for Consumables consumption plan.,0.000,156000.000,BG-2026-06,Generated PR item.,Converted to PO
2563,2413,85,18277.000,g,2026-02-04,1.80,High,Required for Consumables consumption plan.,0.000,9000.000,BG-2026-07,Generated PR item.,Converted to PO
2564,2414,86,13789.000,g,2026-01-19,1.20,High,Required for Consumables consumption plan.,0.000,4000.000,BG-2026-08,Generated PR item.,Converted to PO
2565,2415,87,2522.000,g,2026-01-23,0.80,Urgent,Required for Consumables consumption plan.,0.000,12000.000,BG-2026-09,Generated PR item.,Converted to PO
2566,2416,88,147.000,No,2026-01-23,45.00,High,Required for Packaging Materials consumption plan.,0.000,1520.000,BG-2026-10,Generated PR item.,Converted to PO
2567,2417,89,56.000,No,2026-01-24,18.00,High,Required for Packaging Materials consumption plan.,0.000,3040.000,BG-2026-11,Generated PR item.,Converted to PO
2568,2418,90,62.000,Sheet,2026-01-28,10.00,High,Required for Packaging Materials consumption plan.,0.000,1760.000,BG-2026-12,Generated PR item.,Converted to PO
2569,2419,91,7.000,No,2026-02-04,6.00,Urgent,Required for Packaging Materials consumption plan.,0.000,1520.000,BG-2026-01,Generated PR item.,Converted to PO
2570,2420,92,198.000,m,2026-01-20,1.20,High,Required for Packaging Materials consumption plan.,0.000,1600.000,BG-2026-02,Generated PR item.,Converted to PO
2571,2421,93,58.000,No,2026-02-04,3.00,High,Required for Packaging Materials consumption plan.,0.000,1760.000,BG-2026-03,Generated PR item.,Converted to PO
2572,2422,94,22.000,No,2026-02-02,35.00,High,Required for Identification & Documentation consumption plan.,0.000,1520.000,BG-2026-04,Generated PR item.,Converted to PO
2573,2423,95,111.000,No,2026-02-02,3.00,Urgent,Required for Identification & Documentation consumption plan.,0.000,1520.000,BG-2026-05,Generated PR item.,Converted to PO
2574,2424,96,59.000,No,2026-02-03,4.00,High,Required for Identification & Documentation consumption plan.,0.000,1520.000,BG-2026-06,Generated PR item.,Converted to PO
2575,2425,97,38.000,No,2026-01-24,2.00,High,Required for Identification & Documentation consumption plan.,0.000,1520.000,BG-2026-07,Generated PR item.,Converted to PO
2576,2426,98,119.000,No,2026-02-04,8.00,High,Required for Identification & Documentation consumption plan.,0.000,1520.000,BG-2026-08,Generated PR item.,Converted to PO
2577,2427,99,20.000,No,2026-01-26,4.00,Urgent,Required for Identification & Documentation consumption plan.,0.000,1520.000,BG-2026-09,Generated PR item.,Converted to PO
2578,2428,1,496.000,No,2026-01-31,1800.00,High,Required for Core Components consumption plan.,0.000,800.000,BG-2026-10,Generated PR item.,Converted to PO
2579,2429,2,262.000,No,2026-02-03,2800.00,High,Required for Core Components consumption plan.,0.000,480.000,BG-2026-11,Generated PR item.,Converted to PO
2580,2430,3,499.000,No,2026-02-01,6200.00,High,Required for Core Components consumption plan.,0.000,240.000,BG-2026-12,Generated PR item.,Converted to PO
2581,2431,4,447.000,No,2026-01-27,1200.00,Urgent,Required for Core Components consumption plan.,0.000,800.000,BG-2026-01,Generated PR item.,Converted to PO
2582,2432,5,491.000,No,2026-01-30,2200.00,High,Required for Core Components consumption plan.,0.000,480.000,BG-2026-02,Generated PR item.,Converted to PO
2583,2433,6,294.000,No,2026-01-31,5000.00,High,Required for Core Components consumption plan.,0.000,240.000,BG-2026-03,Generated PR item.,Converted to PO
2584,2434,7,109.000,No,2026-01-23,180.00,High,Required for Magnetic Components consumption plan.,0.000,6400.000,BG-2026-04,Generated PR item.,Converted to PO
2585,2435,8,182.000,No,2026-02-05,240.00,Urgent,Required for Magnetic Components consumption plan.,0.000,4800.000,BG-2026-05,Generated PR item.,Converted to PO
2586,2436,9,24.000,No,2026-01-25,360.00,High,Required for Magnetic Components consumption plan.,0.000,2880.000,BG-2026-06,Generated PR item.,Converted to PO
2587,2437,10,211.000,No,2026-02-01,450.00,High,Required for Mechanical Components consumption plan.,0.000,800.000,BG-2026-07,Generated PR item.,Converted to PO
2588,2438,11,84.000,No,2026-02-05,750.00,High,Required for Mechanical Components consumption plan.,0.000,480.000,BG-2026-08,Generated PR item.,Converted to PO
2589,2439,12,6.000,No,2026-01-26,1800.00,Urgent,Required for Mechanical Components consumption plan.,0.000,240.000,BG-2026-09,Generated PR item.,Converted to PO
2590,2440,13,63.000,No,2026-02-11,160.00,High,Required for Mechanical Components consumption plan.,0.000,800.000,BG-2026-10,Generated PR item.,Converted to PO
2591,2441,14,64.000,No,2026-01-31,220.00,High,Required for Mechanical Components consumption plan.,0.000,480.000,BG-2026-11,Generated PR item.,Converted to PO
2592,2442,15,8.000,No,2026-01-25,420.00,High,Required for Mechanical Components consumption plan.,0.000,240.000,BG-2026-12,Generated PR item.,Converted to PO
2593,2443,16,169.000,No,2026-02-05,1300.00,Urgent,Required for Mechanical Components consumption plan.,0.000,800.000,BG-2026-01,Generated PR item.,Converted to PO
2594,2444,17,28.000,No,2026-02-04,2400.00,High,Required for Mechanical Components consumption plan.,0.000,480.000,BG-2026-02,Generated PR item.,Converted to PO
2595,2445,18,213.000,No,2026-02-06,5200.00,High,Required for Mechanical Components consumption plan.,0.000,240.000,BG-2026-03,Generated PR item.,Converted to PO
2596,2446,19,116.000,No,2026-02-09,450.00,High,Required for Mechanical Components consumption plan.,0.000,1520.000,BG-2026-04,Generated PR item.,Converted to PO
2597,2447,20,181.000,No,2026-02-04,450.00,Urgent,Required for Mechanical Components consumption plan.,0.000,1520.000,BG-2026-05,Generated PR item.,Converted to PO
2598,2448,21,88.000,No,2026-02-11,60.00,High,Required for Mechanical Components consumption plan.,0.000,1280.000,BG-2026-06,Generated PR item.,Converted to PO
2599,2449,22,37.000,No,2026-02-03,120.00,High,Required for Mechanical Components consumption plan.,0.000,240.000,BG-2026-07,Generated PR item.,Converted to PO
2600,2450,23,22.000,No,2026-02-06,120.00,High,Required for Bearings consumption plan.,0.000,1600.000,BG-2026-08,Generated PR item.,Converted to PO
2601,2451,24,67.000,No,2026-01-30,220.00,Urgent,Required for Bearings consumption plan.,0.000,960.000,BG-2026-09,Generated PR item.,Converted to PO
2602,2452,25,73.000,No,2026-02-08,650.00,High,Required for Bearings consumption plan.,0.000,480.000,BG-2026-10,Generated PR item.,Converted to PO
2603,2453,26,70.000,No,2026-02-02,15.00,High,Required for Sealing Components consumption plan.,0.000,1520.000,BG-2026-11,Generated PR item.,Converted to PO
2604,2454,27,92.000,No,2026-02-10,45.00,High,Required for Sealing Components consumption plan.,0.000,1280.000,BG-2026-12,Generated PR item.,Converted to PO
2605,2455,28,237.000,No,2026-02-13,110.00,Urgent,Required for Sealing Components consumption plan.,0.000,480.000,BG-2026-01,Generated PR item.,Converted to PO
2606,2456,29,172.000,kg,2026-02-16,850.00,High,Required for Electrical Components consumption plan.,0.000,1440.000,BG-2026-02,Generated PR item.,Converted to PO
2607,2457,30,88.000,kg,2026-02-17,880.00,High,Required for Electrical Components consumption plan.,0.000,1536.000,BG-2026-03,Generated PR item.,Converted to PO
2608,2458,31,56.000,kg,2026-02-03,920.00,High,Required for Electrical Components consumption plan.,0.000,1560.000,BG-2026-04,Generated PR item.,Converted to PO
2609,2459,32,164.000,m,2026-02-04,35.00,Urgent,Required for Electrical Components consumption plan.,0.000,2400.000,BG-2026-05,Generated PR item.,Converted to PO
2610,2460,33,278.000,m,2026-02-18,60.00,High,Required for Electrical Components consumption plan.,0.000,1920.000,BG-2026-06,Generated PR item.,Converted to PO
2611,2461,34,292.000,m,2026-02-09,150.00,High,Required for Electrical Components consumption plan.,0.000,1200.000,BG-2026-07,Generated PR item.,Converted to PO
2612,2462,35,50.000,No,2026-02-04,90.00,High,Required for Electrical Components consumption plan.,0.000,800.000,BG-2026-08,Generated PR item.,Converted to PO
2613,2463,36,21.000,No,2026-02-09,180.00,Urgent,Required for Electrical Components consumption plan.,0.000,480.000,BG-2026-09,Generated PR item.,Converted to PO
2614,2464,37,126.000,No,2026-02-19,420.00,High,Required for Electrical Components consumption plan.,0.000,240.000,BG-2026-10,Generated PR item.,Converted to PO
2615,2465,38,201.000,No,2026-02-10,12.00,High,Required for Electrical Components consumption plan.,0.000,4560.000,BG-2026-11,Generated PR item.,Converted to PO
2616,2466,39,42.000,No,2026-02-05,45.00,High,Required for Electronic Components consumption plan.,0.000,2400.000,BG-2026-12,Generated PR item.,Converted to PO
2617,2467,40,105.000,No,2026-02-17,120.00,Urgent,Required for Electronic Components consumption plan.,0.000,800.000,BG-2026-01,Generated PR item.,Converted to PO
2618,2468,41,44.000,No,2026-02-09,1400.00,High,Required for Electronic Components consumption plan.,0.000,480.000,BG-2026-02,Generated PR item.,Converted to PO
2619,2469,42,64.000,No,2026-02-12,3200.00,High,Required for Electronic Components consumption plan.,0.000,240.000,BG-2026-03,Generated PR item.,Converted to PO
2620,2470,43,155.000,No,2026-02-06,85.00,High,Required for Electronic Components consumption plan.,0.000,480.000,BG-2026-04,Generated PR item.,Converted to PO
2621,2471,44,75.000,No,2026-02-17,220.00,Urgent,Required for Electronic Components consumption plan.,0.000,480.000,BG-2026-05,Generated PR item.,Converted to PO
2622,2472,45,69.000,No,2026-02-16,350.00,High,Required for Electronic Components consumption plan.,0.000,1280.000,BG-2026-06,Generated PR item.,Converted to PO
2623,2473,46,249.000,No,2026-02-23,750.00,High,Required for Electronic Components consumption plan.,0.000,240.000,BG-2026-07,Generated PR item.,Converted to PO
2624,2474,47,18.000,Set,2026-02-14,450.00,High,Required for Electronic Components consumption plan.,0.000,1280.000,BG-2026-08,Generated PR item.,Converted to PO
2625,2475,48,19.000,Set,2026-02-11,950.00,Urgent,Required for Electronic Components consumption plan.,0.000,240.000,BG-2026-09,Generated PR item.,Converted to PO
2626,2476,49,233.000,No,2026-02-11,25.00,High,Required for Electronic Components consumption plan.,0.000,800.000,BG-2026-10,Generated PR item.,Converted to PO
2627,2477,50,140.000,No,2026-02-12,40.00,High,Required for Electronic Components consumption plan.,0.000,480.000,BG-2026-11,Generated PR item.,Converted to PO
2628,2478,51,15.000,No,2026-02-17,110.00,High,Required for Electronic Components consumption plan.,0.000,240.000,BG-2026-12,Generated PR item.,Converted to PO
2629,2479,52,109.000,No,2026-02-10,2.00,Urgent,Required for Electronic Components consumption plan.,0.000,4000.000,BG-2026-01,Generated PR item.,Converted to PO
2630,2480,53,144.000,No,2026-02-16,3.00,High,Required for Electronic Components consumption plan.,0.000,2880.000,BG-2026-02,Generated PR item.,Converted to PO
2631,2481,54,67.000,No,2026-02-24,5.00,High,Required for Electronic Components consumption plan.,0.000,1920.000,BG-2026-03,Generated PR item.,Converted to PO
2632,2482,55,139.000,No,2026-02-23,8.00,High,Required for Insulation Materials consumption plan.,0.000,19200.000,BG-2026-04,Generated PR item.,Converted to PO
2633,2483,56,164.000,No,2026-02-22,10.00,Urgent,Required for Insulation Materials consumption plan.,0.000,17280.000,BG-2026-05,Generated PR item.,Converted to PO
2634,2484,57,66.000,No,2026-02-27,12.00,High,Required for Insulation Materials consumption plan.,0.000,11520.000,BG-2026-06,Generated PR item.,Converted to PO
2635,2485,58,204.000,No,2026-02-25,6.00,High,Required for Insulation Materials consumption plan.,0.000,48000.000,BG-2026-07,Generated PR item.,Converted to PO
2636,2486,59,116.000,No,2026-02-22,5.00,High,Required for Insulation Materials consumption plan.,0.000,48000.000,BG-2026-08,Generated PR item.,Converted to PO
2637,2487,60,483.000,m,2026-02-27,18.00,Urgent,Required for Insulation Materials consumption plan.,0.000,400.000,BG-2026-09,Generated PR item.,Converted to PO
2638,2488,61,62.000,m,2026-02-14,25.00,High,Required for Insulation Materials consumption plan.,0.000,384.000,BG-2026-10,Generated PR item.,Converted to PO
2639,2489,62,175.000,m,2026-02-26,45.00,High,Required for Insulation Materials consumption plan.,0.000,240.000,BG-2026-11,Generated PR item.,Converted to PO
2640,2490,63,366.000,No,2026-02-17,3.00,High,Required for Fasteners consumption plan.,0.000,6400.000,BG-2026-12,Generated PR item.,Converted to PO
2641,2491,64,450.000,No,2026-02-25,5.00,Urgent,Required for Fasteners consumption plan.,0.000,4800.000,BG-2026-01,Generated PR item.,Converted to PO
2642,2492,65,126.000,No,2026-02-28,12.00,High,Required for Fasteners consumption plan.,0.000,2880.000,BG-2026-02,Generated PR item.,Converted to PO
2643,2493,66,491.000,No,2026-02-21,1.50,High,Required for Fasteners consumption plan.,0.000,6400.000,BG-2026-03,Generated PR item.,Converted to PO
2644,2494,67,113.000,No,2026-02-14,2.50,High,Required for Fasteners consumption plan.,0.000,4800.000,BG-2026-04,Generated PR item.,Converted to PO
2645,2495,68,220.000,No,2026-02-19,6.00,Urgent,Required for Fasteners consumption plan.,0.000,2880.000,BG-2026-05,Generated PR item.,Converted to PO
2646,2496,69,171.000,No,2026-02-21,0.80,High,Required for Fasteners consumption plan.,0.000,6400.000,BG-2026-06,Generated PR item.,Converted to PO
2647,2497,70,224.000,No,2026-03-02,1.20,High,Required for Fasteners consumption plan.,0.000,4800.000,BG-2026-07,Generated PR item.,Converted to PO
2648,2498,71,454.000,No,2026-03-02,2.50,High,Required for Fasteners consumption plan.,0.000,2880.000,BG-2026-08,Generated PR item.,Converted to PO
2649,2499,72,372.000,No,2026-02-25,0.80,Urgent,Required for Fasteners consumption plan.,0.000,6400.000,BG-2026-09,Generated PR item.,Converted to PO
2650,2500,73,403.000,No,2026-03-04,1.20,High,Required for Fasteners consumption plan.,0.000,4800.000,BG-2026-10,Generated PR item.,Converted to PO
2651,2501,74,142.000,No,2026-02-22,2.50,High,Required for Fasteners consumption plan.,0.000,2880.000,BG-2026-11,Generated PR item.,Converted to PO
2652,2502,75,475.000,No,2026-02-23,4.00,High,Required for Fasteners consumption plan.,0.000,1600.000,BG-2026-12,Generated PR item.,Converted to PO
2653,2503,76,229.000,No,2026-03-03,7.00,Urgent,Required for Fasteners consumption plan.,0.000,960.000,BG-2026-01,Generated PR item.,Converted to PO
2654,2504,77,333.000,No,2026-03-01,15.00,High,Required for Fasteners consumption plan.,0.000,480.000,BG-2026-02,Generated PR item.,Converted to PO
2655,2505,78,355.000,No,2026-02-26,4.00,High,Required for Fasteners consumption plan.,0.000,3040.000,BG-2026-03,Generated PR item.,Converted to PO
2656,2506,79,338.000,No,2026-02-25,4.00,High,Required for Fasteners consumption plan.,0.000,3040.000,BG-2026-04,Generated PR item.,Converted to PO
2657,2507,80,62171.000,ml,2026-03-01,0.80,Urgent,Required for Consumables consumption plan.,0.000,144000.000,BG-2026-05,Generated PR item.,Converted to PO
2658,2508,81,14921.000,g,2026-03-02,1.20,High,Required for Consumables consumption plan.,0.000,42000.000,BG-2026-06,Generated PR item.,Converted to PO
2659,2509,82,66526.000,ml,2026-02-26,1.50,High,Required for Consumables consumption plan.,0.000,8000.000,BG-2026-07,Generated PR item.,Converted to PO
2660,2510,83,27251.000,g,2026-02-18,0.60,High,Required for Consumables consumption plan.,0.000,24000.000,BG-2026-08,Generated PR item.,Converted to PO
2661,2511,84,42028.000,ml,2026-02-19,0.25,Urgent,Required for Consumables consumption plan.,0.000,156000.000,BG-2026-09,Generated PR item.,Converted to PO
2662,2512,85,15815.000,g,2026-02-21,1.80,High,Required for Consumables consumption plan.,0.000,9000.000,BG-2026-10,Generated PR item.,Converted to PO
2663,2513,86,6222.000,g,2026-02-27,1.20,High,Required for Consumables consumption plan.,0.000,4000.000,BG-2026-11,Generated PR item.,Converted to PO
2664,2514,87,11297.000,g,2026-03-02,0.80,High,Required for Consumables consumption plan.,0.000,12000.000,BG-2026-12,Generated PR item.,Converted to PO
2665,2515,88,194.000,No,2026-03-06,45.00,Urgent,Required for Packaging Materials consumption plan.,0.000,1520.000,BG-2026-01,Generated PR item.,Converted to PO
2666,2516,89,162.000,No,2026-02-24,18.00,High,Required for Packaging Materials consumption plan.,0.000,3040.000,BG-2026-02,Generated PR item.,Converted to PO
2667,2517,90,56.000,Sheet,2026-03-06,10.00,High,Required for Packaging Materials consumption plan.,0.000,1760.000,BG-2026-03,Generated PR item.,Converted to PO
2668,2518,91,139.000,No,2026-03-04,6.00,High,Required for Packaging Materials consumption plan.,0.000,1520.000,BG-2026-04,Generated PR item.,Converted to PO
2669,2519,92,410.000,m,2026-02-21,1.20,Urgent,Required for Packaging Materials consumption plan.,0.000,1600.000,BG-2026-05,Generated PR item.,Converted to PO
2670,2520,93,35.000,No,2026-02-27,3.00,High,Required for Packaging Materials consumption plan.,0.000,1760.000,BG-2026-06,Generated PR item.,Converted to PO
2671,2521,94,20.000,No,2026-02-26,35.00,High,Required for Identification & Documentation consumption plan.,0.000,1520.000,BG-2026-07,Generated PR item.,Converted to PO
2672,2522,95,101.000,No,2026-03-08,3.00,High,Required for Identification & Documentation consumption plan.,0.000,1520.000,BG-2026-08,Generated PR item.,Converted to PO
2673,2523,96,166.000,No,2026-03-10,4.00,Urgent,Required for Identification & Documentation consumption plan.,0.000,1520.000,BG-2026-09,Generated PR item.,Converted to PO
2674,2524,97,82.000,No,2026-03-08,2.00,High,Required for Identification & Documentation consumption plan.,0.000,1520.000,BG-2026-10,Generated PR item.,Converted to PO
2675,2525,98,206.000,No,2026-03-03,8.00,High,Required for Identification & Documentation consumption plan.,0.000,1520.000,BG-2026-11,Generated PR item.,Converted to PO
2676,2526,99,213.000,No,2026-03-02,4.00,High,Required for Identification & Documentation consumption plan.,0.000,1520.000,BG-2026-12,Generated PR item.,Converted to PO
2677,2527,1,290.000,No,2026-02-28,1800.00,Urgent,Required for Core Components consumption plan.,0.000,800.000,BG-2026-01,Generated PR item.,Converted to PO
2678,2528,2,220.000,No,2026-03-08,2800.00,High,Required for Core Components consumption plan.,0.000,480.000,BG-2026-02,Generated PR item.,Converted to PO
2679,2529,3,68.000,No,2026-02-24,6200.00,High,Required for Core Components consumption plan.,0.000,240.000,BG-2026-03,Generated PR item.,Converted to PO
2680,2530,4,420.000,No,2026-02-27,1200.00,High,Required for Core Components consumption plan.,0.000,800.000,BG-2026-04,Generated PR item.,Converted to PO
2681,2531,5,453.000,No,2026-02-25,2200.00,Urgent,Required for Core Components consumption plan.,0.000,480.000,BG-2026-05,Generated PR item.,Converted to PO
2682,2532,6,249.000,No,2026-03-03,5000.00,High,Required for Core Components consumption plan.,0.000,240.000,BG-2026-06,Generated PR item.,Converted to PO
2683,2533,7,132.000,No,2026-03-01,180.00,High,Required for Magnetic Components consumption plan.,0.000,6400.000,BG-2026-07,Generated PR item.,Converted to PO
2684,2534,8,190.000,No,2026-02-27,240.00,High,Required for Magnetic Components consumption plan.,0.000,4800.000,BG-2026-08,Generated PR item.,Converted to PO
2685,2535,9,176.000,No,2026-03-02,360.00,Urgent,Required for Magnetic Components consumption plan.,0.000,2880.000,BG-2026-09,Generated PR item.,Converted to PO
2686,2536,10,38.000,No,2026-03-11,450.00,High,Required for Mechanical Components consumption plan.,0.000,800.000,BG-2026-10,Generated PR item.,Converted to PO
2687,2537,11,170.000,No,2026-03-07,750.00,High,Required for Mechanical Components consumption plan.,0.000,480.000,BG-2026-11,Generated PR item.,Converted to PO
2688,2538,12,232.000,No,2026-03-11,1800.00,High,Required for Mechanical Components consumption plan.,0.000,240.000,BG-2026-12,Generated PR item.,Converted to PO
2689,2539,13,189.000,No,2026-03-13,160.00,Urgent,Required for Mechanical Components consumption plan.,0.000,800.000,BG-2026-01,Generated PR item.,Converted to PO
2690,2540,14,123.000,No,2026-03-14,220.00,High,Required for Mechanical Components consumption plan.,0.000,480.000,BG-2026-02,Generated PR item.,Converted to PO
2691,2541,15,133.000,No,2026-03-04,420.00,High,Required for Mechanical Components consumption plan.,0.000,240.000,BG-2026-03,Generated PR item.,Converted to PO
2692,2542,16,68.000,No,2026-03-13,1300.00,High,Required for Mechanical Components consumption plan.,0.000,800.000,BG-2026-04,Generated PR item.,Converted to PO
2693,2543,17,167.000,No,2026-03-15,2400.00,Urgent,Required for Mechanical Components consumption plan.,0.000,480.000,BG-2026-05,Generated PR item.,Converted to PO
2694,2544,18,64.000,No,2026-03-16,5200.00,High,Required for Mechanical Components consumption plan.,0.000,240.000,BG-2026-06,Generated PR item.,Converted to PO
2695,2545,19,89.000,No,2026-03-05,450.00,High,Required for Mechanical Components consumption plan.,0.000,1520.000,BG-2026-07,Generated PR item.,Converted to PO
2696,2546,20,70.000,No,2026-03-03,450.00,High,Required for Mechanical Components consumption plan.,0.000,1520.000,BG-2026-08,Generated PR item.,Converted to PO
2697,2547,21,87.000,No,2026-03-10,60.00,Urgent,Required for Mechanical Components consumption plan.,0.000,1280.000,BG-2026-09,Generated PR item.,Converted to PO
2698,2548,22,95.000,No,2026-03-16,120.00,High,Required for Mechanical Components consumption plan.,0.000,240.000,BG-2026-10,Generated PR item.,Converted to PO
2699,2549,23,12.000,No,2026-03-16,120.00,High,Required for Bearings consumption plan.,0.000,1600.000,BG-2026-11,Generated PR item.,Converted to PO
2700,2550,24,73.000,No,2026-03-10,220.00,High,Required for Bearings consumption plan.,0.000,960.000,BG-2026-12,Generated PR item.,Converted to PO
2701,2551,25,47.000,No,2026-03-02,650.00,Urgent,Required for Bearings consumption plan.,0.000,480.000,BG-2026-01,Generated PR item.,Converted to PO
2702,2552,26,238.000,No,2026-03-07,15.00,High,Required for Sealing Components consumption plan.,0.000,1520.000,BG-2026-02,Generated PR item.,Converted to PO
2703,2553,27,49.000,No,2026-03-13,45.00,High,Required for Sealing Components consumption plan.,0.000,1280.000,BG-2026-03,Generated PR item.,Converted to PO
2704,2554,28,169.000,No,2026-03-11,110.00,High,Required for Sealing Components consumption plan.,0.000,480.000,BG-2026-04,Generated PR item.,Converted to PO
2705,2555,29,44.000,kg,2026-03-07,850.00,Urgent,Required for Electrical Components consumption plan.,0.000,1440.000,BG-2026-05,Generated PR item.,Converted to PO
2706,2556,30,114.000,kg,2026-03-07,880.00,High,Required for Electrical Components consumption plan.,0.000,1536.000,BG-2026-06,Generated PR item.,Converted to PO
2707,2557,31,103.000,kg,2026-03-02,920.00,High,Required for Electrical Components consumption plan.,0.000,1560.000,BG-2026-07,Generated PR item.,Converted to PO
2708,2558,32,235.000,m,2026-03-07,35.00,High,Required for Electrical Components consumption plan.,0.000,2400.000,BG-2026-08,Generated PR item.,Converted to PO
2709,2559,33,334.000,m,2026-03-14,60.00,Urgent,Required for Electrical Components consumption plan.,0.000,1920.000,BG-2026-09,Generated PR item.,Converted to PO
2710,2560,34,418.000,m,2026-03-07,150.00,High,Required for Electrical Components consumption plan.,0.000,1200.000,BG-2026-10,Generated PR item.,Converted to PO
2711,2561,35,82.000,No,2026-03-20,90.00,High,Required for Electrical Components consumption plan.,0.000,800.000,BG-2026-11,Generated PR item.,Converted to PO
2712,2562,36,214.000,No,2026-03-04,180.00,High,Required for Electrical Components consumption plan.,0.000,480.000,BG-2026-12,Generated PR item.,Converted to PO
2713,2563,37,50.000,No,2026-03-13,420.00,Urgent,Required for Electrical Components consumption plan.,0.000,240.000,BG-2026-01,Generated PR item.,Converted to PO
2714,2564,38,77.000,No,2026-03-11,12.00,High,Required for Electrical Components consumption plan.,0.000,4560.000,BG-2026-02,Generated PR item.,Converted to PO
2715,2565,39,81.000,No,2026-03-18,45.00,High,Required for Electronic Components consumption plan.,0.000,2400.000,BG-2026-03,Generated PR item.,Converted to PO
2716,2566,40,239.000,No,2026-03-19,120.00,High,Required for Electronic Components consumption plan.,0.000,800.000,BG-2026-04,Generated PR item.,Converted to PO
2717,2567,41,34.000,No,2026-03-13,1400.00,Urgent,Required for Electronic Components consumption plan.,0.000,480.000,BG-2026-05,Generated PR item.,Converted to PO
2718,2568,42,102.000,No,2026-03-15,3200.00,High,Required for Electronic Components consumption plan.,0.000,240.000,BG-2026-06,Generated PR item.,Converted to PO
2719,2569,43,109.000,No,2026-03-16,85.00,High,Required for Electronic Components consumption plan.,0.000,480.000,BG-2026-07,Generated PR item.,Converted to PO
2720,2570,44,201.000,No,2026-03-13,220.00,High,Required for Electronic Components consumption plan.,0.000,480.000,BG-2026-08,Generated PR item.,Converted to PO
2721,2571,45,124.000,No,2026-03-07,350.00,Urgent,Required for Electronic Components consumption plan.,0.000,1280.000,BG-2026-09,Generated PR item.,Converted to PO
2722,2572,46,242.000,No,2026-03-12,750.00,High,Required for Electronic Components consumption plan.,0.000,240.000,BG-2026-10,Generated PR item.,Converted to PO
2723,2573,47,61.000,Set,2026-03-09,450.00,High,Required for Electronic Components consumption plan.,0.000,1280.000,BG-2026-11,Generated PR item.,Converted to PO
2724,2574,48,58.000,Set,2026-03-13,950.00,High,Required for Electronic Components consumption plan.,0.000,240.000,BG-2026-12,Generated PR item.,Converted to PO
2725,2575,49,190.000,No,2026-03-16,25.00,Urgent,Required for Electronic Components consumption plan.,0.000,800.000,BG-2026-01,Generated PR item.,Converted to PO
2726,2576,50,44.000,No,2026-03-08,40.00,High,Required for Electronic Components consumption plan.,0.000,480.000,BG-2026-02,Generated PR item.,Converted to PO
2727,2577,51,115.000,No,2026-03-09,110.00,High,Required for Electronic Components consumption plan.,0.000,240.000,BG-2026-03,Generated PR item.,Converted to PO
2728,2578,52,149.000,No,2026-03-20,2.00,High,Required for Electronic Components consumption plan.,0.000,4000.000,BG-2026-04,Generated PR item.,Converted to PO
2729,2579,53,56.000,No,2026-03-12,3.00,Urgent,Required for Electronic Components consumption plan.,0.000,2880.000,BG-2026-05,Generated PR item.,Converted to PO
2730,2580,54,34.000,No,2026-03-09,5.00,High,Required for Electronic Components consumption plan.,0.000,1920.000,BG-2026-06,Generated PR item.,Converted to PO
2731,2581,55,38.000,No,2026-03-18,8.00,High,Required for Insulation Materials consumption plan.,0.000,19200.000,BG-2026-07,Generated PR item.,Converted to PO
2732,2582,56,199.000,No,2026-03-18,10.00,High,Required for Insulation Materials consumption plan.,0.000,17280.000,BG-2026-08,Generated PR item.,Converted to PO
2733,2583,57,166.000,No,2026-03-21,12.00,Urgent,Required for Insulation Materials consumption plan.,0.000,11520.000,BG-2026-09,Generated PR item.,Converted to PO
2734,2584,58,74.000,No,2026-03-20,6.00,High,Required for Insulation Materials consumption plan.,0.000,48000.000,BG-2026-10,Generated PR item.,Converted to PO
2735,2585,59,186.000,No,2026-03-24,5.00,High,Required for Insulation Materials consumption plan.,0.000,48000.000,BG-2026-11,Generated PR item.,Converted to PO
2736,2586,60,354.000,m,2026-03-17,18.00,High,Required for Insulation Materials consumption plan.,0.000,400.000,BG-2026-12,Generated PR item.,Converted to PO
2737,2587,61,412.000,m,2026-03-12,25.00,Urgent,Required for Insulation Materials consumption plan.,0.000,384.000,BG-2026-01,Generated PR item.,Converted to PO
2738,2588,62,457.000,m,2026-03-23,45.00,High,Required for Insulation Materials consumption plan.,0.000,240.000,BG-2026-02,Generated PR item.,Converted to PO
2739,2589,63,444.000,No,2026-03-12,3.00,High,Required for Fasteners consumption plan.,0.000,6400.000,BG-2026-03,Generated PR item.,Converted to PO
2740,2590,64,107.000,No,2026-03-13,5.00,High,Required for Fasteners consumption plan.,0.000,4800.000,BG-2026-04,Generated PR item.,Converted to PO
2741,2591,65,390.000,No,2026-03-22,12.00,Urgent,Required for Fasteners consumption plan.,0.000,2880.000,BG-2026-05,Generated PR item.,Converted to PO
2742,2592,66,208.000,No,2026-03-24,1.50,High,Required for Fasteners consumption plan.,0.000,6400.000,BG-2026-06,Generated PR item.,Converted to PO
2743,2593,67,213.000,No,2026-03-15,2.50,High,Required for Fasteners consumption plan.,0.000,4800.000,BG-2026-07,Generated PR item.,Converted to PO
2744,2594,68,331.000,No,2026-03-22,6.00,High,Required for Fasteners consumption plan.,0.000,2880.000,BG-2026-08,Generated PR item.,Converted to PO
2745,2595,69,309.000,No,2026-03-25,0.80,Urgent,Required for Fasteners consumption plan.,0.000,6400.000,BG-2026-09,Generated PR item.,Converted to PO
2746,2596,70,221.000,No,2026-03-24,1.20,High,Required for Fasteners consumption plan.,0.000,4800.000,BG-2026-10,Generated PR item.,Converted to PO
2747,2597,71,500.000,No,2026-03-10,2.50,High,Required for Fasteners consumption plan.,0.000,2880.000,BG-2026-11,Generated PR item.,Converted to PO
2748,2598,72,104.000,No,2026-03-21,0.80,High,Required for Fasteners consumption plan.,0.000,6400.000,BG-2026-12,Generated PR item.,Converted to PO
2749,2599,73,66.000,No,2026-03-14,1.20,Urgent,Required for Fasteners consumption plan.,0.000,4800.000,BG-2026-01,Generated PR item.,Converted to PO
2750,2600,74,33.000,No,2026-03-26,2.50,High,Required for Fasteners consumption plan.,0.000,2880.000,BG-2026-02,Generated PR item.,Converted to PO
2751,2601,75,411.000,No,2026-03-13,4.00,High,Required for Fasteners consumption plan.,0.000,1600.000,BG-2026-03,Generated PR item.,Converted to PO
2752,2602,76,215.000,No,2026-03-29,7.00,High,Required for Fasteners consumption plan.,0.000,960.000,BG-2026-04,Generated PR item.,Converted to PO
2753,2603,77,230.000,No,2026-03-15,15.00,Urgent,Required for Fasteners consumption plan.,0.000,480.000,BG-2026-05,Generated PR item.,Converted to PO
2754,2604,78,332.000,No,2026-03-19,4.00,High,Required for Fasteners consumption plan.,0.000,3040.000,BG-2026-06,Generated PR item.,Converted to PO
2755,2605,79,229.000,No,2026-03-16,4.00,High,Required for Fasteners consumption plan.,0.000,3040.000,BG-2026-07,Generated PR item.,Converted to PO
2756,2606,80,59529.000,ml,2026-03-26,0.80,High,Required for Consumables consumption plan.,0.000,144000.000,BG-2026-08,Generated PR item.,Converted to PO
2757,2607,81,2695.000,g,2026-03-19,1.20,Urgent,Required for Consumables consumption plan.,0.000,42000.000,BG-2026-09,Generated PR item.,Converted to PO
2758,2608,82,19843.000,ml,2026-03-26,1.50,High,Required for Consumables consumption plan.,0.000,8000.000,BG-2026-10,Generated PR item.,Converted to PO
2759,2609,83,28030.000,g,2026-03-15,0.60,High,Required for Consumables consumption plan.,0.000,24000.000,BG-2026-11,Generated PR item.,Converted to PO
2760,2610,84,47816.000,ml,2026-03-22,0.25,High,Required for Consumables consumption plan.,0.000,156000.000,BG-2026-12,Generated PR item.,Converted to PO
2761,2611,85,5854.000,g,2026-03-30,1.80,Urgent,Required for Consumables consumption plan.,0.000,9000.000,BG-2026-01,Generated PR item.,Converted to PO
2762,2612,86,11715.000,g,2026-03-30,1.20,High,Required for Consumables consumption plan.,0.000,4000.000,BG-2026-02,Generated PR item.,Converted to PO
2763,2613,87,10709.000,g,2026-03-17,0.80,High,Required for Consumables consumption plan.,0.000,12000.000,BG-2026-03,Generated PR item.,Converted to PO
2764,2614,88,72.000,No,2026-03-22,45.00,High,Required for Packaging Materials consumption plan.,0.000,1520.000,BG-2026-04,Generated PR item.,Converted to PO
2765,2615,89,77.000,No,2026-03-22,18.00,Urgent,Required for Packaging Materials consumption plan.,0.000,3040.000,BG-2026-05,Generated PR item.,Converted to PO
2766,2616,90,184.000,Sheet,2026-03-26,10.00,High,Required for Packaging Materials consumption plan.,0.000,1760.000,BG-2026-06,Generated PR item.,Converted to PO
2767,2617,91,31.000,No,2026-03-25,6.00,High,Required for Packaging Materials consumption plan.,0.000,1520.000,BG-2026-07,Generated PR item.,Converted to PO
2768,2618,92,168.000,m,2026-03-17,1.20,High,Required for Packaging Materials consumption plan.,0.000,1600.000,BG-2026-08,Generated PR item.,Converted to PO
2769,2619,93,120.000,No,2026-03-30,3.00,Urgent,Required for Packaging Materials consumption plan.,0.000,1760.000,BG-2026-09,Generated PR item.,Converted to PO
2770,2620,94,137.000,No,2026-03-21,35.00,High,Required for Identification & Documentation consumption plan.,0.000,1520.000,BG-2026-10,Generated PR item.,Converted to PO
2771,2621,95,221.000,No,2026-03-22,3.00,High,Required for Identification & Documentation consumption plan.,0.000,1520.000,BG-2026-11,Generated PR item.,Converted to PO
2772,2622,96,232.000,No,2026-04-02,4.00,High,Required for Identification & Documentation consumption plan.,0.000,1520.000,BG-2026-12,Generated PR item.,Converted to PO
2773,2623,97,78.000,No,2026-03-30,2.00,Urgent,Required for Identification & Documentation consumption plan.,0.000,1520.000,BG-2026-01,Generated PR item.,Converted to PO
2774,2624,98,137.000,No,2026-03-25,8.00,High,Required for Identification & Documentation consumption plan.,0.000,1520.000,BG-2026-02,Generated PR item.,Converted to PO
2775,2625,99,10.000,No,2026-04-06,4.00,High,Required for Identification & Documentation consumption plan.,0.000,1520.000,BG-2026-03,Generated PR item.,Converted to PO
2776,2626,1,328.000,No,2026-03-28,1800.00,High,Required for Core Components consumption plan.,0.000,800.000,BG-2026-04,Generated PR item.,Converted to PO
2777,2627,2,118.000,No,2026-03-31,2800.00,Urgent,Required for Core Components consumption plan.,0.000,480.000,BG-2026-05,Generated PR item.,Converted to PO
2778,2628,3,83.000,No,2026-03-26,6200.00,High,Required for Core Components consumption plan.,0.000,240.000,BG-2026-06,Generated PR item.,Converted to PO
2779,2629,4,352.000,No,2026-03-25,1200.00,High,Required for Core Components consumption plan.,0.000,800.000,BG-2026-07,Generated PR item.,Converted to PO
2780,2630,5,130.000,No,2026-03-31,2200.00,High,Required for Core Components consumption plan.,0.000,480.000,BG-2026-08,Generated PR item.,Converted to PO
2781,2631,6,265.000,No,2026-04-02,5000.00,Urgent,Required for Core Components consumption plan.,0.000,240.000,BG-2026-09,Generated PR item.,Converted to PO
2782,2632,7,29.000,No,2026-04-06,180.00,High,Required for Magnetic Components consumption plan.,0.000,6400.000,BG-2026-10,Generated PR item.,Converted to PO
2783,2633,8,188.000,No,2026-03-30,240.00,High,Required for Magnetic Components consumption plan.,0.000,4800.000,BG-2026-11,Generated PR item.,Converted to PO
2784,2634,9,193.000,No,2026-04-08,360.00,High,Required for Magnetic Components consumption plan.,0.000,2880.000,BG-2026-12,Generated PR item.,Converted to PO
2785,2635,10,146.000,No,2026-04-02,450.00,Urgent,Required for Mechanical Components consumption plan.,0.000,800.000,BG-2026-01,Generated PR item.,Converted to PO
2786,2636,11,210.000,No,2026-03-25,750.00,High,Required for Mechanical Components consumption plan.,0.000,480.000,BG-2026-02,Generated PR item.,Converted to PO
2787,2637,12,112.000,No,2026-04-06,1800.00,High,Required for Mechanical Components consumption plan.,0.000,240.000,BG-2026-03,Generated PR item.,Converted to PO
2788,2638,13,50.000,No,2026-04-03,160.00,High,Required for Mechanical Components consumption plan.,0.000,800.000,BG-2026-04,Generated PR item.,Converted to PO
2789,2639,14,42.000,No,2026-03-31,220.00,Urgent,Required for Mechanical Components consumption plan.,0.000,480.000,BG-2026-05,Generated PR item.,Converted to PO
2790,2640,15,58.000,No,2026-04-02,420.00,High,Required for Mechanical Components consumption plan.,0.000,240.000,BG-2026-06,Generated PR item.,Converted to PO
2791,2641,16,54.000,No,2026-03-31,1300.00,High,Required for Mechanical Components consumption plan.,0.000,800.000,BG-2026-07,Generated PR item.,Converted to PO
2792,2642,17,84.000,No,2026-04-06,2400.00,High,Required for Mechanical Components consumption plan.,0.000,480.000,BG-2026-08,Generated PR item.,Converted to PO
2793,2643,18,57.000,No,2026-04-05,5200.00,Urgent,Required for Mechanical Components consumption plan.,0.000,240.000,BG-2026-09,Generated PR item.,Converted to PO
2794,2644,19,150.000,No,2026-04-03,450.00,High,Required for Mechanical Components consumption plan.,0.000,1520.000,BG-2026-10,Generated PR item.,Converted to PO
2795,2645,20,41.000,No,2026-04-01,450.00,High,Required for Mechanical Components consumption plan.,0.000,1520.000,BG-2026-11,Generated PR item.,Converted to PO
2796,2646,21,157.000,No,2026-04-03,60.00,High,Required for Mechanical Components consumption plan.,0.000,1280.000,BG-2026-12,Generated PR item.,Converted to PO
2797,2647,22,87.000,No,2026-04-04,120.00,Urgent,Required for Mechanical Components consumption plan.,0.000,240.000,BG-2026-01,Generated PR item.,Converted to PO
2798,2648,23,70.000,No,2026-04-04,120.00,High,Required for Bearings consumption plan.,0.000,1600.000,BG-2026-02,Generated PR item.,Converted to PO
2799,2649,24,54.000,No,2026-04-01,220.00,High,Required for Bearings consumption plan.,0.000,960.000,BG-2026-03,Generated PR item.,Converted to PO
2800,2650,25,91.000,No,2026-04-06,650.00,High,Required for Bearings consumption plan.,0.000,480.000,BG-2026-04,Generated PR item.,Converted to PO
2801,2651,26,113.000,No,2026-04-01,15.00,Urgent,Required for Sealing Components consumption plan.,0.000,1520.000,BG-2026-05,Generated PR item.,Converted to PO
2802,2652,27,77.000,No,2026-04-06,45.00,High,Required for Sealing Components consumption plan.,0.000,1280.000,BG-2026-06,Generated PR item.,Converted to PO
2803,2653,28,149.000,No,2026-03-30,110.00,High,Required for Sealing Components consumption plan.,0.000,480.000,BG-2026-07,Generated PR item.,Converted to PO
2804,2654,29,135.000,kg,2026-04-05,850.00,High,Required for Electrical Components consumption plan.,0.000,1440.000,BG-2026-08,Generated PR item.,Converted to PO
2805,2655,30,93.000,kg,2026-04-12,880.00,Urgent,Required for Electrical Components consumption plan.,0.000,1536.000,BG-2026-09,Generated PR item.,Converted to PO
2806,2656,31,116.000,kg,2026-04-12,920.00,High,Required for Electrical Components consumption plan.,0.000,1560.000,BG-2026-10,Generated PR item.,Converted to PO
2807,2657,32,246.000,m,2026-04-10,35.00,High,Required for Electrical Components consumption plan.,0.000,2400.000,BG-2026-11,Generated PR item.,Converted to PO
2808,2658,33,167.000,m,2026-04-11,60.00,High,Required for Electrical Components consumption plan.,0.000,1920.000,BG-2026-12,Generated PR item.,Converted to PO
2809,2659,34,170.000,m,2026-04-01,150.00,Urgent,Required for Electrical Components consumption plan.,0.000,1200.000,BG-2026-01,Generated PR item.,Converted to PO
2810,2660,35,228.000,No,2026-04-06,90.00,High,Required for Electrical Components consumption plan.,0.000,800.000,BG-2026-02,Generated PR item.,Converted to PO
2811,2661,36,171.000,No,2026-04-11,180.00,High,Required for Electrical Components consumption plan.,0.000,480.000,BG-2026-03,Generated PR item.,Converted to PO
2812,2662,37,28.000,No,2026-04-15,420.00,High,Required for Electrical Components consumption plan.,0.000,240.000,BG-2026-04,Generated PR item.,Converted to PO
2813,2663,38,241.000,No,2026-04-12,12.00,Urgent,Required for Electrical Components consumption plan.,0.000,4560.000,BG-2026-05,Generated PR item.,Converted to PO
2814,2664,39,180.000,No,2026-04-17,45.00,High,Required for Electronic Components consumption plan.,0.000,2400.000,BG-2026-06,Generated PR item.,Converted to PO
2815,2665,40,17.000,No,2026-04-06,120.00,High,Required for Electronic Components consumption plan.,0.000,800.000,BG-2026-07,Generated PR item.,Converted to PO
2816,2666,41,184.000,No,2026-04-05,1400.00,High,Required for Electronic Components consumption plan.,0.000,480.000,BG-2026-08,Generated PR item.,Converted to PO
2817,2667,42,150.000,No,2026-04-04,3200.00,Urgent,Required for Electronic Components consumption plan.,0.000,240.000,BG-2026-09,Generated PR item.,Converted to PO
2818,2668,43,230.000,No,2026-04-13,85.00,High,Required for Electronic Components consumption plan.,0.000,480.000,BG-2026-10,Generated PR item.,Converted to PO
2819,2669,44,125.000,No,2026-04-14,220.00,High,Required for Electronic Components consumption plan.,0.000,480.000,BG-2026-11,Generated PR item.,Converted to PO
2820,2670,45,132.000,No,2026-04-08,350.00,High,Required for Electronic Components consumption plan.,0.000,1280.000,BG-2026-12,Generated PR item.,Converted to PO
2821,2671,46,82.000,No,2026-04-18,750.00,Urgent,Required for Electronic Components consumption plan.,0.000,240.000,BG-2026-01,Generated PR item.,Converted to PO
2822,2672,47,29.000,Set,2026-04-17,450.00,High,Required for Electronic Components consumption plan.,0.000,1280.000,BG-2026-02,Generated PR item.,Converted to PO
2823,2673,48,51.000,Set,2026-04-11,950.00,High,Required for Electronic Components consumption plan.,0.000,240.000,BG-2026-03,Generated PR item.,Converted to PO
2824,2674,49,208.000,No,2026-04-09,25.00,High,Required for Electronic Components consumption plan.,0.000,800.000,BG-2026-04,Generated PR item.,Converted to PO
2825,2675,50,224.000,No,2026-04-18,40.00,Urgent,Required for Electronic Components consumption plan.,0.000,480.000,BG-2026-05,Generated PR item.,Converted to PO
2826,2676,51,194.000,No,2026-04-18,110.00,High,Required for Electronic Components consumption plan.,0.000,240.000,BG-2026-06,Generated PR item.,Converted to PO
2827,2677,52,155.000,No,2026-04-09,2.00,High,Required for Electronic Components consumption plan.,0.000,4000.000,BG-2026-07,Generated PR item.,Converted to PO
2828,2678,53,128.000,No,2026-04-10,3.00,High,Required for Electronic Components consumption plan.,0.000,2880.000,BG-2026-08,Generated PR item.,Converted to PO
2829,2679,54,88.000,No,2026-04-15,5.00,Urgent,Required for Electronic Components consumption plan.,0.000,1920.000,BG-2026-09,Generated PR item.,Converted to PO
2830,2680,55,193.000,No,2026-04-16,8.00,High,Required for Insulation Materials consumption plan.,0.000,19200.000,BG-2026-10,Generated PR item.,Converted to PO
2831,2681,56,83.000,No,2026-04-09,10.00,High,Required for Insulation Materials consumption plan.,0.000,17280.000,BG-2026-11,Generated PR item.,Converted to PO
2832,2682,57,70.000,No,2026-04-25,12.00,High,Required for Insulation Materials consumption plan.,0.000,11520.000,BG-2026-12,Generated PR item.,Converted to PO
2833,2683,58,218.000,No,2026-04-14,6.00,Urgent,Required for Insulation Materials consumption plan.,0.000,48000.000,BG-2026-01,Generated PR item.,Converted to PO
2834,2684,59,150.000,No,2026-04-14,5.00,High,Required for Insulation Materials consumption plan.,0.000,48000.000,BG-2026-02,Generated PR item.,Converted to PO
2835,2685,60,190.000,m,2026-04-09,18.00,High,Required for Insulation Materials consumption plan.,0.000,400.000,BG-2026-03,Generated PR item.,Converted to PO
2836,2686,61,436.000,m,2026-04-24,25.00,High,Required for Insulation Materials consumption plan.,0.000,384.000,BG-2026-04,Generated PR item.,Converted to PO
2837,2687,62,483.000,m,2026-04-13,45.00,Urgent,Required for Insulation Materials consumption plan.,0.000,240.000,BG-2026-05,Generated PR item.,Converted to PO
2838,2688,63,172.000,No,2026-04-27,3.00,High,Required for Fasteners consumption plan.,0.000,6400.000,BG-2026-06,Generated PR item.,Converted to PO
2839,2689,64,270.000,No,2026-04-18,5.00,High,Required for Fasteners consumption plan.,0.000,4800.000,BG-2026-07,Generated PR item.,Converted to PO
2840,2690,65,252.000,No,2026-04-25,12.00,High,Required for Fasteners consumption plan.,0.000,2880.000,BG-2026-08,Generated PR item.,Converted to PO
2841,2691,66,357.000,No,2026-04-14,1.50,Urgent,Required for Fasteners consumption plan.,0.000,6400.000,BG-2026-09,Generated PR item.,Converted to PO
2842,2692,67,477.000,No,2026-04-13,2.50,High,Required for Fasteners consumption plan.,0.000,4800.000,BG-2026-10,Generated PR item.,Converted to PO
2843,2693,68,283.000,No,2026-04-25,6.00,High,Required for Fasteners consumption plan.,0.000,2880.000,BG-2026-11,Generated PR item.,Converted to PO
2844,2694,69,403.000,No,2026-04-25,0.80,High,Required for Fasteners consumption plan.,0.000,6400.000,BG-2026-12,Generated PR item.,Converted to PO
2845,2695,70,306.000,No,2026-04-20,1.20,Urgent,Required for Fasteners consumption plan.,0.000,4800.000,BG-2026-01,Generated PR item.,Converted to PO
2846,2696,71,446.000,No,2026-04-12,2.50,High,Required for Fasteners consumption plan.,0.000,2880.000,BG-2026-02,Generated PR item.,Converted to PO
2847,2697,72,214.000,No,2026-04-28,0.80,High,Required for Fasteners consumption plan.,0.000,6400.000,BG-2026-03,Generated PR item.,Converted to PO
2848,2698,73,205.000,No,2026-04-19,1.20,High,Required for Fasteners consumption plan.,0.000,4800.000,BG-2026-04,Generated PR item.,Converted to PO
2849,2699,74,223.000,No,2026-04-30,2.50,Urgent,Required for Fasteners consumption plan.,0.000,2880.000,BG-2026-05,Generated PR item.,Converted to PO
2850,2700,75,499.000,No,2026-04-30,4.00,High,Required for Fasteners consumption plan.,0.000,1600.000,BG-2026-06,Generated PR item.,Converted to PO
2851,2701,76,314.000,No,2026-04-30,7.00,High,Required for Fasteners consumption plan.,0.000,960.000,BG-2026-07,Generated PR item.,Converted to PO
2852,2702,77,93.000,No,2026-04-27,15.00,High,Required for Fasteners consumption plan.,0.000,480.000,BG-2026-08,Generated PR item.,Converted to PO
2853,2703,78,39.000,No,2026-04-27,4.00,Urgent,Required for Fasteners consumption plan.,0.000,3040.000,BG-2026-09,Generated PR item.,Converted to PO
2854,2704,79,269.000,No,2026-04-24,4.00,High,Required for Fasteners consumption plan.,0.000,3040.000,BG-2026-10,Generated PR item.,Converted to PO
2855,2705,80,81541.000,ml,2026-04-16,0.80,High,Required for Consumables consumption plan.,0.000,144000.000,BG-2026-11,Generated PR item.,Converted to PO
2856,2706,81,14899.000,g,2026-04-22,1.20,High,Required for Consumables consumption plan.,0.000,42000.000,BG-2026-12,Generated PR item.,Converted to PO
2857,2707,82,58220.000,ml,2026-04-29,1.50,Urgent,Required for Consumables consumption plan.,0.000,8000.000,BG-2026-01,Generated PR item.,Converted to PO
2858,2708,83,24155.000,g,2026-05-01,0.60,High,Required for Consumables consumption plan.,0.000,24000.000,BG-2026-02,Generated PR item.,Converted to PO
2859,2709,84,54053.000,ml,2026-04-28,0.25,High,Required for Consumables consumption plan.,0.000,156000.000,BG-2026-03,Generated PR item.,Converted to PO
2860,2710,85,27350.000,g,2026-04-30,1.80,High,Required for Consumables consumption plan.,0.000,9000.000,BG-2026-04,Generated PR item.,Converted to PO
2861,2711,86,19500.000,g,2026-04-18,1.20,Urgent,Required for Consumables consumption plan.,0.000,4000.000,BG-2026-05,Generated PR item.,Converted to PO
2862,2712,87,22203.000,g,2026-04-27,0.80,High,Required for Consumables consumption plan.,0.000,12000.000,BG-2026-06,Generated PR item.,Converted to PO
2863,2713,88,197.000,No,2026-04-28,45.00,High,Required for Packaging Materials consumption plan.,0.000,1520.000,BG-2026-07,Generated PR item.,Converted to PO
2864,2714,89,159.000,No,2026-05-06,18.00,High,Required for Packaging Materials consumption plan.,0.000,3040.000,BG-2026-08,Generated PR item.,Converted to PO
2865,2715,90,17.000,Sheet,2026-04-25,10.00,Urgent,Required for Packaging Materials consumption plan.,0.000,1760.000,BG-2026-09,Generated PR item.,Converted to PO
2866,2716,91,110.000,No,2026-04-25,6.00,High,Required for Packaging Materials consumption plan.,0.000,1520.000,BG-2026-10,Generated PR item.,Converted to PO
2867,2717,92,88.000,m,2026-04-27,1.20,High,Required for Packaging Materials consumption plan.,0.000,1600.000,BG-2026-11,Generated PR item.,Converted to PO
2868,2718,93,130.000,No,2026-04-24,3.00,High,Required for Packaging Materials consumption plan.,0.000,1760.000,BG-2026-12,Generated PR item.,Converted to PO
2869,2719,94,40.000,No,2026-05-01,35.00,Urgent,Required for Identification & Documentation consumption plan.,0.000,1520.000,BG-2026-01,Generated PR item.,Converted to PO
2870,2720,95,130.000,No,2026-05-03,3.00,High,Required for Identification & Documentation consumption plan.,0.000,1520.000,BG-2026-02,Generated PR item.,Converted to PO
2871,2721,96,89.000,No,2026-05-06,4.00,High,Required for Identification & Documentation consumption plan.,0.000,1520.000,BG-2026-03,Generated PR item.,Converted to PO
2872,2722,97,10.000,No,2026-05-09,2.00,High,Required for Identification & Documentation consumption plan.,0.000,1520.000,BG-2026-04,Generated PR item.,Converted to PO
2873,2723,98,35.000,No,2026-04-24,8.00,Urgent,Required for Identification & Documentation consumption plan.,0.000,1520.000,BG-2026-05,Generated PR item.,Converted to PO
2874,2724,99,128.000,No,2026-04-28,4.00,High,Required for Identification & Documentation consumption plan.,0.000,1520.000,BG-2026-06,Generated PR item.,Converted to PO
2875,2725,1,85.000,No,2026-04-29,1800.00,High,Required for Core Components consumption plan.,0.000,800.000,BG-2026-07,Generated PR item.,Converted to PO
2876,2726,2,436.000,No,2026-04-28,2800.00,High,Required for Core Components consumption plan.,0.000,480.000,BG-2026-08,Generated PR item.,Converted to PO
2877,2727,3,392.000,No,2026-05-08,6200.00,Urgent,Required for Core Components consumption plan.,0.000,240.000,BG-2026-09,Generated PR item.,Converted to PO
2878,2728,4,369.000,No,2026-04-27,1200.00,High,Required for Core Components consumption plan.,0.000,800.000,BG-2026-10,Generated PR item.,Converted to PO
2879,2729,5,127.000,No,2026-04-25,2200.00,High,Required for Core Components consumption plan.,0.000,480.000,BG-2026-11,Generated PR item.,Converted to PO
2880,2730,6,408.000,No,2026-05-10,5000.00,High,Required for Core Components consumption plan.,0.000,240.000,BG-2026-12,Generated PR item.,Converted to PO
2881,2731,7,161.000,No,2026-05-13,180.00,Urgent,Required for Magnetic Components consumption plan.,0.000,6400.000,BG-2026-01,Generated PR item.,Converted to PO
2882,2732,8,101.000,No,2026-04-30,240.00,High,Required for Magnetic Components consumption plan.,0.000,4800.000,BG-2026-02,Generated PR item.,Converted to PO
2883,2733,9,5.000,No,2026-05-01,360.00,High,Required for Magnetic Components consumption plan.,0.000,2880.000,BG-2026-03,Generated PR item.,Converted to PO
2884,2734,10,135.000,No,2026-05-05,450.00,High,Required for Mechanical Components consumption plan.,0.000,800.000,BG-2026-04,Generated PR item.,Converted to PO
2885,2735,11,200.000,No,2026-05-05,750.00,Urgent,Required for Mechanical Components consumption plan.,0.000,480.000,BG-2026-05,Generated PR item.,Converted to PO
2886,2736,12,13.000,No,2026-05-13,1800.00,High,Required for Mechanical Components consumption plan.,0.000,240.000,BG-2026-06,Generated PR item.,Converted to PO
2887,2737,13,17.000,No,2026-05-03,160.00,High,Required for Mechanical Components consumption plan.,0.000,800.000,BG-2026-07,Generated PR item.,Converted to PO
2888,2738,14,99.000,No,2026-04-27,220.00,High,Required for Mechanical Components consumption plan.,0.000,480.000,BG-2026-08,Generated PR item.,Converted to PO
2889,2739,15,130.000,No,2026-05-04,420.00,Urgent,Required for Mechanical Components consumption plan.,0.000,240.000,BG-2026-09,Generated PR item.,Converted to PO
2890,2740,16,121.000,No,2026-05-08,1300.00,High,Required for Mechanical Components consumption plan.,0.000,800.000,BG-2026-10,Generated PR item.,Converted to PO
2891,2741,17,109.000,No,2026-05-07,2400.00,High,Required for Mechanical Components consumption plan.,0.000,480.000,BG-2026-11,Generated PR item.,Converted to PO
2892,2742,18,67.000,No,2026-05-07,5200.00,High,Required for Mechanical Components consumption plan.,0.000,240.000,BG-2026-12,Generated PR item.,Converted to PO
2893,2743,19,19.000,No,2026-05-14,450.00,Urgent,Required for Mechanical Components consumption plan.,0.000,1520.000,BG-2026-01,Generated PR item.,Converted to PO
2894,2744,20,12.000,No,2026-05-13,450.00,High,Required for Mechanical Components consumption plan.,0.000,1520.000,BG-2026-02,Generated PR item.,Converted to PO
2895,2745,21,29.000,No,2026-05-03,60.00,High,Required for Mechanical Components consumption plan.,0.000,1280.000,BG-2026-03,Generated PR item.,Converted to PO
2896,2746,22,174.000,No,2026-05-05,120.00,High,Required for Mechanical Components consumption plan.,0.000,240.000,BG-2026-04,Generated PR item.,Converted to PO
2897,2747,23,80.000,No,2026-05-11,120.00,Urgent,Required for Bearings consumption plan.,0.000,1600.000,BG-2026-05,Generated PR item.,Converted to PO
2898,2748,24,46.000,No,2026-05-07,220.00,High,Required for Bearings consumption plan.,0.000,960.000,BG-2026-06,Generated PR item.,Converted to PO
2899,2749,25,12.000,No,2026-05-07,650.00,High,Required for Bearings consumption plan.,0.000,480.000,BG-2026-07,Generated PR item.,Converted to PO
2900,2750,26,107.000,No,2026-05-03,15.00,High,Required for Sealing Components consumption plan.,0.000,1520.000,BG-2026-08,Generated PR item.,Converted to PO
2901,2751,27,247.000,No,2026-05-04,45.00,Urgent,Required for Sealing Components consumption plan.,0.000,1280.000,BG-2026-09,Generated PR item.,Converted to PO
2902,2752,28,66.000,No,2026-05-13,110.00,High,Required for Sealing Components consumption plan.,0.000,480.000,BG-2026-10,Generated PR item.,Converted to PO
2903,2753,29,103.000,kg,2026-05-16,850.00,High,Required for Electrical Components consumption plan.,0.000,1440.000,BG-2026-11,Generated PR item.,Converted to PO
2904,2754,30,112.000,kg,2026-05-15,880.00,High,Required for Electrical Components consumption plan.,0.000,1536.000,BG-2026-12,Generated PR item.,Converted to PO
2905,2755,31,73.000,kg,2026-05-06,920.00,Urgent,Required for Electrical Components consumption plan.,0.000,1560.000,BG-2026-01,Generated PR item.,Converted to PO
2906,2756,32,230.000,m,2026-05-03,35.00,High,Required for Electrical Components consumption plan.,0.000,2400.000,BG-2026-02,Generated PR item.,Converted to PO
2907,2757,33,246.000,m,2026-05-03,60.00,High,Required for Electrical Components consumption plan.,0.000,1920.000,BG-2026-03,Generated PR item.,Converted to PO
2908,2758,34,247.000,m,2026-05-09,150.00,High,Required for Electrical Components consumption plan.,0.000,1200.000,BG-2026-04,Generated PR item.,Converted to PO
2909,2759,35,181.000,No,2026-05-11,90.00,Urgent,Required for Electrical Components consumption plan.,0.000,800.000,BG-2026-05,Generated PR item.,Converted to PO
2910,2760,36,147.000,No,2026-05-19,180.00,High,Required for Electrical Components consumption plan.,0.000,480.000,BG-2026-06,Generated PR item.,Converted to PO
2911,2761,37,18.000,No,2026-05-19,420.00,High,Required for Electrical Components consumption plan.,0.000,240.000,BG-2026-07,Generated PR item.,Converted to PO
2912,2762,38,6.000,No,2026-05-03,12.00,High,Required for Electrical Components consumption plan.,0.000,4560.000,BG-2026-08,Generated PR item.,Converted to PO
2913,2763,39,106.000,No,2026-05-15,45.00,Urgent,Required for Electronic Components consumption plan.,0.000,2400.000,BG-2026-09,Generated PR item.,Converted to PO
2914,2764,40,228.000,No,2026-05-08,120.00,High,Required for Electronic Components consumption plan.,0.000,800.000,BG-2026-10,Generated PR item.,Converted to PO
2915,2765,41,14.000,No,2026-05-06,1400.00,High,Required for Electronic Components consumption plan.,0.000,480.000,BG-2026-11,Generated PR item.,Converted to PO
2916,2766,42,22.000,No,2026-05-13,3200.00,High,Required for Electronic Components consumption plan.,0.000,240.000,BG-2026-12,Generated PR item.,Converted to PO
2917,2767,43,172.000,No,2026-05-04,85.00,Urgent,Required for Electronic Components consumption plan.,0.000,480.000,BG-2026-01,Generated PR item.,Converted to PO
2918,2768,44,115.000,No,2026-05-10,220.00,High,Required for Electronic Components consumption plan.,0.000,480.000,BG-2026-02,Generated PR item.,Converted to PO
2919,2769,45,61.000,No,2026-05-13,350.00,High,Required for Electronic Components consumption plan.,0.000,1280.000,BG-2026-03,Generated PR item.,Converted to PO
2920,2770,46,56.000,No,2026-05-08,750.00,High,Required for Electronic Components consumption plan.,0.000,240.000,BG-2026-04,Generated PR item.,Converted to PO
2921,2771,47,55.000,Set,2026-05-14,450.00,Urgent,Required for Electronic Components consumption plan.,0.000,1280.000,BG-2026-05,Generated PR item.,Converted to PO
2922,2772,48,44.000,Set,2026-05-13,950.00,High,Required for Electronic Components consumption plan.,0.000,240.000,BG-2026-06,Generated PR item.,Converted to PO
2923,2773,49,162.000,No,2026-05-19,25.00,High,Required for Electronic Components consumption plan.,0.000,800.000,BG-2026-07,Generated PR item.,Converted to PO
2924,2774,50,73.000,No,2026-05-08,40.00,High,Required for Electronic Components consumption plan.,0.000,480.000,BG-2026-08,Generated PR item.,Converted to PO
2925,2775,51,134.000,No,2026-05-06,110.00,Urgent,Required for Electronic Components consumption plan.,0.000,240.000,BG-2026-09,Generated PR item.,Converted to PO
2926,2776,52,216.000,No,2026-05-15,2.00,High,Required for Electronic Components consumption plan.,0.000,4000.000,BG-2026-10,Generated PR item.,Converted to PO
2927,2777,53,82.000,No,2026-05-10,3.00,High,Required for Electronic Components consumption plan.,0.000,2880.000,BG-2026-11,Generated PR item.,Converted to PO
2928,2778,54,102.000,No,2026-05-18,5.00,High,Required for Electronic Components consumption plan.,0.000,1920.000,BG-2026-12,Generated PR item.,Converted to PO
2929,2779,55,45.000,No,2026-05-07,8.00,Urgent,Required for Insulation Materials consumption plan.,0.000,19200.000,BG-2026-01,Generated PR item.,Converted to PO
2930,2780,56,162.000,No,2026-05-16,10.00,High,Required for Insulation Materials consumption plan.,0.000,17280.000,BG-2026-02,Generated PR item.,Converted to PO
2931,2781,57,12.000,No,2026-05-24,12.00,High,Required for Insulation Materials consumption plan.,0.000,11520.000,BG-2026-03,Generated PR item.,Converted to PO
2932,2782,58,66.000,No,2026-05-09,6.00,High,Required for Insulation Materials consumption plan.,0.000,48000.000,BG-2026-04,Generated PR item.,Converted to PO
2933,2783,59,180.000,No,2026-05-13,5.00,Urgent,Required for Insulation Materials consumption plan.,0.000,48000.000,BG-2026-05,Generated PR item.,Converted to PO
2934,2784,60,29.000,m,2026-05-24,18.00,High,Required for Insulation Materials consumption plan.,0.000,400.000,BG-2026-06,Generated PR item.,Converted to PO
2935,2785,61,495.000,m,2026-05-18,25.00,High,Required for Insulation Materials consumption plan.,0.000,384.000,BG-2026-07,Generated PR item.,Converted to PO
2936,2786,62,214.000,m,2026-05-12,45.00,High,Required for Insulation Materials consumption plan.,0.000,240.000,BG-2026-08,Generated PR item.,Converted to PO
2937,2787,63,211.000,No,2026-05-12,3.00,Urgent,Required for Fasteners consumption plan.,0.000,6400.000,BG-2026-09,Generated PR item.,Converted to PO
2938,2788,64,278.000,No,2026-05-22,5.00,High,Required for Fasteners consumption plan.,0.000,4800.000,BG-2026-10,Generated PR item.,Converted to PO
2939,2789,65,327.000,No,2026-05-24,12.00,High,Required for Fasteners consumption plan.,0.000,2880.000,BG-2026-11,Generated PR item.,Converted to PO
2940,2790,66,241.000,No,2026-05-15,1.50,High,Required for Fasteners consumption plan.,0.000,6400.000,BG-2026-12,Generated PR item.,Converted to PO
2941,2791,67,445.000,No,2026-05-17,2.50,Urgent,Required for Fasteners consumption plan.,0.000,4800.000,BG-2026-01,Generated PR item.,Converted to PO
2942,2792,68,482.000,No,2026-05-23,6.00,High,Required for Fasteners consumption plan.,0.000,2880.000,BG-2026-02,Generated PR item.,Converted to PO
2943,2793,69,116.000,No,2026-05-13,0.80,High,Required for Fasteners consumption plan.,0.000,6400.000,BG-2026-03,Generated PR item.,Converted to PO
2944,2794,70,359.000,No,2026-05-13,1.20,High,Required for Fasteners consumption plan.,0.000,4800.000,BG-2026-04,Generated PR item.,Converted to PO
2945,2795,71,164.000,No,2026-05-23,2.50,Urgent,Required for Fasteners consumption plan.,0.000,2880.000,BG-2026-05,Generated PR item.,Converted to PO
2946,2796,72,498.000,No,2026-05-13,0.80,High,Required for Fasteners consumption plan.,0.000,6400.000,BG-2026-06,Generated PR item.,Converted to PO
2947,2797,73,141.000,No,2026-05-24,1.20,High,Required for Fasteners consumption plan.,0.000,4800.000,BG-2026-07,Generated PR item.,Converted to PO
2948,2798,74,161.000,No,2026-05-20,2.50,High,Required for Fasteners consumption plan.,0.000,2880.000,BG-2026-08,Generated PR item.,Converted to PO
2949,2799,75,363.000,No,2026-05-29,4.00,Urgent,Required for Fasteners consumption plan.,0.000,1600.000,BG-2026-09,Generated PR item.,Converted to PO
2950,2800,76,399.000,No,2026-05-12,7.00,High,Required for Fasteners consumption plan.,0.000,960.000,BG-2026-10,Generated PR item.,Converted to PO
2951,2801,77,81.000,No,2026-05-29,15.00,High,Required for Fasteners consumption plan.,0.000,480.000,BG-2026-11,Generated PR item.,Converted to PO
2952,2802,78,287.000,No,2026-05-17,4.00,High,Required for Fasteners consumption plan.,0.000,3040.000,BG-2026-12,Generated PR item.,Converted to PO
2953,2803,79,186.000,No,2026-05-13,4.00,Urgent,Required for Fasteners consumption plan.,0.000,3040.000,BG-2026-01,Generated PR item.,Converted to PO
2954,2804,80,63117.000,ml,2026-05-26,0.80,High,Required for Consumables consumption plan.,0.000,144000.000,BG-2026-02,Generated PR item.,Converted to PO
2955,2805,81,17145.000,g,2026-05-22,1.20,High,Required for Consumables consumption plan.,0.000,42000.000,BG-2026-03,Generated PR item.,Converted to PO
2956,2806,82,98657.000,ml,2026-05-28,1.50,High,Required for Consumables consumption plan.,0.000,8000.000,BG-2026-04,Generated PR item.,Converted to PO
2957,2807,83,28077.000,g,2026-05-14,0.60,Urgent,Required for Consumables consumption plan.,0.000,24000.000,BG-2026-05,Generated PR item.,Converted to PO
2958,2808,84,67129.000,ml,2026-05-14,0.25,High,Required for Consumables consumption plan.,0.000,156000.000,BG-2026-06,Generated PR item.,Converted to PO
2959,2809,85,20703.000,g,2026-05-23,1.80,High,Required for Consumables consumption plan.,0.000,9000.000,BG-2026-07,Generated PR item.,Converted to PO
2960,2810,86,27066.000,g,2026-05-28,1.20,High,Required for Consumables consumption plan.,0.000,4000.000,BG-2026-08,Generated PR item.,Converted to PO
2961,2811,87,6321.000,g,2026-05-20,0.80,Urgent,Required for Consumables consumption plan.,0.000,12000.000,BG-2026-09,Generated PR item.,Converted to PO
2962,2812,88,183.000,No,2026-05-27,45.00,High,Required for Packaging Materials consumption plan.,0.000,1520.000,BG-2026-10,Generated PR item.,Converted to PO
2963,2813,89,194.000,No,2026-05-30,18.00,High,Required for Packaging Materials consumption plan.,0.000,3040.000,BG-2026-11,Generated PR item.,Converted to PO
2964,2814,90,36.000,Sheet,2026-05-29,10.00,High,Required for Packaging Materials consumption plan.,0.000,1760.000,BG-2026-12,Generated PR item.,Converted to PO
2965,2815,91,221.000,No,2026-05-23,6.00,Urgent,Required for Packaging Materials consumption plan.,0.000,1520.000,BG-2026-01,Generated PR item.,Converted to PO
2966,2816,92,356.000,m,2026-05-27,1.20,High,Required for Packaging Materials consumption plan.,0.000,1600.000,BG-2026-02,Generated PR item.,Converted to PO
2967,2817,93,90.000,No,2026-05-24,3.00,High,Required for Packaging Materials consumption plan.,0.000,1760.000,BG-2026-03,Generated PR item.,Converted to PO
2968,2818,94,124.000,No,2026-05-27,35.00,High,Required for Identification & Documentation consumption plan.,0.000,1520.000,BG-2026-04,Generated PR item.,Converted to PO
2969,2819,95,125.000,No,2026-05-25,3.00,Urgent,Required for Identification & Documentation consumption plan.,0.000,1520.000,BG-2026-05,Generated PR item.,Converted to PO
2970,2820,96,231.000,No,2026-05-25,4.00,High,Required for Identification & Documentation consumption plan.,0.000,1520.000,BG-2026-06,Generated PR item.,Converted to PO
2971,2821,97,243.000,No,2026-05-23,2.00,High,Required for Identification & Documentation consumption plan.,0.000,1520.000,BG-2026-07,Generated PR item.,Converted to PO
2972,2822,98,203.000,No,2026-05-27,8.00,High,Required for Identification & Documentation consumption plan.,0.000,1520.000,BG-2026-08,Generated PR item.,Converted to PO
2973,2823,99,165.000,No,2026-05-29,4.00,Urgent,Required for Identification & Documentation consumption plan.,0.000,1520.000,BG-2026-09,Generated PR item.,Converted to PO
2974,2824,1,96.000,No,2026-06-01,1800.00,High,Required for Core Components consumption plan.,0.000,800.000,BG-2026-10,Generated PR item.,Converted to PO
2975,2825,2,462.000,No,2026-05-28,2800.00,High,Required for Core Components consumption plan.,0.000,480.000,BG-2026-11,Generated PR item.,Converted to PO
2976,2826,3,110.000,No,2026-05-18,6200.00,High,Required for Core Components consumption plan.,0.000,240.000,BG-2026-12,Generated PR item.,Converted to PO
2977,2827,4,125.000,No,2026-05-27,1200.00,Urgent,Required for Core Components consumption plan.,0.000,800.000,BG-2026-01,Generated PR item.,Converted to PO
2978,2828,5,81.000,No,2026-05-22,2200.00,High,Required for Core Components consumption plan.,0.000,480.000,BG-2026-02,Generated PR item.,Converted to PO
2979,2829,6,477.000,No,2026-05-18,5000.00,High,Required for Core Components consumption plan.,0.000,240.000,BG-2026-03,Generated PR item.,Converted to PO
2980,2830,7,126.000,No,2026-05-20,180.00,High,Required for Magnetic Components consumption plan.,0.000,6400.000,BG-2026-04,Generated PR item.,Converted to PO
2981,2831,8,63.000,No,2026-05-31,240.00,Urgent,Required for Magnetic Components consumption plan.,0.000,4800.000,BG-2026-05,Generated PR item.,Converted to PO
2982,2832,9,24.000,No,2026-06-07,360.00,High,Required for Magnetic Components consumption plan.,0.000,2880.000,BG-2026-06,Generated PR item.,Converted to PO
2983,2833,10,106.000,No,2026-05-30,450.00,High,Required for Mechanical Components consumption plan.,0.000,800.000,BG-2026-07,Generated PR item.,Converted to PO
2984,2834,11,183.000,No,2026-05-29,750.00,High,Required for Mechanical Components consumption plan.,0.000,480.000,BG-2026-08,Generated PR item.,Converted to PO
2985,2835,12,249.000,No,2026-05-23,1800.00,Urgent,Required for Mechanical Components consumption plan.,0.000,240.000,BG-2026-09,Generated PR item.,Converted to PO
2986,2836,13,140.000,No,2026-06-03,160.00,High,Required for Mechanical Components consumption plan.,0.000,800.000,BG-2026-10,Generated PR item.,Converted to PO
2987,2837,14,154.000,No,2026-05-22,220.00,High,Required for Mechanical Components consumption plan.,0.000,480.000,BG-2026-11,Generated PR item.,Converted to PO
2988,2838,15,210.000,No,2026-06-07,420.00,High,Required for Mechanical Components consumption plan.,0.000,240.000,BG-2026-12,Generated PR item.,Converted to PO
2989,2839,16,226.000,No,2026-06-06,1300.00,Urgent,Required for Mechanical Components consumption plan.,0.000,800.000,BG-2026-01,Generated PR item.,Converted to PO
2990,2840,17,73.000,No,2026-06-09,2400.00,High,Required for Mechanical Components consumption plan.,0.000,480.000,BG-2026-02,Generated PR item.,Converted to PO
2991,2841,18,249.000,No,2026-05-28,5200.00,High,Required for Mechanical Components consumption plan.,0.000,240.000,BG-2026-03,Generated PR item.,Converted to PO
2992,2842,19,132.000,No,2026-05-25,450.00,High,Required for Mechanical Components consumption plan.,0.000,1520.000,BG-2026-04,Generated PR item.,Converted to PO
2993,2843,20,233.000,No,2026-05-29,450.00,Urgent,Required for Mechanical Components consumption plan.,0.000,1520.000,BG-2026-05,Generated PR item.,Converted to PO
2994,2844,21,33.000,No,2026-06-07,60.00,High,Required for Mechanical Components consumption plan.,0.000,1280.000,BG-2026-06,Generated PR item.,Converted to PO
2995,2845,22,28.000,No,2026-05-27,120.00,High,Required for Mechanical Components consumption plan.,0.000,240.000,BG-2026-07,Generated PR item.,Converted to PO
2996,2846,23,89.000,No,2026-06-08,120.00,High,Required for Bearings consumption plan.,0.000,1600.000,BG-2026-08,Generated PR item.,Converted to PO
2997,2847,24,69.000,No,2026-05-26,220.00,Urgent,Required for Bearings consumption plan.,0.000,960.000,BG-2026-09,Generated PR item.,Converted to PO
2998,2848,25,21.000,No,2026-05-25,650.00,High,Required for Bearings consumption plan.,0.000,480.000,BG-2026-10,Generated PR item.,Converted to PO
2999,2849,26,225.000,No,2026-05-29,15.00,High,Required for Sealing Components consumption plan.,0.000,1520.000,BG-2026-11,Generated PR item.,Converted to PO
3000,2850,27,30.000,No,2026-06-08,45.00,High,Required for Sealing Components consumption plan.,0.000,1280.000,BG-2026-12,Generated PR item.,Converted to PO
3001,2851,28,172.000,No,2026-06-05,110.00,Urgent,Required for Sealing Components consumption plan.,0.000,480.000,BG-2026-01,Generated PR item.,Converted to PO
3002,2852,29,49.000,kg,2026-06-02,850.00,High,Required for Electrical Components consumption plan.,0.000,1440.000,BG-2026-02,Generated PR item.,Converted to PO
3003,2853,30,23.000,kg,2026-06-07,880.00,High,Required for Electrical Components consumption plan.,0.000,1536.000,BG-2026-03,Generated PR item.,Converted to PO
3004,2854,31,163.000,kg,2026-06-07,920.00,High,Required for Electrical Components consumption plan.,0.000,1560.000,BG-2026-04,Generated PR item.,Converted to PO
3005,2855,32,427.000,m,2026-06-05,35.00,Urgent,Required for Electrical Components consumption plan.,0.000,2400.000,BG-2026-05,Generated PR item.,Converted to PO
3006,2856,33,70.000,m,2026-06-05,60.00,High,Required for Electrical Components consumption plan.,0.000,1920.000,BG-2026-06,Generated PR item.,Converted to PO
3007,2857,34,64.000,m,2026-05-28,150.00,High,Required for Electrical Components consumption plan.,0.000,1200.000,BG-2026-07,Generated PR item.,Converted to PO
3008,2858,35,156.000,No,2026-06-01,90.00,High,Required for Electrical Components consumption plan.,0.000,800.000,BG-2026-08,Generated PR item.,Converted to PO
3009,2859,36,12.000,No,2026-06-06,180.00,Urgent,Required for Electrical Components consumption plan.,0.000,480.000,BG-2026-09,Generated PR item.,Converted to PO
3010,2860,37,188.000,No,2026-05-30,420.00,High,Required for Electrical Components consumption plan.,0.000,240.000,BG-2026-10,Generated PR item.,Converted to PO
3011,2861,38,230.000,No,2026-06-06,12.00,High,Required for Electrical Components consumption plan.,0.000,4560.000,BG-2026-11,Generated PR item.,Converted to PO
3012,2862,39,189.000,No,2026-05-31,45.00,High,Required for Electronic Components consumption plan.,0.000,2400.000,BG-2026-12,Generated PR item.,Converted to PO
3013,2863,40,61.000,No,2026-06-12,120.00,Urgent,Required for Electronic Components consumption plan.,0.000,800.000,BG-2026-01,Generated PR item.,Converted to PO
3014,2864,41,51.000,No,2026-05-31,1400.00,High,Required for Electronic Components consumption plan.,0.000,480.000,BG-2026-02,Generated PR item.,Converted to PO
3015,2865,42,172.000,No,2026-06-01,3200.00,High,Required for Electronic Components consumption plan.,0.000,240.000,BG-2026-03,Generated PR item.,Converted to PO
3016,2866,43,20.000,No,2026-06-11,85.00,High,Required for Electronic Components consumption plan.,0.000,480.000,BG-2026-04,Generated PR item.,Converted to PO
3017,2867,44,137.000,No,2026-06-03,220.00,Urgent,Required for Electronic Components consumption plan.,0.000,480.000,BG-2026-05,Generated PR item.,Converted to PO
3018,2868,45,115.000,No,2026-06-07,350.00,High,Required for Electronic Components consumption plan.,0.000,1280.000,BG-2026-06,Generated PR item.,Converted to PO
3019,2869,46,188.000,No,2026-06-06,750.00,High,Required for Electronic Components consumption plan.,0.000,240.000,BG-2026-07,Generated PR item.,Converted to PO
3020,2870,47,20.000,Set,2026-06-04,450.00,High,Required for Electronic Components consumption plan.,0.000,1280.000,BG-2026-08,Generated PR item.,Converted to PO
3021,2871,48,62.000,Set,2026-06-14,950.00,Urgent,Required for Electronic Components consumption plan.,0.000,240.000,BG-2026-09,Generated PR item.,Converted to PO
3022,2872,49,177.000,No,2026-06-13,25.00,High,Required for Electronic Components consumption plan.,0.000,800.000,BG-2026-10,Generated PR item.,Converted to PO
3023,2873,50,63.000,No,2026-06-05,40.00,High,Required for Electronic Components consumption plan.,0.000,480.000,BG-2026-11,Generated PR item.,Converted to PO
3024,2874,51,92.000,No,2026-06-13,110.00,High,Required for Electronic Components consumption plan.,0.000,240.000,BG-2026-12,Generated PR item.,Converted to PO
3025,2875,52,21.000,No,2026-06-13,2.00,Urgent,Required for Electronic Components consumption plan.,0.000,4000.000,BG-2026-01,Generated PR item.,Converted to PO
3026,2876,53,115.000,No,2026-06-11,3.00,High,Required for Electronic Components consumption plan.,0.000,2880.000,BG-2026-02,Generated PR item.,Converted to PO
3027,2877,54,69.000,No,2026-06-12,5.00,High,Required for Electronic Components consumption plan.,0.000,1920.000,BG-2026-03,Generated PR item.,Converted to PO
3028,2878,55,32.000,No,2026-06-18,8.00,High,Required for Insulation Materials consumption plan.,0.000,19200.000,BG-2026-04,Generated PR item.,Converted to PO
3029,2879,56,142.000,No,2026-06-10,10.00,Urgent,Required for Insulation Materials consumption plan.,0.000,17280.000,BG-2026-05,Generated PR item.,Converted to PO
3030,2880,57,144.000,No,2026-06-08,12.00,High,Required for Insulation Materials consumption plan.,0.000,11520.000,BG-2026-06,Generated PR item.,Converted to PO
3031,2881,58,26.000,No,2026-06-12,6.00,High,Required for Insulation Materials consumption plan.,0.000,48000.000,BG-2026-07,Generated PR item.,Converted to PO
3032,2882,59,50.000,No,2026-06-18,5.00,High,Required for Insulation Materials consumption plan.,0.000,48000.000,BG-2026-08,Generated PR item.,Converted to PO
3033,2883,60,59.000,m,2026-06-15,18.00,Urgent,Required for Insulation Materials consumption plan.,0.000,400.000,BG-2026-09,Generated PR item.,Converted to PO
3034,2884,61,346.000,m,2026-06-04,25.00,High,Required for Insulation Materials consumption plan.,0.000,384.000,BG-2026-10,Generated PR item.,Converted to PO
3035,2885,62,182.000,m,2026-06-11,45.00,High,Required for Insulation Materials consumption plan.,0.000,240.000,BG-2026-11,Generated PR item.,Converted to PO
3036,2886,63,54.000,No,2026-06-16,3.00,High,Required for Fasteners consumption plan.,0.000,6400.000,BG-2026-12,Generated PR item.,Converted to PO
3037,2887,64,112.000,No,2026-06-07,5.00,Urgent,Required for Fasteners consumption plan.,0.000,4800.000,BG-2026-01,Generated PR item.,Converted to PO
3038,2888,65,489.000,No,2026-06-21,12.00,High,Required for Fasteners consumption plan.,0.000,2880.000,BG-2026-02,Generated PR item.,Converted to PO
3039,2889,66,143.000,No,2026-06-18,1.50,High,Required for Fasteners consumption plan.,0.000,6400.000,BG-2026-03,Generated PR item.,Converted to PO
3040,2890,67,349.000,No,2026-06-19,2.50,High,Required for Fasteners consumption plan.,0.000,4800.000,BG-2026-04,Generated PR item.,Converted to PO
3041,2891,68,245.000,No,2026-06-05,6.00,Urgent,Required for Fasteners consumption plan.,0.000,2880.000,BG-2026-05,Generated PR item.,Converted to PO
3042,2892,69,107.000,No,2026-06-14,0.80,High,Required for Fasteners consumption plan.,0.000,6400.000,BG-2026-06,Generated PR item.,Converted to PO
3043,2893,70,167.000,No,2026-06-13,1.20,High,Required for Fasteners consumption plan.,0.000,4800.000,BG-2026-07,Generated PR item.,Converted to PO
3044,2894,71,26.000,No,2026-06-15,2.50,High,Required for Fasteners consumption plan.,0.000,2880.000,BG-2026-08,Generated PR item.,Converted to PO
3045,2895,72,379.000,No,2026-06-19,0.80,Urgent,Required for Fasteners consumption plan.,0.000,6400.000,BG-2026-09,Generated PR item.,Converted to PO
3046,2896,73,180.000,No,2026-06-10,1.20,High,Required for Fasteners consumption plan.,0.000,4800.000,BG-2026-10,Generated PR item.,Converted to PO
3047,2897,74,260.000,No,2026-06-14,2.50,High,Required for Fasteners consumption plan.,0.000,2880.000,BG-2026-11,Generated PR item.,Converted to PO
3048,2898,75,93.000,No,2026-06-17,4.00,High,Required for Fasteners consumption plan.,0.000,1600.000,BG-2026-12,Generated PR item.,Converted to PO
3049,2899,76,416.000,No,2026-06-19,7.00,Urgent,Required for Fasteners consumption plan.,0.000,960.000,BG-2026-01,Generated PR item.,Converted to PO
3050,2900,77,125.000,No,2026-06-19,15.00,High,Required for Fasteners consumption plan.,0.000,480.000,BG-2026-02,Generated PR item.,Converted to PO
3051,2901,78,292.000,No,2026-06-13,4.00,High,Required for Fasteners consumption plan.,0.000,3040.000,BG-2026-03,Generated PR item.,Converted to PO
3052,2902,79,439.000,No,2026-06-24,4.00,High,Required for Fasteners consumption plan.,0.000,3040.000,BG-2026-04,Generated PR item.,Converted to PO
3053,2903,80,72754.000,ml,2026-06-08,0.80,Urgent,Required for Consumables consumption plan.,0.000,144000.000,BG-2026-05,Generated PR item.,Converted to PO
3054,2904,81,18493.000,g,2026-06-16,1.20,High,Required for Consumables consumption plan.,0.000,42000.000,BG-2026-06,Generated PR item.,Converted to PO
3055,2905,82,89364.000,ml,2026-06-18,1.50,High,Required for Consumables consumption plan.,0.000,8000.000,BG-2026-07,Generated PR item.,Converted to PO
3056,2906,83,6117.000,g,2026-06-09,0.60,High,Required for Consumables consumption plan.,0.000,24000.000,BG-2026-08,Generated PR item.,Converted to PO
3057,2907,84,96538.000,ml,2026-06-17,0.25,Urgent,Required for Consumables consumption plan.,0.000,156000.000,BG-2026-09,Generated PR item.,Converted to PO
3058,2908,85,17143.000,g,2026-06-19,1.80,High,Required for Consumables consumption plan.,0.000,9000.000,BG-2026-10,Generated PR item.,Converted to PO
3059,2909,86,12886.000,g,2026-06-19,1.20,High,Required for Consumables consumption plan.,0.000,4000.000,BG-2026-11,Generated PR item.,Converted to PO
3060,2910,87,8417.000,g,2026-06-11,0.80,High,Required for Consumables consumption plan.,0.000,12000.000,BG-2026-12,Generated PR item.,Converted to PO
3061,2911,88,188.000,No,2026-06-13,45.00,Urgent,Required for Packaging Materials consumption plan.,0.000,1520.000,BG-2026-01,Generated PR item.,Converted to PO
3062,2912,89,245.000,No,2026-06-13,18.00,High,Required for Packaging Materials consumption plan.,0.000,3040.000,BG-2026-02,Generated PR item.,Converted to PO
3063,2913,90,174.000,Sheet,2026-06-21,10.00,High,Required for Packaging Materials consumption plan.,0.000,1760.000,BG-2026-03,Generated PR item.,Converted to PO
3064,2914,91,13.000,No,2026-06-15,6.00,High,Required for Packaging Materials consumption plan.,0.000,1520.000,BG-2026-04,Generated PR item.,Converted to PO
3065,2915,92,245.000,m,2026-06-20,1.20,Urgent,Required for Packaging Materials consumption plan.,0.000,1600.000,BG-2026-05,Generated PR item.,Converted to PO
3066,2916,93,185.000,No,2026-06-23,3.00,High,Required for Packaging Materials consumption plan.,0.000,1760.000,BG-2026-06,Generated PR item.,Converted to PO
3067,2917,94,102.000,No,2026-06-24,35.00,High,Required for Identification & Documentation consumption plan.,0.000,1520.000,BG-2026-07,Generated PR item.,Converted to PO
3068,2918,95,195.000,No,2026-06-14,3.00,High,Required for Identification & Documentation consumption plan.,0.000,1520.000,BG-2026-08,Generated PR item.,Converted to PO
3069,2919,96,178.000,No,2026-06-27,4.00,Urgent,Required for Identification & Documentation consumption plan.,0.000,1520.000,BG-2026-09,Generated PR item.,Converted to PO
3070,2920,97,21.000,No,2026-06-13,2.00,High,Required for Identification & Documentation consumption plan.,0.000,1520.000,BG-2026-10,Generated PR item.,Converted to PO
3071,2921,98,142.000,No,2026-06-11,8.00,High,Required for Identification & Documentation consumption plan.,0.000,1520.000,BG-2026-11,Generated PR item.,Converted to PO
3072,2922,99,47.000,No,2026-06-11,4.00,High,Required for Identification & Documentation consumption plan.,0.000,1520.000,BG-2026-12,Generated PR item.,Converted to PO
3073,2923,1,269.000,No,2026-06-15,1800.00,Urgent,Required for Core Components consumption plan.,0.000,800.000,BG-2026-01,Generated PR item.,Converted to PO
3074,2924,2,223.000,No,2026-06-28,2800.00,High,Required for Core Components consumption plan.,0.000,480.000,BG-2026-02,Generated PR item.,Converted to PO
3075,2925,3,413.000,No,2026-06-16,6200.00,High,Required for Core Components consumption plan.,0.000,240.000,BG-2026-03,Generated PR item.,Converted to PO
3076,2926,4,441.000,No,2026-06-26,1200.00,High,Required for Core Components consumption plan.,0.000,800.000,BG-2026-04,Generated PR item.,Converted to PO
3077,2927,5,258.000,No,2026-06-21,2200.00,Urgent,Required for Core Components consumption plan.,0.000,480.000,BG-2026-05,Generated PR item.,Converted to PO
3078,2928,6,292.000,No,2026-06-14,5000.00,High,Required for Core Components consumption plan.,0.000,240.000,BG-2026-06,Generated PR item.,Converted to PO
3079,2929,7,159.000,No,2026-06-21,180.00,High,Required for Magnetic Components consumption plan.,0.000,6400.000,BG-2026-07,Generated PR item.,Converted to PO
3080,2930,8,166.000,No,2026-06-15,240.00,High,Required for Magnetic Components consumption plan.,0.000,4800.000,BG-2026-08,Generated PR item.,Converted to PO
3081,2931,9,161.000,No,2026-06-23,360.00,Urgent,Required for Magnetic Components consumption plan.,0.000,2880.000,BG-2026-09,Generated PR item.,Converted to PO
3082,2932,10,197.000,No,2026-06-25,450.00,High,Required for Mechanical Components consumption plan.,0.000,800.000,BG-2026-10,Generated PR item.,Converted to PO
3083,2933,11,246.000,No,2026-06-24,750.00,High,Required for Mechanical Components consumption plan.,0.000,480.000,BG-2026-11,Generated PR item.,Converted to PO
3084,2934,12,208.000,No,2026-06-21,1800.00,High,Required for Mechanical Components consumption plan.,0.000,240.000,BG-2026-12,Generated PR item.,Converted to PO
3085,2935,13,38.000,No,2026-06-29,160.00,Urgent,Required for Mechanical Components consumption plan.,0.000,800.000,BG-2026-01,Generated PR item.,Converted to PO
3086,2936,14,122.000,No,2026-06-27,220.00,High,Required for Mechanical Components consumption plan.,0.000,480.000,BG-2026-02,Generated PR item.,Converted to PO
3087,2937,15,118.000,No,2026-06-21,420.00,High,Required for Mechanical Components consumption plan.,0.000,240.000,BG-2026-03,Generated PR item.,Converted to PO
3088,2938,16,130.000,No,2026-06-24,1300.00,High,Required for Mechanical Components consumption plan.,0.000,800.000,BG-2026-04,Generated PR item.,Converted to PO
3089,2939,17,135.000,No,2026-06-18,2400.00,Urgent,Required for Mechanical Components consumption plan.,0.000,480.000,BG-2026-05,Generated PR item.,Converted to PO
3090,2940,18,181.000,No,2026-07-04,5200.00,High,Required for Mechanical Components consumption plan.,0.000,240.000,BG-2026-06,Generated PR item.,Converted to PO
3091,2941,19,108.000,No,2026-07-01,450.00,High,Required for Mechanical Components consumption plan.,0.000,1520.000,BG-2026-07,Generated PR item.,Converted to PO
3092,2942,20,69.000,No,2026-06-23,450.00,High,Required for Mechanical Components consumption plan.,0.000,1520.000,BG-2026-08,Generated PR item.,Converted to PO
3093,2943,21,117.000,No,2026-06-30,60.00,Urgent,Required for Mechanical Components consumption plan.,0.000,1280.000,BG-2026-09,Generated PR item.,Converted to PO
3094,2944,22,215.000,No,2026-06-30,120.00,High,Required for Mechanical Components consumption plan.,0.000,240.000,BG-2026-10,Generated PR item.,Converted to PO
3095,2945,23,34.000,No,2026-06-29,120.00,High,Required for Bearings consumption plan.,0.000,1600.000,BG-2026-11,Generated PR item.,Converted to PO
3096,2946,24,6.000,No,2026-06-20,220.00,High,Required for Bearings consumption plan.,0.000,960.000,BG-2026-12,Generated PR item.,Converted to PO
3097,2947,25,98.000,No,2026-07-05,650.00,Urgent,Required for Bearings consumption plan.,0.000,480.000,BG-2026-01,Generated PR item.,Converted to PO
3098,2948,26,53.000,No,2026-07-07,15.00,High,Required for Sealing Components consumption plan.,0.000,1520.000,BG-2026-02,Generated PR item.,Converted to PO
3099,2949,27,153.000,No,2026-07-07,45.00,High,Required for Sealing Components consumption plan.,0.000,1280.000,BG-2026-03,Generated PR item.,Converted to PO
3100,2950,28,201.000,No,2026-07-07,110.00,High,Required for Sealing Components consumption plan.,0.000,480.000,BG-2026-04,Generated PR item.,Converted to PO
3101,2951,29,62.000,kg,2026-07-07,850.00,Urgent,Required for Electrical Components consumption plan.,0.000,1440.000,BG-2026-05,Generated PR item.,Converted to PO
3102,2952,30,74.000,kg,2026-07-04,880.00,High,Required for Electrical Components consumption plan.,0.000,1536.000,BG-2026-06,Generated PR item.,Converted to PO
3103,2953,31,63.000,kg,2026-06-22,920.00,High,Required for Electrical Components consumption plan.,0.000,1560.000,BG-2026-07,Generated PR item.,Converted to PO
3104,2954,32,92.000,m,2026-06-30,35.00,High,Required for Electrical Components consumption plan.,0.000,2400.000,BG-2026-08,Generated PR item.,Converted to PO
3105,2955,33,93.000,m,2026-06-26,60.00,Urgent,Required for Electrical Components consumption plan.,0.000,1920.000,BG-2026-09,Generated PR item.,Converted to PO
3106,2956,34,109.000,m,2026-06-25,150.00,High,Required for Electrical Components consumption plan.,0.000,1200.000,BG-2026-10,Generated PR item.,Converted to PO
3107,2957,35,117.000,No,2026-07-06,90.00,High,Required for Electrical Components consumption plan.,0.000,800.000,BG-2026-11,Generated PR item.,Converted to PO
3108,2958,36,135.000,No,2026-07-06,180.00,High,Required for Electrical Components consumption plan.,0.000,480.000,BG-2026-12,Generated PR item.,Converted to PO
3109,2959,37,8.000,No,2026-07-01,420.00,Urgent,Required for Electrical Components consumption plan.,0.000,240.000,BG-2026-01,Generated PR item.,Converted to PO
3110,2960,38,213.000,No,2026-07-06,12.00,High,Required for Electrical Components consumption plan.,0.000,4560.000,BG-2026-02,Generated PR item.,Converted to PO
3111,2961,39,171.000,No,2026-06-25,45.00,High,Required for Electronic Components consumption plan.,0.000,2400.000,BG-2026-03,Generated PR item.,Converted to PO
3112,2962,40,22.000,No,2026-06-27,120.00,High,Required for Electronic Components consumption plan.,0.000,800.000,BG-2026-04,Generated PR item.,Converted to PO
3113,2963,41,212.000,No,2026-07-09,1400.00,Urgent,Required for Electronic Components consumption plan.,0.000,480.000,BG-2026-05,Generated PR item.,Converted to PO
3114,2964,42,12.000,No,2026-07-03,3200.00,High,Required for Electronic Components consumption plan.,0.000,240.000,BG-2026-06,Generated PR item.,Converted to PO
3115,2965,43,142.000,No,2026-07-04,85.00,High,Required for Electronic Components consumption plan.,0.000,480.000,BG-2026-07,Generated PR item.,Converted to PO
3116,2966,44,119.000,No,2026-07-03,220.00,High,Required for Electronic Components consumption plan.,0.000,480.000,BG-2026-08,Generated PR item.,Converted to PO
3117,2967,45,128.000,No,2026-06-28,350.00,Urgent,Required for Electronic Components consumption plan.,0.000,1280.000,BG-2026-09,Generated PR item.,Converted to PO
3118,2968,46,240.000,No,2026-07-10,750.00,High,Required for Electronic Components consumption plan.,0.000,240.000,BG-2026-10,Generated PR item.,Converted to PO
3119,2969,47,75.000,Set,2026-07-09,450.00,High,Required for Electronic Components consumption plan.,0.000,1280.000,BG-2026-11,Generated PR item.,Converted to PO
3120,2970,48,26.000,Set,2026-07-08,950.00,High,Required for Electronic Components consumption plan.,0.000,240.000,BG-2026-12,Generated PR item.,Converted to PO
3121,2971,49,147.000,No,2026-07-03,25.00,Urgent,Required for Electronic Components consumption plan.,0.000,800.000,BG-2026-01,Generated PR item.,Converted to PO
3122,2972,50,240.000,No,2026-07-08,40.00,High,Required for Electronic Components consumption plan.,0.000,480.000,BG-2026-02,Generated PR item.,Converted to PO
3123,2973,51,184.000,No,2026-07-14,110.00,High,Required for Electronic Components consumption plan.,0.000,240.000,BG-2026-03,Generated PR item.,Converted to PO
3124,2974,52,223.000,No,2026-07-08,2.00,High,Required for Electronic Components consumption plan.,0.000,4000.000,BG-2026-04,Generated PR item.,Converted to PO
3125,2975,53,111.000,No,2026-07-06,3.00,Urgent,Required for Electronic Components consumption plan.,0.000,2880.000,BG-2026-05,Generated PR item.,Converted to PO
3126,2976,54,74.000,No,2026-07-02,5.00,High,Required for Electronic Components consumption plan.,0.000,1920.000,BG-2026-06,Generated PR item.,Converted to PO
3127,2977,55,130.000,No,2026-07-07,8.00,High,Required for Insulation Materials consumption plan.,0.000,19200.000,BG-2026-07,Generated PR item.,Converted to PO
3128,2978,56,205.000,No,2026-07-04,10.00,High,Required for Insulation Materials consumption plan.,0.000,17280.000,BG-2026-08,Generated PR item.,Converted to PO
3129,2979,57,233.000,No,2026-07-09,12.00,Urgent,Required for Insulation Materials consumption plan.,0.000,11520.000,BG-2026-09,Generated PR item.,Converted to PO
3130,2980,58,173.000,No,2026-06-28,6.00,High,Required for Insulation Materials consumption plan.,0.000,48000.000,BG-2026-10,Generated PR item.,Converted to PO
3131,2981,59,178.000,No,2026-07-02,5.00,High,Required for Insulation Materials consumption plan.,0.000,48000.000,BG-2026-11,Generated PR item.,Converted to PO
3132,2982,60,266.000,m,2026-07-13,18.00,High,Required for Insulation Materials consumption plan.,0.000,400.000,BG-2026-12,Generated PR item.,Converted to PO
3133,2983,61,173.000,m,2026-07-05,25.00,Urgent,Required for Insulation Materials consumption plan.,0.000,384.000,BG-2026-01,Generated PR item.,Converted to PO
3134,2984,62,223.000,m,2026-07-07,45.00,High,Required for Insulation Materials consumption plan.,0.000,240.000,BG-2026-02,Generated PR item.,Converted to PO
3135,2985,63,259.000,No,2026-07-09,3.00,High,Required for Fasteners consumption plan.,0.000,6400.000,BG-2026-03,Generated PR item.,Converted to PO
3136,2986,64,412.000,No,2026-07-08,5.00,High,Required for Fasteners consumption plan.,0.000,4800.000,BG-2026-04,Generated PR item.,Converted to PO
3137,2987,65,287.000,No,2026-07-14,12.00,Urgent,Required for Fasteners consumption plan.,0.000,2880.000,BG-2026-05,Generated PR item.,Converted to PO
3138,2988,66,401.000,No,2026-07-05,1.50,High,Required for Fasteners consumption plan.,0.000,6400.000,BG-2026-06,Generated PR item.,Converted to PO
3139,2989,67,33.000,No,2026-07-14,2.50,High,Required for Fasteners consumption plan.,0.000,4800.000,BG-2026-07,Generated PR item.,Converted to PO
3140,2990,68,384.000,No,2026-07-05,6.00,High,Required for Fasteners consumption plan.,0.000,2880.000,BG-2026-08,Generated PR item.,Converted to PO
3141,2991,69,263.000,No,2026-07-08,0.80,Urgent,Required for Fasteners consumption plan.,0.000,6400.000,BG-2026-09,Generated PR item.,Converted to PO
3142,2992,70,500.000,No,2026-07-12,1.20,High,Required for Fasteners consumption plan.,0.000,4800.000,BG-2026-10,Generated PR item.,Converted to PO
3143,2993,71,246.000,No,2026-07-17,2.50,High,Required for Fasteners consumption plan.,0.000,2880.000,BG-2026-11,Generated PR item.,Converted to PO
3144,2994,72,250.000,No,2026-07-07,0.80,High,Required for Fasteners consumption plan.,0.000,6400.000,BG-2026-12,Generated PR item.,Converted to PO
3145,2995,73,81.000,No,2026-07-13,1.20,Urgent,Required for Fasteners consumption plan.,0.000,4800.000,BG-2026-01,Generated PR item.,Converted to PO
3146,2996,74,408.000,No,2026-07-04,2.50,High,Required for Fasteners consumption plan.,0.000,2880.000,BG-2026-02,Generated PR item.,Converted to PO
3147,2997,75,357.000,No,2026-07-04,4.00,High,Required for Fasteners consumption plan.,0.000,1600.000,BG-2026-03,Generated PR item.,Converted to PO
3148,2998,76,434.000,No,2026-07-16,7.00,High,Required for Fasteners consumption plan.,0.000,960.000,BG-2026-04,Generated PR item.,Converted to PO
3149,2999,77,64.000,No,2026-07-16,15.00,Urgent,Required for Fasteners consumption plan.,0.000,480.000,BG-2026-05,Generated PR item.,Converted to PO
3150,3000,78,121.000,No,2026-07-10,4.00,High,Required for Fasteners consumption plan.,0.000,3040.000,BG-2026-06,Generated PR item.,Converted to PO
3151,151,79,441.000,No,2024-04-07,4.00,High,Required for Fasteners consumption plan.,0.000,3040.000,BG-2024-07,Generated PR item.,Converted to PO
3152,152,80,8996.000,ml,2024-04-11,0.80,High,Required for Consumables consumption plan.,0.000,144000.000,BG-2024-08,Generated PR item.,Converted to PO
3153,153,81,15738.000,g,2024-04-07,1.20,Urgent,Required for Consumables consumption plan.,0.000,42000.000,BG-2024-09,Generated PR item.,Converted to PO
3154,154,82,43451.000,ml,2024-04-06,1.50,High,Required for Consumables consumption plan.,0.000,8000.000,BG-2024-10,Generated PR item.,Converted to PO
3155,155,83,28244.000,g,2024-04-18,0.60,High,Required for Consumables consumption plan.,0.000,24000.000,BG-2024-11,Generated PR item.,Converted to PO
3156,156,84,86390.000,ml,2024-04-06,0.25,High,Required for Consumables consumption plan.,0.000,156000.000,BG-2024-12,Generated PR item.,Converted to PO
3157,157,85,27005.000,g,2024-04-15,1.80,Urgent,Required for Consumables consumption plan.,0.000,9000.000,BG-2024-01,Generated PR item.,Converted to PO
3158,158,86,9384.000,g,2024-04-19,1.20,High,Required for Consumables consumption plan.,0.000,4000.000,BG-2024-02,Generated PR item.,Converted to PO
3159,159,87,18038.000,g,2024-04-19,0.80,High,Required for Consumables consumption plan.,0.000,12000.000,BG-2024-03,Generated PR item.,Converted to PO
3160,160,88,177.000,No,2024-04-14,45.00,High,Required for Packaging Materials consumption plan.,0.000,1520.000,BG-2024-04,Generated PR item.,Converted to PO
3161,161,89,242.000,No,2024-04-10,18.00,Urgent,Required for Packaging Materials consumption plan.,0.000,3040.000,BG-2024-05,Generated PR item.,Converted to PO
3162,162,90,6.000,Sheet,2024-04-23,10.00,High,Required for Packaging Materials consumption plan.,0.000,1760.000,BG-2024-06,Generated PR item.,Converted to PO
3163,163,91,245.000,No,2024-04-22,6.00,High,Required for Packaging Materials consumption plan.,0.000,1520.000,BG-2024-07,Generated PR item.,Converted to PO
3164,164,92,190.000,m,2024-04-18,1.20,High,Required for Packaging Materials consumption plan.,0.000,1600.000,BG-2024-08,Generated PR item.,Converted to PO
3165,165,93,36.000,No,2024-04-08,3.00,Urgent,Required for Packaging Materials consumption plan.,0.000,1760.000,BG-2024-09,Generated PR item.,Converted to PO
3166,166,94,156.000,No,2024-04-07,35.00,High,Required for Identification & Documentation consumption plan.,0.000,1520.000,BG-2024-10,Generated PR item.,Converted to PO
3167,167,95,197.000,No,2024-04-12,3.00,High,Required for Identification & Documentation consumption plan.,0.000,1520.000,BG-2024-11,Generated PR item.,Converted to PO
3168,168,96,36.000,No,2024-04-10,4.00,High,Required for Identification & Documentation consumption plan.,0.000,1520.000,BG-2024-12,Generated PR item.,Converted to PO
3169,169,97,15.000,No,2024-04-23,2.00,Urgent,Required for Identification & Documentation consumption plan.,0.000,1520.000,BG-2024-01,Generated PR item.,Converted to PO
3170,170,98,225.000,No,2024-04-11,8.00,High,Required for Identification & Documentation consumption plan.,0.000,1520.000,BG-2024-02,Generated PR item.,Converted to PO
3171,171,99,234.000,No,2024-04-13,4.00,High,Required for Identification & Documentation consumption plan.,0.000,1520.000,BG-2024-03,Generated PR item.,Converted to PO
3172,172,1,120.000,No,2024-04-25,1800.00,High,Required for Core Components consumption plan.,0.000,800.000,BG-2024-04,Generated PR item.,Converted to PO
3173,173,2,457.000,No,2024-04-23,2800.00,Urgent,Required for Core Components consumption plan.,0.000,480.000,BG-2024-05,Generated PR item.,Converted to PO
3174,174,3,460.000,No,2024-04-12,6200.00,High,Required for Core Components consumption plan.,0.000,240.000,BG-2024-06,Generated PR item.,Converted to PO
3175,175,4,499.000,No,2024-04-15,1200.00,High,Required for Core Components consumption plan.,0.000,800.000,BG-2024-07,Generated PR item.,Converted to PO
3176,176,5,147.000,No,2024-04-19,2200.00,High,Required for Core Components consumption plan.,0.000,480.000,BG-2024-08,Generated PR item.,Converted to PO
3177,177,6,311.000,No,2024-04-21,5000.00,Urgent,Required for Core Components consumption plan.,0.000,240.000,BG-2024-09,Generated PR item.,Converted to PO
3178,178,7,249.000,No,2024-04-26,180.00,High,Required for Magnetic Components consumption plan.,0.000,6400.000,BG-2024-10,Generated PR item.,Converted to PO
3179,179,8,227.000,No,2024-04-25,240.00,High,Required for Magnetic Components consumption plan.,0.000,4800.000,BG-2024-11,Generated PR item.,Converted to PO
3180,180,9,153.000,No,2024-04-27,360.00,High,Required for Magnetic Components consumption plan.,0.000,2880.000,BG-2024-12,Generated PR item.,Converted to PO
3181,181,10,53.000,No,2024-04-11,450.00,Urgent,Required for Mechanical Components consumption plan.,0.000,800.000,BG-2024-01,Generated PR item.,Converted to PO
3182,182,11,25.000,No,2024-04-15,750.00,High,Required for Mechanical Components consumption plan.,0.000,480.000,BG-2024-02,Generated PR item.,Converted to PO
3183,183,12,68.000,No,2024-04-21,1800.00,High,Required for Mechanical Components consumption plan.,0.000,240.000,BG-2024-03,Generated PR item.,Converted to PO
3184,184,13,21.000,No,2024-04-11,160.00,High,Required for Mechanical Components consumption plan.,0.000,800.000,BG-2024-04,Generated PR item.,Converted to PO
3185,185,14,53.000,No,2024-04-18,220.00,Urgent,Required for Mechanical Components consumption plan.,0.000,480.000,BG-2024-05,Generated PR item.,Converted to PO
3186,186,15,23.000,No,2024-04-14,420.00,High,Required for Mechanical Components consumption plan.,0.000,240.000,BG-2024-06,Generated PR item.,Converted to PO
3187,187,16,192.000,No,2024-04-28,1300.00,High,Required for Mechanical Components consumption plan.,0.000,800.000,BG-2024-07,Generated PR item.,Converted to PO
3188,188,17,150.000,No,2024-04-14,2400.00,High,Required for Mechanical Components consumption plan.,0.000,480.000,BG-2024-08,Generated PR item.,Converted to PO
3189,189,18,132.000,No,2024-04-16,5200.00,Urgent,Required for Mechanical Components consumption plan.,0.000,240.000,BG-2024-09,Generated PR item.,Converted to PO
3190,190,19,204.000,No,2024-04-17,450.00,High,Required for Mechanical Components consumption plan.,0.000,1520.000,BG-2024-10,Generated PR item.,Converted to PO
3191,191,20,106.000,No,2024-04-17,450.00,High,Required for Mechanical Components consumption plan.,0.000,1520.000,BG-2024-11,Generated PR item.,Converted to PO
3192,192,21,104.000,No,2024-04-25,60.00,High,Required for Mechanical Components consumption plan.,0.000,1280.000,BG-2024-12,Generated PR item.,Converted to PO
3193,193,22,55.000,No,2024-04-21,120.00,Urgent,Required for Mechanical Components consumption plan.,0.000,240.000,BG-2024-01,Generated PR item.,Converted to PO
3194,194,23,47.000,No,2024-05-02,120.00,High,Required for Bearings consumption plan.,0.000,1600.000,BG-2024-02,Generated PR item.,Converted to PO
3195,195,24,21.000,No,2024-04-20,220.00,High,Required for Bearings consumption plan.,0.000,960.000,BG-2024-03,Generated PR item.,Converted to PO
3196,196,25,61.000,No,2024-04-26,650.00,High,Required for Bearings consumption plan.,0.000,480.000,BG-2024-04,Generated PR item.,Converted to PO
3197,197,26,250.000,No,2024-04-29,15.00,Urgent,Required for Sealing Components consumption plan.,0.000,1520.000,BG-2024-05,Generated PR item.,Converted to PO
3198,198,27,136.000,No,2024-04-29,45.00,High,Required for Sealing Components consumption plan.,0.000,1280.000,BG-2024-06,Generated PR item.,Converted to PO
3199,199,28,78.000,No,2024-05-02,110.00,High,Required for Sealing Components consumption plan.,0.000,480.000,BG-2024-07,Generated PR item.,Converted to PO
3200,200,29,141.000,kg,2024-04-21,850.00,High,Required for Electrical Components consumption plan.,0.000,1440.000,BG-2024-08,Generated PR item.,Converted to PO
3201,201,30,166.000,kg,2024-04-28,880.00,Urgent,Required for Electrical Components consumption plan.,0.000,1536.000,BG-2024-09,Generated PR item.,Converted to PO
3202,202,31,100.000,kg,2024-05-04,920.00,High,Required for Electrical Components consumption plan.,0.000,1560.000,BG-2024-10,Generated PR item.,Converted to PO
3203,203,32,140.000,m,2024-05-05,35.00,High,Required for Electrical Components consumption plan.,0.000,2400.000,BG-2024-11,Generated PR item.,Converted to PO
3204,204,33,363.000,m,2024-05-01,60.00,High,Required for Electrical Components consumption plan.,0.000,1920.000,BG-2024-12,Generated PR item.,Converted to PO
3205,205,34,110.000,m,2024-05-02,150.00,Urgent,Required for Electrical Components consumption plan.,0.000,1200.000,BG-2024-01,Generated PR item.,Converted to PO
3206,206,35,250.000,No,2024-05-06,90.00,High,Required for Electrical Components consumption plan.,0.000,800.000,BG-2024-02,Generated PR item.,Converted to PO
3207,207,36,83.000,No,2024-05-02,180.00,High,Required for Electrical Components consumption plan.,0.000,480.000,BG-2024-03,Generated PR item.,Converted to PO
3208,208,37,91.000,No,2024-05-09,420.00,High,Required for Electrical Components consumption plan.,0.000,240.000,BG-2024-04,Generated PR item.,Converted to PO
3209,209,38,183.000,No,2024-04-24,12.00,Urgent,Required for Electrical Components consumption plan.,0.000,4560.000,BG-2024-05,Generated PR item.,Converted to PO
3210,210,39,8.000,No,2024-04-28,45.00,High,Required for Electronic Components consumption plan.,0.000,2400.000,BG-2024-06,Generated PR item.,Converted to PO
3211,211,40,54.000,No,2024-04-24,120.00,High,Required for Electronic Components consumption plan.,0.000,800.000,BG-2024-07,Generated PR item.,Converted to PO
3212,212,41,35.000,No,2024-04-24,1400.00,High,Required for Electronic Components consumption plan.,0.000,480.000,BG-2024-08,Generated PR item.,Converted to PO
3213,213,42,101.000,No,2024-05-01,3200.00,Urgent,Required for Electronic Components consumption plan.,0.000,240.000,BG-2024-09,Generated PR item.,Converted to PO
3214,214,43,141.000,No,2024-04-27,85.00,High,Required for Electronic Components consumption plan.,0.000,480.000,BG-2024-10,Generated PR item.,Converted to PO
3215,215,44,49.000,No,2024-04-30,220.00,High,Required for Electronic Components consumption plan.,0.000,480.000,BG-2024-11,Generated PR item.,Converted to PO
3216,216,45,89.000,No,2024-04-30,350.00,High,Required for Electronic Components consumption plan.,0.000,1280.000,BG-2024-12,Generated PR item.,Converted to PO
3217,217,46,194.000,No,2024-05-04,750.00,Urgent,Required for Electronic Components consumption plan.,0.000,240.000,BG-2024-01,Generated PR item.,Converted to PO
3218,218,47,76.000,Set,2024-05-11,450.00,High,Required for Electronic Components consumption plan.,0.000,1280.000,BG-2024-02,Generated PR item.,Converted to PO
3219,219,48,6.000,Set,2024-05-09,950.00,High,Required for Electronic Components consumption plan.,0.000,240.000,BG-2024-03,Generated PR item.,Converted to PO
3220,220,49,159.000,No,2024-04-30,25.00,High,Required for Electronic Components consumption plan.,0.000,800.000,BG-2024-04,Generated PR item.,Converted to PO
3221,221,50,11.000,No,2024-04-29,40.00,Urgent,Required for Electronic Components consumption plan.,0.000,480.000,BG-2024-05,Generated PR item.,Converted to PO
3222,222,51,133.000,No,2024-05-08,110.00,High,Required for Electronic Components consumption plan.,0.000,240.000,BG-2024-06,Generated PR item.,Converted to PO
3223,223,52,221.000,No,2024-04-27,2.00,High,Required for Electronic Components consumption plan.,0.000,4000.000,BG-2024-07,Generated PR item.,Converted to PO
3224,224,53,201.000,No,2024-05-04,3.00,High,Required for Electronic Components consumption plan.,0.000,2880.000,BG-2024-08,Generated PR item.,Converted to PO
3225,225,54,62.000,No,2024-05-02,5.00,Urgent,Required for Electronic Components consumption plan.,0.000,1920.000,BG-2024-09,Generated PR item.,Converted to PO
3226,226,55,68.000,No,2024-04-29,8.00,High,Required for Insulation Materials consumption plan.,0.000,19200.000,BG-2024-10,Generated PR item.,Converted to PO
3227,227,56,197.000,No,2024-05-08,10.00,High,Required for Insulation Materials consumption plan.,0.000,17280.000,BG-2024-11,Generated PR item.,Converted to PO
3228,228,57,206.000,No,2024-05-03,12.00,High,Required for Insulation Materials consumption plan.,0.000,11520.000,BG-2024-12,Generated PR item.,Converted to PO
3229,229,58,74.000,No,2024-05-01,6.00,Urgent,Required for Insulation Materials consumption plan.,0.000,48000.000,BG-2024-01,Generated PR item.,Converted to PO
3230,230,59,5.000,No,2024-05-09,5.00,High,Required for Insulation Materials consumption plan.,0.000,48000.000,BG-2024-02,Generated PR item.,Converted to PO
3231,231,60,233.000,m,2024-05-01,18.00,High,Required for Insulation Materials consumption plan.,0.000,400.000,BG-2024-03,Generated PR item.,Converted to PO
3232,232,61,318.000,m,2024-05-10,25.00,High,Required for Insulation Materials consumption plan.,0.000,384.000,BG-2024-04,Generated PR item.,Converted to PO
3233,233,62,233.000,m,2024-05-01,45.00,Urgent,Required for Insulation Materials consumption plan.,0.000,240.000,BG-2024-05,Generated PR item.,Converted to PO
3234,234,63,469.000,No,2024-05-06,3.00,High,Required for Fasteners consumption plan.,0.000,6400.000,BG-2024-06,Generated PR item.,Converted to PO
3235,235,64,411.000,No,2024-05-13,5.00,High,Required for Fasteners consumption plan.,0.000,4800.000,BG-2024-07,Generated PR item.,Converted to PO
3236,236,65,398.000,No,2024-05-04,12.00,High,Required for Fasteners consumption plan.,0.000,2880.000,BG-2024-08,Generated PR item.,Converted to PO
3237,237,66,29.000,No,2024-05-13,1.50,Urgent,Required for Fasteners consumption plan.,0.000,6400.000,BG-2024-09,Generated PR item.,Converted to PO
3238,238,67,430.000,No,2024-05-12,2.50,High,Required for Fasteners consumption plan.,0.000,4800.000,BG-2024-10,Generated PR item.,Converted to PO
3239,239,68,383.000,No,2024-05-16,6.00,High,Required for Fasteners consumption plan.,0.000,2880.000,BG-2024-11,Generated PR item.,Converted to PO
3240,240,69,210.000,No,2024-05-05,0.80,High,Required for Fasteners consumption plan.,0.000,6400.000,BG-2024-12,Generated PR item.,Converted to PO
3241,241,70,303.000,No,2024-05-14,1.20,Urgent,Required for Fasteners consumption plan.,0.000,4800.000,BG-2024-01,Generated PR item.,Converted to PO
3242,242,71,416.000,No,2024-05-18,2.50,High,Required for Fasteners consumption plan.,0.000,2880.000,BG-2024-02,Generated PR item.,Converted to PO
3243,243,72,455.000,No,2024-05-15,0.80,High,Required for Fasteners consumption plan.,0.000,6400.000,BG-2024-03,Generated PR item.,Converted to PO
3244,244,73,284.000,No,2024-05-06,1.20,High,Required for Fasteners consumption plan.,0.000,4800.000,BG-2024-04,Generated PR item.,Converted to PO
3245,245,74,39.000,No,2024-05-17,2.50,Urgent,Required for Fasteners consumption plan.,0.000,2880.000,BG-2024-05,Generated PR item.,Converted to PO
3246,246,75,317.000,No,2024-05-04,4.00,High,Required for Fasteners consumption plan.,0.000,1600.000,BG-2024-06,Generated PR item.,Converted to PO
3247,247,76,347.000,No,2024-05-13,7.00,High,Required for Fasteners consumption plan.,0.000,960.000,BG-2024-07,Generated PR item.,Converted to PO
3248,248,77,48.000,No,2024-05-12,15.00,High,Required for Fasteners consumption plan.,0.000,480.000,BG-2024-08,Generated PR item.,Converted to PO
3249,249,78,413.000,No,2024-05-13,4.00,Urgent,Required for Fasteners consumption plan.,0.000,3040.000,BG-2024-09,Generated PR item.,Converted to PO
3250,250,79,116.000,No,2024-05-13,4.00,High,Required for Fasteners consumption plan.,0.000,3040.000,BG-2024-10,Generated PR item.,Converted to PO
3251,251,80,89594.000,ml,2024-05-04,0.80,High,Required for Consumables consumption plan.,0.000,144000.000,BG-2024-11,Generated PR item.,Converted to PO
3252,252,81,16978.000,g,2024-05-14,1.20,High,Required for Consumables consumption plan.,0.000,42000.000,BG-2024-12,Generated PR item.,Converted to PO
3253,253,82,35602.000,ml,2024-05-22,1.50,Urgent,Required for Consumables consumption plan.,0.000,8000.000,BG-2024-01,Generated PR item.,Converted to PO
3254,254,83,2705.000,g,2024-05-13,0.60,High,Required for Consumables consumption plan.,0.000,24000.000,BG-2024-02,Generated PR item.,Converted to PO
3255,255,84,6697.000,ml,2024-05-11,0.25,High,Required for Consumables consumption plan.,0.000,156000.000,BG-2024-03,Generated PR item.,Converted to PO
3256,256,85,22502.000,g,2024-05-24,1.80,High,Required for Consumables consumption plan.,0.000,9000.000,BG-2024-04,Generated PR item.,Converted to PO
3257,257,86,11938.000,g,2024-05-08,1.20,Urgent,Required for Consumables consumption plan.,0.000,4000.000,BG-2024-05,Generated PR item.,Converted to PO
3258,258,87,25362.000,g,2024-05-15,0.80,High,Required for Consumables consumption plan.,0.000,12000.000,BG-2024-06,Generated PR item.,Converted to PO
3259,259,88,61.000,No,2024-05-16,45.00,High,Required for Packaging Materials consumption plan.,0.000,1520.000,BG-2024-07,Generated PR item.,Converted to PO
3260,260,89,231.000,No,2024-05-15,18.00,High,Required for Packaging Materials consumption plan.,0.000,3040.000,BG-2024-08,Generated PR item.,Converted to PO
3261,261,90,236.000,Sheet,2024-05-24,10.00,Urgent,Required for Packaging Materials consumption plan.,0.000,1760.000,BG-2024-09,Generated PR item.,Converted to PO
3262,262,91,30.000,No,2024-05-15,6.00,High,Required for Packaging Materials consumption plan.,0.000,1520.000,BG-2024-10,Generated PR item.,Converted to PO
3263,263,92,331.000,m,2024-05-25,1.20,High,Required for Packaging Materials consumption plan.,0.000,1600.000,BG-2024-11,Generated PR item.,Converted to PO
3264,264,93,236.000,No,2024-05-10,3.00,High,Required for Packaging Materials consumption plan.,0.000,1760.000,BG-2024-12,Generated PR item.,Converted to PO
3265,265,94,84.000,No,2024-05-22,35.00,Urgent,Required for Identification & Documentation consumption plan.,0.000,1520.000,BG-2024-01,Generated PR item.,Converted to PO
3266,266,95,21.000,No,2024-05-19,3.00,High,Required for Identification & Documentation consumption plan.,0.000,1520.000,BG-2024-02,Generated PR item.,Converted to PO
3267,267,96,220.000,No,2024-05-13,4.00,High,Required for Identification & Documentation consumption plan.,0.000,1520.000,BG-2024-03,Generated PR item.,Converted to PO
3268,268,97,121.000,No,2024-05-14,2.00,High,Required for Identification & Documentation consumption plan.,0.000,1520.000,BG-2024-04,Generated PR item.,Converted to PO
3269,269,98,11.000,No,2024-05-22,8.00,Urgent,Required for Identification & Documentation consumption plan.,0.000,1520.000,BG-2024-05,Generated PR item.,Converted to PO
3270,270,99,211.000,No,2024-05-21,4.00,High,Required for Identification & Documentation consumption plan.,0.000,1520.000,BG-2024-06,Generated PR item.,Converted to PO
3271,271,1,356.000,No,2024-05-21,1800.00,High,Required for Core Components consumption plan.,0.000,800.000,BG-2024-07,Generated PR item.,Converted to PO
3272,272,2,81.000,No,2024-05-10,2800.00,High,Required for Core Components consumption plan.,0.000,480.000,BG-2024-08,Generated PR item.,Converted to PO
3273,273,3,166.000,No,2024-05-20,6200.00,Urgent,Required for Core Components consumption plan.,0.000,240.000,BG-2024-09,Generated PR item.,Converted to PO
3274,274,4,58.000,No,2024-05-27,1200.00,High,Required for Core Components consumption plan.,0.000,800.000,BG-2024-10,Generated PR item.,Converted to PO
3275,275,5,480.000,No,2024-05-11,2200.00,High,Required for Core Components consumption plan.,0.000,480.000,BG-2024-11,Generated PR item.,Converted to PO
3276,276,6,61.000,No,2024-05-19,5000.00,High,Required for Core Components consumption plan.,0.000,240.000,BG-2024-12,Generated PR item.,Converted to PO
3277,277,7,200.000,No,2024-05-20,180.00,Urgent,Required for Magnetic Components consumption plan.,0.000,6400.000,BG-2024-01,Generated PR item.,Converted to PO
3278,278,8,130.000,No,2024-05-28,240.00,High,Required for Magnetic Components consumption plan.,0.000,4800.000,BG-2024-02,Generated PR item.,Converted to PO
3279,279,9,148.000,No,2024-05-18,360.00,High,Required for Magnetic Components consumption plan.,0.000,2880.000,BG-2024-03,Generated PR item.,Converted to PO
3280,280,10,204.000,No,2024-05-21,450.00,High,Required for Mechanical Components consumption plan.,0.000,800.000,BG-2024-04,Generated PR item.,Converted to PO
3281,281,11,225.000,No,2024-05-26,750.00,Urgent,Required for Mechanical Components consumption plan.,0.000,480.000,BG-2024-05,Generated PR item.,Converted to PO
3282,282,12,36.000,No,2024-05-15,1800.00,High,Required for Mechanical Components consumption plan.,0.000,240.000,BG-2024-06,Generated PR item.,Converted to PO
3283,283,13,9.000,No,2024-05-28,160.00,High,Required for Mechanical Components consumption plan.,0.000,800.000,BG-2024-07,Generated PR item.,Converted to PO
3284,284,14,35.000,No,2024-05-28,220.00,High,Required for Mechanical Components consumption plan.,0.000,480.000,BG-2024-08,Generated PR item.,Converted to PO
3285,285,15,172.000,No,2024-05-27,420.00,Urgent,Required for Mechanical Components consumption plan.,0.000,240.000,BG-2024-09,Generated PR item.,Converted to PO
3286,286,16,144.000,No,2024-05-26,1300.00,High,Required for Mechanical Components consumption plan.,0.000,800.000,BG-2024-10,Generated PR item.,Converted to PO
3287,287,17,25.000,No,2024-05-28,2400.00,High,Required for Mechanical Components consumption plan.,0.000,480.000,BG-2024-11,Generated PR item.,Converted to PO
3288,288,18,62.000,No,2024-05-29,5200.00,High,Required for Mechanical Components consumption plan.,0.000,240.000,BG-2024-12,Generated PR item.,Converted to PO
3289,289,19,137.000,No,2024-05-31,450.00,Urgent,Required for Mechanical Components consumption plan.,0.000,1520.000,BG-2024-01,Generated PR item.,Converted to PO
3290,290,20,184.000,No,2024-05-23,450.00,High,Required for Mechanical Components consumption plan.,0.000,1520.000,BG-2024-02,Generated PR item.,Converted to PO
3291,291,21,89.000,No,2024-05-24,60.00,High,Required for Mechanical Components consumption plan.,0.000,1280.000,BG-2024-03,Generated PR item.,Converted to PO
3292,292,22,238.000,No,2024-05-27,120.00,High,Required for Mechanical Components consumption plan.,0.000,240.000,BG-2024-04,Generated PR item.,Converted to PO
3293,293,23,100.000,No,2024-05-19,120.00,Urgent,Required for Bearings consumption plan.,0.000,1600.000,BG-2024-05,Generated PR item.,Converted to PO
3294,294,24,78.000,No,2024-05-31,220.00,High,Required for Bearings consumption plan.,0.000,960.000,BG-2024-06,Generated PR item.,Converted to PO
3295,295,25,48.000,No,2024-05-30,650.00,High,Required for Bearings consumption plan.,0.000,480.000,BG-2024-07,Generated PR item.,Converted to PO
3296,296,26,220.000,No,2024-05-28,15.00,High,Required for Sealing Components consumption plan.,0.000,1520.000,BG-2024-08,Generated PR item.,Converted to PO
3297,297,27,184.000,No,2024-05-22,45.00,Urgent,Required for Sealing Components consumption plan.,0.000,1280.000,BG-2024-09,Generated PR item.,Converted to PO
3298,298,28,132.000,No,2024-05-23,110.00,High,Required for Sealing Components consumption plan.,0.000,480.000,BG-2024-10,Generated PR item.,Converted to PO
3299,299,29,94.000,kg,2024-05-25,850.00,High,Required for Electrical Components consumption plan.,0.000,1440.000,BG-2024-11,Generated PR item.,Converted to PO
3300,300,30,168.000,kg,2024-05-29,880.00,High,Required for Electrical Components consumption plan.,0.000,1536.000,BG-2024-12,Generated PR item.,Converted to PO
3301,301,31,116.000,kg,2024-06-02,920.00,Urgent,Required for Electrical Components consumption plan.,0.000,1560.000,BG-2024-01,Generated PR item.,Converted to PO
3302,302,32,107.000,m,2024-05-31,35.00,High,Required for Electrical Components consumption plan.,0.000,2400.000,BG-2024-02,Generated PR item.,Converted to PO
3303,303,33,500.000,m,2024-06-04,60.00,High,Required for Electrical Components consumption plan.,0.000,1920.000,BG-2024-03,Generated PR item.,Converted to PO
3304,304,34,52.000,m,2024-06-05,150.00,High,Required for Electrical Components consumption plan.,0.000,1200.000,BG-2024-04,Generated PR item.,Converted to PO
3305,305,35,175.000,No,2024-05-31,90.00,Urgent,Required for Electrical Components consumption plan.,0.000,800.000,BG-2024-05,Generated PR item.,Converted to PO
3306,306,36,166.000,No,2024-05-26,180.00,High,Required for Electrical Components consumption plan.,0.000,480.000,BG-2024-06,Generated PR item.,Converted to PO
3307,307,37,149.000,No,2024-05-30,420.00,High,Required for Electrical Components consumption plan.,0.000,240.000,BG-2024-07,Generated PR item.,Converted to PO
3308,308,38,17.000,No,2024-05-28,12.00,High,Required for Electrical Components consumption plan.,0.000,4560.000,BG-2024-08,Generated PR item.,Converted to PO
3309,309,39,126.000,No,2024-06-01,45.00,Urgent,Required for Electronic Components consumption plan.,0.000,2400.000,BG-2024-09,Generated PR item.,Converted to PO
3310,310,40,224.000,No,2024-06-04,120.00,High,Required for Electronic Components consumption plan.,0.000,800.000,BG-2024-10,Generated PR item.,Converted to PO
3311,311,41,63.000,No,2024-05-27,1400.00,High,Required for Electronic Components consumption plan.,0.000,480.000,BG-2024-11,Generated PR item.,Converted to PO
3312,312,42,175.000,No,2024-05-31,3200.00,High,Required for Electronic Components consumption plan.,0.000,240.000,BG-2024-12,Generated PR item.,Converted to PO
3313,313,43,216.000,No,2024-05-23,85.00,Urgent,Required for Electronic Components consumption plan.,0.000,480.000,BG-2024-01,Generated PR item.,Converted to PO
3314,314,44,239.000,No,2024-06-05,220.00,High,Required for Electronic Components consumption plan.,0.000,480.000,BG-2024-02,Generated PR item.,Converted to PO
3315,315,45,131.000,No,2024-05-31,350.00,High,Required for Electronic Components consumption plan.,0.000,1280.000,BG-2024-03,Generated PR item.,Converted to PO
3316,316,46,82.000,No,2024-05-31,750.00,High,Required for Electronic Components consumption plan.,0.000,240.000,BG-2024-04,Generated PR item.,Converted to PO
3317,317,47,58.000,Set,2024-06-01,450.00,Urgent,Required for Electronic Components consumption plan.,0.000,1280.000,BG-2024-05,Generated PR item.,Converted to PO
3318,318,48,41.000,Set,2024-05-27,950.00,High,Required for Electronic Components consumption plan.,0.000,240.000,BG-2024-06,Generated PR item.,Converted to PO
3319,319,49,159.000,No,2024-06-03,25.00,High,Required for Electronic Components consumption plan.,0.000,800.000,BG-2024-07,Generated PR item.,Converted to PO
3320,320,50,187.000,No,2024-06-06,40.00,High,Required for Electronic Components consumption plan.,0.000,480.000,BG-2024-08,Generated PR item.,Converted to PO
3321,321,51,179.000,No,2024-05-31,110.00,Urgent,Required for Electronic Components consumption plan.,0.000,240.000,BG-2024-09,Generated PR item.,Converted to PO
3322,322,52,64.000,No,2024-05-27,2.00,High,Required for Electronic Components consumption plan.,0.000,4000.000,BG-2024-10,Generated PR item.,Converted to PO
3323,323,53,190.000,No,2024-05-31,3.00,High,Required for Electronic Components consumption plan.,0.000,2880.000,BG-2024-11,Generated PR item.,Converted to PO
3324,324,54,138.000,No,2024-05-29,5.00,High,Required for Electronic Components consumption plan.,0.000,1920.000,BG-2024-12,Generated PR item.,Converted to PO
3325,325,55,233.000,No,2024-06-01,8.00,Urgent,Required for Insulation Materials consumption plan.,0.000,19200.000,BG-2024-01,Generated PR item.,Converted to PO
3326,326,56,167.000,No,2024-06-07,10.00,High,Required for Insulation Materials consumption plan.,0.000,17280.000,BG-2024-02,Generated PR item.,Converted to PO
3327,327,57,224.000,No,2024-05-29,12.00,High,Required for Insulation Materials consumption plan.,0.000,11520.000,BG-2024-03,Generated PR item.,Converted to PO
3328,328,58,245.000,No,2024-06-09,6.00,High,Required for Insulation Materials consumption plan.,0.000,48000.000,BG-2024-04,Generated PR item.,Converted to PO
3329,329,59,249.000,No,2024-06-01,5.00,Urgent,Required for Insulation Materials consumption plan.,0.000,48000.000,BG-2024-05,Generated PR item.,Converted to PO
3330,330,60,378.000,m,2024-06-13,18.00,High,Required for Insulation Materials consumption plan.,0.000,400.000,BG-2024-06,Generated PR item.,Converted to PO
3331,331,61,307.000,m,2024-06-10,25.00,High,Required for Insulation Materials consumption plan.,0.000,384.000,BG-2024-07,Generated PR item.,Converted to PO
3332,332,62,76.000,m,2024-06-01,45.00,High,Required for Insulation Materials consumption plan.,0.000,240.000,BG-2024-08,Generated PR item.,Converted to PO
3333,333,63,205.000,No,2024-06-08,3.00,Urgent,Required for Fasteners consumption plan.,0.000,6400.000,BG-2024-09,Generated PR item.,Converted to PO
3334,334,64,248.000,No,2024-05-30,5.00,High,Required for Fasteners consumption plan.,0.000,4800.000,BG-2024-10,Generated PR item.,Converted to PO
3335,335,65,395.000,No,2024-05-30,12.00,High,Required for Fasteners consumption plan.,0.000,2880.000,BG-2024-11,Generated PR item.,Converted to PO
3336,336,66,303.000,No,2024-06-15,1.50,High,Required for Fasteners consumption plan.,0.000,6400.000,BG-2024-12,Generated PR item.,Converted to PO
3337,337,67,231.000,No,2024-06-12,2.50,Urgent,Required for Fasteners consumption plan.,0.000,4800.000,BG-2024-01,Generated PR item.,Converted to PO
3338,338,68,90.000,No,2024-06-01,6.00,High,Required for Fasteners consumption plan.,0.000,2880.000,BG-2024-02,Generated PR item.,Converted to PO
3339,339,69,364.000,No,2024-06-04,0.80,High,Required for Fasteners consumption plan.,0.000,6400.000,BG-2024-03,Generated PR item.,Converted to PO
3340,340,70,227.000,No,2024-06-03,1.20,High,Required for Fasteners consumption plan.,0.000,4800.000,BG-2024-04,Generated PR item.,Converted to PO
3341,341,71,37.000,No,2024-06-07,2.50,Urgent,Required for Fasteners consumption plan.,0.000,2880.000,BG-2024-05,Generated PR item.,Converted to PO
3342,342,72,156.000,No,2024-06-05,0.80,High,Required for Fasteners consumption plan.,0.000,6400.000,BG-2024-06,Generated PR item.,Converted to PO
3343,343,73,443.000,No,2024-06-06,1.20,High,Required for Fasteners consumption plan.,0.000,4800.000,BG-2024-07,Generated PR item.,Converted to PO
3344,344,74,77.000,No,2024-06-11,2.50,High,Required for Fasteners consumption plan.,0.000,2880.000,BG-2024-08,Generated PR item.,Converted to PO
3345,345,75,215.000,No,2024-06-05,4.00,Urgent,Required for Fasteners consumption plan.,0.000,1600.000,BG-2024-09,Generated PR item.,Converted to PO
3346,346,76,266.000,No,2024-06-17,7.00,High,Required for Fasteners consumption plan.,0.000,960.000,BG-2024-10,Generated PR item.,Converted to PO
3347,347,77,60.000,No,2024-06-15,15.00,High,Required for Fasteners consumption plan.,0.000,480.000,BG-2024-11,Generated PR item.,Converted to PO
3348,348,78,99.000,No,2024-06-16,4.00,High,Required for Fasteners consumption plan.,0.000,3040.000,BG-2024-12,Generated PR item.,Converted to PO
3349,349,79,472.000,No,2024-06-06,4.00,Urgent,Required for Fasteners consumption plan.,0.000,3040.000,BG-2024-01,Generated PR item.,Converted to PO
3350,350,80,61101.000,ml,2024-06-16,0.80,High,Required for Consumables consumption plan.,0.000,144000.000,BG-2024-02,Generated PR item.,Converted to PO
3351,351,81,7100.000,g,2024-06-20,1.20,High,Required for Consumables consumption plan.,0.000,42000.000,BG-2024-03,Generated PR item.,Converted to PO
3352,352,82,21121.000,ml,2024-06-08,1.50,High,Required for Consumables consumption plan.,0.000,8000.000,BG-2024-04,Generated PR item.,Converted to PO
3353,353,83,13346.000,g,2024-06-19,0.60,Urgent,Required for Consumables consumption plan.,0.000,24000.000,BG-2024-05,Generated PR item.,Converted to PO
3354,354,84,73742.000,ml,2024-06-12,0.25,High,Required for Consumables consumption plan.,0.000,156000.000,BG-2024-06,Generated PR item.,Converted to PO
3355,355,85,22182.000,g,2024-06-20,1.80,High,Required for Consumables consumption plan.,0.000,9000.000,BG-2024-07,Generated PR item.,Converted to PO
3356,356,86,6662.000,g,2024-06-15,1.20,High,Required for Consumables consumption plan.,0.000,4000.000,BG-2024-08,Generated PR item.,Converted to PO
3357,357,87,22043.000,g,2024-06-22,0.80,Urgent,Required for Consumables consumption plan.,0.000,12000.000,BG-2024-09,Generated PR item.,Converted to PO
3358,358,88,225.000,No,2024-06-10,45.00,High,Required for Packaging Materials consumption plan.,0.000,1520.000,BG-2024-10,Generated PR item.,Converted to PO
3359,359,89,60.000,No,2024-06-15,18.00,High,Required for Packaging Materials consumption plan.,0.000,3040.000,BG-2024-11,Generated PR item.,Converted to PO
3360,360,90,11.000,Sheet,2024-06-12,10.00,High,Required for Packaging Materials consumption plan.,0.000,1760.000,BG-2024-12,Generated PR item.,Converted to PO
3361,361,91,240.000,No,2024-06-13,6.00,Urgent,Required for Packaging Materials consumption plan.,0.000,1520.000,BG-2024-01,Generated PR item.,Converted to PO
3362,362,92,271.000,m,2024-06-14,1.20,High,Required for Packaging Materials consumption plan.,0.000,1600.000,BG-2024-02,Generated PR item.,Converted to PO
3363,363,93,196.000,No,2024-06-16,3.00,High,Required for Packaging Materials consumption plan.,0.000,1760.000,BG-2024-03,Generated PR item.,Converted to PO
3364,364,94,83.000,No,2024-06-12,35.00,High,Required for Identification & Documentation consumption plan.,0.000,1520.000,BG-2024-04,Generated PR item.,Converted to PO
3365,365,95,78.000,No,2024-06-23,3.00,Urgent,Required for Identification & Documentation consumption plan.,0.000,1520.000,BG-2024-05,Generated PR item.,Converted to PO
3366,366,96,60.000,No,2024-06-20,4.00,High,Required for Identification & Documentation consumption plan.,0.000,1520.000,BG-2024-06,Generated PR item.,Converted to PO
3367,367,97,58.000,No,2024-06-26,2.00,High,Required for Identification & Documentation consumption plan.,0.000,1520.000,BG-2024-07,Generated PR item.,Converted to PO
3368,368,98,121.000,No,2024-06-24,8.00,High,Required for Identification & Documentation consumption plan.,0.000,1520.000,BG-2024-08,Generated PR item.,Converted to PO
3369,369,99,31.000,No,2024-06-14,4.00,Urgent,Required for Identification & Documentation consumption plan.,0.000,1520.000,BG-2024-09,Generated PR item.,Converted to PO
3370,370,1,429.000,No,2024-06-13,1800.00,High,Required for Core Components consumption plan.,0.000,800.000,BG-2024-10,Generated PR item.,Converted to PO
3371,371,2,280.000,No,2024-06-19,2800.00,High,Required for Core Components consumption plan.,0.000,480.000,BG-2024-11,Generated PR item.,Converted to PO
3372,372,3,462.000,No,2024-06-20,6200.00,High,Required for Core Components consumption plan.,0.000,240.000,BG-2024-12,Generated PR item.,Converted to PO
3373,373,4,276.000,No,2024-06-17,1200.00,Urgent,Required for Core Components consumption plan.,0.000,800.000,BG-2024-01,Generated PR item.,Converted to PO
3374,374,5,186.000,No,2024-06-27,2200.00,High,Required for Core Components consumption plan.,0.000,480.000,BG-2024-02,Generated PR item.,Converted to PO
3375,375,6,282.000,No,2024-06-23,5000.00,High,Required for Core Components consumption plan.,0.000,240.000,BG-2024-03,Generated PR item.,Converted to PO
3376,376,7,42.000,No,2024-06-26,180.00,High,Required for Magnetic Components consumption plan.,0.000,6400.000,BG-2024-04,Generated PR item.,Converted to PO
3377,377,8,207.000,No,2024-06-15,240.00,Urgent,Required for Magnetic Components consumption plan.,0.000,4800.000,BG-2024-05,Generated PR item.,Converted to PO
3378,378,9,182.000,No,2024-06-28,360.00,High,Required for Magnetic Components consumption plan.,0.000,2880.000,BG-2024-06,Generated PR item.,Converted to PO
3379,379,10,41.000,No,2024-06-18,450.00,High,Required for Mechanical Components consumption plan.,0.000,800.000,BG-2024-07,Generated PR item.,Converted to PO
3380,380,11,148.000,No,2024-06-23,750.00,High,Required for Mechanical Components consumption plan.,0.000,480.000,BG-2024-08,Generated PR item.,Converted to PO
3381,381,12,137.000,No,2024-06-22,1800.00,Urgent,Required for Mechanical Components consumption plan.,0.000,240.000,BG-2024-09,Generated PR item.,Converted to PO
3382,382,13,54.000,No,2024-06-30,160.00,High,Required for Mechanical Components consumption plan.,0.000,800.000,BG-2024-10,Generated PR item.,Converted to PO
3383,383,14,35.000,No,2024-06-20,220.00,High,Required for Mechanical Components consumption plan.,0.000,480.000,BG-2024-11,Generated PR item.,Converted to PO
3384,384,15,192.000,No,2024-06-20,420.00,High,Required for Mechanical Components consumption plan.,0.000,240.000,BG-2024-12,Generated PR item.,Converted to PO
3385,385,16,69.000,No,2024-06-22,1300.00,Urgent,Required for Mechanical Components consumption plan.,0.000,800.000,BG-2024-01,Generated PR item.,Converted to PO
3386,386,17,132.000,No,2024-06-22,2400.00,High,Required for Mechanical Components consumption plan.,0.000,480.000,BG-2024-02,Generated PR item.,Converted to PO
3387,387,18,65.000,No,2024-06-20,5200.00,High,Required for Mechanical Components consumption plan.,0.000,240.000,BG-2024-03,Generated PR item.,Converted to PO
3388,388,19,165.000,No,2024-06-20,450.00,High,Required for Mechanical Components consumption plan.,0.000,1520.000,BG-2024-04,Generated PR item.,Converted to PO
3389,389,20,17.000,No,2024-06-21,450.00,Urgent,Required for Mechanical Components consumption plan.,0.000,1520.000,BG-2024-05,Generated PR item.,Converted to PO
3390,390,21,93.000,No,2024-06-25,60.00,High,Required for Mechanical Components consumption plan.,0.000,1280.000,BG-2024-06,Generated PR item.,Converted to PO
3391,391,22,139.000,No,2024-06-23,120.00,High,Required for Mechanical Components consumption plan.,0.000,240.000,BG-2024-07,Generated PR item.,Converted to PO
3392,392,23,47.000,No,2024-06-24,120.00,High,Required for Bearings consumption plan.,0.000,1600.000,BG-2024-08,Generated PR item.,Converted to PO
3393,393,24,63.000,No,2024-06-29,220.00,Urgent,Required for Bearings consumption plan.,0.000,960.000,BG-2024-09,Generated PR item.,Converted to PO
3394,394,25,22.000,No,2024-06-22,650.00,High,Required for Bearings consumption plan.,0.000,480.000,BG-2024-10,Generated PR item.,Converted to PO
3395,395,26,113.000,No,2024-07-04,15.00,High,Required for Sealing Components consumption plan.,0.000,1520.000,BG-2024-11,Generated PR item.,Converted to PO
3396,396,27,191.000,No,2024-07-01,45.00,High,Required for Sealing Components consumption plan.,0.000,1280.000,BG-2024-12,Generated PR item.,Converted to PO
3397,397,28,87.000,No,2024-06-22,110.00,Urgent,Required for Sealing Components consumption plan.,0.000,480.000,BG-2024-01,Generated PR item.,Converted to PO
3398,398,29,39.000,kg,2024-06-24,850.00,High,Required for Electrical Components consumption plan.,0.000,1440.000,BG-2024-02,Generated PR item.,Converted to PO
3399,399,30,171.000,kg,2024-06-22,880.00,High,Required for Electrical Components consumption plan.,0.000,1536.000,BG-2024-03,Generated PR item.,Converted to PO
3400,400,31,158.000,kg,2024-06-24,920.00,High,Required for Electrical Components consumption plan.,0.000,1560.000,BG-2024-04,Generated PR item.,Converted to PO
3401,401,32,347.000,m,2024-06-26,35.00,Urgent,Required for Electrical Components consumption plan.,0.000,2400.000,BG-2024-05,Generated PR item.,Converted to PO
3402,402,33,403.000,m,2024-06-22,60.00,High,Required for Electrical Components consumption plan.,0.000,1920.000,BG-2024-06,Generated PR item.,Converted to PO
3403,403,34,394.000,m,2024-06-20,150.00,High,Required for Electrical Components consumption plan.,0.000,1200.000,BG-2024-07,Generated PR item.,Converted to PO
3404,404,35,188.000,No,2024-06-27,90.00,High,Required for Electrical Components consumption plan.,0.000,800.000,BG-2024-08,Generated PR item.,Converted to PO
3405,405,36,130.000,No,2024-07-02,180.00,Urgent,Required for Electrical Components consumption plan.,0.000,480.000,BG-2024-09,Generated PR item.,Converted to PO
3406,406,37,9.000,No,2024-06-26,420.00,High,Required for Electrical Components consumption plan.,0.000,240.000,BG-2024-10,Generated PR item.,Converted to PO
3407,407,38,151.000,No,2024-07-06,12.00,High,Required for Electrical Components consumption plan.,0.000,4560.000,BG-2024-11,Generated PR item.,Converted to PO
3408,408,39,72.000,No,2024-06-27,45.00,High,Required for Electronic Components consumption plan.,0.000,2400.000,BG-2024-12,Generated PR item.,Converted to PO
3409,409,40,195.000,No,2024-07-07,120.00,Urgent,Required for Electronic Components consumption plan.,0.000,800.000,BG-2024-01,Generated PR item.,Converted to PO
3410,410,41,120.000,No,2024-06-25,1400.00,High,Required for Electronic Components consumption plan.,0.000,480.000,BG-2024-02,Generated PR item.,Converted to PO
3411,411,42,227.000,No,2024-06-30,3200.00,High,Required for Electronic Components consumption plan.,0.000,240.000,BG-2024-03,Generated PR item.,Converted to PO
3412,412,43,151.000,No,2024-07-04,85.00,High,Required for Electronic Components consumption plan.,0.000,480.000,BG-2024-04,Generated PR item.,Converted to PO
3413,413,44,140.000,No,2024-06-23,220.00,Urgent,Required for Electronic Components consumption plan.,0.000,480.000,BG-2024-05,Generated PR item.,Converted to PO
3414,414,45,231.000,No,2024-07-08,350.00,High,Required for Electronic Components consumption plan.,0.000,1280.000,BG-2024-06,Generated PR item.,Converted to PO
3415,415,46,121.000,No,2024-06-28,750.00,High,Required for Electronic Components consumption plan.,0.000,240.000,BG-2024-07,Generated PR item.,Converted to PO
3416,416,47,33.000,Set,2024-06-30,450.00,High,Required for Electronic Components consumption plan.,0.000,1280.000,BG-2024-08,Generated PR item.,Converted to PO
3417,417,48,33.000,Set,2024-07-05,950.00,Urgent,Required for Electronic Components consumption plan.,0.000,240.000,BG-2024-09,Generated PR item.,Converted to PO
3418,418,49,220.000,No,2024-07-05,25.00,High,Required for Electronic Components consumption plan.,0.000,800.000,BG-2024-10,Generated PR item.,Converted to PO
3419,419,50,191.000,No,2024-06-24,40.00,High,Required for Electronic Components consumption plan.,0.000,480.000,BG-2024-11,Generated PR item.,Converted to PO
3420,420,51,45.000,No,2024-07-09,110.00,High,Required for Electronic Components consumption plan.,0.000,240.000,BG-2024-12,Generated PR item.,Converted to PO
3421,421,52,126.000,No,2024-07-06,2.00,Urgent,Required for Electronic Components consumption plan.,0.000,4000.000,BG-2024-01,Generated PR item.,Converted to PO
3422,422,53,96.000,No,2024-07-12,3.00,High,Required for Electronic Components consumption plan.,0.000,2880.000,BG-2024-02,Generated PR item.,Converted to PO
3423,423,54,164.000,No,2024-07-03,5.00,High,Required for Electronic Components consumption plan.,0.000,1920.000,BG-2024-03,Generated PR item.,Converted to PO
3424,424,55,17.000,No,2024-07-06,8.00,High,Required for Insulation Materials consumption plan.,0.000,19200.000,BG-2024-04,Generated PR item.,Converted to PO
3425,425,56,180.000,No,2024-07-03,10.00,Urgent,Required for Insulation Materials consumption plan.,0.000,17280.000,BG-2024-05,Generated PR item.,Converted to PO
3426,426,57,187.000,No,2024-07-12,12.00,High,Required for Insulation Materials consumption plan.,0.000,11520.000,BG-2024-06,Generated PR item.,Converted to PO
3427,427,58,60.000,No,2024-07-10,6.00,High,Required for Insulation Materials consumption plan.,0.000,48000.000,BG-2024-07,Generated PR item.,Converted to PO
3428,428,59,42.000,No,2024-07-12,5.00,High,Required for Insulation Materials consumption plan.,0.000,48000.000,BG-2024-08,Generated PR item.,Converted to PO
3429,429,60,321.000,m,2024-07-06,18.00,Urgent,Required for Insulation Materials consumption plan.,0.000,400.000,BG-2024-09,Generated PR item.,Converted to PO
3430,430,61,143.000,m,2024-07-11,25.00,High,Required for Insulation Materials consumption plan.,0.000,384.000,BG-2024-10,Generated PR item.,Converted to PO
3431,431,62,472.000,m,2024-07-03,45.00,High,Required for Insulation Materials consumption plan.,0.000,240.000,BG-2024-11,Generated PR item.,Converted to PO
3432,432,63,392.000,No,2024-07-05,3.00,High,Required for Fasteners consumption plan.,0.000,6400.000,BG-2024-12,Generated PR item.,Converted to PO
3433,433,64,479.000,No,2024-07-11,5.00,Urgent,Required for Fasteners consumption plan.,0.000,4800.000,BG-2024-01,Generated PR item.,Converted to PO
3434,434,65,277.000,No,2024-06-29,12.00,High,Required for Fasteners consumption plan.,0.000,2880.000,BG-2024-02,Generated PR item.,Converted to PO
3435,435,66,471.000,No,2024-07-10,1.50,High,Required for Fasteners consumption plan.,0.000,6400.000,BG-2024-03,Generated PR item.,Converted to PO
3436,436,67,26.000,No,2024-06-28,2.50,High,Required for Fasteners consumption plan.,0.000,4800.000,BG-2024-04,Generated PR item.,Converted to PO
3437,437,68,159.000,No,2024-07-08,6.00,Urgent,Required for Fasteners consumption plan.,0.000,2880.000,BG-2024-05,Generated PR item.,Converted to PO
3438,438,69,21.000,No,2024-07-07,0.80,High,Required for Fasteners consumption plan.,0.000,6400.000,BG-2024-06,Generated PR item.,Converted to PO
3439,439,70,345.000,No,2024-07-07,1.20,High,Required for Fasteners consumption plan.,0.000,4800.000,BG-2024-07,Generated PR item.,Converted to PO
3440,440,71,265.000,No,2024-07-07,2.50,High,Required for Fasteners consumption plan.,0.000,2880.000,BG-2024-08,Generated PR item.,Converted to PO
3441,441,72,158.000,No,2024-07-07,0.80,Urgent,Required for Fasteners consumption plan.,0.000,6400.000,BG-2024-09,Generated PR item.,Converted to PO
3442,442,73,166.000,No,2024-07-06,1.20,High,Required for Fasteners consumption plan.,0.000,4800.000,BG-2024-10,Generated PR item.,Converted to PO
3443,443,74,329.000,No,2024-07-08,2.50,High,Required for Fasteners consumption plan.,0.000,2880.000,BG-2024-11,Generated PR item.,Converted to PO
3444,444,75,106.000,No,2024-07-10,4.00,High,Required for Fasteners consumption plan.,0.000,1600.000,BG-2024-12,Generated PR item.,Converted to PO
3445,445,76,267.000,No,2024-07-13,7.00,Urgent,Required for Fasteners consumption plan.,0.000,960.000,BG-2024-01,Generated PR item.,Converted to PO
3446,446,77,315.000,No,2024-07-09,15.00,High,Required for Fasteners consumption plan.,0.000,480.000,BG-2024-02,Generated PR item.,Converted to PO
3447,447,78,135.000,No,2024-07-11,4.00,High,Required for Fasteners consumption plan.,0.000,3040.000,BG-2024-03,Generated PR item.,Converted to PO
3448,448,79,129.000,No,2024-07-15,4.00,High,Required for Fasteners consumption plan.,0.000,3040.000,BG-2024-04,Generated PR item.,Converted to PO
3449,449,80,38652.000,ml,2024-07-18,0.80,Urgent,Required for Consumables consumption plan.,0.000,144000.000,BG-2024-05,Generated PR item.,Converted to PO
3450,450,81,18174.000,g,2024-07-02,1.20,High,Required for Consumables consumption plan.,0.000,42000.000,BG-2024-06,Generated PR item.,Converted to PO
3451,451,82,29167.000,ml,2024-07-13,1.50,High,Required for Consumables consumption plan.,0.000,8000.000,BG-2024-07,Generated PR item.,Converted to PO
3452,452,83,11999.000,g,2024-07-06,0.60,High,Required for Consumables consumption plan.,0.000,24000.000,BG-2024-08,Generated PR item.,Converted to PO
3453,453,84,56627.000,ml,2024-07-05,0.25,Urgent,Required for Consumables consumption plan.,0.000,156000.000,BG-2024-09,Generated PR item.,Converted to PO
3454,454,85,6415.000,g,2024-07-16,1.80,High,Required for Consumables consumption plan.,0.000,9000.000,BG-2024-10,Generated PR item.,Converted to PO
3455,455,86,17499.000,g,2024-07-04,1.20,High,Required for Consumables consumption plan.,0.000,4000.000,BG-2024-11,Generated PR item.,Converted to PO
3456,456,87,5005.000,g,2024-07-18,0.80,High,Required for Consumables consumption plan.,0.000,12000.000,BG-2024-12,Generated PR item.,Converted to PO
3457,457,88,40.000,No,2024-07-16,45.00,Urgent,Required for Packaging Materials consumption plan.,0.000,1520.000,BG-2024-01,Generated PR item.,Converted to PO
3458,458,89,63.000,No,2024-07-21,18.00,High,Required for Packaging Materials consumption plan.,0.000,3040.000,BG-2024-02,Generated PR item.,Converted to PO
3459,459,90,75.000,Sheet,2024-07-16,10.00,High,Required for Packaging Materials consumption plan.,0.000,1760.000,BG-2024-03,Generated PR item.,Converted to PO
3460,460,91,12.000,No,2024-07-19,6.00,High,Required for Packaging Materials consumption plan.,0.000,1520.000,BG-2024-04,Generated PR item.,Converted to PO
3461,461,92,482.000,m,2024-07-06,1.20,Urgent,Required for Packaging Materials consumption plan.,0.000,1600.000,BG-2024-05,Generated PR item.,Converted to PO
3462,462,93,80.000,No,2024-07-21,3.00,High,Required for Packaging Materials consumption plan.,0.000,1760.000,BG-2024-06,Generated PR item.,Converted to PO
3463,463,94,202.000,No,2024-07-07,35.00,High,Required for Identification & Documentation consumption plan.,0.000,1520.000,BG-2024-07,Generated PR item.,Converted to PO
3464,464,95,226.000,No,2024-07-11,3.00,High,Required for Identification & Documentation consumption plan.,0.000,1520.000,BG-2024-08,Generated PR item.,Converted to PO
3465,465,96,201.000,No,2024-07-08,4.00,Urgent,Required for Identification & Documentation consumption plan.,0.000,1520.000,BG-2024-09,Generated PR item.,Converted to PO
3466,466,97,209.000,No,2024-07-13,2.00,High,Required for Identification & Documentation consumption plan.,0.000,1520.000,BG-2024-10,Generated PR item.,Converted to PO
3467,467,98,29.000,No,2024-07-19,8.00,High,Required for Identification & Documentation consumption plan.,0.000,1520.000,BG-2024-11,Generated PR item.,Converted to PO
3468,468,99,96.000,No,2024-07-11,4.00,High,Required for Identification & Documentation consumption plan.,0.000,1520.000,BG-2024-12,Generated PR item.,Converted to PO
3469,469,1,386.000,No,2024-07-21,1800.00,Urgent,Required for Core Components consumption plan.,0.000,800.000,BG-2024-01,Generated PR item.,Converted to PO
3470,470,2,309.000,No,2024-07-17,2800.00,High,Required for Core Components consumption plan.,0.000,480.000,BG-2024-02,Generated PR item.,Converted to PO
3471,471,3,52.000,No,2024-07-18,6200.00,High,Required for Core Components consumption plan.,0.000,240.000,BG-2024-03,Generated PR item.,Converted to PO
3472,472,4,305.000,No,2024-07-23,1200.00,High,Required for Core Components consumption plan.,0.000,800.000,BG-2024-04,Generated PR item.,Converted to PO
3473,473,5,412.000,No,2024-07-15,2200.00,Urgent,Required for Core Components consumption plan.,0.000,480.000,BG-2024-05,Generated PR item.,Converted to PO
3474,474,6,423.000,No,2024-07-14,5000.00,High,Required for Core Components consumption plan.,0.000,240.000,BG-2024-06,Generated PR item.,Converted to PO
3475,475,7,99.000,No,2024-07-25,180.00,High,Required for Magnetic Components consumption plan.,0.000,6400.000,BG-2024-07,Generated PR item.,Converted to PO
3476,476,8,63.000,No,2024-07-19,240.00,High,Required for Magnetic Components consumption plan.,0.000,4800.000,BG-2024-08,Generated PR item.,Converted to PO
3477,477,9,81.000,No,2024-07-20,360.00,Urgent,Required for Magnetic Components consumption plan.,0.000,2880.000,BG-2024-09,Generated PR item.,Converted to PO
3478,478,10,77.000,No,2024-07-14,450.00,High,Required for Mechanical Components consumption plan.,0.000,800.000,BG-2024-10,Generated PR item.,Converted to PO
3479,479,11,90.000,No,2024-07-13,750.00,High,Required for Mechanical Components consumption plan.,0.000,480.000,BG-2024-11,Generated PR item.,Converted to PO
3480,480,12,79.000,No,2024-07-13,1800.00,High,Required for Mechanical Components consumption plan.,0.000,240.000,BG-2024-12,Generated PR item.,Converted to PO
3481,481,13,117.000,No,2024-07-14,160.00,Urgent,Required for Mechanical Components consumption plan.,0.000,800.000,BG-2024-01,Generated PR item.,Converted to PO
3482,482,14,15.000,No,2024-07-13,220.00,High,Required for Mechanical Components consumption plan.,0.000,480.000,BG-2024-02,Generated PR item.,Converted to PO
3483,483,15,72.000,No,2024-07-23,420.00,High,Required for Mechanical Components consumption plan.,0.000,240.000,BG-2024-03,Generated PR item.,Converted to PO
3484,484,16,82.000,No,2024-07-11,1300.00,High,Required for Mechanical Components consumption plan.,0.000,800.000,BG-2024-04,Generated PR item.,Converted to PO
3485,485,17,42.000,No,2024-07-21,2400.00,Urgent,Required for Mechanical Components consumption plan.,0.000,480.000,BG-2024-05,Generated PR item.,Converted to PO
3486,486,18,220.000,No,2024-07-27,5200.00,High,Required for Mechanical Components consumption plan.,0.000,240.000,BG-2024-06,Generated PR item.,Converted to PO
3487,487,19,171.000,No,2024-07-23,450.00,High,Required for Mechanical Components consumption plan.,0.000,1520.000,BG-2024-07,Generated PR item.,Converted to PO
3488,488,20,229.000,No,2024-07-18,450.00,High,Required for Mechanical Components consumption plan.,0.000,1520.000,BG-2024-08,Generated PR item.,Converted to PO
3489,489,21,143.000,No,2024-07-12,60.00,Urgent,Required for Mechanical Components consumption plan.,0.000,1280.000,BG-2024-09,Generated PR item.,Converted to PO
3490,490,22,31.000,No,2024-07-26,120.00,High,Required for Mechanical Components consumption plan.,0.000,240.000,BG-2024-10,Generated PR item.,Converted to PO
3491,491,23,91.000,No,2024-07-11,120.00,High,Required for Bearings consumption plan.,0.000,1600.000,BG-2024-11,Generated PR item.,Converted to PO
3492,492,24,48.000,No,2024-07-23,220.00,High,Required for Bearings consumption plan.,0.000,960.000,BG-2024-12,Generated PR item.,Converted to PO
3493,493,25,70.000,No,2024-07-24,650.00,Urgent,Required for Bearings consumption plan.,0.000,480.000,BG-2024-01,Generated PR item.,Converted to PO
3494,494,26,98.000,No,2024-07-15,15.00,High,Required for Sealing Components consumption plan.,0.000,1520.000,BG-2024-02,Generated PR item.,Converted to PO
3495,495,27,126.000,No,2024-07-26,45.00,High,Required for Sealing Components consumption plan.,0.000,1280.000,BG-2024-03,Generated PR item.,Converted to PO
3496,496,28,125.000,No,2024-07-16,110.00,High,Required for Sealing Components consumption plan.,0.000,480.000,BG-2024-04,Generated PR item.,Converted to PO
3497,497,29,64.000,kg,2024-07-17,850.00,Urgent,Required for Electrical Components consumption plan.,0.000,1440.000,BG-2024-05,Generated PR item.,Converted to PO
3498,498,30,115.000,kg,2024-07-27,880.00,High,Required for Electrical Components consumption plan.,0.000,1536.000,BG-2024-06,Generated PR item.,Converted to PO
3499,499,31,150.000,kg,2024-07-30,920.00,High,Required for Electrical Components consumption plan.,0.000,1560.000,BG-2024-07,Generated PR item.,Converted to PO
3500,500,32,29.000,m,2024-07-18,35.00,High,Required for Electrical Components consumption plan.,0.000,2400.000,BG-2024-08,Generated PR item.,Converted to PO
3501,501,33,82.000,m,2024-07-30,60.00,Urgent,Required for Electrical Components consumption plan.,0.000,1920.000,BG-2024-09,Generated PR item.,Converted to PO
3502,502,34,425.000,m,2024-07-31,150.00,High,Required for Electrical Components consumption plan.,0.000,1200.000,BG-2024-10,Generated PR item.,Converted to PO
3503,503,35,145.000,No,2024-07-28,90.00,High,Required for Electrical Components consumption plan.,0.000,800.000,BG-2024-11,Generated PR item.,Converted to PO
3504,504,36,244.000,No,2024-07-18,180.00,High,Required for Electrical Components consumption plan.,0.000,480.000,BG-2024-12,Generated PR item.,Converted to PO
3505,505,37,153.000,No,2024-07-21,420.00,Urgent,Required for Electrical Components consumption plan.,0.000,240.000,BG-2024-01,Generated PR item.,Converted to PO
3506,506,38,165.000,No,2024-07-28,12.00,High,Required for Electrical Components consumption plan.,0.000,4560.000,BG-2024-02,Generated PR item.,Converted to PO
3507,507,39,226.000,No,2024-08-02,45.00,High,Required for Electronic Components consumption plan.,0.000,2400.000,BG-2024-03,Generated PR item.,Converted to PO
3508,508,40,167.000,No,2024-07-31,120.00,High,Required for Electronic Components consumption plan.,0.000,800.000,BG-2024-04,Generated PR item.,Converted to PO
3509,509,41,86.000,No,2024-07-24,1400.00,Urgent,Required for Electronic Components consumption plan.,0.000,480.000,BG-2024-05,Generated PR item.,Converted to PO
3510,510,42,134.000,No,2024-07-21,3200.00,High,Required for Electronic Components consumption plan.,0.000,240.000,BG-2024-06,Generated PR item.,Converted to PO
3511,511,43,62.000,No,2024-08-03,85.00,High,Required for Electronic Components consumption plan.,0.000,480.000,BG-2024-07,Generated PR item.,Converted to PO
3512,512,44,87.000,No,2024-07-21,220.00,High,Required for Electronic Components consumption plan.,0.000,480.000,BG-2024-08,Generated PR item.,Converted to PO
3513,513,45,172.000,No,2024-07-24,350.00,Urgent,Required for Electronic Components consumption plan.,0.000,1280.000,BG-2024-09,Generated PR item.,Converted to PO
3514,514,46,41.000,No,2024-08-04,750.00,High,Required for Electronic Components consumption plan.,0.000,240.000,BG-2024-10,Generated PR item.,Converted to PO
3515,515,47,56.000,Set,2024-07-28,450.00,High,Required for Electronic Components consumption plan.,0.000,1280.000,BG-2024-11,Generated PR item.,Converted to PO
3516,516,48,49.000,Set,2024-07-22,950.00,High,Required for Electronic Components consumption plan.,0.000,240.000,BG-2024-12,Generated PR item.,Converted to PO
3517,517,49,80.000,No,2024-07-18,25.00,Urgent,Required for Electronic Components consumption plan.,0.000,800.000,BG-2024-01,Generated PR item.,Converted to PO
3518,518,50,16.000,No,2024-07-25,40.00,High,Required for Electronic Components consumption plan.,0.000,480.000,BG-2024-02,Generated PR item.,Converted to PO
3519,519,51,178.000,No,2024-08-04,110.00,High,Required for Electronic Components consumption plan.,0.000,240.000,BG-2024-03,Generated PR item.,Converted to PO
3520,520,52,207.000,No,2024-07-26,2.00,High,Required for Electronic Components consumption plan.,0.000,4000.000,BG-2024-04,Generated PR item.,Converted to PO
3521,521,53,184.000,No,2024-07-31,3.00,Urgent,Required for Electronic Components consumption plan.,0.000,2880.000,BG-2024-05,Generated PR item.,Converted to PO
3522,522,54,108.000,No,2024-07-23,5.00,High,Required for Electronic Components consumption plan.,0.000,1920.000,BG-2024-06,Generated PR item.,Converted to PO
3523,523,55,165.000,No,2024-08-01,8.00,High,Required for Insulation Materials consumption plan.,0.000,19200.000,BG-2024-07,Generated PR item.,Converted to PO
3524,524,56,107.000,No,2024-08-01,10.00,High,Required for Insulation Materials consumption plan.,0.000,17280.000,BG-2024-08,Generated PR item.,Converted to PO
3525,525,57,93.000,No,2024-07-30,12.00,Urgent,Required for Insulation Materials consumption plan.,0.000,11520.000,BG-2024-09,Generated PR item.,Converted to PO
3526,526,58,85.000,No,2024-08-02,6.00,High,Required for Insulation Materials consumption plan.,0.000,48000.000,BG-2024-10,Generated PR item.,Converted to PO
3527,527,59,56.000,No,2024-07-30,5.00,High,Required for Insulation Materials consumption plan.,0.000,48000.000,BG-2024-11,Generated PR item.,Converted to PO
3528,528,60,486.000,m,2024-07-27,18.00,High,Required for Insulation Materials consumption plan.,0.000,400.000,BG-2024-12,Generated PR item.,Converted to PO
3529,529,61,340.000,m,2024-08-03,25.00,Urgent,Required for Insulation Materials consumption plan.,0.000,384.000,BG-2024-01,Generated PR item.,Converted to PO
3530,530,62,104.000,m,2024-08-05,45.00,High,Required for Insulation Materials consumption plan.,0.000,240.000,BG-2024-02,Generated PR item.,Converted to PO
3531,531,63,436.000,No,2024-08-05,3.00,High,Required for Fasteners consumption plan.,0.000,6400.000,BG-2024-03,Generated PR item.,Converted to PO
3532,532,64,92.000,No,2024-07-24,5.00,High,Required for Fasteners consumption plan.,0.000,4800.000,BG-2024-04,Generated PR item.,Converted to PO
3533,533,65,305.000,No,2024-08-02,12.00,Urgent,Required for Fasteners consumption plan.,0.000,2880.000,BG-2024-05,Generated PR item.,Converted to PO
3534,534,66,99.000,No,2024-07-22,1.50,High,Required for Fasteners consumption plan.,0.000,6400.000,BG-2024-06,Generated PR item.,Converted to PO
3535,535,67,193.000,No,2024-08-02,2.50,High,Required for Fasteners consumption plan.,0.000,4800.000,BG-2024-07,Generated PR item.,Converted to PO
3536,536,68,336.000,No,2024-08-02,6.00,High,Required for Fasteners consumption plan.,0.000,2880.000,BG-2024-08,Generated PR item.,Converted to PO
3537,537,69,500.000,No,2024-07-29,0.80,Urgent,Required for Fasteners consumption plan.,0.000,6400.000,BG-2024-09,Generated PR item.,Converted to PO
3538,538,70,497.000,No,2024-08-09,1.20,High,Required for Fasteners consumption plan.,0.000,4800.000,BG-2024-10,Generated PR item.,Converted to PO
3539,539,71,450.000,No,2024-08-07,2.50,High,Required for Fasteners consumption plan.,0.000,2880.000,BG-2024-11,Generated PR item.,Converted to PO
3540,540,72,133.000,No,2024-07-23,0.80,High,Required for Fasteners consumption plan.,0.000,6400.000,BG-2024-12,Generated PR item.,Converted to PO
3541,541,73,64.000,No,2024-07-27,1.20,Urgent,Required for Fasteners consumption plan.,0.000,4800.000,BG-2024-01,Generated PR item.,Converted to PO
3542,542,74,455.000,No,2024-07-28,2.50,High,Required for Fasteners consumption plan.,0.000,2880.000,BG-2024-02,Generated PR item.,Converted to PO
3543,543,75,464.000,No,2024-08-10,4.00,High,Required for Fasteners consumption plan.,0.000,1600.000,BG-2024-03,Generated PR item.,Converted to PO
3544,544,76,154.000,No,2024-08-03,7.00,High,Required for Fasteners consumption plan.,0.000,960.000,BG-2024-04,Generated PR item.,Converted to PO
3545,545,77,29.000,No,2024-08-07,15.00,Urgent,Required for Fasteners consumption plan.,0.000,480.000,BG-2024-05,Generated PR item.,Converted to PO
3546,546,78,331.000,No,2024-08-08,4.00,High,Required for Fasteners consumption plan.,0.000,3040.000,BG-2024-06,Generated PR item.,Converted to PO
3547,547,79,56.000,No,2024-08-08,4.00,High,Required for Fasteners consumption plan.,0.000,3040.000,BG-2024-07,Generated PR item.,Converted to PO
3548,548,80,8847.000,ml,2024-07-27,0.80,High,Required for Consumables consumption plan.,0.000,144000.000,BG-2024-08,Generated PR item.,Converted to PO
3549,549,81,28178.000,g,2024-07-28,1.20,Urgent,Required for Consumables consumption plan.,0.000,42000.000,BG-2024-09,Generated PR item.,Converted to PO
3550,550,82,52087.000,ml,2024-08-02,1.50,High,Required for Consumables consumption plan.,0.000,8000.000,BG-2024-10,Generated PR item.,Converted to PO
3551,551,83,4249.000,g,2024-08-01,0.60,High,Required for Consumables consumption plan.,0.000,24000.000,BG-2024-11,Generated PR item.,Converted to PO
3552,552,84,67184.000,ml,2024-08-09,0.25,High,Required for Consumables consumption plan.,0.000,156000.000,BG-2024-12,Generated PR item.,Converted to PO
3553,553,85,11707.000,g,2024-07-29,1.80,Urgent,Required for Consumables consumption plan.,0.000,9000.000,BG-2024-01,Generated PR item.,Converted to PO
3554,554,86,16553.000,g,2024-08-02,1.20,High,Required for Consumables consumption plan.,0.000,4000.000,BG-2024-02,Generated PR item.,Converted to PO
3555,555,87,27068.000,g,2024-07-31,0.80,High,Required for Consumables consumption plan.,0.000,12000.000,BG-2024-03,Generated PR item.,Converted to PO
3556,556,88,63.000,No,2024-07-30,45.00,High,Required for Packaging Materials consumption plan.,0.000,1520.000,BG-2024-04,Generated PR item.,Converted to PO
3557,557,89,164.000,No,2024-07-30,18.00,Urgent,Required for Packaging Materials consumption plan.,0.000,3040.000,BG-2024-05,Generated PR item.,Converted to PO
3558,558,90,208.000,Sheet,2024-07-31,10.00,High,Required for Packaging Materials consumption plan.,0.000,1760.000,BG-2024-06,Generated PR item.,Converted to PO
3559,559,91,109.000,No,2024-08-07,6.00,High,Required for Packaging Materials consumption plan.,0.000,1520.000,BG-2024-07,Generated PR item.,Converted to PO
3560,560,92,486.000,m,2024-08-04,1.20,High,Required for Packaging Materials consumption plan.,0.000,1600.000,BG-2024-08,Generated PR item.,Converted to PO
3561,561,93,115.000,No,2024-08-04,3.00,Urgent,Required for Packaging Materials consumption plan.,0.000,1760.000,BG-2024-09,Generated PR item.,Converted to PO
3562,562,94,117.000,No,2024-08-06,35.00,High,Required for Identification & Documentation consumption plan.,0.000,1520.000,BG-2024-10,Generated PR item.,Converted to PO
3563,563,95,222.000,No,2024-08-11,3.00,High,Required for Identification & Documentation consumption plan.,0.000,1520.000,BG-2024-11,Generated PR item.,Converted to PO
3564,564,96,161.000,No,2024-08-14,4.00,High,Required for Identification & Documentation consumption plan.,0.000,1520.000,BG-2024-12,Generated PR item.,Converted to PO
3565,565,97,218.000,No,2024-08-08,2.00,Urgent,Required for Identification & Documentation consumption plan.,0.000,1520.000,BG-2024-01,Generated PR item.,Converted to PO
3566,566,98,199.000,No,2024-08-10,8.00,High,Required for Identification & Documentation consumption plan.,0.000,1520.000,BG-2024-02,Generated PR item.,Converted to PO
3567,567,99,180.000,No,2024-08-12,4.00,High,Required for Identification & Documentation consumption plan.,0.000,1520.000,BG-2024-03,Generated PR item.,Converted to PO
3568,568,1,158.000,No,2024-08-12,1800.00,High,Required for Core Components consumption plan.,0.000,800.000,BG-2024-04,Generated PR item.,Converted to PO
3569,569,2,229.000,No,2024-08-02,2800.00,Urgent,Required for Core Components consumption plan.,0.000,480.000,BG-2024-05,Generated PR item.,Converted to PO
3570,570,3,439.000,No,2024-08-17,6200.00,High,Required for Core Components consumption plan.,0.000,240.000,BG-2024-06,Generated PR item.,Converted to PO
3571,571,4,327.000,No,2024-08-02,1200.00,High,Required for Core Components consumption plan.,0.000,800.000,BG-2024-07,Generated PR item.,Converted to PO
3572,572,5,176.000,No,2024-08-07,2200.00,High,Required for Core Components consumption plan.,0.000,480.000,BG-2024-08,Generated PR item.,Converted to PO
3573,573,6,197.000,No,2024-08-11,5000.00,Urgent,Required for Core Components consumption plan.,0.000,240.000,BG-2024-09,Generated PR item.,Converted to PO
3574,574,7,195.000,No,2024-08-08,180.00,High,Required for Magnetic Components consumption plan.,0.000,6400.000,BG-2024-10,Generated PR item.,Converted to PO
3575,575,8,48.000,No,2024-08-06,240.00,High,Required for Magnetic Components consumption plan.,0.000,4800.000,BG-2024-11,Generated PR item.,Converted to PO
3576,576,9,32.000,No,2024-08-18,360.00,High,Required for Magnetic Components consumption plan.,0.000,2880.000,BG-2024-12,Generated PR item.,Converted to PO
3577,577,10,193.000,No,2024-08-03,450.00,Urgent,Required for Mechanical Components consumption plan.,0.000,800.000,BG-2024-01,Generated PR item.,Converted to PO
3578,578,11,75.000,No,2024-08-07,750.00,High,Required for Mechanical Components consumption plan.,0.000,480.000,BG-2024-02,Generated PR item.,Converted to PO
3579,579,12,193.000,No,2024-08-20,1800.00,High,Required for Mechanical Components consumption plan.,0.000,240.000,BG-2024-03,Generated PR item.,Converted to PO
3580,580,13,136.000,No,2024-08-16,160.00,High,Required for Mechanical Components consumption plan.,0.000,800.000,BG-2024-04,Generated PR item.,Converted to PO
3581,581,14,250.000,No,2024-08-04,220.00,Urgent,Required for Mechanical Components consumption plan.,0.000,480.000,BG-2024-05,Generated PR item.,Converted to PO
3582,582,15,134.000,No,2024-08-17,420.00,High,Required for Mechanical Components consumption plan.,0.000,240.000,BG-2024-06,Generated PR item.,Converted to PO
3583,583,16,218.000,No,2024-08-21,1300.00,High,Required for Mechanical Components consumption plan.,0.000,800.000,BG-2024-07,Generated PR item.,Converted to PO
3584,584,17,214.000,No,2024-08-05,2400.00,High,Required for Mechanical Components consumption plan.,0.000,480.000,BG-2024-08,Generated PR item.,Converted to PO
3585,585,18,57.000,No,2024-08-11,5200.00,Urgent,Required for Mechanical Components consumption plan.,0.000,240.000,BG-2024-09,Generated PR item.,Converted to PO
3586,586,19,250.000,No,2024-08-13,450.00,High,Required for Mechanical Components consumption plan.,0.000,1520.000,BG-2024-10,Generated PR item.,Converted to PO
3587,587,20,188.000,No,2024-08-07,450.00,High,Required for Mechanical Components consumption plan.,0.000,1520.000,BG-2024-11,Generated PR item.,Converted to PO
3588,588,21,31.000,No,2024-08-08,60.00,High,Required for Mechanical Components consumption plan.,0.000,1280.000,BG-2024-12,Generated PR item.,Converted to PO
3589,589,22,6.000,No,2024-08-08,120.00,Urgent,Required for Mechanical Components consumption plan.,0.000,240.000,BG-2024-01,Generated PR item.,Converted to PO
3590,590,23,31.000,No,2024-08-09,120.00,High,Required for Bearings consumption plan.,0.000,1600.000,BG-2024-02,Generated PR item.,Converted to PO
3591,591,24,6.000,No,2024-08-13,220.00,High,Required for Bearings consumption plan.,0.000,960.000,BG-2024-03,Generated PR item.,Converted to PO
3592,592,25,39.000,No,2024-08-14,650.00,High,Required for Bearings consumption plan.,0.000,480.000,BG-2024-04,Generated PR item.,Converted to PO
3593,593,26,250.000,No,2024-08-10,15.00,Urgent,Required for Sealing Components consumption plan.,0.000,1520.000,BG-2024-05,Generated PR item.,Converted to PO
3594,594,27,122.000,No,2024-08-12,45.00,High,Required for Sealing Components consumption plan.,0.000,1280.000,BG-2024-06,Generated PR item.,Converted to PO
3595,595,28,10.000,No,2024-08-10,110.00,High,Required for Sealing Components consumption plan.,0.000,480.000,BG-2024-07,Generated PR item.,Converted to PO
3596,596,29,104.000,kg,2024-08-21,850.00,High,Required for Electrical Components consumption plan.,0.000,1440.000,BG-2024-08,Generated PR item.,Converted to PO
3597,597,30,51.000,kg,2024-08-10,880.00,Urgent,Required for Electrical Components consumption plan.,0.000,1536.000,BG-2024-09,Generated PR item.,Converted to PO
3598,598,31,173.000,kg,2024-08-23,920.00,High,Required for Electrical Components consumption plan.,0.000,1560.000,BG-2024-10,Generated PR item.,Converted to PO
3599,599,32,63.000,m,2024-08-17,35.00,High,Required for Electrical Components consumption plan.,0.000,2400.000,BG-2024-11,Generated PR item.,Converted to PO
3600,600,33,390.000,m,2024-08-22,60.00,High,Required for Electrical Components consumption plan.,0.000,1920.000,BG-2024-12,Generated PR item.,Converted to PO
3601,601,34,234.000,m,2024-08-19,150.00,Urgent,Required for Electrical Components consumption plan.,0.000,1200.000,BG-2024-01,Generated PR item.,Converted to PO
3602,602,35,9.000,No,2024-08-12,90.00,High,Required for Electrical Components consumption plan.,0.000,800.000,BG-2024-02,Generated PR item.,Converted to PO
3603,603,36,170.000,No,2024-08-18,180.00,High,Required for Electrical Components consumption plan.,0.000,480.000,BG-2024-03,Generated PR item.,Converted to PO
3604,604,37,116.000,No,2024-08-12,420.00,High,Required for Electrical Components consumption plan.,0.000,240.000,BG-2024-04,Generated PR item.,Converted to PO
3605,605,38,194.000,No,2024-08-10,12.00,Urgent,Required for Electrical Components consumption plan.,0.000,4560.000,BG-2024-05,Generated PR item.,Converted to PO
3606,606,39,157.000,No,2024-08-12,45.00,High,Required for Electronic Components consumption plan.,0.000,2400.000,BG-2024-06,Generated PR item.,Converted to PO
3607,607,40,198.000,No,2024-08-13,120.00,High,Required for Electronic Components consumption plan.,0.000,800.000,BG-2024-07,Generated PR item.,Converted to PO
3608,608,41,118.000,No,2024-08-11,1400.00,High,Required for Electronic Components consumption plan.,0.000,480.000,BG-2024-08,Generated PR item.,Converted to PO
3609,609,42,6.000,No,2024-08-10,3200.00,Urgent,Required for Electronic Components consumption plan.,0.000,240.000,BG-2024-09,Generated PR item.,Converted to PO
3610,610,43,37.000,No,2024-08-26,85.00,High,Required for Electronic Components consumption plan.,0.000,480.000,BG-2024-10,Generated PR item.,Converted to PO
3611,611,44,117.000,No,2024-08-19,220.00,High,Required for Electronic Components consumption plan.,0.000,480.000,BG-2024-11,Generated PR item.,Converted to PO
3612,612,45,102.000,No,2024-08-17,350.00,High,Required for Electronic Components consumption plan.,0.000,1280.000,BG-2024-12,Generated PR item.,Converted to PO
3613,613,46,200.000,No,2024-08-26,750.00,Urgent,Required for Electronic Components consumption plan.,0.000,240.000,BG-2024-01,Generated PR item.,Converted to PO
3614,614,47,36.000,Set,2024-08-15,450.00,High,Required for Electronic Components consumption plan.,0.000,1280.000,BG-2024-02,Generated PR item.,Converted to PO
3615,615,48,70.000,Set,2024-08-18,950.00,High,Required for Electronic Components consumption plan.,0.000,240.000,BG-2024-03,Generated PR item.,Converted to PO
3616,616,49,51.000,No,2024-08-26,25.00,High,Required for Electronic Components consumption plan.,0.000,800.000,BG-2024-04,Generated PR item.,Converted to PO
3617,617,50,99.000,No,2024-08-22,40.00,Urgent,Required for Electronic Components consumption plan.,0.000,480.000,BG-2024-05,Generated PR item.,Converted to PO
3618,618,51,191.000,No,2024-08-20,110.00,High,Required for Electronic Components consumption plan.,0.000,240.000,BG-2024-06,Generated PR item.,Converted to PO
3619,619,52,35.000,No,2024-08-17,2.00,High,Required for Electronic Components consumption plan.,0.000,4000.000,BG-2024-07,Generated PR item.,Converted to PO
3620,620,53,84.000,No,2024-08-14,3.00,High,Required for Electronic Components consumption plan.,0.000,2880.000,BG-2024-08,Generated PR item.,Converted to PO
3621,621,54,189.000,No,2024-08-15,5.00,Urgent,Required for Electronic Components consumption plan.,0.000,1920.000,BG-2024-09,Generated PR item.,Converted to PO
3622,622,55,149.000,No,2024-08-16,8.00,High,Required for Insulation Materials consumption plan.,0.000,19200.000,BG-2024-10,Generated PR item.,Converted to PO
3623,623,56,196.000,No,2024-08-28,10.00,High,Required for Insulation Materials consumption plan.,0.000,17280.000,BG-2024-11,Generated PR item.,Converted to PO
3624,624,57,131.000,No,2024-08-25,12.00,High,Required for Insulation Materials consumption plan.,0.000,11520.000,BG-2024-12,Generated PR item.,Converted to PO
3625,625,58,216.000,No,2024-08-22,6.00,Urgent,Required for Insulation Materials consumption plan.,0.000,48000.000,BG-2024-01,Generated PR item.,Converted to PO
3626,626,59,220.000,No,2024-08-29,5.00,High,Required for Insulation Materials consumption plan.,0.000,48000.000,BG-2024-02,Generated PR item.,Converted to PO
3627,627,60,488.000,m,2024-08-17,18.00,High,Required for Insulation Materials consumption plan.,0.000,400.000,BG-2024-03,Generated PR item.,Converted to PO
3628,628,61,78.000,m,2024-08-18,25.00,High,Required for Insulation Materials consumption plan.,0.000,384.000,BG-2024-04,Generated PR item.,Converted to PO
3629,629,62,304.000,m,2024-08-22,45.00,Urgent,Required for Insulation Materials consumption plan.,0.000,240.000,BG-2024-05,Generated PR item.,Converted to PO
3630,630,63,74.000,No,2024-08-31,3.00,High,Required for Fasteners consumption plan.,0.000,6400.000,BG-2024-06,Generated PR item.,Converted to PO
3631,631,64,130.000,No,2024-08-27,5.00,High,Required for Fasteners consumption plan.,0.000,4800.000,BG-2024-07,Generated PR item.,Converted to PO
3632,632,65,164.000,No,2024-08-31,12.00,High,Required for Fasteners consumption plan.,0.000,2880.000,BG-2024-08,Generated PR item.,Converted to PO
3633,633,66,330.000,No,2024-08-20,1.50,Urgent,Required for Fasteners consumption plan.,0.000,6400.000,BG-2024-09,Generated PR item.,Converted to PO
3634,634,67,227.000,No,2024-09-01,2.50,High,Required for Fasteners consumption plan.,0.000,4800.000,BG-2024-10,Generated PR item.,Converted to PO
3635,635,68,435.000,No,2024-08-18,6.00,High,Required for Fasteners consumption plan.,0.000,2880.000,BG-2024-11,Generated PR item.,Converted to PO
3636,636,69,163.000,No,2024-08-21,0.80,High,Required for Fasteners consumption plan.,0.000,6400.000,BG-2024-12,Generated PR item.,Converted to PO
3637,637,70,316.000,No,2024-08-26,1.20,Urgent,Required for Fasteners consumption plan.,0.000,4800.000,BG-2024-01,Generated PR item.,Converted to PO
3638,638,71,387.000,No,2024-08-17,2.50,High,Required for Fasteners consumption plan.,0.000,2880.000,BG-2024-02,Generated PR item.,Converted to PO
3639,639,72,491.000,No,2024-09-01,0.80,High,Required for Fasteners consumption plan.,0.000,6400.000,BG-2024-03,Generated PR item.,Converted to PO
3640,640,73,137.000,No,2024-09-02,1.20,High,Required for Fasteners consumption plan.,0.000,4800.000,BG-2024-04,Generated PR item.,Converted to PO
3641,641,74,372.000,No,2024-08-27,2.50,Urgent,Required for Fasteners consumption plan.,0.000,2880.000,BG-2024-05,Generated PR item.,Converted to PO
3642,642,75,60.000,No,2024-08-23,4.00,High,Required for Fasteners consumption plan.,0.000,1600.000,BG-2024-06,Generated PR item.,Converted to PO
3643,643,76,281.000,No,2024-08-19,7.00,High,Required for Fasteners consumption plan.,0.000,960.000,BG-2024-07,Generated PR item.,Converted to PO
3644,644,77,219.000,No,2024-08-29,15.00,High,Required for Fasteners consumption plan.,0.000,480.000,BG-2024-08,Generated PR item.,Converted to PO
3645,645,78,481.000,No,2024-08-27,4.00,Urgent,Required for Fasteners consumption plan.,0.000,3040.000,BG-2024-09,Generated PR item.,Converted to PO
3646,646,79,391.000,No,2024-09-01,4.00,High,Required for Fasteners consumption plan.,0.000,3040.000,BG-2024-10,Generated PR item.,Converted to PO
3647,647,80,93089.000,ml,2024-08-29,0.80,High,Required for Consumables consumption plan.,0.000,144000.000,BG-2024-11,Generated PR item.,Converted to PO
3648,648,81,25667.000,g,2024-08-21,1.20,High,Required for Consumables consumption plan.,0.000,42000.000,BG-2024-12,Generated PR item.,Converted to PO
3649,649,82,44014.000,ml,2024-08-21,1.50,Urgent,Required for Consumables consumption plan.,0.000,8000.000,BG-2024-01,Generated PR item.,Converted to PO
3650,650,83,22267.000,g,2024-09-03,0.60,High,Required for Consumables consumption plan.,0.000,24000.000,BG-2024-02,Generated PR item.,Converted to PO
3651,651,84,7894.000,ml,2024-08-23,0.25,High,Required for Consumables consumption plan.,0.000,156000.000,BG-2024-03,Generated PR item.,Converted to PO
3652,652,85,17179.000,g,2024-09-06,1.80,High,Required for Consumables consumption plan.,0.000,9000.000,BG-2024-04,Generated PR item.,Converted to PO
3653,653,86,2371.000,g,2024-08-23,1.20,Urgent,Required for Consumables consumption plan.,0.000,4000.000,BG-2024-05,Generated PR item.,Converted to PO
3654,654,87,22002.000,g,2024-09-04,0.80,High,Required for Consumables consumption plan.,0.000,12000.000,BG-2024-06,Generated PR item.,Converted to PO
3655,655,88,242.000,No,2024-09-08,45.00,High,Required for Packaging Materials consumption plan.,0.000,1520.000,BG-2024-07,Generated PR item.,Converted to PO
3656,656,89,172.000,No,2024-08-29,18.00,High,Required for Packaging Materials consumption plan.,0.000,3040.000,BG-2024-08,Generated PR item.,Converted to PO
3657,657,90,211.000,Sheet,2024-08-24,10.00,Urgent,Required for Packaging Materials consumption plan.,0.000,1760.000,BG-2024-09,Generated PR item.,Converted to PO
3658,658,91,62.000,No,2024-09-07,6.00,High,Required for Packaging Materials consumption plan.,0.000,1520.000,BG-2024-10,Generated PR item.,Converted to PO
3659,659,92,498.000,m,2024-08-26,1.20,High,Required for Packaging Materials consumption plan.,0.000,1600.000,BG-2024-11,Generated PR item.,Converted to PO
3660,660,93,140.000,No,2024-09-01,3.00,High,Required for Packaging Materials consumption plan.,0.000,1760.000,BG-2024-12,Generated PR item.,Converted to PO
3661,661,94,170.000,No,2024-09-10,35.00,Urgent,Required for Identification & Documentation consumption plan.,0.000,1520.000,BG-2024-01,Generated PR item.,Converted to PO
3662,662,95,194.000,No,2024-09-06,3.00,High,Required for Identification & Documentation consumption plan.,0.000,1520.000,BG-2024-02,Generated PR item.,Converted to PO
3663,663,96,162.000,No,2024-08-24,4.00,High,Required for Identification & Documentation consumption plan.,0.000,1520.000,BG-2024-03,Generated PR item.,Converted to PO
3664,664,97,83.000,No,2024-09-08,2.00,High,Required for Identification & Documentation consumption plan.,0.000,1520.000,BG-2024-04,Generated PR item.,Converted to PO
3665,665,98,155.000,No,2024-08-27,8.00,Urgent,Required for Identification & Documentation consumption plan.,0.000,1520.000,BG-2024-05,Generated PR item.,Converted to PO
3666,666,99,165.000,No,2024-09-08,4.00,High,Required for Identification & Documentation consumption plan.,0.000,1520.000,BG-2024-06,Generated PR item.,Converted to PO
3667,667,1,436.000,No,2024-09-06,1800.00,High,Required for Core Components consumption plan.,0.000,800.000,BG-2024-07,Generated PR item.,Converted to PO
3668,668,2,267.000,No,2024-08-31,2800.00,High,Required for Core Components consumption plan.,0.000,480.000,BG-2024-08,Generated PR item.,Converted to PO
3669,669,3,276.000,No,2024-09-02,6200.00,Urgent,Required for Core Components consumption plan.,0.000,240.000,BG-2024-09,Generated PR item.,Converted to PO
3670,670,4,276.000,No,2024-08-28,1200.00,High,Required for Core Components consumption plan.,0.000,800.000,BG-2024-10,Generated PR item.,Converted to PO
3671,671,5,101.000,No,2024-09-12,2200.00,High,Required for Core Components consumption plan.,0.000,480.000,BG-2024-11,Generated PR item.,Converted to PO
3672,672,6,90.000,No,2024-08-31,5000.00,High,Required for Core Components consumption plan.,0.000,240.000,BG-2024-12,Generated PR item.,Converted to PO
3673,673,7,10.000,No,2024-09-01,180.00,Urgent,Required for Magnetic Components consumption plan.,0.000,6400.000,BG-2024-01,Generated PR item.,Converted to PO
3674,674,8,168.000,No,2024-09-05,240.00,High,Required for Magnetic Components consumption plan.,0.000,4800.000,BG-2024-02,Generated PR item.,Converted to PO
3675,675,9,108.000,No,2024-09-08,360.00,High,Required for Magnetic Components consumption plan.,0.000,2880.000,BG-2024-03,Generated PR item.,Converted to PO
3676,676,10,217.000,No,2024-09-05,450.00,High,Required for Mechanical Components consumption plan.,0.000,800.000,BG-2024-04,Generated PR item.,Converted to PO
3677,677,11,177.000,No,2024-09-05,750.00,Urgent,Required for Mechanical Components consumption plan.,0.000,480.000,BG-2024-05,Generated PR item.,Converted to PO
3678,678,12,39.000,No,2024-09-07,1800.00,High,Required for Mechanical Components consumption plan.,0.000,240.000,BG-2024-06,Generated PR item.,Converted to PO
3679,679,13,29.000,No,2024-09-12,160.00,High,Required for Mechanical Components consumption plan.,0.000,800.000,BG-2024-07,Generated PR item.,Converted to PO
3680,680,14,95.000,No,2024-09-04,220.00,High,Required for Mechanical Components consumption plan.,0.000,480.000,BG-2024-08,Generated PR item.,Converted to PO
3681,681,15,231.000,No,2024-09-12,420.00,Urgent,Required for Mechanical Components consumption plan.,0.000,240.000,BG-2024-09,Generated PR item.,Converted to PO
3682,682,16,16.000,No,2024-09-12,1300.00,High,Required for Mechanical Components consumption plan.,0.000,800.000,BG-2024-10,Generated PR item.,Converted to PO
3683,683,17,51.000,No,2024-09-15,2400.00,High,Required for Mechanical Components consumption plan.,0.000,480.000,BG-2024-11,Generated PR item.,Converted to PO
3684,684,18,12.000,No,2024-09-14,5200.00,High,Required for Mechanical Components consumption plan.,0.000,240.000,BG-2024-12,Generated PR item.,Converted to PO
3685,685,19,106.000,No,2024-09-13,450.00,Urgent,Required for Mechanical Components consumption plan.,0.000,1520.000,BG-2024-01,Generated PR item.,Converted to PO
3686,686,20,248.000,No,2024-09-03,450.00,High,Required for Mechanical Components consumption plan.,0.000,1520.000,BG-2024-02,Generated PR item.,Converted to PO
3687,687,21,173.000,No,2024-09-12,60.00,High,Required for Mechanical Components consumption plan.,0.000,1280.000,BG-2024-03,Generated PR item.,Converted to PO
3688,688,22,126.000,No,2024-09-13,120.00,High,Required for Mechanical Components consumption plan.,0.000,240.000,BG-2024-04,Generated PR item.,Converted to PO
3689,689,23,18.000,No,2024-09-05,120.00,Urgent,Required for Bearings consumption plan.,0.000,1600.000,BG-2024-05,Generated PR item.,Converted to PO
3690,690,24,39.000,No,2024-09-12,220.00,High,Required for Bearings consumption plan.,0.000,960.000,BG-2024-06,Generated PR item.,Converted to PO
3691,691,25,55.000,No,2024-09-04,650.00,High,Required for Bearings consumption plan.,0.000,480.000,BG-2024-07,Generated PR item.,Converted to PO
3692,692,26,72.000,No,2024-09-10,15.00,High,Required for Sealing Components consumption plan.,0.000,1520.000,BG-2024-08,Generated PR item.,Converted to PO
3693,693,27,178.000,No,2024-09-15,45.00,Urgent,Required for Sealing Components consumption plan.,0.000,1280.000,BG-2024-09,Generated PR item.,Converted to PO
3694,694,28,246.000,No,2024-09-04,110.00,High,Required for Sealing Components consumption plan.,0.000,480.000,BG-2024-10,Generated PR item.,Converted to PO
3695,695,29,49.000,kg,2024-09-07,850.00,High,Required for Electrical Components consumption plan.,0.000,1440.000,BG-2024-11,Generated PR item.,Converted to PO
3696,696,30,58.000,kg,2024-09-15,880.00,High,Required for Electrical Components consumption plan.,0.000,1536.000,BG-2024-12,Generated PR item.,Converted to PO
3697,697,31,34.000,kg,2024-09-11,920.00,Urgent,Required for Electrical Components consumption plan.,0.000,1560.000,BG-2024-01,Generated PR item.,Converted to PO
3698,698,32,369.000,m,2024-09-20,35.00,High,Required for Electrical Components consumption plan.,0.000,2400.000,BG-2024-02,Generated PR item.,Converted to PO
3699,699,33,242.000,m,2024-09-03,60.00,High,Required for Electrical Components consumption plan.,0.000,1920.000,BG-2024-03,Generated PR item.,Converted to PO
3700,700,34,156.000,m,2024-09-15,150.00,High,Required for Electrical Components consumption plan.,0.000,1200.000,BG-2024-04,Generated PR item.,Converted to PO
3701,701,35,58.000,No,2024-09-17,90.00,Urgent,Required for Electrical Components consumption plan.,0.000,800.000,BG-2024-05,Generated PR item.,Converted to PO
3702,702,36,22.000,No,2024-09-20,180.00,High,Required for Electrical Components consumption plan.,0.000,480.000,BG-2024-06,Generated PR item.,Converted to PO
3703,703,37,122.000,No,2024-09-06,420.00,High,Required for Electrical Components consumption plan.,0.000,240.000,BG-2024-07,Generated PR item.,Converted to PO
3704,704,38,173.000,No,2024-09-22,12.00,High,Required for Electrical Components consumption plan.,0.000,4560.000,BG-2024-08,Generated PR item.,Converted to PO
3705,705,39,62.000,No,2024-09-12,45.00,Urgent,Required for Electronic Components consumption plan.,0.000,2400.000,BG-2024-09,Generated PR item.,Converted to PO
3706,706,40,5.000,No,2024-09-11,120.00,High,Required for Electronic Components consumption plan.,0.000,800.000,BG-2024-10,Generated PR item.,Converted to PO
3707,707,41,121.000,No,2024-09-11,1400.00,High,Required for Electronic Components consumption plan.,0.000,480.000,BG-2024-11,Generated PR item.,Converted to PO
3708,708,42,171.000,No,2024-09-16,3200.00,High,Required for Electronic Components consumption plan.,0.000,240.000,BG-2024-12,Generated PR item.,Converted to PO
3709,709,43,89.000,No,2024-09-17,85.00,Urgent,Required for Electronic Components consumption plan.,0.000,480.000,BG-2024-01,Generated PR item.,Converted to PO
3710,710,44,66.000,No,2024-09-14,220.00,High,Required for Electronic Components consumption plan.,0.000,480.000,BG-2024-02,Generated PR item.,Converted to PO
3711,711,45,42.000,No,2024-09-07,350.00,High,Required for Electronic Components consumption plan.,0.000,1280.000,BG-2024-03,Generated PR item.,Converted to PO
3712,712,46,188.000,No,2024-09-23,750.00,High,Required for Electronic Components consumption plan.,0.000,240.000,BG-2024-04,Generated PR item.,Converted to PO
3713,713,47,70.000,Set,2024-09-11,450.00,Urgent,Required for Electronic Components consumption plan.,0.000,1280.000,BG-2024-05,Generated PR item.,Converted to PO
3714,714,48,63.000,Set,2024-09-09,950.00,High,Required for Electronic Components consumption plan.,0.000,240.000,BG-2024-06,Generated PR item.,Converted to PO
3715,715,49,132.000,No,2024-09-19,25.00,High,Required for Electronic Components consumption plan.,0.000,800.000,BG-2024-07,Generated PR item.,Converted to PO
3716,716,50,183.000,No,2024-09-16,40.00,High,Required for Electronic Components consumption plan.,0.000,480.000,BG-2024-08,Generated PR item.,Converted to PO
3717,717,51,102.000,No,2024-09-20,110.00,Urgent,Required for Electronic Components consumption plan.,0.000,240.000,BG-2024-09,Generated PR item.,Converted to PO
3718,718,52,11.000,No,2024-09-24,2.00,High,Required for Electronic Components consumption plan.,0.000,4000.000,BG-2024-10,Generated PR item.,Converted to PO
3719,719,53,95.000,No,2024-09-10,3.00,High,Required for Electronic Components consumption plan.,0.000,2880.000,BG-2024-11,Generated PR item.,Converted to PO
3720,720,54,178.000,No,2024-09-14,5.00,High,Required for Electronic Components consumption plan.,0.000,1920.000,BG-2024-12,Generated PR item.,Converted to PO
3721,721,55,164.000,No,2024-09-19,8.00,Urgent,Required for Insulation Materials consumption plan.,0.000,19200.000,BG-2024-01,Generated PR item.,Converted to PO
3722,722,56,248.000,No,2024-09-24,10.00,High,Required for Insulation Materials consumption plan.,0.000,17280.000,BG-2024-02,Generated PR item.,Converted to PO
3723,723,57,250.000,No,2024-09-21,12.00,High,Required for Insulation Materials consumption plan.,0.000,11520.000,BG-2024-03,Generated PR item.,Converted to PO
3724,724,58,64.000,No,2024-09-17,6.00,High,Required for Insulation Materials consumption plan.,0.000,48000.000,BG-2024-04,Generated PR item.,Converted to PO
3725,725,59,7.000,No,2024-09-22,5.00,Urgent,Required for Insulation Materials consumption plan.,0.000,48000.000,BG-2024-05,Generated PR item.,Converted to PO
3726,726,60,151.000,m,2024-09-29,18.00,High,Required for Insulation Materials consumption plan.,0.000,400.000,BG-2024-06,Generated PR item.,Converted to PO
3727,727,61,441.000,m,2024-09-20,25.00,High,Required for Insulation Materials consumption plan.,0.000,384.000,BG-2024-07,Generated PR item.,Converted to PO
3728,728,62,411.000,m,2024-09-28,45.00,High,Required for Insulation Materials consumption plan.,0.000,240.000,BG-2024-08,Generated PR item.,Converted to PO
3729,729,63,67.000,No,2024-09-27,3.00,Urgent,Required for Fasteners consumption plan.,0.000,6400.000,BG-2024-09,Generated PR item.,Converted to PO
3730,730,64,97.000,No,2024-09-18,5.00,High,Required for Fasteners consumption plan.,0.000,4800.000,BG-2024-10,Generated PR item.,Converted to PO
3731,731,65,291.000,No,2024-09-17,12.00,High,Required for Fasteners consumption plan.,0.000,2880.000,BG-2024-11,Generated PR item.,Converted to PO
3732,732,66,337.000,No,2024-09-27,1.50,High,Required for Fasteners consumption plan.,0.000,6400.000,BG-2024-12,Generated PR item.,Converted to PO
3733,733,67,492.000,No,2024-09-17,2.50,Urgent,Required for Fasteners consumption plan.,0.000,4800.000,BG-2024-01,Generated PR item.,Converted to PO
3734,734,68,383.000,No,2024-09-21,6.00,High,Required for Fasteners consumption plan.,0.000,2880.000,BG-2024-02,Generated PR item.,Converted to PO
3735,735,69,121.000,No,2024-09-19,0.80,High,Required for Fasteners consumption plan.,0.000,6400.000,BG-2024-03,Generated PR item.,Converted to PO
3736,736,70,37.000,No,2024-09-25,1.20,High,Required for Fasteners consumption plan.,0.000,4800.000,BG-2024-04,Generated PR item.,Converted to PO
3737,737,71,324.000,No,2024-09-20,2.50,Urgent,Required for Fasteners consumption plan.,0.000,2880.000,BG-2024-05,Generated PR item.,Converted to PO
3738,738,72,286.000,No,2024-09-26,0.80,High,Required for Fasteners consumption plan.,0.000,6400.000,BG-2024-06,Generated PR item.,Converted to PO
3739,739,73,463.000,No,2024-10-02,1.20,High,Required for Fasteners consumption plan.,0.000,4800.000,BG-2024-07,Generated PR item.,Converted to PO
3740,740,74,296.000,No,2024-09-30,2.50,High,Required for Fasteners consumption plan.,0.000,2880.000,BG-2024-08,Generated PR item.,Converted to PO
3741,741,75,261.000,No,2024-10-03,4.00,Urgent,Required for Fasteners consumption plan.,0.000,1600.000,BG-2024-09,Generated PR item.,Converted to PO
3742,742,76,165.000,No,2024-09-17,7.00,High,Required for Fasteners consumption plan.,0.000,960.000,BG-2024-10,Generated PR item.,Converted to PO
3743,743,77,61.000,No,2024-09-25,15.00,High,Required for Fasteners consumption plan.,0.000,480.000,BG-2024-11,Generated PR item.,Converted to PO
3744,744,78,441.000,No,2024-09-20,4.00,High,Required for Fasteners consumption plan.,0.000,3040.000,BG-2024-12,Generated PR item.,Converted to PO
3745,745,79,417.000,No,2024-10-03,4.00,Urgent,Required for Fasteners consumption plan.,0.000,3040.000,BG-2024-01,Generated PR item.,Converted to PO
3746,746,80,20461.000,ml,2024-09-29,0.80,High,Required for Consumables consumption plan.,0.000,144000.000,BG-2024-02,Generated PR item.,Converted to PO
3747,747,81,21413.000,g,2024-09-22,1.20,High,Required for Consumables consumption plan.,0.000,42000.000,BG-2024-03,Generated PR item.,Converted to PO
3748,748,82,39598.000,ml,2024-09-27,1.50,High,Required for Consumables consumption plan.,0.000,8000.000,BG-2024-04,Generated PR item.,Converted to PO
3749,749,83,13674.000,g,2024-09-27,0.60,Urgent,Required for Consumables consumption plan.,0.000,24000.000,BG-2024-05,Generated PR item.,Converted to PO
3750,750,84,85624.000,ml,2024-09-26,0.25,High,Required for Consumables consumption plan.,0.000,156000.000,BG-2024-06,Generated PR item.,Converted to PO
3751,751,85,25419.000,g,2024-09-27,1.80,High,Required for Consumables consumption plan.,0.000,9000.000,BG-2024-07,Generated PR item.,Converted to PO
3752,752,86,6528.000,g,2024-09-19,1.20,High,Required for Consumables consumption plan.,0.000,4000.000,BG-2024-08,Generated PR item.,Converted to PO
3753,753,87,9920.000,g,2024-09-27,0.80,Urgent,Required for Consumables consumption plan.,0.000,12000.000,BG-2024-09,Generated PR item.,Converted to PO
3754,754,88,207.000,No,2024-09-27,45.00,High,Required for Packaging Materials consumption plan.,0.000,1520.000,BG-2024-10,Generated PR item.,Converted to PO
3755,755,89,230.000,No,2024-10-05,18.00,High,Required for Packaging Materials consumption plan.,0.000,3040.000,BG-2024-11,Generated PR item.,Converted to PO
3756,756,90,24.000,Sheet,2024-10-06,10.00,High,Required for Packaging Materials consumption plan.,0.000,1760.000,BG-2024-12,Generated PR item.,Converted to PO
3757,757,91,210.000,No,2024-10-04,6.00,Urgent,Required for Packaging Materials consumption plan.,0.000,1520.000,BG-2024-01,Generated PR item.,Converted to PO
3758,758,92,255.000,m,2024-09-22,1.20,High,Required for Packaging Materials consumption plan.,0.000,1600.000,BG-2024-02,Generated PR item.,Converted to PO
3759,759,93,150.000,No,2024-10-07,3.00,High,Required for Packaging Materials consumption plan.,0.000,1760.000,BG-2024-03,Generated PR item.,Converted to PO
3760,760,94,23.000,No,2024-09-29,35.00,High,Required for Identification & Documentation consumption plan.,0.000,1520.000,BG-2024-04,Generated PR item.,Converted to PO
3761,761,95,172.000,No,2024-09-30,3.00,Urgent,Required for Identification & Documentation consumption plan.,0.000,1520.000,BG-2024-05,Generated PR item.,Converted to PO
3762,762,96,171.000,No,2024-10-10,4.00,High,Required for Identification & Documentation consumption plan.,0.000,1520.000,BG-2024-06,Generated PR item.,Converted to PO
3763,763,97,168.000,No,2024-10-08,2.00,High,Required for Identification & Documentation consumption plan.,0.000,1520.000,BG-2024-07,Generated PR item.,Converted to PO
3764,764,98,199.000,No,2024-09-24,8.00,High,Required for Identification & Documentation consumption plan.,0.000,1520.000,BG-2024-08,Generated PR item.,Converted to PO
3765,765,99,237.000,No,2024-10-01,4.00,Urgent,Required for Identification & Documentation consumption plan.,0.000,1520.000,BG-2024-09,Generated PR item.,Converted to PO
3766,766,1,433.000,No,2024-10-08,1800.00,High,Required for Core Components consumption plan.,0.000,800.000,BG-2024-10,Generated PR item.,Converted to PO
3767,767,2,385.000,No,2024-10-04,2800.00,High,Required for Core Components consumption plan.,0.000,480.000,BG-2024-11,Generated PR item.,Converted to PO
3768,768,3,492.000,No,2024-09-30,6200.00,High,Required for Core Components consumption plan.,0.000,240.000,BG-2024-12,Generated PR item.,Converted to PO
3769,769,4,354.000,No,2024-10-06,1200.00,Urgent,Required for Core Components consumption plan.,0.000,800.000,BG-2024-01,Generated PR item.,Converted to PO
3770,770,5,353.000,No,2024-10-12,2200.00,High,Required for Core Components consumption plan.,0.000,480.000,BG-2024-02,Generated PR item.,Converted to PO
3771,771,6,294.000,No,2024-10-01,5000.00,High,Required for Core Components consumption plan.,0.000,240.000,BG-2024-03,Generated PR item.,Converted to PO
3772,772,7,194.000,No,2024-10-10,180.00,High,Required for Magnetic Components consumption plan.,0.000,6400.000,BG-2024-04,Generated PR item.,Converted to PO
3773,773,8,22.000,No,2024-10-10,240.00,Urgent,Required for Magnetic Components consumption plan.,0.000,4800.000,BG-2024-05,Generated PR item.,Converted to PO
3774,774,9,129.000,No,2024-10-13,360.00,High,Required for Magnetic Components consumption plan.,0.000,2880.000,BG-2024-06,Generated PR item.,Converted to PO
3775,775,10,109.000,No,2024-10-03,450.00,High,Required for Mechanical Components consumption plan.,0.000,800.000,BG-2024-07,Generated PR item.,Converted to PO
3776,776,11,229.000,No,2024-10-01,750.00,High,Required for Mechanical Components consumption plan.,0.000,480.000,BG-2024-08,Generated PR item.,Converted to PO
3777,777,12,22.000,No,2024-10-08,1800.00,Urgent,Required for Mechanical Components consumption plan.,0.000,240.000,BG-2024-09,Generated PR item.,Converted to PO
3778,778,13,163.000,No,2024-10-08,160.00,High,Required for Mechanical Components consumption plan.,0.000,800.000,BG-2024-10,Generated PR item.,Converted to PO
3779,779,14,50.000,No,2024-10-07,220.00,High,Required for Mechanical Components consumption plan.,0.000,480.000,BG-2024-11,Generated PR item.,Converted to PO
3780,780,15,222.000,No,2024-10-15,420.00,High,Required for Mechanical Components consumption plan.,0.000,240.000,BG-2024-12,Generated PR item.,Converted to PO
3781,781,16,214.000,No,2024-10-15,1300.00,Urgent,Required for Mechanical Components consumption plan.,0.000,800.000,BG-2024-01,Generated PR item.,Converted to PO
3782,782,17,62.000,No,2024-10-05,2400.00,High,Required for Mechanical Components consumption plan.,0.000,480.000,BG-2024-02,Generated PR item.,Converted to PO
3783,783,18,219.000,No,2024-10-16,5200.00,High,Required for Mechanical Components consumption plan.,0.000,240.000,BG-2024-03,Generated PR item.,Converted to PO
3784,784,19,127.000,No,2024-10-06,450.00,High,Required for Mechanical Components consumption plan.,0.000,1520.000,BG-2024-04,Generated PR item.,Converted to PO
3785,785,20,243.000,No,2024-10-10,450.00,Urgent,Required for Mechanical Components consumption plan.,0.000,1520.000,BG-2024-05,Generated PR item.,Converted to PO
3786,786,21,184.000,No,2024-10-03,60.00,High,Required for Mechanical Components consumption plan.,0.000,1280.000,BG-2024-06,Generated PR item.,Converted to PO
3787,787,22,13.000,No,2024-10-09,120.00,High,Required for Mechanical Components consumption plan.,0.000,240.000,BG-2024-07,Generated PR item.,Converted to PO
3788,788,23,24.000,No,2024-10-21,120.00,High,Required for Bearings consumption plan.,0.000,1600.000,BG-2024-08,Generated PR item.,Converted to PO
3789,789,24,43.000,No,2024-10-11,220.00,Urgent,Required for Bearings consumption plan.,0.000,960.000,BG-2024-09,Generated PR item.,Converted to PO
3790,790,25,25.000,No,2024-10-17,650.00,High,Required for Bearings consumption plan.,0.000,480.000,BG-2024-10,Generated PR item.,Converted to PO
3791,791,26,37.000,No,2024-10-07,15.00,High,Required for Sealing Components consumption plan.,0.000,1520.000,BG-2024-11,Generated PR item.,Converted to PO
3792,792,27,245.000,No,2024-10-18,45.00,High,Required for Sealing Components consumption plan.,0.000,1280.000,BG-2024-12,Generated PR item.,Converted to PO
3793,793,28,218.000,No,2024-10-13,110.00,Urgent,Required for Sealing Components consumption plan.,0.000,480.000,BG-2024-01,Generated PR item.,Converted to PO
3794,794,29,93.000,kg,2024-10-20,850.00,High,Required for Electrical Components consumption plan.,0.000,1440.000,BG-2024-02,Generated PR item.,Converted to PO
3795,795,30,51.000,kg,2024-10-24,880.00,High,Required for Electrical Components consumption plan.,0.000,1536.000,BG-2024-03,Generated PR item.,Converted to PO
3796,796,31,44.000,kg,2024-10-17,920.00,High,Required for Electrical Components consumption plan.,0.000,1560.000,BG-2024-04,Generated PR item.,Converted to PO
3797,797,32,460.000,m,2024-10-10,35.00,Urgent,Required for Electrical Components consumption plan.,0.000,2400.000,BG-2024-05,Generated PR item.,Converted to PO
3798,798,33,179.000,m,2024-10-17,60.00,High,Required for Electrical Components consumption plan.,0.000,1920.000,BG-2024-06,Generated PR item.,Converted to PO
3799,799,34,26.000,m,2024-10-12,150.00,High,Required for Electrical Components consumption plan.,0.000,1200.000,BG-2024-07,Generated PR item.,Converted to PO
3800,800,35,102.000,No,2024-10-18,90.00,High,Required for Electrical Components consumption plan.,0.000,800.000,BG-2024-08,Generated PR item.,Converted to PO
3801,801,36,116.000,No,2024-10-11,180.00,Urgent,Required for Electrical Components consumption plan.,0.000,480.000,BG-2024-09,Generated PR item.,Converted to PO
3802,802,37,158.000,No,2024-10-22,420.00,High,Required for Electrical Components consumption plan.,0.000,240.000,BG-2024-10,Generated PR item.,Converted to PO
3803,803,38,88.000,No,2024-10-17,12.00,High,Required for Electrical Components consumption plan.,0.000,4560.000,BG-2024-11,Generated PR item.,Converted to PO
3804,804,39,232.000,No,2024-10-15,45.00,High,Required for Electronic Components consumption plan.,0.000,2400.000,BG-2024-12,Generated PR item.,Converted to PO
3805,805,40,163.000,No,2024-10-12,120.00,Urgent,Required for Electronic Components consumption plan.,0.000,800.000,BG-2024-01,Generated PR item.,Converted to PO
3806,806,41,247.000,No,2024-10-27,1400.00,High,Required for Electronic Components consumption plan.,0.000,480.000,BG-2024-02,Generated PR item.,Converted to PO
3807,807,42,95.000,No,2024-10-27,3200.00,High,Required for Electronic Components consumption plan.,0.000,240.000,BG-2024-03,Generated PR item.,Converted to PO
3808,808,43,165.000,No,2024-10-27,85.00,High,Required for Electronic Components consumption plan.,0.000,480.000,BG-2024-04,Generated PR item.,Converted to PO
3809,809,44,94.000,No,2024-10-14,220.00,Urgent,Required for Electronic Components consumption plan.,0.000,480.000,BG-2024-05,Generated PR item.,Converted to PO
3810,810,45,177.000,No,2024-10-19,350.00,High,Required for Electronic Components consumption plan.,0.000,1280.000,BG-2024-06,Generated PR item.,Converted to PO
3811,811,46,188.000,No,2024-10-30,750.00,High,Required for Electronic Components consumption plan.,0.000,240.000,BG-2024-07,Generated PR item.,Converted to PO
3812,812,47,29.000,Set,2024-10-23,450.00,High,Required for Electronic Components consumption plan.,0.000,1280.000,BG-2024-08,Generated PR item.,Converted to PO
3813,813,48,76.000,Set,2024-10-16,950.00,Urgent,Required for Electronic Components consumption plan.,0.000,240.000,BG-2024-09,Generated PR item.,Converted to PO
3814,814,49,215.000,No,2024-10-16,25.00,High,Required for Electronic Components consumption plan.,0.000,800.000,BG-2024-10,Generated PR item.,Converted to PO
3815,815,50,225.000,No,2024-10-18,40.00,High,Required for Electronic Components consumption plan.,0.000,480.000,BG-2024-11,Generated PR item.,Converted to PO
3816,816,51,58.000,No,2024-10-31,110.00,High,Required for Electronic Components consumption plan.,0.000,240.000,BG-2024-12,Generated PR item.,Converted to PO
3817,817,52,181.000,No,2024-10-18,2.00,Urgent,Required for Electronic Components consumption plan.,0.000,4000.000,BG-2024-01,Generated PR item.,Converted to PO
3818,818,53,31.000,No,2024-10-31,3.00,High,Required for Electronic Components consumption plan.,0.000,2880.000,BG-2024-02,Generated PR item.,Converted to PO
3819,819,54,30.000,No,2024-10-27,5.00,High,Required for Electronic Components consumption plan.,0.000,1920.000,BG-2024-03,Generated PR item.,Converted to PO
3820,820,55,244.000,No,2024-10-31,8.00,High,Required for Insulation Materials consumption plan.,0.000,19200.000,BG-2024-04,Generated PR item.,Converted to PO
3821,821,56,42.000,No,2024-10-30,10.00,Urgent,Required for Insulation Materials consumption plan.,0.000,17280.000,BG-2024-05,Generated PR item.,Converted to PO
3822,822,57,217.000,No,2024-10-21,12.00,High,Required for Insulation Materials consumption plan.,0.000,11520.000,BG-2024-06,Generated PR item.,Converted to PO
3823,823,58,110.000,No,2024-10-31,6.00,High,Required for Insulation Materials consumption plan.,0.000,48000.000,BG-2024-07,Generated PR item.,Converted to PO
3824,824,59,79.000,No,2024-10-20,5.00,High,Required for Insulation Materials consumption plan.,0.000,48000.000,BG-2024-08,Generated PR item.,Converted to PO
3825,825,60,55.000,m,2024-10-22,18.00,Urgent,Required for Insulation Materials consumption plan.,0.000,400.000,BG-2024-09,Generated PR item.,Converted to PO
3826,826,61,344.000,m,2024-10-20,25.00,High,Required for Insulation Materials consumption plan.,0.000,384.000,BG-2024-10,Generated PR item.,Converted to PO
3827,827,62,366.000,m,2024-10-19,45.00,High,Required for Insulation Materials consumption plan.,0.000,240.000,BG-2024-11,Generated PR item.,Converted to PO
3828,828,63,244.000,No,2024-10-19,3.00,High,Required for Fasteners consumption plan.,0.000,6400.000,BG-2024-12,Generated PR item.,Converted to PO
3829,829,64,409.000,No,2024-10-21,5.00,Urgent,Required for Fasteners consumption plan.,0.000,4800.000,BG-2024-01,Generated PR item.,Converted to PO
3830,830,65,175.000,No,2024-10-20,12.00,High,Required for Fasteners consumption plan.,0.000,2880.000,BG-2024-02,Generated PR item.,Converted to PO
3831,831,66,285.000,No,2024-10-24,1.50,High,Required for Fasteners consumption plan.,0.000,6400.000,BG-2024-03,Generated PR item.,Converted to PO
3832,832,67,157.000,No,2024-10-20,2.50,High,Required for Fasteners consumption plan.,0.000,4800.000,BG-2024-04,Generated PR item.,Converted to PO
3833,833,68,300.000,No,2024-10-20,6.00,Urgent,Required for Fasteners consumption plan.,0.000,2880.000,BG-2024-05,Generated PR item.,Converted to PO
3834,834,69,85.000,No,2024-11-05,0.80,High,Required for Fasteners consumption plan.,0.000,6400.000,BG-2024-06,Generated PR item.,Converted to PO
3835,835,70,249.000,No,2024-10-20,1.20,High,Required for Fasteners consumption plan.,0.000,4800.000,BG-2024-07,Generated PR item.,Converted to PO
3836,836,71,284.000,No,2024-10-21,2.50,High,Required for Fasteners consumption plan.,0.000,2880.000,BG-2024-08,Generated PR item.,Converted to PO
3837,837,72,287.000,No,2024-10-21,0.80,Urgent,Required for Fasteners consumption plan.,0.000,6400.000,BG-2024-09,Generated PR item.,Converted to PO
3838,838,73,234.000,No,2024-10-23,1.20,High,Required for Fasteners consumption plan.,0.000,4800.000,BG-2024-10,Generated PR item.,Converted to PO
3839,839,74,329.000,No,2024-10-30,2.50,High,Required for Fasteners consumption plan.,0.000,2880.000,BG-2024-11,Generated PR item.,Converted to PO
3840,840,75,266.000,No,2024-11-04,4.00,High,Required for Fasteners consumption plan.,0.000,1600.000,BG-2024-12,Generated PR item.,Converted to PO
3841,841,76,156.000,No,2024-11-03,7.00,Urgent,Required for Fasteners consumption plan.,0.000,960.000,BG-2024-01,Generated PR item.,Converted to PO
3842,842,77,123.000,No,2024-10-31,15.00,High,Required for Fasteners consumption plan.,0.000,480.000,BG-2024-02,Generated PR item.,Converted to PO
3843,843,78,331.000,No,2024-10-22,4.00,High,Required for Fasteners consumption plan.,0.000,3040.000,BG-2024-03,Generated PR item.,Converted to PO
3844,844,79,471.000,No,2024-11-03,4.00,High,Required for Fasteners consumption plan.,0.000,3040.000,BG-2024-04,Generated PR item.,Converted to PO
3845,845,80,76553.000,ml,2024-10-21,0.80,Urgent,Required for Consumables consumption plan.,0.000,144000.000,BG-2024-05,Generated PR item.,Converted to PO
3846,846,81,19519.000,g,2024-11-02,1.20,High,Required for Consumables consumption plan.,0.000,42000.000,BG-2024-06,Generated PR item.,Converted to PO
3847,847,82,92546.000,ml,2024-10-29,1.50,High,Required for Consumables consumption plan.,0.000,8000.000,BG-2024-07,Generated PR item.,Converted to PO
3848,848,83,27089.000,g,2024-11-06,0.60,High,Required for Consumables consumption plan.,0.000,24000.000,BG-2024-08,Generated PR item.,Converted to PO
3849,849,84,53115.000,ml,2024-10-27,0.25,Urgent,Required for Consumables consumption plan.,0.000,156000.000,BG-2024-09,Generated PR item.,Converted to PO
3850,850,85,4168.000,g,2024-11-02,1.80,High,Required for Consumables consumption plan.,0.000,9000.000,BG-2024-10,Generated PR item.,Converted to PO
3851,851,86,19394.000,g,2024-10-29,1.20,High,Required for Consumables consumption plan.,0.000,4000.000,BG-2024-11,Generated PR item.,Converted to PO
3852,852,87,19063.000,g,2024-11-01,0.80,High,Required for Consumables consumption plan.,0.000,12000.000,BG-2024-12,Generated PR item.,Converted to PO
3853,853,88,73.000,No,2024-11-08,45.00,Urgent,Required for Packaging Materials consumption plan.,0.000,1520.000,BG-2024-01,Generated PR item.,Converted to PO
3854,854,89,213.000,No,2024-11-04,18.00,High,Required for Packaging Materials consumption plan.,0.000,3040.000,BG-2024-02,Generated PR item.,Converted to PO
3855,855,90,219.000,Sheet,2024-10-30,10.00,High,Required for Packaging Materials consumption plan.,0.000,1760.000,BG-2024-03,Generated PR item.,Converted to PO
3856,856,91,86.000,No,2024-10-31,6.00,High,Required for Packaging Materials consumption plan.,0.000,1520.000,BG-2024-04,Generated PR item.,Converted to PO
3857,857,92,249.000,m,2024-11-04,1.20,Urgent,Required for Packaging Materials consumption plan.,0.000,1600.000,BG-2024-05,Generated PR item.,Converted to PO
3858,858,93,53.000,No,2024-10-30,3.00,High,Required for Packaging Materials consumption plan.,0.000,1760.000,BG-2024-06,Generated PR item.,Converted to PO
3859,859,94,48.000,No,2024-10-28,35.00,High,Required for Identification & Documentation consumption plan.,0.000,1520.000,BG-2024-07,Generated PR item.,Converted to PO
3860,860,95,70.000,No,2024-11-02,3.00,High,Required for Identification & Documentation consumption plan.,0.000,1520.000,BG-2024-08,Generated PR item.,Converted to PO
3861,861,96,94.000,No,2024-10-26,4.00,Urgent,Required for Identification & Documentation consumption plan.,0.000,1520.000,BG-2024-09,Generated PR item.,Converted to PO
3862,862,97,72.000,No,2024-10-28,2.00,High,Required for Identification & Documentation consumption plan.,0.000,1520.000,BG-2024-10,Generated PR item.,Converted to PO
3863,863,98,42.000,No,2024-11-02,8.00,High,Required for Identification & Documentation consumption plan.,0.000,1520.000,BG-2024-11,Generated PR item.,Converted to PO
3864,864,99,115.000,No,2024-11-09,4.00,High,Required for Identification & Documentation consumption plan.,0.000,1520.000,BG-2024-12,Generated PR item.,Converted to PO
3865,865,1,331.000,No,2024-11-09,1800.00,Urgent,Required for Core Components consumption plan.,0.000,800.000,BG-2024-01,Generated PR item.,Converted to PO
3866,866,2,197.000,No,2024-10-30,2800.00,High,Required for Core Components consumption plan.,0.000,480.000,BG-2024-02,Generated PR item.,Converted to PO
3867,867,3,290.000,No,2024-11-04,6200.00,High,Required for Core Components consumption plan.,0.000,240.000,BG-2024-03,Generated PR item.,Converted to PO
3868,868,4,172.000,No,2024-10-30,1200.00,High,Required for Core Components consumption plan.,0.000,800.000,BG-2024-04,Generated PR item.,Converted to PO
3869,869,5,367.000,No,2024-11-11,2200.00,Urgent,Required for Core Components consumption plan.,0.000,480.000,BG-2024-05,Generated PR item.,Converted to PO
3870,870,6,342.000,No,2024-11-02,5000.00,High,Required for Core Components consumption plan.,0.000,240.000,BG-2024-06,Generated PR item.,Converted to PO
3871,871,7,241.000,No,2024-11-12,180.00,High,Required for Magnetic Components consumption plan.,0.000,6400.000,BG-2024-07,Generated PR item.,Converted to PO
3872,872,8,18.000,No,2024-11-13,240.00,High,Required for Magnetic Components consumption plan.,0.000,4800.000,BG-2024-08,Generated PR item.,Converted to PO
3873,873,9,214.000,No,2024-11-11,360.00,Urgent,Required for Magnetic Components consumption plan.,0.000,2880.000,BG-2024-09,Generated PR item.,Converted to PO
3874,874,10,88.000,No,2024-11-04,450.00,High,Required for Mechanical Components consumption plan.,0.000,800.000,BG-2024-10,Generated PR item.,Converted to PO
3875,875,11,21.000,No,2024-11-16,750.00,High,Required for Mechanical Components consumption plan.,0.000,480.000,BG-2024-11,Generated PR item.,Converted to PO
3876,876,12,174.000,No,2024-11-11,1800.00,High,Required for Mechanical Components consumption plan.,0.000,240.000,BG-2024-12,Generated PR item.,Converted to PO
3877,877,13,47.000,No,2024-11-11,160.00,Urgent,Required for Mechanical Components consumption plan.,0.000,800.000,BG-2024-01,Generated PR item.,Converted to PO
3878,878,14,48.000,No,2024-11-15,220.00,High,Required for Mechanical Components consumption plan.,0.000,480.000,BG-2024-02,Generated PR item.,Converted to PO
3879,879,15,245.000,No,2024-11-16,420.00,High,Required for Mechanical Components consumption plan.,0.000,240.000,BG-2024-03,Generated PR item.,Converted to PO
3880,880,16,59.000,No,2024-11-02,1300.00,High,Required for Mechanical Components consumption plan.,0.000,800.000,BG-2024-04,Generated PR item.,Converted to PO
3881,881,17,139.000,No,2024-11-16,2400.00,Urgent,Required for Mechanical Components consumption plan.,0.000,480.000,BG-2024-05,Generated PR item.,Converted to PO
3882,882,18,54.000,No,2024-11-14,5200.00,High,Required for Mechanical Components consumption plan.,0.000,240.000,BG-2024-06,Generated PR item.,Converted to PO
3883,883,19,35.000,No,2024-11-05,450.00,High,Required for Mechanical Components consumption plan.,0.000,1520.000,BG-2024-07,Generated PR item.,Converted to PO
3884,884,20,5.000,No,2024-11-07,450.00,High,Required for Mechanical Components consumption plan.,0.000,1520.000,BG-2024-08,Generated PR item.,Converted to PO
3885,885,21,8.000,No,2024-11-16,60.00,Urgent,Required for Mechanical Components consumption plan.,0.000,1280.000,BG-2024-09,Generated PR item.,Converted to PO
3886,886,22,121.000,No,2024-11-06,120.00,High,Required for Mechanical Components consumption plan.,0.000,240.000,BG-2024-10,Generated PR item.,Converted to PO
3887,887,23,46.000,No,2024-11-11,120.00,High,Required for Bearings consumption plan.,0.000,1600.000,BG-2024-11,Generated PR item.,Converted to PO
3888,888,24,8.000,No,2024-11-16,220.00,High,Required for Bearings consumption plan.,0.000,960.000,BG-2024-12,Generated PR item.,Converted to PO
3889,889,25,38.000,No,2024-11-15,650.00,Urgent,Required for Bearings consumption plan.,0.000,480.000,BG-2024-01,Generated PR item.,Converted to PO
3890,890,26,72.000,No,2024-11-21,15.00,High,Required for Sealing Components consumption plan.,0.000,1520.000,BG-2024-02,Generated PR item.,Converted to PO
3891,891,27,145.000,No,2024-11-08,45.00,High,Required for Sealing Components consumption plan.,0.000,1280.000,BG-2024-03,Generated PR item.,Converted to PO
3892,892,28,249.000,No,2024-11-11,110.00,High,Required for Sealing Components consumption plan.,0.000,480.000,BG-2024-04,Generated PR item.,Converted to PO
3893,893,29,142.000,kg,2024-11-23,850.00,Urgent,Required for Electrical Components consumption plan.,0.000,1440.000,BG-2024-05,Generated PR item.,Converted to PO
3894,894,30,185.000,kg,2024-11-17,880.00,High,Required for Electrical Components consumption plan.,0.000,1536.000,BG-2024-06,Generated PR item.,Converted to PO
3895,895,31,46.000,kg,2024-11-11,920.00,High,Required for Electrical Components consumption plan.,0.000,1560.000,BG-2024-07,Generated PR item.,Converted to PO
3896,896,32,123.000,m,2024-11-12,35.00,High,Required for Electrical Components consumption plan.,0.000,2400.000,BG-2024-08,Generated PR item.,Converted to PO
3897,897,33,381.000,m,2024-11-14,60.00,Urgent,Required for Electrical Components consumption plan.,0.000,1920.000,BG-2024-09,Generated PR item.,Converted to PO
3898,898,34,169.000,m,2024-11-17,150.00,High,Required for Electrical Components consumption plan.,0.000,1200.000,BG-2024-10,Generated PR item.,Converted to PO
3899,899,35,213.000,No,2024-11-13,90.00,High,Required for Electrical Components consumption plan.,0.000,800.000,BG-2024-11,Generated PR item.,Converted to PO
3900,900,36,119.000,No,2024-11-20,180.00,High,Required for Electrical Components consumption plan.,0.000,480.000,BG-2024-12,Generated PR item.,Converted to PO
3901,901,37,54.000,No,2024-11-17,420.00,Urgent,Required for Electrical Components consumption plan.,0.000,240.000,BG-2024-01,Generated PR item.,Converted to PO
3902,902,38,212.000,No,2024-11-19,12.00,High,Required for Electrical Components consumption plan.,0.000,4560.000,BG-2024-02,Generated PR item.,Converted to PO
3903,903,39,140.000,No,2024-11-11,45.00,High,Required for Electronic Components consumption plan.,0.000,2400.000,BG-2024-03,Generated PR item.,Converted to PO
3904,904,40,202.000,No,2024-11-21,120.00,High,Required for Electronic Components consumption plan.,0.000,800.000,BG-2024-04,Generated PR item.,Converted to PO
3905,905,41,116.000,No,2024-11-26,1400.00,Urgent,Required for Electronic Components consumption plan.,0.000,480.000,BG-2024-05,Generated PR item.,Converted to PO
3906,906,42,36.000,No,2024-11-12,3200.00,High,Required for Electronic Components consumption plan.,0.000,240.000,BG-2024-06,Generated PR item.,Converted to PO
3907,907,43,172.000,No,2024-11-15,85.00,High,Required for Electronic Components consumption plan.,0.000,480.000,BG-2024-07,Generated PR item.,Converted to PO
3908,908,44,35.000,No,2024-11-23,220.00,High,Required for Electronic Components consumption plan.,0.000,480.000,BG-2024-08,Generated PR item.,Converted to PO
3909,909,45,168.000,No,2024-11-23,350.00,Urgent,Required for Electronic Components consumption plan.,0.000,1280.000,BG-2024-09,Generated PR item.,Converted to PO
3910,910,46,107.000,No,2024-11-24,750.00,High,Required for Electronic Components consumption plan.,0.000,240.000,BG-2024-10,Generated PR item.,Converted to PO
3911,911,47,65.000,Set,2024-11-22,450.00,High,Required for Electronic Components consumption plan.,0.000,1280.000,BG-2024-11,Generated PR item.,Converted to PO
3912,912,48,71.000,Set,2024-11-24,950.00,High,Required for Electronic Components consumption plan.,0.000,240.000,BG-2024-12,Generated PR item.,Converted to PO
3913,913,49,105.000,No,2024-11-22,25.00,Urgent,Required for Electronic Components consumption plan.,0.000,800.000,BG-2024-01,Generated PR item.,Converted to PO
3914,914,50,221.000,No,2024-11-13,40.00,High,Required for Electronic Components consumption plan.,0.000,480.000,BG-2024-02,Generated PR item.,Converted to PO
3915,915,51,32.000,No,2024-11-25,110.00,High,Required for Electronic Components consumption plan.,0.000,240.000,BG-2024-03,Generated PR item.,Converted to PO
3916,916,52,31.000,No,2024-11-21,2.00,High,Required for Electronic Components consumption plan.,0.000,4000.000,BG-2024-04,Generated PR item.,Converted to PO
3917,917,53,249.000,No,2024-11-14,3.00,Urgent,Required for Electronic Components consumption plan.,0.000,2880.000,BG-2024-05,Generated PR item.,Converted to PO
3918,918,54,146.000,No,2024-11-22,5.00,High,Required for Electronic Components consumption plan.,0.000,1920.000,BG-2024-06,Generated PR item.,Converted to PO
3919,919,55,115.000,No,2024-11-22,8.00,High,Required for Insulation Materials consumption plan.,0.000,19200.000,BG-2024-07,Generated PR item.,Converted to PO
3920,920,56,43.000,No,2024-11-16,10.00,High,Required for Insulation Materials consumption plan.,0.000,17280.000,BG-2024-08,Generated PR item.,Converted to PO
3921,921,57,76.000,No,2024-12-03,12.00,Urgent,Required for Insulation Materials consumption plan.,0.000,11520.000,BG-2024-09,Generated PR item.,Converted to PO
3922,922,58,173.000,No,2024-11-20,6.00,High,Required for Insulation Materials consumption plan.,0.000,48000.000,BG-2024-10,Generated PR item.,Converted to PO
3923,923,59,207.000,No,2024-11-22,5.00,High,Required for Insulation Materials consumption plan.,0.000,48000.000,BG-2024-11,Generated PR item.,Converted to PO
3924,924,60,460.000,m,2024-11-24,18.00,High,Required for Insulation Materials consumption plan.,0.000,400.000,BG-2024-12,Generated PR item.,Converted to PO
3925,925,61,216.000,m,2024-12-01,25.00,Urgent,Required for Insulation Materials consumption plan.,0.000,384.000,BG-2024-01,Generated PR item.,Converted to PO
3926,926,62,238.000,m,2024-12-01,45.00,High,Required for Insulation Materials consumption plan.,0.000,240.000,BG-2024-02,Generated PR item.,Converted to PO
3927,927,63,98.000,No,2024-12-01,3.00,High,Required for Fasteners consumption plan.,0.000,6400.000,BG-2024-03,Generated PR item.,Converted to PO
3928,928,64,59.000,No,2024-11-22,5.00,High,Required for Fasteners consumption plan.,0.000,4800.000,BG-2024-04,Generated PR item.,Converted to PO
3929,929,65,230.000,No,2024-12-03,12.00,Urgent,Required for Fasteners consumption plan.,0.000,2880.000,BG-2024-05,Generated PR item.,Converted to PO
3930,930,66,298.000,No,2024-12-03,1.50,High,Required for Fasteners consumption plan.,0.000,6400.000,BG-2024-06,Generated PR item.,Converted to PO
3931,931,67,70.000,No,2024-11-28,2.50,High,Required for Fasteners consumption plan.,0.000,4800.000,BG-2024-07,Generated PR item.,Converted to PO
3932,932,68,216.000,No,2024-11-29,6.00,High,Required for Fasteners consumption plan.,0.000,2880.000,BG-2024-08,Generated PR item.,Converted to PO
3933,933,69,328.000,No,2024-11-20,0.80,Urgent,Required for Fasteners consumption plan.,0.000,6400.000,BG-2024-09,Generated PR item.,Converted to PO
3934,934,70,410.000,No,2024-12-03,1.20,High,Required for Fasteners consumption plan.,0.000,4800.000,BG-2024-10,Generated PR item.,Converted to PO
3935,935,71,471.000,No,2024-12-07,2.50,High,Required for Fasteners consumption plan.,0.000,2880.000,BG-2024-11,Generated PR item.,Converted to PO
3936,936,72,183.000,No,2024-11-28,0.80,High,Required for Fasteners consumption plan.,0.000,6400.000,BG-2024-12,Generated PR item.,Converted to PO
3937,937,73,208.000,No,2024-11-29,1.20,Urgent,Required for Fasteners consumption plan.,0.000,4800.000,BG-2024-01,Generated PR item.,Converted to PO
3938,938,74,440.000,No,2024-11-28,2.50,High,Required for Fasteners consumption plan.,0.000,2880.000,BG-2024-02,Generated PR item.,Converted to PO
3939,939,75,353.000,No,2024-11-22,4.00,High,Required for Fasteners consumption plan.,0.000,1600.000,BG-2024-03,Generated PR item.,Converted to PO
3940,940,76,151.000,No,2024-12-02,7.00,High,Required for Fasteners consumption plan.,0.000,960.000,BG-2024-04,Generated PR item.,Converted to PO
3941,941,77,349.000,No,2024-12-03,15.00,Urgent,Required for Fasteners consumption plan.,0.000,480.000,BG-2024-05,Generated PR item.,Converted to PO
3942,942,78,95.000,No,2024-12-07,4.00,High,Required for Fasteners consumption plan.,0.000,3040.000,BG-2024-06,Generated PR item.,Converted to PO
3943,943,79,235.000,No,2024-12-08,4.00,High,Required for Fasteners consumption plan.,0.000,3040.000,BG-2024-07,Generated PR item.,Converted to PO
3944,944,80,34115.000,ml,2024-11-30,0.80,High,Required for Consumables consumption plan.,0.000,144000.000,BG-2024-08,Generated PR item.,Converted to PO
3945,945,81,29787.000,g,2024-12-09,1.20,Urgent,Required for Consumables consumption plan.,0.000,42000.000,BG-2024-09,Generated PR item.,Converted to PO
3946,946,82,8317.000,ml,2024-12-02,1.50,High,Required for Consumables consumption plan.,0.000,8000.000,BG-2024-10,Generated PR item.,Converted to PO
3947,947,83,25847.000,g,2024-12-04,0.60,High,Required for Consumables consumption plan.,0.000,24000.000,BG-2024-11,Generated PR item.,Converted to PO
3948,948,84,31718.000,ml,2024-12-03,0.25,High,Required for Consumables consumption plan.,0.000,156000.000,BG-2024-12,Generated PR item.,Converted to PO
3949,949,85,2050.000,g,2024-12-10,1.80,Urgent,Required for Consumables consumption plan.,0.000,9000.000,BG-2024-01,Generated PR item.,Converted to PO
3950,950,86,20144.000,g,2024-12-06,1.20,High,Required for Consumables consumption plan.,0.000,4000.000,BG-2024-02,Generated PR item.,Converted to PO
3951,951,87,20663.000,g,2024-11-26,0.80,High,Required for Consumables consumption plan.,0.000,12000.000,BG-2024-03,Generated PR item.,Converted to PO
3952,952,88,40.000,No,2024-11-25,45.00,High,Required for Packaging Materials consumption plan.,0.000,1520.000,BG-2024-04,Generated PR item.,Converted to PO
3953,953,89,14.000,No,2024-12-02,18.00,Urgent,Required for Packaging Materials consumption plan.,0.000,3040.000,BG-2024-05,Generated PR item.,Converted to PO
3954,954,90,32.000,Sheet,2024-12-04,10.00,High,Required for Packaging Materials consumption plan.,0.000,1760.000,BG-2024-06,Generated PR item.,Converted to PO
3955,955,91,105.000,No,2024-12-07,6.00,High,Required for Packaging Materials consumption plan.,0.000,1520.000,BG-2024-07,Generated PR item.,Converted to PO
3956,956,92,83.000,m,2024-12-03,1.20,High,Required for Packaging Materials consumption plan.,0.000,1600.000,BG-2024-08,Generated PR item.,Converted to PO
3957,957,93,177.000,No,2024-12-05,3.00,Urgent,Required for Packaging Materials consumption plan.,0.000,1760.000,BG-2024-09,Generated PR item.,Converted to PO
3958,958,94,24.000,No,2024-12-12,35.00,High,Required for Identification & Documentation consumption plan.,0.000,1520.000,BG-2024-10,Generated PR item.,Converted to PO
3959,959,95,199.000,No,2024-12-02,3.00,High,Required for Identification & Documentation consumption plan.,0.000,1520.000,BG-2024-11,Generated PR item.,Converted to PO
3960,960,96,220.000,No,2024-12-04,4.00,High,Required for Identification & Documentation consumption plan.,0.000,1520.000,BG-2024-12,Generated PR item.,Converted to PO
3961,961,97,181.000,No,2024-12-06,2.00,Urgent,Required for Identification & Documentation consumption plan.,0.000,1520.000,BG-2024-01,Generated PR item.,Converted to PO
3962,962,98,237.000,No,2024-12-05,8.00,High,Required for Identification & Documentation consumption plan.,0.000,1520.000,BG-2024-02,Generated PR item.,Converted to PO
3963,963,99,236.000,No,2024-12-14,4.00,High,Required for Identification & Documentation consumption plan.,0.000,1520.000,BG-2024-03,Generated PR item.,Converted to PO
3964,964,1,70.000,No,2024-12-14,1800.00,High,Required for Core Components consumption plan.,0.000,800.000,BG-2024-04,Generated PR item.,Converted to PO
3965,965,2,204.000,No,2024-12-06,2800.00,Urgent,Required for Core Components consumption plan.,0.000,480.000,BG-2024-05,Generated PR item.,Converted to PO
3966,966,3,392.000,No,2024-12-05,6200.00,High,Required for Core Components consumption plan.,0.000,240.000,BG-2024-06,Generated PR item.,Converted to PO
3967,967,4,203.000,No,2024-12-07,1200.00,High,Required for Core Components consumption plan.,0.000,800.000,BG-2024-07,Generated PR item.,Converted to PO
3968,968,5,382.000,No,2024-12-01,2200.00,High,Required for Core Components consumption plan.,0.000,480.000,BG-2024-08,Generated PR item.,Converted to PO
3969,969,6,399.000,No,2024-12-05,5000.00,Urgent,Required for Core Components consumption plan.,0.000,240.000,BG-2024-09,Generated PR item.,Converted to PO
3970,970,7,250.000,No,2024-12-01,180.00,High,Required for Magnetic Components consumption plan.,0.000,6400.000,BG-2024-10,Generated PR item.,Converted to PO
3971,971,8,86.000,No,2024-11-30,240.00,High,Required for Magnetic Components consumption plan.,0.000,4800.000,BG-2024-11,Generated PR item.,Converted to PO
3972,972,9,90.000,No,2024-11-29,360.00,High,Required for Magnetic Components consumption plan.,0.000,2880.000,BG-2024-12,Generated PR item.,Converted to PO
3973,973,10,10.000,No,2024-12-08,450.00,Urgent,Required for Mechanical Components consumption plan.,0.000,800.000,BG-2024-01,Generated PR item.,Converted to PO
3974,974,11,75.000,No,2024-11-29,750.00,High,Required for Mechanical Components consumption plan.,0.000,480.000,BG-2024-02,Generated PR item.,Converted to PO
3975,975,12,74.000,No,2024-12-10,1800.00,High,Required for Mechanical Components consumption plan.,0.000,240.000,BG-2024-03,Generated PR item.,Converted to PO
3976,976,13,116.000,No,2024-12-06,160.00,High,Required for Mechanical Components consumption plan.,0.000,800.000,BG-2024-04,Generated PR item.,Converted to PO
3977,977,14,108.000,No,2024-12-06,220.00,Urgent,Required for Mechanical Components consumption plan.,0.000,480.000,BG-2024-05,Generated PR item.,Converted to PO
3978,978,15,215.000,No,2024-12-14,420.00,High,Required for Mechanical Components consumption plan.,0.000,240.000,BG-2024-06,Generated PR item.,Converted to PO
3979,979,16,195.000,No,2024-12-10,1300.00,High,Required for Mechanical Components consumption plan.,0.000,800.000,BG-2024-07,Generated PR item.,Converted to PO
3980,980,17,184.000,No,2024-12-15,2400.00,High,Required for Mechanical Components consumption plan.,0.000,480.000,BG-2024-08,Generated PR item.,Converted to PO
3981,981,18,6.000,No,2024-12-14,5200.00,Urgent,Required for Mechanical Components consumption plan.,0.000,240.000,BG-2024-09,Generated PR item.,Converted to PO
3982,982,19,121.000,No,2024-12-02,450.00,High,Required for Mechanical Components consumption plan.,0.000,1520.000,BG-2024-10,Generated PR item.,Converted to PO
3983,983,20,184.000,No,2024-12-05,450.00,High,Required for Mechanical Components consumption plan.,0.000,1520.000,BG-2024-11,Generated PR item.,Converted to PO
3984,984,21,65.000,No,2024-12-12,60.00,High,Required for Mechanical Components consumption plan.,0.000,1280.000,BG-2024-12,Generated PR item.,Converted to PO
3985,985,22,109.000,No,2024-12-20,120.00,Urgent,Required for Mechanical Components consumption plan.,0.000,240.000,BG-2024-01,Generated PR item.,Converted to PO
3986,986,23,74.000,No,2024-12-05,120.00,High,Required for Bearings consumption plan.,0.000,1600.000,BG-2024-02,Generated PR item.,Converted to PO
3987,987,24,81.000,No,2024-12-04,220.00,High,Required for Bearings consumption plan.,0.000,960.000,BG-2024-03,Generated PR item.,Converted to PO
3988,988,25,87.000,No,2024-12-19,650.00,High,Required for Bearings consumption plan.,0.000,480.000,BG-2024-04,Generated PR item.,Converted to PO
3989,989,26,110.000,No,2024-12-20,15.00,Urgent,Required for Sealing Components consumption plan.,0.000,1520.000,BG-2024-05,Generated PR item.,Converted to PO
3990,990,27,103.000,No,2024-12-07,45.00,High,Required for Sealing Components consumption plan.,0.000,1280.000,BG-2024-06,Generated PR item.,Converted to PO
3991,991,28,99.000,No,2024-12-11,110.00,High,Required for Sealing Components consumption plan.,0.000,480.000,BG-2024-07,Generated PR item.,Converted to PO
3992,992,29,137.000,kg,2024-12-15,850.00,High,Required for Electrical Components consumption plan.,0.000,1440.000,BG-2024-08,Generated PR item.,Converted to PO
3993,993,30,90.000,kg,2024-12-08,880.00,Urgent,Required for Electrical Components consumption plan.,0.000,1536.000,BG-2024-09,Generated PR item.,Converted to PO
3994,994,31,86.000,kg,2024-12-10,920.00,High,Required for Electrical Components consumption plan.,0.000,1560.000,BG-2024-10,Generated PR item.,Converted to PO
3995,995,32,100.000,m,2024-12-12,35.00,High,Required for Electrical Components consumption plan.,0.000,2400.000,BG-2024-11,Generated PR item.,Converted to PO
3996,996,33,250.000,m,2024-12-17,60.00,High,Required for Electrical Components consumption plan.,0.000,1920.000,BG-2024-12,Generated PR item.,Converted to PO
3997,997,34,134.000,m,2024-12-11,150.00,Urgent,Required for Electrical Components consumption plan.,0.000,1200.000,BG-2024-01,Generated PR item.,Converted to PO
3998,998,35,134.000,No,2024-12-13,90.00,High,Required for Electrical Components consumption plan.,0.000,800.000,BG-2024-02,Generated PR item.,Converted to PO
3999,999,36,223.000,No,2024-12-11,180.00,High,Required for Electrical Components consumption plan.,0.000,480.000,BG-2024-03,Generated PR item.,Converted to PO
4000,1000,37,195.000,No,2024-12-20,420.00,High,Required for Electrical Components consumption plan.,0.000,240.000,BG-2024-04,Generated PR item.,Converted to PO
4001,1001,38,122.000,No,2024-12-09,12.00,Urgent,Required for Electrical Components consumption plan.,0.000,4560.000,BG-2024-05,Generated PR item.,Converted to PO
4002,1002,39,245.000,No,2024-12-11,45.00,High,Required for Electronic Components consumption plan.,0.000,2400.000,BG-2024-06,Generated PR item.,Converted to PO
4003,1003,40,246.000,No,2024-12-11,120.00,High,Required for Electronic Components consumption plan.,0.000,800.000,BG-2024-07,Generated PR item.,Converted to PO
4004,1004,41,114.000,No,2024-12-23,1400.00,High,Required for Electronic Components consumption plan.,0.000,480.000,BG-2024-08,Generated PR item.,Converted to PO
4005,1005,42,192.000,No,2024-12-24,3200.00,Urgent,Required for Electronic Components consumption plan.,0.000,240.000,BG-2024-09,Generated PR item.,Converted to PO
4006,1006,43,89.000,No,2024-12-17,85.00,High,Required for Electronic Components consumption plan.,0.000,480.000,BG-2024-10,Generated PR item.,Converted to PO
4007,1007,44,221.000,No,2024-12-10,220.00,High,Required for Electronic Components consumption plan.,0.000,480.000,BG-2024-11,Generated PR item.,Converted to PO
4008,1008,45,96.000,No,2024-12-21,350.00,High,Required for Electronic Components consumption plan.,0.000,1280.000,BG-2024-12,Generated PR item.,Converted to PO
4009,1009,46,68.000,No,2024-12-16,750.00,Urgent,Required for Electronic Components consumption plan.,0.000,240.000,BG-2024-01,Generated PR item.,Converted to PO
4010,1010,47,15.000,Set,2024-12-23,450.00,High,Required for Electronic Components consumption plan.,0.000,1280.000,BG-2024-02,Generated PR item.,Converted to PO
4011,1011,48,69.000,Set,2024-12-14,950.00,High,Required for Electronic Components consumption plan.,0.000,240.000,BG-2024-03,Generated PR item.,Converted to PO
4012,1012,49,78.000,No,2024-12-25,25.00,High,Required for Electronic Components consumption plan.,0.000,800.000,BG-2024-04,Generated PR item.,Converted to PO
4013,1013,50,205.000,No,2024-12-23,40.00,Urgent,Required for Electronic Components consumption plan.,0.000,480.000,BG-2024-05,Generated PR item.,Converted to PO
4014,1014,51,26.000,No,2024-12-13,110.00,High,Required for Electronic Components consumption plan.,0.000,240.000,BG-2024-06,Generated PR item.,Converted to PO
4015,1015,52,128.000,No,2024-12-23,2.00,High,Required for Electronic Components consumption plan.,0.000,4000.000,BG-2024-07,Generated PR item.,Converted to PO
4016,1016,53,110.000,No,2024-12-15,3.00,High,Required for Electronic Components consumption plan.,0.000,2880.000,BG-2024-08,Generated PR item.,Converted to PO
4017,1017,54,112.000,No,2024-12-16,5.00,Urgent,Required for Electronic Components consumption plan.,0.000,1920.000,BG-2024-09,Generated PR item.,Converted to PO
4018,1018,55,46.000,No,2024-12-14,8.00,High,Required for Insulation Materials consumption plan.,0.000,19200.000,BG-2024-10,Generated PR item.,Converted to PO
4019,1019,56,23.000,No,2024-12-23,10.00,High,Required for Insulation Materials consumption plan.,0.000,17280.000,BG-2024-11,Generated PR item.,Converted to PO
4020,1020,57,90.000,No,2024-12-15,12.00,High,Required for Insulation Materials consumption plan.,0.000,11520.000,BG-2024-12,Generated PR item.,Converted to PO
4021,1021,58,120.000,No,2024-12-22,6.00,Urgent,Required for Insulation Materials consumption plan.,0.000,48000.000,BG-2024-01,Generated PR item.,Converted to PO
4022,1022,59,200.000,No,2024-12-21,5.00,High,Required for Insulation Materials consumption plan.,0.000,48000.000,BG-2024-02,Generated PR item.,Converted to PO
4023,1023,60,242.000,m,2024-12-24,18.00,High,Required for Insulation Materials consumption plan.,0.000,400.000,BG-2024-03,Generated PR item.,Converted to PO
4024,1024,61,138.000,m,2024-12-29,25.00,High,Required for Insulation Materials consumption plan.,0.000,384.000,BG-2024-04,Generated PR item.,Converted to PO
4025,1025,62,146.000,m,2024-12-12,45.00,Urgent,Required for Insulation Materials consumption plan.,0.000,240.000,BG-2024-05,Generated PR item.,Converted to PO
4026,1026,63,314.000,No,2024-12-30,3.00,High,Required for Fasteners consumption plan.,0.000,6400.000,BG-2024-06,Generated PR item.,Converted to PO
4027,1027,64,229.000,No,2024-12-14,5.00,High,Required for Fasteners consumption plan.,0.000,4800.000,BG-2024-07,Generated PR item.,Converted to PO
4028,1028,65,453.000,No,2024-12-22,12.00,High,Required for Fasteners consumption plan.,0.000,2880.000,BG-2024-08,Generated PR item.,Converted to PO
4029,1029,66,231.000,No,2024-12-20,1.50,Urgent,Required for Fasteners consumption plan.,0.000,6400.000,BG-2024-09,Generated PR item.,Converted to PO
4030,1030,67,292.000,No,2024-12-25,2.50,High,Required for Fasteners consumption plan.,0.000,4800.000,BG-2024-10,Generated PR item.,Converted to PO
4031,1031,68,50.000,No,2024-12-27,6.00,High,Required for Fasteners consumption plan.,0.000,2880.000,BG-2024-11,Generated PR item.,Converted to PO
4032,1032,69,113.000,No,2024-12-30,0.80,High,Required for Fasteners consumption plan.,0.000,6400.000,BG-2024-12,Generated PR item.,Converted to PO
4033,1033,70,428.000,No,2024-12-22,1.20,Urgent,Required for Fasteners consumption plan.,0.000,4800.000,BG-2024-01,Generated PR item.,Converted to PO
4034,1034,71,185.000,No,2024-12-31,2.50,High,Required for Fasteners consumption plan.,0.000,2880.000,BG-2024-02,Generated PR item.,Converted to PO
4035,1035,72,222.000,No,2024-12-20,0.80,High,Required for Fasteners consumption plan.,0.000,6400.000,BG-2024-03,Generated PR item.,Converted to PO
4036,1036,73,303.000,No,2024-12-19,1.20,High,Required for Fasteners consumption plan.,0.000,4800.000,BG-2024-04,Generated PR item.,Converted to PO
4037,1037,74,47.000,No,2024-12-22,2.50,Urgent,Required for Fasteners consumption plan.,0.000,2880.000,BG-2024-05,Generated PR item.,Converted to PO
4038,1038,75,263.000,No,2024-12-26,4.00,High,Required for Fasteners consumption plan.,0.000,1600.000,BG-2024-06,Generated PR item.,Converted to PO
4039,1039,76,186.000,No,2024-12-29,7.00,High,Required for Fasteners consumption plan.,0.000,960.000,BG-2024-07,Generated PR item.,Converted to PO
4040,1040,77,91.000,No,2024-12-31,15.00,High,Required for Fasteners consumption plan.,0.000,480.000,BG-2024-08,Generated PR item.,Converted to PO
4041,1041,78,221.000,No,2024-12-22,4.00,Urgent,Required for Fasteners consumption plan.,0.000,3040.000,BG-2024-09,Generated PR item.,Converted to PO
4042,1042,79,234.000,No,2024-12-23,4.00,High,Required for Fasteners consumption plan.,0.000,3040.000,BG-2024-10,Generated PR item.,Converted to PO
4043,1043,80,22701.000,ml,2025-01-03,0.80,High,Required for Consumables consumption plan.,0.000,144000.000,BG-2024-11,Generated PR item.,Converted to PO
4044,1044,81,16749.000,g,2024-12-25,1.20,High,Required for Consumables consumption plan.,0.000,42000.000,BG-2024-12,Generated PR item.,Converted to PO
4045,1045,82,75887.000,ml,2024-12-23,1.50,Urgent,Required for Consumables consumption plan.,0.000,8000.000,BG-2024-01,Generated PR item.,Converted to PO
4046,1046,83,8752.000,g,2025-01-05,0.60,High,Required for Consumables consumption plan.,0.000,24000.000,BG-2024-02,Generated PR item.,Converted to PO
4047,1047,84,96821.000,ml,2024-12-27,0.25,High,Required for Consumables consumption plan.,0.000,156000.000,BG-2024-03,Generated PR item.,Converted to PO
4048,1048,85,18761.000,g,2025-01-05,1.80,High,Required for Consumables consumption plan.,0.000,9000.000,BG-2024-04,Generated PR item.,Converted to PO
4049,1049,86,23420.000,g,2025-01-04,1.20,Urgent,Required for Consumables consumption plan.,0.000,4000.000,BG-2024-05,Generated PR item.,Converted to PO
4050,1050,87,3034.000,g,2025-01-05,0.80,High,Required for Consumables consumption plan.,0.000,12000.000,BG-2024-06,Generated PR item.,Converted to PO
4051,1051,88,193.000,No,2024-12-30,45.00,High,Required for Packaging Materials consumption plan.,0.000,1520.000,BG-2024-07,Generated PR item.,Converted to PO
4052,1052,89,87.000,No,2025-01-03,18.00,High,Required for Packaging Materials consumption plan.,0.000,3040.000,BG-2024-08,Generated PR item.,Converted to PO
4053,1053,90,179.000,Sheet,2025-01-06,10.00,Urgent,Required for Packaging Materials consumption plan.,0.000,1760.000,BG-2024-09,Generated PR item.,Converted to PO
4054,1054,91,202.000,No,2024-12-25,6.00,High,Required for Packaging Materials consumption plan.,0.000,1520.000,BG-2024-10,Generated PR item.,Converted to PO
4055,1055,92,140.000,m,2024-12-21,1.20,High,Required for Packaging Materials consumption plan.,0.000,1600.000,BG-2024-11,Generated PR item.,Converted to PO
4056,1056,93,68.000,No,2024-12-26,3.00,High,Required for Packaging Materials consumption plan.,0.000,1760.000,BG-2024-12,Generated PR item.,Converted to PO
4057,1057,94,19.000,No,2025-01-01,35.00,Urgent,Required for Identification & Documentation consumption plan.,0.000,1520.000,BG-2024-01,Generated PR item.,Converted to PO
4058,1058,95,153.000,No,2024-12-30,3.00,High,Required for Identification & Documentation consumption plan.,0.000,1520.000,BG-2024-02,Generated PR item.,Converted to PO
4059,1059,96,195.000,No,2024-12-23,4.00,High,Required for Identification & Documentation consumption plan.,0.000,1520.000,BG-2024-03,Generated PR item.,Converted to PO
4060,1060,97,105.000,No,2025-01-01,2.00,High,Required for Identification & Documentation consumption plan.,0.000,1520.000,BG-2024-04,Generated PR item.,Converted to PO
4061,1061,98,44.000,No,2024-12-25,8.00,Urgent,Required for Identification & Documentation consumption plan.,0.000,1520.000,BG-2024-05,Generated PR item.,Converted to PO
4062,1062,99,82.000,No,2024-12-31,4.00,High,Required for Identification & Documentation consumption plan.,0.000,1520.000,BG-2024-06,Generated PR item.,Converted to PO
4063,1063,1,231.000,No,2025-01-01,1800.00,High,Required for Core Components consumption plan.,0.000,800.000,BG-2024-07,Generated PR item.,Converted to PO
4064,1064,2,463.000,No,2025-01-03,2800.00,High,Required for Core Components consumption plan.,0.000,480.000,BG-2024-08,Generated PR item.,Converted to PO
4065,1065,3,105.000,No,2024-12-30,6200.00,Urgent,Required for Core Components consumption plan.,0.000,240.000,BG-2024-09,Generated PR item.,Converted to PO
4066,1066,4,204.000,No,2024-12-30,1200.00,High,Required for Core Components consumption plan.,0.000,800.000,BG-2024-10,Generated PR item.,Converted to PO
4067,1067,5,337.000,No,2025-01-04,2200.00,High,Required for Core Components consumption plan.,0.000,480.000,BG-2024-11,Generated PR item.,Converted to PO
4068,1068,6,156.000,No,2025-01-05,5000.00,High,Required for Core Components consumption plan.,0.000,240.000,BG-2024-12,Generated PR item.,Converted to PO
4069,1069,7,222.000,No,2025-01-06,180.00,Urgent,Required for Magnetic Components consumption plan.,0.000,6400.000,BG-2024-01,Generated PR item.,Converted to PO
4070,1070,8,228.000,No,2024-12-29,240.00,High,Required for Magnetic Components consumption plan.,0.000,4800.000,BG-2024-02,Generated PR item.,Converted to PO
4071,1071,9,98.000,No,2024-12-30,360.00,High,Required for Magnetic Components consumption plan.,0.000,2880.000,BG-2024-03,Generated PR item.,Converted to PO
4072,1072,10,188.000,No,2024-12-29,450.00,High,Required for Mechanical Components consumption plan.,0.000,800.000,BG-2024-04,Generated PR item.,Converted to PO
4073,1073,11,190.000,No,2025-01-02,750.00,Urgent,Required for Mechanical Components consumption plan.,0.000,480.000,BG-2024-05,Generated PR item.,Converted to PO
4074,1074,12,172.000,No,2024-12-26,1800.00,High,Required for Mechanical Components consumption plan.,0.000,240.000,BG-2024-06,Generated PR item.,Converted to PO
4075,1075,13,50.000,No,2024-12-31,160.00,High,Required for Mechanical Components consumption plan.,0.000,800.000,BG-2024-07,Generated PR item.,Converted to PO
4076,1076,14,17.000,No,2024-12-28,220.00,High,Required for Mechanical Components consumption plan.,0.000,480.000,BG-2024-08,Generated PR item.,Converted to PO
4077,1077,15,90.000,No,2025-01-03,420.00,Urgent,Required for Mechanical Components consumption plan.,0.000,240.000,BG-2024-09,Generated PR item.,Converted to PO
4078,1078,16,37.000,No,2025-01-09,1300.00,High,Required for Mechanical Components consumption plan.,0.000,800.000,BG-2024-10,Generated PR item.,Converted to PO
4079,1079,17,76.000,No,2025-01-12,2400.00,High,Required for Mechanical Components consumption plan.,0.000,480.000,BG-2024-11,Generated PR item.,Converted to PO
4080,1080,18,162.000,No,2025-01-03,5200.00,High,Required for Mechanical Components consumption plan.,0.000,240.000,BG-2024-12,Generated PR item.,Converted to PO
4081,1081,19,149.000,No,2024-12-28,450.00,Urgent,Required for Mechanical Components consumption plan.,0.000,1520.000,BG-2024-01,Generated PR item.,Converted to PO
4082,1082,20,56.000,No,2024-12-31,450.00,High,Required for Mechanical Components consumption plan.,0.000,1520.000,BG-2024-02,Generated PR item.,Converted to PO
4083,1083,21,9.000,No,2024-12-28,60.00,High,Required for Mechanical Components consumption plan.,0.000,1280.000,BG-2024-03,Generated PR item.,Converted to PO
4084,1084,22,60.000,No,2025-01-09,120.00,High,Required for Mechanical Components consumption plan.,0.000,240.000,BG-2024-04,Generated PR item.,Converted to PO
4085,1085,23,48.000,No,2025-01-13,120.00,Urgent,Required for Bearings consumption plan.,0.000,1600.000,BG-2024-05,Generated PR item.,Converted to PO
4086,1086,24,79.000,No,2025-01-05,220.00,High,Required for Bearings consumption plan.,0.000,960.000,BG-2024-06,Generated PR item.,Converted to PO
4087,1087,25,40.000,No,2024-12-31,650.00,High,Required for Bearings consumption plan.,0.000,480.000,BG-2024-07,Generated PR item.,Converted to PO
4088,1088,26,75.000,No,2024-12-29,15.00,High,Required for Sealing Components consumption plan.,0.000,1520.000,BG-2024-08,Generated PR item.,Converted to PO
4089,1089,27,140.000,No,2025-01-15,45.00,Urgent,Required for Sealing Components consumption plan.,0.000,1280.000,BG-2024-09,Generated PR item.,Converted to PO
4090,1090,28,22.000,No,2025-01-03,110.00,High,Required for Sealing Components consumption plan.,0.000,480.000,BG-2024-10,Generated PR item.,Converted to PO
4091,1091,29,53.000,kg,2024-12-31,850.00,High,Required for Electrical Components consumption plan.,0.000,1440.000,BG-2024-11,Generated PR item.,Converted to PO
4092,1092,30,16.000,kg,2025-01-01,880.00,High,Required for Electrical Components consumption plan.,0.000,1536.000,BG-2024-12,Generated PR item.,Converted to PO
4093,1093,31,110.000,kg,2025-01-03,920.00,Urgent,Required for Electrical Components consumption plan.,0.000,1560.000,BG-2024-01,Generated PR item.,Converted to PO
4094,1094,32,233.000,m,2025-01-10,35.00,High,Required for Electrical Components consumption plan.,0.000,2400.000,BG-2024-02,Generated PR item.,Converted to PO
4095,1095,33,300.000,m,2025-01-16,60.00,High,Required for Electrical Components consumption plan.,0.000,1920.000,BG-2024-03,Generated PR item.,Converted to PO
4096,1096,34,316.000,m,2025-01-04,150.00,High,Required for Electrical Components consumption plan.,0.000,1200.000,BG-2024-04,Generated PR item.,Converted to PO
4097,1097,35,102.000,No,2025-01-12,90.00,Urgent,Required for Electrical Components consumption plan.,0.000,800.000,BG-2024-05,Generated PR item.,Converted to PO
4098,1098,36,218.000,No,2025-01-01,180.00,High,Required for Electrical Components consumption plan.,0.000,480.000,BG-2024-06,Generated PR item.,Converted to PO
4099,1099,37,230.000,No,2024-12-31,420.00,High,Required for Electrical Components consumption plan.,0.000,240.000,BG-2024-07,Generated PR item.,Converted to PO
4100,1100,38,32.000,No,2025-01-01,12.00,High,Required for Electrical Components consumption plan.,0.000,4560.000,BG-2024-08,Generated PR item.,Converted to PO
4101,1101,39,231.000,No,2025-01-17,45.00,Urgent,Required for Electronic Components consumption plan.,0.000,2400.000,BG-2024-09,Generated PR item.,Converted to PO
4102,1102,40,53.000,No,2025-01-12,120.00,High,Required for Electronic Components consumption plan.,0.000,800.000,BG-2024-10,Generated PR item.,Converted to PO
4103,1103,41,66.000,No,2025-01-16,1400.00,High,Required for Electronic Components consumption plan.,0.000,480.000,BG-2024-11,Generated PR item.,Converted to PO
4104,1104,42,135.000,No,2025-01-02,3200.00,High,Required for Electronic Components consumption plan.,0.000,240.000,BG-2024-12,Generated PR item.,Converted to PO
4105,1105,43,12.000,No,2025-01-03,85.00,Urgent,Required for Electronic Components consumption plan.,0.000,480.000,BG-2024-01,Generated PR item.,Converted to PO
4106,1106,44,94.000,No,2025-01-18,220.00,High,Required for Electronic Components consumption plan.,0.000,480.000,BG-2024-02,Generated PR item.,Converted to PO
4107,1107,45,52.000,No,2025-01-04,350.00,High,Required for Electronic Components consumption plan.,0.000,1280.000,BG-2024-03,Generated PR item.,Converted to PO
4108,1108,46,123.000,No,2025-01-05,750.00,High,Required for Electronic Components consumption plan.,0.000,240.000,BG-2024-04,Generated PR item.,Converted to PO
4109,1109,47,66.000,Set,2025-01-12,450.00,Urgent,Required for Electronic Components consumption plan.,0.000,1280.000,BG-2024-05,Generated PR item.,Converted to PO
4110,1110,48,75.000,Set,2025-01-13,950.00,High,Required for Electronic Components consumption plan.,0.000,240.000,BG-2024-06,Generated PR item.,Converted to PO
4111,1111,49,57.000,No,2025-01-07,25.00,High,Required for Electronic Components consumption plan.,0.000,800.000,BG-2024-07,Generated PR item.,Converted to PO
4112,1112,50,139.000,No,2025-01-12,40.00,High,Required for Electronic Components consumption plan.,0.000,480.000,BG-2025-08,Generated PR item.,Converted to PO
4113,1113,51,121.000,No,2025-01-16,110.00,Urgent,Required for Electronic Components consumption plan.,0.000,240.000,BG-2025-09,Generated PR item.,Converted to PO
4114,1114,52,107.000,No,2025-01-12,2.00,High,Required for Electronic Components consumption plan.,0.000,4000.000,BG-2025-10,Generated PR item.,Converted to PO
4115,1115,53,160.000,No,2025-01-12,3.00,High,Required for Electronic Components consumption plan.,0.000,2880.000,BG-2025-11,Generated PR item.,Converted to PO
4116,1116,54,248.000,No,2025-01-07,5.00,High,Required for Electronic Components consumption plan.,0.000,1920.000,BG-2025-12,Generated PR item.,Converted to PO
4117,1117,55,104.000,No,2025-01-14,8.00,Urgent,Required for Insulation Materials consumption plan.,0.000,19200.000,BG-2025-01,Generated PR item.,Converted to PO
4118,1118,56,21.000,No,2025-01-21,10.00,High,Required for Insulation Materials consumption plan.,0.000,17280.000,BG-2025-02,Generated PR item.,Converted to PO
4119,1119,57,230.000,No,2025-01-18,12.00,High,Required for Insulation Materials consumption plan.,0.000,11520.000,BG-2025-03,Generated PR item.,Converted to PO
4120,1120,58,234.000,No,2025-01-23,6.00,High,Required for Insulation Materials consumption plan.,0.000,48000.000,BG-2025-04,Generated PR item.,Converted to PO
4121,1121,59,84.000,No,2025-01-09,5.00,Urgent,Required for Insulation Materials consumption plan.,0.000,48000.000,BG-2025-05,Generated PR item.,Converted to PO
4122,1122,60,261.000,m,2025-01-07,18.00,High,Required for Insulation Materials consumption plan.,0.000,400.000,BG-2025-06,Generated PR item.,Converted to PO
4123,1123,61,434.000,m,2025-01-17,25.00,High,Required for Insulation Materials consumption plan.,0.000,384.000,BG-2025-07,Generated PR item.,Converted to PO
4124,1124,62,262.000,m,2025-01-11,45.00,High,Required for Insulation Materials consumption plan.,0.000,240.000,BG-2025-08,Generated PR item.,Converted to PO
4125,1125,63,251.000,No,2025-01-18,3.00,Urgent,Required for Fasteners consumption plan.,0.000,6400.000,BG-2025-09,Generated PR item.,Converted to PO
4126,1126,64,463.000,No,2025-01-25,5.00,High,Required for Fasteners consumption plan.,0.000,4800.000,BG-2025-10,Generated PR item.,Converted to PO
4127,1127,65,418.000,No,2025-01-16,12.00,High,Required for Fasteners consumption plan.,0.000,2880.000,BG-2025-11,Generated PR item.,Converted to PO
4128,1128,66,264.000,No,2025-01-19,1.50,High,Required for Fasteners consumption plan.,0.000,6400.000,BG-2025-12,Generated PR item.,Converted to PO
4129,1129,67,97.000,No,2025-01-22,2.50,Urgent,Required for Fasteners consumption plan.,0.000,4800.000,BG-2025-01,Generated PR item.,Converted to PO
4130,1130,68,230.000,No,2025-01-12,6.00,High,Required for Fasteners consumption plan.,0.000,2880.000,BG-2025-02,Generated PR item.,Converted to PO
4131,1131,69,345.000,No,2025-01-26,0.80,High,Required for Fasteners consumption plan.,0.000,6400.000,BG-2025-03,Generated PR item.,Converted to PO
4132,1132,70,151.000,No,2025-01-13,1.20,High,Required for Fasteners consumption plan.,0.000,4800.000,BG-2025-04,Generated PR item.,Converted to PO
4133,1133,71,278.000,No,2025-01-24,2.50,Urgent,Required for Fasteners consumption plan.,0.000,2880.000,BG-2025-05,Generated PR item.,Converted to PO
4134,1134,72,336.000,No,2025-01-21,0.80,High,Required for Fasteners consumption plan.,0.000,6400.000,BG-2025-06,Generated PR item.,Converted to PO
4135,1135,73,60.000,No,2025-01-12,1.20,High,Required for Fasteners consumption plan.,0.000,4800.000,BG-2025-07,Generated PR item.,Converted to PO
4136,1136,74,293.000,No,2025-01-24,2.50,High,Required for Fasteners consumption plan.,0.000,2880.000,BG-2025-08,Generated PR item.,Converted to PO
4137,1137,75,374.000,No,2025-01-14,4.00,Urgent,Required for Fasteners consumption plan.,0.000,1600.000,BG-2025-09,Generated PR item.,Converted to PO
4138,1138,76,123.000,No,2025-01-21,7.00,High,Required for Fasteners consumption plan.,0.000,960.000,BG-2025-10,Generated PR item.,Converted to PO
4139,1139,77,283.000,No,2025-01-28,15.00,High,Required for Fasteners consumption plan.,0.000,480.000,BG-2025-11,Generated PR item.,Converted to PO
4140,1140,78,361.000,No,2025-01-28,4.00,High,Required for Fasteners consumption plan.,0.000,3040.000,BG-2025-12,Generated PR item.,Converted to PO
4141,1141,79,41.000,No,2025-01-26,4.00,Urgent,Required for Fasteners consumption plan.,0.000,3040.000,BG-2025-01,Generated PR item.,Converted to PO
4142,1142,80,66188.000,ml,2025-01-21,0.80,High,Required for Consumables consumption plan.,0.000,144000.000,BG-2025-02,Generated PR item.,Converted to PO
4143,1143,81,8532.000,g,2025-01-23,1.20,High,Required for Consumables consumption plan.,0.000,42000.000,BG-2025-03,Generated PR item.,Converted to PO
4144,1144,82,42747.000,ml,2025-01-18,1.50,High,Required for Consumables consumption plan.,0.000,8000.000,BG-2025-04,Generated PR item.,Converted to PO
4145,1145,83,19792.000,g,2025-01-29,0.60,Urgent,Required for Consumables consumption plan.,0.000,24000.000,BG-2025-05,Generated PR item.,Converted to PO
4146,1146,84,5418.000,ml,2025-01-22,0.25,High,Required for Consumables consumption plan.,0.000,156000.000,BG-2025-06,Generated PR item.,Converted to PO
4147,1147,85,1486.000,g,2025-01-27,1.80,High,Required for Consumables consumption plan.,0.000,9000.000,BG-2025-07,Generated PR item.,Converted to PO
4148,1148,86,13951.000,g,2025-01-20,1.20,High,Required for Consumables consumption plan.,0.000,4000.000,BG-2025-08,Generated PR item.,Converted to PO
4149,1149,87,28544.000,g,2025-01-28,0.80,Urgent,Required for Consumables consumption plan.,0.000,12000.000,BG-2025-09,Generated PR item.,Converted to PO
4150,1150,88,6.000,No,2025-01-19,45.00,High,Required for Packaging Materials consumption plan.,0.000,1520.000,BG-2025-10,Generated PR item.,Converted to PO
4151,1151,89,199.000,No,2025-01-28,18.00,High,Required for Packaging Materials consumption plan.,0.000,3040.000,BG-2025-11,Generated PR item.,Converted to PO
4152,1152,90,23.000,Sheet,2025-01-17,10.00,High,Required for Packaging Materials consumption plan.,0.000,1760.000,BG-2025-12,Generated PR item.,Converted to PO
4153,1153,91,125.000,No,2025-01-18,6.00,Urgent,Required for Packaging Materials consumption plan.,0.000,1520.000,BG-2025-01,Generated PR item.,Converted to PO
4154,1154,92,227.000,m,2025-01-23,1.20,High,Required for Packaging Materials consumption plan.,0.000,1600.000,BG-2025-02,Generated PR item.,Converted to PO
4155,1155,93,120.000,No,2025-01-27,3.00,High,Required for Packaging Materials consumption plan.,0.000,1760.000,BG-2025-03,Generated PR item.,Converted to PO
4156,1156,94,25.000,No,2025-02-01,35.00,High,Required for Identification & Documentation consumption plan.,0.000,1520.000,BG-2025-04,Generated PR item.,Converted to PO
4157,1157,95,190.000,No,2025-01-26,3.00,Urgent,Required for Identification & Documentation consumption plan.,0.000,1520.000,BG-2025-05,Generated PR item.,Converted to PO
4158,1158,96,72.000,No,2025-01-22,4.00,High,Required for Identification & Documentation consumption plan.,0.000,1520.000,BG-2025-06,Generated PR item.,Converted to PO
4159,1159,97,194.000,No,2025-01-28,2.00,High,Required for Identification & Documentation consumption plan.,0.000,1520.000,BG-2025-07,Generated PR item.,Converted to PO
4160,1160,98,166.000,No,2025-01-30,8.00,High,Required for Identification & Documentation consumption plan.,0.000,1520.000,BG-2025-08,Generated PR item.,Converted to PO
4161,1161,99,140.000,No,2025-02-01,4.00,Urgent,Required for Identification & Documentation consumption plan.,0.000,1520.000,BG-2025-09,Generated PR item.,Converted to PO
4162,1162,1,189.000,No,2025-02-04,1800.00,High,Required for Core Components consumption plan.,0.000,800.000,BG-2025-10,Generated PR item.,Converted to PO
4163,1163,2,344.000,No,2025-01-28,2800.00,High,Required for Core Components consumption plan.,0.000,480.000,BG-2025-11,Generated PR item.,Converted to PO
4164,1164,3,499.000,No,2025-02-03,6200.00,High,Required for Core Components consumption plan.,0.000,240.000,BG-2025-12,Generated PR item.,Converted to PO
4165,1165,4,466.000,No,2025-02-05,1200.00,Urgent,Required for Core Components consumption plan.,0.000,800.000,BG-2025-01,Generated PR item.,Converted to PO
4166,1166,5,463.000,No,2025-02-07,2200.00,High,Required for Core Components consumption plan.,0.000,480.000,BG-2025-02,Generated PR item.,Converted to PO
4167,1167,6,149.000,No,2025-02-03,5000.00,High,Required for Core Components consumption plan.,0.000,240.000,BG-2025-03,Generated PR item.,Converted to PO
4168,1168,7,148.000,No,2025-02-08,180.00,High,Required for Magnetic Components consumption plan.,0.000,6400.000,BG-2025-04,Generated PR item.,Converted to PO
4169,1169,8,102.000,No,2025-01-29,240.00,Urgent,Required for Magnetic Components consumption plan.,0.000,4800.000,BG-2025-05,Generated PR item.,Converted to PO
4170,1170,9,242.000,No,2025-02-07,360.00,High,Required for Magnetic Components consumption plan.,0.000,2880.000,BG-2025-06,Generated PR item.,Converted to PO
4171,1171,10,238.000,No,2025-01-26,450.00,High,Required for Mechanical Components consumption plan.,0.000,800.000,BG-2025-07,Generated PR item.,Converted to PO
4172,1172,11,218.000,No,2025-01-27,750.00,High,Required for Mechanical Components consumption plan.,0.000,480.000,BG-2025-08,Generated PR item.,Converted to PO
4173,1173,12,45.000,No,2025-02-10,1800.00,Urgent,Required for Mechanical Components consumption plan.,0.000,240.000,BG-2025-09,Generated PR item.,Converted to PO
4174,1174,13,83.000,No,2025-02-03,160.00,High,Required for Mechanical Components consumption plan.,0.000,800.000,BG-2025-10,Generated PR item.,Converted to PO
4175,1175,14,179.000,No,2025-02-07,220.00,High,Required for Mechanical Components consumption plan.,0.000,480.000,BG-2025-11,Generated PR item.,Converted to PO
4176,1176,15,189.000,No,2025-02-06,420.00,High,Required for Mechanical Components consumption plan.,0.000,240.000,BG-2025-12,Generated PR item.,Converted to PO
4177,1177,16,91.000,No,2025-02-08,1300.00,Urgent,Required for Mechanical Components consumption plan.,0.000,800.000,BG-2025-01,Generated PR item.,Converted to PO
4178,1178,17,38.000,No,2025-01-31,2400.00,High,Required for Mechanical Components consumption plan.,0.000,480.000,BG-2025-02,Generated PR item.,Converted to PO
4179,1179,18,38.000,No,2025-01-31,5200.00,High,Required for Mechanical Components consumption plan.,0.000,240.000,BG-2025-03,Generated PR item.,Converted to PO
4180,1180,19,173.000,No,2025-01-28,450.00,High,Required for Mechanical Components consumption plan.,0.000,1520.000,BG-2025-04,Generated PR item.,Converted to PO
4181,1181,20,116.000,No,2025-02-12,450.00,Urgent,Required for Mechanical Components consumption plan.,0.000,1520.000,BG-2025-05,Generated PR item.,Converted to PO
4182,1182,21,125.000,No,2025-02-01,60.00,High,Required for Mechanical Components consumption plan.,0.000,1280.000,BG-2025-06,Generated PR item.,Converted to PO
4183,1183,22,205.000,No,2025-02-08,120.00,High,Required for Mechanical Components consumption plan.,0.000,240.000,BG-2025-07,Generated PR item.,Converted to PO
4184,1184,23,6.000,No,2025-02-06,120.00,High,Required for Bearings consumption plan.,0.000,1600.000,BG-2025-08,Generated PR item.,Converted to PO
4185,1185,24,77.000,No,2025-02-01,220.00,Urgent,Required for Bearings consumption plan.,0.000,960.000,BG-2025-09,Generated PR item.,Converted to PO
4186,1186,25,31.000,No,2025-02-06,650.00,High,Required for Bearings consumption plan.,0.000,480.000,BG-2025-10,Generated PR item.,Converted to PO
4187,1187,26,234.000,No,2025-01-31,15.00,High,Required for Sealing Components consumption plan.,0.000,1520.000,BG-2025-11,Generated PR item.,Converted to PO
4188,1188,27,240.000,No,2025-02-02,45.00,High,Required for Sealing Components consumption plan.,0.000,1280.000,BG-2025-12,Generated PR item.,Converted to PO
4189,1189,28,128.000,No,2025-02-01,110.00,Urgent,Required for Sealing Components consumption plan.,0.000,480.000,BG-2025-01,Generated PR item.,Converted to PO
4190,1190,29,70.000,kg,2025-02-13,850.00,High,Required for Electrical Components consumption plan.,0.000,1440.000,BG-2025-02,Generated PR item.,Converted to PO
4191,1191,30,54.000,kg,2025-02-10,880.00,High,Required for Electrical Components consumption plan.,0.000,1536.000,BG-2025-03,Generated PR item.,Converted to PO
4192,1192,31,44.000,kg,2025-02-16,920.00,High,Required for Electrical Components consumption plan.,0.000,1560.000,BG-2025-04,Generated PR item.,Converted to PO
4193,1193,32,500.000,m,2025-02-08,35.00,Urgent,Required for Electrical Components consumption plan.,0.000,2400.000,BG-2025-05,Generated PR item.,Converted to PO
4194,1194,33,110.000,m,2025-02-04,60.00,High,Required for Electrical Components consumption plan.,0.000,1920.000,BG-2025-06,Generated PR item.,Converted to PO
4195,1195,34,234.000,m,2025-02-11,150.00,High,Required for Electrical Components consumption plan.,0.000,1200.000,BG-2025-07,Generated PR item.,Converted to PO
4196,1196,35,122.000,No,2025-02-17,90.00,High,Required for Electrical Components consumption plan.,0.000,800.000,BG-2025-08,Generated PR item.,Converted to PO
4197,1197,36,172.000,No,2025-02-11,180.00,Urgent,Required for Electrical Components consumption plan.,0.000,480.000,BG-2025-09,Generated PR item.,Converted to PO
4198,1198,37,212.000,No,2025-02-02,420.00,High,Required for Electrical Components consumption plan.,0.000,240.000,BG-2025-10,Generated PR item.,Converted to PO
4199,1199,38,142.000,No,2025-02-07,12.00,High,Required for Electrical Components consumption plan.,0.000,4560.000,BG-2025-11,Generated PR item.,Converted to PO
4200,1200,39,191.000,No,2025-02-18,45.00,High,Required for Electronic Components consumption plan.,0.000,2400.000,BG-2025-12,Generated PR item.,Converted to PO
4201,1201,40,144.000,No,2025-02-11,120.00,Urgent,Required for Electronic Components consumption plan.,0.000,800.000,BG-2025-01,Generated PR item.,Converted to PO
4202,1202,41,112.000,No,2025-02-19,1400.00,High,Required for Electronic Components consumption plan.,0.000,480.000,BG-2025-02,Generated PR item.,Converted to PO
4203,1203,42,43.000,No,2025-02-11,3200.00,High,Required for Electronic Components consumption plan.,0.000,240.000,BG-2025-03,Generated PR item.,Converted to PO
4204,1204,43,56.000,No,2025-02-03,85.00,High,Required for Electronic Components consumption plan.,0.000,480.000,BG-2025-04,Generated PR item.,Converted to PO
4205,1205,44,111.000,No,2025-02-18,220.00,Urgent,Required for Electronic Components consumption plan.,0.000,480.000,BG-2025-05,Generated PR item.,Converted to PO
4206,1206,45,16.000,No,2025-02-16,350.00,High,Required for Electronic Components consumption plan.,0.000,1280.000,BG-2025-06,Generated PR item.,Converted to PO
4207,1207,46,82.000,No,2025-02-15,750.00,High,Required for Electronic Components consumption plan.,0.000,240.000,BG-2025-07,Generated PR item.,Converted to PO
4208,1208,47,40.000,Set,2025-02-21,450.00,High,Required for Electronic Components consumption plan.,0.000,1280.000,BG-2025-08,Generated PR item.,Converted to PO
4209,1209,48,40.000,Set,2025-02-07,950.00,Urgent,Required for Electronic Components consumption plan.,0.000,240.000,BG-2025-09,Generated PR item.,Converted to PO
4210,1210,49,205.000,No,2025-02-20,25.00,High,Required for Electronic Components consumption plan.,0.000,800.000,BG-2025-10,Generated PR item.,Converted to PO
4211,1211,50,243.000,No,2025-02-09,40.00,High,Required for Electronic Components consumption plan.,0.000,480.000,BG-2025-11,Generated PR item.,Converted to PO
4212,1212,51,184.000,No,2025-02-22,110.00,High,Required for Electronic Components consumption plan.,0.000,240.000,BG-2025-12,Generated PR item.,Converted to PO
4213,1213,52,24.000,No,2025-02-08,2.00,Urgent,Required for Electronic Components consumption plan.,0.000,4000.000,BG-2025-01,Generated PR item.,Converted to PO
4214,1214,53,105.000,No,2025-02-14,3.00,High,Required for Electronic Components consumption plan.,0.000,2880.000,BG-2025-02,Generated PR item.,Converted to PO
4215,1215,54,184.000,No,2025-02-20,5.00,High,Required for Electronic Components consumption plan.,0.000,1920.000,BG-2025-03,Generated PR item.,Converted to PO
4216,1216,55,151.000,No,2025-02-08,8.00,High,Required for Insulation Materials consumption plan.,0.000,19200.000,BG-2025-04,Generated PR item.,Converted to PO
4217,1217,56,117.000,No,2025-02-08,10.00,Urgent,Required for Insulation Materials consumption plan.,0.000,17280.000,BG-2025-05,Generated PR item.,Converted to PO
4218,1218,57,112.000,No,2025-02-22,12.00,High,Required for Insulation Materials consumption plan.,0.000,11520.000,BG-2025-06,Generated PR item.,Converted to PO
4219,1219,58,104.000,No,2025-02-09,6.00,High,Required for Insulation Materials consumption plan.,0.000,48000.000,BG-2025-07,Generated PR item.,Converted to PO
4220,1220,59,147.000,No,2025-02-19,5.00,High,Required for Insulation Materials consumption plan.,0.000,48000.000,BG-2025-08,Generated PR item.,Converted to PO
4221,1221,60,105.000,m,2025-02-25,18.00,Urgent,Required for Insulation Materials consumption plan.,0.000,400.000,BG-2025-09,Generated PR item.,Converted to PO
4222,1222,61,268.000,m,2025-02-20,25.00,High,Required for Insulation Materials consumption plan.,0.000,384.000,BG-2025-10,Generated PR item.,Converted to PO
4223,1223,62,119.000,m,2025-02-17,45.00,High,Required for Insulation Materials consumption plan.,0.000,240.000,BG-2025-11,Generated PR item.,Converted to PO
4224,1224,63,347.000,No,2025-02-16,3.00,High,Required for Fasteners consumption plan.,0.000,6400.000,BG-2025-12,Generated PR item.,Converted to PO
4225,1225,64,435.000,No,2025-02-21,5.00,Urgent,Required for Fasteners consumption plan.,0.000,4800.000,BG-2025-01,Generated PR item.,Converted to PO
4226,1226,65,264.000,No,2025-02-20,12.00,High,Required for Fasteners consumption plan.,0.000,2880.000,BG-2025-02,Generated PR item.,Converted to PO
4227,1227,66,206.000,No,2025-02-19,1.50,High,Required for Fasteners consumption plan.,0.000,6400.000,BG-2025-03,Generated PR item.,Converted to PO
4228,1228,67,472.000,No,2025-02-13,2.50,High,Required for Fasteners consumption plan.,0.000,4800.000,BG-2025-04,Generated PR item.,Converted to PO
4229,1229,68,337.000,No,2025-02-22,6.00,Urgent,Required for Fasteners consumption plan.,0.000,2880.000,BG-2025-05,Generated PR item.,Converted to PO
4230,1230,69,225.000,No,2025-02-26,0.80,High,Required for Fasteners consumption plan.,0.000,6400.000,BG-2025-06,Generated PR item.,Converted to PO
4231,1231,70,33.000,No,2025-02-25,1.20,High,Required for Fasteners consumption plan.,0.000,4800.000,BG-2025-07,Generated PR item.,Converted to PO
4232,1232,71,27.000,No,2025-02-14,2.50,High,Required for Fasteners consumption plan.,0.000,2880.000,BG-2025-08,Generated PR item.,Converted to PO
4233,1233,72,126.000,No,2025-02-25,0.80,Urgent,Required for Fasteners consumption plan.,0.000,6400.000,BG-2025-09,Generated PR item.,Converted to PO
4234,1234,73,133.000,No,2025-02-26,1.20,High,Required for Fasteners consumption plan.,0.000,4800.000,BG-2025-10,Generated PR item.,Converted to PO
4235,1235,74,366.000,No,2025-02-16,2.50,High,Required for Fasteners consumption plan.,0.000,2880.000,BG-2025-11,Generated PR item.,Converted to PO
4236,1236,75,260.000,No,2025-03-01,4.00,High,Required for Fasteners consumption plan.,0.000,1600.000,BG-2025-12,Generated PR item.,Converted to PO
4237,1237,76,500.000,No,2025-02-23,7.00,Urgent,Required for Fasteners consumption plan.,0.000,960.000,BG-2025-01,Generated PR item.,Converted to PO
4238,1238,77,280.000,No,2025-02-22,15.00,High,Required for Fasteners consumption plan.,0.000,480.000,BG-2025-02,Generated PR item.,Converted to PO
4239,1239,78,454.000,No,2025-02-27,4.00,High,Required for Fasteners consumption plan.,0.000,3040.000,BG-2025-03,Generated PR item.,Converted to PO
4240,1240,79,285.000,No,2025-02-23,4.00,High,Required for Fasteners consumption plan.,0.000,3040.000,BG-2025-04,Generated PR item.,Converted to PO
4241,1241,80,39027.000,ml,2025-02-24,0.80,Urgent,Required for Consumables consumption plan.,0.000,144000.000,BG-2025-05,Generated PR item.,Converted to PO
4242,1242,81,21722.000,g,2025-02-20,1.20,High,Required for Consumables consumption plan.,0.000,42000.000,BG-2025-06,Generated PR item.,Converted to PO
4243,1243,82,47695.000,ml,2025-03-04,1.50,High,Required for Consumables consumption plan.,0.000,8000.000,BG-2025-07,Generated PR item.,Converted to PO
4244,1244,83,8965.000,g,2025-03-05,0.60,High,Required for Consumables consumption plan.,0.000,24000.000,BG-2025-08,Generated PR item.,Converted to PO
4245,1245,84,49956.000,ml,2025-02-18,0.25,Urgent,Required for Consumables consumption plan.,0.000,156000.000,BG-2025-09,Generated PR item.,Converted to PO
4246,1246,85,20282.000,g,2025-03-02,1.80,High,Required for Consumables consumption plan.,0.000,9000.000,BG-2025-10,Generated PR item.,Converted to PO
4247,1247,86,11891.000,g,2025-02-17,1.20,High,Required for Consumables consumption plan.,0.000,4000.000,BG-2025-11,Generated PR item.,Converted to PO
4248,1248,87,21417.000,g,2025-02-23,0.80,High,Required for Consumables consumption plan.,0.000,12000.000,BG-2025-12,Generated PR item.,Converted to PO
4249,1249,88,246.000,No,2025-03-07,45.00,Urgent,Required for Packaging Materials consumption plan.,0.000,1520.000,BG-2025-01,Generated PR item.,Converted to PO
4250,1250,89,106.000,No,2025-02-21,18.00,High,Required for Packaging Materials consumption plan.,0.000,3040.000,BG-2025-02,Generated PR item.,Converted to PO
4251,1251,90,77.000,Sheet,2025-02-25,10.00,High,Required for Packaging Materials consumption plan.,0.000,1760.000,BG-2025-03,Generated PR item.,Converted to PO
4252,1252,91,103.000,No,2025-02-22,6.00,High,Required for Packaging Materials consumption plan.,0.000,1520.000,BG-2025-04,Generated PR item.,Converted to PO
4253,1253,92,423.000,m,2025-03-04,1.20,Urgent,Required for Packaging Materials consumption plan.,0.000,1600.000,BG-2025-05,Generated PR item.,Converted to PO
4254,1254,93,49.000,No,2025-02-28,3.00,High,Required for Packaging Materials consumption plan.,0.000,1760.000,BG-2025-06,Generated PR item.,Converted to PO
4255,1255,94,244.000,No,2025-03-02,35.00,High,Required for Identification & Documentation consumption plan.,0.000,1520.000,BG-2025-07,Generated PR item.,Converted to PO
4256,1256,95,106.000,No,2025-03-08,3.00,High,Required for Identification & Documentation consumption plan.,0.000,1520.000,BG-2025-08,Generated PR item.,Converted to PO
4257,1257,96,212.000,No,2025-03-01,4.00,Urgent,Required for Identification & Documentation consumption plan.,0.000,1520.000,BG-2025-09,Generated PR item.,Converted to PO
4258,1258,97,198.000,No,2025-03-05,2.00,High,Required for Identification & Documentation consumption plan.,0.000,1520.000,BG-2025-10,Generated PR item.,Converted to PO
4259,1259,98,197.000,No,2025-02-22,8.00,High,Required for Identification & Documentation consumption plan.,0.000,1520.000,BG-2025-11,Generated PR item.,Converted to PO
4260,1260,99,228.000,No,2025-02-24,4.00,High,Required for Identification & Documentation consumption plan.,0.000,1520.000,BG-2025-12,Generated PR item.,Converted to PO
4261,1261,1,133.000,No,2025-03-10,1800.00,Urgent,Required for Core Components consumption plan.,0.000,800.000,BG-2025-01,Generated PR item.,Converted to PO
4262,1262,2,317.000,No,2025-03-08,2800.00,High,Required for Core Components consumption plan.,0.000,480.000,BG-2025-02,Generated PR item.,Converted to PO
4263,1263,3,94.000,No,2025-03-04,6200.00,High,Required for Core Components consumption plan.,0.000,240.000,BG-2025-03,Generated PR item.,Converted to PO
4264,1264,4,185.000,No,2025-02-28,1200.00,High,Required for Core Components consumption plan.,0.000,800.000,BG-2025-04,Generated PR item.,Converted to PO
4265,1265,5,68.000,No,2025-02-25,2200.00,Urgent,Required for Core Components consumption plan.,0.000,480.000,BG-2025-05,Generated PR item.,Converted to PO
4266,1266,6,357.000,No,2025-03-09,5000.00,High,Required for Core Components consumption plan.,0.000,240.000,BG-2025-06,Generated PR item.,Converted to PO
4267,1267,7,154.000,No,2025-03-08,180.00,High,Required for Magnetic Components consumption plan.,0.000,6400.000,BG-2025-07,Generated PR item.,Converted to PO
4268,1268,8,187.000,No,2025-02-26,240.00,High,Required for Magnetic Components consumption plan.,0.000,4800.000,BG-2025-08,Generated PR item.,Converted to PO
4269,1269,9,48.000,No,2025-03-05,360.00,Urgent,Required for Magnetic Components consumption plan.,0.000,2880.000,BG-2025-09,Generated PR item.,Converted to PO
4270,1270,10,86.000,No,2025-03-07,450.00,High,Required for Mechanical Components consumption plan.,0.000,800.000,BG-2025-10,Generated PR item.,Converted to PO
4271,1271,11,171.000,No,2025-03-04,750.00,High,Required for Mechanical Components consumption plan.,0.000,480.000,BG-2025-11,Generated PR item.,Converted to PO
4272,1272,12,208.000,No,2025-03-12,1800.00,High,Required for Mechanical Components consumption plan.,0.000,240.000,BG-2025-12,Generated PR item.,Converted to PO
4273,1273,13,222.000,No,2025-02-26,160.00,Urgent,Required for Mechanical Components consumption plan.,0.000,800.000,BG-2025-01,Generated PR item.,Converted to PO
4274,1274,14,23.000,No,2025-02-28,220.00,High,Required for Mechanical Components consumption plan.,0.000,480.000,BG-2025-02,Generated PR item.,Converted to PO
4275,1275,15,104.000,No,2025-02-26,420.00,High,Required for Mechanical Components consumption plan.,0.000,240.000,BG-2025-03,Generated PR item.,Converted to PO
4276,1276,16,7.000,No,2025-03-09,1300.00,High,Required for Mechanical Components consumption plan.,0.000,800.000,BG-2025-04,Generated PR item.,Converted to PO
4277,1277,17,206.000,No,2025-03-09,2400.00,Urgent,Required for Mechanical Components consumption plan.,0.000,480.000,BG-2025-05,Generated PR item.,Converted to PO
4278,1278,18,35.000,No,2025-03-15,5200.00,High,Required for Mechanical Components consumption plan.,0.000,240.000,BG-2025-06,Generated PR item.,Converted to PO
4279,1279,19,207.000,No,2025-03-08,450.00,High,Required for Mechanical Components consumption plan.,0.000,1520.000,BG-2025-07,Generated PR item.,Converted to PO
4280,1280,20,43.000,No,2025-03-01,450.00,High,Required for Mechanical Components consumption plan.,0.000,1520.000,BG-2025-08,Generated PR item.,Converted to PO
4281,1281,21,8.000,No,2025-03-07,60.00,Urgent,Required for Mechanical Components consumption plan.,0.000,1280.000,BG-2025-09,Generated PR item.,Converted to PO
4282,1282,22,221.000,No,2025-02-28,120.00,High,Required for Mechanical Components consumption plan.,0.000,240.000,BG-2025-10,Generated PR item.,Converted to PO
4283,1283,23,47.000,No,2025-03-11,120.00,High,Required for Bearings consumption plan.,0.000,1600.000,BG-2025-11,Generated PR item.,Converted to PO
4284,1284,24,45.000,No,2025-03-12,220.00,High,Required for Bearings consumption plan.,0.000,960.000,BG-2025-12,Generated PR item.,Converted to PO
4285,1285,25,67.000,No,2025-03-15,650.00,Urgent,Required for Bearings consumption plan.,0.000,480.000,BG-2025-01,Generated PR item.,Converted to PO
4286,1286,26,72.000,No,2025-03-07,15.00,High,Required for Sealing Components consumption plan.,0.000,1520.000,BG-2025-02,Generated PR item.,Converted to PO
4287,1287,27,174.000,No,2025-03-06,45.00,High,Required for Sealing Components consumption plan.,0.000,1280.000,BG-2025-03,Generated PR item.,Converted to PO
4288,1288,28,110.000,No,2025-03-02,110.00,High,Required for Sealing Components consumption plan.,0.000,480.000,BG-2025-04,Generated PR item.,Converted to PO
4289,1289,29,62.000,kg,2025-03-09,850.00,Urgent,Required for Electrical Components consumption plan.,0.000,1440.000,BG-2025-05,Generated PR item.,Converted to PO
4290,1290,30,85.000,kg,2025-03-10,880.00,High,Required for Electrical Components consumption plan.,0.000,1536.000,BG-2025-06,Generated PR item.,Converted to PO
4291,1291,31,11.000,kg,2025-03-15,920.00,High,Required for Electrical Components consumption plan.,0.000,1560.000,BG-2025-07,Generated PR item.,Converted to PO
4292,1292,32,165.000,m,2025-03-15,35.00,High,Required for Electrical Components consumption plan.,0.000,2400.000,BG-2025-08,Generated PR item.,Converted to PO
4293,1293,33,304.000,m,2025-03-06,60.00,Urgent,Required for Electrical Components consumption plan.,0.000,1920.000,BG-2025-09,Generated PR item.,Converted to PO
4294,1294,34,86.000,m,2025-03-09,150.00,High,Required for Electrical Components consumption plan.,0.000,1200.000,BG-2025-10,Generated PR item.,Converted to PO
4295,1295,35,34.000,No,2025-03-13,90.00,High,Required for Electrical Components consumption plan.,0.000,800.000,BG-2025-11,Generated PR item.,Converted to PO
4296,1296,36,166.000,No,2025-03-10,180.00,High,Required for Electrical Components consumption plan.,0.000,480.000,BG-2025-12,Generated PR item.,Converted to PO
4297,1297,37,110.000,No,2025-03-05,420.00,Urgent,Required for Electrical Components consumption plan.,0.000,240.000,BG-2025-01,Generated PR item.,Converted to PO
4298,1298,38,38.000,No,2025-03-20,12.00,High,Required for Electrical Components consumption plan.,0.000,4560.000,BG-2025-02,Generated PR item.,Converted to PO
4299,1299,39,188.000,No,2025-03-18,45.00,High,Required for Electronic Components consumption plan.,0.000,2400.000,BG-2025-03,Generated PR item.,Converted to PO
4300,1300,40,195.000,No,2025-03-14,120.00,High,Required for Electronic Components consumption plan.,0.000,800.000,BG-2025-04,Generated PR item.,Converted to PO
4301,1301,41,13.000,No,2025-03-10,1400.00,Urgent,Required for Electronic Components consumption plan.,0.000,480.000,BG-2025-05,Generated PR item.,Converted to PO
4302,1302,42,54.000,No,2025-03-20,3200.00,High,Required for Electronic Components consumption plan.,0.000,240.000,BG-2025-06,Generated PR item.,Converted to PO
4303,1303,43,96.000,No,2025-03-06,85.00,High,Required for Electronic Components consumption plan.,0.000,480.000,BG-2025-07,Generated PR item.,Converted to PO
4304,1304,44,184.000,No,2025-03-14,220.00,High,Required for Electronic Components consumption plan.,0.000,480.000,BG-2025-08,Generated PR item.,Converted to PO
4305,1305,45,23.000,No,2025-03-20,350.00,Urgent,Required for Electronic Components consumption plan.,0.000,1280.000,BG-2025-09,Generated PR item.,Converted to PO
4306,1306,46,203.000,No,2025-03-24,750.00,High,Required for Electronic Components consumption plan.,0.000,240.000,BG-2025-10,Generated PR item.,Converted to PO
4307,1307,47,29.000,Set,2025-03-11,450.00,High,Required for Electronic Components consumption plan.,0.000,1280.000,BG-2025-11,Generated PR item.,Converted to PO
4308,1308,48,14.000,Set,2025-03-18,950.00,High,Required for Electronic Components consumption plan.,0.000,240.000,BG-2025-12,Generated PR item.,Converted to PO
4309,1309,49,217.000,No,2025-03-10,25.00,Urgent,Required for Electronic Components consumption plan.,0.000,800.000,BG-2025-01,Generated PR item.,Converted to PO
4310,1310,50,26.000,No,2025-03-09,40.00,High,Required for Electronic Components consumption plan.,0.000,480.000,BG-2025-02,Generated PR item.,Converted to PO
4311,1311,51,36.000,No,2025-03-14,110.00,High,Required for Electronic Components consumption plan.,0.000,240.000,BG-2025-03,Generated PR item.,Converted to PO
4312,1312,52,238.000,No,2025-03-23,2.00,High,Required for Electronic Components consumption plan.,0.000,4000.000,BG-2025-04,Generated PR item.,Converted to PO
4313,1313,53,132.000,No,2025-03-20,3.00,Urgent,Required for Electronic Components consumption plan.,0.000,2880.000,BG-2025-05,Generated PR item.,Converted to PO
4314,1314,54,118.000,No,2025-03-16,5.00,High,Required for Electronic Components consumption plan.,0.000,1920.000,BG-2025-06,Generated PR item.,Converted to PO
4315,1315,55,174.000,No,2025-03-14,8.00,High,Required for Insulation Materials consumption plan.,0.000,19200.000,BG-2025-07,Generated PR item.,Converted to PO
4316,1316,56,160.000,No,2025-03-11,10.00,High,Required for Insulation Materials consumption plan.,0.000,17280.000,BG-2025-08,Generated PR item.,Converted to PO
4317,1317,57,155.000,No,2025-03-13,12.00,Urgent,Required for Insulation Materials consumption plan.,0.000,11520.000,BG-2025-09,Generated PR item.,Converted to PO
4318,1318,58,10.000,No,2025-03-12,6.00,High,Required for Insulation Materials consumption plan.,0.000,48000.000,BG-2025-10,Generated PR item.,Converted to PO
4319,1319,59,140.000,No,2025-03-13,5.00,High,Required for Insulation Materials consumption plan.,0.000,48000.000,BG-2025-11,Generated PR item.,Converted to PO
4320,1320,60,154.000,m,2025-03-22,18.00,High,Required for Insulation Materials consumption plan.,0.000,400.000,BG-2025-12,Generated PR item.,Converted to PO
4321,1321,61,408.000,m,2025-03-12,25.00,Urgent,Required for Insulation Materials consumption plan.,0.000,384.000,BG-2025-01,Generated PR item.,Converted to PO
4322,1322,62,263.000,m,2025-03-11,45.00,High,Required for Insulation Materials consumption plan.,0.000,240.000,BG-2025-02,Generated PR item.,Converted to PO
4323,1323,63,79.000,No,2025-03-20,3.00,High,Required for Fasteners consumption plan.,0.000,6400.000,BG-2025-03,Generated PR item.,Converted to PO
4324,1324,64,446.000,No,2025-03-16,5.00,High,Required for Fasteners consumption plan.,0.000,4800.000,BG-2025-04,Generated PR item.,Converted to PO
4325,1325,65,156.000,No,2025-03-19,12.00,Urgent,Required for Fasteners consumption plan.,0.000,2880.000,BG-2025-05,Generated PR item.,Converted to PO
4326,1326,66,150.000,No,2025-03-13,1.50,High,Required for Fasteners consumption plan.,0.000,6400.000,BG-2025-06,Generated PR item.,Converted to PO
4327,1327,67,470.000,No,2025-03-14,2.50,High,Required for Fasteners consumption plan.,0.000,4800.000,BG-2025-07,Generated PR item.,Converted to PO
4328,1328,68,392.000,No,2025-03-19,6.00,High,Required for Fasteners consumption plan.,0.000,2880.000,BG-2025-08,Generated PR item.,Converted to PO
4329,1329,69,433.000,No,2025-03-24,0.80,Urgent,Required for Fasteners consumption plan.,0.000,6400.000,BG-2025-09,Generated PR item.,Converted to PO
4330,1330,70,338.000,No,2025-03-19,1.20,High,Required for Fasteners consumption plan.,0.000,4800.000,BG-2025-10,Generated PR item.,Converted to PO
4331,1331,71,457.000,No,2025-03-21,2.50,High,Required for Fasteners consumption plan.,0.000,2880.000,BG-2025-11,Generated PR item.,Converted to PO
4332,1332,72,75.000,No,2025-03-21,0.80,High,Required for Fasteners consumption plan.,0.000,6400.000,BG-2025-12,Generated PR item.,Converted to PO
4333,1333,73,308.000,No,2025-03-16,1.20,Urgent,Required for Fasteners consumption plan.,0.000,4800.000,BG-2025-01,Generated PR item.,Converted to PO
4334,1334,74,161.000,No,2025-03-18,2.50,High,Required for Fasteners consumption plan.,0.000,2880.000,BG-2025-02,Generated PR item.,Converted to PO
4335,1335,75,211.000,No,2025-03-20,4.00,High,Required for Fasteners consumption plan.,0.000,1600.000,BG-2025-03,Generated PR item.,Converted to PO
4336,1336,76,134.000,No,2025-03-13,7.00,High,Required for Fasteners consumption plan.,0.000,960.000,BG-2025-04,Generated PR item.,Converted to PO
4337,1337,77,118.000,No,2025-03-25,15.00,Urgent,Required for Fasteners consumption plan.,0.000,480.000,BG-2025-05,Generated PR item.,Converted to PO
4338,1338,78,232.000,No,2025-03-24,4.00,High,Required for Fasteners consumption plan.,0.000,3040.000,BG-2025-06,Generated PR item.,Converted to PO
4339,1339,79,461.000,No,2025-03-18,4.00,High,Required for Fasteners consumption plan.,0.000,3040.000,BG-2025-07,Generated PR item.,Converted to PO
4340,1340,80,65357.000,ml,2025-03-20,0.80,High,Required for Consumables consumption plan.,0.000,144000.000,BG-2025-08,Generated PR item.,Converted to PO
4341,1341,81,11131.000,g,2025-03-19,1.20,Urgent,Required for Consumables consumption plan.,0.000,42000.000,BG-2025-09,Generated PR item.,Converted to PO
4342,1342,82,46175.000,ml,2025-03-25,1.50,High,Required for Consumables consumption plan.,0.000,8000.000,BG-2025-10,Generated PR item.,Converted to PO
4343,1343,83,16365.000,g,2025-03-27,0.60,High,Required for Consumables consumption plan.,0.000,24000.000,BG-2025-11,Generated PR item.,Converted to PO
4344,1344,84,28231.000,ml,2025-03-15,0.25,High,Required for Consumables consumption plan.,0.000,156000.000,BG-2025-12,Generated PR item.,Converted to PO
4345,1345,85,16115.000,g,2025-03-21,1.80,Urgent,Required for Consumables consumption plan.,0.000,9000.000,BG-2025-01,Generated PR item.,Converted to PO
4346,1346,86,21181.000,g,2025-03-15,1.20,High,Required for Consumables consumption plan.,0.000,4000.000,BG-2025-02,Generated PR item.,Converted to PO
4347,1347,87,8052.000,g,2025-03-23,0.80,High,Required for Consumables consumption plan.,0.000,12000.000,BG-2025-03,Generated PR item.,Converted to PO
4348,1348,88,148.000,No,2025-03-21,45.00,High,Required for Packaging Materials consumption plan.,0.000,1520.000,BG-2025-04,Generated PR item.,Converted to PO
4349,1349,89,179.000,No,2025-03-23,18.00,Urgent,Required for Packaging Materials consumption plan.,0.000,3040.000,BG-2025-05,Generated PR item.,Converted to PO
4350,1350,90,132.000,Sheet,2025-03-26,10.00,High,Required for Packaging Materials consumption plan.,0.000,1760.000,BG-2025-06,Generated PR item.,Converted to PO
4351,1351,91,76.000,No,2025-03-23,6.00,High,Required for Packaging Materials consumption plan.,0.000,1520.000,BG-2025-07,Generated PR item.,Converted to PO
4352,1352,92,286.000,m,2025-03-25,1.20,High,Required for Packaging Materials consumption plan.,0.000,1600.000,BG-2025-08,Generated PR item.,Converted to PO
4353,1353,93,200.000,No,2025-03-31,3.00,Urgent,Required for Packaging Materials consumption plan.,0.000,1760.000,BG-2025-09,Generated PR item.,Converted to PO
4354,1354,94,59.000,No,2025-04-02,35.00,High,Required for Identification & Documentation consumption plan.,0.000,1520.000,BG-2025-10,Generated PR item.,Converted to PO
4355,1355,95,146.000,No,2025-03-19,3.00,High,Required for Identification & Documentation consumption plan.,0.000,1520.000,BG-2025-11,Generated PR item.,Converted to PO
4356,1356,96,172.000,No,2025-03-25,4.00,High,Required for Identification & Documentation consumption plan.,0.000,1520.000,BG-2025-12,Generated PR item.,Converted to PO
4357,1357,97,84.000,No,2025-04-03,2.00,Urgent,Required for Identification & Documentation consumption plan.,0.000,1520.000,BG-2025-01,Generated PR item.,Converted to PO
4358,1358,98,100.000,No,2025-03-29,8.00,High,Required for Identification & Documentation consumption plan.,0.000,1520.000,BG-2025-02,Generated PR item.,Converted to PO
4359,1359,99,223.000,No,2025-03-24,4.00,High,Required for Identification & Documentation consumption plan.,0.000,1520.000,BG-2025-03,Generated PR item.,Converted to PO
4360,1360,1,213.000,No,2025-03-31,1800.00,High,Required for Core Components consumption plan.,0.000,800.000,BG-2025-04,Generated PR item.,Converted to PO
4361,1361,2,319.000,No,2025-03-23,2800.00,Urgent,Required for Core Components consumption plan.,0.000,480.000,BG-2025-05,Generated PR item.,Converted to PO
4362,1362,3,117.000,No,2025-03-22,6200.00,High,Required for Core Components consumption plan.,0.000,240.000,BG-2025-06,Generated PR item.,Converted to PO
4363,1363,4,467.000,No,2025-04-02,1200.00,High,Required for Core Components consumption plan.,0.000,800.000,BG-2025-07,Generated PR item.,Converted to PO
4364,1364,5,319.000,No,2025-04-02,2200.00,High,Required for Core Components consumption plan.,0.000,480.000,BG-2025-08,Generated PR item.,Converted to PO
4365,1365,6,392.000,No,2025-04-06,5000.00,Urgent,Required for Core Components consumption plan.,0.000,240.000,BG-2025-09,Generated PR item.,Converted to PO
4366,1366,7,153.000,No,2025-03-30,180.00,High,Required for Magnetic Components consumption plan.,0.000,6400.000,BG-2025-10,Generated PR item.,Converted to PO
4367,1367,8,92.000,No,2025-04-08,240.00,High,Required for Magnetic Components consumption plan.,0.000,4800.000,BG-2025-11,Generated PR item.,Converted to PO
4368,1368,9,88.000,No,2025-03-31,360.00,High,Required for Magnetic Components consumption plan.,0.000,2880.000,BG-2025-12,Generated PR item.,Converted to PO
4369,1369,10,177.000,No,2025-04-06,450.00,Urgent,Required for Mechanical Components consumption plan.,0.000,800.000,BG-2025-01,Generated PR item.,Converted to PO
4370,1370,11,216.000,No,2025-03-25,750.00,High,Required for Mechanical Components consumption plan.,0.000,480.000,BG-2025-02,Generated PR item.,Converted to PO
4371,1371,12,36.000,No,2025-03-26,1800.00,High,Required for Mechanical Components consumption plan.,0.000,240.000,BG-2025-03,Generated PR item.,Converted to PO
4372,1372,13,212.000,No,2025-04-08,160.00,High,Required for Mechanical Components consumption plan.,0.000,800.000,BG-2025-04,Generated PR item.,Converted to PO
4373,1373,14,209.000,No,2025-04-09,220.00,Urgent,Required for Mechanical Components consumption plan.,0.000,480.000,BG-2025-05,Generated PR item.,Converted to PO
4374,1374,15,31.000,No,2025-04-10,420.00,High,Required for Mechanical Components consumption plan.,0.000,240.000,BG-2025-06,Generated PR item.,Converted to PO
4375,1375,16,31.000,No,2025-03-31,1300.00,High,Required for Mechanical Components consumption plan.,0.000,800.000,BG-2025-07,Generated PR item.,Converted to PO
4376,1376,17,175.000,No,2025-03-26,2400.00,High,Required for Mechanical Components consumption plan.,0.000,480.000,BG-2025-08,Generated PR item.,Converted to PO
4377,1377,18,212.000,No,2025-04-12,5200.00,Urgent,Required for Mechanical Components consumption plan.,0.000,240.000,BG-2025-09,Generated PR item.,Converted to PO
4378,1378,19,101.000,No,2025-04-05,450.00,High,Required for Mechanical Components consumption plan.,0.000,1520.000,BG-2025-10,Generated PR item.,Converted to PO
4379,1379,20,162.000,No,2025-03-30,450.00,High,Required for Mechanical Components consumption plan.,0.000,1520.000,BG-2025-11,Generated PR item.,Converted to PO
4380,1380,21,250.000,No,2025-04-08,60.00,High,Required for Mechanical Components consumption plan.,0.000,1280.000,BG-2025-12,Generated PR item.,Converted to PO
4381,1381,22,84.000,No,2025-04-11,120.00,Urgent,Required for Mechanical Components consumption plan.,0.000,240.000,BG-2025-01,Generated PR item.,Converted to PO
4382,1382,23,26.000,No,2025-04-01,120.00,High,Required for Bearings consumption plan.,0.000,1600.000,BG-2025-02,Generated PR item.,Converted to PO
4383,1383,24,100.000,No,2025-04-09,220.00,High,Required for Bearings consumption plan.,0.000,960.000,BG-2025-03,Generated PR item.,Converted to PO
4384,1384,25,31.000,No,2025-04-10,650.00,High,Required for Bearings consumption plan.,0.000,480.000,BG-2025-04,Generated PR item.,Converted to PO
4385,1385,26,121.000,No,2025-04-05,15.00,Urgent,Required for Sealing Components consumption plan.,0.000,1520.000,BG-2025-05,Generated PR item.,Converted to PO
4386,1386,27,113.000,No,2025-04-07,45.00,High,Required for Sealing Components consumption plan.,0.000,1280.000,BG-2025-06,Generated PR item.,Converted to PO
4387,1387,28,133.000,No,2025-04-01,110.00,High,Required for Sealing Components consumption plan.,0.000,480.000,BG-2025-07,Generated PR item.,Converted to PO
4388,1388,29,61.000,kg,2025-04-13,850.00,High,Required for Electrical Components consumption plan.,0.000,1440.000,BG-2025-08,Generated PR item.,Converted to PO
4389,1389,30,139.000,kg,2025-04-14,880.00,Urgent,Required for Electrical Components consumption plan.,0.000,1536.000,BG-2025-09,Generated PR item.,Converted to PO
4390,1390,31,142.000,kg,2025-04-15,920.00,High,Required for Electrical Components consumption plan.,0.000,1560.000,BG-2025-10,Generated PR item.,Converted to PO
4391,1391,32,116.000,m,2025-04-11,35.00,High,Required for Electrical Components consumption plan.,0.000,2400.000,BG-2025-11,Generated PR item.,Converted to PO
4392,1392,33,251.000,m,2025-03-29,60.00,High,Required for Electrical Components consumption plan.,0.000,1920.000,BG-2025-12,Generated PR item.,Converted to PO
4393,1393,34,47.000,m,2025-04-05,150.00,Urgent,Required for Electrical Components consumption plan.,0.000,1200.000,BG-2025-01,Generated PR item.,Converted to PO
4394,1394,35,59.000,No,2025-04-07,90.00,High,Required for Electrical Components consumption plan.,0.000,800.000,BG-2025-02,Generated PR item.,Converted to PO
4395,1395,36,247.000,No,2025-04-16,180.00,High,Required for Electrical Components consumption plan.,0.000,480.000,BG-2025-03,Generated PR item.,Converted to PO
4396,1396,37,129.000,No,2025-04-08,420.00,High,Required for Electrical Components consumption plan.,0.000,240.000,BG-2025-04,Generated PR item.,Converted to PO
4397,1397,38,158.000,No,2025-04-09,12.00,Urgent,Required for Electrical Components consumption plan.,0.000,4560.000,BG-2025-05,Generated PR item.,Converted to PO
4398,1398,39,223.000,No,2025-04-02,45.00,High,Required for Electronic Components consumption plan.,0.000,2400.000,BG-2025-06,Generated PR item.,Converted to PO
4399,1399,40,180.000,No,2025-04-14,120.00,High,Required for Electronic Components consumption plan.,0.000,800.000,BG-2025-07,Generated PR item.,Converted to PO
4400,1400,41,199.000,No,2025-04-06,1400.00,High,Required for Electronic Components consumption plan.,0.000,480.000,BG-2025-08,Generated PR item.,Converted to PO
4401,1401,42,180.000,No,2025-04-01,3200.00,Urgent,Required for Electronic Components consumption plan.,0.000,240.000,BG-2025-09,Generated PR item.,Converted to PO
4402,1402,43,127.000,No,2025-04-18,85.00,High,Required for Electronic Components consumption plan.,0.000,480.000,BG-2025-10,Generated PR item.,Converted to PO
4403,1403,44,160.000,No,2025-04-05,220.00,High,Required for Electronic Components consumption plan.,0.000,480.000,BG-2025-11,Generated PR item.,Converted to PO
4404,1404,45,75.000,No,2025-04-02,350.00,High,Required for Electronic Components consumption plan.,0.000,1280.000,BG-2025-12,Generated PR item.,Converted to PO
4405,1405,46,224.000,No,2025-04-03,750.00,Urgent,Required for Electronic Components consumption plan.,0.000,240.000,BG-2025-01,Generated PR item.,Converted to PO
4406,1406,47,18.000,Set,2025-04-10,450.00,High,Required for Electronic Components consumption plan.,0.000,1280.000,BG-2025-02,Generated PR item.,Converted to PO
4407,1407,48,72.000,Set,2025-04-04,950.00,High,Required for Electronic Components consumption plan.,0.000,240.000,BG-2025-03,Generated PR item.,Converted to PO
4408,1408,49,221.000,No,2025-04-18,25.00,High,Required for Electronic Components consumption plan.,0.000,800.000,BG-2025-04,Generated PR item.,Converted to PO
4409,1409,50,40.000,No,2025-04-12,40.00,Urgent,Required for Electronic Components consumption plan.,0.000,480.000,BG-2025-05,Generated PR item.,Converted to PO
4410,1410,51,179.000,No,2025-04-09,110.00,High,Required for Electronic Components consumption plan.,0.000,240.000,BG-2025-06,Generated PR item.,Converted to PO
4411,1411,52,248.000,No,2025-04-04,2.00,High,Required for Electronic Components consumption plan.,0.000,4000.000,BG-2025-07,Generated PR item.,Converted to PO
4412,1412,53,145.000,No,2025-04-12,3.00,High,Required for Electronic Components consumption plan.,0.000,2880.000,BG-2025-08,Generated PR item.,Converted to PO
4413,1413,54,88.000,No,2025-04-06,5.00,Urgent,Required for Electronic Components consumption plan.,0.000,1920.000,BG-2025-09,Generated PR item.,Converted to PO
4414,1414,55,221.000,No,2025-04-22,8.00,High,Required for Insulation Materials consumption plan.,0.000,19200.000,BG-2025-10,Generated PR item.,Converted to PO
4415,1415,56,131.000,No,2025-04-10,10.00,High,Required for Insulation Materials consumption plan.,0.000,17280.000,BG-2025-11,Generated PR item.,Converted to PO
4416,1416,57,34.000,No,2025-04-14,12.00,High,Required for Insulation Materials consumption plan.,0.000,11520.000,BG-2025-12,Generated PR item.,Converted to PO
4417,1417,58,66.000,No,2025-04-06,6.00,Urgent,Required for Insulation Materials consumption plan.,0.000,48000.000,BG-2025-01,Generated PR item.,Converted to PO
4418,1418,59,172.000,No,2025-04-08,5.00,High,Required for Insulation Materials consumption plan.,0.000,48000.000,BG-2025-02,Generated PR item.,Converted to PO
4419,1419,60,239.000,m,2025-04-09,18.00,High,Required for Insulation Materials consumption plan.,0.000,400.000,BG-2025-03,Generated PR item.,Converted to PO
4420,1420,61,124.000,m,2025-04-06,25.00,High,Required for Insulation Materials consumption plan.,0.000,384.000,BG-2025-04,Generated PR item.,Converted to PO
4421,1421,62,404.000,m,2025-04-19,45.00,Urgent,Required for Insulation Materials consumption plan.,0.000,240.000,BG-2025-05,Generated PR item.,Converted to PO
4422,1422,63,77.000,No,2025-04-24,3.00,High,Required for Fasteners consumption plan.,0.000,6400.000,BG-2025-06,Generated PR item.,Converted to PO
4423,1423,64,125.000,No,2025-04-24,5.00,High,Required for Fasteners consumption plan.,0.000,4800.000,BG-2025-07,Generated PR item.,Converted to PO
4424,1424,65,243.000,No,2025-04-11,12.00,High,Required for Fasteners consumption plan.,0.000,2880.000,BG-2025-08,Generated PR item.,Converted to PO
4425,1425,66,39.000,No,2025-04-21,1.50,Urgent,Required for Fasteners consumption plan.,0.000,6400.000,BG-2025-09,Generated PR item.,Converted to PO
4426,1426,67,206.000,No,2025-04-17,2.50,High,Required for Fasteners consumption plan.,0.000,4800.000,BG-2025-10,Generated PR item.,Converted to PO
4427,1427,68,457.000,No,2025-04-08,6.00,High,Required for Fasteners consumption plan.,0.000,2880.000,BG-2025-11,Generated PR item.,Converted to PO
4428,1428,69,472.000,No,2025-04-09,0.80,High,Required for Fasteners consumption plan.,0.000,6400.000,BG-2025-12,Generated PR item.,Converted to PO
4429,1429,70,439.000,No,2025-04-17,1.20,Urgent,Required for Fasteners consumption plan.,0.000,4800.000,BG-2025-01,Generated PR item.,Converted to PO
4430,1430,71,175.000,No,2025-04-15,2.50,High,Required for Fasteners consumption plan.,0.000,2880.000,BG-2025-02,Generated PR item.,Converted to PO
4431,1431,72,51.000,No,2025-04-08,0.80,High,Required for Fasteners consumption plan.,0.000,6400.000,BG-2025-03,Generated PR item.,Converted to PO
4432,1432,73,411.000,No,2025-04-24,1.20,High,Required for Fasteners consumption plan.,0.000,4800.000,BG-2025-04,Generated PR item.,Converted to PO
4433,1433,74,199.000,No,2025-04-21,2.50,Urgent,Required for Fasteners consumption plan.,0.000,2880.000,BG-2025-05,Generated PR item.,Converted to PO
4434,1434,75,380.000,No,2025-04-18,4.00,High,Required for Fasteners consumption plan.,0.000,1600.000,BG-2025-06,Generated PR item.,Converted to PO
4435,1435,76,77.000,No,2025-04-26,7.00,High,Required for Fasteners consumption plan.,0.000,960.000,BG-2025-07,Generated PR item.,Converted to PO
4436,1436,77,341.000,No,2025-04-26,15.00,High,Required for Fasteners consumption plan.,0.000,480.000,BG-2025-08,Generated PR item.,Converted to PO
4437,1437,78,302.000,No,2025-04-26,4.00,Urgent,Required for Fasteners consumption plan.,0.000,3040.000,BG-2025-09,Generated PR item.,Converted to PO
4438,1438,79,462.000,No,2025-04-13,4.00,High,Required for Fasteners consumption plan.,0.000,3040.000,BG-2025-10,Generated PR item.,Converted to PO
4439,1439,80,14683.000,ml,2025-04-25,0.80,High,Required for Consumables consumption plan.,0.000,144000.000,BG-2025-11,Generated PR item.,Converted to PO
4440,1440,81,12830.000,g,2025-04-19,1.20,High,Required for Consumables consumption plan.,0.000,42000.000,BG-2025-12,Generated PR item.,Converted to PO
4441,1441,82,99045.000,ml,2025-04-24,1.50,Urgent,Required for Consumables consumption plan.,0.000,8000.000,BG-2025-01,Generated PR item.,Converted to PO
4442,1442,83,12300.000,g,2025-04-26,0.60,High,Required for Consumables consumption plan.,0.000,24000.000,BG-2025-02,Generated PR item.,Converted to PO
4443,1443,84,67514.000,ml,2025-04-13,0.25,High,Required for Consumables consumption plan.,0.000,156000.000,BG-2025-03,Generated PR item.,Converted to PO
4444,1444,85,5667.000,g,2025-04-19,1.80,High,Required for Consumables consumption plan.,0.000,9000.000,BG-2025-04,Generated PR item.,Converted to PO
4445,1445,86,22124.000,g,2025-04-14,1.20,Urgent,Required for Consumables consumption plan.,0.000,4000.000,BG-2025-05,Generated PR item.,Converted to PO
4446,1446,87,8997.000,g,2025-04-17,0.80,High,Required for Consumables consumption plan.,0.000,12000.000,BG-2025-06,Generated PR item.,Converted to PO
4447,1447,88,145.000,No,2025-04-19,45.00,High,Required for Packaging Materials consumption plan.,0.000,1520.000,BG-2025-07,Generated PR item.,Converted to PO
4448,1448,89,221.000,No,2025-04-27,18.00,High,Required for Packaging Materials consumption plan.,0.000,3040.000,BG-2025-08,Generated PR item.,Converted to PO
4449,1449,90,167.000,Sheet,2025-04-27,10.00,Urgent,Required for Packaging Materials consumption plan.,0.000,1760.000,BG-2025-09,Generated PR item.,Converted to PO
4450,1450,91,121.000,No,2025-04-19,6.00,High,Required for Packaging Materials consumption plan.,0.000,1520.000,BG-2025-10,Generated PR item.,Converted to PO
4451,1451,92,111.000,m,2025-04-17,1.20,High,Required for Packaging Materials consumption plan.,0.000,1600.000,BG-2025-11,Generated PR item.,Converted to PO
4452,1452,93,88.000,No,2025-04-21,3.00,High,Required for Packaging Materials consumption plan.,0.000,1760.000,BG-2025-12,Generated PR item.,Converted to PO
4453,1453,94,213.000,No,2025-04-29,35.00,Urgent,Required for Identification & Documentation consumption plan.,0.000,1520.000,BG-2025-01,Generated PR item.,Converted to PO
4454,1454,95,58.000,No,2025-04-30,3.00,High,Required for Identification & Documentation consumption plan.,0.000,1520.000,BG-2025-02,Generated PR item.,Converted to PO
4455,1455,96,166.000,No,2025-04-17,4.00,High,Required for Identification & Documentation consumption plan.,0.000,1520.000,BG-2025-03,Generated PR item.,Converted to PO
4456,1456,97,124.000,No,2025-04-16,2.00,High,Required for Identification & Documentation consumption plan.,0.000,1520.000,BG-2025-04,Generated PR item.,Converted to PO
4457,1457,98,83.000,No,2025-04-25,8.00,Urgent,Required for Identification & Documentation consumption plan.,0.000,1520.000,BG-2025-05,Generated PR item.,Converted to PO
4458,1458,99,181.000,No,2025-04-19,4.00,High,Required for Identification & Documentation consumption plan.,0.000,1520.000,BG-2025-06,Generated PR item.,Converted to PO
4459,1459,1,213.000,No,2025-04-17,1800.00,High,Required for Core Components consumption plan.,0.000,800.000,BG-2025-07,Generated PR item.,Converted to PO
4460,1460,2,179.000,No,2025-04-14,2800.00,High,Required for Core Components consumption plan.,0.000,480.000,BG-2025-08,Generated PR item.,Converted to PO
4461,1461,3,288.000,No,2025-04-21,6200.00,Urgent,Required for Core Components consumption plan.,0.000,240.000,BG-2025-09,Generated PR item.,Converted to PO
4462,1462,4,391.000,No,2025-04-22,1200.00,High,Required for Core Components consumption plan.,0.000,800.000,BG-2025-10,Generated PR item.,Converted to PO
4463,1463,5,439.000,No,2025-04-25,2200.00,High,Required for Core Components consumption plan.,0.000,480.000,BG-2025-11,Generated PR item.,Converted to PO
4464,1464,6,334.000,No,2025-04-18,5000.00,High,Required for Core Components consumption plan.,0.000,240.000,BG-2025-12,Generated PR item.,Converted to PO
4465,1465,7,167.000,No,2025-04-27,180.00,Urgent,Required for Magnetic Components consumption plan.,0.000,6400.000,BG-2025-01,Generated PR item.,Converted to PO
4466,1466,8,198.000,No,2025-04-28,240.00,High,Required for Magnetic Components consumption plan.,0.000,4800.000,BG-2025-02,Generated PR item.,Converted to PO
4467,1467,9,71.000,No,2025-04-24,360.00,High,Required for Magnetic Components consumption plan.,0.000,2880.000,BG-2025-03,Generated PR item.,Converted to PO
4468,1468,10,66.000,No,2025-04-19,450.00,High,Required for Mechanical Components consumption plan.,0.000,800.000,BG-2025-04,Generated PR item.,Converted to PO
4469,1469,11,124.000,No,2025-04-26,750.00,Urgent,Required for Mechanical Components consumption plan.,0.000,480.000,BG-2025-05,Generated PR item.,Converted to PO
4470,1470,12,160.000,No,2025-04-29,1800.00,High,Required for Mechanical Components consumption plan.,0.000,240.000,BG-2025-06,Generated PR item.,Converted to PO
4471,1471,13,163.000,No,2025-04-23,160.00,High,Required for Mechanical Components consumption plan.,0.000,800.000,BG-2025-07,Generated PR item.,Converted to PO
4472,1472,14,42.000,No,2025-04-21,220.00,High,Required for Mechanical Components consumption plan.,0.000,480.000,BG-2025-08,Generated PR item.,Converted to PO
4473,1473,15,197.000,No,2025-04-27,420.00,Urgent,Required for Mechanical Components consumption plan.,0.000,240.000,BG-2025-09,Generated PR item.,Converted to PO
4474,1474,16,94.000,No,2025-04-24,1300.00,High,Required for Mechanical Components consumption plan.,0.000,800.000,BG-2025-10,Generated PR item.,Converted to PO
4475,1475,17,220.000,No,2025-04-25,2400.00,High,Required for Mechanical Components consumption plan.,0.000,480.000,BG-2025-11,Generated PR item.,Converted to PO
4476,1476,18,183.000,No,2025-04-24,5200.00,High,Required for Mechanical Components consumption plan.,0.000,240.000,BG-2025-12,Generated PR item.,Converted to PO
4477,1477,19,246.000,No,2025-04-23,450.00,Urgent,Required for Mechanical Components consumption plan.,0.000,1520.000,BG-2025-01,Generated PR item.,Converted to PO
4478,1478,20,160.000,No,2025-04-30,450.00,High,Required for Mechanical Components consumption plan.,0.000,1520.000,BG-2025-02,Generated PR item.,Converted to PO
4479,1479,21,134.000,No,2025-04-26,60.00,High,Required for Mechanical Components consumption plan.,0.000,1280.000,BG-2025-03,Generated PR item.,Converted to PO
4480,1480,22,51.000,No,2025-04-27,120.00,High,Required for Mechanical Components consumption plan.,0.000,240.000,BG-2025-04,Generated PR item.,Converted to PO
4481,1481,23,43.000,No,2025-04-30,120.00,Urgent,Required for Bearings consumption plan.,0.000,1600.000,BG-2025-05,Generated PR item.,Converted to PO
4482,1482,24,87.000,No,2025-04-25,220.00,High,Required for Bearings consumption plan.,0.000,960.000,BG-2025-06,Generated PR item.,Converted to PO
4483,1483,25,41.000,No,2025-04-20,650.00,High,Required for Bearings consumption plan.,0.000,480.000,BG-2025-07,Generated PR item.,Converted to PO
4484,1484,26,18.000,No,2025-05-05,15.00,High,Required for Sealing Components consumption plan.,0.000,1520.000,BG-2025-08,Generated PR item.,Converted to PO
4485,1485,27,65.000,No,2025-04-21,45.00,Urgent,Required for Sealing Components consumption plan.,0.000,1280.000,BG-2025-09,Generated PR item.,Converted to PO
4486,1486,28,151.000,No,2025-04-30,110.00,High,Required for Sealing Components consumption plan.,0.000,480.000,BG-2025-10,Generated PR item.,Converted to PO
4487,1487,29,130.000,kg,2025-04-24,850.00,High,Required for Electrical Components consumption plan.,0.000,1440.000,BG-2025-11,Generated PR item.,Converted to PO
4488,1488,30,197.000,kg,2025-04-23,880.00,High,Required for Electrical Components consumption plan.,0.000,1536.000,BG-2025-12,Generated PR item.,Converted to PO
4489,1489,31,188.000,kg,2025-04-21,920.00,Urgent,Required for Electrical Components consumption plan.,0.000,1560.000,BG-2025-01,Generated PR item.,Converted to PO
4490,1490,32,275.000,m,2025-05-07,35.00,High,Required for Electrical Components consumption plan.,0.000,2400.000,BG-2025-02,Generated PR item.,Converted to PO
4491,1491,33,286.000,m,2025-04-28,60.00,High,Required for Electrical Components consumption plan.,0.000,1920.000,BG-2025-03,Generated PR item.,Converted to PO
4492,1492,34,405.000,m,2025-04-28,150.00,High,Required for Electrical Components consumption plan.,0.000,1200.000,BG-2025-04,Generated PR item.,Converted to PO
4493,1493,35,16.000,No,2025-05-05,90.00,Urgent,Required for Electrical Components consumption plan.,0.000,800.000,BG-2025-05,Generated PR item.,Converted to PO
4494,1494,36,151.000,No,2025-04-22,180.00,High,Required for Electrical Components consumption plan.,0.000,480.000,BG-2025-06,Generated PR item.,Converted to PO
4495,1495,37,121.000,No,2025-05-02,420.00,High,Required for Electrical Components consumption plan.,0.000,240.000,BG-2025-07,Generated PR item.,Converted to PO
4496,1496,38,197.000,No,2025-05-01,12.00,High,Required for Electrical Components consumption plan.,0.000,4560.000,BG-2025-08,Generated PR item.,Converted to PO
4497,1497,39,201.000,No,2025-05-02,45.00,Urgent,Required for Electronic Components consumption plan.,0.000,2400.000,BG-2025-09,Generated PR item.,Converted to PO
4498,1498,40,166.000,No,2025-04-25,120.00,High,Required for Electronic Components consumption plan.,0.000,800.000,BG-2025-10,Generated PR item.,Converted to PO
4499,1499,41,166.000,No,2025-05-11,1400.00,High,Required for Electronic Components consumption plan.,0.000,480.000,BG-2025-11,Generated PR item.,Converted to PO
4500,1500,42,175.000,No,2025-04-28,3200.00,High,Required for Electronic Components consumption plan.,0.000,240.000,BG-2025-12,Generated PR item.,Converted to PO
4501,1501,43,147.000,No,2025-05-06,85.00,Urgent,Required for Electronic Components consumption plan.,0.000,480.000,BG-2025-01,Generated PR item.,Converted to PO
4502,1502,44,61.000,No,2025-05-07,220.00,High,Required for Electronic Components consumption plan.,0.000,480.000,BG-2025-02,Generated PR item.,Converted to PO
4503,1503,45,74.000,No,2025-04-30,350.00,High,Required for Electronic Components consumption plan.,0.000,1280.000,BG-2025-03,Generated PR item.,Converted to PO
4504,1504,46,187.000,No,2025-04-26,750.00,High,Required for Electronic Components consumption plan.,0.000,240.000,BG-2025-04,Generated PR item.,Converted to PO
4505,1505,47,51.000,Set,2025-04-29,450.00,Urgent,Required for Electronic Components consumption plan.,0.000,1280.000,BG-2025-05,Generated PR item.,Converted to PO
4506,1506,48,23.000,Set,2025-05-09,950.00,High,Required for Electronic Components consumption plan.,0.000,240.000,BG-2025-06,Generated PR item.,Converted to PO
4507,1507,49,220.000,No,2025-05-11,25.00,High,Required for Electronic Components consumption plan.,0.000,800.000,BG-2025-07,Generated PR item.,Converted to PO
4508,1508,50,246.000,No,2025-05-11,40.00,High,Required for Electronic Components consumption plan.,0.000,480.000,BG-2025-08,Generated PR item.,Converted to PO
4509,1509,51,159.000,No,2025-04-29,110.00,Urgent,Required for Electronic Components consumption plan.,0.000,240.000,BG-2025-09,Generated PR item.,Converted to PO
4510,1510,52,61.000,No,2025-05-06,2.00,High,Required for Electronic Components consumption plan.,0.000,4000.000,BG-2025-10,Generated PR item.,Converted to PO
4511,1511,53,235.000,No,2025-04-28,3.00,High,Required for Electronic Components consumption plan.,0.000,2880.000,BG-2025-11,Generated PR item.,Converted to PO
4512,1512,54,63.000,No,2025-05-09,5.00,High,Required for Electronic Components consumption plan.,0.000,1920.000,BG-2025-12,Generated PR item.,Converted to PO
4513,1513,55,111.000,No,2025-05-04,8.00,Urgent,Required for Insulation Materials consumption plan.,0.000,19200.000,BG-2025-01,Generated PR item.,Converted to PO
4514,1514,56,216.000,No,2025-05-09,10.00,High,Required for Insulation Materials consumption plan.,0.000,17280.000,BG-2025-02,Generated PR item.,Converted to PO
4515,1515,57,133.000,No,2025-05-10,12.00,High,Required for Insulation Materials consumption plan.,0.000,11520.000,BG-2025-03,Generated PR item.,Converted to PO
4516,1516,58,64.000,No,2025-05-15,6.00,High,Required for Insulation Materials consumption plan.,0.000,48000.000,BG-2025-04,Generated PR item.,Converted to PO
4517,1517,59,24.000,No,2025-05-06,5.00,Urgent,Required for Insulation Materials consumption plan.,0.000,48000.000,BG-2025-05,Generated PR item.,Converted to PO
4518,1518,60,193.000,m,2025-05-04,18.00,High,Required for Insulation Materials consumption plan.,0.000,400.000,BG-2025-06,Generated PR item.,Converted to PO
4519,1519,61,343.000,m,2025-05-08,25.00,High,Required for Insulation Materials consumption plan.,0.000,384.000,BG-2025-07,Generated PR item.,Converted to PO
4520,1520,62,363.000,m,2025-05-01,45.00,High,Required for Insulation Materials consumption plan.,0.000,240.000,BG-2025-08,Generated PR item.,Converted to PO
4521,1521,63,127.000,No,2025-05-01,3.00,Urgent,Required for Fasteners consumption plan.,0.000,6400.000,BG-2025-09,Generated PR item.,Converted to PO
4522,1522,64,96.000,No,2025-05-09,5.00,High,Required for Fasteners consumption plan.,0.000,4800.000,BG-2025-10,Generated PR item.,Converted to PO
4523,1523,65,357.000,No,2025-05-14,12.00,High,Required for Fasteners consumption plan.,0.000,2880.000,BG-2025-11,Generated PR item.,Converted to PO
4524,1524,66,96.000,No,2025-05-09,1.50,High,Required for Fasteners consumption plan.,0.000,6400.000,BG-2025-12,Generated PR item.,Converted to PO
4525,1525,67,50.000,No,2025-05-14,2.50,Urgent,Required for Fasteners consumption plan.,0.000,4800.000,BG-2025-01,Generated PR item.,Converted to PO
4526,1526,68,253.000,No,2025-05-03,6.00,High,Required for Fasteners consumption plan.,0.000,2880.000,BG-2025-02,Generated PR item.,Converted to PO
4527,1527,69,294.000,No,2025-05-09,0.80,High,Required for Fasteners consumption plan.,0.000,6400.000,BG-2025-03,Generated PR item.,Converted to PO
4528,1528,70,137.000,No,2025-05-12,1.20,High,Required for Fasteners consumption plan.,0.000,4800.000,BG-2025-04,Generated PR item.,Converted to PO
4529,1529,71,121.000,No,2025-05-07,2.50,Urgent,Required for Fasteners consumption plan.,0.000,2880.000,BG-2025-05,Generated PR item.,Converted to PO
4530,1530,72,133.000,No,2025-05-01,0.80,High,Required for Fasteners consumption plan.,0.000,6400.000,BG-2025-06,Generated PR item.,Converted to PO
4531,1531,73,184.000,No,2025-05-03,1.20,High,Required for Fasteners consumption plan.,0.000,4800.000,BG-2025-07,Generated PR item.,Converted to PO
4532,1532,74,24.000,No,2025-05-18,2.50,High,Required for Fasteners consumption plan.,0.000,2880.000,BG-2025-08,Generated PR item.,Converted to PO
4533,1533,75,25.000,No,2025-05-12,4.00,Urgent,Required for Fasteners consumption plan.,0.000,1600.000,BG-2025-09,Generated PR item.,Converted to PO
4534,1534,76,198.000,No,2025-05-07,7.00,High,Required for Fasteners consumption plan.,0.000,960.000,BG-2025-10,Generated PR item.,Converted to PO
4535,1535,77,29.000,No,2025-05-07,15.00,High,Required for Fasteners consumption plan.,0.000,480.000,BG-2025-11,Generated PR item.,Converted to PO
4536,1536,78,173.000,No,2025-05-03,4.00,High,Required for Fasteners consumption plan.,0.000,3040.000,BG-2025-12,Generated PR item.,Converted to PO
4537,1537,79,299.000,No,2025-05-21,4.00,Urgent,Required for Fasteners consumption plan.,0.000,3040.000,BG-2025-01,Generated PR item.,Converted to PO
4538,1538,80,7959.000,ml,2025-05-05,0.80,High,Required for Consumables consumption plan.,0.000,144000.000,BG-2025-02,Generated PR item.,Converted to PO
4539,1539,81,18917.000,g,2025-05-17,1.20,High,Required for Consumables consumption plan.,0.000,42000.000,BG-2025-03,Generated PR item.,Converted to PO
4540,1540,82,64017.000,ml,2025-05-09,1.50,High,Required for Consumables consumption plan.,0.000,8000.000,BG-2025-04,Generated PR item.,Converted to PO
4541,1541,83,17627.000,g,2025-05-11,0.60,Urgent,Required for Consumables consumption plan.,0.000,24000.000,BG-2025-05,Generated PR item.,Converted to PO
4542,1542,84,64532.000,ml,2025-05-09,0.25,High,Required for Consumables consumption plan.,0.000,156000.000,BG-2025-06,Generated PR item.,Converted to PO
4543,1543,85,24468.000,g,2025-05-19,1.80,High,Required for Consumables consumption plan.,0.000,9000.000,BG-2025-07,Generated PR item.,Converted to PO
4544,1544,86,3053.000,g,2025-05-05,1.20,High,Required for Consumables consumption plan.,0.000,4000.000,BG-2025-08,Generated PR item.,Converted to PO
4545,1545,87,5896.000,g,2025-05-11,0.80,Urgent,Required for Consumables consumption plan.,0.000,12000.000,BG-2025-09,Generated PR item.,Converted to PO
4546,1546,88,82.000,No,2025-05-13,45.00,High,Required for Packaging Materials consumption plan.,0.000,1520.000,BG-2025-10,Generated PR item.,Converted to PO
4547,1547,89,174.000,No,2025-05-13,18.00,High,Required for Packaging Materials consumption plan.,0.000,3040.000,BG-2025-11,Generated PR item.,Converted to PO
4548,1548,90,219.000,Sheet,2025-05-12,10.00,High,Required for Packaging Materials consumption plan.,0.000,1760.000,BG-2025-12,Generated PR item.,Converted to PO
4549,1549,91,230.000,No,2025-05-26,6.00,Urgent,Required for Packaging Materials consumption plan.,0.000,1520.000,BG-2025-01,Generated PR item.,Converted to PO
4550,1550,92,300.000,m,2025-05-16,1.20,High,Required for Packaging Materials consumption plan.,0.000,1600.000,BG-2025-02,Generated PR item.,Converted to PO
4551,1551,93,105.000,No,2025-05-18,3.00,High,Required for Packaging Materials consumption plan.,0.000,1760.000,BG-2025-03,Generated PR item.,Converted to PO
4552,1552,94,106.000,No,2025-05-17,35.00,High,Required for Identification & Documentation consumption plan.,0.000,1520.000,BG-2025-04,Generated PR item.,Converted to PO
4553,1553,95,19.000,No,2025-05-28,3.00,Urgent,Required for Identification & Documentation consumption plan.,0.000,1520.000,BG-2025-05,Generated PR item.,Converted to PO
4554,1554,96,119.000,No,2025-05-17,4.00,High,Required for Identification & Documentation consumption plan.,0.000,1520.000,BG-2025-06,Generated PR item.,Converted to PO
4555,1555,97,131.000,No,2025-05-17,2.00,High,Required for Identification & Documentation consumption plan.,0.000,1520.000,BG-2025-07,Generated PR item.,Converted to PO
4556,1556,98,56.000,No,2025-05-17,8.00,High,Required for Identification & Documentation consumption plan.,0.000,1520.000,BG-2025-08,Generated PR item.,Converted to PO
4557,1557,99,193.000,No,2025-05-17,4.00,Urgent,Required for Identification & Documentation consumption plan.,0.000,1520.000,BG-2025-09,Generated PR item.,Converted to PO
4558,1558,1,416.000,No,2025-05-13,1800.00,High,Required for Core Components consumption plan.,0.000,800.000,BG-2025-10,Generated PR item.,Converted to PO
4559,1559,2,186.000,No,2025-05-22,2800.00,High,Required for Core Components consumption plan.,0.000,480.000,BG-2025-11,Generated PR item.,Converted to PO
4560,1560,3,462.000,No,2025-05-13,6200.00,High,Required for Core Components consumption plan.,0.000,240.000,BG-2025-12,Generated PR item.,Converted to PO
4561,1561,4,98.000,No,2025-05-17,1200.00,Urgent,Required for Core Components consumption plan.,0.000,800.000,BG-2025-01,Generated PR item.,Converted to PO
4562,1562,5,460.000,No,2025-05-17,2200.00,High,Required for Core Components consumption plan.,0.000,480.000,BG-2025-02,Generated PR item.,Converted to PO
4563,1563,6,396.000,No,2025-05-19,5000.00,High,Required for Core Components consumption plan.,0.000,240.000,BG-2025-03,Generated PR item.,Converted to PO
4564,1564,7,60.000,No,2025-05-27,180.00,High,Required for Magnetic Components consumption plan.,0.000,6400.000,BG-2025-04,Generated PR item.,Converted to PO
4565,1565,8,164.000,No,2025-05-24,240.00,Urgent,Required for Magnetic Components consumption plan.,0.000,4800.000,BG-2025-05,Generated PR item.,Converted to PO
4566,1566,9,81.000,No,2025-06-01,360.00,High,Required for Magnetic Components consumption plan.,0.000,2880.000,BG-2025-06,Generated PR item.,Converted to PO
4567,1567,10,201.000,No,2025-05-21,450.00,High,Required for Mechanical Components consumption plan.,0.000,800.000,BG-2025-07,Generated PR item.,Converted to PO
4568,1568,11,44.000,No,2025-05-31,750.00,High,Required for Mechanical Components consumption plan.,0.000,480.000,BG-2025-08,Generated PR item.,Converted to PO
4569,1569,12,65.000,No,2025-05-15,1800.00,Urgent,Required for Mechanical Components consumption plan.,0.000,240.000,BG-2025-09,Generated PR item.,Converted to PO
4570,1570,13,80.000,No,2025-05-24,160.00,High,Required for Mechanical Components consumption plan.,0.000,800.000,BG-2025-10,Generated PR item.,Converted to PO
4571,1571,14,54.000,No,2025-05-30,220.00,High,Required for Mechanical Components consumption plan.,0.000,480.000,BG-2025-11,Generated PR item.,Converted to PO
4572,1572,15,86.000,No,2025-05-25,420.00,High,Required for Mechanical Components consumption plan.,0.000,240.000,BG-2025-12,Generated PR item.,Converted to PO
4573,1573,16,153.000,No,2025-06-01,1300.00,Urgent,Required for Mechanical Components consumption plan.,0.000,800.000,BG-2025-01,Generated PR item.,Converted to PO
4574,1574,17,160.000,No,2025-05-22,2400.00,High,Required for Mechanical Components consumption plan.,0.000,480.000,BG-2025-02,Generated PR item.,Converted to PO
4575,1575,18,141.000,No,2025-05-17,5200.00,High,Required for Mechanical Components consumption plan.,0.000,240.000,BG-2025-03,Generated PR item.,Converted to PO
4576,1576,19,51.000,No,2025-05-30,450.00,High,Required for Mechanical Components consumption plan.,0.000,1520.000,BG-2025-04,Generated PR item.,Converted to PO
4577,1577,20,54.000,No,2025-05-18,450.00,Urgent,Required for Mechanical Components consumption plan.,0.000,1520.000,BG-2025-05,Generated PR item.,Converted to PO
4578,1578,21,231.000,No,2025-05-30,60.00,High,Required for Mechanical Components consumption plan.,0.000,1280.000,BG-2025-06,Generated PR item.,Converted to PO
4579,1579,22,66.000,No,2025-05-31,120.00,High,Required for Mechanical Components consumption plan.,0.000,240.000,BG-2025-07,Generated PR item.,Converted to PO
4580,1580,23,14.000,No,2025-06-02,120.00,High,Required for Bearings consumption plan.,0.000,1600.000,BG-2025-08,Generated PR item.,Converted to PO
4581,1581,24,48.000,No,2025-05-27,220.00,Urgent,Required for Bearings consumption plan.,0.000,960.000,BG-2025-09,Generated PR item.,Converted to PO
4582,1582,25,5.000,No,2025-06-04,650.00,High,Required for Bearings consumption plan.,0.000,480.000,BG-2025-10,Generated PR item.,Converted to PO
4583,1583,26,89.000,No,2025-05-22,15.00,High,Required for Sealing Components consumption plan.,0.000,1520.000,BG-2025-11,Generated PR item.,Converted to PO
4584,1584,27,215.000,No,2025-05-27,45.00,High,Required for Sealing Components consumption plan.,0.000,1280.000,BG-2025-12,Generated PR item.,Converted to PO
4585,1585,28,70.000,No,2025-05-22,110.00,Urgent,Required for Sealing Components consumption plan.,0.000,480.000,BG-2025-01,Generated PR item.,Converted to PO
4586,1586,29,144.000,kg,2025-06-02,850.00,High,Required for Electrical Components consumption plan.,0.000,1440.000,BG-2025-02,Generated PR item.,Converted to PO
4587,1587,30,103.000,kg,2025-06-01,880.00,High,Required for Electrical Components consumption plan.,0.000,1536.000,BG-2025-03,Generated PR item.,Converted to PO
4588,1588,31,77.000,kg,2025-06-03,920.00,High,Required for Electrical Components consumption plan.,0.000,1560.000,BG-2025-04,Generated PR item.,Converted to PO
4589,1589,32,338.000,m,2025-06-03,35.00,Urgent,Required for Electrical Components consumption plan.,0.000,2400.000,BG-2025-05,Generated PR item.,Converted to PO
4590,1590,33,306.000,m,2025-05-27,60.00,High,Required for Electrical Components consumption plan.,0.000,1920.000,BG-2025-06,Generated PR item.,Converted to PO
4591,1591,34,173.000,m,2025-05-23,150.00,High,Required for Electrical Components consumption plan.,0.000,1200.000,BG-2025-07,Generated PR item.,Converted to PO
4592,1592,35,59.000,No,2025-06-07,90.00,High,Required for Electrical Components consumption plan.,0.000,800.000,BG-2025-08,Generated PR item.,Converted to PO
4593,1593,36,230.000,No,2025-05-30,180.00,Urgent,Required for Electrical Components consumption plan.,0.000,480.000,BG-2025-09,Generated PR item.,Converted to PO
4594,1594,37,46.000,No,2025-05-23,420.00,High,Required for Electrical Components consumption plan.,0.000,240.000,BG-2025-10,Generated PR item.,Converted to PO
4595,1595,38,241.000,No,2025-06-08,12.00,High,Required for Electrical Components consumption plan.,0.000,4560.000,BG-2025-11,Generated PR item.,Converted to PO
4596,1596,39,120.000,No,2025-06-09,45.00,High,Required for Electronic Components consumption plan.,0.000,2400.000,BG-2025-12,Generated PR item.,Converted to PO
4597,1597,40,250.000,No,2025-05-31,120.00,Urgent,Required for Electronic Components consumption plan.,0.000,800.000,BG-2025-01,Generated PR item.,Converted to PO
4598,1598,41,91.000,No,2025-06-05,1400.00,High,Required for Electronic Components consumption plan.,0.000,480.000,BG-2025-02,Generated PR item.,Converted to PO
4599,1599,42,144.000,No,2025-05-23,3200.00,High,Required for Electronic Components consumption plan.,0.000,240.000,BG-2025-03,Generated PR item.,Converted to PO
4600,1600,43,156.000,No,2025-05-25,85.00,High,Required for Electronic Components consumption plan.,0.000,480.000,BG-2025-04,Generated PR item.,Converted to PO
4601,1601,44,88.000,No,2025-05-28,220.00,Urgent,Required for Electronic Components consumption plan.,0.000,480.000,BG-2025-05,Generated PR item.,Converted to PO
4602,1602,45,58.000,No,2025-06-04,350.00,High,Required for Electronic Components consumption plan.,0.000,1280.000,BG-2025-06,Generated PR item.,Converted to PO
4603,1603,46,133.000,No,2025-05-26,750.00,High,Required for Electronic Components consumption plan.,0.000,240.000,BG-2025-07,Generated PR item.,Converted to PO
4604,1604,47,55.000,Set,2025-05-25,450.00,High,Required for Electronic Components consumption plan.,0.000,1280.000,BG-2025-08,Generated PR item.,Converted to PO
4605,1605,48,24.000,Set,2025-06-06,950.00,Urgent,Required for Electronic Components consumption plan.,0.000,240.000,BG-2025-09,Generated PR item.,Converted to PO
4606,1606,49,193.000,No,2025-06-07,25.00,High,Required for Electronic Components consumption plan.,0.000,800.000,BG-2025-10,Generated PR item.,Converted to PO
4607,1607,50,162.000,No,2025-06-07,40.00,High,Required for Electronic Components consumption plan.,0.000,480.000,BG-2025-11,Generated PR item.,Converted to PO
4608,1608,51,45.000,No,2025-06-08,110.00,High,Required for Electronic Components consumption plan.,0.000,240.000,BG-2025-12,Generated PR item.,Converted to PO
4609,1609,52,235.000,No,2025-06-09,2.00,Urgent,Required for Electronic Components consumption plan.,0.000,4000.000,BG-2025-01,Generated PR item.,Converted to PO
4610,1610,53,15.000,No,2025-06-05,3.00,High,Required for Electronic Components consumption plan.,0.000,2880.000,BG-2025-02,Generated PR item.,Converted to PO
4611,1611,54,165.000,No,2025-06-04,5.00,High,Required for Electronic Components consumption plan.,0.000,1920.000,BG-2025-03,Generated PR item.,Converted to PO
4612,1612,55,113.000,No,2025-06-10,8.00,High,Required for Insulation Materials consumption plan.,0.000,19200.000,BG-2025-04,Generated PR item.,Converted to PO
4613,1613,56,165.000,No,2025-06-01,10.00,Urgent,Required for Insulation Materials consumption plan.,0.000,17280.000,BG-2025-05,Generated PR item.,Converted to PO
4614,1614,57,195.000,No,2025-05-28,12.00,High,Required for Insulation Materials consumption plan.,0.000,11520.000,BG-2025-06,Generated PR item.,Converted to PO
4615,1615,58,174.000,No,2025-06-09,6.00,High,Required for Insulation Materials consumption plan.,0.000,48000.000,BG-2025-07,Generated PR item.,Converted to PO
4616,1616,59,165.000,No,2025-06-01,5.00,High,Required for Insulation Materials consumption plan.,0.000,48000.000,BG-2025-08,Generated PR item.,Converted to PO
4617,1617,60,424.000,m,2025-06-15,18.00,Urgent,Required for Insulation Materials consumption plan.,0.000,400.000,BG-2025-09,Generated PR item.,Converted to PO
4618,1618,61,357.000,m,2025-06-06,25.00,High,Required for Insulation Materials consumption plan.,0.000,384.000,BG-2025-10,Generated PR item.,Converted to PO
4619,1619,62,411.000,m,2025-06-14,45.00,High,Required for Insulation Materials consumption plan.,0.000,240.000,BG-2025-11,Generated PR item.,Converted to PO
4620,1620,63,213.000,No,2025-05-30,3.00,High,Required for Fasteners consumption plan.,0.000,6400.000,BG-2025-12,Generated PR item.,Converted to PO
4621,1621,64,117.000,No,2025-06-11,5.00,Urgent,Required for Fasteners consumption plan.,0.000,4800.000,BG-2025-01,Generated PR item.,Converted to PO
4622,1622,65,133.000,No,2025-06-08,12.00,High,Required for Fasteners consumption plan.,0.000,2880.000,BG-2025-02,Generated PR item.,Converted to PO
4623,1623,66,314.000,No,2025-06-08,1.50,High,Required for Fasteners consumption plan.,0.000,6400.000,BG-2025-03,Generated PR item.,Converted to PO
4624,1624,67,275.000,No,2025-06-05,2.50,High,Required for Fasteners consumption plan.,0.000,4800.000,BG-2025-04,Generated PR item.,Converted to PO
4625,1625,68,57.000,No,2025-06-18,6.00,Urgent,Required for Fasteners consumption plan.,0.000,2880.000,BG-2025-05,Generated PR item.,Converted to PO
4626,1626,69,118.000,No,2025-06-08,0.80,High,Required for Fasteners consumption plan.,0.000,6400.000,BG-2025-06,Generated PR item.,Converted to PO
4627,1627,70,485.000,No,2025-06-16,1.20,High,Required for Fasteners consumption plan.,0.000,4800.000,BG-2025-07,Generated PR item.,Converted to PO
4628,1628,71,369.000,No,2025-06-08,2.50,High,Required for Fasteners consumption plan.,0.000,2880.000,BG-2025-08,Generated PR item.,Converted to PO
4629,1629,72,383.000,No,2025-06-02,0.80,Urgent,Required for Fasteners consumption plan.,0.000,6400.000,BG-2025-09,Generated PR item.,Converted to PO
4630,1630,73,114.000,No,2025-06-17,1.20,High,Required for Fasteners consumption plan.,0.000,4800.000,BG-2025-10,Generated PR item.,Converted to PO
4631,1631,74,50.000,No,2025-06-05,2.50,High,Required for Fasteners consumption plan.,0.000,2880.000,BG-2025-11,Generated PR item.,Converted to PO
4632,1632,75,160.000,No,2025-06-06,4.00,High,Required for Fasteners consumption plan.,0.000,1600.000,BG-2025-12,Generated PR item.,Converted to PO
4633,1633,76,432.000,No,2025-06-17,7.00,Urgent,Required for Fasteners consumption plan.,0.000,960.000,BG-2025-01,Generated PR item.,Converted to PO
4634,1634,77,263.000,No,2025-06-19,15.00,High,Required for Fasteners consumption plan.,0.000,480.000,BG-2025-02,Generated PR item.,Converted to PO
4635,1635,78,397.000,No,2025-06-19,4.00,High,Required for Fasteners consumption plan.,0.000,3040.000,BG-2025-03,Generated PR item.,Converted to PO
4636,1636,79,254.000,No,2025-06-11,4.00,High,Required for Fasteners consumption plan.,0.000,3040.000,BG-2025-04,Generated PR item.,Converted to PO
4637,1637,80,51568.000,ml,2025-06-17,0.80,Urgent,Required for Consumables consumption plan.,0.000,144000.000,BG-2025-05,Generated PR item.,Converted to PO
4638,1638,81,18425.000,g,2025-06-10,1.20,High,Required for Consumables consumption plan.,0.000,42000.000,BG-2025-06,Generated PR item.,Converted to PO
4639,1639,82,96099.000,ml,2025-06-18,1.50,High,Required for Consumables consumption plan.,0.000,8000.000,BG-2025-07,Generated PR item.,Converted to PO
4640,1640,83,13686.000,g,2025-06-14,0.60,High,Required for Consumables consumption plan.,0.000,24000.000,BG-2025-08,Generated PR item.,Converted to PO
4641,1641,84,61597.000,ml,2025-06-05,0.25,Urgent,Required for Consumables consumption plan.,0.000,156000.000,BG-2025-09,Generated PR item.,Converted to PO
4642,1642,85,27665.000,g,2025-06-12,1.80,High,Required for Consumables consumption plan.,0.000,9000.000,BG-2025-10,Generated PR item.,Converted to PO
4643,1643,86,11797.000,g,2025-06-13,1.20,High,Required for Consumables consumption plan.,0.000,4000.000,BG-2025-11,Generated PR item.,Converted to PO
4644,1644,87,25358.000,g,2025-06-10,0.80,High,Required for Consumables consumption plan.,0.000,12000.000,BG-2025-12,Generated PR item.,Converted to PO
4645,1645,88,136.000,No,2025-06-12,45.00,Urgent,Required for Packaging Materials consumption plan.,0.000,1520.000,BG-2025-01,Generated PR item.,Converted to PO
4646,1646,89,221.000,No,2025-06-15,18.00,High,Required for Packaging Materials consumption plan.,0.000,3040.000,BG-2025-02,Generated PR item.,Converted to PO
4647,1647,90,120.000,Sheet,2025-06-07,10.00,High,Required for Packaging Materials consumption plan.,0.000,1760.000,BG-2025-03,Generated PR item.,Converted to PO
4648,1648,91,159.000,No,2025-06-09,6.00,High,Required for Packaging Materials consumption plan.,0.000,1520.000,BG-2025-04,Generated PR item.,Converted to PO
4649,1649,92,175.000,m,2025-06-20,1.20,Urgent,Required for Packaging Materials consumption plan.,0.000,1600.000,BG-2025-05,Generated PR item.,Converted to PO
4650,1650,93,161.000,No,2025-06-13,3.00,High,Required for Packaging Materials consumption plan.,0.000,1760.000,BG-2025-06,Generated PR item.,Converted to PO
4651,1651,94,85.000,No,2025-06-17,35.00,High,Required for Identification & Documentation consumption plan.,0.000,1520.000,BG-2025-07,Generated PR item.,Converted to PO
4652,1652,95,154.000,No,2025-06-17,3.00,High,Required for Identification & Documentation consumption plan.,0.000,1520.000,BG-2025-08,Generated PR item.,Converted to PO
4653,1653,96,199.000,No,2025-06-17,4.00,Urgent,Required for Identification & Documentation consumption plan.,0.000,1520.000,BG-2025-09,Generated PR item.,Converted to PO
4654,1654,97,111.000,No,2025-06-15,2.00,High,Required for Identification & Documentation consumption plan.,0.000,1520.000,BG-2025-10,Generated PR item.,Converted to PO
4655,1655,98,110.000,No,2025-06-16,8.00,High,Required for Identification & Documentation consumption plan.,0.000,1520.000,BG-2025-11,Generated PR item.,Converted to PO
4656,1656,99,84.000,No,2025-06-22,4.00,High,Required for Identification & Documentation consumption plan.,0.000,1520.000,BG-2025-12,Generated PR item.,Converted to PO
4657,1657,1,379.000,No,2025-06-26,1800.00,Urgent,Required for Core Components consumption plan.,0.000,800.000,BG-2025-01,Generated PR item.,Converted to PO
4658,1658,2,316.000,No,2025-06-13,2800.00,High,Required for Core Components consumption plan.,0.000,480.000,BG-2025-02,Generated PR item.,Converted to PO
4659,1659,3,282.000,No,2025-06-21,6200.00,High,Required for Core Components consumption plan.,0.000,240.000,BG-2025-03,Generated PR item.,Converted to PO
4660,1660,4,61.000,No,2025-06-27,1200.00,High,Required for Core Components consumption plan.,0.000,800.000,BG-2025-04,Generated PR item.,Converted to PO
4661,1661,5,99.000,No,2025-06-10,2200.00,Urgent,Required for Core Components consumption plan.,0.000,480.000,BG-2025-05,Generated PR item.,Converted to PO
4662,1662,6,53.000,No,2025-06-24,5000.00,High,Required for Core Components consumption plan.,0.000,240.000,BG-2025-06,Generated PR item.,Converted to PO
4663,1663,7,214.000,No,2025-06-18,180.00,High,Required for Magnetic Components consumption plan.,0.000,6400.000,BG-2025-07,Generated PR item.,Converted to PO
4664,1664,8,214.000,No,2025-06-27,240.00,High,Required for Magnetic Components consumption plan.,0.000,4800.000,BG-2025-08,Generated PR item.,Converted to PO
4665,1665,9,21.000,No,2025-06-20,360.00,Urgent,Required for Magnetic Components consumption plan.,0.000,2880.000,BG-2025-09,Generated PR item.,Converted to PO
4666,1666,10,16.000,No,2025-06-27,450.00,High,Required for Mechanical Components consumption plan.,0.000,800.000,BG-2025-10,Generated PR item.,Converted to PO
4667,1667,11,197.000,No,2025-06-15,750.00,High,Required for Mechanical Components consumption plan.,0.000,480.000,BG-2025-11,Generated PR item.,Converted to PO
4668,1668,12,134.000,No,2025-06-15,1800.00,High,Required for Mechanical Components consumption plan.,0.000,240.000,BG-2025-12,Generated PR item.,Converted to PO
4669,1669,13,80.000,No,2025-06-29,160.00,Urgent,Required for Mechanical Components consumption plan.,0.000,800.000,BG-2025-01,Generated PR item.,Converted to PO
4670,1670,14,156.000,No,2025-06-22,220.00,High,Required for Mechanical Components consumption plan.,0.000,480.000,BG-2025-02,Generated PR item.,Converted to PO
4671,1671,15,63.000,No,2025-06-24,420.00,High,Required for Mechanical Components consumption plan.,0.000,240.000,BG-2025-03,Generated PR item.,Converted to PO
4672,1672,16,53.000,No,2025-06-17,1300.00,High,Required for Mechanical Components consumption plan.,0.000,800.000,BG-2025-04,Generated PR item.,Converted to PO
4673,1673,17,95.000,No,2025-06-18,2400.00,Urgent,Required for Mechanical Components consumption plan.,0.000,480.000,BG-2025-05,Generated PR item.,Converted to PO
4674,1674,18,225.000,No,2025-06-28,5200.00,High,Required for Mechanical Components consumption plan.,0.000,240.000,BG-2025-06,Generated PR item.,Converted to PO
4675,1675,19,193.000,No,2025-06-19,450.00,High,Required for Mechanical Components consumption plan.,0.000,1520.000,BG-2025-07,Generated PR item.,Converted to PO
4676,1676,20,51.000,No,2025-06-24,450.00,High,Required for Mechanical Components consumption plan.,0.000,1520.000,BG-2025-08,Generated PR item.,Converted to PO
4677,1677,21,143.000,No,2025-06-19,60.00,Urgent,Required for Mechanical Components consumption plan.,0.000,1280.000,BG-2025-09,Generated PR item.,Converted to PO
4678,1678,22,222.000,No,2025-06-18,120.00,High,Required for Mechanical Components consumption plan.,0.000,240.000,BG-2025-10,Generated PR item.,Converted to PO
4679,1679,23,96.000,No,2025-06-16,120.00,High,Required for Bearings consumption plan.,0.000,1600.000,BG-2025-11,Generated PR item.,Converted to PO
4680,1680,24,78.000,No,2025-06-30,220.00,High,Required for Bearings consumption plan.,0.000,960.000,BG-2025-12,Generated PR item.,Converted to PO
4681,1681,25,17.000,No,2025-07-01,650.00,Urgent,Required for Bearings consumption plan.,0.000,480.000,BG-2025-01,Generated PR item.,Converted to PO
4682,1682,26,64.000,No,2025-06-17,15.00,High,Required for Sealing Components consumption plan.,0.000,1520.000,BG-2025-02,Generated PR item.,Converted to PO
4683,1683,27,58.000,No,2025-06-21,45.00,High,Required for Sealing Components consumption plan.,0.000,1280.000,BG-2025-03,Generated PR item.,Converted to PO
4684,1684,28,42.000,No,2025-06-25,110.00,High,Required for Sealing Components consumption plan.,0.000,480.000,BG-2025-04,Generated PR item.,Converted to PO
4685,1685,29,43.000,kg,2025-06-21,850.00,Urgent,Required for Electrical Components consumption plan.,0.000,1440.000,BG-2025-05,Generated PR item.,Converted to PO
4686,1686,30,70.000,kg,2025-06-27,880.00,High,Required for Electrical Components consumption plan.,0.000,1536.000,BG-2025-06,Generated PR item.,Converted to PO
4687,1687,31,116.000,kg,2025-06-20,920.00,High,Required for Electrical Components consumption plan.,0.000,1560.000,BG-2025-07,Generated PR item.,Converted to PO
4688,1688,32,211.000,m,2025-06-17,35.00,High,Required for Electrical Components consumption plan.,0.000,2400.000,BG-2025-08,Generated PR item.,Converted to PO
4689,1689,33,222.000,m,2025-06-22,60.00,Urgent,Required for Electrical Components consumption plan.,0.000,1920.000,BG-2025-09,Generated PR item.,Converted to PO
4690,1690,34,138.000,m,2025-06-26,150.00,High,Required for Electrical Components consumption plan.,0.000,1200.000,BG-2025-10,Generated PR item.,Converted to PO
4691,1691,35,42.000,No,2025-06-19,90.00,High,Required for Electrical Components consumption plan.,0.000,800.000,BG-2025-11,Generated PR item.,Converted to PO
4692,1692,36,250.000,No,2025-07-01,180.00,High,Required for Electrical Components consumption plan.,0.000,480.000,BG-2025-12,Generated PR item.,Converted to PO
4693,1693,37,152.000,No,2025-06-17,420.00,Urgent,Required for Electrical Components consumption plan.,0.000,240.000,BG-2025-01,Generated PR item.,Converted to PO
4694,1694,38,61.000,No,2025-06-18,12.00,High,Required for Electrical Components consumption plan.,0.000,4560.000,BG-2025-02,Generated PR item.,Converted to PO
4695,1695,39,204.000,No,2025-06-26,45.00,High,Required for Electronic Components consumption plan.,0.000,2400.000,BG-2025-03,Generated PR item.,Converted to PO
4696,1696,40,209.000,No,2025-06-27,120.00,High,Required for Electronic Components consumption plan.,0.000,800.000,BG-2025-04,Generated PR item.,Converted to PO
4697,1697,41,242.000,No,2025-06-23,1400.00,Urgent,Required for Electronic Components consumption plan.,0.000,480.000,BG-2025-05,Generated PR item.,Converted to PO
4698,1698,42,44.000,No,2025-06-22,3200.00,High,Required for Electronic Components consumption plan.,0.000,240.000,BG-2025-06,Generated PR item.,Converted to PO
4699,1699,43,162.000,No,2025-06-19,85.00,High,Required for Electronic Components consumption plan.,0.000,480.000,BG-2025-07,Generated PR item.,Converted to PO
4700,1700,44,246.000,No,2025-06-30,220.00,High,Required for Electronic Components consumption plan.,0.000,480.000,BG-2025-08,Generated PR item.,Converted to PO
4701,1701,45,203.000,No,2025-06-25,350.00,Urgent,Required for Electronic Components consumption plan.,0.000,1280.000,BG-2025-09,Generated PR item.,Converted to PO
4702,1702,46,60.000,No,2025-06-21,750.00,High,Required for Electronic Components consumption plan.,0.000,240.000,BG-2025-10,Generated PR item.,Converted to PO
4703,1703,47,72.000,Set,2025-06-27,450.00,High,Required for Electronic Components consumption plan.,0.000,1280.000,BG-2025-11,Generated PR item.,Converted to PO
4704,1704,48,37.000,Set,2025-07-07,950.00,High,Required for Electronic Components consumption plan.,0.000,240.000,BG-2025-12,Generated PR item.,Converted to PO
4705,1705,49,125.000,No,2025-06-25,25.00,Urgent,Required for Electronic Components consumption plan.,0.000,800.000,BG-2025-01,Generated PR item.,Converted to PO
4706,1706,50,142.000,No,2025-07-07,40.00,High,Required for Electronic Components consumption plan.,0.000,480.000,BG-2025-02,Generated PR item.,Converted to PO
4707,1707,51,194.000,No,2025-06-25,110.00,High,Required for Electronic Components consumption plan.,0.000,240.000,BG-2025-03,Generated PR item.,Converted to PO
4708,1708,52,34.000,No,2025-06-25,2.00,High,Required for Electronic Components consumption plan.,0.000,4000.000,BG-2025-04,Generated PR item.,Converted to PO
4709,1709,53,137.000,No,2025-06-26,3.00,Urgent,Required for Electronic Components consumption plan.,0.000,2880.000,BG-2025-05,Generated PR item.,Converted to PO
4710,1710,54,205.000,No,2025-06-27,5.00,High,Required for Electronic Components consumption plan.,0.000,1920.000,BG-2025-06,Generated PR item.,Converted to PO
4711,1711,55,139.000,No,2025-06-24,8.00,High,Required for Insulation Materials consumption plan.,0.000,19200.000,BG-2025-07,Generated PR item.,Converted to PO
4712,1712,56,72.000,No,2025-07-02,10.00,High,Required for Insulation Materials consumption plan.,0.000,17280.000,BG-2025-08,Generated PR item.,Converted to PO
4713,1713,57,18.000,No,2025-06-29,12.00,Urgent,Required for Insulation Materials consumption plan.,0.000,11520.000,BG-2025-09,Generated PR item.,Converted to PO
4714,1714,58,140.000,No,2025-07-05,6.00,High,Required for Insulation Materials consumption plan.,0.000,48000.000,BG-2025-10,Generated PR item.,Converted to PO
4715,1715,59,178.000,No,2025-07-01,5.00,High,Required for Insulation Materials consumption plan.,0.000,48000.000,BG-2025-11,Generated PR item.,Converted to PO
4716,1716,60,284.000,m,2025-07-01,18.00,High,Required for Insulation Materials consumption plan.,0.000,400.000,BG-2025-12,Generated PR item.,Converted to PO
4717,1717,61,491.000,m,2025-07-02,25.00,Urgent,Required for Insulation Materials consumption plan.,0.000,384.000,BG-2025-01,Generated PR item.,Converted to PO
4718,1718,62,309.000,m,2025-06-26,45.00,High,Required for Insulation Materials consumption plan.,0.000,240.000,BG-2025-02,Generated PR item.,Converted to PO
4719,1719,63,264.000,No,2025-07-07,3.00,High,Required for Fasteners consumption plan.,0.000,6400.000,BG-2025-03,Generated PR item.,Converted to PO
4720,1720,64,46.000,No,2025-06-26,5.00,High,Required for Fasteners consumption plan.,0.000,4800.000,BG-2025-04,Generated PR item.,Converted to PO
4721,1721,65,288.000,No,2025-07-07,12.00,Urgent,Required for Fasteners consumption plan.,0.000,2880.000,BG-2025-05,Generated PR item.,Converted to PO
4722,1722,66,101.000,No,2025-07-12,1.50,High,Required for Fasteners consumption plan.,0.000,6400.000,BG-2025-06,Generated PR item.,Converted to PO
4723,1723,67,368.000,No,2025-07-08,2.50,High,Required for Fasteners consumption plan.,0.000,4800.000,BG-2025-07,Generated PR item.,Converted to PO
4724,1724,68,97.000,No,2025-07-04,6.00,High,Required for Fasteners consumption plan.,0.000,2880.000,BG-2025-08,Generated PR item.,Converted to PO
4725,1725,69,456.000,No,2025-07-01,0.80,Urgent,Required for Fasteners consumption plan.,0.000,6400.000,BG-2025-09,Generated PR item.,Converted to PO
4726,1726,70,165.000,No,2025-07-11,1.20,High,Required for Fasteners consumption plan.,0.000,4800.000,BG-2025-10,Generated PR item.,Converted to PO
4727,1727,71,228.000,No,2025-06-30,2.50,High,Required for Fasteners consumption plan.,0.000,2880.000,BG-2025-11,Generated PR item.,Converted to PO
4728,1728,72,89.000,No,2025-07-04,0.80,High,Required for Fasteners consumption plan.,0.000,6400.000,BG-2025-12,Generated PR item.,Converted to PO
4729,1729,73,121.000,No,2025-07-10,1.20,Urgent,Required for Fasteners consumption plan.,0.000,4800.000,BG-2025-01,Generated PR item.,Converted to PO
4730,1730,74,463.000,No,2025-07-13,2.50,High,Required for Fasteners consumption plan.,0.000,2880.000,BG-2025-02,Generated PR item.,Converted to PO
4731,1731,75,156.000,No,2025-07-13,4.00,High,Required for Fasteners consumption plan.,0.000,1600.000,BG-2025-03,Generated PR item.,Converted to PO
4732,1732,76,266.000,No,2025-06-28,7.00,High,Required for Fasteners consumption plan.,0.000,960.000,BG-2025-04,Generated PR item.,Converted to PO
4733,1733,77,492.000,No,2025-07-14,15.00,Urgent,Required for Fasteners consumption plan.,0.000,480.000,BG-2025-05,Generated PR item.,Converted to PO
4734,1734,78,319.000,No,2025-06-30,4.00,High,Required for Fasteners consumption plan.,0.000,3040.000,BG-2025-06,Generated PR item.,Converted to PO
4735,1735,79,40.000,No,2025-07-09,4.00,High,Required for Fasteners consumption plan.,0.000,3040.000,BG-2025-07,Generated PR item.,Converted to PO
4736,1736,80,38961.000,ml,2025-07-15,0.80,High,Required for Consumables consumption plan.,0.000,144000.000,BG-2025-08,Generated PR item.,Converted to PO
4737,1737,81,12219.000,g,2025-07-11,1.20,Urgent,Required for Consumables consumption plan.,0.000,42000.000,BG-2025-09,Generated PR item.,Converted to PO
4738,1738,82,31243.000,ml,2025-07-18,1.50,High,Required for Consumables consumption plan.,0.000,8000.000,BG-2025-10,Generated PR item.,Converted to PO
4739,1739,83,7994.000,g,2025-07-07,0.60,High,Required for Consumables consumption plan.,0.000,24000.000,BG-2025-11,Generated PR item.,Converted to PO
4740,1740,84,52802.000,ml,2025-07-07,0.25,High,Required for Consumables consumption plan.,0.000,156000.000,BG-2025-12,Generated PR item.,Converted to PO
4741,1741,85,11934.000,g,2025-07-07,1.80,Urgent,Required for Consumables consumption plan.,0.000,9000.000,BG-2025-01,Generated PR item.,Converted to PO
4742,1742,86,9535.000,g,2025-07-08,1.20,High,Required for Consumables consumption plan.,0.000,4000.000,BG-2025-02,Generated PR item.,Converted to PO
4743,1743,87,12976.000,g,2025-07-14,0.80,High,Required for Consumables consumption plan.,0.000,12000.000,BG-2025-03,Generated PR item.,Converted to PO
4744,1744,88,89.000,No,2025-07-10,45.00,High,Required for Packaging Materials consumption plan.,0.000,1520.000,BG-2025-04,Generated PR item.,Converted to PO
4745,1745,89,61.000,No,2025-07-15,18.00,Urgent,Required for Packaging Materials consumption plan.,0.000,3040.000,BG-2025-05,Generated PR item.,Converted to PO
4746,1746,90,116.000,Sheet,2025-07-09,10.00,High,Required for Packaging Materials consumption plan.,0.000,1760.000,BG-2025-06,Generated PR item.,Converted to PO
4747,1747,91,236.000,No,2025-07-08,6.00,High,Required for Packaging Materials consumption plan.,0.000,1520.000,BG-2025-07,Generated PR item.,Converted to PO
4748,1748,92,263.000,m,2025-07-06,1.20,High,Required for Packaging Materials consumption plan.,0.000,1600.000,BG-2025-08,Generated PR item.,Converted to PO
4749,1749,93,151.000,No,2025-07-12,3.00,Urgent,Required for Packaging Materials consumption plan.,0.000,1760.000,BG-2025-09,Generated PR item.,Converted to PO
4750,1750,94,247.000,No,2025-07-19,35.00,High,Required for Identification & Documentation consumption plan.,0.000,1520.000,BG-2025-10,Generated PR item.,Converted to PO
4751,1751,95,155.000,No,2025-07-18,3.00,High,Required for Identification & Documentation consumption plan.,0.000,1520.000,BG-2025-11,Generated PR item.,Converted to PO
4752,1752,96,59.000,No,2025-07-07,4.00,High,Required for Identification & Documentation consumption plan.,0.000,1520.000,BG-2025-12,Generated PR item.,Converted to PO
4753,1753,97,103.000,No,2025-07-12,2.00,Urgent,Required for Identification & Documentation consumption plan.,0.000,1520.000,BG-2025-01,Generated PR item.,Converted to PO
4754,1754,98,125.000,No,2025-07-16,8.00,High,Required for Identification & Documentation consumption plan.,0.000,1520.000,BG-2025-02,Generated PR item.,Converted to PO
4755,1755,99,121.000,No,2025-07-15,4.00,High,Required for Identification & Documentation consumption plan.,0.000,1520.000,BG-2025-03,Generated PR item.,Converted to PO
4756,1756,1,117.000,No,2025-07-05,1800.00,High,Required for Core Components consumption plan.,0.000,800.000,BG-2025-04,Generated PR item.,Converted to PO
4757,1757,2,97.000,No,2025-07-14,2800.00,Urgent,Required for Core Components consumption plan.,0.000,480.000,BG-2025-05,Generated PR item.,Converted to PO
4758,1758,3,207.000,No,2025-07-04,6200.00,High,Required for Core Components consumption plan.,0.000,240.000,BG-2025-06,Generated PR item.,Converted to PO
4759,1759,4,462.000,No,2025-07-06,1200.00,High,Required for Core Components consumption plan.,0.000,800.000,BG-2025-07,Generated PR item.,Converted to PO
4760,1760,5,373.000,No,2025-07-16,2200.00,High,Required for Core Components consumption plan.,0.000,480.000,BG-2025-08,Generated PR item.,Converted to PO
4761,1761,6,429.000,No,2025-07-06,5000.00,Urgent,Required for Core Components consumption plan.,0.000,240.000,BG-2025-09,Generated PR item.,Converted to PO
4762,1762,7,47.000,No,2025-07-11,180.00,High,Required for Magnetic Components consumption plan.,0.000,6400.000,BG-2025-10,Generated PR item.,Converted to PO
4763,1763,8,106.000,No,2025-07-15,240.00,High,Required for Magnetic Components consumption plan.,0.000,4800.000,BG-2025-11,Generated PR item.,Converted to PO
4764,1764,9,148.000,No,2025-07-17,360.00,High,Required for Magnetic Components consumption plan.,0.000,2880.000,BG-2025-12,Generated PR item.,Converted to PO
4765,1765,10,111.000,No,2025-07-15,450.00,Urgent,Required for Mechanical Components consumption plan.,0.000,800.000,BG-2025-01,Generated PR item.,Converted to PO
4766,1766,11,107.000,No,2025-07-08,750.00,High,Required for Mechanical Components consumption plan.,0.000,480.000,BG-2025-02,Generated PR item.,Converted to PO
4767,1767,12,93.000,No,2025-07-22,1800.00,High,Required for Mechanical Components consumption plan.,0.000,240.000,BG-2025-03,Generated PR item.,Converted to PO
4768,1768,13,17.000,No,2025-07-26,160.00,High,Required for Mechanical Components consumption plan.,0.000,800.000,BG-2025-04,Generated PR item.,Converted to PO
4769,1769,14,215.000,No,2025-07-24,220.00,Urgent,Required for Mechanical Components consumption plan.,0.000,480.000,BG-2025-05,Generated PR item.,Converted to PO
4770,1770,15,234.000,No,2025-07-22,420.00,High,Required for Mechanical Components consumption plan.,0.000,240.000,BG-2025-06,Generated PR item.,Converted to PO
4771,1771,16,24.000,No,2025-07-17,1300.00,High,Required for Mechanical Components consumption plan.,0.000,800.000,BG-2025-07,Generated PR item.,Converted to PO
4772,1772,17,106.000,No,2025-07-25,2400.00,High,Required for Mechanical Components consumption plan.,0.000,480.000,BG-2025-08,Generated PR item.,Converted to PO
4773,1773,18,132.000,No,2025-07-18,5200.00,Urgent,Required for Mechanical Components consumption plan.,0.000,240.000,BG-2025-09,Generated PR item.,Converted to PO
4774,1774,19,197.000,No,2025-07-13,450.00,High,Required for Mechanical Components consumption plan.,0.000,1520.000,BG-2025-10,Generated PR item.,Converted to PO
4775,1775,20,247.000,No,2025-07-26,450.00,High,Required for Mechanical Components consumption plan.,0.000,1520.000,BG-2025-11,Generated PR item.,Converted to PO
4776,1776,21,107.000,No,2025-07-17,60.00,High,Required for Mechanical Components consumption plan.,0.000,1280.000,BG-2025-12,Generated PR item.,Converted to PO
4777,1777,22,189.000,No,2025-07-28,120.00,Urgent,Required for Mechanical Components consumption plan.,0.000,240.000,BG-2025-01,Generated PR item.,Converted to PO
4778,1778,23,94.000,No,2025-07-18,120.00,High,Required for Bearings consumption plan.,0.000,1600.000,BG-2025-02,Generated PR item.,Converted to PO
4779,1779,24,84.000,No,2025-07-27,220.00,High,Required for Bearings consumption plan.,0.000,960.000,BG-2025-03,Generated PR item.,Converted to PO
4780,1780,25,32.000,No,2025-07-21,650.00,High,Required for Bearings consumption plan.,0.000,480.000,BG-2025-04,Generated PR item.,Converted to PO
4781,1781,26,206.000,No,2025-07-20,15.00,Urgent,Required for Sealing Components consumption plan.,0.000,1520.000,BG-2025-05,Generated PR item.,Converted to PO
4782,1782,27,106.000,No,2025-07-18,45.00,High,Required for Sealing Components consumption plan.,0.000,1280.000,BG-2025-06,Generated PR item.,Converted to PO
4783,1783,28,9.000,No,2025-07-28,110.00,High,Required for Sealing Components consumption plan.,0.000,480.000,BG-2025-07,Generated PR item.,Converted to PO
4784,1784,29,154.000,kg,2025-07-14,850.00,High,Required for Electrical Components consumption plan.,0.000,1440.000,BG-2025-08,Generated PR item.,Converted to PO
4785,1785,30,169.000,kg,2025-07-22,880.00,Urgent,Required for Electrical Components consumption plan.,0.000,1536.000,BG-2025-09,Generated PR item.,Converted to PO
4786,1786,31,75.000,kg,2025-07-20,920.00,High,Required for Electrical Components consumption plan.,0.000,1560.000,BG-2025-10,Generated PR item.,Converted to PO
4787,1787,32,236.000,m,2025-07-23,35.00,High,Required for Electrical Components consumption plan.,0.000,2400.000,BG-2025-11,Generated PR item.,Converted to PO
4788,1788,33,195.000,m,2025-07-18,60.00,High,Required for Electrical Components consumption plan.,0.000,1920.000,BG-2025-12,Generated PR item.,Converted to PO
4789,1789,34,76.000,m,2025-07-25,150.00,Urgent,Required for Electrical Components consumption plan.,0.000,1200.000,BG-2025-01,Generated PR item.,Converted to PO
4790,1790,35,249.000,No,2025-07-21,90.00,High,Required for Electrical Components consumption plan.,0.000,800.000,BG-2025-02,Generated PR item.,Converted to PO
4791,1791,36,10.000,No,2025-07-18,180.00,High,Required for Electrical Components consumption plan.,0.000,480.000,BG-2025-03,Generated PR item.,Converted to PO
4792,1792,37,141.000,No,2025-07-19,420.00,High,Required for Electrical Components consumption plan.,0.000,240.000,BG-2025-04,Generated PR item.,Converted to PO
4793,1793,38,8.000,No,2025-07-28,12.00,Urgent,Required for Electrical Components consumption plan.,0.000,4560.000,BG-2025-05,Generated PR item.,Converted to PO
4794,1794,39,174.000,No,2025-07-21,45.00,High,Required for Electronic Components consumption plan.,0.000,2400.000,BG-2025-06,Generated PR item.,Converted to PO
4795,1795,40,226.000,No,2025-07-22,120.00,High,Required for Electronic Components consumption plan.,0.000,800.000,BG-2025-07,Generated PR item.,Converted to PO
4796,1796,41,163.000,No,2025-07-28,1400.00,High,Required for Electronic Components consumption plan.,0.000,480.000,BG-2025-08,Generated PR item.,Converted to PO
4797,1797,42,154.000,No,2025-07-22,3200.00,Urgent,Required for Electronic Components consumption plan.,0.000,240.000,BG-2025-09,Generated PR item.,Converted to PO
4798,1798,43,208.000,No,2025-07-24,85.00,High,Required for Electronic Components consumption plan.,0.000,480.000,BG-2025-10,Generated PR item.,Converted to PO
4799,1799,44,244.000,No,2025-07-22,220.00,High,Required for Electronic Components consumption plan.,0.000,480.000,BG-2025-11,Generated PR item.,Converted to PO
4800,1800,45,217.000,No,2025-07-24,350.00,High,Required for Electronic Components consumption plan.,0.000,1280.000,BG-2025-12,Generated PR item.,Converted to PO
4801,1801,46,61.000,No,2025-07-30,750.00,Urgent,Required for Electronic Components consumption plan.,0.000,240.000,BG-2025-01,Generated PR item.,Converted to PO
4802,1802,47,47.000,Set,2025-07-27,450.00,High,Required for Electronic Components consumption plan.,0.000,1280.000,BG-2025-02,Generated PR item.,Converted to PO
4803,1803,48,67.000,Set,2025-08-06,950.00,High,Required for Electronic Components consumption plan.,0.000,240.000,BG-2025-03,Generated PR item.,Converted to PO
4804,1804,49,77.000,No,2025-08-02,25.00,High,Required for Electronic Components consumption plan.,0.000,800.000,BG-2025-04,Generated PR item.,Converted to PO
4805,1805,50,171.000,No,2025-07-20,40.00,Urgent,Required for Electronic Components consumption plan.,0.000,480.000,BG-2025-05,Generated PR item.,Converted to PO
4806,1806,51,10.000,No,2025-07-26,110.00,High,Required for Electronic Components consumption plan.,0.000,240.000,BG-2025-06,Generated PR item.,Converted to PO
4807,1807,52,220.000,No,2025-07-26,2.00,High,Required for Electronic Components consumption plan.,0.000,4000.000,BG-2025-07,Generated PR item.,Converted to PO
4808,1808,53,156.000,No,2025-07-31,3.00,High,Required for Electronic Components consumption plan.,0.000,2880.000,BG-2025-08,Generated PR item.,Converted to PO
4809,1809,54,187.000,No,2025-07-26,5.00,Urgent,Required for Electronic Components consumption plan.,0.000,1920.000,BG-2025-09,Generated PR item.,Converted to PO
4810,1810,55,208.000,No,2025-08-08,8.00,High,Required for Insulation Materials consumption plan.,0.000,19200.000,BG-2025-10,Generated PR item.,Converted to PO
4811,1811,56,58.000,No,2025-07-27,10.00,High,Required for Insulation Materials consumption plan.,0.000,17280.000,BG-2025-11,Generated PR item.,Converted to PO
4812,1812,57,115.000,No,2025-07-31,12.00,High,Required for Insulation Materials consumption plan.,0.000,11520.000,BG-2025-12,Generated PR item.,Converted to PO
4813,1813,58,216.000,No,2025-07-25,6.00,Urgent,Required for Insulation Materials consumption plan.,0.000,48000.000,BG-2025-01,Generated PR item.,Converted to PO
4814,1814,59,45.000,No,2025-08-08,5.00,High,Required for Insulation Materials consumption plan.,0.000,48000.000,BG-2025-02,Generated PR item.,Converted to PO
4815,1815,60,415.000,m,2025-08-09,18.00,High,Required for Insulation Materials consumption plan.,0.000,400.000,BG-2025-03,Generated PR item.,Converted to PO
4816,1816,61,158.000,m,2025-08-07,25.00,High,Required for Insulation Materials consumption plan.,0.000,384.000,BG-2025-04,Generated PR item.,Converted to PO
4817,1817,62,296.000,m,2025-07-30,45.00,Urgent,Required for Insulation Materials consumption plan.,0.000,240.000,BG-2025-05,Generated PR item.,Converted to PO
4818,1818,63,265.000,No,2025-07-25,3.00,High,Required for Fasteners consumption plan.,0.000,6400.000,BG-2025-06,Generated PR item.,Converted to PO
4819,1819,64,350.000,No,2025-08-06,5.00,High,Required for Fasteners consumption plan.,0.000,4800.000,BG-2025-07,Generated PR item.,Converted to PO
4820,1820,65,422.000,No,2025-08-01,12.00,High,Required for Fasteners consumption plan.,0.000,2880.000,BG-2025-08,Generated PR item.,Converted to PO
4821,1821,66,187.000,No,2025-08-11,1.50,Urgent,Required for Fasteners consumption plan.,0.000,6400.000,BG-2025-09,Generated PR item.,Converted to PO
4822,1822,67,102.000,No,2025-08-06,2.50,High,Required for Fasteners consumption plan.,0.000,4800.000,BG-2025-10,Generated PR item.,Converted to PO
4823,1823,68,223.000,No,2025-08-03,6.00,High,Required for Fasteners consumption plan.,0.000,2880.000,BG-2025-11,Generated PR item.,Converted to PO
4824,1824,69,314.000,No,2025-08-12,0.80,High,Required for Fasteners consumption plan.,0.000,6400.000,BG-2025-12,Generated PR item.,Converted to PO
4825,1825,70,380.000,No,2025-08-09,1.20,Urgent,Required for Fasteners consumption plan.,0.000,4800.000,BG-2025-01,Generated PR item.,Converted to PO
4826,1826,71,382.000,No,2025-08-04,2.50,High,Required for Fasteners consumption plan.,0.000,2880.000,BG-2025-02,Generated PR item.,Converted to PO
4827,1827,72,183.000,No,2025-07-27,0.80,High,Required for Fasteners consumption plan.,0.000,6400.000,BG-2025-03,Generated PR item.,Converted to PO
4828,1828,73,470.000,No,2025-07-29,1.20,High,Required for Fasteners consumption plan.,0.000,4800.000,BG-2025-04,Generated PR item.,Converted to PO
4829,1829,74,60.000,No,2025-08-04,2.50,Urgent,Required for Fasteners consumption plan.,0.000,2880.000,BG-2025-05,Generated PR item.,Converted to PO
4830,1830,75,76.000,No,2025-08-07,4.00,High,Required for Fasteners consumption plan.,0.000,1600.000,BG-2025-06,Generated PR item.,Converted to PO
4831,1831,76,31.000,No,2025-07-28,7.00,High,Required for Fasteners consumption plan.,0.000,960.000,BG-2025-07,Generated PR item.,Converted to PO
4832,1832,77,465.000,No,2025-07-30,15.00,High,Required for Fasteners consumption plan.,0.000,480.000,BG-2025-08,Generated PR item.,Converted to PO
4833,1833,78,106.000,No,2025-08-09,4.00,Urgent,Required for Fasteners consumption plan.,0.000,3040.000,BG-2025-09,Generated PR item.,Converted to PO
4834,1834,79,309.000,No,2025-08-11,4.00,High,Required for Fasteners consumption plan.,0.000,3040.000,BG-2025-10,Generated PR item.,Converted to PO
4835,1835,80,82231.000,ml,2025-07-29,0.80,High,Required for Consumables consumption plan.,0.000,144000.000,BG-2025-11,Generated PR item.,Converted to PO
4836,1836,81,23235.000,g,2025-08-08,1.20,High,Required for Consumables consumption plan.,0.000,42000.000,BG-2025-12,Generated PR item.,Converted to PO
4837,1837,82,95141.000,ml,2025-07-31,1.50,Urgent,Required for Consumables consumption plan.,0.000,8000.000,BG-2025-01,Generated PR item.,Converted to PO
4838,1838,83,2559.000,g,2025-08-12,0.60,High,Required for Consumables consumption plan.,0.000,24000.000,BG-2025-02,Generated PR item.,Converted to PO
4839,1839,84,43672.000,ml,2025-08-14,0.25,High,Required for Consumables consumption plan.,0.000,156000.000,BG-2025-03,Generated PR item.,Converted to PO
4840,1840,85,15678.000,g,2025-08-15,1.80,High,Required for Consumables consumption plan.,0.000,9000.000,BG-2025-04,Generated PR item.,Converted to PO
4841,1841,86,21188.000,g,2025-08-10,1.20,Urgent,Required for Consumables consumption plan.,0.000,4000.000,BG-2025-05,Generated PR item.,Converted to PO
4842,1842,87,19056.000,g,2025-08-11,0.80,High,Required for Consumables consumption plan.,0.000,12000.000,BG-2025-06,Generated PR item.,Converted to PO
4843,1843,88,142.000,No,2025-08-16,45.00,High,Required for Packaging Materials consumption plan.,0.000,1520.000,BG-2025-07,Generated PR item.,Converted to PO
4844,1844,89,80.000,No,2025-08-11,18.00,High,Required for Packaging Materials consumption plan.,0.000,3040.000,BG-2025-08,Generated PR item.,Converted to PO
4845,1845,90,31.000,Sheet,2025-08-09,10.00,Urgent,Required for Packaging Materials consumption plan.,0.000,1760.000,BG-2025-09,Generated PR item.,Converted to PO
4846,1846,91,111.000,No,2025-08-14,6.00,High,Required for Packaging Materials consumption plan.,0.000,1520.000,BG-2025-10,Generated PR item.,Converted to PO
4847,1847,92,144.000,m,2025-08-11,1.20,High,Required for Packaging Materials consumption plan.,0.000,1600.000,BG-2025-11,Generated PR item.,Converted to PO
4848,1848,93,141.000,No,2025-08-16,3.00,High,Required for Packaging Materials consumption plan.,0.000,1760.000,BG-2025-12,Generated PR item.,Converted to PO
4849,1849,94,201.000,No,2025-08-11,35.00,Urgent,Required for Identification & Documentation consumption plan.,0.000,1520.000,BG-2025-01,Generated PR item.,Converted to PO
4850,1850,95,140.000,No,2025-08-17,3.00,High,Required for Identification & Documentation consumption plan.,0.000,1520.000,BG-2025-02,Generated PR item.,Converted to PO
4851,1851,96,148.000,No,2025-08-02,4.00,High,Required for Identification & Documentation consumption plan.,0.000,1520.000,BG-2025-03,Generated PR item.,Converted to PO
4852,1852,97,15.000,No,2025-08-02,2.00,High,Required for Identification & Documentation consumption plan.,0.000,1520.000,BG-2025-04,Generated PR item.,Converted to PO
4853,1853,98,163.000,No,2025-08-03,8.00,Urgent,Required for Identification & Documentation consumption plan.,0.000,1520.000,BG-2025-05,Generated PR item.,Converted to PO
4854,1854,99,113.000,No,2025-08-12,4.00,High,Required for Identification & Documentation consumption plan.,0.000,1520.000,BG-2025-06,Generated PR item.,Converted to PO
4855,1855,1,105.000,No,2025-08-15,1800.00,High,Required for Core Components consumption plan.,0.000,800.000,BG-2025-07,Generated PR item.,Converted to PO
4856,1856,2,146.000,No,2025-08-08,2800.00,High,Required for Core Components consumption plan.,0.000,480.000,BG-2025-08,Generated PR item.,Converted to PO
4857,1857,3,402.000,No,2025-08-07,6200.00,Urgent,Required for Core Components consumption plan.,0.000,240.000,BG-2025-09,Generated PR item.,Converted to PO
4858,1858,4,463.000,No,2025-08-20,1200.00,High,Required for Core Components consumption plan.,0.000,800.000,BG-2025-10,Generated PR item.,Converted to PO
4859,1859,5,278.000,No,2025-08-18,2200.00,High,Required for Core Components consumption plan.,0.000,480.000,BG-2025-11,Generated PR item.,Converted to PO
4860,1860,6,490.000,No,2025-08-16,5000.00,High,Required for Core Components consumption plan.,0.000,240.000,BG-2025-12,Generated PR item.,Converted to PO
4861,1861,7,49.000,No,2025-08-14,180.00,Urgent,Required for Magnetic Components consumption plan.,0.000,6400.000,BG-2025-01,Generated PR item.,Converted to PO
4862,1862,8,78.000,No,2025-08-13,240.00,High,Required for Magnetic Components consumption plan.,0.000,4800.000,BG-2025-02,Generated PR item.,Converted to PO
4863,1863,9,233.000,No,2025-08-06,360.00,High,Required for Magnetic Components consumption plan.,0.000,2880.000,BG-2025-03,Generated PR item.,Converted to PO
4864,1864,10,48.000,No,2025-08-10,450.00,High,Required for Mechanical Components consumption plan.,0.000,800.000,BG-2025-04,Generated PR item.,Converted to PO
4865,1865,11,167.000,No,2025-08-24,750.00,Urgent,Required for Mechanical Components consumption plan.,0.000,480.000,BG-2025-05,Generated PR item.,Converted to PO
4866,1866,12,58.000,No,2025-08-14,1800.00,High,Required for Mechanical Components consumption plan.,0.000,240.000,BG-2025-06,Generated PR item.,Converted to PO
4867,1867,13,86.000,No,2025-08-20,160.00,High,Required for Mechanical Components consumption plan.,0.000,800.000,BG-2025-07,Generated PR item.,Converted to PO
4868,1868,14,122.000,No,2025-08-20,220.00,High,Required for Mechanical Components consumption plan.,0.000,480.000,BG-2025-08,Generated PR item.,Converted to PO
4869,1869,15,93.000,No,2025-08-13,420.00,Urgent,Required for Mechanical Components consumption plan.,0.000,240.000,BG-2025-09,Generated PR item.,Converted to PO
4870,1870,16,220.000,No,2025-08-12,1300.00,High,Required for Mechanical Components consumption plan.,0.000,800.000,BG-2025-10,Generated PR item.,Converted to PO
4871,1871,17,244.000,No,2025-08-21,2400.00,High,Required for Mechanical Components consumption plan.,0.000,480.000,BG-2025-11,Generated PR item.,Converted to PO
4872,1872,18,128.000,No,2025-08-10,5200.00,High,Required for Mechanical Components consumption plan.,0.000,240.000,BG-2025-12,Generated PR item.,Converted to PO
4873,1873,19,134.000,No,2025-08-17,450.00,Urgent,Required for Mechanical Components consumption plan.,0.000,1520.000,BG-2025-01,Generated PR item.,Converted to PO
4874,1874,20,18.000,No,2025-08-25,450.00,High,Required for Mechanical Components consumption plan.,0.000,1520.000,BG-2025-02,Generated PR item.,Converted to PO
4875,1875,21,62.000,No,2025-08-22,60.00,High,Required for Mechanical Components consumption plan.,0.000,1280.000,BG-2025-03,Generated PR item.,Converted to PO
4876,1876,22,14.000,No,2025-08-24,120.00,High,Required for Mechanical Components consumption plan.,0.000,240.000,BG-2025-04,Generated PR item.,Converted to PO
4877,1877,23,87.000,No,2025-08-12,120.00,Urgent,Required for Bearings consumption plan.,0.000,1600.000,BG-2025-05,Generated PR item.,Converted to PO
4878,1878,24,26.000,No,2025-08-14,220.00,High,Required for Bearings consumption plan.,0.000,960.000,BG-2025-06,Generated PR item.,Converted to PO
4879,1879,25,37.000,No,2025-08-16,650.00,High,Required for Bearings consumption plan.,0.000,480.000,BG-2025-07,Generated PR item.,Converted to PO
4880,1880,26,212.000,No,2025-08-17,15.00,High,Required for Sealing Components consumption plan.,0.000,1520.000,BG-2025-08,Generated PR item.,Converted to PO
4881,1881,27,180.000,No,2025-08-15,45.00,Urgent,Required for Sealing Components consumption plan.,0.000,1280.000,BG-2025-09,Generated PR item.,Converted to PO
4882,1882,28,157.000,No,2025-08-30,110.00,High,Required for Sealing Components consumption plan.,0.000,480.000,BG-2025-10,Generated PR item.,Converted to PO
4883,1883,29,17.000,kg,2025-08-15,850.00,High,Required for Electrical Components consumption plan.,0.000,1440.000,BG-2025-11,Generated PR item.,Converted to PO
4884,1884,30,117.000,kg,2025-08-25,880.00,High,Required for Electrical Components consumption plan.,0.000,1536.000,BG-2025-12,Generated PR item.,Converted to PO
4885,1885,31,117.000,kg,2025-08-24,920.00,Urgent,Required for Electrical Components consumption plan.,0.000,1560.000,BG-2025-01,Generated PR item.,Converted to PO
4886,1886,32,173.000,m,2025-08-25,35.00,High,Required for Electrical Components consumption plan.,0.000,2400.000,BG-2025-02,Generated PR item.,Converted to PO
4887,1887,33,378.000,m,2025-08-18,60.00,High,Required for Electrical Components consumption plan.,0.000,1920.000,BG-2025-03,Generated PR item.,Converted to PO
4888,1888,34,467.000,m,2025-08-20,150.00,High,Required for Electrical Components consumption plan.,0.000,1200.000,BG-2025-04,Generated PR item.,Converted to PO
4889,1889,35,68.000,No,2025-08-26,90.00,Urgent,Required for Electrical Components consumption plan.,0.000,800.000,BG-2025-05,Generated PR item.,Converted to PO
4890,1890,36,86.000,No,2025-08-21,180.00,High,Required for Electrical Components consumption plan.,0.000,480.000,BG-2025-06,Generated PR item.,Converted to PO
4891,1891,37,84.000,No,2025-08-28,420.00,High,Required for Electrical Components consumption plan.,0.000,240.000,BG-2025-07,Generated PR item.,Converted to PO
4892,1892,38,210.000,No,2025-08-16,12.00,High,Required for Electrical Components consumption plan.,0.000,4560.000,BG-2025-08,Generated PR item.,Converted to PO
4893,1893,39,24.000,No,2025-08-18,45.00,Urgent,Required for Electronic Components consumption plan.,0.000,2400.000,BG-2025-09,Generated PR item.,Converted to PO
4894,1894,40,225.000,No,2025-08-31,120.00,High,Required for Electronic Components consumption plan.,0.000,800.000,BG-2025-10,Generated PR item.,Converted to PO
4895,1895,41,195.000,No,2025-08-29,1400.00,High,Required for Electronic Components consumption plan.,0.000,480.000,BG-2025-11,Generated PR item.,Converted to PO
4896,1896,42,123.000,No,2025-08-18,3200.00,High,Required for Electronic Components consumption plan.,0.000,240.000,BG-2025-12,Generated PR item.,Converted to PO
4897,1897,43,148.000,No,2025-09-03,85.00,Urgent,Required for Electronic Components consumption plan.,0.000,480.000,BG-2025-01,Generated PR item.,Converted to PO
4898,1898,44,224.000,No,2025-08-19,220.00,High,Required for Electronic Components consumption plan.,0.000,480.000,BG-2025-02,Generated PR item.,Converted to PO
4899,1899,45,194.000,No,2025-09-05,350.00,High,Required for Electronic Components consumption plan.,0.000,1280.000,BG-2025-03,Generated PR item.,Converted to PO
4900,1900,46,73.000,No,2025-09-01,750.00,High,Required for Electronic Components consumption plan.,0.000,240.000,BG-2025-04,Generated PR item.,Converted to PO
4901,1901,47,8.000,Set,2025-09-06,450.00,Urgent,Required for Electronic Components consumption plan.,0.000,1280.000,BG-2025-05,Generated PR item.,Converted to PO
4902,1902,48,55.000,Set,2025-09-06,950.00,High,Required for Electronic Components consumption plan.,0.000,240.000,BG-2025-06,Generated PR item.,Converted to PO
4903,1903,49,40.000,No,2025-08-26,25.00,High,Required for Electronic Components consumption plan.,0.000,800.000,BG-2025-07,Generated PR item.,Converted to PO
4904,1904,50,26.000,No,2025-09-03,40.00,High,Required for Electronic Components consumption plan.,0.000,480.000,BG-2025-08,Generated PR item.,Converted to PO
4905,1905,51,246.000,No,2025-08-24,110.00,Urgent,Required for Electronic Components consumption plan.,0.000,240.000,BG-2025-09,Generated PR item.,Converted to PO
4906,1906,52,121.000,No,2025-08-30,2.00,High,Required for Electronic Components consumption plan.,0.000,4000.000,BG-2025-10,Generated PR item.,Converted to PO
4907,1907,53,165.000,No,2025-08-26,3.00,High,Required for Electronic Components consumption plan.,0.000,2880.000,BG-2025-11,Generated PR item.,Converted to PO
4908,1908,54,58.000,No,2025-08-30,5.00,High,Required for Electronic Components consumption plan.,0.000,1920.000,BG-2025-12,Generated PR item.,Converted to PO
4909,1909,55,30.000,No,2025-09-07,8.00,Urgent,Required for Insulation Materials consumption plan.,0.000,19200.000,BG-2025-01,Generated PR item.,Converted to PO
4910,1910,56,20.000,No,2025-08-30,10.00,High,Required for Insulation Materials consumption plan.,0.000,17280.000,BG-2025-02,Generated PR item.,Converted to PO
4911,1911,57,92.000,No,2025-08-24,12.00,High,Required for Insulation Materials consumption plan.,0.000,11520.000,BG-2025-03,Generated PR item.,Converted to PO
4912,1912,58,5.000,No,2025-08-28,6.00,High,Required for Insulation Materials consumption plan.,0.000,48000.000,BG-2025-04,Generated PR item.,Converted to PO
4913,1913,59,108.000,No,2025-09-06,5.00,Urgent,Required for Insulation Materials consumption plan.,0.000,48000.000,BG-2025-05,Generated PR item.,Converted to PO
4914,1914,60,176.000,m,2025-09-01,18.00,High,Required for Insulation Materials consumption plan.,0.000,400.000,BG-2025-06,Generated PR item.,Converted to PO
4915,1915,61,273.000,m,2025-09-03,25.00,High,Required for Insulation Materials consumption plan.,0.000,384.000,BG-2025-07,Generated PR item.,Converted to PO
4916,1916,62,303.000,m,2025-08-31,45.00,High,Required for Insulation Materials consumption plan.,0.000,240.000,BG-2025-08,Generated PR item.,Converted to PO
4917,1917,63,168.000,No,2025-08-30,3.00,Urgent,Required for Fasteners consumption plan.,0.000,6400.000,BG-2025-09,Generated PR item.,Converted to PO
4918,1918,64,238.000,No,2025-09-04,5.00,High,Required for Fasteners consumption plan.,0.000,4800.000,BG-2025-10,Generated PR item.,Converted to PO
4919,1919,65,57.000,No,2025-09-05,12.00,High,Required for Fasteners consumption plan.,0.000,2880.000,BG-2025-11,Generated PR item.,Converted to PO
4920,1920,66,165.000,No,2025-09-10,1.50,High,Required for Fasteners consumption plan.,0.000,6400.000,BG-2025-12,Generated PR item.,Converted to PO
4921,1921,67,490.000,No,2025-09-06,2.50,Urgent,Required for Fasteners consumption plan.,0.000,4800.000,BG-2025-01,Generated PR item.,Converted to PO
4922,1922,68,496.000,No,2025-09-12,6.00,High,Required for Fasteners consumption plan.,0.000,2880.000,BG-2025-02,Generated PR item.,Converted to PO
4923,1923,69,253.000,No,2025-09-09,0.80,High,Required for Fasteners consumption plan.,0.000,6400.000,BG-2025-03,Generated PR item.,Converted to PO
4924,1924,70,471.000,No,2025-08-27,1.20,High,Required for Fasteners consumption plan.,0.000,4800.000,BG-2025-04,Generated PR item.,Converted to PO
4925,1925,71,261.000,No,2025-09-02,2.50,Urgent,Required for Fasteners consumption plan.,0.000,2880.000,BG-2025-05,Generated PR item.,Converted to PO
4926,1926,72,80.000,No,2025-09-01,0.80,High,Required for Fasteners consumption plan.,0.000,6400.000,BG-2025-06,Generated PR item.,Converted to PO
4927,1927,73,437.000,No,2025-08-28,1.20,High,Required for Fasteners consumption plan.,0.000,4800.000,BG-2025-07,Generated PR item.,Converted to PO
4928,1928,74,219.000,No,2025-08-31,2.50,High,Required for Fasteners consumption plan.,0.000,2880.000,BG-2025-08,Generated PR item.,Converted to PO
4929,1929,75,314.000,No,2025-09-10,4.00,Urgent,Required for Fasteners consumption plan.,0.000,1600.000,BG-2025-09,Generated PR item.,Converted to PO
4930,1930,76,332.000,No,2025-09-03,7.00,High,Required for Fasteners consumption plan.,0.000,960.000,BG-2025-10,Generated PR item.,Converted to PO
4931,1931,77,168.000,No,2025-08-30,15.00,High,Required for Fasteners consumption plan.,0.000,480.000,BG-2025-11,Generated PR item.,Converted to PO
4932,1932,78,372.000,No,2025-09-03,4.00,High,Required for Fasteners consumption plan.,0.000,3040.000,BG-2025-12,Generated PR item.,Converted to PO
4933,1933,79,261.000,No,2025-09-02,4.00,Urgent,Required for Fasteners consumption plan.,0.000,3040.000,BG-2025-01,Generated PR item.,Converted to PO
4934,1934,80,39805.000,ml,2025-09-03,0.80,High,Required for Consumables consumption plan.,0.000,144000.000,BG-2025-02,Generated PR item.,Converted to PO
4935,1935,81,9639.000,g,2025-09-01,1.20,High,Required for Consumables consumption plan.,0.000,42000.000,BG-2025-03,Generated PR item.,Converted to PO
4936,1936,82,75897.000,ml,2025-09-13,1.50,High,Required for Consumables consumption plan.,0.000,8000.000,BG-2025-04,Generated PR item.,Converted to PO
4937,1937,83,8231.000,g,2025-09-14,0.60,Urgent,Required for Consumables consumption plan.,0.000,24000.000,BG-2025-05,Generated PR item.,Converted to PO
4938,1938,84,16794.000,ml,2025-09-08,0.25,High,Required for Consumables consumption plan.,0.000,156000.000,BG-2025-06,Generated PR item.,Converted to PO
4939,1939,85,26571.000,g,2025-09-12,1.80,High,Required for Consumables consumption plan.,0.000,9000.000,BG-2025-07,Generated PR item.,Converted to PO
4940,1940,86,10622.000,g,2025-09-17,1.20,High,Required for Consumables consumption plan.,0.000,4000.000,BG-2025-08,Generated PR item.,Converted to PO
4941,1941,87,19590.000,g,2025-09-16,0.80,Urgent,Required for Consumables consumption plan.,0.000,12000.000,BG-2025-09,Generated PR item.,Converted to PO
4942,1942,88,181.000,No,2025-09-02,45.00,High,Required for Packaging Materials consumption plan.,0.000,1520.000,BG-2025-10,Generated PR item.,Converted to PO
4943,1943,89,211.000,No,2025-09-19,18.00,High,Required for Packaging Materials consumption plan.,0.000,3040.000,BG-2025-11,Generated PR item.,Converted to PO
4944,1944,90,158.000,Sheet,2025-09-03,10.00,High,Required for Packaging Materials consumption plan.,0.000,1760.000,BG-2025-12,Generated PR item.,Converted to PO
4945,1945,91,179.000,No,2025-09-03,6.00,Urgent,Required for Packaging Materials consumption plan.,0.000,1520.000,BG-2025-01,Generated PR item.,Converted to PO
4946,1946,92,422.000,m,2025-09-10,1.20,High,Required for Packaging Materials consumption plan.,0.000,1600.000,BG-2025-02,Generated PR item.,Converted to PO
4947,1947,93,237.000,No,2025-09-16,3.00,High,Required for Packaging Materials consumption plan.,0.000,1760.000,BG-2025-03,Generated PR item.,Converted to PO
4948,1948,94,16.000,No,2025-09-05,35.00,High,Required for Identification & Documentation consumption plan.,0.000,1520.000,BG-2025-04,Generated PR item.,Converted to PO
4949,1949,95,187.000,No,2025-09-09,3.00,Urgent,Required for Identification & Documentation consumption plan.,0.000,1520.000,BG-2025-05,Generated PR item.,Converted to PO
4950,1950,96,47.000,No,2025-09-09,4.00,High,Required for Identification & Documentation consumption plan.,0.000,1520.000,BG-2025-06,Generated PR item.,Converted to PO
4951,1951,97,224.000,No,2025-09-12,2.00,High,Required for Identification & Documentation consumption plan.,0.000,1520.000,BG-2025-07,Generated PR item.,Converted to PO
4952,1952,98,16.000,No,2025-09-22,8.00,High,Required for Identification & Documentation consumption plan.,0.000,1520.000,BG-2025-08,Generated PR item.,Converted to PO
4953,1953,99,65.000,No,2025-09-10,4.00,Urgent,Required for Identification & Documentation consumption plan.,0.000,1520.000,BG-2025-09,Generated PR item.,Converted to PO
4954,1954,1,136.000,No,2025-09-09,1800.00,High,Required for Core Components consumption plan.,0.000,800.000,BG-2025-10,Generated PR item.,Converted to PO
4955,1955,2,322.000,No,2025-09-08,2800.00,High,Required for Core Components consumption plan.,0.000,480.000,BG-2025-11,Generated PR item.,Converted to PO
4956,1956,3,51.000,No,2025-09-09,6200.00,High,Required for Core Components consumption plan.,0.000,240.000,BG-2025-12,Generated PR item.,Converted to PO
4957,1957,4,57.000,No,2025-09-08,1200.00,Urgent,Required for Core Components consumption plan.,0.000,800.000,BG-2025-01,Generated PR item.,Converted to PO
4958,1958,5,277.000,No,2025-09-16,2200.00,High,Required for Core Components consumption plan.,0.000,480.000,BG-2025-02,Generated PR item.,Converted to PO
4959,1959,6,488.000,No,2025-09-14,5000.00,High,Required for Core Components consumption plan.,0.000,240.000,BG-2025-03,Generated PR item.,Converted to PO
4960,1960,7,134.000,No,2025-09-15,180.00,High,Required for Magnetic Components consumption plan.,0.000,6400.000,BG-2025-04,Generated PR item.,Converted to PO
4961,1961,8,114.000,No,2025-09-21,240.00,Urgent,Required for Magnetic Components consumption plan.,0.000,4800.000,BG-2025-05,Generated PR item.,Converted to PO
4962,1962,9,166.000,No,2025-09-17,360.00,High,Required for Magnetic Components consumption plan.,0.000,2880.000,BG-2025-06,Generated PR item.,Converted to PO
4963,1963,10,140.000,No,2025-09-09,450.00,High,Required for Mechanical Components consumption plan.,0.000,800.000,BG-2025-07,Generated PR item.,Converted to PO
4964,1964,11,99.000,No,2025-09-13,750.00,High,Required for Mechanical Components consumption plan.,0.000,480.000,BG-2025-08,Generated PR item.,Converted to PO
4965,1965,12,149.000,No,2025-09-12,1800.00,Urgent,Required for Mechanical Components consumption plan.,0.000,240.000,BG-2025-09,Generated PR item.,Converted to PO
4966,1966,13,5.000,No,2025-09-21,160.00,High,Required for Mechanical Components consumption plan.,0.000,800.000,BG-2025-10,Generated PR item.,Converted to PO
4967,1967,14,65.000,No,2025-09-12,220.00,High,Required for Mechanical Components consumption plan.,0.000,480.000,BG-2025-11,Generated PR item.,Converted to PO
4968,1968,15,170.000,No,2025-09-10,420.00,High,Required for Mechanical Components consumption plan.,0.000,240.000,BG-2025-12,Generated PR item.,Converted to PO
4969,1969,16,89.000,No,2025-09-21,1300.00,Urgent,Required for Mechanical Components consumption plan.,0.000,800.000,BG-2025-01,Generated PR item.,Converted to PO
4970,1970,17,18.000,No,2025-09-15,2400.00,High,Required for Mechanical Components consumption plan.,0.000,480.000,BG-2025-02,Generated PR item.,Converted to PO
4971,1971,18,35.000,No,2025-09-10,5200.00,High,Required for Mechanical Components consumption plan.,0.000,240.000,BG-2025-03,Generated PR item.,Converted to PO
4972,1972,19,218.000,No,2025-09-21,450.00,High,Required for Mechanical Components consumption plan.,0.000,1520.000,BG-2025-04,Generated PR item.,Converted to PO
4973,1973,20,86.000,No,2025-09-12,450.00,Urgent,Required for Mechanical Components consumption plan.,0.000,1520.000,BG-2025-05,Generated PR item.,Converted to PO
4974,1974,21,10.000,No,2025-09-24,60.00,High,Required for Mechanical Components consumption plan.,0.000,1280.000,BG-2025-06,Generated PR item.,Converted to PO
4975,1975,22,184.000,No,2025-09-23,120.00,High,Required for Mechanical Components consumption plan.,0.000,240.000,BG-2025-07,Generated PR item.,Converted to PO
4976,1976,23,55.000,No,2025-09-16,120.00,High,Required for Bearings consumption plan.,0.000,1600.000,BG-2025-08,Generated PR item.,Converted to PO
4977,1977,24,48.000,No,2025-09-20,220.00,Urgent,Required for Bearings consumption plan.,0.000,960.000,BG-2025-09,Generated PR item.,Converted to PO
4978,1978,25,90.000,No,2025-09-20,650.00,High,Required for Bearings consumption plan.,0.000,480.000,BG-2025-10,Generated PR item.,Converted to PO
4979,1979,26,82.000,No,2025-09-22,15.00,High,Required for Sealing Components consumption plan.,0.000,1520.000,BG-2025-11,Generated PR item.,Converted to PO
4980,1980,27,145.000,No,2025-09-12,45.00,High,Required for Sealing Components consumption plan.,0.000,1280.000,BG-2025-12,Generated PR item.,Converted to PO
4981,1981,28,188.000,No,2025-09-16,110.00,Urgent,Required for Sealing Components consumption plan.,0.000,480.000,BG-2025-01,Generated PR item.,Converted to PO
4982,1982,29,126.000,kg,2025-09-15,850.00,High,Required for Electrical Components consumption plan.,0.000,1440.000,BG-2025-02,Generated PR item.,Converted to PO
4983,1983,30,49.000,kg,2025-09-26,880.00,High,Required for Electrical Components consumption plan.,0.000,1536.000,BG-2025-03,Generated PR item.,Converted to PO
4984,1984,31,140.000,kg,2025-09-15,920.00,High,Required for Electrical Components consumption plan.,0.000,1560.000,BG-2025-04,Generated PR item.,Converted to PO
4985,1985,32,377.000,m,2025-09-24,35.00,Urgent,Required for Electrical Components consumption plan.,0.000,2400.000,BG-2025-05,Generated PR item.,Converted to PO
4986,1986,33,78.000,m,2025-09-28,60.00,High,Required for Electrical Components consumption plan.,0.000,1920.000,BG-2025-06,Generated PR item.,Converted to PO
4987,1987,34,99.000,m,2025-10-03,150.00,High,Required for Electrical Components consumption plan.,0.000,1200.000,BG-2025-07,Generated PR item.,Converted to PO
4988,1988,35,171.000,No,2025-09-21,90.00,High,Required for Electrical Components consumption plan.,0.000,800.000,BG-2025-08,Generated PR item.,Converted to PO
4989,1989,36,34.000,No,2025-09-17,180.00,Urgent,Required for Electrical Components consumption plan.,0.000,480.000,BG-2025-09,Generated PR item.,Converted to PO
4990,1990,37,221.000,No,2025-09-30,420.00,High,Required for Electrical Components consumption plan.,0.000,240.000,BG-2025-10,Generated PR item.,Converted to PO
4991,1991,38,31.000,No,2025-09-18,12.00,High,Required for Electrical Components consumption plan.,0.000,4560.000,BG-2025-11,Generated PR item.,Converted to PO
4992,1992,39,244.000,No,2025-09-19,45.00,High,Required for Electronic Components consumption plan.,0.000,2400.000,BG-2025-12,Generated PR item.,Converted to PO
4993,1993,40,170.000,No,2025-10-06,120.00,Urgent,Required for Electronic Components consumption plan.,0.000,800.000,BG-2025-01,Generated PR item.,Converted to PO
4994,1994,41,113.000,No,2025-10-04,1400.00,High,Required for Electronic Components consumption plan.,0.000,480.000,BG-2025-02,Generated PR item.,Converted to PO
4995,1995,42,71.000,No,2025-10-01,3200.00,High,Required for Electronic Components consumption plan.,0.000,240.000,BG-2025-03,Generated PR item.,Converted to PO
4996,1996,43,89.000,No,2025-10-05,85.00,High,Required for Electronic Components consumption plan.,0.000,480.000,BG-2025-04,Generated PR item.,Converted to PO
4997,1997,44,189.000,No,2025-09-21,220.00,Urgent,Required for Electronic Components consumption plan.,0.000,480.000,BG-2025-05,Generated PR item.,Converted to PO
4998,1998,45,190.000,No,2025-09-21,350.00,High,Required for Electronic Components consumption plan.,0.000,1280.000,BG-2025-06,Generated PR item.,Converted to PO
4999,1999,46,56.000,No,2025-09-25,750.00,High,Required for Electronic Components consumption plan.,0.000,240.000,BG-2025-07,Generated PR item.,Converted to PO
5000,2000,47,46.000,Set,2025-09-20,450.00,High,Required for Electronic Components consumption plan.,0.000,1280.000,BG-2025-08,Generated PR item.,Converted to PO
5001,2001,48,80.000,Set,2025-10-06,950.00,Urgent,Required for Electronic Components consumption plan.,0.000,240.000,BG-2025-09,Generated PR item.,Converted to PO
5002,2002,49,68.000,No,2025-09-22,25.00,High,Required for Electronic Components consumption plan.,0.000,800.000,BG-2025-10,Generated PR item.,Converted to PO
5003,2003,50,175.000,No,2025-09-30,40.00,High,Required for Electronic Components consumption plan.,0.000,480.000,BG-2025-11,Generated PR item.,Converted to PO
5004,2004,51,47.000,No,2025-10-06,110.00,High,Required for Electronic Components consumption plan.,0.000,240.000,BG-2025-12,Generated PR item.,Converted to PO
5005,2005,52,210.000,No,2025-10-04,2.00,Urgent,Required for Electronic Components consumption plan.,0.000,4000.000,BG-2025-01,Generated PR item.,Converted to PO
5006,2006,53,46.000,No,2025-09-25,3.00,High,Required for Electronic Components consumption plan.,0.000,2880.000,BG-2025-02,Generated PR item.,Converted to PO
5007,2007,54,78.000,No,2025-09-30,5.00,High,Required for Electronic Components consumption plan.,0.000,1920.000,BG-2025-03,Generated PR item.,Converted to PO
5008,2008,55,117.000,No,2025-10-01,8.00,High,Required for Insulation Materials consumption plan.,0.000,19200.000,BG-2025-04,Generated PR item.,Converted to PO
5009,2009,56,96.000,No,2025-10-05,10.00,Urgent,Required for Insulation Materials consumption plan.,0.000,17280.000,BG-2025-05,Generated PR item.,Converted to PO
5010,2010,57,46.000,No,2025-09-29,12.00,High,Required for Insulation Materials consumption plan.,0.000,11520.000,BG-2025-06,Generated PR item.,Converted to PO
5011,2011,58,162.000,No,2025-09-27,6.00,High,Required for Insulation Materials consumption plan.,0.000,48000.000,BG-2025-07,Generated PR item.,Converted to PO
5012,2012,59,9.000,No,2025-10-06,5.00,High,Required for Insulation Materials consumption plan.,0.000,48000.000,BG-2025-08,Generated PR item.,Converted to PO
5013,2013,60,493.000,m,2025-10-07,18.00,Urgent,Required for Insulation Materials consumption plan.,0.000,400.000,BG-2025-09,Generated PR item.,Converted to PO
5014,2014,61,45.000,m,2025-10-01,25.00,High,Required for Insulation Materials consumption plan.,0.000,384.000,BG-2025-10,Generated PR item.,Converted to PO
5015,2015,62,180.000,m,2025-09-23,45.00,High,Required for Insulation Materials consumption plan.,0.000,240.000,BG-2025-11,Generated PR item.,Converted to PO
5016,2016,63,467.000,No,2025-10-02,3.00,High,Required for Fasteners consumption plan.,0.000,6400.000,BG-2025-12,Generated PR item.,Converted to PO
5017,2017,64,94.000,No,2025-10-09,5.00,Urgent,Required for Fasteners consumption plan.,0.000,4800.000,BG-2025-01,Generated PR item.,Converted to PO
5018,2018,65,55.000,No,2025-10-11,12.00,High,Required for Fasteners consumption plan.,0.000,2880.000,BG-2025-02,Generated PR item.,Converted to PO
5019,2019,66,377.000,No,2025-10-01,1.50,High,Required for Fasteners consumption plan.,0.000,6400.000,BG-2025-03,Generated PR item.,Converted to PO
5020,2020,67,55.000,No,2025-09-26,2.50,High,Required for Fasteners consumption plan.,0.000,4800.000,BG-2025-04,Generated PR item.,Converted to PO
5021,2021,68,452.000,No,2025-10-05,6.00,Urgent,Required for Fasteners consumption plan.,0.000,2880.000,BG-2025-05,Generated PR item.,Converted to PO
5022,2022,69,237.000,No,2025-10-09,0.80,High,Required for Fasteners consumption plan.,0.000,6400.000,BG-2025-06,Generated PR item.,Converted to PO
5023,2023,70,438.000,No,2025-10-12,1.20,High,Required for Fasteners consumption plan.,0.000,4800.000,BG-2025-07,Generated PR item.,Converted to PO
5024,2024,71,137.000,No,2025-09-26,2.50,High,Required for Fasteners consumption plan.,0.000,2880.000,BG-2025-08,Generated PR item.,Converted to PO
5025,2025,72,87.000,No,2025-10-01,0.80,Urgent,Required for Fasteners consumption plan.,0.000,6400.000,BG-2025-09,Generated PR item.,Converted to PO
5026,2026,73,483.000,No,2025-10-04,1.20,High,Required for Fasteners consumption plan.,0.000,4800.000,BG-2025-10,Generated PR item.,Converted to PO
5027,2027,74,386.000,No,2025-09-27,2.50,High,Required for Fasteners consumption plan.,0.000,2880.000,BG-2025-11,Generated PR item.,Converted to PO
5028,2028,75,458.000,No,2025-10-11,4.00,High,Required for Fasteners consumption plan.,0.000,1600.000,BG-2025-12,Generated PR item.,Converted to PO
5029,2029,76,173.000,No,2025-09-29,7.00,Urgent,Required for Fasteners consumption plan.,0.000,960.000,BG-2025-01,Generated PR item.,Converted to PO
5030,2030,77,214.000,No,2025-10-08,15.00,High,Required for Fasteners consumption plan.,0.000,480.000,BG-2025-02,Generated PR item.,Converted to PO
5031,2031,78,297.000,No,2025-10-13,4.00,High,Required for Fasteners consumption plan.,0.000,3040.000,BG-2025-03,Generated PR item.,Converted to PO
5032,2032,79,235.000,No,2025-10-10,4.00,High,Required for Fasteners consumption plan.,0.000,3040.000,BG-2025-04,Generated PR item.,Converted to PO
5033,2033,80,28053.000,ml,2025-10-11,0.80,Urgent,Required for Consumables consumption plan.,0.000,144000.000,BG-2025-05,Generated PR item.,Converted to PO
5034,2034,81,11878.000,g,2025-10-02,1.20,High,Required for Consumables consumption plan.,0.000,42000.000,BG-2025-06,Generated PR item.,Converted to PO
5035,2035,82,62832.000,ml,2025-10-12,1.50,High,Required for Consumables consumption plan.,0.000,8000.000,BG-2025-07,Generated PR item.,Converted to PO
5036,2036,83,2098.000,g,2025-10-06,0.60,High,Required for Consumables consumption plan.,0.000,24000.000,BG-2025-08,Generated PR item.,Converted to PO
5037,2037,84,36914.000,ml,2025-09-30,0.25,Urgent,Required for Consumables consumption plan.,0.000,156000.000,BG-2025-09,Generated PR item.,Converted to PO
5038,2038,85,9492.000,g,2025-10-05,1.80,High,Required for Consumables consumption plan.,0.000,9000.000,BG-2025-10,Generated PR item.,Converted to PO
5039,2039,86,3039.000,g,2025-10-06,1.20,High,Required for Consumables consumption plan.,0.000,4000.000,BG-2025-11,Generated PR item.,Converted to PO
5040,2040,87,4557.000,g,2025-10-09,0.80,High,Required for Consumables consumption plan.,0.000,12000.000,BG-2025-12,Generated PR item.,Converted to PO
5041,2041,88,126.000,No,2025-10-04,45.00,Urgent,Required for Packaging Materials consumption plan.,0.000,1520.000,BG-2025-01,Generated PR item.,Converted to PO
5042,2042,89,30.000,No,2025-10-09,18.00,High,Required for Packaging Materials consumption plan.,0.000,3040.000,BG-2025-02,Generated PR item.,Converted to PO
5043,2043,90,89.000,Sheet,2025-10-08,10.00,High,Required for Packaging Materials consumption plan.,0.000,1760.000,BG-2025-03,Generated PR item.,Converted to PO
5044,2044,91,142.000,No,2025-10-06,6.00,High,Required for Packaging Materials consumption plan.,0.000,1520.000,BG-2025-04,Generated PR item.,Converted to PO
5045,2045,92,440.000,m,2025-10-13,1.20,Urgent,Required for Packaging Materials consumption plan.,0.000,1600.000,BG-2025-05,Generated PR item.,Converted to PO
5046,2046,93,29.000,No,2025-10-07,3.00,High,Required for Packaging Materials consumption plan.,0.000,1760.000,BG-2025-06,Generated PR item.,Converted to PO
5047,2047,94,111.000,No,2025-10-15,35.00,High,Required for Identification & Documentation consumption plan.,0.000,1520.000,BG-2025-07,Generated PR item.,Converted to PO
5048,2048,95,30.000,No,2025-10-07,3.00,High,Required for Identification & Documentation consumption plan.,0.000,1520.000,BG-2025-08,Generated PR item.,Converted to PO
5049,2049,96,110.000,No,2025-10-18,4.00,Urgent,Required for Identification & Documentation consumption plan.,0.000,1520.000,BG-2025-09,Generated PR item.,Converted to PO
5050,2050,97,123.000,No,2025-10-09,2.00,High,Required for Identification & Documentation consumption plan.,0.000,1520.000,BG-2025-10,Generated PR item.,Converted to PO
5051,2051,98,201.000,No,2025-10-04,8.00,High,Required for Identification & Documentation consumption plan.,0.000,1520.000,BG-2025-11,Generated PR item.,Converted to PO
5052,2052,99,113.000,No,2025-10-06,4.00,High,Required for Identification & Documentation consumption plan.,0.000,1520.000,BG-2025-12,Generated PR item.,Converted to PO
5053,2053,1,471.000,No,2025-10-18,1800.00,Urgent,Required for Core Components consumption plan.,0.000,800.000,BG-2025-01,Generated PR item.,Converted to PO
5054,2054,2,112.000,No,2025-10-20,2800.00,High,Required for Core Components consumption plan.,0.000,480.000,BG-2025-02,Generated PR item.,Converted to PO
5055,2055,3,73.000,No,2025-10-08,6200.00,High,Required for Core Components consumption plan.,0.000,240.000,BG-2025-03,Generated PR item.,Converted to PO
5056,2056,4,52.000,No,2025-10-15,1200.00,High,Required for Core Components consumption plan.,0.000,800.000,BG-2025-04,Generated PR item.,Converted to PO
5057,2057,5,210.000,No,2025-10-15,2200.00,Urgent,Required for Core Components consumption plan.,0.000,480.000,BG-2025-05,Generated PR item.,Converted to PO
5058,2058,6,137.000,No,2025-10-08,5000.00,High,Required for Core Components consumption plan.,0.000,240.000,BG-2025-06,Generated PR item.,Converted to PO
5059,2059,7,27.000,No,2025-10-14,180.00,High,Required for Magnetic Components consumption plan.,0.000,6400.000,BG-2025-07,Generated PR item.,Converted to PO
5060,2060,8,63.000,No,2025-10-18,240.00,High,Required for Magnetic Components consumption plan.,0.000,4800.000,BG-2025-08,Generated PR item.,Converted to PO
5061,2061,9,244.000,No,2025-10-23,360.00,Urgent,Required for Magnetic Components consumption plan.,0.000,2880.000,BG-2025-09,Generated PR item.,Converted to PO
5062,2062,10,201.000,No,2025-10-22,450.00,High,Required for Mechanical Components consumption plan.,0.000,800.000,BG-2025-10,Generated PR item.,Converted to PO
5063,2063,11,9.000,No,2025-10-08,750.00,High,Required for Mechanical Components consumption plan.,0.000,480.000,BG-2025-11,Generated PR item.,Converted to PO
5064,2064,12,230.000,No,2025-10-11,1800.00,High,Required for Mechanical Components consumption plan.,0.000,240.000,BG-2025-12,Generated PR item.,Converted to PO
5065,2065,13,55.000,No,2025-10-15,160.00,Urgent,Required for Mechanical Components consumption plan.,0.000,800.000,BG-2025-01,Generated PR item.,Converted to PO
5066,2066,14,104.000,No,2025-10-10,220.00,High,Required for Mechanical Components consumption plan.,0.000,480.000,BG-2025-02,Generated PR item.,Converted to PO
5067,2067,15,85.000,No,2025-10-18,420.00,High,Required for Mechanical Components consumption plan.,0.000,240.000,BG-2025-03,Generated PR item.,Converted to PO
5068,2068,16,104.000,No,2025-10-08,1300.00,High,Required for Mechanical Components consumption plan.,0.000,800.000,BG-2025-04,Generated PR item.,Converted to PO
5069,2069,17,192.000,No,2025-10-10,2400.00,Urgent,Required for Mechanical Components consumption plan.,0.000,480.000,BG-2025-05,Generated PR item.,Converted to PO
5070,2070,18,180.000,No,2025-10-09,5200.00,High,Required for Mechanical Components consumption plan.,0.000,240.000,BG-2025-06,Generated PR item.,Converted to PO
5071,2071,19,151.000,No,2025-10-14,450.00,High,Required for Mechanical Components consumption plan.,0.000,1520.000,BG-2025-07,Generated PR item.,Converted to PO
5072,2072,20,159.000,No,2025-10-23,450.00,High,Required for Mechanical Components consumption plan.,0.000,1520.000,BG-2025-08,Generated PR item.,Converted to PO
5073,2073,21,183.000,No,2025-10-13,60.00,Urgent,Required for Mechanical Components consumption plan.,0.000,1280.000,BG-2025-09,Generated PR item.,Converted to PO
5074,2074,22,50.000,No,2025-10-27,120.00,High,Required for Mechanical Components consumption plan.,0.000,240.000,BG-2025-10,Generated PR item.,Converted to PO
5075,2075,23,42.000,No,2025-10-14,120.00,High,Required for Bearings consumption plan.,0.000,1600.000,BG-2025-11,Generated PR item.,Converted to PO
5076,2076,24,15.000,No,2025-10-11,220.00,High,Required for Bearings consumption plan.,0.000,960.000,BG-2025-12,Generated PR item.,Converted to PO
5077,2077,25,72.000,No,2025-10-18,650.00,Urgent,Required for Bearings consumption plan.,0.000,480.000,BG-2025-01,Generated PR item.,Converted to PO
5078,2078,26,112.000,No,2025-10-25,15.00,High,Required for Sealing Components consumption plan.,0.000,1520.000,BG-2025-02,Generated PR item.,Converted to PO
5079,2079,27,161.000,No,2025-10-14,45.00,High,Required for Sealing Components consumption plan.,0.000,1280.000,BG-2025-03,Generated PR item.,Converted to PO
5080,2080,28,143.000,No,2025-10-14,110.00,High,Required for Sealing Components consumption plan.,0.000,480.000,BG-2025-04,Generated PR item.,Converted to PO
5081,2081,29,62.000,kg,2025-10-28,850.00,Urgent,Required for Electrical Components consumption plan.,0.000,1440.000,BG-2025-05,Generated PR item.,Converted to PO
5082,2082,30,36.000,kg,2025-10-23,880.00,High,Required for Electrical Components consumption plan.,0.000,1536.000,BG-2025-06,Generated PR item.,Converted to PO
5083,2083,31,195.000,kg,2025-10-19,920.00,High,Required for Electrical Components consumption plan.,0.000,1560.000,BG-2025-07,Generated PR item.,Converted to PO
5084,2084,32,161.000,m,2025-10-27,35.00,High,Required for Electrical Components consumption plan.,0.000,2400.000,BG-2025-08,Generated PR item.,Converted to PO
5085,2085,33,72.000,m,2025-10-29,60.00,Urgent,Required for Electrical Components consumption plan.,0.000,1920.000,BG-2025-09,Generated PR item.,Converted to PO
5086,2086,34,167.000,m,2025-10-20,150.00,High,Required for Electrical Components consumption plan.,0.000,1200.000,BG-2025-10,Generated PR item.,Converted to PO
5087,2087,35,226.000,No,2025-10-25,90.00,High,Required for Electrical Components consumption plan.,0.000,800.000,BG-2025-11,Generated PR item.,Converted to PO
5088,2088,36,69.000,No,2025-10-15,180.00,High,Required for Electrical Components consumption plan.,0.000,480.000,BG-2025-12,Generated PR item.,Converted to PO
5089,2089,37,247.000,No,2025-10-20,420.00,Urgent,Required for Electrical Components consumption plan.,0.000,240.000,BG-2025-01,Generated PR item.,Converted to PO
5090,2090,38,118.000,No,2025-10-25,12.00,High,Required for Electrical Components consumption plan.,0.000,4560.000,BG-2025-02,Generated PR item.,Converted to PO
5091,2091,39,217.000,No,2025-10-19,45.00,High,Required for Electronic Components consumption plan.,0.000,2400.000,BG-2025-03,Generated PR item.,Converted to PO
5092,2092,40,165.000,No,2025-11-02,120.00,High,Required for Electronic Components consumption plan.,0.000,800.000,BG-2025-04,Generated PR item.,Converted to PO
5093,2093,41,15.000,No,2025-11-03,1400.00,Urgent,Required for Electronic Components consumption plan.,0.000,480.000,BG-2025-05,Generated PR item.,Converted to PO
5094,2094,42,130.000,No,2025-10-21,3200.00,High,Required for Electronic Components consumption plan.,0.000,240.000,BG-2025-06,Generated PR item.,Converted to PO
5095,2095,43,107.000,No,2025-10-24,85.00,High,Required for Electronic Components consumption plan.,0.000,480.000,BG-2025-07,Generated PR item.,Converted to PO
5096,2096,44,54.000,No,2025-10-20,220.00,High,Required for Electronic Components consumption plan.,0.000,480.000,BG-2025-08,Generated PR item.,Converted to PO
5097,2097,45,140.000,No,2025-10-26,350.00,Urgent,Required for Electronic Components consumption plan.,0.000,1280.000,BG-2025-09,Generated PR item.,Converted to PO
5098,2098,46,30.000,No,2025-10-20,750.00,High,Required for Electronic Components consumption plan.,0.000,240.000,BG-2025-10,Generated PR item.,Converted to PO
5099,2099,47,58.000,Set,2025-10-25,450.00,High,Required for Electronic Components consumption plan.,0.000,1280.000,BG-2025-11,Generated PR item.,Converted to PO
5100,2100,48,67.000,Set,2025-10-27,950.00,High,Required for Electronic Components consumption plan.,0.000,240.000,BG-2025-12,Generated PR item.,Converted to PO
5101,2101,49,27.000,No,2025-10-30,25.00,Urgent,Required for Electronic Components consumption plan.,0.000,800.000,BG-2025-01,Generated PR item.,Converted to PO
5102,2102,50,122.000,No,2025-10-29,40.00,High,Required for Electronic Components consumption plan.,0.000,480.000,BG-2025-02,Generated PR item.,Converted to PO
5103,2103,51,166.000,No,2025-10-22,110.00,High,Required for Electronic Components consumption plan.,0.000,240.000,BG-2025-03,Generated PR item.,Converted to PO
5104,2104,52,20.000,No,2025-11-03,2.00,High,Required for Electronic Components consumption plan.,0.000,4000.000,BG-2025-04,Generated PR item.,Converted to PO
5105,2105,53,100.000,No,2025-11-01,3.00,Urgent,Required for Electronic Components consumption plan.,0.000,2880.000,BG-2025-05,Generated PR item.,Converted to PO
5106,2106,54,68.000,No,2025-11-02,5.00,High,Required for Electronic Components consumption plan.,0.000,1920.000,BG-2025-06,Generated PR item.,Converted to PO
5107,2107,55,14.000,No,2025-10-29,8.00,High,Required for Insulation Materials consumption plan.,0.000,19200.000,BG-2025-07,Generated PR item.,Converted to PO
5108,2108,56,202.000,No,2025-11-06,10.00,High,Required for Insulation Materials consumption plan.,0.000,17280.000,BG-2025-08,Generated PR item.,Converted to PO
5109,2109,57,114.000,No,2025-10-29,12.00,Urgent,Required for Insulation Materials consumption plan.,0.000,11520.000,BG-2025-09,Generated PR item.,Converted to PO
5110,2110,58,189.000,No,2025-11-05,6.00,High,Required for Insulation Materials consumption plan.,0.000,48000.000,BG-2025-10,Generated PR item.,Converted to PO
5111,2111,59,149.000,No,2025-10-26,5.00,High,Required for Insulation Materials consumption plan.,0.000,48000.000,BG-2025-11,Generated PR item.,Converted to PO
5112,2112,60,441.000,m,2025-10-27,18.00,High,Required for Insulation Materials consumption plan.,0.000,400.000,BG-2025-12,Generated PR item.,Converted to PO
5113,2113,61,499.000,m,2025-11-01,25.00,Urgent,Required for Insulation Materials consumption plan.,0.000,384.000,BG-2025-01,Generated PR item.,Converted to PO
5114,2114,62,309.000,m,2025-11-03,45.00,High,Required for Insulation Materials consumption plan.,0.000,240.000,BG-2025-02,Generated PR item.,Converted to PO
5115,2115,63,189.000,No,2025-11-07,3.00,High,Required for Fasteners consumption plan.,0.000,6400.000,BG-2025-03,Generated PR item.,Converted to PO
5116,2116,64,223.000,No,2025-10-31,5.00,High,Required for Fasteners consumption plan.,0.000,4800.000,BG-2025-04,Generated PR item.,Converted to PO
5117,2117,65,417.000,No,2025-11-11,12.00,Urgent,Required for Fasteners consumption plan.,0.000,2880.000,BG-2025-05,Generated PR item.,Converted to PO
5118,2118,66,225.000,No,2025-11-02,1.50,High,Required for Fasteners consumption plan.,0.000,6400.000,BG-2025-06,Generated PR item.,Converted to PO
5119,2119,67,269.000,No,2025-11-06,2.50,High,Required for Fasteners consumption plan.,0.000,4800.000,BG-2025-07,Generated PR item.,Converted to PO
5120,2120,68,113.000,No,2025-11-13,6.00,High,Required for Fasteners consumption plan.,0.000,2880.000,BG-2025-08,Generated PR item.,Converted to PO
5121,2121,69,496.000,No,2025-11-07,0.80,Urgent,Required for Fasteners consumption plan.,0.000,6400.000,BG-2025-09,Generated PR item.,Converted to PO
5122,2122,70,333.000,No,2025-11-10,1.20,High,Required for Fasteners consumption plan.,0.000,4800.000,BG-2025-10,Generated PR item.,Converted to PO
5123,2123,71,178.000,No,2025-11-14,2.50,High,Required for Fasteners consumption plan.,0.000,2880.000,BG-2025-11,Generated PR item.,Converted to PO
5124,2124,72,301.000,No,2025-11-15,0.80,High,Required for Fasteners consumption plan.,0.000,6400.000,BG-2025-12,Generated PR item.,Converted to PO
5125,2125,73,212.000,No,2025-11-07,1.20,Urgent,Required for Fasteners consumption plan.,0.000,4800.000,BG-2025-01,Generated PR item.,Converted to PO
5126,2126,74,94.000,No,2025-11-06,2.50,High,Required for Fasteners consumption plan.,0.000,2880.000,BG-2025-02,Generated PR item.,Converted to PO
5127,2127,75,440.000,No,2025-11-02,4.00,High,Required for Fasteners consumption plan.,0.000,1600.000,BG-2025-03,Generated PR item.,Converted to PO
5128,2128,76,446.000,No,2025-11-09,7.00,High,Required for Fasteners consumption plan.,0.000,960.000,BG-2025-04,Generated PR item.,Converted to PO
5129,2129,77,421.000,No,2025-11-16,15.00,Urgent,Required for Fasteners consumption plan.,0.000,480.000,BG-2025-05,Generated PR item.,Converted to PO
5130,2130,78,197.000,No,2025-11-08,4.00,High,Required for Fasteners consumption plan.,0.000,3040.000,BG-2025-06,Generated PR item.,Converted to PO
5131,2131,79,143.000,No,2025-11-06,4.00,High,Required for Fasteners consumption plan.,0.000,3040.000,BG-2025-07,Generated PR item.,Converted to PO
5132,2132,80,9725.000,ml,2025-11-01,0.80,High,Required for Consumables consumption plan.,0.000,144000.000,BG-2025-08,Generated PR item.,Converted to PO
5133,2133,81,22215.000,g,2025-11-07,1.20,Urgent,Required for Consumables consumption plan.,0.000,42000.000,BG-2025-09,Generated PR item.,Converted to PO
5134,2134,82,36149.000,ml,2025-11-04,1.50,High,Required for Consumables consumption plan.,0.000,8000.000,BG-2025-10,Generated PR item.,Converted to PO
5135,2135,83,26875.000,g,2025-11-18,0.60,High,Required for Consumables consumption plan.,0.000,24000.000,BG-2025-11,Generated PR item.,Converted to PO
5136,2136,84,87637.000,ml,2025-11-10,0.25,High,Required for Consumables consumption plan.,0.000,156000.000,BG-2025-12,Generated PR item.,Converted to PO
5137,2137,85,4717.000,g,2025-11-03,1.80,Urgent,Required for Consumables consumption plan.,0.000,9000.000,BG-2025-01,Generated PR item.,Converted to PO
5138,2138,86,27592.000,g,2025-11-03,1.20,High,Required for Consumables consumption plan.,0.000,4000.000,BG-2025-02,Generated PR item.,Converted to PO
5139,2139,87,5068.000,g,2025-11-17,0.80,High,Required for Consumables consumption plan.,0.000,12000.000,BG-2025-03,Generated PR item.,Converted to PO
5140,2140,88,125.000,No,2025-11-18,45.00,High,Required for Packaging Materials consumption plan.,0.000,1520.000,BG-2025-04,Generated PR item.,Converted to PO
5141,2141,89,121.000,No,2025-11-16,18.00,Urgent,Required for Packaging Materials consumption plan.,0.000,3040.000,BG-2025-05,Generated PR item.,Converted to PO
5142,2142,90,240.000,Sheet,2025-11-06,10.00,High,Required for Packaging Materials consumption plan.,0.000,1760.000,BG-2025-06,Generated PR item.,Converted to PO
5143,2143,91,166.000,No,2025-11-05,6.00,High,Required for Packaging Materials consumption plan.,0.000,1520.000,BG-2025-07,Generated PR item.,Converted to PO
5144,2144,92,440.000,m,2025-11-07,1.20,High,Required for Packaging Materials consumption plan.,0.000,1600.000,BG-2025-08,Generated PR item.,Converted to PO
5145,2145,93,151.000,No,2025-11-17,3.00,Urgent,Required for Packaging Materials consumption plan.,0.000,1760.000,BG-2025-09,Generated PR item.,Converted to PO
5146,2146,94,208.000,No,2025-11-18,35.00,High,Required for Identification & Documentation consumption plan.,0.000,1520.000,BG-2025-10,Generated PR item.,Converted to PO
5147,2147,95,214.000,No,2025-11-20,3.00,High,Required for Identification & Documentation consumption plan.,0.000,1520.000,BG-2025-11,Generated PR item.,Converted to PO
5148,2148,96,216.000,No,2025-11-06,4.00,High,Required for Identification & Documentation consumption plan.,0.000,1520.000,BG-2025-12,Generated PR item.,Converted to PO
5149,2149,97,106.000,No,2025-11-07,2.00,Urgent,Required for Identification & Documentation consumption plan.,0.000,1520.000,BG-2025-01,Generated PR item.,Converted to PO
5150,2150,98,98.000,No,2025-11-22,8.00,High,Required for Identification & Documentation consumption plan.,0.000,1520.000,BG-2025-02,Generated PR item.,Converted to PO
5151,2151,99,247.000,No,2025-11-22,4.00,High,Required for Identification & Documentation consumption plan.,0.000,1520.000,BG-2025-03,Generated PR item.,Converted to PO
5152,2152,1,391.000,No,2025-11-20,1800.00,High,Required for Core Components consumption plan.,0.000,800.000,BG-2025-04,Generated PR item.,Converted to PO
5153,2153,2,463.000,No,2025-11-08,2800.00,Urgent,Required for Core Components consumption plan.,0.000,480.000,BG-2025-05,Generated PR item.,Converted to PO
5154,2154,3,310.000,No,2025-11-08,6200.00,High,Required for Core Components consumption plan.,0.000,240.000,BG-2025-06,Generated PR item.,Converted to PO
5155,2155,4,468.000,No,2025-11-09,1200.00,High,Required for Core Components consumption plan.,0.000,800.000,BG-2025-07,Generated PR item.,Converted to PO
5156,2156,5,374.000,No,2025-11-20,2200.00,High,Required for Core Components consumption plan.,0.000,480.000,BG-2025-08,Generated PR item.,Converted to PO
5157,2157,6,384.000,No,2025-11-23,5000.00,Urgent,Required for Core Components consumption plan.,0.000,240.000,BG-2025-09,Generated PR item.,Converted to PO
5158,2158,7,48.000,No,2025-11-19,180.00,High,Required for Magnetic Components consumption plan.,0.000,6400.000,BG-2025-10,Generated PR item.,Converted to PO
5159,2159,8,144.000,No,2025-11-13,240.00,High,Required for Magnetic Components consumption plan.,0.000,4800.000,BG-2025-11,Generated PR item.,Converted to PO
5160,2160,9,184.000,No,2025-11-22,360.00,High,Required for Magnetic Components consumption plan.,0.000,2880.000,BG-2025-12,Generated PR item.,Converted to PO
5161,2161,10,192.000,No,2025-11-10,450.00,Urgent,Required for Mechanical Components consumption plan.,0.000,800.000,BG-2025-01,Generated PR item.,Converted to PO
5162,2162,11,240.000,No,2025-11-23,750.00,High,Required for Mechanical Components consumption plan.,0.000,480.000,BG-2025-02,Generated PR item.,Converted to PO
5163,2163,12,85.000,No,2025-11-27,1800.00,High,Required for Mechanical Components consumption plan.,0.000,240.000,BG-2025-03,Generated PR item.,Converted to PO
5164,2164,13,79.000,No,2025-11-23,160.00,High,Required for Mechanical Components consumption plan.,0.000,800.000,BG-2025-04,Generated PR item.,Converted to PO
5165,2165,14,243.000,No,2025-11-27,220.00,Urgent,Required for Mechanical Components consumption plan.,0.000,480.000,BG-2025-05,Generated PR item.,Converted to PO
5166,2166,15,247.000,No,2025-11-22,420.00,High,Required for Mechanical Components consumption plan.,0.000,240.000,BG-2025-06,Generated PR item.,Converted to PO
5167,2167,16,49.000,No,2025-11-20,1300.00,High,Required for Mechanical Components consumption plan.,0.000,800.000,BG-2025-07,Generated PR item.,Converted to PO
5168,2168,17,98.000,No,2025-11-18,2400.00,High,Required for Mechanical Components consumption plan.,0.000,480.000,BG-2025-08,Generated PR item.,Converted to PO
5169,2169,18,238.000,No,2025-11-30,5200.00,Urgent,Required for Mechanical Components consumption plan.,0.000,240.000,BG-2025-09,Generated PR item.,Converted to PO
5170,2170,19,54.000,No,2025-11-26,450.00,High,Required for Mechanical Components consumption plan.,0.000,1520.000,BG-2025-10,Generated PR item.,Converted to PO
5171,2171,20,197.000,No,2025-11-17,450.00,High,Required for Mechanical Components consumption plan.,0.000,1520.000,BG-2025-11,Generated PR item.,Converted to PO
5172,2172,21,32.000,No,2025-12-01,60.00,High,Required for Mechanical Components consumption plan.,0.000,1280.000,BG-2025-12,Generated PR item.,Converted to PO
5173,2173,22,48.000,No,2025-11-15,120.00,Urgent,Required for Mechanical Components consumption plan.,0.000,240.000,BG-2025-01,Generated PR item.,Converted to PO
5174,2174,23,80.000,No,2025-11-24,120.00,High,Required for Bearings consumption plan.,0.000,1600.000,BG-2025-02,Generated PR item.,Converted to PO
5175,2175,24,63.000,No,2025-11-18,220.00,High,Required for Bearings consumption plan.,0.000,960.000,BG-2025-03,Generated PR item.,Converted to PO
5176,2176,25,58.000,No,2025-11-27,650.00,High,Required for Bearings consumption plan.,0.000,480.000,BG-2025-04,Generated PR item.,Converted to PO
5177,2177,26,215.000,No,2025-11-23,15.00,Urgent,Required for Sealing Components consumption plan.,0.000,1520.000,BG-2025-05,Generated PR item.,Converted to PO
5178,2178,27,80.000,No,2025-11-23,45.00,High,Required for Sealing Components consumption plan.,0.000,1280.000,BG-2025-06,Generated PR item.,Converted to PO
5179,2179,28,128.000,No,2025-11-28,110.00,High,Required for Sealing Components consumption plan.,0.000,480.000,BG-2025-07,Generated PR item.,Converted to PO
5180,2180,29,126.000,kg,2025-11-29,850.00,High,Required for Electrical Components consumption plan.,0.000,1440.000,BG-2025-08,Generated PR item.,Converted to PO
5181,2181,30,151.000,kg,2025-11-22,880.00,Urgent,Required for Electrical Components consumption plan.,0.000,1536.000,BG-2025-09,Generated PR item.,Converted to PO
5182,2182,31,73.000,kg,2025-12-04,920.00,High,Required for Electrical Components consumption plan.,0.000,1560.000,BG-2025-10,Generated PR item.,Converted to PO
5183,2183,32,324.000,m,2025-11-25,35.00,High,Required for Electrical Components consumption plan.,0.000,2400.000,BG-2025-11,Generated PR item.,Converted to PO
5184,2184,33,235.000,m,2025-11-20,60.00,High,Required for Electrical Components consumption plan.,0.000,1920.000,BG-2025-12,Generated PR item.,Converted to PO
5185,2185,34,280.000,m,2025-11-18,150.00,Urgent,Required for Electrical Components consumption plan.,0.000,1200.000,BG-2025-01,Generated PR item.,Converted to PO
5186,2186,35,217.000,No,2025-11-21,90.00,High,Required for Electrical Components consumption plan.,0.000,800.000,BG-2025-02,Generated PR item.,Converted to PO
5187,2187,36,101.000,No,2025-11-30,180.00,High,Required for Electrical Components consumption plan.,0.000,480.000,BG-2025-03,Generated PR item.,Converted to PO
5188,2188,37,169.000,No,2025-11-27,420.00,High,Required for Electrical Components consumption plan.,0.000,240.000,BG-2025-04,Generated PR item.,Converted to PO
5189,2189,38,236.000,No,2025-11-24,12.00,Urgent,Required for Electrical Components consumption plan.,0.000,4560.000,BG-2025-05,Generated PR item.,Converted to PO
5190,2190,39,192.000,No,2025-11-27,45.00,High,Required for Electronic Components consumption plan.,0.000,2400.000,BG-2025-06,Generated PR item.,Converted to PO
5191,2191,40,248.000,No,2025-12-04,120.00,High,Required for Electronic Components consumption plan.,0.000,800.000,BG-2025-07,Generated PR item.,Converted to PO
5192,2192,41,148.000,No,2025-11-29,1400.00,High,Required for Electronic Components consumption plan.,0.000,480.000,BG-2025-08,Generated PR item.,Converted to PO
5193,2193,42,74.000,No,2025-11-20,3200.00,Urgent,Required for Electronic Components consumption plan.,0.000,240.000,BG-2025-09,Generated PR item.,Converted to PO
5194,2194,43,248.000,No,2025-11-20,85.00,High,Required for Electronic Components consumption plan.,0.000,480.000,BG-2025-10,Generated PR item.,Converted to PO
5195,2195,44,163.000,No,2025-11-29,220.00,High,Required for Electronic Components consumption plan.,0.000,480.000,BG-2025-11,Generated PR item.,Converted to PO
5196,2196,45,64.000,No,2025-11-28,350.00,High,Required for Electronic Components consumption plan.,0.000,1280.000,BG-2025-12,Generated PR item.,Converted to PO
5197,2197,46,83.000,No,2025-12-06,750.00,Urgent,Required for Electronic Components consumption plan.,0.000,240.000,BG-2025-01,Generated PR item.,Converted to PO
5198,2198,47,24.000,Set,2025-12-01,450.00,High,Required for Electronic Components consumption plan.,0.000,1280.000,BG-2025-02,Generated PR item.,Converted to PO
5199,2199,48,68.000,Set,2025-12-04,950.00,High,Required for Electronic Components consumption plan.,0.000,240.000,BG-2025-03,Generated PR item.,Converted to PO
5200,2200,49,27.000,No,2025-12-02,25.00,High,Required for Electronic Components consumption plan.,0.000,800.000,BG-2025-04,Generated PR item.,Converted to PO
5201,2201,50,187.000,No,2025-11-28,40.00,Urgent,Required for Electronic Components consumption plan.,0.000,480.000,BG-2025-05,Generated PR item.,Converted to PO
5202,2202,51,141.000,No,2025-12-03,110.00,High,Required for Electronic Components consumption plan.,0.000,240.000,BG-2025-06,Generated PR item.,Converted to PO
5203,2203,52,23.000,No,2025-12-04,2.00,High,Required for Electronic Components consumption plan.,0.000,4000.000,BG-2025-07,Generated PR item.,Converted to PO
5204,2204,53,155.000,No,2025-12-05,3.00,High,Required for Electronic Components consumption plan.,0.000,2880.000,BG-2025-08,Generated PR item.,Converted to PO
5205,2205,54,190.000,No,2025-11-27,5.00,Urgent,Required for Electronic Components consumption plan.,0.000,1920.000,BG-2025-09,Generated PR item.,Converted to PO
5206,2206,55,183.000,No,2025-12-05,8.00,High,Required for Insulation Materials consumption plan.,0.000,19200.000,BG-2025-10,Generated PR item.,Converted to PO
5207,2207,56,135.000,No,2025-11-29,10.00,High,Required for Insulation Materials consumption plan.,0.000,17280.000,BG-2025-11,Generated PR item.,Converted to PO
5208,2208,57,87.000,No,2025-12-09,12.00,High,Required for Insulation Materials consumption plan.,0.000,11520.000,BG-2025-12,Generated PR item.,Converted to PO
5209,2209,58,45.000,No,2025-12-09,6.00,Urgent,Required for Insulation Materials consumption plan.,0.000,48000.000,BG-2025-01,Generated PR item.,Converted to PO
5210,2210,59,8.000,No,2025-12-06,5.00,High,Required for Insulation Materials consumption plan.,0.000,48000.000,BG-2025-02,Generated PR item.,Converted to PO
5211,2211,60,192.000,m,2025-12-12,18.00,High,Required for Insulation Materials consumption plan.,0.000,400.000,BG-2025-03,Generated PR item.,Converted to PO
5212,2212,61,324.000,m,2025-12-04,25.00,High,Required for Insulation Materials consumption plan.,0.000,384.000,BG-2025-04,Generated PR item.,Converted to PO
5213,2213,62,38.000,m,2025-11-25,45.00,Urgent,Required for Insulation Materials consumption plan.,0.000,240.000,BG-2025-05,Generated PR item.,Converted to PO
5214,2214,63,500.000,No,2025-12-07,3.00,High,Required for Fasteners consumption plan.,0.000,6400.000,BG-2025-06,Generated PR item.,Converted to PO
5215,2215,64,301.000,No,2025-12-10,5.00,High,Required for Fasteners consumption plan.,0.000,4800.000,BG-2025-07,Generated PR item.,Converted to PO
5216,2216,65,161.000,No,2025-11-28,12.00,High,Required for Fasteners consumption plan.,0.000,2880.000,BG-2025-08,Generated PR item.,Converted to PO
5217,2217,66,482.000,No,2025-11-28,1.50,Urgent,Required for Fasteners consumption plan.,0.000,6400.000,BG-2025-09,Generated PR item.,Converted to PO
5218,2218,67,108.000,No,2025-12-02,2.50,High,Required for Fasteners consumption plan.,0.000,4800.000,BG-2025-10,Generated PR item.,Converted to PO
5219,2219,68,480.000,No,2025-12-13,6.00,High,Required for Fasteners consumption plan.,0.000,2880.000,BG-2025-11,Generated PR item.,Converted to PO
5220,2220,69,155.000,No,2025-12-07,0.80,High,Required for Fasteners consumption plan.,0.000,6400.000,BG-2025-12,Generated PR item.,Converted to PO
5221,2221,70,202.000,No,2025-12-15,1.20,Urgent,Required for Fasteners consumption plan.,0.000,4800.000,BG-2025-01,Generated PR item.,Converted to PO
5222,2222,71,224.000,No,2025-12-13,2.50,High,Required for Fasteners consumption plan.,0.000,2880.000,BG-2025-02,Generated PR item.,Converted to PO
5223,2223,72,498.000,No,2025-12-07,0.80,High,Required for Fasteners consumption plan.,0.000,6400.000,BG-2025-03,Generated PR item.,Converted to PO
5224,2224,73,140.000,No,2025-12-11,1.20,High,Required for Fasteners consumption plan.,0.000,4800.000,BG-2025-04,Generated PR item.,Converted to PO
5225,2225,74,487.000,No,2025-12-04,2.50,Urgent,Required for Fasteners consumption plan.,0.000,2880.000,BG-2025-05,Generated PR item.,Converted to PO
5226,2226,75,186.000,No,2025-11-30,4.00,High,Required for Fasteners consumption plan.,0.000,1600.000,BG-2025-06,Generated PR item.,Converted to PO
5227,2227,76,157.000,No,2025-12-06,7.00,High,Required for Fasteners consumption plan.,0.000,960.000,BG-2025-07,Generated PR item.,Converted to PO
5228,2228,77,326.000,No,2025-12-10,15.00,High,Required for Fasteners consumption plan.,0.000,480.000,BG-2025-08,Generated PR item.,Converted to PO
5229,2229,78,353.000,No,2025-12-03,4.00,Urgent,Required for Fasteners consumption plan.,0.000,3040.000,BG-2025-09,Generated PR item.,Converted to PO
5230,2230,79,185.000,No,2025-12-03,4.00,High,Required for Fasteners consumption plan.,0.000,3040.000,BG-2025-10,Generated PR item.,Converted to PO
5231,2231,80,17736.000,ml,2025-11-30,0.80,High,Required for Consumables consumption plan.,0.000,144000.000,BG-2025-11,Generated PR item.,Converted to PO
5232,2232,81,12486.000,g,2025-12-13,1.20,High,Required for Consumables consumption plan.,0.000,42000.000,BG-2025-12,Generated PR item.,Converted to PO
5233,2233,82,56340.000,ml,2025-12-17,1.50,Urgent,Required for Consumables consumption plan.,0.000,8000.000,BG-2025-01,Generated PR item.,Converted to PO
5234,2234,83,2160.000,g,2025-12-15,0.60,High,Required for Consumables consumption plan.,0.000,24000.000,BG-2025-02,Generated PR item.,Converted to PO
5235,2235,84,12472.000,ml,2025-12-07,0.25,High,Required for Consumables consumption plan.,0.000,156000.000,BG-2025-03,Generated PR item.,Converted to PO
5236,2236,85,27621.000,g,2025-12-11,1.80,High,Required for Consumables consumption plan.,0.000,9000.000,BG-2025-04,Generated PR item.,Converted to PO
5237,2237,86,2040.000,g,2025-12-18,1.20,Urgent,Required for Consumables consumption plan.,0.000,4000.000,BG-2025-05,Generated PR item.,Converted to PO
5238,2238,87,12800.000,g,2025-12-12,0.80,High,Required for Consumables consumption plan.,0.000,12000.000,BG-2025-06,Generated PR item.,Converted to PO
5239,2239,88,192.000,No,2025-12-07,45.00,High,Required for Packaging Materials consumption plan.,0.000,1520.000,BG-2025-07,Generated PR item.,Converted to PO
5240,2240,89,85.000,No,2025-12-08,18.00,High,Required for Packaging Materials consumption plan.,0.000,3040.000,BG-2025-08,Generated PR item.,Converted to PO
5241,2241,90,126.000,Sheet,2025-12-15,10.00,Urgent,Required for Packaging Materials consumption plan.,0.000,1760.000,BG-2025-09,Generated PR item.,Converted to PO
5242,2242,91,26.000,No,2025-12-10,6.00,High,Required for Packaging Materials consumption plan.,0.000,1520.000,BG-2025-10,Generated PR item.,Converted to PO
5243,2243,92,402.000,m,2025-12-17,1.20,High,Required for Packaging Materials consumption plan.,0.000,1600.000,BG-2025-11,Generated PR item.,Converted to PO
5244,2244,93,161.000,No,2025-12-18,3.00,High,Required for Packaging Materials consumption plan.,0.000,1760.000,BG-2025-12,Generated PR item.,Converted to PO
5245,2245,94,214.000,No,2025-12-03,35.00,Urgent,Required for Identification & Documentation consumption plan.,0.000,1520.000,BG-2025-01,Generated PR item.,Converted to PO
5246,2246,95,217.000,No,2025-12-17,3.00,High,Required for Identification & Documentation consumption plan.,0.000,1520.000,BG-2025-02,Generated PR item.,Converted to PO
5247,2247,96,91.000,No,2025-12-10,4.00,High,Required for Identification & Documentation consumption plan.,0.000,1520.000,BG-2025-03,Generated PR item.,Converted to PO
5248,2248,97,15.000,No,2025-12-13,2.00,High,Required for Identification & Documentation consumption plan.,0.000,1520.000,BG-2025-04,Generated PR item.,Converted to PO
5249,2249,98,90.000,No,2025-12-09,8.00,Urgent,Required for Identification & Documentation consumption plan.,0.000,1520.000,BG-2025-05,Generated PR item.,Converted to PO
5250,2250,99,40.000,No,2025-12-11,4.00,High,Required for Identification & Documentation consumption plan.,0.000,1520.000,BG-2025-06,Generated PR item.,Converted to PO
5251,2251,1,290.000,No,2025-12-10,1800.00,High,Required for Core Components consumption plan.,0.000,800.000,BG-2025-07,Generated PR item.,Converted to PO
5252,2252,2,116.000,No,2025-12-06,2800.00,High,Required for Core Components consumption plan.,0.000,480.000,BG-2025-08,Generated PR item.,Converted to PO
5253,2253,3,465.000,No,2025-12-20,6200.00,Urgent,Required for Core Components consumption plan.,0.000,240.000,BG-2025-09,Generated PR item.,Converted to PO
5254,2254,4,321.000,No,2025-12-08,1200.00,High,Required for Core Components consumption plan.,0.000,800.000,BG-2025-10,Generated PR item.,Converted to PO
5255,2255,5,164.000,No,2025-12-12,2200.00,High,Required for Core Components consumption plan.,0.000,480.000,BG-2025-11,Generated PR item.,Converted to PO
5256,2256,6,465.000,No,2025-12-09,5000.00,High,Required for Core Components consumption plan.,0.000,240.000,BG-2025-12,Generated PR item.,Converted to PO
5257,2257,7,194.000,No,2025-12-09,180.00,Urgent,Required for Magnetic Components consumption plan.,0.000,6400.000,BG-2025-01,Generated PR item.,Converted to PO
5258,2258,8,112.000,No,2025-12-13,240.00,High,Required for Magnetic Components consumption plan.,0.000,4800.000,BG-2025-02,Generated PR item.,Converted to PO
5259,2259,9,41.000,No,2025-12-23,360.00,High,Required for Magnetic Components consumption plan.,0.000,2880.000,BG-2025-03,Generated PR item.,Converted to PO
5260,2260,10,89.000,No,2025-12-23,450.00,High,Required for Mechanical Components consumption plan.,0.000,800.000,BG-2025-04,Generated PR item.,Converted to PO
5261,2261,11,148.000,No,2025-12-14,750.00,Urgent,Required for Mechanical Components consumption plan.,0.000,480.000,BG-2025-05,Generated PR item.,Converted to PO
5262,2262,12,193.000,No,2025-12-17,1800.00,High,Required for Mechanical Components consumption plan.,0.000,240.000,BG-2025-06,Generated PR item.,Converted to PO
5263,2263,13,69.000,No,2025-12-25,160.00,High,Required for Mechanical Components consumption plan.,0.000,800.000,BG-2025-07,Generated PR item.,Converted to PO
5264,2264,14,187.000,No,2025-12-12,220.00,High,Required for Mechanical Components consumption plan.,0.000,480.000,BG-2025-08,Generated PR item.,Converted to PO
5265,2265,15,74.000,No,2025-12-25,420.00,Urgent,Required for Mechanical Components consumption plan.,0.000,240.000,BG-2025-09,Generated PR item.,Converted to PO
5266,2266,16,65.000,No,2025-12-09,1300.00,High,Required for Mechanical Components consumption plan.,0.000,800.000,BG-2025-10,Generated PR item.,Converted to PO
5267,2267,17,114.000,No,2025-12-13,2400.00,High,Required for Mechanical Components consumption plan.,0.000,480.000,BG-2025-11,Generated PR item.,Converted to PO
5268,2268,18,44.000,No,2025-12-16,5200.00,High,Required for Mechanical Components consumption plan.,0.000,240.000,BG-2025-12,Generated PR item.,Converted to PO
5269,2269,19,104.000,No,2025-12-10,450.00,Urgent,Required for Mechanical Components consumption plan.,0.000,1520.000,BG-2025-01,Generated PR item.,Converted to PO
5270,2270,20,93.000,No,2025-12-24,450.00,High,Required for Mechanical Components consumption plan.,0.000,1520.000,BG-2025-02,Generated PR item.,Converted to PO
5271,2271,21,73.000,No,2025-12-26,60.00,High,Required for Mechanical Components consumption plan.,0.000,1280.000,BG-2025-03,Generated PR item.,Converted to PO
5272,2272,22,195.000,No,2025-12-17,120.00,High,Required for Mechanical Components consumption plan.,0.000,240.000,BG-2025-04,Generated PR item.,Converted to PO
5273,2273,23,36.000,No,2025-12-26,120.00,Urgent,Required for Bearings consumption plan.,0.000,1600.000,BG-2025-05,Generated PR item.,Converted to PO
5274,2274,24,71.000,No,2025-12-24,220.00,High,Required for Bearings consumption plan.,0.000,960.000,BG-2025-06,Generated PR item.,Converted to PO
5275,2275,25,74.000,No,2025-12-26,650.00,High,Required for Bearings consumption plan.,0.000,480.000,BG-2025-07,Generated PR item.,Converted to PO
5276,2276,26,168.000,No,2025-12-26,15.00,High,Required for Sealing Components consumption plan.,0.000,1520.000,BG-2025-08,Generated PR item.,Converted to PO
5277,2277,27,71.000,No,2025-12-22,45.00,Urgent,Required for Sealing Components consumption plan.,0.000,1280.000,BG-2025-09,Generated PR item.,Converted to PO
5278,2278,28,209.000,No,2025-12-13,110.00,High,Required for Sealing Components consumption plan.,0.000,480.000,BG-2025-10,Generated PR item.,Converted to PO
5279,2279,29,55.000,kg,2025-12-28,850.00,High,Required for Electrical Components consumption plan.,0.000,1440.000,BG-2025-11,Generated PR item.,Converted to PO
5280,2280,30,62.000,kg,2025-12-23,880.00,High,Required for Electrical Components consumption plan.,0.000,1536.000,BG-2025-12,Generated PR item.,Converted to PO
5281,2281,31,177.000,kg,2025-12-29,920.00,Urgent,Required for Electrical Components consumption plan.,0.000,1560.000,BG-2025-01,Generated PR item.,Converted to PO
5282,2282,32,183.000,m,2025-12-31,35.00,High,Required for Electrical Components consumption plan.,0.000,2400.000,BG-2025-02,Generated PR item.,Converted to PO
5283,2283,33,355.000,m,2025-12-17,60.00,High,Required for Electrical Components consumption plan.,0.000,1920.000,BG-2025-03,Generated PR item.,Converted to PO
5284,2284,34,40.000,m,2025-12-21,150.00,High,Required for Electrical Components consumption plan.,0.000,1200.000,BG-2025-04,Generated PR item.,Converted to PO
5285,2285,35,156.000,No,2025-12-17,90.00,Urgent,Required for Electrical Components consumption plan.,0.000,800.000,BG-2025-05,Generated PR item.,Converted to PO
5286,2286,36,218.000,No,2025-12-14,180.00,High,Required for Electrical Components consumption plan.,0.000,480.000,BG-2025-06,Generated PR item.,Converted to PO
5287,2287,37,179.000,No,2026-01-01,420.00,High,Required for Electrical Components consumption plan.,0.000,240.000,BG-2025-07,Generated PR item.,Converted to PO
5288,2288,38,148.000,No,2025-12-31,12.00,High,Required for Electrical Components consumption plan.,0.000,4560.000,BG-2025-08,Generated PR item.,Converted to PO
5289,2289,39,213.000,No,2025-12-31,45.00,Urgent,Required for Electronic Components consumption plan.,0.000,2400.000,BG-2025-09,Generated PR item.,Converted to PO
5290,2290,40,78.000,No,2025-12-31,120.00,High,Required for Electronic Components consumption plan.,0.000,800.000,BG-2025-10,Generated PR item.,Converted to PO
5291,2291,41,97.000,No,2025-12-27,1400.00,High,Required for Electronic Components consumption plan.,0.000,480.000,BG-2025-11,Generated PR item.,Converted to PO
5292,2292,42,22.000,No,2025-12-26,3200.00,High,Required for Electronic Components consumption plan.,0.000,240.000,BG-2025-12,Generated PR item.,Converted to PO
5293,2293,43,176.000,No,2026-01-04,85.00,Urgent,Required for Electronic Components consumption plan.,0.000,480.000,BG-2025-01,Generated PR item.,Converted to PO
5294,2294,44,182.000,No,2025-12-27,220.00,High,Required for Electronic Components consumption plan.,0.000,480.000,BG-2025-02,Generated PR item.,Converted to PO
5295,2295,45,189.000,No,2025-12-29,350.00,High,Required for Electronic Components consumption plan.,0.000,1280.000,BG-2025-03,Generated PR item.,Converted to PO
5296,2296,46,189.000,No,2025-12-21,750.00,High,Required for Electronic Components consumption plan.,0.000,240.000,BG-2025-04,Generated PR item.,Converted to PO
5297,2297,47,14.000,Set,2025-12-31,450.00,Urgent,Required for Electronic Components consumption plan.,0.000,1280.000,BG-2025-05,Generated PR item.,Converted to PO
5298,2298,48,55.000,Set,2026-01-02,950.00,High,Required for Electronic Components consumption plan.,0.000,240.000,BG-2025-06,Generated PR item.,Converted to PO
5299,2299,49,192.000,No,2025-12-31,25.00,High,Required for Electronic Components consumption plan.,0.000,800.000,BG-2025-07,Generated PR item.,Converted to PO
5300,2300,50,55.000,No,2025-12-27,40.00,High,Required for Electronic Components consumption plan.,0.000,480.000,BG-2025-08,Generated PR item.,Converted to PO
5301,2301,51,122.000,No,2025-12-22,110.00,Urgent,Required for Electronic Components consumption plan.,0.000,240.000,BG-2025-09,Generated PR item.,Converted to PO
5302,2302,52,229.000,No,2025-12-20,2.00,High,Required for Electronic Components consumption plan.,0.000,4000.000,BG-2025-10,Generated PR item.,Converted to PO
5303,2303,53,107.000,No,2025-12-31,3.00,High,Required for Electronic Components consumption plan.,0.000,2880.000,BG-2025-11,Generated PR item.,Converted to PO
5304,2304,54,190.000,No,2026-01-02,5.00,High,Required for Electronic Components consumption plan.,0.000,1920.000,BG-2025-12,Generated PR item.,Converted to PO
5305,2305,55,135.000,No,2026-01-03,8.00,Urgent,Required for Insulation Materials consumption plan.,0.000,19200.000,BG-2025-01,Generated PR item.,Converted to PO
5306,2306,56,166.000,No,2026-01-07,10.00,High,Required for Insulation Materials consumption plan.,0.000,17280.000,BG-2025-02,Generated PR item.,Converted to PO
5307,2307,57,159.000,No,2025-12-29,12.00,High,Required for Insulation Materials consumption plan.,0.000,11520.000,BG-2025-03,Generated PR item.,Converted to PO
5308,2308,58,165.000,No,2026-01-05,6.00,High,Required for Insulation Materials consumption plan.,0.000,48000.000,BG-2025-04,Generated PR item.,Converted to PO
5309,2309,59,196.000,No,2026-01-03,5.00,Urgent,Required for Insulation Materials consumption plan.,0.000,48000.000,BG-2025-05,Generated PR item.,Converted to PO
5310,2310,60,454.000,m,2025-12-26,18.00,High,Required for Insulation Materials consumption plan.,0.000,400.000,BG-2025-06,Generated PR item.,Converted to PO
5311,2311,61,162.000,m,2026-01-06,25.00,High,Required for Insulation Materials consumption plan.,0.000,384.000,BG-2025-07,Generated PR item.,Converted to PO
5312,2312,62,466.000,m,2025-12-23,45.00,High,Required for Insulation Materials consumption plan.,0.000,240.000,BG-2025-08,Generated PR item.,Converted to PO
5313,2313,63,322.000,No,2026-01-02,3.00,Urgent,Required for Fasteners consumption plan.,0.000,6400.000,BG-2025-09,Generated PR item.,Converted to PO
5314,2314,64,306.000,No,2026-01-08,5.00,High,Required for Fasteners consumption plan.,0.000,4800.000,BG-2025-10,Generated PR item.,Converted to PO
5315,2315,65,177.000,No,2026-01-03,12.00,High,Required for Fasteners consumption plan.,0.000,2880.000,BG-2025-11,Generated PR item.,Converted to PO
5316,2316,66,220.000,No,2026-01-08,1.50,High,Required for Fasteners consumption plan.,0.000,6400.000,BG-2025-12,Generated PR item.,Converted to PO
5317,2317,67,333.000,No,2025-12-24,2.50,Urgent,Required for Fasteners consumption plan.,0.000,4800.000,BG-2025-01,Generated PR item.,Converted to PO
5318,2318,68,194.000,No,2026-01-02,6.00,High,Required for Fasteners consumption plan.,0.000,2880.000,BG-2025-02,Generated PR item.,Converted to PO
5319,2319,69,158.000,No,2026-01-07,0.80,High,Required for Fasteners consumption plan.,0.000,6400.000,BG-2025-03,Generated PR item.,Converted to PO
5320,2320,70,413.000,No,2026-01-04,1.20,High,Required for Fasteners consumption plan.,0.000,4800.000,BG-2025-04,Generated PR item.,Converted to PO
5321,2321,71,219.000,No,2026-01-10,2.50,Urgent,Required for Fasteners consumption plan.,0.000,2880.000,BG-2025-05,Generated PR item.,Converted to PO
5322,2322,72,330.000,No,2026-01-03,0.80,High,Required for Fasteners consumption plan.,0.000,6400.000,BG-2025-06,Generated PR item.,Converted to PO
5323,2323,73,35.000,No,2026-01-07,1.20,High,Required for Fasteners consumption plan.,0.000,4800.000,BG-2025-07,Generated PR item.,Converted to PO
5324,2324,74,57.000,No,2026-01-03,2.50,High,Required for Fasteners consumption plan.,0.000,2880.000,BG-2025-08,Generated PR item.,Converted to PO
5325,2325,75,427.000,No,2026-01-11,4.00,Urgent,Required for Fasteners consumption plan.,0.000,1600.000,BG-2025-09,Generated PR item.,Converted to PO
5326,2326,76,88.000,No,2025-12-30,7.00,High,Required for Fasteners consumption plan.,0.000,960.000,BG-2025-10,Generated PR item.,Converted to PO
5327,2327,77,402.000,No,2026-01-01,15.00,High,Required for Fasteners consumption plan.,0.000,480.000,BG-2025-11,Generated PR item.,Converted to PO
5328,2328,78,452.000,No,2025-12-29,4.00,High,Required for Fasteners consumption plan.,0.000,3040.000,BG-2025-12,Generated PR item.,Converted to PO
5329,2329,79,251.000,No,2026-01-10,4.00,Urgent,Required for Fasteners consumption plan.,0.000,3040.000,BG-2025-01,Generated PR item.,Converted to PO
5330,2330,80,89028.000,ml,2026-01-02,0.80,High,Required for Consumables consumption plan.,0.000,144000.000,BG-2025-02,Generated PR item.,Converted to PO
5331,2331,81,13390.000,g,2026-01-03,1.20,High,Required for Consumables consumption plan.,0.000,42000.000,BG-2025-03,Generated PR item.,Converted to PO
5332,2332,82,95425.000,ml,2026-01-13,1.50,High,Required for Consumables consumption plan.,0.000,8000.000,BG-2025-04,Generated PR item.,Converted to PO
5333,2333,83,7876.000,g,2026-01-04,0.60,Urgent,Required for Consumables consumption plan.,0.000,24000.000,BG-2025-05,Generated PR item.,Converted to PO
5334,2334,84,45646.000,ml,2025-12-31,0.25,High,Required for Consumables consumption plan.,0.000,156000.000,BG-2025-06,Generated PR item.,Converted to PO
5335,2335,85,12278.000,g,2025-12-30,1.80,High,Required for Consumables consumption plan.,0.000,9000.000,BG-2025-07,Generated PR item.,Converted to PO
5336,2336,86,23738.000,g,2026-01-03,1.20,High,Required for Consumables consumption plan.,0.000,4000.000,BG-2025-08,Generated PR item.,Converted to PO
5337,2337,87,2267.000,g,2026-01-15,0.80,Urgent,Required for Consumables consumption plan.,0.000,12000.000,BG-2025-09,Generated PR item.,Converted to PO
5338,2338,88,208.000,No,2026-01-08,45.00,High,Required for Packaging Materials consumption plan.,0.000,1520.000,BG-2025-10,Generated PR item.,Converted to PO
5339,2339,89,10.000,No,2026-01-16,18.00,High,Required for Packaging Materials consumption plan.,0.000,3040.000,BG-2025-11,Generated PR item.,Converted to PO
5340,2340,90,82.000,Sheet,2026-01-03,10.00,High,Required for Packaging Materials consumption plan.,0.000,1760.000,BG-2025-12,Generated PR item.,Converted to PO
5341,2341,91,151.000,No,2026-01-06,6.00,Urgent,Required for Packaging Materials consumption plan.,0.000,1520.000,BG-2025-01,Generated PR item.,Converted to PO
5342,2342,92,89.000,m,2026-01-02,1.20,High,Required for Packaging Materials consumption plan.,0.000,1600.000,BG-2025-02,Generated PR item.,Converted to PO
5343,2343,93,125.000,No,2026-01-07,3.00,High,Required for Packaging Materials consumption plan.,0.000,1760.000,BG-2025-03,Generated PR item.,Converted to PO
5344,2344,94,250.000,No,2026-01-10,35.00,High,Required for Identification & Documentation consumption plan.,0.000,1520.000,BG-2025-04,Generated PR item.,Converted to PO
5345,2345,95,207.000,No,2026-01-15,3.00,Urgent,Required for Identification & Documentation consumption plan.,0.000,1520.000,BG-2025-05,Generated PR item.,Converted to PO
5346,2346,96,12.000,No,2026-01-08,4.00,High,Required for Identification & Documentation consumption plan.,0.000,1520.000,BG-2025-06,Generated PR item.,Converted to PO
5347,2347,97,150.000,No,2026-01-15,2.00,High,Required for Identification & Documentation consumption plan.,0.000,1520.000,BG-2025-07,Generated PR item.,Converted to PO
5348,2348,98,151.000,No,2026-01-13,8.00,High,Required for Identification & Documentation consumption plan.,0.000,1520.000,BG-2025-08,Generated PR item.,Converted to PO
5349,2349,99,21.000,No,2026-01-07,4.00,Urgent,Required for Identification & Documentation consumption plan.,0.000,1520.000,BG-2025-09,Generated PR item.,Converted to PO
5350,2350,1,343.000,No,2026-01-19,1800.00,High,Required for Core Components consumption plan.,0.000,800.000,BG-2025-10,Generated PR item.,Converted to PO
5351,2351,2,284.000,No,2026-01-10,2800.00,High,Required for Core Components consumption plan.,0.000,480.000,BG-2025-11,Generated PR item.,Converted to PO
5352,2352,3,357.000,No,2026-01-05,6200.00,High,Required for Core Components consumption plan.,0.000,240.000,BG-2025-12,Generated PR item.,Converted to PO
5353,2353,4,184.000,No,2026-01-20,1200.00,Urgent,Required for Core Components consumption plan.,0.000,800.000,BG-2025-01,Generated PR item.,Converted to PO
5354,2354,5,165.000,No,2026-01-19,2200.00,High,Required for Core Components consumption plan.,0.000,480.000,BG-2025-02,Generated PR item.,Converted to PO
5355,2355,6,381.000,No,2026-01-03,5000.00,High,Required for Core Components consumption plan.,0.000,240.000,BG-2025-03,Generated PR item.,Converted to PO
5356,2356,7,182.000,No,2026-01-20,180.00,High,Required for Magnetic Components consumption plan.,0.000,6400.000,BG-2026-04,Generated PR item.,Converted to PO
5357,2357,8,44.000,No,2026-01-21,240.00,Urgent,Required for Magnetic Components consumption plan.,0.000,4800.000,BG-2026-05,Generated PR item.,Converted to PO
5358,2358,9,58.000,No,2026-01-18,360.00,High,Required for Magnetic Components consumption plan.,0.000,2880.000,BG-2026-06,Generated PR item.,Converted to PO
5359,2359,10,149.000,No,2026-01-08,450.00,High,Required for Mechanical Components consumption plan.,0.000,800.000,BG-2026-07,Generated PR item.,Converted to PO
5360,2360,11,208.000,No,2026-01-15,750.00,High,Required for Mechanical Components consumption plan.,0.000,480.000,BG-2026-08,Generated PR item.,Converted to PO
5361,2361,12,54.000,No,2026-01-13,1800.00,Urgent,Required for Mechanical Components consumption plan.,0.000,240.000,BG-2026-09,Generated PR item.,Converted to PO
5362,2362,13,58.000,No,2026-01-16,160.00,High,Required for Mechanical Components consumption plan.,0.000,800.000,BG-2026-10,Generated PR item.,Converted to PO
5363,2363,14,203.000,No,2026-01-16,220.00,High,Required for Mechanical Components consumption plan.,0.000,480.000,BG-2026-11,Generated PR item.,Converted to PO
5364,2364,15,176.000,No,2026-01-16,420.00,High,Required for Mechanical Components consumption plan.,0.000,240.000,BG-2026-12,Generated PR item.,Converted to PO
5365,2365,16,226.000,No,2026-01-14,1300.00,Urgent,Required for Mechanical Components consumption plan.,0.000,800.000,BG-2026-01,Generated PR item.,Converted to PO
5366,2366,17,197.000,No,2026-01-17,2400.00,High,Required for Mechanical Components consumption plan.,0.000,480.000,BG-2026-02,Generated PR item.,Converted to PO
5367,2367,18,239.000,No,2026-01-15,5200.00,High,Required for Mechanical Components consumption plan.,0.000,240.000,BG-2026-03,Generated PR item.,Converted to PO
5368,2368,19,51.000,No,2026-01-06,450.00,High,Required for Mechanical Components consumption plan.,0.000,1520.000,BG-2026-04,Generated PR item.,Converted to PO
5369,2369,20,71.000,No,2026-01-06,450.00,Urgent,Required for Mechanical Components consumption plan.,0.000,1520.000,BG-2026-05,Generated PR item.,Converted to PO
5370,2370,21,63.000,No,2026-01-24,60.00,High,Required for Mechanical Components consumption plan.,0.000,1280.000,BG-2026-06,Generated PR item.,Converted to PO
5371,2371,22,18.000,No,2026-01-23,120.00,High,Required for Mechanical Components consumption plan.,0.000,240.000,BG-2026-07,Generated PR item.,Converted to PO
5372,2372,23,79.000,No,2026-01-17,120.00,High,Required for Bearings consumption plan.,0.000,1600.000,BG-2026-08,Generated PR item.,Converted to PO
5373,2373,24,68.000,No,2026-01-11,220.00,Urgent,Required for Bearings consumption plan.,0.000,960.000,BG-2026-09,Generated PR item.,Converted to PO
5374,2374,25,13.000,No,2026-01-22,650.00,High,Required for Bearings consumption plan.,0.000,480.000,BG-2026-10,Generated PR item.,Converted to PO
5375,2375,26,53.000,No,2026-01-10,15.00,High,Required for Sealing Components consumption plan.,0.000,1520.000,BG-2026-11,Generated PR item.,Converted to PO
5376,2376,27,51.000,No,2026-01-14,45.00,High,Required for Sealing Components consumption plan.,0.000,1280.000,BG-2026-12,Generated PR item.,Converted to PO
5377,2377,28,104.000,No,2026-01-14,110.00,Urgent,Required for Sealing Components consumption plan.,0.000,480.000,BG-2026-01,Generated PR item.,Converted to PO
5378,2378,29,97.000,kg,2026-01-09,850.00,High,Required for Electrical Components consumption plan.,0.000,1440.000,BG-2026-02,Generated PR item.,Converted to PO
5379,2379,30,65.000,kg,2026-01-24,880.00,High,Required for Electrical Components consumption plan.,0.000,1536.000,BG-2026-03,Generated PR item.,Converted to PO
5380,2380,31,187.000,kg,2026-01-19,920.00,High,Required for Electrical Components consumption plan.,0.000,1560.000,BG-2026-04,Generated PR item.,Converted to PO
5381,2381,32,122.000,m,2026-01-15,35.00,Urgent,Required for Electrical Components consumption plan.,0.000,2400.000,BG-2026-05,Generated PR item.,Converted to PO
5382,2382,33,290.000,m,2026-01-19,60.00,High,Required for Electrical Components consumption plan.,0.000,1920.000,BG-2026-06,Generated PR item.,Converted to PO
5383,2383,34,230.000,m,2026-01-10,150.00,High,Required for Electrical Components consumption plan.,0.000,1200.000,BG-2026-07,Generated PR item.,Converted to PO
5384,2384,35,100.000,No,2026-01-18,90.00,High,Required for Electrical Components consumption plan.,0.000,800.000,BG-2026-08,Generated PR item.,Converted to PO
5385,2385,36,208.000,No,2026-01-20,180.00,Urgent,Required for Electrical Components consumption plan.,0.000,480.000,BG-2026-09,Generated PR item.,Converted to PO
5386,2386,37,245.000,No,2026-01-17,420.00,High,Required for Electrical Components consumption plan.,0.000,240.000,BG-2026-10,Generated PR item.,Converted to PO
5387,2387,38,6.000,No,2026-01-25,12.00,High,Required for Electrical Components consumption plan.,0.000,4560.000,BG-2026-11,Generated PR item.,Converted to PO
5388,2388,39,119.000,No,2026-01-16,45.00,High,Required for Electronic Components consumption plan.,0.000,2400.000,BG-2026-12,Generated PR item.,Converted to PO
5389,2389,40,34.000,No,2026-01-15,120.00,Urgent,Required for Electronic Components consumption plan.,0.000,800.000,BG-2026-01,Generated PR item.,Converted to PO
5390,2390,41,111.000,No,2026-01-22,1400.00,High,Required for Electronic Components consumption plan.,0.000,480.000,BG-2026-02,Generated PR item.,Converted to PO
5391,2391,42,156.000,No,2026-01-28,3200.00,High,Required for Electronic Components consumption plan.,0.000,240.000,BG-2026-03,Generated PR item.,Converted to PO
5392,2392,43,106.000,No,2026-01-20,85.00,High,Required for Electronic Components consumption plan.,0.000,480.000,BG-2026-04,Generated PR item.,Converted to PO
5393,2393,44,81.000,No,2026-01-14,220.00,Urgent,Required for Electronic Components consumption plan.,0.000,480.000,BG-2026-05,Generated PR item.,Converted to PO
5394,2394,45,81.000,No,2026-02-01,350.00,High,Required for Electronic Components consumption plan.,0.000,1280.000,BG-2026-06,Generated PR item.,Converted to PO
5395,2395,46,78.000,No,2026-01-22,750.00,High,Required for Electronic Components consumption plan.,0.000,240.000,BG-2026-07,Generated PR item.,Converted to PO
5396,2396,47,29.000,Set,2026-01-18,450.00,High,Required for Electronic Components consumption plan.,0.000,1280.000,BG-2026-08,Generated PR item.,Converted to PO
5397,2397,48,33.000,Set,2026-01-26,950.00,Urgent,Required for Electronic Components consumption plan.,0.000,240.000,BG-2026-09,Generated PR item.,Converted to PO
5398,2398,49,174.000,No,2026-01-21,25.00,High,Required for Electronic Components consumption plan.,0.000,800.000,BG-2026-10,Generated PR item.,Converted to PO
5399,2399,50,28.000,No,2026-02-01,40.00,High,Required for Electronic Components consumption plan.,0.000,480.000,BG-2026-11,Generated PR item.,Converted to PO
5400,2400,51,15.000,No,2026-01-21,110.00,High,Required for Electronic Components consumption plan.,0.000,240.000,BG-2026-12,Generated PR item.,Converted to PO
5401,2401,52,132.000,No,2026-01-25,2.00,Urgent,Required for Electronic Components consumption plan.,0.000,4000.000,BG-2026-01,Generated PR item.,Converted to PO
5402,2402,53,172.000,No,2026-01-26,3.00,High,Required for Electronic Components consumption plan.,0.000,2880.000,BG-2026-02,Generated PR item.,Converted to PO
5403,2403,54,68.000,No,2026-01-21,5.00,High,Required for Electronic Components consumption plan.,0.000,1920.000,BG-2026-03,Generated PR item.,Converted to PO
5404,2404,55,54.000,No,2026-01-25,8.00,High,Required for Insulation Materials consumption plan.,0.000,19200.000,BG-2026-04,Generated PR item.,Converted to PO
5405,2405,56,158.000,No,2026-01-18,10.00,Urgent,Required for Insulation Materials consumption plan.,0.000,17280.000,BG-2026-05,Generated PR item.,Converted to PO
5406,2406,57,99.000,No,2026-01-28,12.00,High,Required for Insulation Materials consumption plan.,0.000,11520.000,BG-2026-06,Generated PR item.,Converted to PO
5407,2407,58,186.000,No,2026-01-30,6.00,High,Required for Insulation Materials consumption plan.,0.000,48000.000,BG-2026-07,Generated PR item.,Converted to PO
5408,2408,59,41.000,No,2026-02-03,5.00,High,Required for Insulation Materials consumption plan.,0.000,48000.000,BG-2026-08,Generated PR item.,Converted to PO
5409,2409,60,78.000,m,2026-01-23,18.00,Urgent,Required for Insulation Materials consumption plan.,0.000,400.000,BG-2026-09,Generated PR item.,Converted to PO
5410,2410,61,285.000,m,2026-01-23,25.00,High,Required for Insulation Materials consumption plan.,0.000,384.000,BG-2026-10,Generated PR item.,Converted to PO
5411,2411,62,208.000,m,2026-01-27,45.00,High,Required for Insulation Materials consumption plan.,0.000,240.000,BG-2026-11,Generated PR item.,Converted to PO
5412,2412,63,370.000,No,2026-01-30,3.00,High,Required for Fasteners consumption plan.,0.000,6400.000,BG-2026-12,Generated PR item.,Converted to PO
5413,2413,64,263.000,No,2026-02-04,5.00,Urgent,Required for Fasteners consumption plan.,0.000,4800.000,BG-2026-01,Generated PR item.,Converted to PO
5414,2414,65,190.000,No,2026-01-19,12.00,High,Required for Fasteners consumption plan.,0.000,2880.000,BG-2026-02,Generated PR item.,Converted to PO
5415,2415,66,96.000,No,2026-01-23,1.50,High,Required for Fasteners consumption plan.,0.000,6400.000,BG-2026-03,Generated PR item.,Converted to PO
5416,2416,67,98.000,No,2026-01-23,2.50,High,Required for Fasteners consumption plan.,0.000,4800.000,BG-2026-04,Generated PR item.,Converted to PO
5417,2417,68,383.000,No,2026-01-24,6.00,Urgent,Required for Fasteners consumption plan.,0.000,2880.000,BG-2026-05,Generated PR item.,Converted to PO
5418,2418,69,128.000,No,2026-01-28,0.80,High,Required for Fasteners consumption plan.,0.000,6400.000,BG-2026-06,Generated PR item.,Converted to PO
5419,2419,70,261.000,No,2026-02-04,1.20,High,Required for Fasteners consumption plan.,0.000,4800.000,BG-2026-07,Generated PR item.,Converted to PO
5420,2420,71,413.000,No,2026-01-20,2.50,High,Required for Fasteners consumption plan.,0.000,2880.000,BG-2026-08,Generated PR item.,Converted to PO
5421,2421,72,451.000,No,2026-02-04,0.80,Urgent,Required for Fasteners consumption plan.,0.000,6400.000,BG-2026-09,Generated PR item.,Converted to PO
5422,2422,73,148.000,No,2026-02-02,1.20,High,Required for Fasteners consumption plan.,0.000,4800.000,BG-2026-10,Generated PR item.,Converted to PO
5423,2423,74,72.000,No,2026-02-02,2.50,High,Required for Fasteners consumption plan.,0.000,2880.000,BG-2026-11,Generated PR item.,Converted to PO
5424,2424,75,392.000,No,2026-02-03,4.00,High,Required for Fasteners consumption plan.,0.000,1600.000,BG-2026-12,Generated PR item.,Converted to PO
5425,2425,76,350.000,No,2026-01-24,7.00,Urgent,Required for Fasteners consumption plan.,0.000,960.000,BG-2026-01,Generated PR item.,Converted to PO
5426,2426,77,179.000,No,2026-02-04,15.00,High,Required for Fasteners consumption plan.,0.000,480.000,BG-2026-02,Generated PR item.,Converted to PO
5427,2427,78,305.000,No,2026-01-26,4.00,High,Required for Fasteners consumption plan.,0.000,3040.000,BG-2026-03,Generated PR item.,Converted to PO
5428,2428,79,110.000,No,2026-01-31,4.00,High,Required for Fasteners consumption plan.,0.000,3040.000,BG-2026-04,Generated PR item.,Converted to PO
5429,2429,80,71565.000,ml,2026-02-03,0.80,Urgent,Required for Consumables consumption plan.,0.000,144000.000,BG-2026-05,Generated PR item.,Converted to PO
5430,2430,81,22092.000,g,2026-02-01,1.20,High,Required for Consumables consumption plan.,0.000,42000.000,BG-2026-06,Generated PR item.,Converted to PO
5431,2431,82,33440.000,ml,2026-01-27,1.50,High,Required for Consumables consumption plan.,0.000,8000.000,BG-2026-07,Generated PR item.,Converted to PO
5432,2432,83,14588.000,g,2026-01-30,0.60,High,Required for Consumables consumption plan.,0.000,24000.000,BG-2026-08,Generated PR item.,Converted to PO
5433,2433,84,36736.000,ml,2026-01-31,0.25,Urgent,Required for Consumables consumption plan.,0.000,156000.000,BG-2026-09,Generated PR item.,Converted to PO
5434,2434,85,1907.000,g,2026-01-23,1.80,High,Required for Consumables consumption plan.,0.000,9000.000,BG-2026-10,Generated PR item.,Converted to PO
5435,2435,86,4692.000,g,2026-02-05,1.20,High,Required for Consumables consumption plan.,0.000,4000.000,BG-2026-11,Generated PR item.,Converted to PO
5436,2436,87,28839.000,g,2026-01-25,0.80,High,Required for Consumables consumption plan.,0.000,12000.000,BG-2026-12,Generated PR item.,Converted to PO
5437,2437,88,117.000,No,2026-02-01,45.00,Urgent,Required for Packaging Materials consumption plan.,0.000,1520.000,BG-2026-01,Generated PR item.,Converted to PO
5438,2438,89,41.000,No,2026-02-05,18.00,High,Required for Packaging Materials consumption plan.,0.000,3040.000,BG-2026-02,Generated PR item.,Converted to PO
5439,2439,90,15.000,Sheet,2026-01-26,10.00,High,Required for Packaging Materials consumption plan.,0.000,1760.000,BG-2026-03,Generated PR item.,Converted to PO
5440,2440,91,91.000,No,2026-02-11,6.00,High,Required for Packaging Materials consumption plan.,0.000,1520.000,BG-2026-04,Generated PR item.,Converted to PO
5441,2441,92,492.000,m,2026-01-31,1.20,Urgent,Required for Packaging Materials consumption plan.,0.000,1600.000,BG-2026-05,Generated PR item.,Converted to PO
5442,2442,93,99.000,No,2026-01-25,3.00,High,Required for Packaging Materials consumption plan.,0.000,1760.000,BG-2026-06,Generated PR item.,Converted to PO
5443,2443,94,250.000,No,2026-02-05,35.00,High,Required for Identification & Documentation consumption plan.,0.000,1520.000,BG-2026-07,Generated PR item.,Converted to PO
5444,2444,95,125.000,No,2026-02-04,3.00,High,Required for Identification & Documentation consumption plan.,0.000,1520.000,BG-2026-08,Generated PR item.,Converted to PO
5445,2445,96,192.000,No,2026-02-06,4.00,Urgent,Required for Identification & Documentation consumption plan.,0.000,1520.000,BG-2026-09,Generated PR item.,Converted to PO
5446,2446,97,198.000,No,2026-02-09,2.00,High,Required for Identification & Documentation consumption plan.,0.000,1520.000,BG-2026-10,Generated PR item.,Converted to PO
5447,2447,98,11.000,No,2026-02-04,8.00,High,Required for Identification & Documentation consumption plan.,0.000,1520.000,BG-2026-11,Generated PR item.,Converted to PO
5448,2448,99,6.000,No,2026-02-11,4.00,High,Required for Identification & Documentation consumption plan.,0.000,1520.000,BG-2026-12,Generated PR item.,Converted to PO
5449,2449,1,466.000,No,2026-02-03,1800.00,Urgent,Required for Core Components consumption plan.,0.000,800.000,BG-2026-01,Generated PR item.,Converted to PO
5450,2450,2,470.000,No,2026-02-06,2800.00,High,Required for Core Components consumption plan.,0.000,480.000,BG-2026-02,Generated PR item.,Converted to PO
5451,2451,3,109.000,No,2026-01-30,6200.00,High,Required for Core Components consumption plan.,0.000,240.000,BG-2026-03,Generated PR item.,Converted to PO
5452,2452,4,341.000,No,2026-02-08,1200.00,High,Required for Core Components consumption plan.,0.000,800.000,BG-2026-04,Generated PR item.,Converted to PO
5453,2453,5,466.000,No,2026-02-02,2200.00,Urgent,Required for Core Components consumption plan.,0.000,480.000,BG-2026-05,Generated PR item.,Converted to PO
5454,2454,6,478.000,No,2026-02-10,5000.00,High,Required for Core Components consumption plan.,0.000,240.000,BG-2026-06,Generated PR item.,Converted to PO
5455,2455,7,77.000,No,2026-02-13,180.00,High,Required for Magnetic Components consumption plan.,0.000,6400.000,BG-2026-07,Generated PR item.,Converted to PO
5456,2456,8,206.000,No,2026-02-16,240.00,High,Required for Magnetic Components consumption plan.,0.000,4800.000,BG-2026-08,Generated PR item.,Converted to PO
5457,2457,9,163.000,No,2026-02-17,360.00,Urgent,Required for Magnetic Components consumption plan.,0.000,2880.000,BG-2026-09,Generated PR item.,Converted to PO
5458,2458,10,233.000,No,2026-02-03,450.00,High,Required for Mechanical Components consumption plan.,0.000,800.000,BG-2026-10,Generated PR item.,Converted to PO
5459,2459,11,41.000,No,2026-02-04,750.00,High,Required for Mechanical Components consumption plan.,0.000,480.000,BG-2026-11,Generated PR item.,Converted to PO
5460,2460,12,152.000,No,2026-02-18,1800.00,High,Required for Mechanical Components consumption plan.,0.000,240.000,BG-2026-12,Generated PR item.,Converted to PO
5461,2461,13,11.000,No,2026-02-09,160.00,Urgent,Required for Mechanical Components consumption plan.,0.000,800.000,BG-2026-01,Generated PR item.,Converted to PO
5462,2462,14,92.000,No,2026-02-04,220.00,High,Required for Mechanical Components consumption plan.,0.000,480.000,BG-2026-02,Generated PR item.,Converted to PO
5463,2463,15,7.000,No,2026-02-09,420.00,High,Required for Mechanical Components consumption plan.,0.000,240.000,BG-2026-03,Generated PR item.,Converted to PO
5464,2464,16,113.000,No,2026-02-19,1300.00,High,Required for Mechanical Components consumption plan.,0.000,800.000,BG-2026-04,Generated PR item.,Converted to PO
5465,2465,17,204.000,No,2026-02-10,2400.00,Urgent,Required for Mechanical Components consumption plan.,0.000,480.000,BG-2026-05,Generated PR item.,Converted to PO
5466,2466,18,166.000,No,2026-02-05,5200.00,High,Required for Mechanical Components consumption plan.,0.000,240.000,BG-2026-06,Generated PR item.,Converted to PO
5467,2467,19,82.000,No,2026-02-17,450.00,High,Required for Mechanical Components consumption plan.,0.000,1520.000,BG-2026-07,Generated PR item.,Converted to PO
5468,2468,20,110.000,No,2026-02-09,450.00,High,Required for Mechanical Components consumption plan.,0.000,1520.000,BG-2026-08,Generated PR item.,Converted to PO
5469,2469,21,95.000,No,2026-02-12,60.00,Urgent,Required for Mechanical Components consumption plan.,0.000,1280.000,BG-2026-09,Generated PR item.,Converted to PO
5470,2470,22,184.000,No,2026-02-06,120.00,High,Required for Mechanical Components consumption plan.,0.000,240.000,BG-2026-10,Generated PR item.,Converted to PO
5471,2471,23,30.000,No,2026-02-17,120.00,High,Required for Bearings consumption plan.,0.000,1600.000,BG-2026-11,Generated PR item.,Converted to PO
5472,2472,24,13.000,No,2026-02-16,220.00,High,Required for Bearings consumption plan.,0.000,960.000,BG-2026-12,Generated PR item.,Converted to PO
5473,2473,25,53.000,No,2026-02-23,650.00,Urgent,Required for Bearings consumption plan.,0.000,480.000,BG-2026-01,Generated PR item.,Converted to PO
5474,2474,26,209.000,No,2026-02-14,15.00,High,Required for Sealing Components consumption plan.,0.000,1520.000,BG-2026-02,Generated PR item.,Converted to PO
5475,2475,27,122.000,No,2026-02-11,45.00,High,Required for Sealing Components consumption plan.,0.000,1280.000,BG-2026-03,Generated PR item.,Converted to PO
5476,2476,28,55.000,No,2026-02-11,110.00,High,Required for Sealing Components consumption plan.,0.000,480.000,BG-2026-04,Generated PR item.,Converted to PO
5477,2477,29,18.000,kg,2026-02-12,850.00,Urgent,Required for Electrical Components consumption plan.,0.000,1440.000,BG-2026-05,Generated PR item.,Converted to PO
5478,2478,30,190.000,kg,2026-02-17,880.00,High,Required for Electrical Components consumption plan.,0.000,1536.000,BG-2026-06,Generated PR item.,Converted to PO
5479,2479,31,155.000,kg,2026-02-10,920.00,High,Required for Electrical Components consumption plan.,0.000,1560.000,BG-2026-07,Generated PR item.,Converted to PO
5480,2480,32,94.000,m,2026-02-16,35.00,High,Required for Electrical Components consumption plan.,0.000,2400.000,BG-2026-08,Generated PR item.,Converted to PO
5481,2481,33,55.000,m,2026-02-24,60.00,Urgent,Required for Electrical Components consumption plan.,0.000,1920.000,BG-2026-09,Generated PR item.,Converted to PO
5482,2482,34,82.000,m,2026-02-23,150.00,High,Required for Electrical Components consumption plan.,0.000,1200.000,BG-2026-10,Generated PR item.,Converted to PO
5483,2483,35,97.000,No,2026-02-22,90.00,High,Required for Electrical Components consumption plan.,0.000,800.000,BG-2026-11,Generated PR item.,Converted to PO
5484,2484,36,204.000,No,2026-02-27,180.00,High,Required for Electrical Components consumption plan.,0.000,480.000,BG-2026-12,Generated PR item.,Converted to PO
5485,2485,37,44.000,No,2026-02-25,420.00,Urgent,Required for Electrical Components consumption plan.,0.000,240.000,BG-2026-01,Generated PR item.,Converted to PO
5486,2486,38,206.000,No,2026-02-22,12.00,High,Required for Electrical Components consumption plan.,0.000,4560.000,BG-2026-02,Generated PR item.,Converted to PO
5487,2487,39,5.000,No,2026-02-27,45.00,High,Required for Electronic Components consumption plan.,0.000,2400.000,BG-2026-03,Generated PR item.,Converted to PO
5488,2488,40,186.000,No,2026-02-14,120.00,High,Required for Electronic Components consumption plan.,0.000,800.000,BG-2026-04,Generated PR item.,Converted to PO
5489,2489,41,74.000,No,2026-02-26,1400.00,Urgent,Required for Electronic Components consumption plan.,0.000,480.000,BG-2026-05,Generated PR item.,Converted to PO
5490,2490,42,241.000,No,2026-02-17,3200.00,High,Required for Electronic Components consumption plan.,0.000,240.000,BG-2026-06,Generated PR item.,Converted to PO
5491,2491,43,122.000,No,2026-02-25,85.00,High,Required for Electronic Components consumption plan.,0.000,480.000,BG-2026-07,Generated PR item.,Converted to PO
5492,2492,44,71.000,No,2026-02-28,220.00,High,Required for Electronic Components consumption plan.,0.000,480.000,BG-2026-08,Generated PR item.,Converted to PO
5493,2493,45,64.000,No,2026-02-21,350.00,Urgent,Required for Electronic Components consumption plan.,0.000,1280.000,BG-2026-09,Generated PR item.,Converted to PO
5494,2494,46,208.000,No,2026-02-14,750.00,High,Required for Electronic Components consumption plan.,0.000,240.000,BG-2026-10,Generated PR item.,Converted to PO
5495,2495,47,35.000,Set,2026-02-19,450.00,High,Required for Electronic Components consumption plan.,0.000,1280.000,BG-2026-11,Generated PR item.,Converted to PO
5496,2496,48,31.000,Set,2026-02-21,950.00,High,Required for Electronic Components consumption plan.,0.000,240.000,BG-2026-12,Generated PR item.,Converted to PO
5497,2497,49,185.000,No,2026-03-02,25.00,Urgent,Required for Electronic Components consumption plan.,0.000,800.000,BG-2026-01,Generated PR item.,Converted to PO
5498,2498,50,137.000,No,2026-03-02,40.00,High,Required for Electronic Components consumption plan.,0.000,480.000,BG-2026-02,Generated PR item.,Converted to PO
5499,2499,51,168.000,No,2026-02-25,110.00,High,Required for Electronic Components consumption plan.,0.000,240.000,BG-2026-03,Generated PR item.,Converted to PO
5500,2500,52,114.000,No,2026-03-04,2.00,High,Required for Electronic Components consumption plan.,0.000,4000.000,BG-2026-04,Generated PR item.,Converted to PO
5501,2501,53,20.000,No,2026-02-22,3.00,Urgent,Required for Electronic Components consumption plan.,0.000,2880.000,BG-2026-05,Generated PR item.,Converted to PO
5502,2502,54,6.000,No,2026-02-23,5.00,High,Required for Electronic Components consumption plan.,0.000,1920.000,BG-2026-06,Generated PR item.,Converted to PO
5503,2503,55,14.000,No,2026-03-03,8.00,High,Required for Insulation Materials consumption plan.,0.000,19200.000,BG-2026-07,Generated PR item.,Converted to PO
5504,2504,56,146.000,No,2026-03-01,10.00,High,Required for Insulation Materials consumption plan.,0.000,17280.000,BG-2026-08,Generated PR item.,Converted to PO
5505,2505,57,131.000,No,2026-02-26,12.00,Urgent,Required for Insulation Materials consumption plan.,0.000,11520.000,BG-2026-09,Generated PR item.,Converted to PO
5506,2506,58,188.000,No,2026-02-25,6.00,High,Required for Insulation Materials consumption plan.,0.000,48000.000,BG-2026-10,Generated PR item.,Converted to PO
5507,2507,59,225.000,No,2026-03-01,5.00,High,Required for Insulation Materials consumption plan.,0.000,48000.000,BG-2026-11,Generated PR item.,Converted to PO
5508,2508,60,103.000,m,2026-03-02,18.00,High,Required for Insulation Materials consumption plan.,0.000,400.000,BG-2026-12,Generated PR item.,Converted to PO
5509,2509,61,480.000,m,2026-02-26,25.00,Urgent,Required for Insulation Materials consumption plan.,0.000,384.000,BG-2026-01,Generated PR item.,Converted to PO
5510,2510,62,468.000,m,2026-02-18,45.00,High,Required for Insulation Materials consumption plan.,0.000,240.000,BG-2026-02,Generated PR item.,Converted to PO
5511,2511,63,316.000,No,2026-02-19,3.00,High,Required for Fasteners consumption plan.,0.000,6400.000,BG-2026-03,Generated PR item.,Converted to PO
5512,2512,64,275.000,No,2026-02-21,5.00,High,Required for Fasteners consumption plan.,0.000,4800.000,BG-2026-04,Generated PR item.,Converted to PO
5513,2513,65,104.000,No,2026-02-27,12.00,Urgent,Required for Fasteners consumption plan.,0.000,2880.000,BG-2026-05,Generated PR item.,Converted to PO
5514,2514,66,105.000,No,2026-03-02,1.50,High,Required for Fasteners consumption plan.,0.000,6400.000,BG-2026-06,Generated PR item.,Converted to PO
5515,2515,67,28.000,No,2026-03-06,2.50,High,Required for Fasteners consumption plan.,0.000,4800.000,BG-2026-07,Generated PR item.,Converted to PO
5516,2516,68,330.000,No,2026-02-24,6.00,High,Required for Fasteners consumption plan.,0.000,2880.000,BG-2026-08,Generated PR item.,Converted to PO
5517,2517,69,228.000,No,2026-03-06,0.80,Urgent,Required for Fasteners consumption plan.,0.000,6400.000,BG-2026-09,Generated PR item.,Converted to PO
5518,2518,70,112.000,No,2026-03-04,1.20,High,Required for Fasteners consumption plan.,0.000,4800.000,BG-2026-10,Generated PR item.,Converted to PO
5519,2519,71,84.000,No,2026-02-21,2.50,High,Required for Fasteners consumption plan.,0.000,2880.000,BG-2026-11,Generated PR item.,Converted to PO
5520,2520,72,50.000,No,2026-02-27,0.80,High,Required for Fasteners consumption plan.,0.000,6400.000,BG-2026-12,Generated PR item.,Converted to PO
5521,2521,73,328.000,No,2026-02-26,1.20,Urgent,Required for Fasteners consumption plan.,0.000,4800.000,BG-2026-01,Generated PR item.,Converted to PO
5522,2522,74,349.000,No,2026-03-08,2.50,High,Required for Fasteners consumption plan.,0.000,2880.000,BG-2026-02,Generated PR item.,Converted to PO
5523,2523,75,323.000,No,2026-03-10,4.00,High,Required for Fasteners consumption plan.,0.000,1600.000,BG-2026-03,Generated PR item.,Converted to PO
5524,2524,76,73.000,No,2026-03-08,7.00,High,Required for Fasteners consumption plan.,0.000,960.000,BG-2026-04,Generated PR item.,Converted to PO
5525,2525,77,39.000,No,2026-03-03,15.00,Urgent,Required for Fasteners consumption plan.,0.000,480.000,BG-2026-05,Generated PR item.,Converted to PO
5526,2526,78,71.000,No,2026-03-02,4.00,High,Required for Fasteners consumption plan.,0.000,3040.000,BG-2026-06,Generated PR item.,Converted to PO
5527,2527,79,381.000,No,2026-02-28,4.00,High,Required for Fasteners consumption plan.,0.000,3040.000,BG-2026-07,Generated PR item.,Converted to PO
5528,2528,80,75295.000,ml,2026-03-08,0.80,High,Required for Consumables consumption plan.,0.000,144000.000,BG-2026-08,Generated PR item.,Converted to PO
5529,2529,81,9550.000,g,2026-02-24,1.20,Urgent,Required for Consumables consumption plan.,0.000,42000.000,BG-2026-09,Generated PR item.,Converted to PO
5530,2530,82,10244.000,ml,2026-02-27,1.50,High,Required for Consumables consumption plan.,0.000,8000.000,BG-2026-10,Generated PR item.,Converted to PO
5531,2531,83,10272.000,g,2026-02-25,0.60,High,Required for Consumables consumption plan.,0.000,24000.000,BG-2026-11,Generated PR item.,Converted to PO
5532,2532,84,81928.000,ml,2026-03-03,0.25,High,Required for Consumables consumption plan.,0.000,156000.000,BG-2026-12,Generated PR item.,Converted to PO
5533,2533,85,5159.000,g,2026-03-01,1.80,Urgent,Required for Consumables consumption plan.,0.000,9000.000,BG-2026-01,Generated PR item.,Converted to PO
5534,2534,86,24089.000,g,2026-02-27,1.20,High,Required for Consumables consumption plan.,0.000,4000.000,BG-2026-02,Generated PR item.,Converted to PO
5535,2535,87,14437.000,g,2026-03-02,0.80,High,Required for Consumables consumption plan.,0.000,12000.000,BG-2026-03,Generated PR item.,Converted to PO
5536,2536,88,39.000,No,2026-03-11,45.00,High,Required for Packaging Materials consumption plan.,0.000,1520.000,BG-2026-04,Generated PR item.,Converted to PO
5537,2537,89,234.000,No,2026-03-07,18.00,Urgent,Required for Packaging Materials consumption plan.,0.000,3040.000,BG-2026-05,Generated PR item.,Converted to PO
5538,2538,90,132.000,Sheet,2026-03-11,10.00,High,Required for Packaging Materials consumption plan.,0.000,1760.000,BG-2026-06,Generated PR item.,Converted to PO
5539,2539,91,170.000,No,2026-03-13,6.00,High,Required for Packaging Materials consumption plan.,0.000,1520.000,BG-2026-07,Generated PR item.,Converted to PO
5540,2540,92,66.000,m,2026-03-14,1.20,High,Required for Packaging Materials consumption plan.,0.000,1600.000,BG-2026-08,Generated PR item.,Converted to PO
5541,2541,93,96.000,No,2026-03-04,3.00,Urgent,Required for Packaging Materials consumption plan.,0.000,1760.000,BG-2026-09,Generated PR item.,Converted to PO
5542,2542,94,160.000,No,2026-03-13,35.00,High,Required for Identification & Documentation consumption plan.,0.000,1520.000,BG-2026-10,Generated PR item.,Converted to PO
5543,2543,95,163.000,No,2026-03-15,3.00,High,Required for Identification & Documentation consumption plan.,0.000,1520.000,BG-2026-11,Generated PR item.,Converted to PO
5544,2544,96,20.000,No,2026-03-16,4.00,High,Required for Identification & Documentation consumption plan.,0.000,1520.000,BG-2026-12,Generated PR item.,Converted to PO
5545,2545,97,153.000,No,2026-03-05,2.00,Urgent,Required for Identification & Documentation consumption plan.,0.000,1520.000,BG-2026-01,Generated PR item.,Converted to PO
5546,2546,98,237.000,No,2026-03-03,8.00,High,Required for Identification & Documentation consumption plan.,0.000,1520.000,BG-2026-02,Generated PR item.,Converted to PO
5547,2547,99,198.000,No,2026-03-10,4.00,High,Required for Identification & Documentation consumption plan.,0.000,1520.000,BG-2026-03,Generated PR item.,Converted to PO
5548,2548,1,143.000,No,2026-03-16,1800.00,High,Required for Core Components consumption plan.,0.000,800.000,BG-2026-04,Generated PR item.,Converted to PO
5549,2549,2,461.000,No,2026-03-16,2800.00,Urgent,Required for Core Components consumption plan.,0.000,480.000,BG-2026-05,Generated PR item.,Converted to PO
5550,2550,3,357.000,No,2026-03-10,6200.00,High,Required for Core Components consumption plan.,0.000,240.000,BG-2026-06,Generated PR item.,Converted to PO
5551,2551,4,75.000,No,2026-03-02,1200.00,High,Required for Core Components consumption plan.,0.000,800.000,BG-2026-07,Generated PR item.,Converted to PO
5552,2552,5,107.000,No,2026-03-07,2200.00,High,Required for Core Components consumption plan.,0.000,480.000,BG-2026-08,Generated PR item.,Converted to PO
5553,2553,6,465.000,No,2026-03-13,5000.00,Urgent,Required for Core Components consumption plan.,0.000,240.000,BG-2026-09,Generated PR item.,Converted to PO
5554,2554,7,56.000,No,2026-03-11,180.00,High,Required for Magnetic Components consumption plan.,0.000,6400.000,BG-2026-10,Generated PR item.,Converted to PO
5555,2555,8,28.000,No,2026-03-07,240.00,High,Required for Magnetic Components consumption plan.,0.000,4800.000,BG-2026-11,Generated PR item.,Converted to PO
5556,2556,9,115.000,No,2026-03-07,360.00,High,Required for Magnetic Components consumption plan.,0.000,2880.000,BG-2026-12,Generated PR item.,Converted to PO
5557,2557,10,134.000,No,2026-03-02,450.00,Urgent,Required for Mechanical Components consumption plan.,0.000,800.000,BG-2026-01,Generated PR item.,Converted to PO
5558,2558,11,145.000,No,2026-03-07,750.00,High,Required for Mechanical Components consumption plan.,0.000,480.000,BG-2026-02,Generated PR item.,Converted to PO
5559,2559,12,167.000,No,2026-03-14,1800.00,High,Required for Mechanical Components consumption plan.,0.000,240.000,BG-2026-03,Generated PR item.,Converted to PO
5560,2560,13,250.000,No,2026-03-07,160.00,High,Required for Mechanical Components consumption plan.,0.000,800.000,BG-2026-04,Generated PR item.,Converted to PO
5561,2561,14,191.000,No,2026-03-20,220.00,Urgent,Required for Mechanical Components consumption plan.,0.000,480.000,BG-2026-05,Generated PR item.,Converted to PO
5562,2562,15,11.000,No,2026-03-04,420.00,High,Required for Mechanical Components consumption plan.,0.000,240.000,BG-2026-06,Generated PR item.,Converted to PO
5563,2563,16,26.000,No,2026-03-13,1300.00,High,Required for Mechanical Components consumption plan.,0.000,800.000,BG-2026-07,Generated PR item.,Converted to PO
5564,2564,17,5.000,No,2026-03-11,2400.00,High,Required for Mechanical Components consumption plan.,0.000,480.000,BG-2026-08,Generated PR item.,Converted to PO
5565,2565,18,102.000,No,2026-03-18,5200.00,Urgent,Required for Mechanical Components consumption plan.,0.000,240.000,BG-2026-09,Generated PR item.,Converted to PO
5566,2566,19,91.000,No,2026-03-19,450.00,High,Required for Mechanical Components consumption plan.,0.000,1520.000,BG-2026-10,Generated PR item.,Converted to PO
5567,2567,20,234.000,No,2026-03-13,450.00,High,Required for Mechanical Components consumption plan.,0.000,1520.000,BG-2026-11,Generated PR item.,Converted to PO
5568,2568,21,95.000,No,2026-03-15,60.00,High,Required for Mechanical Components consumption plan.,0.000,1280.000,BG-2026-12,Generated PR item.,Converted to PO
5569,2569,22,12.000,No,2026-03-16,120.00,Urgent,Required for Mechanical Components consumption plan.,0.000,240.000,BG-2026-01,Generated PR item.,Converted to PO
5570,2570,23,89.000,No,2026-03-13,120.00,High,Required for Bearings consumption plan.,0.000,1600.000,BG-2026-02,Generated PR item.,Converted to PO
5571,2571,24,29.000,No,2026-03-07,220.00,High,Required for Bearings consumption plan.,0.000,960.000,BG-2026-03,Generated PR item.,Converted to PO
5572,2572,25,92.000,No,2026-03-12,650.00,High,Required for Bearings consumption plan.,0.000,480.000,BG-2026-04,Generated PR item.,Converted to PO
5573,2573,26,195.000,No,2026-03-09,15.00,Urgent,Required for Sealing Components consumption plan.,0.000,1520.000,BG-2026-05,Generated PR item.,Converted to PO
5574,2574,27,221.000,No,2026-03-13,45.00,High,Required for Sealing Components consumption plan.,0.000,1280.000,BG-2026-06,Generated PR item.,Converted to PO
5575,2575,28,206.000,No,2026-03-16,110.00,High,Required for Sealing Components consumption plan.,0.000,480.000,BG-2026-07,Generated PR item.,Converted to PO
5576,2576,29,37.000,kg,2026-03-08,850.00,High,Required for Electrical Components consumption plan.,0.000,1440.000,BG-2026-08,Generated PR item.,Converted to PO
5577,2577,30,129.000,kg,2026-03-09,880.00,Urgent,Required for Electrical Components consumption plan.,0.000,1536.000,BG-2026-09,Generated PR item.,Converted to PO
5578,2578,31,88.000,kg,2026-03-20,920.00,High,Required for Electrical Components consumption plan.,0.000,1560.000,BG-2026-10,Generated PR item.,Converted to PO
5579,2579,32,322.000,m,2026-03-12,35.00,High,Required for Electrical Components consumption plan.,0.000,2400.000,BG-2026-11,Generated PR item.,Converted to PO
5580,2580,33,378.000,m,2026-03-09,60.00,High,Required for Electrical Components consumption plan.,0.000,1920.000,BG-2026-12,Generated PR item.,Converted to PO
5581,2581,34,260.000,m,2026-03-18,150.00,Urgent,Required for Electrical Components consumption plan.,0.000,1200.000,BG-2026-01,Generated PR item.,Converted to PO
5582,2582,35,81.000,No,2026-03-18,90.00,High,Required for Electrical Components consumption plan.,0.000,800.000,BG-2026-02,Generated PR item.,Converted to PO
5583,2583,36,230.000,No,2026-03-21,180.00,High,Required for Electrical Components consumption plan.,0.000,480.000,BG-2026-03,Generated PR item.,Converted to PO
5584,2584,37,168.000,No,2026-03-20,420.00,High,Required for Electrical Components consumption plan.,0.000,240.000,BG-2026-04,Generated PR item.,Converted to PO
5585,2585,38,222.000,No,2026-03-24,12.00,Urgent,Required for Electrical Components consumption plan.,0.000,4560.000,BG-2026-05,Generated PR item.,Converted to PO
5586,2586,39,63.000,No,2026-03-17,45.00,High,Required for Electronic Components consumption plan.,0.000,2400.000,BG-2026-06,Generated PR item.,Converted to PO
5587,2587,40,211.000,No,2026-03-12,120.00,High,Required for Electronic Components consumption plan.,0.000,800.000,BG-2026-07,Generated PR item.,Converted to PO
5588,2588,41,84.000,No,2026-03-23,1400.00,High,Required for Electronic Components consumption plan.,0.000,480.000,BG-2026-08,Generated PR item.,Converted to PO
5589,2589,42,118.000,No,2026-03-12,3200.00,Urgent,Required for Electronic Components consumption plan.,0.000,240.000,BG-2026-09,Generated PR item.,Converted to PO
5590,2590,43,216.000,No,2026-03-13,85.00,High,Required for Electronic Components consumption plan.,0.000,480.000,BG-2026-10,Generated PR item.,Converted to PO
5591,2591,44,92.000,No,2026-03-22,220.00,High,Required for Electronic Components consumption plan.,0.000,480.000,BG-2026-11,Generated PR item.,Converted to PO
5592,2592,45,66.000,No,2026-03-24,350.00,High,Required for Electronic Components consumption plan.,0.000,1280.000,BG-2026-12,Generated PR item.,Converted to PO
5593,2593,46,230.000,No,2026-03-15,750.00,Urgent,Required for Electronic Components consumption plan.,0.000,240.000,BG-2026-01,Generated PR item.,Converted to PO
5594,2594,47,78.000,Set,2026-03-22,450.00,High,Required for Electronic Components consumption plan.,0.000,1280.000,BG-2026-02,Generated PR item.,Converted to PO
5595,2595,48,28.000,Set,2026-03-25,950.00,High,Required for Electronic Components consumption plan.,0.000,240.000,BG-2026-03,Generated PR item.,Converted to PO
5596,2596,49,80.000,No,2026-03-24,25.00,High,Required for Electronic Components consumption plan.,0.000,800.000,BG-2026-04,Generated PR item.,Converted to PO
5597,2597,50,61.000,No,2026-03-10,40.00,Urgent,Required for Electronic Components consumption plan.,0.000,480.000,BG-2026-05,Generated PR item.,Converted to PO
5598,2598,51,10.000,No,2026-03-21,110.00,High,Required for Electronic Components consumption plan.,0.000,240.000,BG-2026-06,Generated PR item.,Converted to PO
5599,2599,52,141.000,No,2026-03-14,2.00,High,Required for Electronic Components consumption plan.,0.000,4000.000,BG-2026-07,Generated PR item.,Converted to PO
5600,2600,53,67.000,No,2026-03-26,3.00,High,Required for Electronic Components consumption plan.,0.000,2880.000,BG-2026-08,Generated PR item.,Converted to PO
5601,2601,54,213.000,No,2026-03-13,5.00,Urgent,Required for Electronic Components consumption plan.,0.000,1920.000,BG-2026-09,Generated PR item.,Converted to PO
5602,2602,55,47.000,No,2026-03-29,8.00,High,Required for Insulation Materials consumption plan.,0.000,19200.000,BG-2026-10,Generated PR item.,Converted to PO
5603,2603,56,161.000,No,2026-03-15,10.00,High,Required for Insulation Materials consumption plan.,0.000,17280.000,BG-2026-11,Generated PR item.,Converted to PO
5604,2604,57,129.000,No,2026-03-19,12.00,High,Required for Insulation Materials consumption plan.,0.000,11520.000,BG-2026-12,Generated PR item.,Converted to PO
5605,2605,58,155.000,No,2026-03-16,6.00,Urgent,Required for Insulation Materials consumption plan.,0.000,48000.000,BG-2026-01,Generated PR item.,Converted to PO
5606,2606,59,32.000,No,2026-03-26,5.00,High,Required for Insulation Materials consumption plan.,0.000,48000.000,BG-2026-02,Generated PR item.,Converted to PO
5607,2607,60,244.000,m,2026-03-19,18.00,High,Required for Insulation Materials consumption plan.,0.000,400.000,BG-2026-03,Generated PR item.,Converted to PO
5608,2608,61,321.000,m,2026-03-26,25.00,High,Required for Insulation Materials consumption plan.,0.000,384.000,BG-2026-04,Generated PR item.,Converted to PO
5609,2609,62,183.000,m,2026-03-15,45.00,Urgent,Required for Insulation Materials consumption plan.,0.000,240.000,BG-2026-05,Generated PR item.,Converted to PO
5610,2610,63,440.000,No,2026-03-22,3.00,High,Required for Fasteners consumption plan.,0.000,6400.000,BG-2026-06,Generated PR item.,Converted to PO
5611,2611,64,274.000,No,2026-03-30,5.00,High,Required for Fasteners consumption plan.,0.000,4800.000,BG-2026-07,Generated PR item.,Converted to PO
5612,2612,65,194.000,No,2026-03-30,12.00,High,Required for Fasteners consumption plan.,0.000,2880.000,BG-2026-08,Generated PR item.,Converted to PO
5613,2613,66,34.000,No,2026-03-17,1.50,Urgent,Required for Fasteners consumption plan.,0.000,6400.000,BG-2026-09,Generated PR item.,Converted to PO
5614,2614,67,101.000,No,2026-03-22,2.50,High,Required for Fasteners consumption plan.,0.000,4800.000,BG-2026-10,Generated PR item.,Converted to PO
5615,2615,68,249.000,No,2026-03-22,6.00,High,Required for Fasteners consumption plan.,0.000,2880.000,BG-2026-11,Generated PR item.,Converted to PO
5616,2616,69,212.000,No,2026-03-26,0.80,High,Required for Fasteners consumption plan.,0.000,6400.000,BG-2026-12,Generated PR item.,Converted to PO
5617,2617,70,439.000,No,2026-03-25,1.20,Urgent,Required for Fasteners consumption plan.,0.000,4800.000,BG-2026-01,Generated PR item.,Converted to PO
5618,2618,71,398.000,No,2026-03-17,2.50,High,Required for Fasteners consumption plan.,0.000,2880.000,BG-2026-02,Generated PR item.,Converted to PO
5619,2619,72,96.000,No,2026-03-30,0.80,High,Required for Fasteners consumption plan.,0.000,6400.000,BG-2026-03,Generated PR item.,Converted to PO
5620,2620,73,304.000,No,2026-03-21,1.20,High,Required for Fasteners consumption plan.,0.000,4800.000,BG-2026-04,Generated PR item.,Converted to PO
5621,2621,74,238.000,No,2026-03-22,2.50,Urgent,Required for Fasteners consumption plan.,0.000,2880.000,BG-2026-05,Generated PR item.,Converted to PO
5622,2622,75,68.000,No,2026-04-02,4.00,High,Required for Fasteners consumption plan.,0.000,1600.000,BG-2026-06,Generated PR item.,Converted to PO
5623,2623,76,340.000,No,2026-03-30,7.00,High,Required for Fasteners consumption plan.,0.000,960.000,BG-2026-07,Generated PR item.,Converted to PO
5624,2624,77,278.000,No,2026-03-25,15.00,High,Required for Fasteners consumption plan.,0.000,480.000,BG-2026-08,Generated PR item.,Converted to PO
5625,2625,78,62.000,No,2026-04-06,4.00,Urgent,Required for Fasteners consumption plan.,0.000,3040.000,BG-2026-09,Generated PR item.,Converted to PO
5626,2626,79,245.000,No,2026-03-28,4.00,High,Required for Fasteners consumption plan.,0.000,3040.000,BG-2026-10,Generated PR item.,Converted to PO
5627,2627,80,74509.000,ml,2026-03-31,0.80,High,Required for Consumables consumption plan.,0.000,144000.000,BG-2026-11,Generated PR item.,Converted to PO
5628,2628,81,10486.000,g,2026-03-26,1.20,High,Required for Consumables consumption plan.,0.000,42000.000,BG-2026-12,Generated PR item.,Converted to PO
5629,2629,82,38904.000,ml,2026-03-25,1.50,Urgent,Required for Consumables consumption plan.,0.000,8000.000,BG-2026-01,Generated PR item.,Converted to PO
5630,2630,83,4194.000,g,2026-03-31,0.60,High,Required for Consumables consumption plan.,0.000,24000.000,BG-2026-02,Generated PR item.,Converted to PO
5631,2631,84,24412.000,ml,2026-04-02,0.25,High,Required for Consumables consumption plan.,0.000,156000.000,BG-2026-03,Generated PR item.,Converted to PO
5632,2632,85,29453.000,g,2026-04-06,1.80,High,Required for Consumables consumption plan.,0.000,9000.000,BG-2026-04,Generated PR item.,Converted to PO
5633,2633,86,19003.000,g,2026-03-30,1.20,Urgent,Required for Consumables consumption plan.,0.000,4000.000,BG-2026-05,Generated PR item.,Converted to PO
5634,2634,87,6105.000,g,2026-04-08,0.80,High,Required for Consumables consumption plan.,0.000,12000.000,BG-2026-06,Generated PR item.,Converted to PO
5635,2635,88,123.000,No,2026-04-02,45.00,High,Required for Packaging Materials consumption plan.,0.000,1520.000,BG-2026-07,Generated PR item.,Converted to PO
5636,2636,89,52.000,No,2026-03-25,18.00,High,Required for Packaging Materials consumption plan.,0.000,3040.000,BG-2026-08,Generated PR item.,Converted to PO
5637,2637,90,113.000,Sheet,2026-04-06,10.00,Urgent,Required for Packaging Materials consumption plan.,0.000,1760.000,BG-2026-09,Generated PR item.,Converted to PO
5638,2638,91,40.000,No,2026-04-03,6.00,High,Required for Packaging Materials consumption plan.,0.000,1520.000,BG-2026-10,Generated PR item.,Converted to PO
5639,2639,92,317.000,m,2026-03-31,1.20,High,Required for Packaging Materials consumption plan.,0.000,1600.000,BG-2026-11,Generated PR item.,Converted to PO
5640,2640,93,145.000,No,2026-04-02,3.00,High,Required for Packaging Materials consumption plan.,0.000,1760.000,BG-2026-12,Generated PR item.,Converted to PO
5641,2641,94,160.000,No,2026-03-31,35.00,Urgent,Required for Identification & Documentation consumption plan.,0.000,1520.000,BG-2026-01,Generated PR item.,Converted to PO
5642,2642,95,114.000,No,2026-04-06,3.00,High,Required for Identification & Documentation consumption plan.,0.000,1520.000,BG-2026-02,Generated PR item.,Converted to PO
5643,2643,96,75.000,No,2026-04-05,4.00,High,Required for Identification & Documentation consumption plan.,0.000,1520.000,BG-2026-03,Generated PR item.,Converted to PO
5644,2644,97,66.000,No,2026-04-03,2.00,High,Required for Identification & Documentation consumption plan.,0.000,1520.000,BG-2026-04,Generated PR item.,Converted to PO
5645,2645,98,57.000,No,2026-04-01,8.00,Urgent,Required for Identification & Documentation consumption plan.,0.000,1520.000,BG-2026-05,Generated PR item.,Converted to PO
5646,2646,99,110.000,No,2026-04-03,4.00,High,Required for Identification & Documentation consumption plan.,0.000,1520.000,BG-2026-06,Generated PR item.,Converted to PO
5647,2647,1,253.000,No,2026-04-04,1800.00,High,Required for Core Components consumption plan.,0.000,800.000,BG-2026-07,Generated PR item.,Converted to PO
5648,2648,2,353.000,No,2026-04-04,2800.00,High,Required for Core Components consumption plan.,0.000,480.000,BG-2026-08,Generated PR item.,Converted to PO
5649,2649,3,73.000,No,2026-04-01,6200.00,Urgent,Required for Core Components consumption plan.,0.000,240.000,BG-2026-09,Generated PR item.,Converted to PO
5650,2650,4,177.000,No,2026-04-06,1200.00,High,Required for Core Components consumption plan.,0.000,800.000,BG-2026-10,Generated PR item.,Converted to PO
5651,2651,5,434.000,No,2026-04-01,2200.00,High,Required for Core Components consumption plan.,0.000,480.000,BG-2026-11,Generated PR item.,Converted to PO
5652,2652,6,462.000,No,2026-04-06,5000.00,High,Required for Core Components consumption plan.,0.000,240.000,BG-2026-12,Generated PR item.,Converted to PO
5653,2653,7,234.000,No,2026-03-30,180.00,Urgent,Required for Magnetic Components consumption plan.,0.000,6400.000,BG-2026-01,Generated PR item.,Converted to PO
5654,2654,8,80.000,No,2026-04-05,240.00,High,Required for Magnetic Components consumption plan.,0.000,4800.000,BG-2026-02,Generated PR item.,Converted to PO
5655,2655,9,38.000,No,2026-04-12,360.00,High,Required for Magnetic Components consumption plan.,0.000,2880.000,BG-2026-03,Generated PR item.,Converted to PO
5656,2656,10,53.000,No,2026-04-12,450.00,High,Required for Mechanical Components consumption plan.,0.000,800.000,BG-2026-04,Generated PR item.,Converted to PO
5657,2657,11,37.000,No,2026-04-10,750.00,Urgent,Required for Mechanical Components consumption plan.,0.000,480.000,BG-2026-05,Generated PR item.,Converted to PO
5658,2658,12,239.000,No,2026-04-11,1800.00,High,Required for Mechanical Components consumption plan.,0.000,240.000,BG-2026-06,Generated PR item.,Converted to PO
5659,2659,13,222.000,No,2026-04-01,160.00,High,Required for Mechanical Components consumption plan.,0.000,800.000,BG-2026-07,Generated PR item.,Converted to PO
5660,2660,14,204.000,No,2026-04-06,220.00,High,Required for Mechanical Components consumption plan.,0.000,480.000,BG-2026-08,Generated PR item.,Converted to PO
5661,2661,15,184.000,No,2026-04-11,420.00,Urgent,Required for Mechanical Components consumption plan.,0.000,240.000,BG-2026-09,Generated PR item.,Converted to PO
5662,2662,16,89.000,No,2026-04-15,1300.00,High,Required for Mechanical Components consumption plan.,0.000,800.000,BG-2026-10,Generated PR item.,Converted to PO
5663,2663,17,122.000,No,2026-04-12,2400.00,High,Required for Mechanical Components consumption plan.,0.000,480.000,BG-2026-11,Generated PR item.,Converted to PO
5664,2664,18,211.000,No,2026-04-17,5200.00,High,Required for Mechanical Components consumption plan.,0.000,240.000,BG-2026-12,Generated PR item.,Converted to PO
5665,2665,19,205.000,No,2026-04-06,450.00,Urgent,Required for Mechanical Components consumption plan.,0.000,1520.000,BG-2026-01,Generated PR item.,Converted to PO
5666,2666,20,132.000,No,2026-04-05,450.00,High,Required for Mechanical Components consumption plan.,0.000,1520.000,BG-2026-02,Generated PR item.,Converted to PO
5667,2667,21,211.000,No,2026-04-04,60.00,High,Required for Mechanical Components consumption plan.,0.000,1280.000,BG-2026-03,Generated PR item.,Converted to PO
5668,2668,22,90.000,No,2026-04-13,120.00,High,Required for Mechanical Components consumption plan.,0.000,240.000,BG-2026-04,Generated PR item.,Converted to PO
5669,2669,23,44.000,No,2026-04-14,120.00,Urgent,Required for Bearings consumption plan.,0.000,1600.000,BG-2026-05,Generated PR item.,Converted to PO
5670,2670,24,85.000,No,2026-04-08,220.00,High,Required for Bearings consumption plan.,0.000,960.000,BG-2026-06,Generated PR item.,Converted to PO
5671,2671,25,41.000,No,2026-04-18,650.00,High,Required for Bearings consumption plan.,0.000,480.000,BG-2026-07,Generated PR item.,Converted to PO
5672,2672,26,190.000,No,2026-04-17,15.00,High,Required for Sealing Components consumption plan.,0.000,1520.000,BG-2026-08,Generated PR item.,Converted to PO
5673,2673,27,116.000,No,2026-04-11,45.00,Urgent,Required for Sealing Components consumption plan.,0.000,1280.000,BG-2026-09,Generated PR item.,Converted to PO
5674,2674,28,78.000,No,2026-04-09,110.00,High,Required for Sealing Components consumption plan.,0.000,480.000,BG-2026-10,Generated PR item.,Converted to PO
5675,2675,29,51.000,kg,2026-04-18,850.00,High,Required for Electrical Components consumption plan.,0.000,1440.000,BG-2026-11,Generated PR item.,Converted to PO
5676,2676,30,125.000,kg,2026-04-18,880.00,High,Required for Electrical Components consumption plan.,0.000,1536.000,BG-2026-12,Generated PR item.,Converted to PO
5677,2677,31,101.000,kg,2026-04-09,920.00,Urgent,Required for Electrical Components consumption plan.,0.000,1560.000,BG-2026-01,Generated PR item.,Converted to PO
5678,2678,32,197.000,m,2026-04-10,35.00,High,Required for Electrical Components consumption plan.,0.000,2400.000,BG-2026-02,Generated PR item.,Converted to PO
5679,2679,33,377.000,m,2026-04-15,60.00,High,Required for Electrical Components consumption plan.,0.000,1920.000,BG-2026-03,Generated PR item.,Converted to PO
5680,2680,34,20.000,m,2026-04-16,150.00,High,Required for Electrical Components consumption plan.,0.000,1200.000,BG-2026-04,Generated PR item.,Converted to PO
5681,2681,35,27.000,No,2026-04-09,90.00,Urgent,Required for Electrical Components consumption plan.,0.000,800.000,BG-2026-05,Generated PR item.,Converted to PO
5682,2682,36,241.000,No,2026-04-25,180.00,High,Required for Electrical Components consumption plan.,0.000,480.000,BG-2026-06,Generated PR item.,Converted to PO
5683,2683,37,168.000,No,2026-04-14,420.00,High,Required for Electrical Components consumption plan.,0.000,240.000,BG-2026-07,Generated PR item.,Converted to PO
5684,2684,38,140.000,No,2026-04-14,12.00,High,Required for Electrical Components consumption plan.,0.000,4560.000,BG-2026-08,Generated PR item.,Converted to PO
5685,2685,39,8.000,No,2026-04-09,45.00,Urgent,Required for Electronic Components consumption plan.,0.000,2400.000,BG-2026-09,Generated PR item.,Converted to PO
5686,2686,40,152.000,No,2026-04-24,120.00,High,Required for Electronic Components consumption plan.,0.000,800.000,BG-2026-10,Generated PR item.,Converted to PO
5687,2687,41,111.000,No,2026-04-13,1400.00,High,Required for Electronic Components consumption plan.,0.000,480.000,BG-2026-11,Generated PR item.,Converted to PO
5688,2688,42,152.000,No,2026-04-27,3200.00,High,Required for Electronic Components consumption plan.,0.000,240.000,BG-2026-12,Generated PR item.,Converted to PO
5689,2689,43,15.000,No,2026-04-18,85.00,Urgent,Required for Electronic Components consumption plan.,0.000,480.000,BG-2026-01,Generated PR item.,Converted to PO
5690,2690,44,140.000,No,2026-04-25,220.00,High,Required for Electronic Components consumption plan.,0.000,480.000,BG-2026-02,Generated PR item.,Converted to PO
5691,2691,45,147.000,No,2026-04-14,350.00,High,Required for Electronic Components consumption plan.,0.000,1280.000,BG-2026-03,Generated PR item.,Converted to PO
5692,2692,46,76.000,No,2026-04-13,750.00,High,Required for Electronic Components consumption plan.,0.000,240.000,BG-2026-04,Generated PR item.,Converted to PO
5693,2693,47,9.000,Set,2026-04-25,450.00,Urgent,Required for Electronic Components consumption plan.,0.000,1280.000,BG-2026-05,Generated PR item.,Converted to PO
5694,2694,48,78.000,Set,2026-04-25,950.00,High,Required for Electronic Components consumption plan.,0.000,240.000,BG-2026-06,Generated PR item.,Converted to PO
5695,2695,49,179.000,No,2026-04-20,25.00,High,Required for Electronic Components consumption plan.,0.000,800.000,BG-2026-07,Generated PR item.,Converted to PO
5696,2696,50,157.000,No,2026-04-12,40.00,High,Required for Electronic Components consumption plan.,0.000,480.000,BG-2026-08,Generated PR item.,Converted to PO
5697,2697,51,193.000,No,2026-04-28,110.00,Urgent,Required for Electronic Components consumption plan.,0.000,240.000,BG-2026-09,Generated PR item.,Converted to PO
5698,2698,52,170.000,No,2026-04-19,2.00,High,Required for Electronic Components consumption plan.,0.000,4000.000,BG-2026-10,Generated PR item.,Converted to PO
5699,2699,53,38.000,No,2026-04-30,3.00,High,Required for Electronic Components consumption plan.,0.000,2880.000,BG-2026-11,Generated PR item.,Converted to PO
5700,2700,54,116.000,No,2026-04-30,5.00,High,Required for Electronic Components consumption plan.,0.000,1920.000,BG-2026-12,Generated PR item.,Converted to PO
5701,2701,55,223.000,No,2026-04-30,8.00,Urgent,Required for Insulation Materials consumption plan.,0.000,19200.000,BG-2026-01,Generated PR item.,Converted to PO
5702,2702,56,75.000,No,2026-04-27,10.00,High,Required for Insulation Materials consumption plan.,0.000,17280.000,BG-2026-02,Generated PR item.,Converted to PO
5703,2703,57,244.000,No,2026-04-27,12.00,High,Required for Insulation Materials consumption plan.,0.000,11520.000,BG-2026-03,Generated PR item.,Converted to PO
5704,2704,58,20.000,No,2026-04-24,6.00,High,Required for Insulation Materials consumption plan.,0.000,48000.000,BG-2026-04,Generated PR item.,Converted to PO
5705,2705,59,86.000,No,2026-04-16,5.00,Urgent,Required for Insulation Materials consumption plan.,0.000,48000.000,BG-2026-05,Generated PR item.,Converted to PO
5706,2706,60,188.000,m,2026-04-22,18.00,High,Required for Insulation Materials consumption plan.,0.000,400.000,BG-2026-06,Generated PR item.,Converted to PO
5707,2707,61,316.000,m,2026-04-29,25.00,High,Required for Insulation Materials consumption plan.,0.000,384.000,BG-2026-07,Generated PR item.,Converted to PO
5708,2708,62,104.000,m,2026-05-01,45.00,High,Required for Insulation Materials consumption plan.,0.000,240.000,BG-2026-08,Generated PR item.,Converted to PO
5709,2709,63,130.000,No,2026-04-28,3.00,Urgent,Required for Fasteners consumption plan.,0.000,6400.000,BG-2026-09,Generated PR item.,Converted to PO
5710,2710,64,338.000,No,2026-04-30,5.00,High,Required for Fasteners consumption plan.,0.000,4800.000,BG-2026-10,Generated PR item.,Converted to PO
5711,2711,65,156.000,No,2026-04-18,12.00,High,Required for Fasteners consumption plan.,0.000,2880.000,BG-2026-11,Generated PR item.,Converted to PO
5712,2712,66,442.000,No,2026-04-27,1.50,High,Required for Fasteners consumption plan.,0.000,6400.000,BG-2026-12,Generated PR item.,Converted to PO
5713,2713,67,438.000,No,2026-04-28,2.50,Urgent,Required for Fasteners consumption plan.,0.000,4800.000,BG-2026-01,Generated PR item.,Converted to PO
5714,2714,68,165.000,No,2026-05-06,6.00,High,Required for Fasteners consumption plan.,0.000,2880.000,BG-2026-02,Generated PR item.,Converted to PO
5715,2715,69,289.000,No,2026-04-25,0.80,High,Required for Fasteners consumption plan.,0.000,6400.000,BG-2026-03,Generated PR item.,Converted to PO
5716,2716,70,180.000,No,2026-04-25,1.20,High,Required for Fasteners consumption plan.,0.000,4800.000,BG-2026-04,Generated PR item.,Converted to PO
5717,2717,71,185.000,No,2026-04-27,2.50,Urgent,Required for Fasteners consumption plan.,0.000,2880.000,BG-2026-05,Generated PR item.,Converted to PO
5718,2718,72,342.000,No,2026-04-24,0.80,High,Required for Fasteners consumption plan.,0.000,6400.000,BG-2026-06,Generated PR item.,Converted to PO
5719,2719,73,160.000,No,2026-05-01,1.20,High,Required for Fasteners consumption plan.,0.000,4800.000,BG-2026-07,Generated PR item.,Converted to PO
5720,2720,74,91.000,No,2026-05-03,2.50,High,Required for Fasteners consumption plan.,0.000,2880.000,BG-2026-08,Generated PR item.,Converted to PO
5721,2721,75,144.000,No,2026-05-06,4.00,Urgent,Required for Fasteners consumption plan.,0.000,1600.000,BG-2026-09,Generated PR item.,Converted to PO
5722,2722,76,467.000,No,2026-05-09,7.00,High,Required for Fasteners consumption plan.,0.000,960.000,BG-2026-10,Generated PR item.,Converted to PO
5723,2723,77,144.000,No,2026-04-24,15.00,High,Required for Fasteners consumption plan.,0.000,480.000,BG-2026-11,Generated PR item.,Converted to PO
5724,2724,78,195.000,No,2026-04-28,4.00,High,Required for Fasteners consumption plan.,0.000,3040.000,BG-2026-12,Generated PR item.,Converted to PO
5725,2725,79,322.000,No,2026-04-29,4.00,Urgent,Required for Fasteners consumption plan.,0.000,3040.000,BG-2026-01,Generated PR item.,Converted to PO
5726,2726,80,14614.000,ml,2026-04-28,0.80,High,Required for Consumables consumption plan.,0.000,144000.000,BG-2026-02,Generated PR item.,Converted to PO
5727,2727,81,8785.000,g,2026-05-08,1.20,High,Required for Consumables consumption plan.,0.000,42000.000,BG-2026-03,Generated PR item.,Converted to PO
5728,2728,82,21595.000,ml,2026-04-27,1.50,High,Required for Consumables consumption plan.,0.000,8000.000,BG-2026-04,Generated PR item.,Converted to PO
5729,2729,83,27807.000,g,2026-04-25,0.60,Urgent,Required for Consumables consumption plan.,0.000,24000.000,BG-2026-05,Generated PR item.,Converted to PO
5730,2730,84,93611.000,ml,2026-05-10,0.25,High,Required for Consumables consumption plan.,0.000,156000.000,BG-2026-06,Generated PR item.,Converted to PO
5731,2731,85,22917.000,g,2026-05-13,1.80,High,Required for Consumables consumption plan.,0.000,9000.000,BG-2026-07,Generated PR item.,Converted to PO
5732,2732,86,8166.000,g,2026-04-30,1.20,High,Required for Consumables consumption plan.,0.000,4000.000,BG-2026-08,Generated PR item.,Converted to PO
5733,2733,87,18876.000,g,2026-05-01,0.80,Urgent,Required for Consumables consumption plan.,0.000,12000.000,BG-2026-09,Generated PR item.,Converted to PO
5734,2734,88,167.000,No,2026-05-05,45.00,High,Required for Packaging Materials consumption plan.,0.000,1520.000,BG-2026-10,Generated PR item.,Converted to PO
5735,2735,89,218.000,No,2026-05-05,18.00,High,Required for Packaging Materials consumption plan.,0.000,3040.000,BG-2026-11,Generated PR item.,Converted to PO
5736,2736,90,43.000,Sheet,2026-05-13,10.00,High,Required for Packaging Materials consumption plan.,0.000,1760.000,BG-2026-12,Generated PR item.,Converted to PO
5737,2737,91,186.000,No,2026-05-03,6.00,Urgent,Required for Packaging Materials consumption plan.,0.000,1520.000,BG-2026-01,Generated PR item.,Converted to PO
5738,2738,92,113.000,m,2026-04-27,1.20,High,Required for Packaging Materials consumption plan.,0.000,1600.000,BG-2026-02,Generated PR item.,Converted to PO
5739,2739,93,144.000,No,2026-05-04,3.00,High,Required for Packaging Materials consumption plan.,0.000,1760.000,BG-2026-03,Generated PR item.,Converted to PO
5740,2740,94,221.000,No,2026-05-08,35.00,High,Required for Identification & Documentation consumption plan.,0.000,1520.000,BG-2026-04,Generated PR item.,Converted to PO
5741,2741,95,20.000,No,2026-05-07,3.00,Urgent,Required for Identification & Documentation consumption plan.,0.000,1520.000,BG-2026-05,Generated PR item.,Converted to PO
5742,2742,96,41.000,No,2026-05-07,4.00,High,Required for Identification & Documentation consumption plan.,0.000,1520.000,BG-2026-06,Generated PR item.,Converted to PO
5743,2743,97,205.000,No,2026-05-14,2.00,High,Required for Identification & Documentation consumption plan.,0.000,1520.000,BG-2026-07,Generated PR item.,Converted to PO
5744,2744,98,9.000,No,2026-05-13,8.00,High,Required for Identification & Documentation consumption plan.,0.000,1520.000,BG-2026-08,Generated PR item.,Converted to PO
5745,2745,99,173.000,No,2026-05-03,4.00,Urgent,Required for Identification & Documentation consumption plan.,0.000,1520.000,BG-2026-09,Generated PR item.,Converted to PO
5746,2746,1,276.000,No,2026-05-05,1800.00,High,Required for Core Components consumption plan.,0.000,800.000,BG-2026-10,Generated PR item.,Converted to PO
5747,2747,2,206.000,No,2026-05-11,2800.00,High,Required for Core Components consumption plan.,0.000,480.000,BG-2026-11,Generated PR item.,Converted to PO
5748,2748,3,439.000,No,2026-05-07,6200.00,High,Required for Core Components consumption plan.,0.000,240.000,BG-2026-12,Generated PR item.,Converted to PO
5749,2749,4,432.000,No,2026-05-07,1200.00,Urgent,Required for Core Components consumption plan.,0.000,800.000,BG-2026-01,Generated PR item.,Converted to PO
5750,2750,5,197.000,No,2026-05-03,2200.00,High,Required for Core Components consumption plan.,0.000,480.000,BG-2026-02,Generated PR item.,Converted to PO
5751,2751,6,51.000,No,2026-05-04,5000.00,High,Required for Core Components consumption plan.,0.000,240.000,BG-2026-03,Generated PR item.,Converted to PO
5752,2752,7,36.000,No,2026-05-13,180.00,High,Required for Magnetic Components consumption plan.,0.000,6400.000,BG-2026-04,Generated PR item.,Converted to PO
5753,2753,8,31.000,No,2026-05-16,240.00,Urgent,Required for Magnetic Components consumption plan.,0.000,4800.000,BG-2026-05,Generated PR item.,Converted to PO
5754,2754,9,246.000,No,2026-05-15,360.00,High,Required for Magnetic Components consumption plan.,0.000,2880.000,BG-2026-06,Generated PR item.,Converted to PO
5755,2755,10,151.000,No,2026-05-06,450.00,High,Required for Mechanical Components consumption plan.,0.000,800.000,BG-2026-07,Generated PR item.,Converted to PO
5756,2756,11,171.000,No,2026-05-03,750.00,High,Required for Mechanical Components consumption plan.,0.000,480.000,BG-2026-08,Generated PR item.,Converted to PO
5757,2757,12,61.000,No,2026-05-03,1800.00,Urgent,Required for Mechanical Components consumption plan.,0.000,240.000,BG-2026-09,Generated PR item.,Converted to PO
5758,2758,13,214.000,No,2026-05-09,160.00,High,Required for Mechanical Components consumption plan.,0.000,800.000,BG-2026-10,Generated PR item.,Converted to PO
5759,2759,14,182.000,No,2026-05-11,220.00,High,Required for Mechanical Components consumption plan.,0.000,480.000,BG-2026-11,Generated PR item.,Converted to PO
5760,2760,15,190.000,No,2026-05-19,420.00,High,Required for Mechanical Components consumption plan.,0.000,240.000,BG-2026-12,Generated PR item.,Converted to PO
5761,2761,16,120.000,No,2026-05-19,1300.00,Urgent,Required for Mechanical Components consumption plan.,0.000,800.000,BG-2026-01,Generated PR item.,Converted to PO
5762,2762,17,176.000,No,2026-05-03,2400.00,High,Required for Mechanical Components consumption plan.,0.000,480.000,BG-2026-02,Generated PR item.,Converted to PO
5763,2763,18,138.000,No,2026-05-15,5200.00,High,Required for Mechanical Components consumption plan.,0.000,240.000,BG-2026-03,Generated PR item.,Converted to PO
5764,2764,19,99.000,No,2026-05-08,450.00,High,Required for Mechanical Components consumption plan.,0.000,1520.000,BG-2026-04,Generated PR item.,Converted to PO
5765,2765,20,151.000,No,2026-05-06,450.00,Urgent,Required for Mechanical Components consumption plan.,0.000,1520.000,BG-2026-05,Generated PR item.,Converted to PO
5766,2766,21,84.000,No,2026-05-13,60.00,High,Required for Mechanical Components consumption plan.,0.000,1280.000,BG-2026-06,Generated PR item.,Converted to PO
5767,2767,22,239.000,No,2026-05-04,120.00,High,Required for Mechanical Components consumption plan.,0.000,240.000,BG-2026-07,Generated PR item.,Converted to PO
5768,2768,23,73.000,No,2026-05-10,120.00,High,Required for Bearings consumption plan.,0.000,1600.000,BG-2026-08,Generated PR item.,Converted to PO
5769,2769,24,75.000,No,2026-05-13,220.00,Urgent,Required for Bearings consumption plan.,0.000,960.000,BG-2026-09,Generated PR item.,Converted to PO
5770,2770,25,73.000,No,2026-05-08,650.00,High,Required for Bearings consumption plan.,0.000,480.000,BG-2026-10,Generated PR item.,Converted to PO
5771,2771,26,115.000,No,2026-05-14,15.00,High,Required for Sealing Components consumption plan.,0.000,1520.000,BG-2026-11,Generated PR item.,Converted to PO
5772,2772,27,238.000,No,2026-05-13,45.00,High,Required for Sealing Components consumption plan.,0.000,1280.000,BG-2026-12,Generated PR item.,Converted to PO
5773,2773,28,56.000,No,2026-05-19,110.00,Urgent,Required for Sealing Components consumption plan.,0.000,480.000,BG-2026-01,Generated PR item.,Converted to PO
5774,2774,29,118.000,kg,2026-05-08,850.00,High,Required for Electrical Components consumption plan.,0.000,1440.000,BG-2026-02,Generated PR item.,Converted to PO
5775,2775,30,23.000,kg,2026-05-06,880.00,High,Required for Electrical Components consumption plan.,0.000,1536.000,BG-2026-03,Generated PR item.,Converted to PO
5776,2776,31,66.000,kg,2026-05-15,920.00,High,Required for Electrical Components consumption plan.,0.000,1560.000,BG-2026-04,Generated PR item.,Converted to PO
5777,2777,32,296.000,m,2026-05-10,35.00,Urgent,Required for Electrical Components consumption plan.,0.000,2400.000,BG-2026-05,Generated PR item.,Converted to PO
5778,2778,33,255.000,m,2026-05-18,60.00,High,Required for Electrical Components consumption plan.,0.000,1920.000,BG-2026-06,Generated PR item.,Converted to PO
5779,2779,34,472.000,m,2026-05-07,150.00,High,Required for Electrical Components consumption plan.,0.000,1200.000,BG-2026-07,Generated PR item.,Converted to PO
5780,2780,35,155.000,No,2026-05-16,90.00,High,Required for Electrical Components consumption plan.,0.000,800.000,BG-2026-08,Generated PR item.,Converted to PO
5781,2781,36,106.000,No,2026-05-24,180.00,Urgent,Required for Electrical Components consumption plan.,0.000,480.000,BG-2026-09,Generated PR item.,Converted to PO
5782,2782,37,109.000,No,2026-05-09,420.00,High,Required for Electrical Components consumption plan.,0.000,240.000,BG-2026-10,Generated PR item.,Converted to PO
5783,2783,38,155.000,No,2026-05-13,12.00,High,Required for Electrical Components consumption plan.,0.000,4560.000,BG-2026-11,Generated PR item.,Converted to PO
5784,2784,39,199.000,No,2026-05-24,45.00,High,Required for Electronic Components consumption plan.,0.000,2400.000,BG-2026-12,Generated PR item.,Converted to PO
5785,2785,40,73.000,No,2026-05-18,120.00,Urgent,Required for Electronic Components consumption plan.,0.000,800.000,BG-2026-01,Generated PR item.,Converted to PO
5786,2786,41,148.000,No,2026-05-12,1400.00,High,Required for Electronic Components consumption plan.,0.000,480.000,BG-2026-02,Generated PR item.,Converted to PO
5787,2787,42,146.000,No,2026-05-12,3200.00,High,Required for Electronic Components consumption plan.,0.000,240.000,BG-2026-03,Generated PR item.,Converted to PO
5788,2788,43,7.000,No,2026-05-22,85.00,High,Required for Electronic Components consumption plan.,0.000,480.000,BG-2026-04,Generated PR item.,Converted to PO
5789,2789,44,229.000,No,2026-05-24,220.00,Urgent,Required for Electronic Components consumption plan.,0.000,480.000,BG-2026-05,Generated PR item.,Converted to PO
5790,2790,45,145.000,No,2026-05-15,350.00,High,Required for Electronic Components consumption plan.,0.000,1280.000,BG-2026-06,Generated PR item.,Converted to PO
5791,2791,46,64.000,No,2026-05-17,750.00,High,Required for Electronic Components consumption plan.,0.000,240.000,BG-2026-07,Generated PR item.,Converted to PO
5792,2792,47,53.000,Set,2026-05-23,450.00,High,Required for Electronic Components consumption plan.,0.000,1280.000,BG-2026-08,Generated PR item.,Converted to PO
5793,2793,48,56.000,Set,2026-05-13,950.00,Urgent,Required for Electronic Components consumption plan.,0.000,240.000,BG-2026-09,Generated PR item.,Converted to PO
5794,2794,49,230.000,No,2026-05-13,25.00,High,Required for Electronic Components consumption plan.,0.000,800.000,BG-2026-10,Generated PR item.,Converted to PO
5795,2795,50,13.000,No,2026-05-23,40.00,High,Required for Electronic Components consumption plan.,0.000,480.000,BG-2026-11,Generated PR item.,Converted to PO
5796,2796,51,106.000,No,2026-05-13,110.00,High,Required for Electronic Components consumption plan.,0.000,240.000,BG-2026-12,Generated PR item.,Converted to PO
5797,2797,52,49.000,No,2026-05-24,2.00,Urgent,Required for Electronic Components consumption plan.,0.000,4000.000,BG-2026-01,Generated PR item.,Converted to PO
5798,2798,53,146.000,No,2026-05-20,3.00,High,Required for Electronic Components consumption plan.,0.000,2880.000,BG-2026-02,Generated PR item.,Converted to PO
5799,2799,54,128.000,No,2026-05-29,5.00,High,Required for Electronic Components consumption plan.,0.000,1920.000,BG-2026-03,Generated PR item.,Converted to PO
5800,2800,55,121.000,No,2026-05-12,8.00,High,Required for Insulation Materials consumption plan.,0.000,19200.000,BG-2026-04,Generated PR item.,Converted to PO
5801,2801,56,246.000,No,2026-05-29,10.00,Urgent,Required for Insulation Materials consumption plan.,0.000,17280.000,BG-2026-05,Generated PR item.,Converted to PO
5802,2802,57,135.000,No,2026-05-17,12.00,High,Required for Insulation Materials consumption plan.,0.000,11520.000,BG-2026-06,Generated PR item.,Converted to PO
5803,2803,58,106.000,No,2026-05-13,6.00,High,Required for Insulation Materials consumption plan.,0.000,48000.000,BG-2026-07,Generated PR item.,Converted to PO
5804,2804,59,21.000,No,2026-05-26,5.00,High,Required for Insulation Materials consumption plan.,0.000,48000.000,BG-2026-08,Generated PR item.,Converted to PO
5805,2805,60,159.000,m,2026-05-22,18.00,Urgent,Required for Insulation Materials consumption plan.,0.000,400.000,BG-2026-09,Generated PR item.,Converted to PO
5806,2806,61,451.000,m,2026-05-28,25.00,High,Required for Insulation Materials consumption plan.,0.000,384.000,BG-2026-10,Generated PR item.,Converted to PO
5807,2807,62,237.000,m,2026-05-14,45.00,High,Required for Insulation Materials consumption plan.,0.000,240.000,BG-2026-11,Generated PR item.,Converted to PO
5808,2808,63,457.000,No,2026-05-14,3.00,High,Required for Fasteners consumption plan.,0.000,6400.000,BG-2026-12,Generated PR item.,Converted to PO
5809,2809,64,276.000,No,2026-05-23,5.00,Urgent,Required for Fasteners consumption plan.,0.000,4800.000,BG-2026-01,Generated PR item.,Converted to PO
5810,2810,65,283.000,No,2026-05-28,12.00,High,Required for Fasteners consumption plan.,0.000,2880.000,BG-2026-02,Generated PR item.,Converted to PO
5811,2811,66,226.000,No,2026-05-20,1.50,High,Required for Fasteners consumption plan.,0.000,6400.000,BG-2026-03,Generated PR item.,Converted to PO
5812,2812,67,287.000,No,2026-05-27,2.50,High,Required for Fasteners consumption plan.,0.000,4800.000,BG-2026-04,Generated PR item.,Converted to PO
5813,2813,68,52.000,No,2026-05-30,6.00,Urgent,Required for Fasteners consumption plan.,0.000,2880.000,BG-2026-05,Generated PR item.,Converted to PO
5814,2814,69,47.000,No,2026-05-29,0.80,High,Required for Fasteners consumption plan.,0.000,6400.000,BG-2026-06,Generated PR item.,Converted to PO
5815,2815,70,248.000,No,2026-05-23,1.20,High,Required for Fasteners consumption plan.,0.000,4800.000,BG-2026-07,Generated PR item.,Converted to PO
5816,2816,71,307.000,No,2026-05-27,2.50,High,Required for Fasteners consumption plan.,0.000,2880.000,BG-2026-08,Generated PR item.,Converted to PO
5817,2817,72,284.000,No,2026-05-24,0.80,Urgent,Required for Fasteners consumption plan.,0.000,6400.000,BG-2026-09,Generated PR item.,Converted to PO
5818,2818,73,226.000,No,2026-05-27,1.20,High,Required for Fasteners consumption plan.,0.000,4800.000,BG-2026-10,Generated PR item.,Converted to PO
5819,2819,74,161.000,No,2026-05-25,2.50,High,Required for Fasteners consumption plan.,0.000,2880.000,BG-2026-11,Generated PR item.,Converted to PO
5820,2820,75,361.000,No,2026-05-25,4.00,High,Required for Fasteners consumption plan.,0.000,1600.000,BG-2026-12,Generated PR item.,Converted to PO
5821,2821,76,310.000,No,2026-05-23,7.00,Urgent,Required for Fasteners consumption plan.,0.000,960.000,BG-2026-01,Generated PR item.,Converted to PO
5822,2822,77,42.000,No,2026-05-27,15.00,High,Required for Fasteners consumption plan.,0.000,480.000,BG-2026-02,Generated PR item.,Converted to PO
5823,2823,78,237.000,No,2026-05-29,4.00,High,Required for Fasteners consumption plan.,0.000,3040.000,BG-2026-03,Generated PR item.,Converted to PO
5824,2824,79,361.000,No,2026-06-01,4.00,High,Required for Fasteners consumption plan.,0.000,3040.000,BG-2026-04,Generated PR item.,Converted to PO
5825,2825,80,79497.000,ml,2026-05-28,0.80,Urgent,Required for Consumables consumption plan.,0.000,144000.000,BG-2026-05,Generated PR item.,Converted to PO
5826,2826,81,9320.000,g,2026-05-18,1.20,High,Required for Consumables consumption plan.,0.000,42000.000,BG-2026-06,Generated PR item.,Converted to PO
5827,2827,82,92873.000,ml,2026-05-27,1.50,High,Required for Consumables consumption plan.,0.000,8000.000,BG-2026-07,Generated PR item.,Converted to PO
5828,2828,83,19900.000,g,2026-05-22,0.60,High,Required for Consumables consumption plan.,0.000,24000.000,BG-2026-08,Generated PR item.,Converted to PO
5829,2829,84,46579.000,ml,2026-05-18,0.25,Urgent,Required for Consumables consumption plan.,0.000,156000.000,BG-2026-09,Generated PR item.,Converted to PO
5830,2830,85,19187.000,g,2026-05-20,1.80,High,Required for Consumables consumption plan.,0.000,9000.000,BG-2026-10,Generated PR item.,Converted to PO
5831,2831,86,26275.000,g,2026-05-31,1.20,High,Required for Consumables consumption plan.,0.000,4000.000,BG-2026-11,Generated PR item.,Converted to PO
5832,2832,87,7578.000,g,2026-06-07,0.80,High,Required for Consumables consumption plan.,0.000,12000.000,BG-2026-12,Generated PR item.,Converted to PO
5833,2833,88,41.000,No,2026-05-30,45.00,Urgent,Required for Packaging Materials consumption plan.,0.000,1520.000,BG-2026-01,Generated PR item.,Converted to PO
5834,2834,89,113.000,No,2026-05-29,18.00,High,Required for Packaging Materials consumption plan.,0.000,3040.000,BG-2026-02,Generated PR item.,Converted to PO
5835,2835,90,25.000,Sheet,2026-05-23,10.00,High,Required for Packaging Materials consumption plan.,0.000,1760.000,BG-2026-03,Generated PR item.,Converted to PO
5836,2836,91,210.000,No,2026-06-03,6.00,High,Required for Packaging Materials consumption plan.,0.000,1520.000,BG-2026-04,Generated PR item.,Converted to PO
5837,2837,92,486.000,m,2026-05-22,1.20,Urgent,Required for Packaging Materials consumption plan.,0.000,1600.000,BG-2026-05,Generated PR item.,Converted to PO
5838,2838,93,153.000,No,2026-06-07,3.00,High,Required for Packaging Materials consumption plan.,0.000,1760.000,BG-2026-06,Generated PR item.,Converted to PO
5839,2839,94,246.000,No,2026-06-06,35.00,High,Required for Identification & Documentation consumption plan.,0.000,1520.000,BG-2026-07,Generated PR item.,Converted to PO
5840,2840,95,21.000,No,2026-06-09,3.00,High,Required for Identification & Documentation consumption plan.,0.000,1520.000,BG-2026-08,Generated PR item.,Converted to PO
5841,2841,96,160.000,No,2026-05-28,4.00,Urgent,Required for Identification & Documentation consumption plan.,0.000,1520.000,BG-2026-09,Generated PR item.,Converted to PO
5842,2842,97,113.000,No,2026-05-25,2.00,High,Required for Identification & Documentation consumption plan.,0.000,1520.000,BG-2026-10,Generated PR item.,Converted to PO
5843,2843,98,73.000,No,2026-05-29,8.00,High,Required for Identification & Documentation consumption plan.,0.000,1520.000,BG-2026-11,Generated PR item.,Converted to PO
5844,2844,99,81.000,No,2026-06-07,4.00,High,Required for Identification & Documentation consumption plan.,0.000,1520.000,BG-2026-12,Generated PR item.,Converted to PO
5845,2845,1,295.000,No,2026-05-27,1800.00,Urgent,Required for Core Components consumption plan.,0.000,800.000,BG-2026-01,Generated PR item.,Converted to PO
5846,2846,2,339.000,No,2026-06-08,2800.00,High,Required for Core Components consumption plan.,0.000,480.000,BG-2026-02,Generated PR item.,Converted to PO
5847,2847,3,123.000,No,2026-05-26,6200.00,High,Required for Core Components consumption plan.,0.000,240.000,BG-2026-03,Generated PR item.,Converted to PO
5848,2848,4,327.000,No,2026-05-25,1200.00,High,Required for Core Components consumption plan.,0.000,800.000,BG-2026-04,Generated PR item.,Converted to PO
5849,2849,5,467.000,No,2026-05-29,2200.00,Urgent,Required for Core Components consumption plan.,0.000,480.000,BG-2026-05,Generated PR item.,Converted to PO
5850,2850,6,54.000,No,2026-06-08,5000.00,High,Required for Core Components consumption plan.,0.000,240.000,BG-2026-06,Generated PR item.,Converted to PO
5851,2851,7,221.000,No,2026-06-05,180.00,High,Required for Magnetic Components consumption plan.,0.000,6400.000,BG-2026-07,Generated PR item.,Converted to PO
5852,2852,8,154.000,No,2026-06-02,240.00,High,Required for Magnetic Components consumption plan.,0.000,4800.000,BG-2026-08,Generated PR item.,Converted to PO
5853,2853,9,89.000,No,2026-06-07,360.00,Urgent,Required for Magnetic Components consumption plan.,0.000,2880.000,BG-2026-09,Generated PR item.,Converted to PO
5854,2854,10,185.000,No,2026-06-07,450.00,High,Required for Mechanical Components consumption plan.,0.000,800.000,BG-2026-10,Generated PR item.,Converted to PO
5855,2855,11,156.000,No,2026-06-05,750.00,High,Required for Mechanical Components consumption plan.,0.000,480.000,BG-2026-11,Generated PR item.,Converted to PO
5856,2856,12,194.000,No,2026-06-05,1800.00,High,Required for Mechanical Components consumption plan.,0.000,240.000,BG-2026-12,Generated PR item.,Converted to PO
5857,2857,13,24.000,No,2026-05-28,160.00,Urgent,Required for Mechanical Components consumption plan.,0.000,800.000,BG-2026-01,Generated PR item.,Converted to PO
5858,2858,14,19.000,No,2026-06-01,220.00,High,Required for Mechanical Components consumption plan.,0.000,480.000,BG-2026-02,Generated PR item.,Converted to PO
5859,2859,15,162.000,No,2026-06-06,420.00,High,Required for Mechanical Components consumption plan.,0.000,240.000,BG-2026-03,Generated PR item.,Converted to PO
5860,2860,16,79.000,No,2026-05-30,1300.00,High,Required for Mechanical Components consumption plan.,0.000,800.000,BG-2026-04,Generated PR item.,Converted to PO
5861,2861,17,63.000,No,2026-06-06,2400.00,Urgent,Required for Mechanical Components consumption plan.,0.000,480.000,BG-2026-05,Generated PR item.,Converted to PO
5862,2862,18,108.000,No,2026-05-31,5200.00,High,Required for Mechanical Components consumption plan.,0.000,240.000,BG-2026-06,Generated PR item.,Converted to PO
5863,2863,19,183.000,No,2026-06-12,450.00,High,Required for Mechanical Components consumption plan.,0.000,1520.000,BG-2026-07,Generated PR item.,Converted to PO
5864,2864,20,49.000,No,2026-05-31,450.00,High,Required for Mechanical Components consumption plan.,0.000,1520.000,BG-2026-08,Generated PR item.,Converted to PO
5865,2865,21,244.000,No,2026-06-01,60.00,Urgent,Required for Mechanical Components consumption plan.,0.000,1280.000,BG-2026-09,Generated PR item.,Converted to PO
5866,2866,22,108.000,No,2026-06-11,120.00,High,Required for Mechanical Components consumption plan.,0.000,240.000,BG-2026-10,Generated PR item.,Converted to PO
5867,2867,23,19.000,No,2026-06-03,120.00,High,Required for Bearings consumption plan.,0.000,1600.000,BG-2026-11,Generated PR item.,Converted to PO
5868,2868,24,11.000,No,2026-06-07,220.00,High,Required for Bearings consumption plan.,0.000,960.000,BG-2026-12,Generated PR item.,Converted to PO
5869,2869,25,87.000,No,2026-06-06,650.00,Urgent,Required for Bearings consumption plan.,0.000,480.000,BG-2026-01,Generated PR item.,Converted to PO
5870,2870,26,32.000,No,2026-06-04,15.00,High,Required for Sealing Components consumption plan.,0.000,1520.000,BG-2026-02,Generated PR item.,Converted to PO
5871,2871,27,108.000,No,2026-06-14,45.00,High,Required for Sealing Components consumption plan.,0.000,1280.000,BG-2026-03,Generated PR item.,Converted to PO
5872,2872,28,169.000,No,2026-06-13,110.00,High,Required for Sealing Components consumption plan.,0.000,480.000,BG-2026-04,Generated PR item.,Converted to PO
5873,2873,29,108.000,kg,2026-06-05,850.00,Urgent,Required for Electrical Components consumption plan.,0.000,1440.000,BG-2026-05,Generated PR item.,Converted to PO
5874,2874,30,60.000,kg,2026-06-13,880.00,High,Required for Electrical Components consumption plan.,0.000,1536.000,BG-2026-06,Generated PR item.,Converted to PO
5875,2875,31,30.000,kg,2026-06-13,920.00,High,Required for Electrical Components consumption plan.,0.000,1560.000,BG-2026-07,Generated PR item.,Converted to PO
5876,2876,32,362.000,m,2026-06-11,35.00,High,Required for Electrical Components consumption plan.,0.000,2400.000,BG-2026-08,Generated PR item.,Converted to PO
5877,2877,33,255.000,m,2026-06-12,60.00,Urgent,Required for Electrical Components consumption plan.,0.000,1920.000,BG-2026-09,Generated PR item.,Converted to PO
5878,2878,34,43.000,m,2026-06-18,150.00,High,Required for Electrical Components consumption plan.,0.000,1200.000,BG-2026-10,Generated PR item.,Converted to PO
5879,2879,35,49.000,No,2026-06-10,90.00,High,Required for Electrical Components consumption plan.,0.000,800.000,BG-2026-11,Generated PR item.,Converted to PO
5880,2880,36,143.000,No,2026-06-08,180.00,High,Required for Electrical Components consumption plan.,0.000,480.000,BG-2026-12,Generated PR item.,Converted to PO
5881,2881,37,46.000,No,2026-06-12,420.00,Urgent,Required for Electrical Components consumption plan.,0.000,240.000,BG-2026-01,Generated PR item.,Converted to PO
5882,2882,38,101.000,No,2026-06-18,12.00,High,Required for Electrical Components consumption plan.,0.000,4560.000,BG-2026-02,Generated PR item.,Converted to PO
5883,2883,39,35.000,No,2026-06-15,45.00,High,Required for Electronic Components consumption plan.,0.000,2400.000,BG-2026-03,Generated PR item.,Converted to PO
5884,2884,40,201.000,No,2026-06-04,120.00,High,Required for Electronic Components consumption plan.,0.000,800.000,BG-2026-04,Generated PR item.,Converted to PO
5885,2885,41,160.000,No,2026-06-11,1400.00,Urgent,Required for Electronic Components consumption plan.,0.000,480.000,BG-2026-05,Generated PR item.,Converted to PO
5886,2886,42,197.000,No,2026-06-16,3200.00,High,Required for Electronic Components consumption plan.,0.000,240.000,BG-2026-06,Generated PR item.,Converted to PO
5887,2887,43,17.000,No,2026-06-07,85.00,High,Required for Electronic Components consumption plan.,0.000,480.000,BG-2026-07,Generated PR item.,Converted to PO
5888,2888,44,97.000,No,2026-06-21,220.00,High,Required for Electronic Components consumption plan.,0.000,480.000,BG-2026-08,Generated PR item.,Converted to PO
5889,2889,45,70.000,No,2026-06-18,350.00,Urgent,Required for Electronic Components consumption plan.,0.000,1280.000,BG-2026-09,Generated PR item.,Converted to PO
5890,2890,46,158.000,No,2026-06-19,750.00,High,Required for Electronic Components consumption plan.,0.000,240.000,BG-2026-10,Generated PR item.,Converted to PO
5891,2891,47,67.000,Set,2026-06-05,450.00,High,Required for Electronic Components consumption plan.,0.000,1280.000,BG-2026-11,Generated PR item.,Converted to PO
5892,2892,48,22.000,Set,2026-06-14,950.00,High,Required for Electronic Components consumption plan.,0.000,240.000,BG-2026-12,Generated PR item.,Converted to PO
5893,2893,49,194.000,No,2026-06-13,25.00,Urgent,Required for Electronic Components consumption plan.,0.000,800.000,BG-2026-01,Generated PR item.,Converted to PO
5894,2894,50,147.000,No,2026-06-15,40.00,High,Required for Electronic Components consumption plan.,0.000,480.000,BG-2026-02,Generated PR item.,Converted to PO
5895,2895,51,207.000,No,2026-06-19,110.00,High,Required for Electronic Components consumption plan.,0.000,240.000,BG-2026-03,Generated PR item.,Converted to PO
5896,2896,52,24.000,No,2026-06-10,2.00,High,Required for Electronic Components consumption plan.,0.000,4000.000,BG-2026-04,Generated PR item.,Converted to PO
5897,2897,53,248.000,No,2026-06-14,3.00,Urgent,Required for Electronic Components consumption plan.,0.000,2880.000,BG-2026-05,Generated PR item.,Converted to PO
5898,2898,54,111.000,No,2026-06-17,5.00,High,Required for Electronic Components consumption plan.,0.000,1920.000,BG-2026-06,Generated PR item.,Converted to PO
5899,2899,55,73.000,No,2026-06-19,8.00,High,Required for Insulation Materials consumption plan.,0.000,19200.000,BG-2026-07,Generated PR item.,Converted to PO
5900,2900,56,49.000,No,2026-06-19,10.00,High,Required for Insulation Materials consumption plan.,0.000,17280.000,BG-2026-08,Generated PR item.,Converted to PO
5901,2901,57,247.000,No,2026-06-13,12.00,Urgent,Required for Insulation Materials consumption plan.,0.000,11520.000,BG-2026-09,Generated PR item.,Converted to PO
5902,2902,58,222.000,No,2026-06-24,6.00,High,Required for Insulation Materials consumption plan.,0.000,48000.000,BG-2026-10,Generated PR item.,Converted to PO
5903,2903,59,37.000,No,2026-06-08,5.00,High,Required for Insulation Materials consumption plan.,0.000,48000.000,BG-2026-11,Generated PR item.,Converted to PO
5904,2904,60,233.000,m,2026-06-16,18.00,High,Required for Insulation Materials consumption plan.,0.000,400.000,BG-2026-12,Generated PR item.,Converted to PO
5905,2905,61,372.000,m,2026-06-18,25.00,Urgent,Required for Insulation Materials consumption plan.,0.000,384.000,BG-2026-01,Generated PR item.,Converted to PO
5906,2906,62,304.000,m,2026-06-09,45.00,High,Required for Insulation Materials consumption plan.,0.000,240.000,BG-2026-02,Generated PR item.,Converted to PO
5907,2907,63,110.000,No,2026-06-17,3.00,High,Required for Fasteners consumption plan.,0.000,6400.000,BG-2026-03,Generated PR item.,Converted to PO
5908,2908,64,193.000,No,2026-06-19,5.00,High,Required for Fasteners consumption plan.,0.000,4800.000,BG-2026-04,Generated PR item.,Converted to PO
5909,2909,65,197.000,No,2026-06-19,12.00,Urgent,Required for Fasteners consumption plan.,0.000,2880.000,BG-2026-05,Generated PR item.,Converted to PO
5910,2910,66,158.000,No,2026-06-11,1.50,High,Required for Fasteners consumption plan.,0.000,6400.000,BG-2026-06,Generated PR item.,Converted to PO
5911,2911,67,482.000,No,2026-06-13,2.50,High,Required for Fasteners consumption plan.,0.000,4800.000,BG-2026-07,Generated PR item.,Converted to PO
5912,2912,68,117.000,No,2026-06-13,6.00,High,Required for Fasteners consumption plan.,0.000,2880.000,BG-2026-08,Generated PR item.,Converted to PO
5913,2913,69,359.000,No,2026-06-21,0.80,Urgent,Required for Fasteners consumption plan.,0.000,6400.000,BG-2026-09,Generated PR item.,Converted to PO
5914,2914,70,458.000,No,2026-06-15,1.20,High,Required for Fasteners consumption plan.,0.000,4800.000,BG-2026-10,Generated PR item.,Converted to PO
5915,2915,71,402.000,No,2026-06-20,2.50,High,Required for Fasteners consumption plan.,0.000,2880.000,BG-2026-11,Generated PR item.,Converted to PO
5916,2916,72,404.000,No,2026-06-23,0.80,High,Required for Fasteners consumption plan.,0.000,6400.000,BG-2026-12,Generated PR item.,Converted to PO
5917,2917,73,96.000,No,2026-06-24,1.20,Urgent,Required for Fasteners consumption plan.,0.000,4800.000,BG-2026-01,Generated PR item.,Converted to PO
5918,2918,74,84.000,No,2026-06-14,2.50,High,Required for Fasteners consumption plan.,0.000,2880.000,BG-2026-02,Generated PR item.,Converted to PO
5919,2919,75,396.000,No,2026-06-27,4.00,High,Required for Fasteners consumption plan.,0.000,1600.000,BG-2026-03,Generated PR item.,Converted to PO
5920,2920,76,379.000,No,2026-06-13,7.00,High,Required for Fasteners consumption plan.,0.000,960.000,BG-2026-04,Generated PR item.,Converted to PO
5921,2921,77,376.000,No,2026-06-11,15.00,Urgent,Required for Fasteners consumption plan.,0.000,480.000,BG-2026-05,Generated PR item.,Converted to PO
5922,2922,78,221.000,No,2026-06-11,4.00,High,Required for Fasteners consumption plan.,0.000,3040.000,BG-2026-06,Generated PR item.,Converted to PO
5923,2923,79,271.000,No,2026-06-15,4.00,High,Required for Fasteners consumption plan.,0.000,3040.000,BG-2026-07,Generated PR item.,Converted to PO
5924,2924,80,6462.000,ml,2026-06-28,0.80,High,Required for Consumables consumption plan.,0.000,144000.000,BG-2026-08,Generated PR item.,Converted to PO
5925,2925,81,9440.000,g,2026-06-16,1.20,Urgent,Required for Consumables consumption plan.,0.000,42000.000,BG-2026-09,Generated PR item.,Converted to PO
5926,2926,82,55195.000,ml,2026-06-26,1.50,High,Required for Consumables consumption plan.,0.000,8000.000,BG-2026-10,Generated PR item.,Converted to PO
5927,2927,83,4646.000,g,2026-06-21,0.60,High,Required for Consumables consumption plan.,0.000,24000.000,BG-2026-11,Generated PR item.,Converted to PO
5928,2928,84,17354.000,ml,2026-06-14,0.25,High,Required for Consumables consumption plan.,0.000,156000.000,BG-2026-12,Generated PR item.,Converted to PO
5929,2929,85,2311.000,g,2026-06-21,1.80,Urgent,Required for Consumables consumption plan.,0.000,9000.000,BG-2026-01,Generated PR item.,Converted to PO
5930,2930,86,7088.000,g,2026-06-15,1.20,High,Required for Consumables consumption plan.,0.000,4000.000,BG-2026-02,Generated PR item.,Converted to PO
5931,2931,87,29794.000,g,2026-06-23,0.80,High,Required for Consumables consumption plan.,0.000,12000.000,BG-2026-03,Generated PR item.,Converted to PO
5932,2932,88,176.000,No,2026-06-25,45.00,High,Required for Packaging Materials consumption plan.,0.000,1520.000,BG-2026-04,Generated PR item.,Converted to PO
5933,2933,89,238.000,No,2026-06-24,18.00,Urgent,Required for Packaging Materials consumption plan.,0.000,3040.000,BG-2026-05,Generated PR item.,Converted to PO
5934,2934,90,68.000,Sheet,2026-06-21,10.00,High,Required for Packaging Materials consumption plan.,0.000,1760.000,BG-2026-06,Generated PR item.,Converted to PO
5935,2935,91,152.000,No,2026-06-29,6.00,High,Required for Packaging Materials consumption plan.,0.000,1520.000,BG-2026-07,Generated PR item.,Converted to PO
5936,2936,92,448.000,m,2026-06-27,1.20,High,Required for Packaging Materials consumption plan.,0.000,1600.000,BG-2026-08,Generated PR item.,Converted to PO
5937,2937,93,91.000,No,2026-06-21,3.00,Urgent,Required for Packaging Materials consumption plan.,0.000,1760.000,BG-2026-09,Generated PR item.,Converted to PO
5938,2938,94,166.000,No,2026-06-24,35.00,High,Required for Identification & Documentation consumption plan.,0.000,1520.000,BG-2026-10,Generated PR item.,Converted to PO
5939,2939,95,175.000,No,2026-06-18,3.00,High,Required for Identification & Documentation consumption plan.,0.000,1520.000,BG-2026-11,Generated PR item.,Converted to PO
5940,2940,96,209.000,No,2026-07-04,4.00,High,Required for Identification & Documentation consumption plan.,0.000,1520.000,BG-2026-12,Generated PR item.,Converted to PO
5941,2941,97,243.000,No,2026-07-01,2.00,Urgent,Required for Identification & Documentation consumption plan.,0.000,1520.000,BG-2026-01,Generated PR item.,Converted to PO
5942,2942,98,156.000,No,2026-06-23,8.00,High,Required for Identification & Documentation consumption plan.,0.000,1520.000,BG-2026-02,Generated PR item.,Converted to PO
5943,2943,99,148.000,No,2026-06-30,4.00,High,Required for Identification & Documentation consumption plan.,0.000,1520.000,BG-2026-03,Generated PR item.,Converted to PO
5944,2944,1,441.000,No,2026-06-30,1800.00,High,Required for Core Components consumption plan.,0.000,800.000,BG-2026-04,Generated PR item.,Converted to PO
5945,2945,2,358.000,No,2026-06-29,2800.00,Urgent,Required for Core Components consumption plan.,0.000,480.000,BG-2026-05,Generated PR item.,Converted to PO
5946,2946,3,213.000,No,2026-06-20,6200.00,High,Required for Core Components consumption plan.,0.000,240.000,BG-2026-06,Generated PR item.,Converted to PO
5947,2947,4,334.000,No,2026-07-05,1200.00,High,Required for Core Components consumption plan.,0.000,800.000,BG-2026-07,Generated PR item.,Converted to PO
5948,2948,5,297.000,No,2026-07-07,2200.00,High,Required for Core Components consumption plan.,0.000,480.000,BG-2026-08,Generated PR item.,Converted to PO
5949,2949,6,153.000,No,2026-07-07,5000.00,Urgent,Required for Core Components consumption plan.,0.000,240.000,BG-2026-09,Generated PR item.,Converted to PO
5950,2950,7,131.000,No,2026-07-07,180.00,High,Required for Magnetic Components consumption plan.,0.000,6400.000,BG-2026-10,Generated PR item.,Converted to PO
5951,2951,8,158.000,No,2026-07-07,240.00,High,Required for Magnetic Components consumption plan.,0.000,4800.000,BG-2026-11,Generated PR item.,Converted to PO
5952,2952,9,227.000,No,2026-07-04,360.00,High,Required for Magnetic Components consumption plan.,0.000,2880.000,BG-2026-12,Generated PR item.,Converted to PO
5953,2953,10,147.000,No,2026-06-22,450.00,Urgent,Required for Mechanical Components consumption plan.,0.000,800.000,BG-2026-01,Generated PR item.,Converted to PO
5954,2954,11,45.000,No,2026-06-30,750.00,High,Required for Mechanical Components consumption plan.,0.000,480.000,BG-2026-02,Generated PR item.,Converted to PO
5955,2955,12,247.000,No,2026-06-26,1800.00,High,Required for Mechanical Components consumption plan.,0.000,240.000,BG-2026-03,Generated PR item.,Converted to PO
5956,2956,13,147.000,No,2026-06-25,160.00,High,Required for Mechanical Components consumption plan.,0.000,800.000,BG-2026-04,Generated PR item.,Converted to PO
5957,2957,14,75.000,No,2026-07-06,220.00,Urgent,Required for Mechanical Components consumption plan.,0.000,480.000,BG-2026-05,Generated PR item.,Converted to PO
5958,2958,15,190.000,No,2026-07-06,420.00,High,Required for Mechanical Components consumption plan.,0.000,240.000,BG-2026-06,Generated PR item.,Converted to PO
5959,2959,16,99.000,No,2026-07-01,1300.00,High,Required for Mechanical Components consumption plan.,0.000,800.000,BG-2026-07,Generated PR item.,Converted to PO
5960,2960,17,96.000,No,2026-07-06,2400.00,High,Required for Mechanical Components consumption plan.,0.000,480.000,BG-2026-08,Generated PR item.,Converted to PO
5961,2961,18,211.000,No,2026-06-25,5200.00,Urgent,Required for Mechanical Components consumption plan.,0.000,240.000,BG-2026-09,Generated PR item.,Converted to PO
5962,2962,19,218.000,No,2026-06-27,450.00,High,Required for Mechanical Components consumption plan.,0.000,1520.000,BG-2026-10,Generated PR item.,Converted to PO
5963,2963,20,133.000,No,2026-07-09,450.00,High,Required for Mechanical Components consumption plan.,0.000,1520.000,BG-2026-11,Generated PR item.,Converted to PO
5964,2964,21,96.000,No,2026-07-03,60.00,High,Required for Mechanical Components consumption plan.,0.000,1280.000,BG-2026-12,Generated PR item.,Converted to PO
5965,2965,22,217.000,No,2026-07-04,120.00,Urgent,Required for Mechanical Components consumption plan.,0.000,240.000,BG-2026-01,Generated PR item.,Converted to PO
5966,2966,23,21.000,No,2026-07-03,120.00,High,Required for Bearings consumption plan.,0.000,1600.000,BG-2026-02,Generated PR item.,Converted to PO
5967,2967,24,76.000,No,2026-06-28,220.00,High,Required for Bearings consumption plan.,0.000,960.000,BG-2026-03,Generated PR item.,Converted to PO
5968,2968,25,61.000,No,2026-07-10,650.00,High,Required for Bearings consumption plan.,0.000,480.000,BG-2026-04,Generated PR item.,Converted to PO
5969,2969,26,215.000,No,2026-07-09,15.00,Urgent,Required for Sealing Components consumption plan.,0.000,1520.000,BG-2026-05,Generated PR item.,Converted to PO
5970,2970,27,108.000,No,2026-07-08,45.00,High,Required for Sealing Components consumption plan.,0.000,1280.000,BG-2026-06,Generated PR item.,Converted to PO
5971,2971,28,209.000,No,2026-07-03,110.00,High,Required for Sealing Components consumption plan.,0.000,480.000,BG-2026-07,Generated PR item.,Converted to PO
5972,2972,29,12.000,kg,2026-07-08,850.00,High,Required for Electrical Components consumption plan.,0.000,1440.000,BG-2026-08,Generated PR item.,Converted to PO
5973,2973,30,154.000,kg,2026-07-14,880.00,Urgent,Required for Electrical Components consumption plan.,0.000,1536.000,BG-2026-09,Generated PR item.,Converted to PO
5974,2974,31,23.000,kg,2026-07-08,920.00,High,Required for Electrical Components consumption plan.,0.000,1560.000,BG-2026-10,Generated PR item.,Converted to PO
5975,2975,32,328.000,m,2026-07-06,35.00,High,Required for Electrical Components consumption plan.,0.000,2400.000,BG-2026-11,Generated PR item.,Converted to PO
5976,2976,33,113.000,m,2026-07-02,60.00,High,Required for Electrical Components consumption plan.,0.000,1920.000,BG-2026-12,Generated PR item.,Converted to PO
5977,2977,34,483.000,m,2026-07-07,150.00,Urgent,Required for Electrical Components consumption plan.,0.000,1200.000,BG-2026-01,Generated PR item.,Converted to PO
5978,2978,35,194.000,No,2026-07-04,90.00,High,Required for Electrical Components consumption plan.,0.000,800.000,BG-2026-02,Generated PR item.,Converted to PO
5979,2979,36,30.000,No,2026-07-09,180.00,High,Required for Electrical Components consumption plan.,0.000,480.000,BG-2026-03,Generated PR item.,Converted to PO
5980,2980,37,224.000,No,2026-06-28,420.00,High,Required for Electrical Components consumption plan.,0.000,240.000,BG-2026-04,Generated PR item.,Converted to PO
5981,2981,38,66.000,No,2026-07-02,12.00,Urgent,Required for Electrical Components consumption plan.,0.000,4560.000,BG-2026-05,Generated PR item.,Converted to PO
5982,2982,39,139.000,No,2026-07-13,45.00,High,Required for Electronic Components consumption plan.,0.000,2400.000,BG-2026-06,Generated PR item.,Converted to PO
5983,2983,40,25.000,No,2026-07-05,120.00,High,Required for Electronic Components consumption plan.,0.000,800.000,BG-2026-07,Generated PR item.,Converted to PO
5984,2984,41,30.000,No,2026-07-07,1400.00,High,Required for Electronic Components consumption plan.,0.000,480.000,BG-2026-08,Generated PR item.,Converted to PO
5985,2985,42,64.000,No,2026-07-09,3200.00,Urgent,Required for Electronic Components consumption plan.,0.000,240.000,BG-2026-09,Generated PR item.,Converted to PO
5986,2986,43,136.000,No,2026-07-08,85.00,High,Required for Electronic Components consumption plan.,0.000,480.000,BG-2026-10,Generated PR item.,Converted to PO
5987,2987,44,138.000,No,2026-07-14,220.00,High,Required for Electronic Components consumption plan.,0.000,480.000,BG-2026-11,Generated PR item.,Converted to PO
5988,2988,45,215.000,No,2026-07-05,350.00,High,Required for Electronic Components consumption plan.,0.000,1280.000,BG-2026-12,Generated PR item.,Converted to PO
5989,2989,46,45.000,No,2026-07-14,750.00,Urgent,Required for Electronic Components consumption plan.,0.000,240.000,BG-2026-01,Generated PR item.,Converted to PO
5990,2990,47,61.000,Set,2026-07-05,450.00,High,Required for Electronic Components consumption plan.,0.000,1280.000,BG-2026-02,Generated PR item.,Converted to PO
5991,2991,48,5.000,Set,2026-07-08,950.00,High,Required for Electronic Components consumption plan.,0.000,240.000,BG-2026-03,Generated PR item.,Converted to PO
5992,2992,49,76.000,No,2026-07-12,25.00,High,Required for Electronic Components consumption plan.,0.000,800.000,BG-2026-04,Generated PR item.,Converted to PO
5993,2993,50,48.000,No,2026-07-17,40.00,Urgent,Required for Electronic Components consumption plan.,0.000,480.000,BG-2026-05,Generated PR item.,Converted to PO
5994,2994,51,35.000,No,2026-07-07,110.00,High,Required for Electronic Components consumption plan.,0.000,240.000,BG-2026-06,Generated PR item.,Converted to PO
5995,2995,52,148.000,No,2026-07-13,2.00,High,Required for Electronic Components consumption plan.,0.000,4000.000,BG-2026-07,Generated PR item.,Converted to PO
5996,2996,53,226.000,No,2026-07-04,3.00,High,Required for Electronic Components consumption plan.,0.000,2880.000,BG-2026-08,Generated PR item.,Converted to PO
5997,2997,54,169.000,No,2026-07-04,5.00,Urgent,Required for Electronic Components consumption plan.,0.000,1920.000,BG-2026-09,Generated PR item.,Converted to PO
5998,2998,55,215.000,No,2026-07-16,8.00,High,Required for Insulation Materials consumption plan.,0.000,19200.000,BG-2026-10,Generated PR item.,Converted to PO
5999,2999,56,150.000,No,2026-07-16,10.00,High,Required for Insulation Materials consumption plan.,0.000,17280.000,BG-2026-11,Generated PR item.,Converted to PO
6000,3000,57,18.000,No,2026-07-10,12.00,High,Required for Insulation Materials consumption plan.,0.000,11520.000,BG-2026-12,Generated PR item.,Converted to PO
