po_id,po_number,pr_id,vendor_id,department_id,po_date,expected_delivery_date,payment_terms,delivery_terms,billing_address,shipping_address,subtotal_amount,tax_amount,freight_charges,discount_amount,currency,po_status,approval_status,approved_by,approved_date,remarks
301,PO-2024-0301,151,1,1,2024-04-04,2024-04-24,30 Days,Door delivery to factory stores,"EV Motor Plant, Accounts Payable, Hosur","EV Motor Plant Central Stores, Hosur",595764.00,107237.52,500.00,0.00,INR,Issued,Approved,6,2024-04-04,Generated purchase order from approved PR.
302,PO-2024-0302,152,2,2,2024-04-02,2024-04-08,45 Days,Door delivery to factory stores,"EV Motor Plant, Accounts Payable, Hosur","EV Motor Plant Central Stores, Hosur",635368.76,114366.38,575.00,0.00,INR,Issued,Approved,7,2024-04-02,Generated purchase order from approved PR.
303,PO-2024-0303,153,3,2,2024-04-08,2024-04-14,60 Days,Door delivery to factory stores,"EV Motor Plant, Accounts Payable, Hosur","EV Motor Plant Central Stores, Hosur",1137065.12,204671.72,650.00,0.00,INR,Issued,Approved,8,2024-04-08,Generated purchase order from approved PR.
304,PO-2024-0304,154,4,1,2024-04-09,2024-04-28,30 Days,Door delivery to factory stores,"EV Motor Plant, Accounts Payable, Hosur","EV Motor Plant Central Stores, Hosur",374194.07,67354.93,725.00,0.00,INR,Issued,Approved,9,2024-04-09,Generated purchase order from approved PR.
305,PO-2024-0305,155,5,3,2024-04-07,2024-04-22,45 Days,Door delivery to factory stores,"EV Motor Plant, Accounts Payable, Hosur","EV Motor Plant Central Stores, Hosur",461156.16,83008.11,800.00,0.00,INR,Issued,Approved,10,2024-04-07,Generated purchase order from approved PR.
306,PO-2024-0306,156,6,3,2024-04-03,2024-04-15,60 Days,Door delivery to factory stores,"EV Motor Plant, Accounts Payable, Hosur","EV Motor Plant Central Stores, Hosur",2106597.50,379187.55,875.00,0.00,INR,Issued,Approved,11,2024-04-03,Generated purchase order from approved PR.
307,PO-2024-0307,157,7,4,2024-04-08,2024-04-30,30 Days,Door delivery to factory stores,"EV Motor Plant, Accounts Payable, Hosur","EV Motor Plant Central Stores, Hosur",68785.35,12381.36,950.00,0.00,INR,Issued,Approved,12,2024-04-08,Generated purchase order from approved PR.
308,PO-2024-0308,158,8,4,2024-04-06,2024-04-26,45 Days,Door delivery to factory stores,"EV Motor Plant, Accounts Payable, Hosur","EV Motor Plant Central Stores, Hosur",32153.76,5787.68,1025.00,0.00,INR,Issued,Approved,13,2024-04-06,Generated purchase order from approved PR.
309,PO-2024-0309,159,9,5,2024-04-09,2024-04-15,60 Days,Door delivery to factory stores,"EV Motor Plant, Accounts Payable, Hosur","EV Motor Plant Central Stores, Hosur",66315.12,11936.72,1100.00,0.00,INR,Issued,Approved,1,2024-04-09,Generated purchase order from approved PR.
310,PO-2024-0310,160,10,5,2024-04-08,2024-04-24,30 Days,Door delivery to factory stores,"EV Motor Plant, Accounts Payable, Hosur","EV Motor Plant Central Stores, Hosur",99549.90,17918.98,1175.00,0.00,INR,Issued,Approved,3,2024-04-08,Generated purchase order from approved PR.
311,PO-2024-0311,161,11,6,2024-04-08,2024-04-27,45 Days,Door delivery to factory stores,"EV Motor Plant, Accounts Payable, Hosur","EV Motor Plant Central Stores, Hosur",58356.00,10504.08,1250.00,0.00,INR,Issued,Approved,4,2024-04-08,Generated purchase order from approved PR.
312,PO-2024-0312,162,12,6,2024-04-11,2024-04-26,60 Days,Door delivery to factory stores,"EV Motor Plant, Accounts Payable, Hosur","EV Motor Plant Central Stores, Hosur",431232.90,77621.92,1325.00,0.00,INR,Issued,Approved,5,2024-04-11,Generated purchase order from approved PR.
313,PO-2024-0313,163,13,1,2024-04-07,2024-04-30,30 Days,Door delivery to factory stores,"EV Motor Plant, Accounts Payable, Hosur","EV Motor Plant Central Stores, Hosur",21125.30,3802.55,1400.00,0.00,INR,Issued,Approved,6,2024-04-07,Generated purchase order from approved PR.
314,PO-2024-0314,164,14,2,2024-04-11,2024-04-29,45 Days,Door delivery to factory stores,"EV Motor Plant, Accounts Payable, Hosur","EV Motor Plant Central Stores, Hosur",38630.80,6953.54,1475.00,0.00,INR,Issued,Approved,7,2024-04-11,Generated purchase order from approved PR.
315,PO-2024-0315,165,15,2,2024-04-09,2024-04-15,60 Days,Door delivery to factory stores,"EV Motor Plant, Accounts Payable, Hosur","EV Motor Plant Central Stores, Hosur",106962.48,19253.25,1550.00,0.00,INR,Issued,Approved,8,2024-04-09,Generated purchase order from approved PR.
316,PO-2024-0316,166,16,1,2024-04-07,2024-04-15,30 Days,Door delivery to factory stores,"EV Motor Plant, Accounts Payable, Hosur","EV Motor Plant Central Stores, Hosur",149760.00,26956.80,1625.00,0.00,INR,Issued,Approved,9,2024-04-07,Generated purchase order from approved PR.
317,PO-2024-0317,167,17,3,2024-04-08,2024-04-28,45 Days,Door delivery to factory stores,"EV Motor Plant, Accounts Payable, Hosur","EV Motor Plant Central Stores, Hosur",132144.85,23786.07,1700.00,0.00,INR,Issued,Approved,10,2024-04-08,Generated purchase order from approved PR.
318,PO-2024-0318,168,18,3,2024-04-07,2024-04-30,60 Days,Door delivery to factory stores,"EV Motor Plant, Accounts Payable, Hosur","EV Motor Plant Central Stores, Hosur",1007076.32,181273.74,1775.00,0.00,INR,Issued,Approved,11,2024-04-07,Generated purchase order from approved PR.
319,PO-2024-0319,169,19,4,2024-04-06,2024-04-12,30 Days,Door delivery to factory stores,"EV Motor Plant, Accounts Payable, Hosur","EV Motor Plant Central Stores, Hosur",2852.85,513.51,1850.00,0.00,INR,Issued,Approved,12,2024-04-06,Generated purchase order from approved PR.
320,PO-2024-0320,170,20,4,2024-04-12,2024-04-18,45 Days,Door delivery to factory stores,"EV Motor Plant, Accounts Payable, Hosur","EV Motor Plant Central Stores, Hosur",57717.00,10389.06,1925.00,0.00,INR,Issued,Approved,13,2024-04-12,Generated purchase order from approved PR.
321,PO-2024-0321,171,21,5,2024-04-11,2024-04-30,60 Days,Door delivery to factory stores,"EV Motor Plant, Accounts Payable, Hosur","EV Motor Plant Central Stores, Hosur",15696.00,2825.28,500.00,0.00,INR,Issued,Approved,1,2024-04-11,Generated purchase order from approved PR.
322,PO-2024-0322,172,22,5,2024-04-08,2024-04-14,30 Days,Door delivery to factory stores,"EV Motor Plant, Accounts Payable, Hosur","EV Motor Plant Central Stores, Hosur",232150.80,41787.14,575.00,0.00,INR,Issued,Approved,3,2024-04-08,Generated purchase order from approved PR.
323,PO-2024-0323,173,23,6,2024-04-09,2024-04-15,45 Days,Door delivery to factory stores,"EV Motor Plant, Accounts Payable, Hosur","EV Motor Plant Central Stores, Hosur",1326640.00,238795.20,650.00,0.00,INR,Issued,Approved,4,2024-04-09,Generated purchase order from approved PR.
324,PO-2024-0324,174,24,6,2024-04-11,2024-05-02,60 Days,Door delivery to factory stores,"EV Motor Plant, Accounts Payable, Hosur","EV Motor Plant Central Stores, Hosur",2992984.50,538737.21,725.00,0.00,INR,Issued,Approved,5,2024-04-11,Generated purchase order from approved PR.
325,PO-2024-0325,175,25,1,2024-04-13,2024-05-03,30 Days,Door delivery to factory stores,"EV Motor Plant, Accounts Payable, Hosur","EV Motor Plant Central Stores, Hosur",651953.00,117351.54,800.00,0.00,INR,Issued,Approved,6,2024-04-13,Generated purchase order from approved PR.
326,PO-2024-0326,176,26,2,2024-04-13,2024-05-04,45 Days,Door delivery to factory stores,"EV Motor Plant, Accounts Payable, Hosur","EV Motor Plant Central Stores, Hosur",324645.00,58436.10,875.00,0.00,INR,Issued,Approved,7,2024-04-13,Generated purchase order from approved PR.
327,PO-2024-0327,177,27,2,2024-04-13,2024-04-30,60 Days,Door delivery to factory stores,"EV Motor Plant, Accounts Payable, Hosur","EV Motor Plant Central Stores, Hosur",1584400.44,285192.08,950.00,0.00,INR,Issued,Approved,8,2024-04-13,Generated purchase order from approved PR.
328,PO-2024-0328,178,28,1,2024-04-14,2024-04-25,30 Days,Door delivery to factory stores,"EV Motor Plant, Accounts Payable, Hosur","EV Motor Plant Central Stores, Hosur",49563.60,8921.45,1025.00,0.00,INR,Issued,Approved,9,2024-04-14,Generated purchase order from approved PR.
329,PO-2024-0329,179,29,3,2024-04-10,2024-05-02,45 Days,Door delivery to factory stores,"EV Motor Plant, Accounts Payable, Hosur","EV Motor Plant Central Stores, Hosur",135985.85,24477.45,1100.00,0.00,INR,Issued,Approved,10,2024-04-10,Generated purchase order from approved PR.
330,PO-2024-0330,180,30,3,2024-04-10,2024-04-20,60 Days,Door delivery to factory stores,"EV Motor Plant, Accounts Payable, Hosur","EV Motor Plant Central Stores, Hosur",141404.00,25452.72,1175.00,0.00,INR,Issued,Approved,11,2024-04-10,Generated purchase order from approved PR.
331,PO-2024-0331,181,31,4,2024-04-10,2024-04-20,30 Days,Door delivery to factory stores,"EV Motor Plant, Accounts Payable, Hosur","EV Motor Plant Central Stores, Hosur",179330.00,32279.40,1250.00,0.00,INR,Issued,Approved,12,2024-04-10,Generated purchase order from approved PR.
332,PO-2024-0332,182,32,4,2024-04-13,2024-05-04,45 Days,Door delivery to factory stores,"EV Motor Plant, Accounts Payable, Hosur","EV Motor Plant Central Stores, Hosur",21838.12,3930.86,1325.00,0.00,INR,Issued,Approved,13,2024-04-13,Generated purchase order from approved PR.
333,PO-2024-0333,183,33,5,2024-04-09,2024-04-26,60 Days,Door delivery to factory stores,"EV Motor Plant, Accounts Payable, Hosur","EV Motor Plant Central Stores, Hosur",152337.00,27420.66,1400.00,0.00,INR,Issued,Approved,1,2024-04-09,Generated purchase order from approved PR.
334,PO-2024-0334,184,34,5,2024-04-14,2024-05-06,30 Days,Door delivery to factory stores,"EV Motor Plant, Accounts Payable, Hosur","EV Motor Plant Central Stores, Hosur",37525.95,6754.67,1475.00,0.00,INR,Issued,Approved,3,2024-04-14,Generated purchase order from approved PR.
335,PO-2024-0335,185,35,6,2024-04-15,2024-04-22,45 Days,Door delivery to factory stores,"EV Motor Plant, Accounts Payable, Hosur","EV Motor Plant Central Stores, Hosur",28100.60,5058.11,1550.00,0.00,INR,Issued,Approved,4,2024-04-15,Generated purchase order from approved PR.
336,PO-2024-0336,186,1,6,2024-04-13,2024-05-06,60 Days,Door delivery to factory stores,"EV Motor Plant, Accounts Payable, Hosur","EV Motor Plant Central Stores, Hosur",35220.00,6339.60,1625.00,0.00,INR,Issued,Approved,5,2024-04-13,Generated purchase order from approved PR.
337,PO-2024-0337,187,2,1,2024-04-16,2024-05-02,30 Days,Door delivery to factory stores,"EV Motor Plant, Accounts Payable, Hosur","EV Motor Plant Central Stores, Hosur",286595.40,51587.17,1700.00,0.00,INR,Issued,Approved,6,2024-04-16,Generated purchase order from approved PR.
338,PO-2024-0338,188,3,2,2024-04-17,2024-05-04,45 Days,Door delivery to factory stores,"EV Motor Plant, Accounts Payable, Hosur","EV Motor Plant Central Stores, Hosur",373679.88,67262.38,1775.00,0.00,INR,Issued,Approved,7,2024-04-17,Generated purchase order from approved PR.
339,PO-2024-0339,189,4,2,2024-04-12,2024-05-04,60 Days,Door delivery to factory stores,"EV Motor Plant, Accounts Payable, Hosur","EV Motor Plant Central Stores, Hosur",720109.80,129619.76,1850.00,0.00,INR,Issued,Approved,8,2024-04-12,Generated purchase order from approved PR.
340,PO-2024-0340,190,5,1,2024-04-13,2024-04-25,30 Days,Door delivery to factory stores,"EV Motor Plant, Accounts Payable, Hosur","EV Motor Plant Central Stores, Hosur",98961.60,17813.09,1925.00,0.00,INR,Issued,Approved,9,2024-04-13,Generated purchase order from approved PR.
341,PO-2024-0341,191,6,3,2024-04-14,2024-05-02,45 Days,Door delivery to factory stores,"EV Motor Plant, Accounts Payable, Hosur","EV Motor Plant Central Stores, Hosur",312300.00,56214.00,500.00,0.00,INR,Issued,Approved,10,2024-04-14,Generated purchase order from approved PR.
342,PO-2024-0342,192,7,3,2024-04-13,2024-04-30,60 Days,Door delivery to factory stores,"EV Motor Plant, Accounts Payable, Hosur","EV Motor Plant Central Stores, Hosur",516269.60,92928.53,575.00,0.00,INR,Issued,Approved,11,2024-04-13,Generated purchase order from approved PR.
343,PO-2024-0343,193,8,4,2024-04-19,2024-05-08,30 Days,Door delivery to factory stores,"EV Motor Plant, Accounts Payable, Hosur","EV Motor Plant Central Stores, Hosur",26409.20,4753.66,650.00,0.00,INR,Issued,Approved,12,2024-04-19,Generated purchase order from approved PR.
344,PO-2024-0344,194,9,4,2024-04-16,2024-05-08,45 Days,Door delivery to factory stores,"EV Motor Plant, Accounts Payable, Hosur","EV Motor Plant Central Stores, Hosur",32792.10,5902.58,725.00,0.00,INR,Issued,Approved,13,2024-04-16,Generated purchase order from approved PR.
345,PO-2024-0345,195,10,5,2024-04-16,2024-05-03,60 Days,Door delivery to factory stores,"EV Motor Plant, Accounts Payable, Hosur","EV Motor Plant Central Stores, Hosur",8236.20,1482.52,800.00,0.00,INR,Issued,Approved,1,2024-04-16,Generated purchase order from approved PR.
346,PO-2024-0346,196,11,5,2024-04-18,2024-04-24,30 Days,Door delivery to factory stores,"EV Motor Plant, Accounts Payable, Hosur","EV Motor Plant Central Stores, Hosur",46400.00,8352.00,875.00,0.00,INR,Issued,Approved,3,2024-04-18,Generated purchase order from approved PR.
347,PO-2024-0347,197,12,6,2024-04-16,2024-04-24,45 Days,Door delivery to factory stores,"EV Motor Plant, Accounts Payable, Hosur","EV Motor Plant Central Stores, Hosur",20707.25,3727.31,950.00,0.00,INR,Issued,Approved,4,2024-04-16,Generated purchase order from approved PR.
348,PO-2024-0348,198,13,6,2024-04-22,2024-05-15,60 Days,Door delivery to factory stores,"EV Motor Plant, Accounts Payable, Hosur","EV Motor Plant Central Stores, Hosur",28809.10,5185.64,1025.00,0.00,INR,Issued,Approved,5,2024-04-22,Generated purchase order from approved PR.
349,PO-2024-0349,199,14,1,2024-04-18,2024-05-11,30 Days,Door delivery to factory stores,"EV Motor Plant, Accounts Payable, Hosur","EV Motor Plant Central Stores, Hosur",15002.13,2700.38,1100.00,0.00,INR,Issued,Approved,6,2024-04-18,Generated purchase order from approved PR.
350,PO-2024-0350,200,15,2,2024-04-16,2024-05-09,45 Days,Door delivery to factory stores,"EV Motor Plant, Accounts Payable, Hosur","EV Motor Plant Central Stores, Hosur",128482.60,23126.87,1175.00,0.00,INR,Issued,Approved,7,2024-04-16,Generated purchase order from approved PR.
351,PO-2024-0351,201,16,2,2024-04-18,2024-04-23,60 Days,Door delivery to factory stores,"EV Motor Plant, Accounts Payable, Hosur","EV Motor Plant Central Stores, Hosur",170390.00,30670.20,1250.00,0.00,INR,Issued,Approved,8,2024-04-18,Generated purchase order from approved PR.
352,PO-2024-0352,202,17,1,2024-04-23,2024-05-05,30 Days,Door delivery to factory stores,"EV Motor Plant, Accounts Payable, Hosur","EV Motor Plant Central Stores, Hosur",93497.74,16829.59,1325.00,0.00,INR,Issued,Approved,9,2024-04-23,Generated purchase order from approved PR.
353,PO-2024-0353,203,18,3,2024-04-20,2024-05-09,45 Days,Door delivery to factory stores,"EV Motor Plant, Accounts Payable, Hosur","EV Motor Plant Central Stores, Hosur",5152.06,927.37,1400.00,0.00,INR,Issued,Approved,10,2024-04-20,Generated purchase order from approved PR.
354,PO-2024-0354,204,19,3,2024-04-20,2024-05-09,60 Days,Door delivery to factory stores,"EV Motor Plant, Accounts Payable, Hosur","EV Motor Plant Central Stores, Hosur",23136.66,4164.60,1475.00,0.00,INR,Issued,Approved,11,2024-04-20,Generated purchase order from approved PR.
355,PO-2024-0355,205,20,4,2024-04-20,2024-04-26,30 Days,Door delivery to factory stores,"EV Motor Plant, Accounts Payable, Hosur","EV Motor Plant Central Stores, Hosur",17829.20,3209.26,1550.00,0.00,INR,Issued,Approved,12,2024-04-20,Generated purchase order from approved PR.
356,PO-2024-0356,206,21,4,2024-04-21,2024-05-07,45 Days,Door delivery to factory stores,"EV Motor Plant, Accounts Payable, Hosur","EV Motor Plant Central Stores, Hosur",23530.00,4235.40,1625.00,0.00,INR,Issued,Approved,13,2024-04-21,Generated purchase order from approved PR.
357,PO-2024-0357,207,22,5,2024-04-20,2024-04-27,60 Days,Door delivery to factory stores,"EV Motor Plant, Accounts Payable, Hosur","EV Motor Plant Central Stores, Hosur",16211.58,2918.08,1700.00,0.00,INR,Issued,Approved,1,2024-04-20,Generated purchase order from approved PR.
358,PO-2024-0358,208,23,5,2024-04-25,2024-05-09,30 Days,Door delivery to factory stores,"EV Motor Plant, Accounts Payable, Hosur","EV Motor Plant Central Stores, Hosur",40200.90,7236.16,1775.00,0.00,INR,Issued,Approved,3,2024-04-25,Generated purchase order from approved PR.
359,PO-2024-0359,209,24,6,2024-04-23,2024-05-02,45 Days,Door delivery to factory stores,"EV Motor Plant, Accounts Payable, Hosur","EV Motor Plant Central Stores, Hosur",3011.33,542.04,1850.00,0.00,INR,Issued,Approved,4,2024-04-23,Generated purchase order from approved PR.
360,PO-2024-0360,210,25,6,2024-04-20,2024-04-26,60 Days,Door delivery to factory stores,"EV Motor Plant, Accounts Payable, Hosur","EV Motor Plant Central Stores, Hosur",763.20,137.38,1925.00,0.00,INR,Issued,Approved,5,2024-04-20,Generated purchase order from approved PR.
361,PO-2024-0361,211,26,1,2024-04-24,2024-04-30,30 Days,Door delivery to factory stores,"EV Motor Plant, Accounts Payable, Hosur","EV Motor Plant Central Stores, Hosur",8480.00,1526.40,500.00,0.00,INR,Issued,Approved,6,2024-04-24,Generated purchase order from approved PR.
362,PO-2024-0362,212,27,2,2024-04-22,2024-05-14,45 Days,Door delivery to factory stores,"EV Motor Plant, Accounts Payable, Hosur","EV Motor Plant Central Stores, Hosur",54165.96,9749.87,575.00,0.00,INR,Issued,Approved,7,2024-04-22,Generated purchase order from approved PR.
363,PO-2024-0363,213,28,2,2024-04-23,2024-05-12,60 Days,Door delivery to factory stores,"EV Motor Plant, Accounts Payable, Hosur","EV Motor Plant Central Stores, Hosur",333245.17,59984.13,650.00,0.00,INR,Issued,Approved,8,2024-04-23,Generated purchase order from approved PR.
364,PO-2024-0364,214,29,1,2024-04-23,2024-05-15,30 Days,Door delivery to factory stores,"EV Motor Plant, Accounts Payable, Hosur","EV Motor Plant Central Stores, Hosur",12864.98,2315.70,725.00,0.00,INR,Issued,Approved,9,2024-04-23,Generated purchase order from approved PR.
365,PO-2024-0365,215,30,3,2024-04-26,2024-05-09,45 Days,Door delivery to factory stores,"EV Motor Plant, Accounts Payable, Hosur","EV Motor Plant Central Stores, Hosur",13601.92,2448.35,800.00,0.00,INR,Issued,Approved,10,2024-04-26,Generated purchase order from approved PR.
366,PO-2024-0366,216,31,3,2024-04-25,2024-05-07,60 Days,Door delivery to factory stores,"EV Motor Plant, Accounts Payable, Hosur","EV Motor Plant Central Stores, Hosur",31576.00,5683.68,875.00,0.00,INR,Issued,Approved,11,2024-04-25,Generated purchase order from approved PR.
367,PO-2024-0367,217,32,4,2024-04-27,2024-05-08,30 Days,Door delivery to factory stores,"EV Motor Plant, Accounts Payable, Hosur","EV Motor Plant Central Stores, Hosur",148109.22,26659.66,950.00,0.00,INR,Issued,Approved,12,2024-04-27,Generated purchase order from approved PR.
368,PO-2024-0368,218,33,4,2024-04-27,2024-05-13,45 Days,Door delivery to factory stores,"EV Motor Plant, Accounts Payable, Hosur","EV Motor Plant Central Stores, Hosur",36326.04,6538.69,1025.00,0.00,INR,Issued,Approved,13,2024-04-27,Generated purchase order from approved PR.
369,PO-2024-0369,219,34,5,2024-04-26,2024-05-07,60 Days,Door delivery to factory stores,"EV Motor Plant, Accounts Payable, Hosur","EV Motor Plant Central Stores, Hosur",6162.30,1109.21,1100.00,0.00,INR,Issued,Approved,1,2024-04-26,Generated purchase order from approved PR.
370,PO-2024-0370,220,35,5,2024-04-27,2024-05-16,30 Days,Door delivery to factory stores,"EV Motor Plant, Accounts Payable, Hosur","EV Motor Plant Central Stores, Hosur",4572.91,823.12,1175.00,0.00,INR,Issued,Approved,3,2024-04-27,Generated purchase order from approved PR.
371,PO-2024-0371,221,1,6,2024-04-27,2024-05-17,45 Days,Door delivery to factory stores,"EV Motor Plant, Accounts Payable, Hosur","EV Motor Plant Central Stores, Hosur",887.50,159.75,1250.00,0.00,INR,Issued,Approved,4,2024-04-27,Generated purchase order from approved PR.
372,PO-2024-0372,222,2,6,2024-04-24,2024-05-15,60 Days,Door delivery to factory stores,"EV Motor Plant, Accounts Payable, Hosur","EV Motor Plant Central Stores, Hosur",14951.51,2691.27,1325.00,0.00,INR,Issued,Approved,5,2024-04-24,Generated purchase order from approved PR.
373,PO-2024-0373,223,3,1,2024-04-28,2024-05-07,30 Days,Door delivery to factory stores,"EV Motor Plant, Accounts Payable, Hosur","EV Motor Plant Central Stores, Hosur",723.10,130.16,1400.00,0.00,INR,Issued,Approved,6,2024-04-28,Generated purchase order from approved PR.
374,PO-2024-0374,224,4,2,2024-04-29,2024-05-14,45 Days,Door delivery to factory stores,"EV Motor Plant, Accounts Payable, Hosur","EV Motor Plant Central Stores, Hosur",712.05,128.17,1475.00,0.00,INR,Issued,Approved,7,2024-04-29,Generated purchase order from approved PR.
375,PO-2024-0375,225,5,2,2024-04-25,2024-05-04,60 Days,Door delivery to factory stores,"EV Motor Plant, Accounts Payable, Hosur","EV Motor Plant Central Stores, Hosur",1414.04,254.53,1550.00,0.00,INR,Issued,Approved,8,2024-04-25,Generated purchase order from approved PR.
376,PO-2024-0376,226,6,1,2024-04-26,2024-05-01,30 Days,Door delivery to factory stores,"EV Motor Plant, Accounts Payable, Hosur","EV Motor Plant Central Stores, Hosur",3848.00,692.64,1625.00,0.00,INR,Issued,Approved,9,2024-04-26,Generated purchase order from approved PR.
377,PO-2024-0377,227,7,3,2024-04-29,2024-05-17,45 Days,Door delivery to factory stores,"EV Motor Plant, Accounts Payable, Hosur","EV Motor Plant Central Stores, Hosur",5213.08,938.35,1700.00,0.00,INR,Issued,Approved,10,2024-04-29,Generated purchase order from approved PR.
378,PO-2024-0378,228,8,3,2024-04-30,2024-05-15,60 Days,Door delivery to factory stores,"EV Motor Plant, Accounts Payable, Hosur","EV Motor Plant Central Stores, Hosur",2842.80,511.70,1775.00,0.00,INR,Issued,Approved,11,2024-04-30,Generated purchase order from approved PR.
379,PO-2024-0379,229,9,4,2024-04-28,2024-05-16,30 Days,Door delivery to factory stores,"EV Motor Plant, Accounts Payable, Hosur","EV Motor Plant Central Stores, Hosur",1968.78,354.38,1850.00,0.00,INR,Issued,Approved,12,2024-04-28,Generated purchase order from approved PR.
380,PO-2024-0380,230,10,4,2024-05-02,2024-05-08,45 Days,Door delivery to factory stores,"EV Motor Plant, Accounts Payable, Hosur","EV Motor Plant Central Stores, Hosur",14519.85,2613.57,1925.00,0.00,INR,Issued,Approved,13,2024-05-02,Generated purchase order from approved PR.
381,PO-2024-0381,231,11,5,2024-04-28,2024-05-21,60 Days,Door delivery to factory stores,"EV Motor Plant, Accounts Payable, Hosur","EV Motor Plant Central Stores, Hosur",12132.00,2183.76,500.00,0.00,INR,Issued,Approved,1,2024-04-28,Generated purchase order from approved PR.
382,PO-2024-0382,232,12,5,2024-05-02,2024-05-25,30 Days,Door delivery to factory stores,"EV Motor Plant, Accounts Payable, Hosur","EV Motor Plant Central Stores, Hosur",36832.28,6629.81,575.00,0.00,INR,Issued,Approved,3,2024-05-02,Generated purchase order from approved PR.
383,PO-2024-0383,233,13,6,2024-04-28,2024-05-11,45 Days,Door delivery to factory stores,"EV Motor Plant, Accounts Payable, Hosur","EV Motor Plant Central Stores, Hosur",27308.29,4915.49,650.00,0.00,INR,Issued,Approved,4,2024-04-28,Generated purchase order from approved PR.
384,PO-2024-0384,234,14,6,2024-04-27,2024-05-18,60 Days,Door delivery to factory stores,"EV Motor Plant, Accounts Payable, Hosur","EV Motor Plant Central Stores, Hosur",27010.38,4861.87,725.00,0.00,INR,Issued,Approved,5,2024-04-27,Generated purchase order from approved PR.
385,PO-2024-0385,235,15,1,2024-04-30,2024-05-09,30 Days,Door delivery to factory stores,"EV Motor Plant, Accounts Payable, Hosur","EV Motor Plant Central Stores, Hosur",35641.50,6415.47,800.00,0.00,INR,Issued,Approved,6,2024-04-30,Generated purchase order from approved PR.
386,PO-2024-0386,236,16,2,2024-04-28,2024-05-17,45 Days,Door delivery to factory stores,"EV Motor Plant, Accounts Payable, Hosur","EV Motor Plant Central Stores, Hosur",27470.40,4944.67,875.00,0.00,INR,Issued,Approved,7,2024-04-28,Generated purchase order from approved PR.
387,PO-2024-0387,237,17,2,2024-05-03,2024-05-24,60 Days,Door delivery to factory stores,"EV Motor Plant, Accounts Payable, Hosur","EV Motor Plant Central Stores, Hosur",16015.66,2882.82,950.00,0.00,INR,Issued,Approved,8,2024-05-03,Generated purchase order from approved PR.
388,PO-2024-0388,238,18,1,2024-05-04,2024-05-24,30 Days,Door delivery to factory stores,"EV Motor Plant, Accounts Payable, Hosur","EV Motor Plant Central Stores, Hosur",8293.65,1492.86,1025.00,0.00,INR,Issued,Approved,9,2024-05-04,Generated purchase order from approved PR.
389,PO-2024-0389,239,19,3,2024-05-03,2024-05-23,45 Days,Door delivery to factory stores,"EV Motor Plant, Accounts Payable, Hosur","EV Motor Plant Central Stores, Hosur",4997.19,899.49,1100.00,0.00,INR,Issued,Approved,10,2024-05-03,Generated purchase order from approved PR.
390,PO-2024-0390,240,20,3,2024-05-06,2024-05-19,60 Days,Door delivery to factory stores,"EV Motor Plant, Accounts Payable, Hosur","EV Motor Plant Central Stores, Hosur",2796.70,503.41,1175.00,0.00,INR,Issued,Approved,11,2024-05-06,Generated purchase order from approved PR.
391,PO-2024-0391,241,21,4,2024-05-05,2024-05-25,30 Days,Door delivery to factory stores,"EV Motor Plant, Accounts Payable, Hosur","EV Motor Plant Central Stores, Hosur",1473.60,265.25,1250.00,0.00,INR,Issued,Approved,12,2024-05-05,Generated purchase order from approved PR.
392,PO-2024-0392,242,22,4,2024-04-30,2024-05-18,45 Days,Door delivery to factory stores,"EV Motor Plant, Accounts Payable, Hosur","EV Motor Plant Central Stores, Hosur",1132.28,203.81,1325.00,0.00,INR,Issued,Approved,13,2024-04-30,Generated purchase order from approved PR.
393,PO-2024-0393,243,23,5,2024-05-02,2024-05-09,60 Days,Door delivery to factory stores,"EV Motor Plant, Accounts Payable, Hosur","EV Motor Plant Central Stores, Hosur",685.19,123.33,1400.00,0.00,INR,Issued,Approved,1,2024-05-02,Generated purchase order from approved PR.
394,PO-2024-0394,244,24,5,2024-05-02,2024-05-09,30 Days,Door delivery to factory stores,"EV Motor Plant, Accounts Payable, Hosur","EV Motor Plant Central Stores, Hosur",9280.52,1670.49,1475.00,0.00,INR,Issued,Approved,3,2024-05-02,Generated purchase order from approved PR.
395,PO-2024-0395,245,25,6,2024-05-07,2024-05-26,45 Days,Door delivery to factory stores,"EV Motor Plant, Accounts Payable, Hosur","EV Motor Plant Central Stores, Hosur",434.07,78.13,1550.00,0.00,INR,Issued,Approved,4,2024-05-07,Generated purchase order from approved PR.
396,PO-2024-0396,246,26,6,2024-05-01,2024-05-17,60 Days,Door delivery to factory stores,"EV Motor Plant, Accounts Payable, Hosur","EV Motor Plant Central Stores, Hosur",1488.00,267.84,1625.00,0.00,INR,Issued,Approved,5,2024-05-01,Generated purchase order from approved PR.
397,PO-2024-0397,247,27,1,2024-05-05,2024-05-19,30 Days,Door delivery to factory stores,"EV Motor Plant, Accounts Payable, Hosur","EV Motor Plant Central Stores, Hosur",2909.71,523.75,1700.00,0.00,INR,Issued,Approved,6,2024-05-05,Generated purchase order from approved PR.
398,PO-2024-0398,248,28,2,2024-05-06,2024-05-28,45 Days,Door delivery to factory stores,"EV Motor Plant, Accounts Payable, Hosur","EV Motor Plant Central Stores, Hosur",2043.52,367.83,1775.00,0.00,INR,Issued,Approved,7,2024-05-06,Generated purchase order from approved PR.
399,PO-2024-0399,249,29,2,2024-05-05,2024-05-22,60 Days,Door delivery to factory stores,"EV Motor Plant, Accounts Payable, Hosur","EV Motor Plant Central Stores, Hosur",2324.08,418.33,1850.00,0.00,INR,Issued,Approved,8,2024-05-05,Generated purchase order from approved PR.
400,PO-2024-0400,250,30,1,2024-05-05,2024-05-17,30 Days,Door delivery to factory stores,"EV Motor Plant, Accounts Payable, Hosur","EV Motor Plant Central Stores, Hosur",456503.84,82170.69,1925.00,0.00,INR,Issued,Approved,9,2024-05-05,Generated purchase order from approved PR.
401,PO-2024-0401,251,31,3,2024-05-08,2024-05-20,45 Days,Door delivery to factory stores,"EV Motor Plant, Accounts Payable, Hosur","EV Motor Plant Central Stores, Hosur",368475.20,66325.54,500.00,0.00,INR,Issued,Approved,10,2024-05-08,Generated purchase order from approved PR.
402,PO-2024-0402,252,32,3,2024-05-08,2024-05-24,60 Days,Door delivery to factory stores,"EV Motor Plant, Accounts Payable, Hosur","EV Motor Plant Central Stores, Hosur",1424052.16,256329.39,575.00,0.00,INR,Issued,Approved,11,2024-05-08,Generated purchase order from approved PR.
403,PO-2024-0403,253,33,4,2024-05-08,2024-05-27,30 Days,Door delivery to factory stores,"EV Motor Plant, Accounts Payable, Hosur","EV Motor Plant Central Stores, Hosur",360475.10,64885.52,650.00,0.00,INR,Issued,Approved,12,2024-05-08,Generated purchase order from approved PR.
404,PO-2024-0404,254,34,4,2024-05-09,2024-05-24,45 Days,Door delivery to factory stores,"EV Motor Plant, Accounts Payable, Hosur","EV Motor Plant Central Stores, Hosur",1079935.15,194388.33,725.00,0.00,INR,Issued,Approved,13,2024-05-09,Generated purchase order from approved PR.
405,PO-2024-0405,255,35,5,2024-05-09,2024-05-23,60 Days,Door delivery to factory stores,"EV Motor Plant, Accounts Payable, Hosur","EV Motor Plant Central Stores, Hosur",998208.19,179677.47,800.00,0.00,INR,Issued,Approved,1,2024-05-09,Generated purchase order from approved PR.
406,PO-2024-0406,256,1,5,2024-05-07,2024-05-25,30 Days,Door delivery to factory stores,"EV Motor Plant, Accounts Payable, Hosur","EV Motor Plant Central Stores, Hosur",47883.60,8619.05,875.00,0.00,INR,Issued,Approved,3,2024-05-07,Generated purchase order from approved PR.
407,PO-2024-0407,257,2,6,2024-05-11,2024-05-29,45 Days,Door delivery to factory stores,"EV Motor Plant, Accounts Payable, Hosur","EV Motor Plant Central Stores, Hosur",41360.36,7444.86,950.00,0.00,INR,Issued,Approved,4,2024-05-11,Generated purchase order from approved PR.
408,PO-2024-0408,258,3,6,2024-05-10,2024-05-30,60 Days,Door delivery to factory stores,"EV Motor Plant, Accounts Payable, Hosur","EV Motor Plant Central Stores, Hosur",113496.84,20429.43,1025.00,0.00,INR,Issued,Approved,5,2024-05-10,Generated purchase order from approved PR.
409,PO-2024-0409,259,4,1,2024-05-07,2024-05-13,30 Days,Door delivery to factory stores,"EV Motor Plant, Accounts Payable, Hosur","EV Motor Plant Central Stores, Hosur",60709.58,10927.72,1100.00,0.00,INR,Issued,Approved,6,2024-05-07,Generated purchase order from approved PR.
410,PO-2024-0410,260,5,2,2024-05-07,2024-05-26,45 Days,Door delivery to factory stores,"EV Motor Plant, Accounts Payable, Hosur","EV Motor Plant Central Stores, Hosur",82317.48,14817.15,1175.00,0.00,INR,Issued,Approved,7,2024-05-07,Generated purchase order from approved PR.
411,PO-2024-0411,261,6,2,2024-05-11,2024-05-25,60 Days,Door delivery to factory stores,"EV Motor Plant, Accounts Payable, Hosur","EV Motor Plant Central Stores, Hosur",306560.00,55180.80,1250.00,0.00,INR,Issued,Approved,8,2024-05-11,Generated purchase order from approved PR.
412,PO-2024-0412,262,7,1,2024-05-11,2024-05-17,30 Days,Door delivery to factory stores,"EV Motor Plant, Accounts Payable, Hosur","EV Motor Plant Central Stores, Hosur",26816.30,4826.93,1325.00,0.00,INR,Issued,Approved,9,2024-05-11,Generated purchase order from approved PR.
413,PO-2024-0413,263,8,3,2024-05-10,2024-05-27,45 Days,Door delivery to factory stores,"EV Motor Plant, Accounts Payable, Hosur","EV Motor Plant Central Stores, Hosur",18085.24,3255.34,1400.00,0.00,INR,Issued,Approved,10,2024-05-10,Generated purchase order from approved PR.
414,PO-2024-0414,264,9,3,2024-05-10,2024-05-28,60 Days,Door delivery to factory stores,"EV Motor Plant, Accounts Payable, Hosur","EV Motor Plant Central Stores, Hosur",107393.74,19330.87,1475.00,0.00,INR,Issued,Approved,11,2024-05-10,Generated purchase order from approved PR.
415,PO-2024-0415,265,10,4,2024-05-10,2024-05-24,30 Days,Door delivery to factory stores,"EV Motor Plant, Accounts Payable, Hosur","EV Motor Plant Central Stores, Hosur",209816.40,37766.95,1550.00,0.00,INR,Issued,Approved,12,2024-05-10,Generated purchase order from approved PR.
416,PO-2024-0416,266,11,4,2024-05-11,2024-05-31,45 Days,Door delivery to factory stores,"EV Motor Plant, Accounts Payable, Hosur","EV Motor Plant Central Stores, Hosur",45663.00,8219.34,1625.00,0.00,INR,Issued,Approved,13,2024-05-11,Generated purchase order from approved PR.
417,PO-2024-0417,267,12,5,2024-05-08,2024-05-18,60 Days,Door delivery to factory stores,"EV Motor Plant, Accounts Payable, Hosur","EV Motor Plant Central Stores, Hosur",555083.20,99914.98,1700.00,0.00,INR,Issued,Approved,1,2024-05-08,Generated purchase order from approved PR.
418,PO-2024-0418,268,13,5,2024-05-10,2024-05-18,30 Days,Door delivery to factory stores,"EV Motor Plant, Accounts Payable, Hosur","EV Motor Plant Central Stores, Hosur",107781.26,19400.63,1775.00,0.00,INR,Issued,Approved,3,2024-05-10,Generated purchase order from approved PR.
419,PO-2024-0419,269,14,6,2024-05-10,2024-05-21,45 Days,Door delivery to factory stores,"EV Motor Plant, Accounts Payable, Hosur","EV Motor Plant Central Stores, Hosur",47587.21,8565.70,1850.00,0.00,INR,Issued,Approved,4,2024-05-10,Generated purchase order from approved PR.
420,PO-2024-0420,270,15,6,2024-05-10,2024-05-22,60 Days,Door delivery to factory stores,"EV Motor Plant, Accounts Payable, Hosur","EV Motor Plant Central Stores, Hosur",10053.04,1809.55,1925.00,0.00,INR,Issued,Approved,5,2024-05-10,Generated purchase order from approved PR.
421,PO-2024-0421,271,16,1,2024-05-11,2024-05-29,30 Days,Door delivery to factory stores,"EV Motor Plant, Accounts Payable, Hosur","EV Motor Plant Central Stores, Hosur",659400.00,118692.00,500.00,0.00,INR,Issued,Approved,6,2024-05-11,Generated purchase order from approved PR.
422,PO-2024-0422,272,17,2,2024-05-10,2024-05-31,45 Days,Door delivery to factory stores,"EV Motor Plant, Accounts Payable, Hosur","EV Motor Plant Central Stores, Hosur",238971.60,43014.89,575.00,0.00,INR,Issued,Approved,7,2024-05-10,Generated purchase order from approved PR.
423,PO-2024-0423,273,18,2,2024-05-11,2024-05-29,60 Days,Door delivery to factory stores,"EV Motor Plant, Accounts Payable, Hosur","EV Motor Plant Central Stores, Hosur",1080016.80,194403.02,650.00,0.00,INR,Issued,Approved,8,2024-05-11,Generated purchase order from approved PR.
424,PO-2024-0424,274,19,1,2024-05-08,2024-05-16,30 Days,Door delivery to factory stores,"EV Motor Plant, Accounts Payable, Hosur","EV Motor Plant Central Stores, Hosur",85637.75,15414.80,725.00,0.00,INR,Issued,Approved,9,2024-05-08,Generated purchase order from approved PR.
425,PO-2024-0425,275,20,3,2024-05-12,2024-05-23,45 Days,Door delivery to factory stores,"EV Motor Plant, Accounts Payable, Hosur","EV Motor Plant Central Stores, Hosur",1121458.80,201862.58,800.00,0.00,INR,Issued,Approved,10,2024-05-12,Generated purchase order from approved PR.
426,PO-2024-0426,276,21,3,2024-05-12,2024-05-20,60 Days,Door delivery to factory stores,"EV Motor Plant, Accounts Payable, Hosur","EV Motor Plant Central Stores, Hosur",311120.00,56001.60,875.00,0.00,INR,Issued,Approved,11,2024-05-12,Generated purchase order from approved PR.
427,PO-2024-0427,277,22,4,2024-05-13,2024-05-31,30 Days,Door delivery to factory stores,"EV Motor Plant, Accounts Payable, Hosur","EV Motor Plant Central Stores, Hosur",41229.30,7421.27,950.00,0.00,INR,Issued,Approved,12,2024-05-13,Generated purchase order from approved PR.
428,PO-2024-0428,278,23,4,2024-05-15,2024-05-24,45 Days,Door delivery to factory stores,"EV Motor Plant, Accounts Payable, Hosur","EV Motor Plant Central Stores, Hosur",152955.00,27531.90,1025.00,0.00,INR,Issued,Approved,13,2024-05-15,Generated purchase order from approved PR.
429,PO-2024-0429,279,24,5,2024-05-13,2024-05-27,60 Days,Door delivery to factory stores,"EV Motor Plant, Accounts Payable, Hosur","EV Motor Plant Central Stores, Hosur",85104.80,15318.86,1100.00,0.00,INR,Issued,Approved,1,2024-05-13,Generated purchase order from approved PR.
430,PO-2024-0430,280,25,5,2024-05-14,2024-06-03,30 Days,Door delivery to factory stores,"EV Motor Plant, Accounts Payable, Hosur","EV Motor Plant Central Stores, Hosur",191902.40,34542.43,1175.00,0.00,INR,Issued,Approved,3,2024-05-14,Generated purchase order from approved PR.
431,PO-2024-0431,281,26,6,2024-05-14,2024-05-31,45 Days,Door delivery to factory stores,"EV Motor Plant, Accounts Payable, Hosur","EV Motor Plant Central Stores, Hosur",174980.00,31496.40,1250.00,0.00,INR,Issued,Approved,4,2024-05-14,Generated purchase order from approved PR.
432,PO-2024-0432,282,27,6,2024-05-18,2024-05-28,60 Days,Door delivery to factory stores,"EV Motor Plant, Accounts Payable, Hosur","EV Motor Plant Central Stores, Hosur",71496.60,12869.39,1325.00,0.00,INR,Issued,Approved,5,2024-05-18,Generated purchase order from approved PR.
433,PO-2024-0433,283,28,1,2024-05-17,2024-05-28,30 Days,Door delivery to factory stores,"EV Motor Plant, Accounts Payable, Hosur","EV Motor Plant Central Stores, Hosur",65600.70,11808.13,1400.00,0.00,INR,Issued,Approved,6,2024-05-17,Generated purchase order from approved PR.
434,PO-2024-0434,284,29,2,2024-05-14,2024-05-31,45 Days,Door delivery to factory stores,"EV Motor Plant, Accounts Payable, Hosur","EV Motor Plant Central Stores, Hosur",14159.75,2548.76,1475.00,0.00,INR,Issued,Approved,7,2024-05-14,Generated purchase order from approved PR.
435,PO-2024-0435,285,30,2,2024-05-17,2024-06-01,60 Days,Door delivery to factory stores,"EV Motor Plant, Accounts Payable, Hosur","EV Motor Plant Central Stores, Hosur",89358.00,16084.44,1550.00,0.00,INR,Issued,Approved,8,2024-05-17,Generated purchase order from approved PR.
436,PO-2024-0436,286,31,1,2024-05-14,2024-05-20,30 Days,Door delivery to factory stores,"EV Motor Plant, Accounts Payable, Hosur","EV Motor Plant Central Stores, Hosur",277500.00,49950.00,1625.00,0.00,INR,Issued,Approved,9,2024-05-14,Generated purchase order from approved PR.
437,PO-2024-0437,287,32,3,2024-05-19,2024-06-09,45 Days,Door delivery to factory stores,"EV Motor Plant, Accounts Payable, Hosur","EV Motor Plant Central Stores, Hosur",63579.60,11444.33,1700.00,0.00,INR,Issued,Approved,10,2024-05-19,Generated purchase order from approved PR.
438,PO-2024-0438,288,33,3,2024-05-19,2024-06-02,60 Days,Door delivery to factory stores,"EV Motor Plant, Accounts Payable, Hosur","EV Motor Plant Central Stores, Hosur",332674.55,59881.42,1775.00,0.00,INR,Issued,Approved,11,2024-05-19,Generated purchase order from approved PR.
439,PO-2024-0439,289,34,4,2024-05-19,2024-06-01,30 Days,Door delivery to factory stores,"EV Motor Plant, Accounts Payable, Hosur","EV Motor Plant Central Stores, Hosur",73578.45,13244.12,1850.00,0.00,INR,Issued,Approved,12,2024-05-19,Generated purchase order from approved PR.
440,PO-2024-0440,290,35,4,2024-05-14,2024-05-22,45 Days,Door delivery to factory stores,"EV Motor Plant, Accounts Payable, Hosur","EV Motor Plant Central Stores, Hosur",353404.00,63612.72,1925.00,0.00,INR,Issued,Approved,13,2024-05-14,Generated purchase order from approved PR.
441,PO-2024-0441,291,1,5,2024-05-15,2024-05-27,60 Days,Door delivery to factory stores,"EV Motor Plant, Accounts Payable, Hosur","EV Motor Plant Central Stores, Hosur",632540.00,113857.20,500.00,0.00,INR,Issued,Approved,1,2024-05-15,Generated purchase order from approved PR.
442,PO-2024-0442,292,2,5,2024-05-20,2024-05-31,30 Days,Door delivery to factory stores,"EV Motor Plant, Accounts Payable, Hosur","EV Motor Plant Central Stores, Hosur",50558.40,9100.51,575.00,0.00,INR,Issued,Approved,3,2024-05-20,Generated purchase order from approved PR.
443,PO-2024-0443,293,3,6,2024-05-18,2024-05-28,45 Days,Door delivery to factory stores,"EV Motor Plant, Accounts Payable, Hosur","EV Motor Plant Central Stores, Hosur",44310.60,7975.91,650.00,0.00,INR,Issued,Approved,4,2024-05-18,Generated purchase order from approved PR.
444,PO-2024-0444,294,4,6,2024-05-18,2024-06-02,60 Days,Door delivery to factory stores,"EV Motor Plant, Accounts Payable, Hosur","EV Motor Plant Central Stores, Hosur",20126.70,3622.81,725.00,0.00,INR,Issued,Approved,5,2024-05-18,Generated purchase order from approved PR.
445,PO-2024-0445,295,5,1,2024-05-16,2024-05-29,30 Days,Door delivery to factory stores,"EV Motor Plant, Accounts Payable, Hosur","EV Motor Plant Central Stores, Hosur",207177.00,37291.86,800.00,0.00,INR,Issued,Approved,6,2024-05-16,Generated purchase order from approved PR.
446,PO-2024-0446,296,6,2,2024-05-15,2024-06-05,45 Days,Door delivery to factory stores,"EV Motor Plant, Accounts Payable, Hosur","EV Motor Plant Central Stores, Hosur",10950.00,1971.00,875.00,0.00,INR,Issued,Approved,7,2024-05-15,Generated purchase order from approved PR.
447,PO-2024-0447,297,7,2,2024-05-19,2024-06-10,60 Days,Door delivery to factory stores,"EV Motor Plant, Accounts Payable, Hosur","EV Motor Plant Central Stores, Hosur",21904.62,3942.83,950.00,0.00,INR,Issued,Approved,8,2024-05-19,Generated purchase order from approved PR.
448,PO-2024-0448,298,8,1,2024-05-21,2024-05-30,30 Days,Door delivery to factory stores,"EV Motor Plant, Accounts Payable, Hosur","EV Motor Plant Central Stores, Hosur",19333.10,3479.96,1025.00,0.00,INR,Issued,Approved,9,2024-05-21,Generated purchase order from approved PR.
449,PO-2024-0449,299,9,3,2024-05-20,2024-05-26,45 Days,Door delivery to factory stores,"EV Motor Plant, Accounts Payable, Hosur","EV Motor Plant Central Stores, Hosur",89890.90,16180.36,1100.00,0.00,INR,Issued,Approved,10,2024-05-20,Generated purchase order from approved PR.
450,PO-2024-0450,300,10,3,2024-05-22,2024-06-10,60 Days,Door delivery to factory stores,"EV Motor Plant, Accounts Payable, Hosur","EV Motor Plant Central Stores, Hosur",158925.80,28606.64,1175.00,0.00,INR,Issued,Approved,11,2024-05-22,Generated purchase order from approved PR.
451,PO-2024-0451,301,11,4,2024-05-21,2024-06-13,30 Days,Door delivery to factory stores,"EV Motor Plant, Accounts Payable, Hosur","EV Motor Plant Central Stores, Hosur",106812.00,19226.16,1250.00,0.00,INR,Issued,Approved,12,2024-05-21,Generated purchase order from approved PR.
452,PO-2024-0452,302,12,4,2024-05-22,2024-06-12,45 Days,Door delivery to factory stores,"EV Motor Plant, Accounts Payable, Hosur","EV Motor Plant Central Stores, Hosur",4259.21,766.66,1325.00,0.00,INR,Issued,Approved,13,2024-05-22,Generated purchase order from approved PR.
453,PO-2024-0453,303,13,5,2024-05-17,2024-05-22,60 Days,Door delivery to factory stores,"EV Motor Plant, Accounts Payable, Hosur","EV Motor Plant Central Stores, Hosur",31245.05,5624.11,1400.00,0.00,INR,Issued,Approved,1,2024-05-17,Generated purchase order from approved PR.
454,PO-2024-0454,304,14,5,2024-05-23,2024-06-01,30 Days,Door delivery to factory stores,"EV Motor Plant, Accounts Payable, Hosur","EV Motor Plant Central Stores, Hosur",9597.28,1727.51,1475.00,0.00,INR,Issued,Approved,3,2024-05-23,Generated purchase order from approved PR.
455,PO-2024-0455,305,15,6,2024-05-19,2024-05-24,45 Days,Door delivery to factory stores,"EV Motor Plant, Accounts Payable, Hosur","EV Motor Plant Central Stores, Hosur",17818.60,3207.35,1550.00,0.00,INR,Issued,Approved,4,2024-05-19,Generated purchase order from approved PR.
456,PO-2024-0456,306,16,6,2024-05-22,2024-06-11,60 Days,Door delivery to factory stores,"EV Motor Plant, Accounts Payable, Hosur","EV Motor Plant Central Stores, Hosur",31668.00,5700.24,1625.00,0.00,INR,Issued,Approved,5,2024-05-22,Generated purchase order from approved PR.
457,PO-2024-0457,307,17,1,2024-05-23,2024-06-08,30 Days,Door delivery to factory stores,"EV Motor Plant, Accounts Payable, Hosur","EV Motor Plant Central Stores, Hosur",64255.59,11566.01,1700.00,0.00,INR,Issued,Approved,6,2024-05-23,Generated purchase order from approved PR.
458,PO-2024-0458,308,18,2,2024-05-23,2024-06-06,45 Days,Door delivery to factory stores,"EV Motor Plant, Accounts Payable, Hosur","EV Motor Plant Central Stores, Hosur",694.22,124.96,1775.00,0.00,INR,Issued,Approved,7,2024-05-23,Generated purchase order from approved PR.
459,PO-2024-0459,309,19,2,2024-05-22,2024-06-06,60 Days,Door delivery to factory stores,"EV Motor Plant, Accounts Payable, Hosur","EV Motor Plant Central Stores, Hosur",9386.82,1689.63,1850.00,0.00,INR,Issued,Approved,8,2024-05-22,Generated purchase order from approved PR.
460,PO-2024-0460,310,20,1,2024-05-25,2024-06-03,30 Days,Door delivery to factory stores,"EV Motor Plant, Accounts Payable, Hosur","EV Motor Plant Central Stores, Hosur",37900.30,6822.05,1925.00,0.00,INR,Issued,Approved,9,2024-05-25,Generated purchase order from approved PR.
461,PO-2024-0461,311,21,3,2024-05-22,2024-06-07,45 Days,Door delivery to factory stores,"EV Motor Plant, Accounts Payable, Hosur","EV Motor Plant Central Stores, Hosur",100215.00,18038.70,500.00,0.00,INR,Issued,Approved,10,2024-05-22,Generated purchase order from approved PR.
462,PO-2024-0462,312,22,3,2024-05-23,2024-05-28,60 Days,Door delivery to factory stores,"EV Motor Plant, Accounts Payable, Hosur","EV Motor Plant Central Stores, Hosur",569330.25,102479.45,575.00,0.00,INR,Issued,Approved,11,2024-05-23,Generated purchase order from approved PR.
463,PO-2024-0463,313,23,4,2024-05-23,2024-06-09,30 Days,Door delivery to factory stores,"EV Motor Plant, Accounts Payable, Hosur","EV Motor Plant Central Stores, Hosur",20440.35,3679.26,650.00,0.00,INR,Issued,Approved,12,2024-05-23,Generated purchase order from approved PR.
464,PO-2024-0464,314,24,4,2024-05-25,2024-06-12,45 Days,Door delivery to factory stores,"EV Motor Plant, Accounts Payable, Hosur","EV Motor Plant Central Stores, Hosur",56438.36,10158.90,725.00,0.00,INR,Issued,Approved,13,2024-05-25,Generated purchase order from approved PR.
465,PO-2024-0465,315,25,5,2024-05-27,2024-06-13,60 Days,Door delivery to factory stores,"EV Motor Plant, Accounts Payable, Hosur","EV Motor Plant Central Stores, Hosur",49330.81,8879.55,800.00,0.00,INR,Issued,Approved,1,2024-05-27,Generated purchase order from approved PR.
466,PO-2024-0466,316,26,5,2024-05-25,2024-06-05,30 Days,Door delivery to factory stores,"EV Motor Plant, Accounts Payable, Hosur","EV Motor Plant Central Stores, Hosur",62225.00,11200.50,875.00,0.00,INR,Issued,Approved,3,2024-05-25,Generated purchase order from approved PR.
467,PO-2024-0467,317,27,6,2024-05-23,2024-06-12,45 Days,Door delivery to factory stores,"EV Motor Plant, Accounts Payable, Hosur","EV Motor Plant Central Stores, Hosur",28714.35,5168.58,950.00,0.00,INR,Issued,Approved,4,2024-05-23,Generated purchase order from approved PR.
468,PO-2024-0468,318,28,6,2024-05-25,2024-06-12,60 Days,Door delivery to factory stores,"EV Motor Plant, Accounts Payable, Hosur","EV Motor Plant Central Stores, Hosur",40482.58,7286.86,1025.00,0.00,INR,Issued,Approved,5,2024-05-25,Generated purchase order from approved PR.
469,PO-2024-0469,319,29,1,2024-05-22,2024-05-29,30 Days,Door delivery to factory stores,"EV Motor Plant, Accounts Payable, Hosur","EV Motor Plant Central Stores, Hosur",4734.67,852.24,1100.00,0.00,INR,Issued,Approved,6,2024-05-22,Generated purchase order from approved PR.
470,PO-2024-0470,320,30,2,2024-05-23,2024-05-31,45 Days,Door delivery to factory stores,"EV Motor Plant, Accounts Payable, Hosur","EV Motor Plant Central Stores, Hosur",8829.80,1589.36,1175.00,0.00,INR,Issued,Approved,7,2024-05-23,Generated purchase order from approved PR.
471,PO-2024-0471,321,31,2,2024-05-27,2024-06-13,60 Days,Door delivery to factory stores,"EV Motor Plant, Accounts Payable, Hosur","EV Motor Plant Central Stores, Hosur",20008.40,3601.51,1250.00,0.00,INR,Issued,Approved,8,2024-05-27,Generated purchase order from approved PR.
472,PO-2024-0472,322,32,1,2024-05-26,2024-06-05,30 Days,Door delivery to factory stores,"EV Motor Plant, Accounts Payable, Hosur","EV Motor Plant Central Stores, Hosur",430.04,77.41,1325.00,0.00,INR,Issued,Approved,9,2024-05-26,Generated purchase order from approved PR.
473,PO-2024-0473,323,33,3,2024-05-27,2024-06-03,45 Days,Door delivery to factory stores,"EV Motor Plant, Accounts Payable, Hosur","EV Motor Plant Central Stores, Hosur",1552.02,279.36,1400.00,0.00,INR,Issued,Approved,10,2024-05-27,Generated purchase order from approved PR.
474,PO-2024-0474,324,34,3,2024-05-27,2024-06-03,60 Days,Door delivery to factory stores,"EV Motor Plant, Accounts Payable, Hosur","EV Motor Plant Central Stores, Hosur",1449.06,260.83,1475.00,0.00,INR,Issued,Approved,11,2024-05-27,Generated purchase order from approved PR.
475,PO-2024-0475,325,35,4,2024-05-24,2024-06-01,30 Days,Door delivery to factory stores,"EV Motor Plant, Accounts Payable, Hosur","EV Motor Plant Central Stores, Hosur",4661.88,839.14,1550.00,0.00,INR,Issued,Approved,12,2024-05-24,Generated purchase order from approved PR.
476,PO-2024-0476,326,1,4,2024-05-25,2024-06-08,45 Days,Door delivery to factory stores,"EV Motor Plant, Accounts Payable, Hosur","EV Motor Plant Central Stores, Hosur",2585.00,465.30,1625.00,0.00,INR,Issued,Approved,13,2024-05-25,Generated purchase order from approved PR.
477,PO-2024-0477,327,2,5,2024-05-28,2024-06-13,60 Days,Door delivery to factory stores,"EV Motor Plant, Accounts Payable, Hosur","EV Motor Plant Central Stores, Hosur",4591.86,826.53,1700.00,0.00,INR,Issued,Approved,1,2024-05-28,Generated purchase order from approved PR.
478,PO-2024-0478,328,3,5,2024-05-28,2024-06-05,30 Days,Door delivery to factory stores,"EV Motor Plant, Accounts Payable, Hosur","EV Motor Plant Central Stores, Hosur",2078.54,374.14,1775.00,0.00,INR,Issued,Approved,3,2024-05-28,Generated purchase order from approved PR.
479,PO-2024-0479,329,4,6,2024-05-26,2024-06-13,45 Days,Door delivery to factory stores,"EV Motor Plant, Accounts Payable, Hosur","EV Motor Plant Central Stores, Hosur",57896.43,10421.36,1850.00,0.00,INR,Issued,Approved,4,2024-05-26,Generated purchase order from approved PR.
480,PO-2024-0480,330,5,6,2024-06-01,2024-06-11,60 Days,Door delivery to factory stores,"EV Motor Plant, Accounts Payable, Hosur","EV Motor Plant Central Stores, Hosur",8893.72,1600.87,1925.00,0.00,INR,Issued,Approved,5,2024-06-01,Generated purchase order from approved PR.
481,PO-2024-0481,331,6,1,2024-05-27,2024-06-06,30 Days,Door delivery to factory stores,"EV Motor Plant, Accounts Payable, Hosur","EV Motor Plant Central Stores, Hosur",37364.50,6725.61,500.00,0.00,INR,Issued,Approved,6,2024-05-27,Generated purchase order from approved PR.
482,PO-2024-0482,332,7,2,2024-05-27,2024-06-05,45 Days,Door delivery to factory stores,"EV Motor Plant, Accounts Payable, Hosur","EV Motor Plant Central Stores, Hosur",21535.61,3876.41,575.00,0.00,INR,Issued,Approved,7,2024-05-27,Generated purchase order from approved PR.
483,PO-2024-0483,333,8,2,2024-05-30,2024-06-18,60 Days,Door delivery to factory stores,"EV Motor Plant, Accounts Payable, Hosur","EV Motor Plant Central Stores, Hosur",22517.65,4053.18,650.00,0.00,INR,Issued,Approved,8,2024-05-30,Generated purchase order from approved PR.
484,PO-2024-0484,334,9,1,2024-05-31,2024-06-23,30 Days,Door delivery to factory stores,"EV Motor Plant, Accounts Payable, Hosur","EV Motor Plant Central Stores, Hosur",15306.80,2755.22,725.00,0.00,INR,Issued,Approved,9,2024-05-31,Generated purchase order from approved PR.
485,PO-2024-0485,335,10,3,2024-05-29,2024-06-12,45 Days,Door delivery to factory stores,"EV Motor Plant, Accounts Payable, Hosur","EV Motor Plant Central Stores, Hosur",11112.78,2000.30,800.00,0.00,INR,Issued,Approved,10,2024-05-29,Generated purchase order from approved PR.
486,PO-2024-0486,336,11,3,2024-05-29,2024-06-03,60 Days,Door delivery to factory stores,"EV Motor Plant, Accounts Payable, Hosur","EV Motor Plant Central Stores, Hosur",20160.10,3628.82,875.00,0.00,INR,Issued,Approved,11,2024-05-29,Generated purchase order from approved PR.
487,PO-2024-0487,337,12,4,2024-05-29,2024-06-07,30 Days,Door delivery to factory stores,"EV Motor Plant, Accounts Payable, Hosur","EV Motor Plant Central Stores, Hosur",11915.38,2144.77,950.00,0.00,INR,Issued,Approved,12,2024-05-29,Generated purchase order from approved PR.
488,PO-2024-0488,338,13,4,2024-05-31,2024-06-08,45 Days,Door delivery to factory stores,"EV Motor Plant, Accounts Payable, Hosur","EV Motor Plant Central Stores, Hosur",1409.04,253.63,1025.00,0.00,INR,Issued,Approved,13,2024-05-31,Generated purchase order from approved PR.
489,PO-2024-0489,339,14,5,2024-06-02,2024-06-23,60 Days,Door delivery to factory stores,"EV Motor Plant, Accounts Payable, Hosur","EV Motor Plant Central Stores, Hosur",2061.36,371.04,1100.00,0.00,INR,Issued,Approved,1,2024-06-02,Generated purchase order from approved PR.
490,PO-2024-0490,340,15,5,2024-06-04,2024-06-10,30 Days,Door delivery to factory stores,"EV Motor Plant, Accounts Payable, Hosur","EV Motor Plant Central Stores, Hosur",758.93,136.61,1175.00,0.00,INR,Issued,Approved,3,2024-06-04,Generated purchase order from approved PR.
491,PO-2024-0491,341,16,6,2024-05-29,2024-06-21,45 Days,Door delivery to factory stores,"EV Motor Plant, Accounts Payable, Hosur","EV Motor Plant Central Stores, Hosur",546.10,98.30,1250.00,0.00,INR,Issued,Approved,4,2024-05-29,Generated purchase order from approved PR.
492,PO-2024-0492,342,17,6,2024-06-03,2024-06-19,60 Days,Door delivery to factory stores,"EV Motor Plant, Accounts Payable, Hosur","EV Motor Plant Central Stores, Hosur",452.71,81.49,1325.00,0.00,INR,Issued,Approved,5,2024-06-03,Generated purchase order from approved PR.
493,PO-2024-0493,343,18,1,2024-06-01,2024-06-15,30 Days,Door delivery to factory stores,"EV Motor Plant, Accounts Payable, Hosur","EV Motor Plant Central Stores, Hosur",1811.07,325.99,1400.00,0.00,INR,Issued,Approved,6,2024-06-01,Generated purchase order from approved PR.
494,PO-2024-0494,344,19,2,2024-06-03,2024-06-24,45 Days,Door delivery to factory stores,"EV Motor Plant, Accounts Payable, Hosur","EV Motor Plant Central Stores, Hosur",464.73,83.65,1475.00,0.00,INR,Issued,Approved,7,2024-06-03,Generated purchase order from approved PR.
495,PO-2024-0495,345,20,2,2024-06-03,2024-06-08,60 Days,Door delivery to factory stores,"EV Motor Plant, Accounts Payable, Hosur","EV Motor Plant Central Stores, Hosur",1492.48,268.65,1550.00,0.00,INR,Issued,Approved,8,2024-06-03,Generated purchase order from approved PR.
496,PO-2024-0496,346,21,1,2024-06-04,2024-06-23,30 Days,Door delivery to factory stores,"EV Motor Plant, Accounts Payable, Hosur","EV Motor Plant Central Stores, Hosur",2264.00,407.52,1625.00,0.00,INR,Issued,Approved,9,2024-06-04,Generated purchase order from approved PR.
497,PO-2024-0497,347,22,3,2024-06-02,2024-06-09,45 Days,Door delivery to factory stores,"EV Motor Plant, Accounts Payable, Hosur","EV Motor Plant Central Stores, Hosur",995.00,179.10,1700.00,0.00,INR,Issued,Approved,10,2024-06-02,Generated purchase order from approved PR.
498,PO-2024-0498,348,23,3,2024-06-01,2024-06-21,60 Days,Door delivery to factory stores,"EV Motor Plant, Accounts Payable, Hosur","EV Motor Plant Central Stores, Hosur",1396.68,251.40,1775.00,0.00,INR,Issued,Approved,11,2024-06-01,Generated purchase order from approved PR.
499,PO-2024-0499,349,24,4,2024-06-04,2024-06-19,30 Days,Door delivery to factory stores,"EV Motor Plant, Accounts Payable, Hosur","EV Motor Plant Central Stores, Hosur",645274.96,116149.49,1850.00,0.00,INR,Issued,Approved,12,2024-06-04,Generated purchase order from approved PR.
500,PO-2024-0500,350,25,4,2024-06-08,2024-06-14,45 Days,Door delivery to factory stores,"EV Motor Plant, Accounts Payable, Hosur","EV Motor Plant Central Stores, Hosur",1369727.85,246551.01,1925.00,0.00,INR,Issued,Approved,13,2024-06-08,Generated purchase order from approved PR.
501,PO-2024-0501,351,26,5,2024-06-04,2024-06-24,60 Days,Door delivery to factory stores,"EV Motor Plant, Accounts Payable, Hosur","EV Motor Plant Central Stores, Hosur",2916320.00,524937.60,500.00,0.00,INR,Issued,Approved,1,2024-06-04,Generated purchase order from approved PR.
502,PO-2024-0502,352,27,5,2024-06-06,2024-06-11,30 Days,Door delivery to factory stores,"EV Motor Plant, Accounts Payable, Hosur","EV Motor Plant Central Stores, Hosur",177045.92,31868.27,575.00,0.00,INR,Issued,Approved,3,2024-06-06,Generated purchase order from approved PR.
503,PO-2024-0503,353,28,6,2024-06-08,2024-06-15,45 Days,Door delivery to factory stores,"EV Motor Plant, Accounts Payable, Hosur","EV Motor Plant Central Stores, Hosur",216746.52,39014.37,650.00,0.00,INR,Issued,Approved,4,2024-06-08,Generated purchase order from approved PR.
504,PO-2024-0504,354,29,6,2024-06-09,2024-06-29,60 Days,Door delivery to factory stores,"EV Motor Plant, Accounts Payable, Hosur","EV Motor Plant Central Stores, Hosur",2109172.92,379651.13,725.00,0.00,INR,Issued,Approved,5,2024-06-09,Generated purchase order from approved PR.
505,PO-2024-0505,355,30,1,2024-06-09,2024-06-22,30 Days,Door delivery to factory stores,"EV Motor Plant, Accounts Payable, Hosur","EV Motor Plant Central Stores, Hosur",52098.42,9377.72,800.00,0.00,INR,Issued,Approved,6,2024-06-09,Generated purchase order from approved PR.
506,PO-2024-0506,356,31,2,2024-06-06,2024-06-27,45 Days,Door delivery to factory stores,"EV Motor Plant, Accounts Payable, Hosur","EV Motor Plant Central Stores, Hosur",17834.40,3210.19,875.00,0.00,INR,Issued,Approved,7,2024-06-06,Generated purchase order from approved PR.
507,PO-2024-0507,357,32,2,2024-06-09,2024-06-26,60 Days,Door delivery to factory stores,"EV Motor Plant, Accounts Payable, Hosur","EV Motor Plant Central Stores, Hosur",61702.83,11106.51,950.00,0.00,INR,Issued,Approved,8,2024-06-09,Generated purchase order from approved PR.
508,PO-2024-0508,358,33,1,2024-06-06,2024-06-22,30 Days,Door delivery to factory stores,"EV Motor Plant, Accounts Payable, Hosur","EV Motor Plant Central Stores, Hosur",116570.25,20982.65,1025.00,0.00,INR,Issued,Approved,9,2024-06-06,Generated purchase order from approved PR.
509,PO-2024-0509,359,34,3,2024-06-10,2024-06-20,45 Days,Door delivery to factory stores,"EV Motor Plant, Accounts Payable, Hosur","EV Motor Plant Central Stores, Hosur",157878.60,28418.15,1100.00,0.00,INR,Issued,Approved,10,2024-06-10,Generated purchase order from approved PR.
510,PO-2024-0510,360,35,3,2024-06-11,2024-06-18,60 Days,Door delivery to factory stores,"EV Motor Plant, Accounts Payable, Hosur","EV Motor Plant Central Stores, Hosur",251972.60,45355.07,1175.00,0.00,INR,Issued,Approved,11,2024-06-11,Generated purchase order from approved PR.
511,PO-2024-0511,361,1,4,2024-06-12,2024-07-05,30 Days,Door delivery to factory stores,"EV Motor Plant, Accounts Payable, Hosur","EV Motor Plant Central Stores, Hosur",9920.00,1785.60,1250.00,0.00,INR,Issued,Approved,12,2024-06-12,Generated purchase order from approved PR.
512,PO-2024-0512,362,2,4,2024-06-10,2024-06-16,45 Days,Door delivery to factory stores,"EV Motor Plant, Accounts Payable, Hosur","EV Motor Plant Central Stores, Hosur",19757.72,3556.39,1325.00,0.00,INR,Issued,Approved,13,2024-06-10,Generated purchase order from approved PR.
513,PO-2024-0513,363,3,5,2024-06-11,2024-06-26,60 Days,Door delivery to factory stores,"EV Motor Plant, Accounts Payable, Hosur","EV Motor Plant Central Stores, Hosur",75878.04,13658.05,1400.00,0.00,INR,Issued,Approved,1,2024-06-11,Generated purchase order from approved PR.
514,PO-2024-0514,364,4,5,2024-06-11,2024-06-21,30 Days,Door delivery to factory stores,"EV Motor Plant, Accounts Payable, Hosur","EV Motor Plant Central Stores, Hosur",61451.64,11061.30,1475.00,0.00,INR,Issued,Approved,3,2024-06-11,Generated purchase order from approved PR.
515,PO-2024-0515,365,5,6,2024-06-13,2024-06-23,45 Days,Door delivery to factory stores,"EV Motor Plant, Accounts Payable, Hosur","EV Motor Plant Central Stores, Hosur",341144.04,61405.93,1550.00,0.00,INR,Issued,Approved,4,2024-06-13,Generated purchase order from approved PR.
516,PO-2024-0516,366,6,6,2024-06-12,2024-06-28,60 Days,Door delivery to factory stores,"EV Motor Plant, Accounts Payable, Hosur","EV Motor Plant Central Stores, Hosur",36640.00,6595.20,1625.00,0.00,INR,Issued,Approved,5,2024-06-12,Generated purchase order from approved PR.
517,PO-2024-0517,367,7,1,2024-06-14,2024-07-04,30 Days,Door delivery to factory stores,"EV Motor Plant, Accounts Payable, Hosur","EV Motor Plant Central Stores, Hosur",38484.74,6927.25,1700.00,0.00,INR,Issued,Approved,6,2024-06-14,Generated purchase order from approved PR.
518,PO-2024-0518,368,8,2,2024-06-16,2024-07-05,45 Days,Door delivery to factory stores,"EV Motor Plant, Accounts Payable, Hosur","EV Motor Plant Central Stores, Hosur",31124.54,5602.42,1775.00,0.00,INR,Issued,Approved,7,2024-06-16,Generated purchase order from approved PR.
519,PO-2024-0519,369,9,2,2024-06-15,2024-07-06,60 Days,Door delivery to factory stores,"EV Motor Plant, Accounts Payable, Hosur","EV Motor Plant Central Stores, Hosur",10913.98,1964.52,1850.00,0.00,INR,Issued,Approved,8,2024-06-15,Generated purchase order from approved PR.
520,PO-2024-0520,370,10,1,2024-06-11,2024-06-21,30 Days,Door delivery to factory stores,"EV Motor Plant, Accounts Payable, Hosur","EV Motor Plant Central Stores, Hosur",847660.80,152578.94,1925.00,0.00,INR,Issued,Approved,9,2024-06-11,Generated purchase order from approved PR.
521,PO-2024-0521,371,11,3,2024-06-13,2024-06-26,45 Days,Door delivery to factory stores,"EV Motor Plant, Accounts Payable, Hosur","EV Motor Plant Central Stores, Hosur",786280.00,141530.40,500.00,0.00,INR,Issued,Approved,10,2024-06-13,Generated purchase order from approved PR.
522,PO-2024-0522,372,12,3,2024-06-14,2024-06-19,60 Days,Door delivery to factory stores,"EV Motor Plant, Accounts Payable, Hosur","EV Motor Plant Central Stores, Hosur",2925453.30,526581.59,575.00,0.00,INR,Issued,Approved,11,2024-06-14,Generated purchase order from approved PR.
523,PO-2024-0523,373,13,4,2024-06-11,2024-06-30,30 Days,Door delivery to factory stores,"EV Motor Plant, Accounts Payable, Hosur","EV Motor Plant Central Stores, Hosur",385992.50,69478.65,650.00,0.00,INR,Issued,Approved,12,2024-06-11,Generated purchase order from approved PR.
524,PO-2024-0524,374,14,4,2024-06-16,2024-06-26,45 Days,Door delivery to factory stores,"EV Motor Plant, Accounts Payable, Hosur","EV Motor Plant Central Stores, Hosur",431424.24,77656.36,725.00,0.00,INR,Issued,Approved,13,2024-06-16,Generated purchase order from approved PR.
525,PO-2024-0525,375,15,5,2024-06-13,2024-06-28,60 Days,Door delivery to factory stores,"EV Motor Plant, Accounts Payable, Hosur","EV Motor Plant Central Stores, Hosur",1505523.30,270994.19,800.00,0.00,INR,Issued,Approved,1,2024-06-13,Generated purchase order from approved PR.
526,PO-2024-0526,376,16,5,2024-06-14,2024-06-22,30 Days,Door delivery to factory stores,"EV Motor Plant, Accounts Payable, Hosur","EV Motor Plant Central Stores, Hosur",10750.00,1935.00,875.00,0.00,INR,Issued,Approved,3,2024-06-14,Generated purchase order from approved PR.
527,PO-2024-0527,377,17,6,2024-06-15,2024-07-05,45 Days,Door delivery to factory stores,"EV Motor Plant, Accounts Payable, Hosur","EV Motor Plant Central Stores, Hosur",180700.45,32526.08,950.00,0.00,INR,Issued,Approved,4,2024-06-15,Generated purchase order from approved PR.
528,PO-2024-0528,378,18,6,2024-06-17,2024-07-07,60 Days,Door delivery to factory stores,"EV Motor Plant, Accounts Payable, Hosur","EV Motor Plant Central Stores, Hosur",178972.80,32215.10,1025.00,0.00,INR,Issued,Approved,5,2024-06-17,Generated purchase order from approved PR.
529,PO-2024-0529,379,19,1,2024-06-17,2024-07-08,30 Days,Door delivery to factory stores,"EV Motor Plant, Accounts Payable, Hosur","EV Motor Plant Central Stores, Hosur",49083.65,8835.06,1100.00,0.00,INR,Issued,Approved,6,2024-06-17,Generated purchase order from approved PR.
530,PO-2024-0530,380,20,2,2024-06-14,2024-06-19,45 Days,Door delivery to factory stores,"EV Motor Plant, Accounts Payable, Hosur","EV Motor Plant Central Stores, Hosur",122965.30,22133.75,1175.00,0.00,INR,Issued,Approved,7,2024-06-14,Generated purchase order from approved PR.
531,PO-2024-0531,381,21,2,2024-06-13,2024-07-06,60 Days,Door delivery to factory stores,"EV Motor Plant, Accounts Payable, Hosur","EV Motor Plant Central Stores, Hosur",274500.00,49410.00,1250.00,0.00,INR,Issued,Approved,8,2024-06-13,Generated purchase order from approved PR.
532,PO-2024-0532,382,22,1,2024-06-18,2024-06-27,30 Days,Door delivery to factory stores,"EV Motor Plant, Accounts Payable, Hosur","EV Motor Plant Central Stores, Hosur",51551.85,9279.33,1325.00,0.00,INR,Issued,Approved,9,2024-06-18,Generated purchase order from approved PR.
533,PO-2024-0533,383,23,3,2024-06-19,2024-06-29,45 Days,Door delivery to factory stores,"EV Motor Plant, Accounts Payable, Hosur","EV Motor Plant Central Stores, Hosur",16088.60,2895.95,1400.00,0.00,INR,Issued,Approved,10,2024-06-19,Generated purchase order from approved PR.
534,PO-2024-0534,384,24,3,2024-06-18,2024-06-27,60 Days,Door delivery to factory stores,"EV Motor Plant, Accounts Payable, Hosur","EV Motor Plant Central Stores, Hosur",99881.10,17978.60,1475.00,0.00,INR,Issued,Approved,11,2024-06-18,Generated purchase order from approved PR.
535,PO-2024-0535,385,25,4,2024-06-14,2024-06-24,30 Days,Door delivery to factory stores,"EV Motor Plant, Accounts Payable, Hosur","EV Motor Plant Central Stores, Hosur",189019.20,34023.46,1550.00,0.00,INR,Issued,Approved,12,2024-06-14,Generated purchase order from approved PR.
536,PO-2024-0536,386,26,4,2024-06-15,2024-06-30,45 Days,Door delivery to factory stores,"EV Motor Plant, Accounts Payable, Hosur","EV Motor Plant Central Stores, Hosur",317688.00,57183.84,1625.00,0.00,INR,Issued,Approved,13,2024-06-15,Generated purchase order from approved PR.
537,PO-2024-0537,387,27,5,2024-06-15,2024-06-24,60 Days,Door delivery to factory stores,"EV Motor Plant, Accounts Payable, Hosur","EV Motor Plant Central Stores, Hosur",345079.92,62114.39,1700.00,0.00,INR,Issued,Approved,1,2024-06-15,Generated purchase order from approved PR.
538,PO-2024-0538,388,28,5,2024-06-18,2024-06-30,30 Days,Door delivery to factory stores,"EV Motor Plant, Accounts Payable, Hosur","EV Motor Plant Central Stores, Hosur",94523.10,17014.16,1775.00,0.00,INR,Issued,Approved,3,2024-06-18,Generated purchase order from approved PR.
539,PO-2024-0539,389,29,6,2024-06-19,2024-07-06,45 Days,Door delivery to factory stores,"EV Motor Plant, Accounts Payable, Hosur","EV Motor Plant Central Stores, Hosur",372281.25,67010.63,1850.00,0.00,INR,Issued,Approved,4,2024-06-19,Generated purchase order from approved PR.
540,PO-2024-0540,390,30,6,2024-06-21,2024-07-11,60 Days,Door delivery to factory stores,"EV Motor Plant, Accounts Payable, Hosur","EV Motor Plant Central Stores, Hosur",175514.80,31592.66,1925.00,0.00,INR,Issued,Approved,5,2024-06-21,Generated purchase order from approved PR.
541,PO-2024-0541,391,31,1,2024-06-16,2024-07-04,30 Days,Door delivery to factory stores,"EV Motor Plant, Accounts Payable, Hosur","EV Motor Plant Central Stores, Hosur",22375.00,4027.50,500.00,0.00,INR,Issued,Approved,6,2024-06-16,Generated purchase order from approved PR.
542,PO-2024-0542,392,32,2,2024-06-19,2024-07-05,45 Days,Door delivery to factory stores,"EV Motor Plant, Accounts Payable, Hosur","EV Motor Plant Central Stores, Hosur",32520.60,5853.71,575.00,0.00,INR,Issued,Approved,7,2024-06-19,Generated purchase order from approved PR.
543,PO-2024-0543,393,33,2,2024-06-20,2024-06-27,60 Days,Door delivery to factory stores,"EV Motor Plant, Accounts Payable, Hosur","EV Motor Plant Central Stores, Hosur",33742.80,6073.70,650.00,0.00,INR,Issued,Approved,8,2024-06-20,Generated purchase order from approved PR.
544,PO-2024-0544,394,34,1,2024-06-18,2024-07-08,30 Days,Door delivery to factory stores,"EV Motor Plant, Accounts Payable, Hosur","EV Motor Plant Central Stores, Hosur",144262.25,25967.21,725.00,0.00,INR,Issued,Approved,9,2024-06-18,Generated purchase order from approved PR.
545,PO-2024-0545,395,35,3,2024-06-22,2024-06-27,45 Days,Door delivery to factory stores,"EV Motor Plant, Accounts Payable, Hosur","EV Motor Plant Central Stores, Hosur",13244.70,2384.05,800.00,0.00,INR,Issued,Approved,10,2024-06-22,Generated purchase order from approved PR.
546,PO-2024-0546,396,1,3,2024-06-19,2024-06-29,60 Days,Door delivery to factory stores,"EV Motor Plant, Accounts Payable, Hosur","EV Motor Plant Central Stores, Hosur",21895.00,3941.10,875.00,0.00,INR,Issued,Approved,11,2024-06-19,Generated purchase order from approved PR.
547,PO-2024-0547,397,2,4,2024-06-18,2024-06-24,30 Days,Door delivery to factory stores,"EV Motor Plant, Accounts Payable, Hosur","EV Motor Plant Central Stores, Hosur",11464.77,2063.66,950.00,0.00,INR,Issued,Approved,12,2024-06-18,Generated purchase order from approved PR.
548,PO-2024-0548,398,3,4,2024-06-20,2024-07-07,45 Days,Door delivery to factory stores,"EV Motor Plant, Accounts Payable, Hosur","EV Motor Plant Central Stores, Hosur",43744.10,7873.94,1025.00,0.00,INR,Issued,Approved,13,2024-06-20,Generated purchase order from approved PR.
549,PO-2024-0549,399,4,5,2024-06-20,2024-07-01,60 Days,Door delivery to factory stores,"EV Motor Plant, Accounts Payable, Hosur","EV Motor Plant Central Stores, Hosur",184149.90,33146.98,1100.00,0.00,INR,Issued,Approved,1,2024-06-20,Generated purchase order from approved PR.
550,PO-2024-0550,400,5,5,2024-06-23,2024-07-10,30 Days,Door delivery to factory stores,"EV Motor Plant, Accounts Payable, Hosur","EV Motor Plant Central Stores, Hosur",154355.08,27783.91,1175.00,0.00,INR,Issued,Approved,3,2024-06-23,Generated purchase order from approved PR.
551,PO-2024-0551,401,6,6,2024-06-24,2024-07-05,45 Days,Door delivery to factory stores,"EV Motor Plant, Accounts Payable, Hosur","EV Motor Plant Central Stores, Hosur",12454.00,2241.72,1250.00,0.00,INR,Issued,Approved,4,2024-06-24,Generated purchase order from approved PR.
552,PO-2024-0552,402,7,6,2024-06-19,2024-07-02,60 Days,Door delivery to factory stores,"EV Motor Plant, Accounts Payable, Hosur","EV Motor Plant Central Stores, Hosur",25589.18,4606.05,1325.00,0.00,INR,Issued,Approved,5,2024-06-19,Generated purchase order from approved PR.
553,PO-2024-0553,403,8,1,2024-06-21,2024-07-04,30 Days,Door delivery to factory stores,"EV Motor Plant, Accounts Payable, Hosur","EV Motor Plant Central Stores, Hosur",61301.48,11034.27,1400.00,0.00,INR,Issued,Approved,6,2024-06-21,Generated purchase order from approved PR.
554,PO-2024-0554,404,9,2,2024-06-23,2024-06-28,45 Days,Door delivery to factory stores,"EV Motor Plant, Accounts Payable, Hosur","EV Motor Plant Central Stores, Hosur",19405.65,3493.02,1475.00,0.00,INR,Issued,Approved,7,2024-06-23,Generated purchase order from approved PR.
555,PO-2024-0555,405,10,2,2024-06-21,2024-07-04,60 Days,Door delivery to factory stores,"EV Motor Plant, Accounts Payable, Hosur","EV Motor Plant Central Stores, Hosur",26991.84,4858.53,1550.00,0.00,INR,Issued,Approved,8,2024-06-21,Generated purchase order from approved PR.
556,PO-2024-0556,406,11,1,2024-06-20,2024-07-07,30 Days,Door delivery to factory stores,"EV Motor Plant, Accounts Payable, Hosur","EV Motor Plant Central Stores, Hosur",4854.00,873.72,1625.00,0.00,INR,Issued,Approved,9,2024-06-20,Generated purchase order from approved PR.
557,PO-2024-0557,407,12,3,2024-06-24,2024-07-09,45 Days,Door delivery to factory stores,"EV Motor Plant, Accounts Payable, Hosur","EV Motor Plant Central Stores, Hosur",2133.82,384.09,1700.00,0.00,INR,Issued,Approved,10,2024-06-24,Generated purchase order from approved PR.
558,PO-2024-0558,408,13,3,2024-06-19,2024-06-25,60 Days,Door delivery to factory stores,"EV Motor Plant, Accounts Payable, Hosur","EV Motor Plant Central Stores, Hosur",10085.76,1815.44,1775.00,0.00,INR,Issued,Approved,11,2024-06-19,Generated purchase order from approved PR.
559,PO-2024-0559,409,14,4,2024-06-21,2024-07-08,30 Days,Door delivery to factory stores,"EV Motor Plant, Accounts Payable, Hosur","EV Motor Plant Central Stores, Hosur",32657.82,5878.41,1850.00,0.00,INR,Issued,Approved,12,2024-06-21,Generated purchase order from approved PR.
560,PO-2024-0560,410,15,4,2024-06-21,2024-07-01,45 Days,Door delivery to factory stores,"EV Motor Plant, Accounts Payable, Hosur","EV Motor Plant Central Stores, Hosur",199068.00,35832.24,1925.00,0.00,INR,Issued,Approved,13,2024-06-21,Generated purchase order from approved PR.
561,PO-2024-0561,411,16,5,2024-06-25,2024-06-30,60 Days,Door delivery to factory stores,"EV Motor Plant, Accounts Payable, Hosur","EV Motor Plant Central Stores, Hosur",726709.00,130807.62,500.00,0.00,INR,Issued,Approved,1,2024-06-25,Generated purchase order from approved PR.
562,PO-2024-0562,412,17,5,2024-06-19,2024-06-26,30 Days,Door delivery to factory stores,"EV Motor Plant, Accounts Payable, Hosur","EV Motor Plant Central Stores, Hosur",14628.48,2633.13,575.00,0.00,INR,Issued,Approved,3,2024-06-19,Generated purchase order from approved PR.
563,PO-2024-0563,413,18,6,2024-06-26,2024-07-10,45 Days,Door delivery to factory stores,"EV Motor Plant, Accounts Payable, Hosur","EV Motor Plant Central Stores, Hosur",36902.84,6642.51,650.00,0.00,INR,Issued,Approved,4,2024-06-26,Generated purchase order from approved PR.
564,PO-2024-0564,414,19,6,2024-06-21,2024-07-01,60 Days,Door delivery to factory stores,"EV Motor Plant, Accounts Payable, Hosur","EV Motor Plant Central Stores, Hosur",84728.46,15251.12,725.00,0.00,INR,Issued,Approved,5,2024-06-21,Generated purchase order from approved PR.
565,PO-2024-0565,415,20,1,2024-06-26,2024-07-14,30 Days,Door delivery to factory stores,"EV Motor Plant, Accounts Payable, Hosur","EV Motor Plant Central Stores, Hosur",97194.05,17494.93,800.00,0.00,INR,Issued,Approved,6,2024-06-26,Generated purchase order from approved PR.
566,PO-2024-0566,416,21,2,2024-06-21,2024-06-30,45 Days,Door delivery to factory stores,"EV Motor Plant, Accounts Payable, Hosur","EV Motor Plant Central Stores, Hosur",15252.00,2745.36,875.00,0.00,INR,Issued,Approved,7,2024-06-21,Generated purchase order from approved PR.
567,PO-2024-0567,417,22,2,2024-06-22,2024-07-11,60 Days,Door delivery to factory stores,"EV Motor Plant, Accounts Payable, Hosur","EV Motor Plant Central Stores, Hosur",32115.90,5780.86,950.00,0.00,INR,Issued,Approved,8,2024-06-22,Generated purchase order from approved PR.
568,PO-2024-0568,418,23,1,2024-06-22,2024-07-02,30 Days,Door delivery to factory stores,"EV Motor Plant, Accounts Payable, Hosur","EV Motor Plant Central Stores, Hosur",6050.64,1089.12,1025.00,0.00,INR,Issued,Approved,9,2024-06-22,Generated purchase order from approved PR.
569,PO-2024-0569,419,24,3,2024-06-24,2024-07-10,45 Days,Door delivery to factory stores,"EV Motor Plant, Accounts Payable, Hosur","EV Motor Plant Central Stores, Hosur",8276.12,1489.70,1100.00,0.00,INR,Issued,Approved,10,2024-06-24,Generated purchase order from approved PR.
570,PO-2024-0570,420,25,3,2024-06-26,2024-07-16,60 Days,Door delivery to factory stores,"EV Motor Plant, Accounts Payable, Hosur","EV Motor Plant Central Stores, Hosur",5290.35,952.26,1175.00,0.00,INR,Issued,Approved,11,2024-06-26,Generated purchase order from approved PR.
571,PO-2024-0571,421,26,4,2024-06-25,2024-07-07,30 Days,Door delivery to factory stores,"EV Motor Plant, Accounts Payable, Hosur","EV Motor Plant Central Stores, Hosur",705.60,127.01,1250.00,0.00,INR,Issued,Approved,12,2024-06-25,Generated purchase order from approved PR.
572,PO-2024-0572,422,27,4,2024-06-25,2024-06-30,45 Days,Door delivery to factory stores,"EV Motor Plant, Accounts Payable, Hosur","EV Motor Plant Central Stores, Hosur",638.24,114.88,1325.00,0.00,INR,Issued,Approved,13,2024-06-25,Generated purchase order from approved PR.
573,PO-2024-0573,423,28,5,2024-06-28,2024-07-13,60 Days,Door delivery to factory stores,"EV Motor Plant, Accounts Payable, Hosur","EV Motor Plant Central Stores, Hosur",1911.68,344.10,1400.00,0.00,INR,Issued,Approved,1,2024-06-28,Generated purchase order from approved PR.
574,PO-2024-0574,424,29,5,2024-06-26,2024-07-19,30 Days,Door delivery to factory stores,"EV Motor Plant, Accounts Payable, Hosur","EV Motor Plant Central Stores, Hosur",500.80,90.14,1475.00,0.00,INR,Issued,Approved,3,2024-06-26,Generated purchase order from approved PR.
575,PO-2024-0575,425,30,6,2024-06-25,2024-07-18,45 Days,Door delivery to factory stores,"EV Motor Plant, Accounts Payable, Hosur","EV Motor Plant Central Stores, Hosur",9587.70,1725.79,1550.00,0.00,INR,Issued,Approved,4,2024-06-25,Generated purchase order from approved PR.
576,PO-2024-0576,426,31,6,2024-06-28,2024-07-07,60 Days,Door delivery to factory stores,"EV Motor Plant, Accounts Payable, Hosur","EV Motor Plant Central Stores, Hosur",3380.00,608.40,1625.00,0.00,INR,Issued,Approved,5,2024-06-28,Generated purchase order from approved PR.
577,PO-2024-0577,427,32,1,2024-06-28,2024-07-17,30 Days,Door delivery to factory stores,"EV Motor Plant, Accounts Payable, Hosur","EV Motor Plant Central Stores, Hosur",2265.48,407.79,1700.00,0.00,INR,Issued,Approved,6,2024-06-28,Generated purchase order from approved PR.
578,PO-2024-0578,428,33,2,2024-06-26,2024-07-07,45 Days,Door delivery to factory stores,"EV Motor Plant, Accounts Payable, Hosur","EV Motor Plant Central Stores, Hosur",16806.54,3025.18,1775.00,0.00,INR,Issued,Approved,7,2024-06-26,Generated purchase order from approved PR.
579,PO-2024-0579,429,34,2,2024-06-30,2024-07-08,60 Days,Door delivery to factory stores,"EV Motor Plant, Accounts Payable, Hosur","EV Motor Plant Central Stores, Hosur",14748.01,2654.64,1850.00,0.00,INR,Issued,Approved,8,2024-06-30,Generated purchase order from approved PR.
580,PO-2024-0580,430,35,1,2024-06-25,2024-07-12,30 Days,Door delivery to factory stores,"EV Motor Plant, Accounts Payable, Hosur","EV Motor Plant Central Stores, Hosur",103942.01,18709.56,1925.00,0.00,INR,Issued,Approved,9,2024-06-25,Generated purchase order from approved PR.
581,PO-2024-0581,431,1,3,2024-07-01,2024-07-15,45 Days,Door delivery to factory stores,"EV Motor Plant, Accounts Payable, Hosur","EV Motor Plant Central Stores, Hosur",32358.00,5824.44,500.00,0.00,INR,Issued,Approved,10,2024-07-01,Generated purchase order from approved PR.
582,PO-2024-0582,432,2,3,2024-06-25,2024-07-10,60 Days,Door delivery to factory stores,"EV Motor Plant, Accounts Payable, Hosur","EV Motor Plant Central Stores, Hosur",21228.60,3821.15,575.00,0.00,INR,Issued,Approved,11,2024-06-25,Generated purchase order from approved PR.
583,PO-2024-0583,433,3,4,2024-06-27,2024-07-17,30 Days,Door delivery to factory stores,"EV Motor Plant, Accounts Payable, Hosur","EV Motor Plant Central Stores, Hosur",54107.75,9739.40,650.00,0.00,INR,Issued,Approved,12,2024-06-27,Generated purchase order from approved PR.
584,PO-2024-0584,434,4,4,2024-06-30,2024-07-11,45 Days,Door delivery to factory stores,"EV Motor Plant, Accounts Payable, Hosur","EV Motor Plant Central Stores, Hosur",34517.33,6213.12,725.00,0.00,INR,Issued,Approved,13,2024-06-30,Generated purchase order from approved PR.
585,PO-2024-0585,435,5,5,2024-06-30,2024-07-17,60 Days,Door delivery to factory stores,"EV Motor Plant, Accounts Payable, Hosur","EV Motor Plant Central Stores, Hosur",5054.99,909.90,800.00,0.00,INR,Issued,Approved,1,2024-06-30,Generated purchase order from approved PR.
586,PO-2024-0586,436,6,5,2024-06-30,2024-07-11,30 Days,Door delivery to factory stores,"EV Motor Plant, Accounts Payable, Hosur","EV Motor Plant Central Stores, Hosur",3710.00,667.80,875.00,0.00,INR,Issued,Approved,3,2024-06-30,Generated purchase order from approved PR.
587,PO-2024-0587,437,7,6,2024-06-29,2024-07-04,45 Days,Door delivery to factory stores,"EV Motor Plant, Accounts Payable, Hosur","EV Motor Plant Central Stores, Hosur",5152.14,927.39,950.00,0.00,INR,Issued,Approved,4,2024-06-29,Generated purchase order from approved PR.
588,PO-2024-0588,438,8,6,2024-06-29,2024-07-11,60 Days,Door delivery to factory stores,"EV Motor Plant, Accounts Payable, Hosur","EV Motor Plant Central Stores, Hosur",1459.22,262.66,1025.00,0.00,INR,Issued,Approved,5,2024-06-29,Generated purchase order from approved PR.
589,PO-2024-0589,439,9,1,2024-06-30,2024-07-23,30 Days,Door delivery to factory stores,"EV Motor Plant, Accounts Payable, Hosur","EV Motor Plant Central Stores, Hosur",1798.11,323.66,1100.00,0.00,INR,Issued,Approved,6,2024-06-30,Generated purchase order from approved PR.
590,PO-2024-0590,440,10,2,2024-07-03,2024-07-17,45 Days,Door delivery to factory stores,"EV Motor Plant, Accounts Payable, Hosur","EV Motor Plant Central Stores, Hosur",1070.55,192.70,1175.00,0.00,INR,Issued,Approved,7,2024-07-03,Generated purchase order from approved PR.
591,PO-2024-0591,441,11,2,2024-07-01,2024-07-08,60 Days,Door delivery to factory stores,"EV Motor Plant, Accounts Payable, Hosur","EV Motor Plant Central Stores, Hosur",177.40,31.93,1250.00,0.00,INR,Issued,Approved,8,2024-07-01,Generated purchase order from approved PR.
592,PO-2024-0592,442,12,1,2024-06-30,2024-07-18,30 Days,Door delivery to factory stores,"EV Motor Plant, Accounts Payable, Hosur","EV Motor Plant Central Stores, Hosur",4501.65,810.30,1325.00,0.00,INR,Issued,Approved,9,2024-06-30,Generated purchase order from approved PR.
593,PO-2024-0593,443,13,3,2024-07-02,2024-07-25,45 Days,Door delivery to factory stores,"EV Motor Plant, Accounts Payable, Hosur","EV Motor Plant Central Stores, Hosur",1488.45,267.92,1400.00,0.00,INR,Issued,Approved,10,2024-07-02,Generated purchase order from approved PR.
594,PO-2024-0594,444,14,3,2024-07-01,2024-07-23,60 Days,Door delivery to factory stores,"EV Motor Plant, Accounts Payable, Hosur","EV Motor Plant Central Stores, Hosur",1136.96,204.65,1475.00,0.00,INR,Issued,Approved,11,2024-07-01,Generated purchase order from approved PR.
595,PO-2024-0595,445,15,4,2024-07-04,2024-07-19,30 Days,Door delivery to factory stores,"EV Motor Plant, Accounts Payable, Hosur","EV Motor Plant Central Stores, Hosur",2059.58,370.72,1550.00,0.00,INR,Issued,Approved,12,2024-07-04,Generated purchase order from approved PR.
596,PO-2024-0596,446,16,4,2024-06-28,2024-07-10,45 Days,Door delivery to factory stores,"EV Motor Plant, Accounts Payable, Hosur","EV Motor Plant Central Stores, Hosur",5173.00,931.14,1625.00,0.00,INR,Issued,Approved,13,2024-06-28,Generated purchase order from approved PR.
597,PO-2024-0597,447,17,5,2024-07-03,2024-07-19,60 Days,Door delivery to factory stores,"EV Motor Plant, Accounts Payable, Hosur","EV Motor Plant Central Stores, Hosur",1421.00,255.78,1700.00,0.00,INR,Issued,Approved,1,2024-07-03,Generated purchase order from approved PR.
598,PO-2024-0598,448,18,5,2024-07-04,2024-07-24,30 Days,Door delivery to factory stores,"EV Motor Plant, Accounts Payable, Hosur","EV Motor Plant Central Stores, Hosur",910845.48,163952.19,1775.00,0.00,INR,Issued,Approved,3,2024-07-04,Generated purchase order from approved PR.
599,PO-2024-0599,449,19,6,2024-06-29,2024-07-20,45 Days,Door delivery to factory stores,"EV Motor Plant, Accounts Payable, Hosur","EV Motor Plant Central Stores, Hosur",1170681.68,210722.70,1850.00,0.00,INR,Issued,Approved,4,2024-06-29,Generated purchase order from approved PR.
600,PO-2024-0600,450,20,6,2024-07-01,2024-07-21,60 Days,Door delivery to factory stores,"EV Motor Plant, Accounts Payable, Hosur","EV Motor Plant Central Stores, Hosur",640848.98,115352.82,1925.00,0.00,INR,Issued,Approved,5,2024-07-01,Generated purchase order from approved PR.
601,PO-2024-0601,451,21,1,2024-07-02,2024-07-15,30 Days,Door delivery to factory stores,"EV Motor Plant, Accounts Payable, Hosur","EV Motor Plant Central Stores, Hosur",438550.50,78939.09,500.00,0.00,INR,Issued,Approved,6,2024-07-02,Generated purchase order from approved PR.
602,PO-2024-0602,452,22,2,2024-06-30,2024-07-07,45 Days,Door delivery to factory stores,"EV Motor Plant, Accounts Payable, Hosur","EV Motor Plant Central Stores, Hosur",951878.39,171338.11,575.00,0.00,INR,Issued,Approved,7,2024-06-30,Generated purchase order from approved PR.
603,PO-2024-0603,453,23,2,2024-07-04,2024-07-19,60 Days,Door delivery to factory stores,"EV Motor Plant, Accounts Payable, Hosur","EV Motor Plant Central Stores, Hosur",1755423.02,315976.14,650.00,0.00,INR,Issued,Approved,8,2024-07-04,Generated purchase order from approved PR.
604,PO-2024-0604,454,24,1,2024-07-03,2024-07-10,30 Days,Door delivery to factory stores,"EV Motor Plant, Accounts Payable, Hosur","EV Motor Plant Central Stores, Hosur",40463.30,7283.39,725.00,0.00,INR,Issued,Approved,9,2024-07-03,Generated purchase order from approved PR.
605,PO-2024-0605,455,25,3,2024-07-04,2024-07-10,45 Days,Door delivery to factory stores,"EV Motor Plant, Accounts Payable, Hosur","EV Motor Plant Central Stores, Hosur",52497.33,9449.52,800.00,0.00,INR,Issued,Approved,10,2024-07-04,Generated purchase order from approved PR.
606,PO-2024-0606,456,26,3,2024-07-02,2024-07-16,60 Days,Door delivery to factory stores,"EV Motor Plant, Accounts Payable, Hosur","EV Motor Plant Central Stores, Hosur",27404.00,4932.72,875.00,0.00,INR,Issued,Approved,11,2024-07-02,Generated purchase order from approved PR.
607,PO-2024-0607,457,27,4,2024-07-05,2024-07-22,30 Days,Door delivery to factory stores,"EV Motor Plant, Accounts Payable, Hosur","EV Motor Plant Central Stores, Hosur",35626.70,6412.81,950.00,0.00,INR,Issued,Approved,12,2024-07-05,Generated purchase order from approved PR.
608,PO-2024-0608,458,28,4,2024-07-08,2024-07-29,45 Days,Door delivery to factory stores,"EV Motor Plant, Accounts Payable, Hosur","EV Motor Plant Central Stores, Hosur",146398.02,26351.64,1025.00,0.00,INR,Issued,Approved,13,2024-07-08,Generated purchase order from approved PR.
609,PO-2024-0609,459,29,5,2024-07-04,2024-07-23,60 Days,Door delivery to factory stores,"EV Motor Plant, Accounts Payable, Hosur","EV Motor Plant Central Stores, Hosur",42165.75,7589.84,1100.00,0.00,INR,Issued,Approved,1,2024-07-04,Generated purchase order from approved PR.
610,PO-2024-0610,460,30,5,2024-07-02,2024-07-23,30 Days,Door delivery to factory stores,"EV Motor Plant, Accounts Payable, Hosur","EV Motor Plant Central Stores, Hosur",4316.32,776.94,1175.00,0.00,INR,Issued,Approved,3,2024-07-02,Generated purchase order from approved PR.
611,PO-2024-0611,461,31,6,2024-07-04,2024-07-23,45 Days,Door delivery to factory stores,"EV Motor Plant, Accounts Payable, Hosur","EV Motor Plant Central Stores, Hosur",23018.40,4143.31,1250.00,0.00,INR,Issued,Approved,4,2024-07-04,Generated purchase order from approved PR.
612,PO-2024-0612,462,32,6,2024-07-09,2024-07-27,60 Days,Door delivery to factory stores,"EV Motor Plant, Accounts Payable, Hosur","EV Motor Plant Central Stores, Hosur",83372.50,15007.05,1325.00,0.00,INR,Issued,Approved,5,2024-07-09,Generated purchase order from approved PR.
613,PO-2024-0613,463,33,1,2024-07-09,2024-07-14,30 Days,Door delivery to factory stores,"EV Motor Plant, Accounts Payable, Hosur","EV Motor Plant Central Stores, Hosur",229556.10,41320.10,1400.00,0.00,INR,Issued,Approved,6,2024-07-09,Generated purchase order from approved PR.
614,PO-2024-0614,464,34,2,2024-07-05,2024-07-21,45 Days,Door delivery to factory stores,"EV Motor Plant, Accounts Payable, Hosur","EV Motor Plant Central Stores, Hosur",376909.64,67843.74,1475.00,0.00,INR,Issued,Approved,7,2024-07-05,Generated purchase order from approved PR.
615,PO-2024-0615,465,35,2,2024-07-07,2024-07-14,60 Days,Door delivery to factory stores,"EV Motor Plant, Accounts Payable, Hosur","EV Motor Plant Central Stores, Hosur",750484.24,135087.16,1550.00,0.00,INR,Issued,Approved,8,2024-07-07,Generated purchase order from approved PR.
616,PO-2024-0616,466,1,1,2024-07-09,2024-07-15,30 Days,Door delivery to factory stores,"EV Motor Plant, Accounts Payable, Hosur","EV Motor Plant Central Stores, Hosur",14818.00,2667.24,1625.00,0.00,INR,Issued,Approved,9,2024-07-09,Generated purchase order from approved PR.
617,PO-2024-0617,467,2,3,2024-07-10,2024-07-17,45 Days,Door delivery to factory stores,"EV Motor Plant, Accounts Payable, Hosur","EV Motor Plant Central Stores, Hosur",39515.98,7112.88,1700.00,0.00,INR,Issued,Approved,10,2024-07-10,Generated purchase order from approved PR.
618,PO-2024-0618,468,3,3,2024-07-08,2024-07-28,60 Days,Door delivery to factory stores,"EV Motor Plant, Accounts Payable, Hosur","EV Motor Plant Central Stores, Hosur",1878.72,338.17,1775.00,0.00,INR,Issued,Approved,11,2024-07-08,Generated purchase order from approved PR.
619,PO-2024-0619,469,4,4,2024-07-08,2024-07-27,30 Days,Door delivery to factory stores,"EV Motor Plant, Accounts Payable, Hosur","EV Motor Plant Central Stores, Hosur",750017.40,135003.13,1850.00,0.00,INR,Issued,Approved,12,2024-07-08,Generated purchase order from approved PR.
620,PO-2024-0620,470,5,4,2024-07-09,2024-08-01,45 Days,Door delivery to factory stores,"EV Motor Plant, Accounts Payable, Hosur","EV Motor Plant Central Stores, Hosur",926906.40,166843.15,1925.00,0.00,INR,Issued,Approved,13,2024-07-09,Generated purchase order from approved PR.
621,PO-2024-0621,471,6,5,2024-07-08,2024-07-31,60 Days,Door delivery to factory stores,"EV Motor Plant, Accounts Payable, Hosur","EV Motor Plant Central Stores, Hosur",328780.00,59180.40,500.00,0.00,INR,Issued,Approved,1,2024-07-08,Generated purchase order from approved PR.
622,PO-2024-0622,472,7,5,2024-07-08,2024-07-29,30 Days,Door delivery to factory stores,"EV Motor Plant, Accounts Payable, Hosur","EV Motor Plant Central Stores, Hosur",393261.75,70787.12,575.00,0.00,INR,Issued,Approved,3,2024-07-08,Generated purchase order from approved PR.
623,PO-2024-0623,473,8,6,2024-07-11,2024-07-18,45 Days,Door delivery to factory stores,"EV Motor Plant, Accounts Payable, Hosur","EV Motor Plant Central Stores, Hosur",934874.35,168277.38,650.00,0.00,INR,Issued,Approved,4,2024-07-11,Generated purchase order from approved PR.
624,PO-2024-0624,474,9,6,2024-07-10,2024-07-31,60 Days,Door delivery to factory stores,"EV Motor Plant, Accounts Payable, Hosur","EV Motor Plant Central Stores, Hosur",2220662.69,399719.28,725.00,0.00,INR,Issued,Approved,5,2024-07-10,Generated purchase order from approved PR.
625,PO-2024-0625,475,10,1,2024-07-06,2024-07-26,30 Days,Door delivery to factory stores,"EV Motor Plant, Accounts Payable, Hosur","EV Motor Plant Central Stores, Hosur",33464.20,6023.56,800.00,0.00,INR,Issued,Approved,6,2024-07-06,Generated purchase order from approved PR.
626,PO-2024-0626,476,11,2,2024-07-07,2024-07-28,45 Days,Door delivery to factory stores,"EV Motor Plant, Accounts Payable, Hosur","EV Motor Plant Central Stores, Hosur",146870.00,26436.60,875.00,0.00,INR,Issued,Approved,7,2024-07-07,Generated purchase order from approved PR.
627,PO-2024-0627,477,12,2,2024-07-12,2024-07-19,60 Days,Door delivery to factory stores,"EV Motor Plant, Accounts Payable, Hosur","EV Motor Plant Central Stores, Hosur",114451.40,20601.25,950.00,0.00,INR,Issued,Approved,8,2024-07-12,Generated purchase order from approved PR.
628,PO-2024-0628,478,13,1,2024-07-12,2024-07-19,30 Days,Door delivery to factory stores,"EV Motor Plant, Accounts Payable, Hosur","EV Motor Plant Central Stores, Hosur",171196.30,30815.33,1025.00,0.00,INR,Issued,Approved,9,2024-07-12,Generated purchase order from approved PR.
629,PO-2024-0629,479,14,3,2024-07-11,2024-08-02,45 Days,Door delivery to factory stores,"EV Motor Plant, Accounts Payable, Hosur","EV Motor Plant Central Stores, Hosur",80560.42,14500.88,1100.00,0.00,INR,Issued,Approved,10,2024-07-11,Generated purchase order from approved PR.
630,PO-2024-0630,480,15,3,2024-07-09,2024-07-17,60 Days,Door delivery to factory stores,"EV Motor Plant, Accounts Payable, Hosur","EV Motor Plant Central Stores, Hosur",160526.40,28894.75,1175.00,0.00,INR,Issued,Approved,11,2024-07-09,Generated purchase order from approved PR.
631,PO-2024-0631,481,16,4,2024-07-10,2024-07-22,30 Days,Door delivery to factory stores,"EV Motor Plant, Accounts Payable, Hosur","EV Motor Plant Central Stores, Hosur",84870.00,15276.60,1250.00,0.00,INR,Issued,Approved,12,2024-07-10,Generated purchase order from approved PR.
632,PO-2024-0632,482,17,4,2024-07-08,2024-07-21,45 Days,Door delivery to factory stores,"EV Motor Plant, Accounts Payable, Hosur","EV Motor Plant Central Stores, Hosur",19701.15,3546.21,1325.00,0.00,INR,Issued,Approved,13,2024-07-08,Generated purchase order from approved PR.
633,PO-2024-0633,483,18,5,2024-07-09,2024-07-16,60 Days,Door delivery to factory stores,"EV Motor Plant, Accounts Payable, Hosur","EV Motor Plant Central Stores, Hosur",67114.80,12080.66,1400.00,0.00,INR,Issued,Approved,1,2024-07-09,Generated purchase order from approved PR.
634,PO-2024-0634,484,19,5,2024-07-09,2024-07-14,30 Days,Door delivery to factory stores,"EV Motor Plant, Accounts Payable, Hosur","EV Motor Plant Central Stores, Hosur",215855.20,38853.94,1475.00,0.00,INR,Issued,Approved,3,2024-07-09,Generated purchase order from approved PR.
635,PO-2024-0635,485,20,6,2024-07-14,2024-08-06,45 Days,Door delivery to factory stores,"EV Motor Plant, Accounts Payable, Hosur","EV Motor Plant Central Stores, Hosur",107687.52,19383.75,1550.00,0.00,INR,Issued,Approved,4,2024-07-14,Generated purchase order from approved PR.
636,PO-2024-0636,486,21,6,2024-07-10,2024-07-31,60 Days,Door delivery to factory stores,"EV Motor Plant, Accounts Payable, Hosur","EV Motor Plant Central Stores, Hosur",1145215.00,206138.70,1625.00,0.00,INR,Issued,Approved,5,2024-07-10,Generated purchase order from approved PR.
637,PO-2024-0637,487,22,1,2024-07-11,2024-08-02,30 Days,Door delivery to factory stores,"EV Motor Plant, Accounts Payable, Hosur","EV Motor Plant Central Stores, Hosur",96130.65,17303.52,1700.00,0.00,INR,Issued,Approved,6,2024-07-11,Generated purchase order from approved PR.
638,PO-2024-0638,488,23,2,2024-07-10,2024-07-20,45 Days,Door delivery to factory stores,"EV Motor Plant, Accounts Payable, Hosur","EV Motor Plant Central Stores, Hosur",228711.50,41168.07,1775.00,0.00,INR,Issued,Approved,7,2024-07-10,Generated purchase order from approved PR.
639,PO-2024-0639,489,24,2,2024-07-14,2024-07-23,60 Days,Door delivery to factory stores,"EV Motor Plant, Accounts Payable, Hosur","EV Motor Plant Central Stores, Hosur",383494.10,69028.94,1850.00,0.00,INR,Issued,Approved,8,2024-07-14,Generated purchase order from approved PR.
640,PO-2024-0640,490,25,1,2024-07-14,2024-07-27,30 Days,Door delivery to factory stores,"EV Motor Plant, Accounts Payable, Hosur","EV Motor Plant Central Stores, Hosur",9529.40,1715.29,1925.00,0.00,INR,Issued,Approved,9,2024-07-14,Generated purchase order from approved PR.
641,PO-2024-0641,491,26,3,2024-07-11,2024-07-24,45 Days,Door delivery to factory stores,"EV Motor Plant, Accounts Payable, Hosur","EV Motor Plant Central Stores, Hosur",33580.00,6044.40,500.00,0.00,INR,Issued,Approved,10,2024-07-11,Generated purchase order from approved PR.
642,PO-2024-0642,492,27,3,2024-07-14,2024-07-19,60 Days,Door delivery to factory stores,"EV Motor Plant, Accounts Payable, Hosur","EV Motor Plant Central Stores, Hosur",46598.65,8387.76,575.00,0.00,INR,Issued,Approved,11,2024-07-14,Generated purchase order from approved PR.
643,PO-2024-0643,493,28,4,2024-07-15,2024-08-03,30 Days,Door delivery to factory stores,"EV Motor Plant, Accounts Payable, Hosur","EV Motor Plant Central Stores, Hosur",117162.50,21089.25,650.00,0.00,INR,Issued,Approved,12,2024-07-15,Generated purchase order from approved PR.
644,PO-2024-0644,494,29,4,2024-07-15,2024-08-07,45 Days,Door delivery to factory stores,"EV Motor Plant, Accounts Payable, Hosur","EV Motor Plant Central Stores, Hosur",30221.89,5439.94,725.00,0.00,INR,Issued,Approved,13,2024-07-15,Generated purchase order from approved PR.
645,PO-2024-0645,495,30,5,2024-07-16,2024-07-31,60 Days,Door delivery to factory stores,"EV Motor Plant, Accounts Payable, Hosur","EV Motor Plant Central Stores, Hosur",56360.20,10144.84,800.00,0.00,INR,Issued,Approved,1,2024-07-16,Generated purchase order from approved PR.
646,PO-2024-0646,496,31,5,2024-07-14,2024-07-26,30 Days,Door delivery to factory stores,"EV Motor Plant, Accounts Payable, Hosur","EV Motor Plant Central Stores, Hosur",16775.00,3019.50,875.00,0.00,INR,Issued,Approved,3,2024-07-14,Generated purchase order from approved PR.
647,PO-2024-0647,497,32,6,2024-07-16,2024-07-28,45 Days,Door delivery to factory stores,"EV Motor Plant, Accounts Payable, Hosur","EV Motor Plant Central Stores, Hosur",56515.20,10172.74,950.00,0.00,INR,Issued,Approved,4,2024-07-16,Generated purchase order from approved PR.
648,PO-2024-0648,498,33,6,2024-07-15,2024-07-21,60 Days,Door delivery to factory stores,"EV Motor Plant, Accounts Payable, Hosur","EV Motor Plant Central Stores, Hosur",120664.50,21719.61,1025.00,0.00,INR,Issued,Approved,5,2024-07-15,Generated purchase order from approved PR.
649,PO-2024-0649,499,34,1,2024-07-13,2024-07-23,30 Days,Door delivery to factory stores,"EV Motor Plant, Accounts Payable, Hosur","EV Motor Plant Central Stores, Hosur",144310.32,25975.86,1100.00,0.00,INR,Issued,Approved,6,2024-07-13,Generated purchase order from approved PR.
650,PO-2024-0650,500,35,2,2024-07-15,2024-07-29,45 Days,Door delivery to factory stores,"EV Motor Plant, Accounts Payable, Hosur","EV Motor Plant Central Stores, Hosur",1336.66,240.60,1175.00,0.00,INR,Issued,Approved,7,2024-07-15,Generated purchase order from approved PR.
651,PO-2024-0651,501,1,2,2024-07-17,2024-07-30,60 Days,Door delivery to factory stores,"EV Motor Plant, Accounts Payable, Hosur","EV Motor Plant Central Stores, Hosur",5455.00,981.90,1250.00,0.00,INR,Issued,Approved,8,2024-07-17,Generated purchase order from approved PR.
652,PO-2024-0652,502,2,1,2024-07-14,2024-07-29,30 Days,Door delivery to factory stores,"EV Motor Plant, Accounts Payable, Hosur","EV Motor Plant Central Stores, Hosur",65022.93,11704.13,1325.00,0.00,INR,Issued,Approved,9,2024-07-14,Generated purchase order from approved PR.
653,PO-2024-0653,503,3,3,2024-07-13,2024-08-03,45 Days,Door delivery to factory stores,"EV Motor Plant, Accounts Payable, Hosur","EV Motor Plant Central Stores, Hosur",14471.50,2604.87,1400.00,0.00,INR,Issued,Approved,10,2024-07-13,Generated purchase order from approved PR.
654,PO-2024-0654,504,4,3,2024-07-19,2024-07-28,60 Days,Door delivery to factory stores,"EV Motor Plant, Accounts Payable, Hosur","EV Motor Plant Central Stores, Hosur",46774.20,8419.36,1475.00,0.00,INR,Issued,Approved,11,2024-07-19,Generated purchase order from approved PR.
655,PO-2024-0655,505,5,4,2024-07-15,2024-07-20,30 Days,Door delivery to factory stores,"EV Motor Plant, Accounts Payable, Hosur","EV Motor Plant Central Stores, Hosur",69476.64,12505.80,1550.00,0.00,INR,Issued,Approved,12,2024-07-15,Generated purchase order from approved PR.
656,PO-2024-0656,506,6,4,2024-07-16,2024-07-21,45 Days,Door delivery to factory stores,"EV Motor Plant, Accounts Payable, Hosur","EV Motor Plant Central Stores, Hosur",3060.00,550.80,1625.00,0.00,INR,Issued,Approved,13,2024-07-16,Generated purchase order from approved PR.
657,PO-2024-0657,507,7,5,2024-07-20,2024-07-27,60 Days,Door delivery to factory stores,"EV Motor Plant, Accounts Payable, Hosur","EV Motor Plant Central Stores, Hosur",10725.62,1930.61,1700.00,0.00,INR,Issued,Approved,1,2024-07-20,Generated purchase order from approved PR.
658,PO-2024-0658,508,8,5,2024-07-19,2024-08-03,30 Days,Door delivery to factory stores,"EV Motor Plant, Accounts Payable, Hosur","EV Motor Plant Central Stores, Hosur",28597.95,5147.63,1775.00,0.00,INR,Issued,Approved,3,2024-07-19,Generated purchase order from approved PR.
659,PO-2024-0659,509,9,6,2024-07-16,2024-08-05,45 Days,Door delivery to factory stores,"EV Motor Plant, Accounts Payable, Hosur","EV Motor Plant Central Stores, Hosur",141243.84,25423.89,1850.00,0.00,INR,Issued,Approved,4,2024-07-16,Generated purchase order from approved PR.
660,PO-2024-0660,510,10,6,2024-07-15,2024-08-05,60 Days,Door delivery to factory stores,"EV Motor Plant, Accounts Payable, Hosur","EV Motor Plant Central Stores, Hosur",455167.18,81930.09,1925.00,0.00,INR,Issued,Approved,5,2024-07-15,Generated purchase order from approved PR.
661,PO-2024-0661,511,11,1,2024-07-20,2024-08-06,30 Days,Door delivery to factory stores,"EV Motor Plant, Accounts Payable, Hosur","EV Motor Plant Central Stores, Hosur",6495.00,1169.10,500.00,0.00,INR,Issued,Approved,6,2024-07-20,Generated purchase order from approved PR.
662,PO-2024-0662,512,12,2,2024-07-21,2024-08-02,45 Days,Door delivery to factory stores,"EV Motor Plant, Accounts Payable, Hosur","EV Motor Plant Central Stores, Hosur",24286.92,4371.65,575.00,0.00,INR,Issued,Approved,7,2024-07-21,Generated purchase order from approved PR.
663,PO-2024-0663,513,13,2,2024-07-17,2024-07-24,60 Days,Door delivery to factory stores,"EV Motor Plant, Accounts Payable, Hosur","EV Motor Plant Central Stores, Hosur",62317.55,11217.16,650.00,0.00,INR,Issued,Approved,8,2024-07-17,Generated purchase order from approved PR.
664,PO-2024-0664,514,14,1,2024-07-22,2024-08-03,30 Days,Door delivery to factory stores,"EV Motor Plant, Accounts Payable, Hosur","EV Motor Plant Central Stores, Hosur",32266.86,5808.03,725.00,0.00,INR,Issued,Approved,9,2024-07-22,Generated purchase order from approved PR.
665,PO-2024-0665,515,15,3,2024-07-21,2024-08-01,45 Days,Door delivery to factory stores,"EV Motor Plant, Accounts Payable, Hosur","EV Motor Plant Central Stores, Hosur",27977.64,5035.98,800.00,0.00,INR,Issued,Approved,10,2024-07-21,Generated purchase order from approved PR.
666,PO-2024-0666,516,16,3,2024-07-22,2024-08-12,60 Days,Door delivery to factory stores,"EV Motor Plant, Accounts Payable, Hosur","EV Motor Plant Central Stores, Hosur",46663.60,8399.45,875.00,0.00,INR,Issued,Approved,11,2024-07-22,Generated purchase order from approved PR.
667,PO-2024-0667,517,17,4,2024-07-18,2024-08-01,30 Days,Door delivery to factory stores,"EV Motor Plant, Accounts Payable, Hosur","EV Motor Plant Central Stores, Hosur",2279.28,410.27,950.00,0.00,INR,Issued,Approved,12,2024-07-18,Generated purchase order from approved PR.
668,PO-2024-0668,518,18,4,2024-07-21,2024-07-30,45 Days,Door delivery to factory stores,"EV Motor Plant, Accounts Payable, Hosur","EV Motor Plant Central Stores, Hosur",994.60,179.03,1025.00,0.00,INR,Issued,Approved,13,2024-07-21,Generated purchase order from approved PR.
669,PO-2024-0669,519,19,5,2024-07-16,2024-07-26,60 Days,Door delivery to factory stores,"EV Motor Plant, Accounts Payable, Hosur","EV Motor Plant Central Stores, Hosur",20538.38,3696.91,1100.00,0.00,INR,Issued,Approved,1,2024-07-16,Generated purchase order from approved PR.
670,PO-2024-0670,520,20,5,2024-07-21,2024-07-28,30 Days,Door delivery to factory stores,"EV Motor Plant, Accounts Payable, Hosur","EV Motor Plant Central Stores, Hosur",1064.95,191.69,1175.00,0.00,INR,Issued,Approved,3,2024-07-21,Generated purchase order from approved PR.
671,PO-2024-0671,521,21,6,2024-07-19,2024-08-10,45 Days,Door delivery to factory stores,"EV Motor Plant, Accounts Payable, Hosur","EV Motor Plant Central Stores, Hosur",754.50,135.81,1250.00,0.00,INR,Issued,Approved,4,2024-07-19,Generated purchase order from approved PR.
672,PO-2024-0672,522,22,6,2024-07-17,2024-07-22,60 Days,Door delivery to factory stores,"EV Motor Plant, Accounts Payable, Hosur","EV Motor Plant Central Stores, Hosur",2006.18,361.11,1325.00,0.00,INR,Issued,Approved,5,2024-07-17,Generated purchase order from approved PR.
673,PO-2024-0673,523,23,1,2024-07-19,2024-07-24,30 Days,Door delivery to factory stores,"EV Motor Plant, Accounts Payable, Hosur","EV Motor Plant Central Stores, Hosur",3991.25,718.43,1400.00,0.00,INR,Issued,Approved,6,2024-07-19,Generated purchase order from approved PR.
674,PO-2024-0674,524,24,2,2024-07-17,2024-07-25,45 Days,Door delivery to factory stores,"EV Motor Plant, Accounts Payable, Hosur","EV Motor Plant Central Stores, Hosur",6088.71,1095.97,1475.00,0.00,INR,Issued,Approved,7,2024-07-17,Generated purchase order from approved PR.
675,PO-2024-0675,525,25,2,2024-07-18,2024-08-07,60 Days,Door delivery to factory stores,"EV Motor Plant, Accounts Payable, Hosur","EV Motor Plant Central Stores, Hosur",3124.88,562.48,1550.00,0.00,INR,Issued,Approved,8,2024-07-18,Generated purchase order from approved PR.
676,PO-2024-0676,526,26,1,2024-07-18,2024-08-01,30 Days,Door delivery to factory stores,"EV Motor Plant, Accounts Payable, Hosur","EV Motor Plant Central Stores, Hosur",598.00,107.64,1625.00,0.00,INR,Issued,Approved,9,2024-07-18,Generated purchase order from approved PR.
677,PO-2024-0677,527,27,3,2024-07-22,2024-08-07,45 Days,Door delivery to factory stores,"EV Motor Plant, Accounts Payable, Hosur","EV Motor Plant Central Stores, Hosur",27545.03,4958.11,1700.00,0.00,INR,Issued,Approved,10,2024-07-22,Generated purchase order from approved PR.
678,PO-2024-0678,528,28,3,2024-07-23,2024-08-03,60 Days,Door delivery to factory stores,"EV Motor Plant, Accounts Payable, Hosur","EV Motor Plant Central Stores, Hosur",16878.24,3038.08,1775.00,0.00,INR,Issued,Approved,11,2024-07-23,Generated purchase order from approved PR.
679,PO-2024-0679,529,29,4,2024-07-25,2024-07-31,30 Days,Door delivery to factory stores,"EV Motor Plant, Accounts Payable, Hosur","EV Motor Plant Central Stores, Hosur",102782.76,18500.90,1850.00,0.00,INR,Issued,Approved,12,2024-07-25,Generated purchase order from approved PR.
680,PO-2024-0680,530,30,4,2024-07-19,2024-08-09,45 Days,Door delivery to factory stores,"EV Motor Plant, Accounts Payable, Hosur","EV Motor Plant Central Stores, Hosur",17396.64,3131.40,1925.00,0.00,INR,Issued,Approved,13,2024-07-19,Generated purchase order from approved PR.
681,PO-2024-0681,531,31,5,2024-07-19,2024-07-27,60 Days,Door delivery to factory stores,"EV Motor Plant, Accounts Payable, Hosur","EV Motor Plant Central Stores, Hosur",23883.25,4298.99,500.00,0.00,INR,Issued,Approved,1,2024-07-19,Generated purchase order from approved PR.
682,PO-2024-0682,532,32,5,2024-07-20,2024-07-25,30 Days,Door delivery to factory stores,"EV Motor Plant, Accounts Payable, Hosur","EV Motor Plant Central Stores, Hosur",22449.32,4040.88,575.00,0.00,INR,Issued,Approved,3,2024-07-20,Generated purchase order from approved PR.
683,PO-2024-0683,533,33,6,2024-07-19,2024-08-03,45 Days,Door delivery to factory stores,"EV Motor Plant, Accounts Payable, Hosur","EV Motor Plant Central Stores, Hosur",13492.64,2428.68,650.00,0.00,INR,Issued,Approved,4,2024-07-19,Generated purchase order from approved PR.
684,PO-2024-0684,534,34,6,2024-07-24,2024-07-30,60 Days,Door delivery to factory stores,"EV Motor Plant, Accounts Payable, Hosur","EV Motor Plant Central Stores, Hosur",23511.63,4232.09,725.00,0.00,INR,Issued,Approved,5,2024-07-24,Generated purchase order from approved PR.
685,PO-2024-0685,535,35,1,2024-07-27,2024-08-02,30 Days,Door delivery to factory stores,"EV Motor Plant, Accounts Payable, Hosur","EV Motor Plant Central Stores, Hosur",8620.45,1551.68,800.00,0.00,INR,Issued,Approved,6,2024-07-27,Generated purchase order from approved PR.
686,PO-2024-0686,536,1,2,2024-07-25,2024-08-14,45 Days,Door delivery to factory stores,"EV Motor Plant, Accounts Payable, Hosur","EV Motor Plant Central Stores, Hosur",5490.00,988.20,875.00,0.00,INR,Issued,Approved,7,2024-07-25,Generated purchase order from approved PR.
687,PO-2024-0687,537,2,2,2024-07-24,2024-08-07,60 Days,Door delivery to factory stores,"EV Motor Plant, Accounts Payable, Hosur","EV Motor Plant Central Stores, Hosur",1562.10,281.18,950.00,0.00,INR,Issued,Approved,8,2024-07-24,Generated purchase order from approved PR.
688,PO-2024-0688,538,3,1,2024-07-21,2024-07-30,30 Days,Door delivery to factory stores,"EV Motor Plant, Accounts Payable, Hosur","EV Motor Plant Central Stores, Hosur",1326.98,238.86,1025.00,0.00,INR,Issued,Approved,9,2024-07-21,Generated purchase order from approved PR.
689,PO-2024-0689,539,4,3,2024-07-26,2024-08-06,45 Days,Door delivery to factory stores,"EV Motor Plant, Accounts Payable, Hosur","EV Motor Plant Central Stores, Hosur",1433.25,257.99,1100.00,0.00,INR,Issued,Approved,10,2024-07-26,Generated purchase order from approved PR.
690,PO-2024-0690,540,5,3,2024-07-21,2024-08-08,60 Days,Door delivery to factory stores,"EV Motor Plant, Accounts Payable, Hosur","EV Motor Plant Central Stores, Hosur",714.07,128.53,1175.00,0.00,INR,Issued,Approved,11,2024-07-21,Generated purchase order from approved PR.
691,PO-2024-0691,541,6,4,2024-07-26,2024-08-01,30 Days,Door delivery to factory stores,"EV Motor Plant, Accounts Payable, Hosur","EV Motor Plant Central Stores, Hosur",2036.80,366.62,1250.00,0.00,INR,Issued,Approved,12,2024-07-26,Generated purchase order from approved PR.
692,PO-2024-0692,542,7,4,2024-07-23,2024-07-30,45 Days,Door delivery to factory stores,"EV Motor Plant, Accounts Payable, Hosur","EV Motor Plant Central Stores, Hosur",1899.90,341.98,1325.00,0.00,INR,Issued,Approved,13,2024-07-23,Generated purchase order from approved PR.
693,PO-2024-0693,543,8,5,2024-07-23,2024-08-08,60 Days,Door delivery to factory stores,"EV Motor Plant, Accounts Payable, Hosur","EV Motor Plant Central Stores, Hosur",2109.44,379.70,1400.00,0.00,INR,Issued,Approved,1,2024-07-23,Generated purchase order from approved PR.
694,PO-2024-0694,544,9,5,2024-07-23,2024-08-08,30 Days,Door delivery to factory stores,"EV Motor Plant, Accounts Payable, Hosur","EV Motor Plant Central Stores, Hosur",1373.90,247.30,1475.00,0.00,INR,Issued,Approved,3,2024-07-23,Generated purchase order from approved PR.
695,PO-2024-0695,545,10,6,2024-07-24,2024-08-16,45 Days,Door delivery to factory stores,"EV Motor Plant, Accounts Payable, Hosur","EV Motor Plant Central Stores, Hosur",1156.46,208.16,1550.00,0.00,INR,Issued,Approved,4,2024-07-24,Generated purchase order from approved PR.
696,PO-2024-0696,546,11,6,2024-07-28,2024-08-09,60 Days,Door delivery to factory stores,"EV Motor Plant, Accounts Payable, Hosur","EV Motor Plant Central Stores, Hosur",1976.00,355.68,1625.00,0.00,INR,Issued,Approved,5,2024-07-28,Generated purchase order from approved PR.
697,PO-2024-0697,547,12,1,2024-07-27,2024-08-02,30 Days,Door delivery to factory stores,"EV Motor Plant, Accounts Payable, Hosur","EV Motor Plant Central Stores, Hosur",650639.36,117115.08,1700.00,0.00,INR,Issued,Approved,6,2024-07-27,Generated purchase order from approved PR.
698,PO-2024-0698,548,13,2,2024-07-24,2024-08-08,45 Days,Door delivery to factory stores,"EV Motor Plant, Accounts Payable, Hosur","EV Motor Plant Central Stores, Hosur",1345430.54,242177.50,1775.00,0.00,INR,Issued,Approved,7,2024-07-24,Generated purchase order from approved PR.
699,PO-2024-0699,549,14,2,2024-07-24,2024-08-10,60 Days,Door delivery to factory stores,"EV Motor Plant, Accounts Payable, Hosur","EV Motor Plant Central Stores, Hosur",2659217.50,478659.15,1850.00,0.00,INR,Issued,Approved,8,2024-07-24,Generated purchase order from approved PR.
700,PO-2024-0700,550,15,1,2024-07-26,2024-08-02,30 Days,Door delivery to factory stores,"EV Motor Plant, Accounts Payable, Hosur","EV Motor Plant Central Stores, Hosur",288882.33,51998.82,1925.00,0.00,INR,Issued,Approved,9,2024-07-26,Generated purchase order from approved PR.
701,PO-2024-0701,551,16,3,2024-07-27,2024-08-11,45 Days,Door delivery to factory stores,"EV Motor Plant, Accounts Payable, Hosur","EV Motor Plant Central Stores, Hosur",317149.40,57086.89,500.00,0.00,INR,Issued,Approved,10,2024-07-27,Generated purchase order from approved PR.
702,PO-2024-0702,552,17,3,2024-07-30,2024-08-07,60 Days,Door delivery to factory stores,"EV Motor Plant, Accounts Payable, Hosur","EV Motor Plant Central Stores, Hosur",2295471.00,413184.78,575.00,0.00,INR,Issued,Approved,11,2024-07-30,Generated purchase order from approved PR.
703,PO-2024-0703,553,18,4,2024-07-28,2024-08-18,30 Days,Door delivery to factory stores,"EV Motor Plant, Accounts Payable, Hosur","EV Motor Plant Central Stores, Hosur",44832.95,8069.93,650.00,0.00,INR,Issued,Approved,12,2024-07-28,Generated purchase order from approved PR.
704,PO-2024-0704,554,19,4,2024-07-26,2024-08-15,45 Days,Door delivery to factory stores,"EV Motor Plant, Accounts Payable, Hosur","EV Motor Plant Central Stores, Hosur",27713.65,4988.46,725.00,0.00,INR,Issued,Approved,13,2024-07-26,Generated purchase order from approved PR.
705,PO-2024-0705,555,20,5,2024-07-30,2024-08-12,60 Days,Door delivery to factory stores,"EV Motor Plant, Accounts Payable, Hosur","EV Motor Plant Central Stores, Hosur",101999.00,18359.82,800.00,0.00,INR,Issued,Approved,1,2024-07-30,Generated purchase order from approved PR.
706,PO-2024-0706,556,21,5,2024-07-31,2024-08-23,30 Days,Door delivery to factory stores,"EV Motor Plant, Accounts Payable, Hosur","EV Motor Plant Central Stores, Hosur",76635.00,13794.30,875.00,0.00,INR,Issued,Approved,3,2024-07-31,Generated purchase order from approved PR.
707,PO-2024-0707,557,22,6,2024-07-26,2024-08-18,45 Days,Door delivery to factory stores,"EV Motor Plant, Accounts Payable, Hosur","EV Motor Plant Central Stores, Hosur",11370.03,2046.61,950.00,0.00,INR,Issued,Approved,4,2024-07-26,Generated purchase order from approved PR.
708,PO-2024-0708,558,23,6,2024-07-26,2024-08-02,60 Days,Door delivery to factory stores,"EV Motor Plant, Accounts Payable, Hosur","EV Motor Plant Central Stores, Hosur",367380.40,66128.47,1025.00,0.00,INR,Issued,Approved,5,2024-07-26,Generated purchase order from approved PR.
709,PO-2024-0709,559,24,1,2024-07-26,2024-08-06,30 Days,Door delivery to factory stores,"EV Motor Plant, Accounts Payable, Hosur","EV Motor Plant Central Stores, Hosur",26432.23,4757.80,1100.00,0.00,INR,Issued,Approved,6,2024-07-26,Generated purchase order from approved PR.
710,PO-2024-0710,560,25,2,2024-08-01,2024-08-17,45 Days,Door delivery to factory stores,"EV Motor Plant, Accounts Payable, Hosur","EV Motor Plant Central Stores, Hosur",36996.42,6659.36,1175.00,0.00,INR,Issued,Approved,7,2024-08-01,Generated purchase order from approved PR.
711,PO-2024-0711,561,26,2,2024-07-30,2024-08-05,60 Days,Door delivery to factory stores,"EV Motor Plant, Accounts Payable, Hosur","EV Motor Plant Central Stores, Hosur",91485.00,16467.30,1250.00,0.00,INR,Issued,Approved,8,2024-07-30,Generated purchase order from approved PR.
712,PO-2024-0712,562,27,1,2024-07-30,2024-08-11,30 Days,Door delivery to factory stores,"EV Motor Plant, Accounts Payable, Hosur","EV Motor Plant Central Stores, Hosur",170414.01,30674.52,1325.00,0.00,INR,Issued,Approved,9,2024-07-30,Generated purchase order from approved PR.
713,PO-2024-0713,563,28,3,2024-07-30,2024-08-08,45 Days,Door delivery to factory stores,"EV Motor Plant, Accounts Payable, Hosur","EV Motor Plant Central Stores, Hosur",292381.98,52628.76,1400.00,0.00,INR,Issued,Approved,10,2024-07-30,Generated purchase order from approved PR.
714,PO-2024-0714,564,29,3,2024-07-29,2024-08-21,60 Days,Door delivery to factory stores,"EV Motor Plant, Accounts Payable, Hosur","EV Motor Plant Central Stores, Hosur",848376.98,152707.86,1475.00,0.00,INR,Issued,Approved,11,2024-07-29,Generated purchase order from approved PR.
715,PO-2024-0715,565,30,4,2024-07-31,2024-08-12,30 Days,Door delivery to factory stores,"EV Motor Plant, Accounts Payable, Hosur","EV Motor Plant Central Stores, Hosur",25743.16,4633.77,1550.00,0.00,INR,Issued,Approved,12,2024-07-31,Generated purchase order from approved PR.
716,PO-2024-0716,566,31,4,2024-07-28,2024-08-16,45 Days,Door delivery to factory stores,"EV Motor Plant, Accounts Payable, Hosur","EV Motor Plant Central Stores, Hosur",20492.00,3688.56,1625.00,0.00,INR,Issued,Approved,13,2024-07-28,Generated purchase order from approved PR.
717,PO-2024-0717,567,32,5,2024-07-31,2024-08-12,60 Days,Door delivery to factory stores,"EV Motor Plant, Accounts Payable, Hosur","EV Motor Plant Central Stores, Hosur",13641.60,2455.49,1700.00,0.00,INR,Issued,Approved,1,2024-07-31,Generated purchase order from approved PR.
718,PO-2024-0718,568,33,5,2024-08-02,2024-08-09,30 Days,Door delivery to factory stores,"EV Motor Plant, Accounts Payable, Hosur","EV Motor Plant Central Stores, Hosur",300100.80,54018.14,1775.00,0.00,INR,Issued,Approved,3,2024-08-02,Generated purchase order from approved PR.
719,PO-2024-0719,569,34,6,2024-08-01,2024-08-22,45 Days,Door delivery to factory stores,"EV Motor Plant, Accounts Payable, Hosur","EV Motor Plant Central Stores, Hosur",676700.20,121806.04,1850.00,0.00,INR,Issued,Approved,4,2024-08-01,Generated purchase order from approved PR.
720,PO-2024-0720,570,35,6,2024-08-01,2024-08-06,60 Days,Door delivery to factory stores,"EV Motor Plant, Accounts Payable, Hosur","EV Motor Plant Central Stores, Hosur",2892104.00,520578.72,1925.00,0.00,INR,Issued,Approved,5,2024-08-01,Generated purchase order from approved PR.
721,PO-2024-0721,571,1,1,2024-07-30,2024-08-05,30 Days,Door delivery to factory stores,"EV Motor Plant, Accounts Payable, Hosur","EV Motor Plant Central Stores, Hosur",409950.00,73791.00,500.00,0.00,INR,Issued,Approved,6,2024-07-30,Generated purchase order from approved PR.
722,PO-2024-0722,572,2,2,2024-08-01,2024-08-12,45 Days,Door delivery to factory stores,"EV Motor Plant, Accounts Payable, Hosur","EV Motor Plant Central Stores, Hosur",395322.96,71158.13,575.00,0.00,INR,Issued,Approved,7,2024-08-01,Generated purchase order from approved PR.
723,PO-2024-0723,573,3,2,2024-07-29,2024-08-16,60 Days,Door delivery to factory stores,"EV Motor Plant, Accounts Payable, Hosur","EV Motor Plant Central Stores, Hosur",1023912.70,184304.29,650.00,0.00,INR,Issued,Approved,8,2024-07-29,Generated purchase order from approved PR.
724,PO-2024-0724,574,4,1,2024-07-31,2024-08-11,30 Days,Door delivery to factory stores,"EV Motor Plant, Accounts Payable, Hosur","EV Motor Plant Central Stores, Hosur",49668.85,8940.39,725.00,0.00,INR,Issued,Approved,9,2024-07-31,Generated purchase order from approved PR.
725,PO-2024-0725,575,5,3,2024-08-06,2024-08-12,45 Days,Door delivery to factory stores,"EV Motor Plant, Accounts Payable, Hosur","EV Motor Plant Central Stores, Hosur",44647.20,8036.50,800.00,0.00,INR,Issued,Approved,10,2024-08-06,Generated purchase order from approved PR.
726,PO-2024-0726,576,6,3,2024-08-01,2024-08-12,60 Days,Door delivery to factory stores,"EV Motor Plant, Accounts Payable, Hosur","EV Motor Plant Central Stores, Hosur",60800.00,10944.00,875.00,0.00,INR,Issued,Approved,11,2024-08-01,Generated purchase order from approved PR.
727,PO-2024-0727,577,7,4,2024-08-03,2024-08-12,30 Days,Door delivery to factory stores,"EV Motor Plant, Accounts Payable, Hosur","EV Motor Plant Central Stores, Hosur",126438.55,22758.94,950.00,0.00,INR,Issued,Approved,12,2024-08-03,Generated purchase order from approved PR.
728,PO-2024-0728,578,8,4,2024-08-07,2024-08-12,45 Days,Door delivery to factory stores,"EV Motor Plant, Accounts Payable, Hosur","EV Motor Plant Central Stores, Hosur",73943.70,13309.87,1025.00,0.00,INR,Issued,Approved,13,2024-08-07,Generated purchase order from approved PR.
729,PO-2024-0729,579,9,5,2024-08-07,2024-08-22,60 Days,Door delivery to factory stores,"EV Motor Plant, Accounts Payable, Hosur","EV Motor Plant Central Stores, Hosur",373880.10,67298.42,1100.00,0.00,INR,Issued,Approved,1,2024-08-07,Generated purchase order from approved PR.
730,PO-2024-0730,580,10,5,2024-08-01,2024-08-08,30 Days,Door delivery to factory stores,"EV Motor Plant, Accounts Payable, Hosur","EV Motor Plant Central Stores, Hosur",54706.60,9847.19,1175.00,0.00,INR,Issued,Approved,3,2024-08-01,Generated purchase order from approved PR.
731,PO-2024-0731,581,11,6,2024-08-01,2024-08-11,45 Days,Door delivery to factory stores,"EV Motor Plant, Accounts Payable, Hosur","EV Motor Plant Central Stores, Hosur",56980.00,10256.40,1250.00,0.00,INR,Issued,Approved,4,2024-08-01,Generated purchase order from approved PR.
732,PO-2024-0732,582,12,6,2024-08-04,2024-08-21,60 Days,Door delivery to factory stores,"EV Motor Plant, Accounts Payable, Hosur","EV Motor Plant Central Stores, Hosur",77952.00,14031.36,1325.00,0.00,INR,Issued,Approved,5,2024-08-04,Generated purchase order from approved PR.
733,PO-2024-0733,583,13,1,2024-08-04,2024-08-22,30 Days,Door delivery to factory stores,"EV Motor Plant, Accounts Payable, Hosur","EV Motor Plant Central Stores, Hosur",390967.40,70374.13,1400.00,0.00,INR,Issued,Approved,6,2024-08-04,Generated purchase order from approved PR.
734,PO-2024-0734,584,14,2,2024-08-04,2024-08-14,45 Days,Door delivery to factory stores,"EV Motor Plant, Accounts Payable, Hosur","EV Motor Plant Central Stores, Hosur",538028.70,96845.17,1475.00,0.00,INR,Issued,Approved,7,2024-08-04,Generated purchase order from approved PR.
735,PO-2024-0735,585,15,2,2024-08-03,2024-08-14,60 Days,Door delivery to factory stores,"EV Motor Plant, Accounts Payable, Hosur","EV Motor Plant Central Stores, Hosur",322054.50,57969.81,1550.00,0.00,INR,Issued,Approved,8,2024-08-03,Generated purchase order from approved PR.
736,PO-2024-0736,586,16,1,2024-08-08,2024-08-17,30 Days,Door delivery to factory stores,"EV Motor Plant, Accounts Payable, Hosur","EV Motor Plant Central Stores, Hosur",118380.00,21308.40,1625.00,0.00,INR,Issued,Approved,9,2024-08-08,Generated purchase order from approved PR.
737,PO-2024-0737,587,17,3,2024-08-04,2024-08-27,45 Days,Door delivery to factory stores,"EV Motor Plant, Accounts Payable, Hosur","EV Motor Plant Central Stores, Hosur",142709.00,25687.62,1700.00,0.00,INR,Issued,Approved,10,2024-08-04,Generated purchase order from approved PR.
738,PO-2024-0738,588,18,3,2024-08-07,2024-08-15,60 Days,Door delivery to factory stores,"EV Motor Plant, Accounts Payable, Hosur","EV Motor Plant Central Stores, Hosur",608379.80,109508.36,1775.00,0.00,INR,Issued,Approved,11,2024-08-07,Generated purchase order from approved PR.
739,PO-2024-0739,589,19,4,2024-08-09,2024-08-17,30 Days,Door delivery to factory stores,"EV Motor Plant, Accounts Payable, Hosur","EV Motor Plant Central Stores, Hosur",2617.83,471.21,1850.00,0.00,INR,Issued,Approved,12,2024-08-09,Generated purchase order from approved PR.
740,PO-2024-0740,590,20,4,2024-08-05,2024-08-18,45 Days,Door delivery to factory stores,"EV Motor Plant, Accounts Payable, Hosur","EV Motor Plant Central Stores, Hosur",30761.20,5537.02,1925.00,0.00,INR,Issued,Approved,13,2024-08-05,Generated purchase order from approved PR.
741,PO-2024-0741,591,21,5,2024-08-08,2024-08-16,60 Days,Door delivery to factory stores,"EV Motor Plant, Accounts Payable, Hosur","EV Motor Plant Central Stores, Hosur",30020.00,5403.60,500.00,0.00,INR,Issued,Approved,1,2024-08-08,Generated purchase order from approved PR.
742,PO-2024-0742,592,22,5,2024-08-09,2024-08-16,30 Days,Door delivery to factory stores,"EV Motor Plant, Accounts Payable, Hosur","EV Motor Plant Central Stores, Hosur",31820.25,5727.65,575.00,0.00,INR,Issued,Approved,3,2024-08-09,Generated purchase order from approved PR.
743,PO-2024-0743,593,23,6,2024-08-09,2024-08-15,45 Days,Door delivery to factory stores,"EV Motor Plant, Accounts Payable, Hosur","EV Motor Plant Central Stores, Hosur",24720.00,4449.60,650.00,0.00,INR,Issued,Approved,4,2024-08-09,Generated purchase order from approved PR.
744,PO-2024-0744,594,24,6,2024-08-08,2024-08-25,60 Days,Door delivery to factory stores,"EV Motor Plant, Accounts Payable, Hosur","EV Motor Plant Central Stores, Hosur",83172.16,14970.99,725.00,0.00,INR,Issued,Approved,5,2024-08-08,Generated purchase order from approved PR.
745,PO-2024-0745,595,25,1,2024-08-06,2024-08-22,30 Days,Door delivery to factory stores,"EV Motor Plant, Accounts Payable, Hosur","EV Motor Plant Central Stores, Hosur",1749.00,314.82,800.00,0.00,INR,Issued,Approved,6,2024-08-06,Generated purchase order from approved PR.
746,PO-2024-0746,596,26,2,2024-08-09,2024-08-26,45 Days,Door delivery to factory stores,"EV Motor Plant, Accounts Payable, Hosur","EV Motor Plant Central Stores, Hosur",96600.00,17388.00,875.00,0.00,INR,Issued,Approved,7,2024-08-09,Generated purchase order from approved PR.
747,PO-2024-0747,597,27,2,2024-08-07,2024-08-26,60 Days,Door delivery to factory stores,"EV Motor Plant, Accounts Payable, Hosur","EV Motor Plant Central Stores, Hosur",60849.25,10952.87,950.00,0.00,INR,Issued,Approved,8,2024-08-07,Generated purchase order from approved PR.
748,PO-2024-0748,598,28,1,2024-08-10,2024-08-21,30 Days,Door delivery to factory stores,"EV Motor Plant, Accounts Payable, Hosur","EV Motor Plant Central Stores, Hosur",164309.72,29575.75,1025.00,0.00,INR,Issued,Approved,9,2024-08-10,Generated purchase order from approved PR.
749,PO-2024-0749,599,29,3,2024-08-11,2024-09-02,45 Days,Door delivery to factory stores,"EV Motor Plant, Accounts Payable, Hosur","EV Motor Plant Central Stores, Hosur",2392.46,430.64,1100.00,0.00,INR,Issued,Approved,10,2024-08-11,Generated purchase order from approved PR.
750,PO-2024-0750,600,30,3,2024-08-11,2024-08-29,60 Days,Door delivery to factory stores,"EV Motor Plant, Accounts Payable, Hosur","EV Motor Plant Central Stores, Hosur",25959.40,4672.69,1175.00,0.00,INR,Issued,Approved,11,2024-08-11,Generated purchase order from approved PR.
751,PO-2024-0751,601,31,4,2024-08-11,2024-08-31,30 Days,Door delivery to factory stores,"EV Motor Plant, Accounts Payable, Hosur","EV Motor Plant Central Stores, Hosur",35156.00,6328.08,1250.00,0.00,INR,Issued,Approved,12,2024-08-11,Generated purchase order from approved PR.
752,PO-2024-0752,602,32,4,2024-08-08,2024-08-26,45 Days,Door delivery to factory stores,"EV Motor Plant, Accounts Payable, Hosur","EV Motor Plant Central Stores, Hosur",3136.35,564.54,1325.00,0.00,INR,Issued,Approved,13,2024-08-08,Generated purchase order from approved PR.
753,PO-2024-0753,603,33,5,2024-08-07,2024-08-18,60 Days,Door delivery to factory stores,"EV Motor Plant, Accounts Payable, Hosur","EV Motor Plant Central Stores, Hosur",33569.76,6042.56,1400.00,0.00,INR,Issued,Approved,1,2024-08-07,Generated purchase order from approved PR.
754,PO-2024-0754,604,34,5,2024-08-12,2024-08-22,30 Days,Door delivery to factory stores,"EV Motor Plant, Accounts Payable, Hosur","EV Motor Plant Central Stores, Hosur",51464.16,9263.55,1475.00,0.00,INR,Issued,Approved,3,2024-08-12,Generated purchase order from approved PR.
755,PO-2024-0755,605,35,6,2024-08-11,2024-08-24,45 Days,Door delivery to factory stores,"EV Motor Plant, Accounts Payable, Hosur","EV Motor Plant Central Stores, Hosur",2499.48,449.91,1550.00,0.00,INR,Issued,Approved,4,2024-08-11,Generated purchase order from approved PR.
756,PO-2024-0756,606,1,6,2024-08-07,2024-08-13,60 Days,Door delivery to factory stores,"EV Motor Plant, Accounts Payable, Hosur","EV Motor Plant Central Stores, Hosur",12699.00,2285.82,1625.00,0.00,INR,Issued,Approved,5,2024-08-07,Generated purchase order from approved PR.
757,PO-2024-0757,607,2,1,2024-08-10,2024-08-23,30 Days,Door delivery to factory stores,"EV Motor Plant, Accounts Payable, Hosur","EV Motor Plant Central Stores, Hosur",25689.96,4624.19,1700.00,0.00,INR,Issued,Approved,6,2024-08-10,Generated purchase order from approved PR.
758,PO-2024-0758,608,3,2,2024-08-10,2024-08-15,45 Days,Door delivery to factory stores,"EV Motor Plant, Accounts Payable, Hosur","EV Motor Plant Central Stores, Hosur",184617.20,33231.10,1775.00,0.00,INR,Issued,Approved,7,2024-08-10,Generated purchase order from approved PR.
759,PO-2024-0759,609,4,2,2024-08-09,2024-08-14,60 Days,Door delivery to factory stores,"EV Motor Plant, Accounts Payable, Hosur","EV Motor Plant Central Stores, Hosur",21291.74,3832.51,1850.00,0.00,INR,Issued,Approved,8,2024-08-09,Generated purchase order from approved PR.
760,PO-2024-0760,610,5,1,2024-08-10,2024-09-01,30 Days,Door delivery to factory stores,"EV Motor Plant, Accounts Payable, Hosur","EV Motor Plant Central Stores, Hosur",4118.10,741.26,1925.00,0.00,INR,Issued,Approved,9,2024-08-10,Generated purchase order from approved PR.
761,PO-2024-0761,611,6,3,2024-08-09,2024-08-27,45 Days,Door delivery to factory stores,"EV Motor Plant, Accounts Payable, Hosur","EV Motor Plant Central Stores, Hosur",27348.00,4922.64,500.00,0.00,INR,Issued,Approved,10,2024-08-09,Generated purchase order from approved PR.
762,PO-2024-0762,612,7,3,2024-08-08,2024-08-23,60 Days,Door delivery to factory stores,"EV Motor Plant, Accounts Payable, Hosur","EV Motor Plant Central Stores, Hosur",36427.02,6556.86,575.00,0.00,INR,Issued,Approved,11,2024-08-08,Generated purchase order from approved PR.
763,PO-2024-0763,613,8,4,2024-08-14,2024-08-25,30 Days,Door delivery to factory stores,"EV Motor Plant, Accounts Payable, Hosur","EV Motor Plant Central Stores, Hosur",154830.24,27869.44,650.00,0.00,INR,Issued,Approved,12,2024-08-14,Generated purchase order from approved PR.
764,PO-2024-0764,614,9,4,2024-08-10,2024-08-25,45 Days,Door delivery to factory stores,"EV Motor Plant, Accounts Payable, Hosur","EV Motor Plant Central Stores, Hosur",17392.98,3130.74,725.00,0.00,INR,Issued,Approved,13,2024-08-10,Generated purchase order from approved PR.
765,PO-2024-0765,615,10,5,2024-08-10,2024-08-31,60 Days,Door delivery to factory stores,"EV Motor Plant, Accounts Payable, Hosur","EV Motor Plant Central Stores, Hosur",70609.00,12709.62,800.00,0.00,INR,Issued,Approved,1,2024-08-10,Generated purchase order from approved PR.
766,PO-2024-0766,616,11,5,2024-08-14,2024-08-31,30 Days,Door delivery to factory stores,"EV Motor Plant, Accounts Payable, Hosur","EV Motor Plant Central Stores, Hosur",1679.40,302.29,875.00,0.00,INR,Issued,Approved,3,2024-08-14,Generated purchase order from approved PR.
767,PO-2024-0767,617,12,6,2024-08-13,2024-08-29,45 Days,Door delivery to factory stores,"EV Motor Plant, Accounts Payable, Hosur","EV Motor Plant Central Stores, Hosur",4438.50,798.93,950.00,0.00,INR,Issued,Approved,4,2024-08-13,Generated purchase order from approved PR.
768,PO-2024-0768,618,13,6,2024-08-16,2024-08-29,60 Days,Door delivery to factory stores,"EV Motor Plant, Accounts Payable, Hosur","EV Motor Plant Central Stores, Hosur",21964.20,3953.56,1025.00,0.00,INR,Issued,Approved,5,2024-08-16,Generated purchase order from approved PR.
769,PO-2024-0769,619,14,1,2024-08-17,2024-08-28,30 Days,Door delivery to factory stores,"EV Motor Plant, Accounts Payable, Hosur","EV Motor Plant Central Stores, Hosur",590.65,106.32,1100.00,0.00,INR,Issued,Approved,6,2024-08-17,Generated purchase order from approved PR.
770,PO-2024-0770,620,15,2,2024-08-12,2024-08-30,45 Days,Door delivery to factory stores,"EV Motor Plant, Accounts Payable, Hosur","EV Motor Plant Central Stores, Hosur",1290.02,232.20,1175.00,0.00,INR,Issued,Approved,7,2024-08-12,Generated purchase order from approved PR.
771,PO-2024-0771,621,16,2,2024-08-16,2024-09-08,60 Days,Door delivery to factory stores,"EV Motor Plant, Accounts Payable, Hosur","EV Motor Plant Central Stores, Hosur",2061.00,370.98,1250.00,0.00,INR,Issued,Approved,8,2024-08-16,Generated purchase order from approved PR.
772,PO-2024-0772,622,17,1,2024-08-14,2024-08-27,30 Days,Door delivery to factory stores,"EV Motor Plant, Accounts Payable, Hosur","EV Motor Plant Central Stores, Hosur",2432.80,437.90,1325.00,0.00,INR,Issued,Approved,9,2024-08-14,Generated purchase order from approved PR.
773,PO-2024-0773,623,18,3,2024-08-15,2024-08-27,45 Days,Door delivery to factory stores,"EV Motor Plant, Accounts Payable, Hosur","EV Motor Plant Central Stores, Hosur",9233.95,1662.11,1400.00,0.00,INR,Issued,Approved,10,2024-08-15,Generated purchase order from approved PR.
774,PO-2024-0774,624,19,3,2024-08-17,2024-08-30,60 Days,Door delivery to factory stores,"EV Motor Plant, Accounts Payable, Hosur","EV Motor Plant Central Stores, Hosur",2135.98,384.48,1475.00,0.00,INR,Issued,Approved,11,2024-08-17,Generated purchase order from approved PR.
775,PO-2024-0775,625,20,4,2024-08-18,2024-08-31,30 Days,Door delivery to factory stores,"EV Motor Plant, Accounts Payable, Hosur","EV Motor Plant Central Stores, Hosur",2404.08,432.73,1550.00,0.00,INR,Issued,Approved,12,2024-08-18,Generated purchase order from approved PR.
776,PO-2024-0776,626,21,4,2024-08-14,2024-09-06,45 Days,Door delivery to factory stores,"EV Motor Plant, Accounts Payable, Hosur","EV Motor Plant Central Stores, Hosur",39574.40,7123.39,1625.00,0.00,INR,Issued,Approved,13,2024-08-14,Generated purchase order from approved PR.
777,PO-2024-0777,627,22,5,2024-08-16,2024-09-03,60 Days,Door delivery to factory stores,"EV Motor Plant, Accounts Payable, Hosur","EV Motor Plant Central Stores, Hosur",36514.60,6572.63,1700.00,0.00,INR,Issued,Approved,1,2024-08-16,Generated purchase order from approved PR.
778,PO-2024-0778,628,23,5,2024-08-17,2024-08-28,30 Days,Door delivery to factory stores,"EV Motor Plant, Accounts Payable, Hosur","EV Motor Plant Central Stores, Hosur",90276.35,16249.74,1775.00,0.00,INR,Issued,Approved,3,2024-08-17,Generated purchase order from approved PR.
779,PO-2024-0779,629,24,6,2024-08-19,2024-08-31,45 Days,Door delivery to factory stores,"EV Motor Plant, Accounts Payable, Hosur","EV Motor Plant Central Stores, Hosur",29534.30,5316.17,1850.00,0.00,INR,Issued,Approved,4,2024-08-19,Generated purchase order from approved PR.
780,PO-2024-0780,630,25,6,2024-08-19,2024-09-01,60 Days,Door delivery to factory stores,"EV Motor Plant, Accounts Payable, Hosur","EV Motor Plant Central Stores, Hosur",25160.10,4528.82,1925.00,0.00,INR,Issued,Approved,5,2024-08-19,Generated purchase order from approved PR.
781,PO-2024-0781,631,26,1,2024-08-14,2024-08-19,30 Days,Door delivery to factory stores,"EV Motor Plant, Accounts Payable, Hosur","EV Motor Plant Central Stores, Hosur",22840.40,4111.27,500.00,0.00,INR,Issued,Approved,6,2024-08-14,Generated purchase order from approved PR.
782,PO-2024-0782,632,27,2,2024-08-20,2024-09-04,45 Days,Door delivery to factory stores,"EV Motor Plant, Accounts Payable, Hosur","EV Motor Plant Central Stores, Hosur",34168.92,6150.41,575.00,0.00,INR,Issued,Approved,7,2024-08-20,Generated purchase order from approved PR.
783,PO-2024-0783,633,28,2,2024-08-16,2024-09-05,60 Days,Door delivery to factory stores,"EV Motor Plant, Accounts Payable, Hosur","EV Motor Plant Central Stores, Hosur",5365.90,965.86,650.00,0.00,INR,Issued,Approved,8,2024-08-16,Generated purchase order from approved PR.
784,PO-2024-0784,634,29,1,2024-08-19,2024-09-05,30 Days,Door delivery to factory stores,"EV Motor Plant, Accounts Payable, Hosur","EV Motor Plant Central Stores, Hosur",11409.37,2053.69,725.00,0.00,INR,Issued,Approved,9,2024-08-19,Generated purchase order from approved PR.
785,PO-2024-0785,635,30,3,2024-08-19,2024-08-27,45 Days,Door delivery to factory stores,"EV Motor Plant, Accounts Payable, Hosur","EV Motor Plant Central Stores, Hosur",3682.44,662.84,800.00,0.00,INR,Issued,Approved,10,2024-08-19,Generated purchase order from approved PR.
786,PO-2024-0786,636,31,3,2024-08-15,2024-09-02,60 Days,Door delivery to factory stores,"EV Motor Plant, Accounts Payable, Hosur","EV Motor Plant Central Stores, Hosur",2270.40,408.67,875.00,0.00,INR,Issued,Approved,11,2024-08-15,Generated purchase order from approved PR.
787,PO-2024-0787,637,32,4,2024-08-15,2024-09-02,30 Days,Door delivery to factory stores,"EV Motor Plant, Accounts Payable, Hosur","EV Motor Plant Central Stores, Hosur",1000.61,180.11,950.00,0.00,INR,Issued,Approved,12,2024-08-15,Generated purchase order from approved PR.
788,PO-2024-0788,638,33,4,2024-08-15,2024-08-24,45 Days,Door delivery to factory stores,"EV Motor Plant, Accounts Payable, Hosur","EV Motor Plant Central Stores, Hosur",1597.38,287.53,1025.00,0.00,INR,Issued,Approved,13,2024-08-15,Generated purchase order from approved PR.
789,PO-2024-0789,639,34,5,2024-08-19,2024-09-04,60 Days,Door delivery to factory stores,"EV Motor Plant, Accounts Payable, Hosur","EV Motor Plant Central Stores, Hosur",525.48,94.59,1100.00,0.00,INR,Issued,Approved,1,2024-08-19,Generated purchase order from approved PR.
790,PO-2024-0790,640,35,5,2024-08-21,2024-09-06,30 Days,Door delivery to factory stores,"EV Motor Plant, Accounts Payable, Hosur","EV Motor Plant Central Stores, Hosur",4588.89,826.00,1175.00,0.00,INR,Issued,Approved,3,2024-08-21,Generated purchase order from approved PR.
791,PO-2024-0791,641,1,6,2024-08-16,2024-09-05,45 Days,Door delivery to factory stores,"EV Motor Plant, Accounts Payable, Hosur","EV Motor Plant Central Stores, Hosur",1608.00,289.44,1250.00,0.00,INR,Issued,Approved,4,2024-08-16,Generated purchase order from approved PR.
792,PO-2024-0792,642,2,6,2024-08-17,2024-08-24,60 Days,Door delivery to factory stores,"EV Motor Plant, Accounts Payable, Hosur","EV Motor Plant Central Stores, Hosur",308.56,55.54,1325.00,0.00,INR,Issued,Approved,5,2024-08-17,Generated purchase order from approved PR.
793,PO-2024-0793,643,3,1,2024-08-22,2024-08-30,30 Days,Door delivery to factory stores,"EV Motor Plant, Accounts Payable, Hosur","EV Motor Plant Central Stores, Hosur",2170.21,390.64,1400.00,0.00,INR,Issued,Approved,6,2024-08-22,Generated purchase order from approved PR.
794,PO-2024-0794,644,4,2,2024-08-19,2024-09-02,45 Days,Door delivery to factory stores,"EV Motor Plant, Accounts Payable, Hosur","EV Motor Plant Central Stores, Hosur",3642.92,655.73,1475.00,0.00,INR,Issued,Approved,7,2024-08-19,Generated purchase order from approved PR.
795,PO-2024-0795,645,5,2,2024-08-21,2024-08-26,60 Days,Door delivery to factory stores,"EV Motor Plant, Accounts Payable, Hosur","EV Motor Plant Central Stores, Hosur",2395.60,431.21,1550.00,0.00,INR,Issued,Approved,8,2024-08-21,Generated purchase order from approved PR.
796,PO-2024-0796,646,6,1,2024-08-17,2024-08-29,30 Days,Door delivery to factory stores,"EV Motor Plant, Accounts Payable, Hosur","EV Motor Plant Central Stores, Hosur",408364.00,73505.52,1625.00,0.00,INR,Issued,Approved,9,2024-08-17,Generated purchase order from approved PR.
797,PO-2024-0797,647,7,3,2024-08-20,2024-09-08,45 Days,Door delivery to factory stores,"EV Motor Plant, Accounts Payable, Hosur","EV Motor Plant Central Stores, Hosur",1010420.09,181875.62,1700.00,0.00,INR,Issued,Approved,10,2024-08-20,Generated purchase order from approved PR.
798,PO-2024-0798,648,8,3,2024-08-21,2024-08-28,60 Days,Door delivery to factory stores,"EV Motor Plant, Accounts Payable, Hosur","EV Motor Plant Central Stores, Hosur",1091903.08,196542.55,1775.00,0.00,INR,Issued,Approved,11,2024-08-21,Generated purchase order from approved PR.
799,PO-2024-0799,649,9,4,2024-08-23,2024-09-05,30 Days,Door delivery to factory stores,"EV Motor Plant, Accounts Payable, Hosur","EV Motor Plant Central Stores, Hosur",220835.98,39750.48,1850.00,0.00,INR,Issued,Approved,12,2024-08-23,Generated purchase order from approved PR.
800,PO-2024-0800,650,10,4,2024-08-24,2024-09-16,45 Days,Door delivery to factory stores,"EV Motor Plant, Accounts Payable, Hosur","EV Motor Plant Central Stores, Hosur",308082.88,55454.92,1925.00,0.00,INR,Issued,Approved,13,2024-08-24,Generated purchase order from approved PR.
801,PO-2024-0801,651,11,5,2024-08-19,2024-09-02,60 Days,Door delivery to factory stores,"EV Motor Plant, Accounts Payable, Hosur","EV Motor Plant Central Stores, Hosur",2366973.50,426055.23,500.00,0.00,INR,Issued,Approved,1,2024-08-19,Generated purchase order from approved PR.
802,PO-2024-0802,652,12,5,2024-08-21,2024-09-04,30 Days,Door delivery to factory stores,"EV Motor Plant, Accounts Payable, Hosur","EV Motor Plant Central Stores, Hosur",75102.87,13518.52,575.00,0.00,INR,Issued,Approved,3,2024-08-21,Generated purchase order from approved PR.
803,PO-2024-0803,653,13,6,2024-08-22,2024-09-06,45 Days,Door delivery to factory stores,"EV Motor Plant, Accounts Payable, Hosur","EV Motor Plant Central Stores, Hosur",17524.84,3154.47,650.00,0.00,INR,Issued,Approved,4,2024-08-22,Generated purchase order from approved PR.
804,PO-2024-0804,654,14,6,2024-08-23,2024-08-31,60 Days,Door delivery to factory stores,"EV Motor Plant, Accounts Payable, Hosur","EV Motor Plant Central Stores, Hosur",38420.28,6915.65,725.00,0.00,INR,Issued,Approved,5,2024-08-23,Generated purchase order from approved PR.
805,PO-2024-0805,655,15,1,2024-08-22,2024-08-29,30 Days,Door delivery to factory stores,"EV Motor Plant, Accounts Payable, Hosur","EV Motor Plant Central Stores, Hosur",20129.40,3623.29,800.00,0.00,INR,Issued,Approved,6,2024-08-22,Generated purchase order from approved PR.
806,PO-2024-0806,656,16,2,2024-08-25,2024-09-11,45 Days,Door delivery to factory stores,"EV Motor Plant, Accounts Payable, Hosur","EV Motor Plant Central Stores, Hosur",183846.00,33092.28,875.00,0.00,INR,Issued,Approved,7,2024-08-25,Generated purchase order from approved PR.
807,PO-2024-0807,657,17,2,2024-08-23,2024-09-04,60 Days,Door delivery to factory stores,"EV Motor Plant, Accounts Payable, Hosur","EV Motor Plant Central Stores, Hosur",327347.65,58922.58,950.00,0.00,INR,Issued,Approved,8,2024-08-23,Generated purchase order from approved PR.
808,PO-2024-0808,658,18,1,2024-08-21,2024-08-31,30 Days,Door delivery to factory stores,"EV Motor Plant, Accounts Payable, Hosur","EV Motor Plant Central Stores, Hosur",32024.76,5764.46,1025.00,0.00,INR,Issued,Approved,9,2024-08-21,Generated purchase order from approved PR.
809,PO-2024-0809,659,19,3,2024-08-27,2024-09-01,45 Days,Door delivery to factory stores,"EV Motor Plant, Accounts Payable, Hosur","EV Motor Plant Central Stores, Hosur",18094.90,3257.08,1100.00,0.00,INR,Issued,Approved,10,2024-08-27,Generated purchase order from approved PR.
810,PO-2024-0810,660,20,3,2024-08-22,2024-09-12,60 Days,Door delivery to factory stores,"EV Motor Plant, Accounts Payable, Hosur","EV Motor Plant Central Stores, Hosur",72567.60,13062.17,1175.00,0.00,INR,Issued,Approved,11,2024-08-22,Generated purchase order from approved PR.
811,PO-2024-0811,661,21,4,2024-08-25,2024-08-30,30 Days,Door delivery to factory stores,"EV Motor Plant, Accounts Payable, Hosur","EV Motor Plant Central Stores, Hosur",30650.00,5517.00,1250.00,0.00,INR,Issued,Approved,12,2024-08-25,Generated purchase order from approved PR.
812,PO-2024-0812,662,22,4,2024-08-25,2024-09-13,45 Days,Door delivery to factory stores,"EV Motor Plant, Accounts Payable, Hosur","EV Motor Plant Central Stores, Hosur",417147.70,75086.59,1325.00,0.00,INR,Issued,Approved,13,2024-08-25,Generated purchase order from approved PR.
813,PO-2024-0813,663,23,5,2024-08-24,2024-09-05,60 Days,Door delivery to factory stores,"EV Motor Plant, Accounts Payable, Hosur","EV Motor Plant Central Stores, Hosur",787999.44,141839.90,1400.00,0.00,INR,Issued,Approved,1,2024-08-24,Generated purchase order from approved PR.
814,PO-2024-0814,664,24,5,2024-08-27,2024-09-12,30 Days,Door delivery to factory stores,"EV Motor Plant, Accounts Payable, Hosur","EV Motor Plant Central Stores, Hosur",40614.97,7310.69,1475.00,0.00,INR,Issued,Approved,3,2024-08-27,Generated purchase order from approved PR.
815,PO-2024-0815,665,25,6,2024-08-29,2024-09-07,45 Days,Door delivery to factory stores,"EV Motor Plant, Accounts Payable, Hosur","EV Motor Plant Central Stores, Hosur",86697.40,15605.53,1550.00,0.00,INR,Issued,Approved,4,2024-08-29,Generated purchase order from approved PR.
816,PO-2024-0816,666,26,6,2024-08-25,2024-09-01,60 Days,Door delivery to factory stores,"EV Motor Plant, Accounts Payable, Hosur","EV Motor Plant Central Stores, Hosur",10500.00,1890.00,1625.00,0.00,INR,Issued,Approved,5,2024-08-25,Generated purchase order from approved PR.
817,PO-2024-0817,667,27,1,2024-08-28,2024-09-12,30 Days,Door delivery to factory stores,"EV Motor Plant, Accounts Payable, Hosur","EV Motor Plant Central Stores, Hosur",810213.60,145838.45,1700.00,0.00,INR,Issued,Approved,6,2024-08-28,Generated purchase order from approved PR.
818,PO-2024-0818,668,28,2,2024-08-26,2024-09-13,45 Days,Door delivery to factory stores,"EV Motor Plant, Accounts Payable, Hosur","EV Motor Plant Central Stores, Hosur",772747.20,139094.50,1775.00,0.00,INR,Issued,Approved,7,2024-08-26,Generated purchase order from approved PR.
819,PO-2024-0819,669,29,2,2024-08-26,2024-09-03,60 Days,Door delivery to factory stores,"EV Motor Plant, Accounts Payable, Hosur","EV Motor Plant Central Stores, Hosur",1789813.30,322166.39,1850.00,0.00,INR,Issued,Approved,8,2024-08-26,Generated purchase order from approved PR.
820,PO-2024-0820,670,30,1,2024-08-27,2024-09-09,30 Days,Door delivery to factory stores,"EV Motor Plant, Accounts Payable, Hosur","EV Motor Plant Central Stores, Hosur",416527.00,74974.86,1925.00,0.00,INR,Issued,Approved,9,2024-08-27,Generated purchase order from approved PR.
821,PO-2024-0821,671,31,3,2024-08-26,2024-09-08,45 Days,Door delivery to factory stores,"EV Motor Plant, Accounts Payable, Hosur","EV Motor Plant Central Stores, Hosur",223310.00,40195.80,500.00,0.00,INR,Issued,Approved,10,2024-08-26,Generated purchase order from approved PR.
822,PO-2024-0822,672,32,3,2024-08-31,2024-09-09,60 Days,Door delivery to factory stores,"EV Motor Plant, Accounts Payable, Hosur","EV Motor Plant Central Stores, Hosur",460358.72,82864.57,575.00,0.00,INR,Issued,Approved,11,2024-08-31,Generated purchase order from approved PR.
823,PO-2024-0823,673,33,4,2024-08-26,2024-09-10,30 Days,Door delivery to factory stores,"EV Motor Plant, Accounts Payable, Hosur","EV Motor Plant Central Stores, Hosur",21341.60,3841.49,650.00,0.00,INR,Issued,Approved,12,2024-08-26,Generated purchase order from approved PR.
824,PO-2024-0824,674,34,4,2024-08-25,2024-09-01,45 Days,Door delivery to factory stores,"EV Motor Plant, Accounts Payable, Hosur","EV Motor Plant Central Stores, Hosur",93652.90,16857.52,725.00,0.00,INR,Issued,Approved,13,2024-08-25,Generated purchase order from approved PR.
825,PO-2024-0825,675,35,5,2024-08-28,2024-09-11,60 Days,Door delivery to factory stores,"EV Motor Plant, Accounts Payable, Hosur","EV Motor Plant Central Stores, Hosur",116769.60,21018.53,800.00,0.00,INR,Issued,Approved,1,2024-08-28,Generated purchase order from approved PR.
826,PO-2024-0826,676,1,5,2024-08-29,2024-09-05,30 Days,Door delivery to factory stores,"EV Motor Plant, Accounts Payable, Hosur","EV Motor Plant Central Stores, Hosur",231050.00,41589.00,875.00,0.00,INR,Issued,Approved,3,2024-08-29,Generated purchase order from approved PR.
827,PO-2024-0827,677,2,6,2024-08-30,2024-09-13,45 Days,Door delivery to factory stores,"EV Motor Plant, Accounts Payable, Hosur","EV Motor Plant Central Stores, Hosur",145613.43,26210.42,950.00,0.00,INR,Issued,Approved,4,2024-08-30,Generated purchase order from approved PR.
828,PO-2024-0828,678,3,6,2024-08-27,2024-09-06,60 Days,Door delivery to factory stores,"EV Motor Plant, Accounts Payable, Hosur","EV Motor Plant Central Stores, Hosur",93009.00,16741.62,1025.00,0.00,INR,Issued,Approved,5,2024-08-27,Generated purchase order from approved PR.
829,PO-2024-0829,679,4,1,2024-08-27,2024-09-09,30 Days,Door delivery to factory stores,"EV Motor Plant, Accounts Payable, Hosur","EV Motor Plant Central Stores, Hosur",8297.30,1493.51,1100.00,0.00,INR,Issued,Approved,6,2024-08-27,Generated purchase order from approved PR.
830,PO-2024-0830,680,5,2,2024-08-29,2024-09-11,45 Days,Door delivery to factory stores,"EV Motor Plant, Accounts Payable, Hosur","EV Motor Plant Central Stores, Hosur",33220.40,5979.67,1175.00,0.00,INR,Issued,Approved,7,2024-08-29,Generated purchase order from approved PR.
831,PO-2024-0831,681,6,2,2024-08-30,2024-09-21,60 Days,Door delivery to factory stores,"EV Motor Plant, Accounts Payable, Hosur","EV Motor Plant Central Stores, Hosur",118800.00,21384.00,1250.00,0.00,INR,Issued,Approved,8,2024-08-30,Generated purchase order from approved PR.
832,PO-2024-0832,682,7,1,2024-09-02,2024-09-16,30 Days,Door delivery to factory stores,"EV Motor Plant, Accounts Payable, Hosur","EV Motor Plant Central Stores, Hosur",89320.00,16077.60,1325.00,0.00,INR,Issued,Approved,9,2024-09-02,Generated purchase order from approved PR.
833,PO-2024-0833,683,8,3,2024-09-02,2024-09-22,45 Days,Door delivery to factory stores,"EV Motor Plant, Accounts Payable, Hosur","EV Motor Plant Central Stores, Hosur",126591.12,22786.40,1400.00,0.00,INR,Issued,Approved,10,2024-09-02,Generated purchase order from approved PR.
834,PO-2024-0834,684,9,3,2024-09-01,2024-09-10,60 Days,Door delivery to factory stores,"EV Motor Plant, Accounts Payable, Hosur","EV Motor Plant Central Stores, Hosur",67277.32,12109.92,1475.00,0.00,INR,Issued,Approved,11,2024-09-01,Generated purchase order from approved PR.
835,PO-2024-0835,685,10,4,2024-08-31,2024-09-11,30 Days,Door delivery to factory stores,"EV Motor Plant, Accounts Payable, Hosur","EV Motor Plant Central Stores, Hosur",74984.40,13497.19,1550.00,0.00,INR,Issued,Approved,12,2024-08-31,Generated purchase order from approved PR.
836,PO-2024-0836,686,11,4,2024-08-28,2024-09-03,45 Days,Door delivery to factory stores,"EV Motor Plant, Accounts Payable, Hosur","EV Motor Plant Central Stores, Hosur",349600.00,62928.00,1625.00,0.00,INR,Issued,Approved,13,2024-08-28,Generated purchase order from approved PR.
837,PO-2024-0837,687,12,5,2024-09-01,2024-09-13,60 Days,Door delivery to factory stores,"EV Motor Plant, Accounts Payable, Hosur","EV Motor Plant Central Stores, Hosur",673127.70,121162.99,1700.00,0.00,INR,Issued,Approved,1,2024-09-01,Generated purchase order from approved PR.
838,PO-2024-0838,688,13,5,2024-09-03,2024-09-20,30 Days,Door delivery to factory stores,"EV Motor Plant, Accounts Payable, Hosur","EV Motor Plant Central Stores, Hosur",21789.65,3922.14,1775.00,0.00,INR,Issued,Approved,3,2024-09-03,Generated purchase order from approved PR.
839,PO-2024-0839,689,14,6,2024-08-29,2024-09-18,45 Days,Door delivery to factory stores,"EV Motor Plant, Accounts Payable, Hosur","EV Motor Plant Central Stores, Hosur",59732.20,10751.80,1850.00,0.00,INR,Issued,Approved,4,2024-08-29,Generated purchase order from approved PR.
840,PO-2024-0840,690,15,6,2024-09-01,2024-09-16,60 Days,Door delivery to factory stores,"EV Motor Plant, Accounts Payable, Hosur","EV Motor Plant Central Stores, Hosur",35806.80,6445.22,1925.00,0.00,INR,Issued,Approved,5,2024-09-01,Generated purchase order from approved PR.
841,PO-2024-0841,691,16,1,2024-09-04,2024-09-21,30 Days,Door delivery to factory stores,"EV Motor Plant, Accounts Payable, Hosur","EV Motor Plant Central Stores, Hosur",159500.00,28710.00,500.00,0.00,INR,Issued,Approved,6,2024-09-04,Generated purchase order from approved PR.
842,PO-2024-0842,692,17,2,2024-08-30,2024-09-07,45 Days,Door delivery to factory stores,"EV Motor Plant, Accounts Payable, Hosur","EV Motor Plant Central Stores, Hosur",8861.31,1595.04,575.00,0.00,INR,Issued,Approved,7,2024-08-30,Generated purchase order from approved PR.
843,PO-2024-0843,693,18,2,2024-09-01,2024-09-06,60 Days,Door delivery to factory stores,"EV Motor Plant, Accounts Payable, Hosur","EV Motor Plant Central Stores, Hosur",80659.30,14518.67,650.00,0.00,INR,Issued,Approved,8,2024-09-01,Generated purchase order from approved PR.
844,PO-2024-0844,694,19,1,2024-08-31,2024-09-20,30 Days,Door delivery to factory stores,"EV Motor Plant, Accounts Payable, Hosur","EV Motor Plant Central Stores, Hosur",30524.88,5494.48,725.00,0.00,INR,Issued,Approved,9,2024-08-31,Generated purchase order from approved PR.
845,PO-2024-0845,695,20,3,2024-08-30,2024-09-07,45 Days,Door delivery to factory stores,"EV Motor Plant, Accounts Payable, Hosur","EV Motor Plant Central Stores, Hosur",52713.80,9488.48,800.00,0.00,INR,Issued,Approved,10,2024-08-30,Generated purchase order from approved PR.
846,PO-2024-0846,696,21,3,2024-09-02,2024-09-08,60 Days,Door delivery to factory stores,"EV Motor Plant, Accounts Payable, Hosur","EV Motor Plant Central Stores, Hosur",60500.00,10890.00,875.00,0.00,INR,Issued,Approved,11,2024-09-02,Generated purchase order from approved PR.
847,PO-2024-0847,697,22,4,2024-09-02,2024-09-24,30 Days,Door delivery to factory stores,"EV Motor Plant, Accounts Payable, Hosur","EV Motor Plant Central Stores, Hosur",32153.17,5787.57,950.00,0.00,INR,Issued,Approved,12,2024-09-02,Generated purchase order from approved PR.
848,PO-2024-0848,698,23,4,2024-09-05,2024-09-28,45 Days,Door delivery to factory stores,"EV Motor Plant, Accounts Payable, Hosur","EV Motor Plant Central Stores, Hosur",13660.89,2458.96,1025.00,0.00,INR,Issued,Approved,13,2024-09-05,Generated purchase order from approved PR.
849,PO-2024-0849,699,24,5,2024-09-03,2024-09-19,60 Days,Door delivery to factory stores,"EV Motor Plant, Accounts Payable, Hosur","EV Motor Plant Central Stores, Hosur",15278.00,2750.04,1100.00,0.00,INR,Issued,Approved,1,2024-09-03,Generated purchase order from approved PR.
850,PO-2024-0850,700,25,5,2024-09-02,2024-09-14,30 Days,Door delivery to factory stores,"EV Motor Plant, Accounts Payable, Hosur","EV Motor Plant Central Stores, Hosur",25236.48,4542.57,1175.00,0.00,INR,Issued,Approved,3,2024-09-02,Generated purchase order from approved PR.
851,PO-2024-0851,701,26,6,2024-09-02,2024-09-22,45 Days,Door delivery to factory stores,"EV Motor Plant, Accounts Payable, Hosur","EV Motor Plant Central Stores, Hosur",6950.00,1251.00,1250.00,0.00,INR,Issued,Approved,4,2024-09-02,Generated purchase order from approved PR.
852,PO-2024-0852,702,27,6,2024-09-03,2024-09-11,60 Days,Door delivery to factory stores,"EV Motor Plant, Accounts Payable, Hosur","EV Motor Plant Central Stores, Hosur",4652.76,837.50,1325.00,0.00,INR,Issued,Approved,5,2024-09-03,Generated purchase order from approved PR.
853,PO-2024-0853,703,28,1,2024-09-05,2024-09-18,30 Days,Door delivery to factory stores,"EV Motor Plant, Accounts Payable, Hosur","EV Motor Plant Central Stores, Hosur",53222.16,9579.99,1400.00,0.00,INR,Issued,Approved,6,2024-09-05,Generated purchase order from approved PR.
854,PO-2024-0854,704,29,2,2024-09-05,2024-09-16,45 Days,Door delivery to factory stores,"EV Motor Plant, Accounts Payable, Hosur","EV Motor Plant Central Stores, Hosur",2891.16,520.41,1475.00,0.00,INR,Issued,Approved,7,2024-09-05,Generated purchase order from approved PR.
855,PO-2024-0855,705,30,2,2024-09-05,2024-09-27,60 Days,Door delivery to factory stores,"EV Motor Plant, Accounts Payable, Hosur","EV Motor Plant Central Stores, Hosur",5647.68,1016.58,1550.00,0.00,INR,Issued,Approved,8,2024-09-05,Generated purchase order from approved PR.
856,PO-2024-0856,706,31,1,2024-09-07,2024-09-29,30 Days,Door delivery to factory stores,"EV Motor Plant, Accounts Payable, Hosur","EV Motor Plant Central Stores, Hosur",2625.00,472.50,1625.00,0.00,INR,Issued,Approved,9,2024-09-07,Generated purchase order from approved PR.
857,PO-2024-0857,707,32,3,2024-09-09,2024-09-26,45 Days,Door delivery to factory stores,"EV Motor Plant, Accounts Payable, Hosur","EV Motor Plant Central Stores, Hosur",186558.60,33580.55,1700.00,0.00,INR,Issued,Approved,10,2024-09-09,Generated purchase order from approved PR.
858,PO-2024-0858,708,33,3,2024-09-08,2024-09-15,60 Days,Door delivery to factory stores,"EV Motor Plant, Accounts Payable, Hosur","EV Motor Plant Central Stores, Hosur",564700.59,101646.11,1775.00,0.00,INR,Issued,Approved,11,2024-09-08,Generated purchase order from approved PR.
859,PO-2024-0859,709,34,4,2024-09-10,2024-09-24,30 Days,Door delivery to factory stores,"EV Motor Plant, Accounts Payable, Hosur","EV Motor Plant Central Stores, Hosur",9851.43,1773.26,1850.00,0.00,INR,Issued,Approved,12,2024-09-10,Generated purchase order from approved PR.
860,PO-2024-0860,710,35,4,2024-09-08,2024-09-17,45 Days,Door delivery to factory stores,"EV Motor Plant, Accounts Payable, Hosur","EV Motor Plant Central Stores, Hosur",21420.48,3855.69,1925.00,0.00,INR,Issued,Approved,13,2024-09-08,Generated purchase order from approved PR.
861,PO-2024-0861,711,1,5,2024-09-04,2024-09-25,60 Days,Door delivery to factory stores,"EV Motor Plant, Accounts Payable, Hosur","EV Motor Plant Central Stores, Hosur",14818.50,2667.33,500.00,0.00,INR,Issued,Approved,1,2024-09-04,Generated purchase order from approved PR.
862,PO-2024-0862,712,2,5,2024-09-07,2024-09-14,30 Days,Door delivery to factory stores,"EV Motor Plant, Accounts Payable, Hosur","EV Motor Plant Central Stores, Hosur",143686.50,25863.57,575.00,0.00,INR,Issued,Approved,3,2024-09-07,Generated purchase order from approved PR.
863,PO-2024-0863,713,3,6,2024-09-10,2024-09-16,45 Days,Door delivery to factory stores,"EV Motor Plant, Accounts Payable, Hosur","EV Motor Plant Central Stores, Hosur",33260.76,5986.94,650.00,0.00,INR,Issued,Approved,4,2024-09-10,Generated purchase order from approved PR.
864,PO-2024-0864,714,4,6,2024-09-09,2024-09-27,60 Days,Door delivery to factory stores,"EV Motor Plant, Accounts Payable, Hosur","EV Motor Plant Central Stores, Hosur",62923.77,11326.28,725.00,0.00,INR,Issued,Approved,5,2024-09-09,Generated purchase order from approved PR.
865,PO-2024-0865,715,5,1,2024-09-12,2024-09-25,30 Days,Door delivery to factory stores,"EV Motor Plant, Accounts Payable, Hosur","EV Motor Plant Central Stores, Hosur",3852.33,693.42,800.00,0.00,INR,Issued,Approved,6,2024-09-12,Generated purchase order from approved PR.
866,PO-2024-0866,716,6,2,2024-09-09,2024-09-29,45 Days,Door delivery to factory stores,"EV Motor Plant, Accounts Payable, Hosur","EV Motor Plant Central Stores, Hosur",7487.50,1347.75,875.00,0.00,INR,Issued,Approved,7,2024-09-09,Generated purchase order from approved PR.
867,PO-2024-0867,717,7,2,2024-09-08,2024-09-14,60 Days,Door delivery to factory stores,"EV Motor Plant, Accounts Payable, Hosur","EV Motor Plant Central Stores, Hosur",11673.42,2101.22,950.00,0.00,INR,Issued,Approved,8,2024-09-08,Generated purchase order from approved PR.
868,PO-2024-0868,718,8,1,2024-09-08,2024-09-28,30 Days,Door delivery to factory stores,"EV Motor Plant, Accounts Payable, Hosur","EV Motor Plant Central Stores, Hosur",72.26,13.01,1025.00,0.00,INR,Issued,Approved,9,2024-09-08,Generated purchase order from approved PR.
869,PO-2024-0869,719,9,3,2024-09-10,2024-09-15,45 Days,Door delivery to factory stores,"EV Motor Plant, Accounts Payable, Hosur","EV Motor Plant Central Stores, Hosur",692.41,124.63,1100.00,0.00,INR,Issued,Approved,10,2024-09-10,Generated purchase order from approved PR.
870,PO-2024-0870,720,10,3,2024-09-08,2024-09-13,60 Days,Door delivery to factory stores,"EV Motor Plant, Accounts Payable, Hosur","EV Motor Plant Central Stores, Hosur",2495.24,449.14,1175.00,0.00,INR,Issued,Approved,11,2024-09-08,Generated purchase order from approved PR.
871,PO-2024-0871,721,11,4,2024-09-13,2024-09-26,30 Days,Door delivery to factory stores,"EV Motor Plant, Accounts Payable, Hosur","EV Motor Plant Central Stores, Hosur",3153.00,567.54,1250.00,0.00,INR,Issued,Approved,12,2024-09-13,Generated purchase order from approved PR.
872,PO-2024-0872,722,12,4,2024-09-08,2024-09-17,45 Days,Door delivery to factory stores,"EV Motor Plant, Accounts Payable, Hosur","EV Motor Plant Central Stores, Hosur",8395.98,1511.28,1325.00,0.00,INR,Issued,Approved,13,2024-09-08,Generated purchase order from approved PR.
873,PO-2024-0873,723,13,5,2024-09-13,2024-09-29,60 Days,Door delivery to factory stores,"EV Motor Plant, Accounts Payable, Hosur","EV Motor Plant Central Stores, Hosur",4301.28,774.23,1400.00,0.00,INR,Issued,Approved,1,2024-09-13,Generated purchase order from approved PR.
874,PO-2024-0874,724,14,5,2024-09-14,2024-09-19,30 Days,Door delivery to factory stores,"EV Motor Plant, Accounts Payable, Hosur","EV Motor Plant Central Stores, Hosur",2177.78,392.00,1475.00,0.00,INR,Issued,Approved,3,2024-09-14,Generated purchase order from approved PR.
875,PO-2024-0875,725,15,6,2024-09-10,2024-09-15,45 Days,Door delivery to factory stores,"EV Motor Plant, Accounts Payable, Hosur","EV Motor Plant Central Stores, Hosur",49714.50,8948.61,1550.00,0.00,INR,Issued,Approved,4,2024-09-10,Generated purchase order from approved PR.
876,PO-2024-0876,726,16,6,2024-09-12,2024-09-30,60 Days,Door delivery to factory stores,"EV Motor Plant, Accounts Payable, Hosur","EV Motor Plant Central Stores, Hosur",5894.40,1060.99,1625.00,0.00,INR,Issued,Approved,5,2024-09-12,Generated purchase order from approved PR.
877,PO-2024-0877,727,17,1,2024-09-14,2024-09-22,30 Days,Door delivery to factory stores,"EV Motor Plant, Accounts Payable, Hosur","EV Motor Plant Central Stores, Hosur",29081.46,5234.66,1700.00,0.00,INR,Issued,Approved,6,2024-09-14,Generated purchase order from approved PR.
878,PO-2024-0878,728,18,2,2024-09-15,2024-10-02,45 Days,Door delivery to factory stores,"EV Motor Plant, Accounts Payable, Hosur","EV Motor Plant Central Stores, Hosur",33639.07,6055.03,1775.00,0.00,INR,Issued,Approved,7,2024-09-15,Generated purchase order from approved PR.
879,PO-2024-0879,729,19,2,2024-09-12,2024-10-01,60 Days,Door delivery to factory stores,"EV Motor Plant, Accounts Payable, Hosur","EV Motor Plant Central Stores, Hosur",2463.80,443.48,1850.00,0.00,INR,Issued,Approved,8,2024-09-12,Generated purchase order from approved PR.
880,PO-2024-0880,730,20,1,2024-09-13,2024-09-19,30 Days,Door delivery to factory stores,"EV Motor Plant, Accounts Payable, Hosur","EV Motor Plant Central Stores, Hosur",23279.39,4190.29,1925.00,0.00,INR,Issued,Approved,9,2024-09-13,Generated purchase order from approved PR.
881,PO-2024-0881,731,21,3,2024-09-13,2024-10-02,45 Days,Door delivery to factory stores,"EV Motor Plant, Accounts Payable, Hosur","EV Motor Plant Central Stores, Hosur",5252.40,945.43,500.00,0.00,INR,Issued,Approved,10,2024-09-13,Generated purchase order from approved PR.
882,PO-2024-0882,732,22,3,2024-09-16,2024-09-26,60 Days,Door delivery to factory stores,"EV Motor Plant, Accounts Payable, Hosur","EV Motor Plant Central Stores, Hosur",8447.81,1520.61,575.00,0.00,INR,Issued,Approved,11,2024-09-16,Generated purchase order from approved PR.
883,PO-2024-0883,733,23,4,2024-09-17,2024-09-29,30 Days,Door delivery to factory stores,"EV Motor Plant, Accounts Payable, Hosur","EV Motor Plant Central Stores, Hosur",8268.21,1488.28,650.00,0.00,INR,Issued,Approved,12,2024-09-17,Generated purchase order from approved PR.
884,PO-2024-0884,734,24,4,2024-09-16,2024-09-22,45 Days,Door delivery to factory stores,"EV Motor Plant, Accounts Payable, Hosur","EV Motor Plant Central Stores, Hosur",3285.48,591.39,725.00,0.00,INR,Issued,Approved,13,2024-09-16,Generated purchase order from approved PR.
885,PO-2024-0885,735,25,5,2024-09-19,2024-10-09,60 Days,Door delivery to factory stores,"EV Motor Plant, Accounts Payable, Hosur","EV Motor Plant Central Stores, Hosur",1364.25,245.57,800.00,0.00,INR,Issued,Approved,1,2024-09-19,Generated purchase order from approved PR.
886,PO-2024-0886,736,26,5,2024-09-14,2024-09-29,30 Days,Door delivery to factory stores,"EV Motor Plant, Accounts Payable, Hosur","EV Motor Plant Central Stores, Hosur",1544.40,277.99,875.00,0.00,INR,Issued,Approved,3,2024-09-14,Generated purchase order from approved PR.
887,PO-2024-0887,737,27,6,2024-09-18,2024-10-02,45 Days,Door delivery to factory stores,"EV Motor Plant, Accounts Payable, Hosur","EV Motor Plant Central Stores, Hosur",887.62,159.77,950.00,0.00,INR,Issued,Approved,4,2024-09-18,Generated purchase order from approved PR.
888,PO-2024-0888,738,28,6,2024-09-14,2024-10-07,60 Days,Door delivery to factory stores,"EV Motor Plant, Accounts Payable, Hosur","EV Motor Plant Central Stores, Hosur",296.32,53.34,1025.00,0.00,INR,Issued,Approved,5,2024-09-14,Generated purchase order from approved PR.
889,PO-2024-0889,739,29,1,2024-09-15,2024-09-26,30 Days,Door delivery to factory stores,"EV Motor Plant, Accounts Payable, Hosur","EV Motor Plant Central Stores, Hosur",3175.93,571.67,1100.00,0.00,INR,Issued,Approved,6,2024-09-15,Generated purchase order from approved PR.
890,PO-2024-0890,740,30,2,2024-09-16,2024-10-07,45 Days,Door delivery to factory stores,"EV Motor Plant, Accounts Payable, Hosur","EV Motor Plant Central Stores, Hosur",1445.84,260.25,1175.00,0.00,INR,Issued,Approved,7,2024-09-16,Generated purchase order from approved PR.
891,PO-2024-0891,741,31,2,2024-09-17,2024-10-05,60 Days,Door delivery to factory stores,"EV Motor Plant, Accounts Payable, Hosur","EV Motor Plant Central Stores, Hosur",1460.00,262.80,1250.00,0.00,INR,Issued,Approved,8,2024-09-17,Generated purchase order from approved PR.
892,PO-2024-0892,742,32,1,2024-09-21,2024-10-13,30 Days,Door delivery to factory stores,"EV Motor Plant, Accounts Payable, Hosur","EV Motor Plant Central Stores, Hosur",1502.01,270.36,1325.00,0.00,INR,Issued,Approved,9,2024-09-21,Generated purchase order from approved PR.
893,PO-2024-0893,743,33,3,2024-09-20,2024-10-12,45 Days,Door delivery to factory stores,"EV Motor Plant, Accounts Payable, Hosur","EV Motor Plant Central Stores, Hosur",1049.57,188.92,1400.00,0.00,INR,Issued,Approved,10,2024-09-20,Generated purchase order from approved PR.
894,PO-2024-0894,744,34,3,2024-09-21,2024-10-14,60 Days,Door delivery to factory stores,"EV Motor Plant, Accounts Payable, Hosur","EV Motor Plant Central Stores, Hosur",2616.68,471.00,1475.00,0.00,INR,Issued,Approved,11,2024-09-21,Generated purchase order from approved PR.
895,PO-2024-0895,745,35,4,2024-09-19,2024-09-26,30 Days,Door delivery to factory stores,"EV Motor Plant, Accounts Payable, Hosur","EV Motor Plant Central Stores, Hosur",154408.08,27793.45,1550.00,0.00,INR,Issued,Approved,12,2024-09-19,Generated purchase order from approved PR.
896,PO-2024-0896,746,1,4,2024-09-15,2024-10-05,45 Days,Door delivery to factory stores,"EV Motor Plant, Accounts Payable, Hosur","EV Motor Plant Central Stores, Hosur",1052368.80,189426.38,1625.00,0.00,INR,Issued,Approved,13,2024-09-15,Generated purchase order from approved PR.
897,PO-2024-0897,747,2,5,2024-09-17,2024-10-07,60 Days,Door delivery to factory stores,"EV Motor Plant, Accounts Payable, Hosur","EV Motor Plant Central Stores, Hosur",756111.86,136100.13,1700.00,0.00,INR,Issued,Approved,1,2024-09-17,Generated purchase order from approved PR.
898,PO-2024-0898,748,3,5,2024-09-21,2024-10-08,30 Days,Door delivery to factory stores,"EV Motor Plant, Accounts Payable, Hosur","EV Motor Plant Central Stores, Hosur",601508.90,108271.60,1775.00,0.00,INR,Issued,Approved,3,2024-09-21,Generated purchase order from approved PR.
899,PO-2024-0899,749,4,6,2024-09-20,2024-09-30,45 Days,Door delivery to factory stores,"EV Motor Plant, Accounts Payable, Hosur","EV Motor Plant Central Stores, Hosur",429331.62,77279.69,1850.00,0.00,INR,Issued,Approved,4,2024-09-20,Generated purchase order from approved PR.
900,PO-2024-0900,750,5,6,2024-09-19,2024-10-12,60 Days,Door delivery to factory stores,"EV Motor Plant, Accounts Payable, Hosur","EV Motor Plant Central Stores, Hosur",722718.48,130089.33,1925.00,0.00,INR,Issued,Approved,5,2024-09-19,Generated purchase order from approved PR.
901,PO-2024-0901,751,6,1,2024-09-22,2024-09-30,30 Days,Door delivery to factory stores,"EV Motor Plant, Accounts Payable, Hosur","EV Motor Plant Central Stores, Hosur",61414.20,11054.56,500.00,0.00,INR,Issued,Approved,6,2024-09-22,Generated purchase order from approved PR.
902,PO-2024-0902,752,7,2,2024-09-23,2024-10-07,45 Days,Door delivery to factory stores,"EV Motor Plant, Accounts Payable, Hosur","EV Motor Plant Central Stores, Hosur",9182.16,1652.79,575.00,0.00,INR,Issued,Approved,7,2024-09-23,Generated purchase order from approved PR.
903,PO-2024-0903,753,8,2,2024-09-22,2024-10-06,60 Days,Door delivery to factory stores,"EV Motor Plant, Accounts Payable, Hosur","EV Motor Plant Central Stores, Hosur",24820.40,4467.67,650.00,0.00,INR,Issued,Approved,8,2024-09-22,Generated purchase order from approved PR.
904,PO-2024-0904,754,9,1,2024-09-23,2024-10-01,30 Days,Door delivery to factory stores,"EV Motor Plant, Accounts Payable, Hosur","EV Motor Plant Central Stores, Hosur",81213.21,14618.38,725.00,0.00,INR,Issued,Approved,9,2024-09-23,Generated purchase order from approved PR.
905,PO-2024-0905,755,10,3,2024-09-21,2024-10-09,45 Days,Door delivery to factory stores,"EV Motor Plant, Accounts Payable, Hosur","EV Motor Plant Central Stores, Hosur",66398.40,11951.71,800.00,0.00,INR,Issued,Approved,10,2024-09-21,Generated purchase order from approved PR.
906,PO-2024-0906,756,11,3,2024-09-24,2024-09-30,60 Days,Door delivery to factory stores,"EV Motor Plant, Accounts Payable, Hosur","EV Motor Plant Central Stores, Hosur",165840.00,29851.20,875.00,0.00,INR,Issued,Approved,11,2024-09-24,Generated purchase order from approved PR.
907,PO-2024-0907,757,12,4,2024-09-19,2024-10-07,30 Days,Door delivery to factory stores,"EV Motor Plant, Accounts Payable, Hosur","EV Motor Plant Central Stores, Hosur",34246.10,6164.30,950.00,0.00,INR,Issued,Approved,12,2024-09-19,Generated purchase order from approved PR.
908,PO-2024-0908,758,13,4,2024-09-23,2024-10-14,45 Days,Door delivery to factory stores,"EV Motor Plant, Accounts Payable, Hosur","EV Motor Plant Central Stores, Hosur",8247.20,1484.50,1025.00,0.00,INR,Issued,Approved,13,2024-09-23,Generated purchase order from approved PR.
909,PO-2024-0909,759,14,5,2024-09-20,2024-10-01,60 Days,Door delivery to factory stores,"EV Motor Plant, Accounts Payable, Hosur","EV Motor Plant Central Stores, Hosur",45238.80,8142.98,1100.00,0.00,INR,Issued,Approved,1,2024-09-20,Generated purchase order from approved PR.
910,PO-2024-0910,760,15,5,2024-09-20,2024-10-08,30 Days,Door delivery to factory stores,"EV Motor Plant, Accounts Payable, Hosur","EV Motor Plant Central Stores, Hosur",69753.30,12555.59,1175.00,0.00,INR,Issued,Approved,3,2024-09-20,Generated purchase order from approved PR.
911,PO-2024-0911,761,16,6,2024-09-27,2024-10-04,45 Days,Door delivery to factory stores,"EV Motor Plant, Accounts Payable, Hosur","EV Motor Plant Central Stores, Hosur",295716.00,53228.88,1250.00,0.00,INR,Issued,Approved,4,2024-09-27,Generated purchase order from approved PR.
912,PO-2024-0912,762,17,6,2024-09-23,2024-10-14,60 Days,Door delivery to factory stores,"EV Motor Plant, Accounts Payable, Hosur","EV Motor Plant Central Stores, Hosur",454602.26,81828.41,1325.00,0.00,INR,Issued,Approved,5,2024-09-23,Generated purchase order from approved PR.
913,PO-2024-0913,763,18,1,2024-09-21,2024-10-14,30 Days,Door delivery to factory stores,"EV Motor Plant, Accounts Payable, Hosur","EV Motor Plant Central Stores, Hosur",7762.08,1397.17,1400.00,0.00,INR,Issued,Approved,6,2024-09-21,Generated purchase order from approved PR.
914,PO-2024-0914,764,19,2,2024-09-28,2024-10-05,45 Days,Door delivery to factory stores,"EV Motor Plant, Accounts Payable, Hosur","EV Motor Plant Central Stores, Hosur",12009.14,2161.65,1475.00,0.00,INR,Issued,Approved,7,2024-09-28,Generated purchase order from approved PR.
915,PO-2024-0915,765,20,2,2024-09-23,2024-10-11,60 Days,Door delivery to factory stores,"EV Motor Plant, Accounts Payable, Hosur","EV Motor Plant Central Stores, Hosur",14615.28,2630.75,1550.00,0.00,INR,Issued,Approved,8,2024-09-23,Generated purchase order from approved PR.
916,PO-2024-0916,766,21,1,2024-09-23,2024-10-07,30 Days,Door delivery to factory stores,"EV Motor Plant, Accounts Payable, Hosur","EV Motor Plant Central Stores, Hosur",781680.00,140702.40,1625.00,0.00,INR,Issued,Approved,9,2024-09-23,Generated purchase order from approved PR.
917,PO-2024-0917,767,22,3,2024-09-23,2024-10-08,45 Days,Door delivery to factory stores,"EV Motor Plant, Accounts Payable, Hosur","EV Motor Plant Central Stores, Hosur",1103914.00,198704.52,1700.00,0.00,INR,Issued,Approved,10,2024-09-23,Generated purchase order from approved PR.
918,PO-2024-0918,768,23,3,2024-09-26,2024-10-14,60 Days,Door delivery to factory stores,"EV Motor Plant, Accounts Payable, Hosur","EV Motor Plant Central Stores, Hosur",3162759.20,569296.66,1775.00,0.00,INR,Issued,Approved,11,2024-09-26,Generated purchase order from approved PR.
919,PO-2024-0919,769,24,4,2024-10-01,2024-10-15,30 Days,Door delivery to factory stores,"EV Motor Plant, Accounts Payable, Hosur","EV Motor Plant Central Stores, Hosur",477199.25,85895.87,1850.00,0.00,INR,Issued,Approved,12,2024-10-01,Generated purchase order from approved PR.
920,PO-2024-0920,770,25,4,2024-09-29,2024-10-15,45 Days,Door delivery to factory stores,"EV Motor Plant, Accounts Payable, Hosur","EV Motor Plant Central Stores, Hosur",824483.90,148407.10,1925.00,0.00,INR,Issued,Approved,13,2024-09-29,Generated purchase order from approved PR.
921,PO-2024-0921,771,26,5,2024-10-01,2024-10-10,60 Days,Door delivery to factory stores,"EV Motor Plant, Accounts Payable, Hosur","EV Motor Plant Central Stores, Hosur",1478775.00,266179.50,500.00,0.00,INR,Issued,Approved,1,2024-10-01,Generated purchase order from approved PR.
922,PO-2024-0922,772,27,5,2024-09-26,2024-10-08,30 Days,Door delivery to factory stores,"EV Motor Plant, Accounts Payable, Hosur","EV Motor Plant Central Stores, Hosur",62909.70,11323.75,575.00,0.00,INR,Issued,Approved,3,2024-09-26,Generated purchase order from approved PR.
923,PO-2024-0923,773,28,6,2024-09-30,2024-10-21,45 Days,Door delivery to factory stores,"EV Motor Plant, Accounts Payable, Hosur","EV Motor Plant Central Stores, Hosur",34329.90,6179.38,650.00,0.00,INR,Issued,Approved,4,2024-09-30,Generated purchase order from approved PR.
924,PO-2024-0924,774,29,6,2024-09-27,2024-10-04,60 Days,Door delivery to factory stores,"EV Motor Plant, Accounts Payable, Hosur","EV Motor Plant Central Stores, Hosur",226932.20,40847.80,725.00,0.00,INR,Issued,Approved,5,2024-09-27,Generated purchase order from approved PR.
925,PO-2024-0925,775,30,1,2024-09-30,2024-10-16,30 Days,Door delivery to factory stores,"EV Motor Plant, Accounts Payable, Hosur","EV Motor Plant Central Stores, Hosur",237281.00,42710.58,800.00,0.00,INR,Issued,Approved,6,2024-09-30,Generated purchase order from approved PR.
926,PO-2024-0926,776,31,2,2024-09-28,2024-10-06,45 Days,Door delivery to factory stores,"EV Motor Plant, Accounts Payable, Hosur","EV Motor Plant Central Stores, Hosur",174830.00,31469.40,875.00,0.00,INR,Issued,Approved,7,2024-09-28,Generated purchase order from approved PR.
927,PO-2024-0927,777,32,2,2024-10-02,2024-10-23,60 Days,Door delivery to factory stores,"EV Motor Plant, Accounts Payable, Hosur","EV Motor Plant Central Stores, Hosur",42995.40,7739.17,950.00,0.00,INR,Issued,Approved,8,2024-10-02,Generated purchase order from approved PR.
928,PO-2024-0928,778,33,1,2024-10-02,2024-10-18,30 Days,Door delivery to factory stores,"EV Motor Plant, Accounts Payable, Hosur","EV Motor Plant Central Stores, Hosur",82945.90,14930.26,1025.00,0.00,INR,Issued,Approved,9,2024-10-02,Generated purchase order from approved PR.
929,PO-2024-0929,779,34,3,2024-09-29,2024-10-11,45 Days,Door delivery to factory stores,"EV Motor Plant, Accounts Payable, Hosur","EV Motor Plant Central Stores, Hosur",13752.20,2475.40,1100.00,0.00,INR,Issued,Approved,10,2024-09-29,Generated purchase order from approved PR.
930,PO-2024-0930,780,35,3,2024-09-29,2024-10-08,60 Days,Door delivery to factory stores,"EV Motor Plant, Accounts Payable, Hosur","EV Motor Plant Central Stores, Hosur",127836.00,23010.48,1175.00,0.00,INR,Issued,Approved,11,2024-09-29,Generated purchase order from approved PR.
931,PO-2024-0931,781,1,4,2024-10-02,2024-10-15,30 Days,Door delivery to factory stores,"EV Motor Plant, Accounts Payable, Hosur","EV Motor Plant Central Stores, Hosur",286600.00,51588.00,1250.00,0.00,INR,Issued,Approved,12,2024-10-02,Generated purchase order from approved PR.
932,PO-2024-0932,782,2,4,2024-09-29,2024-10-22,45 Days,Door delivery to factory stores,"EV Motor Plant, Accounts Payable, Hosur","EV Motor Plant Central Stores, Hosur",153151.32,27567.24,1325.00,0.00,INR,Issued,Approved,13,2024-09-29,Generated purchase order from approved PR.
933,PO-2024-0933,783,3,5,2024-10-01,2024-10-15,60 Days,Door delivery to factory stores,"EV Motor Plant, Accounts Payable, Hosur","EV Motor Plant Central Stores, Hosur",1175791.35,211642.44,1400.00,0.00,INR,Issued,Approved,1,2024-10-01,Generated purchase order from approved PR.
934,PO-2024-0934,784,4,5,2024-10-03,2024-10-16,30 Days,Door delivery to factory stores,"EV Motor Plant, Accounts Payable, Hosur","EV Motor Plant Central Stores, Hosur",63232.95,11381.93,1475.00,0.00,INR,Issued,Approved,3,2024-10-03,Generated purchase order from approved PR.
935,PO-2024-0935,785,5,6,2024-10-06,2024-10-25,45 Days,Door delivery to factory stores,"EV Motor Plant, Accounts Payable, Hosur","EV Motor Plant Central Stores, Hosur",147075.00,26473.50,1550.00,0.00,INR,Issued,Approved,4,2024-10-06,Generated purchase order from approved PR.
936,PO-2024-0936,786,6,6,2024-10-07,2024-10-19,60 Days,Door delivery to factory stores,"EV Motor Plant, Accounts Payable, Hosur","EV Motor Plant Central Stores, Hosur",174240.00,31363.20,1625.00,0.00,INR,Issued,Approved,5,2024-10-07,Generated purchase order from approved PR.
937,PO-2024-0937,787,7,1,2024-10-02,2024-10-15,30 Days,Door delivery to factory stores,"EV Motor Plant, Accounts Payable, Hosur","EV Motor Plant Central Stores, Hosur",13490.04,2428.21,1700.00,0.00,INR,Issued,Approved,6,2024-10-02,Generated purchase order from approved PR.
938,PO-2024-0938,788,8,2,2024-10-05,2024-10-16,45 Days,Door delivery to factory stores,"EV Motor Plant, Accounts Payable, Hosur","EV Motor Plant Central Stores, Hosur",8178.20,1472.08,1775.00,0.00,INR,Issued,Approved,7,2024-10-05,Generated purchase order from approved PR.
939,PO-2024-0939,789,9,2,2024-10-05,2024-10-12,60 Days,Door delivery to factory stores,"EV Motor Plant, Accounts Payable, Hosur","EV Motor Plant Central Stores, Hosur",83767.20,15078.10,1850.00,0.00,INR,Issued,Approved,8,2024-10-05,Generated purchase order from approved PR.
940,PO-2024-0940,790,10,1,2024-10-07,2024-10-25,30 Days,Door delivery to factory stores,"EV Motor Plant, Accounts Payable, Hosur","EV Motor Plant Central Stores, Hosur",138860.00,24994.80,1925.00,0.00,INR,Issued,Approved,9,2024-10-07,Generated purchase order from approved PR.
941,PO-2024-0941,791,11,3,2024-10-07,2024-10-28,45 Days,Door delivery to factory stores,"EV Motor Plant, Accounts Payable, Hosur","EV Motor Plant Central Stores, Hosur",12705.00,2286.90,500.00,0.00,INR,Issued,Approved,10,2024-10-07,Generated purchase order from approved PR.
942,PO-2024-0942,792,12,3,2024-10-11,2024-11-02,60 Days,Door delivery to factory stores,"EV Motor Plant, Accounts Payable, Hosur","EV Motor Plant Central Stores, Hosur",87367.35,15726.12,575.00,0.00,INR,Issued,Approved,11,2024-10-11,Generated purchase order from approved PR.
943,PO-2024-0943,793,13,4,2024-10-05,2024-10-26,30 Days,Door delivery to factory stores,"EV Motor Plant, Accounts Payable, Hosur","EV Motor Plant Central Stores, Hosur",28999.65,5219.94,650.00,0.00,INR,Issued,Approved,12,2024-10-05,Generated purchase order from approved PR.
944,PO-2024-0944,794,14,4,2024-10-07,2024-10-20,45 Days,Door delivery to factory stores,"EV Motor Plant, Accounts Payable, Hosur","EV Motor Plant Central Stores, Hosur",89713.25,16148.39,725.00,0.00,INR,Issued,Approved,13,2024-10-07,Generated purchase order from approved PR.
945,PO-2024-0945,795,15,5,2024-10-08,2024-10-18,60 Days,Door delivery to factory stores,"EV Motor Plant, Accounts Payable, Hosur","EV Motor Plant Central Stores, Hosur",53053.00,9549.54,800.00,0.00,INR,Issued,Approved,1,2024-10-08,Generated purchase order from approved PR.
946,PO-2024-0946,796,16,5,2024-10-12,2024-10-29,30 Days,Door delivery to factory stores,"EV Motor Plant, Accounts Payable, Hosur","EV Motor Plant Central Stores, Hosur",40838.00,7350.84,875.00,0.00,INR,Issued,Approved,3,2024-10-12,Generated purchase order from approved PR.
947,PO-2024-0947,797,17,6,2024-10-13,2024-11-05,45 Days,Door delivery to factory stores,"EV Motor Plant, Accounts Payable, Hosur","EV Motor Plant Central Stores, Hosur",16776.90,3019.84,950.00,0.00,INR,Issued,Approved,4,2024-10-13,Generated purchase order from approved PR.
948,PO-2024-0948,798,18,6,2024-10-09,2024-10-27,60 Days,Door delivery to factory stores,"EV Motor Plant, Accounts Payable, Hosur","EV Motor Plant Central Stores, Hosur",12334.25,2220.17,1025.00,0.00,INR,Issued,Approved,5,2024-10-09,Generated purchase order from approved PR.
949,PO-2024-0949,799,19,1,2024-10-11,2024-10-25,30 Days,Door delivery to factory stores,"EV Motor Plant, Accounts Payable, Hosur","EV Motor Plant Central Stores, Hosur",5095.42,917.18,1100.00,0.00,INR,Issued,Approved,6,2024-10-11,Generated purchase order from approved PR.
950,PO-2024-0950,800,20,2,2024-10-13,2024-10-31,45 Days,Door delivery to factory stores,"EV Motor Plant, Accounts Payable, Hosur","EV Motor Plant Central Stores, Hosur",11543.40,2077.81,1175.00,0.00,INR,Issued,Approved,7,2024-10-13,Generated purchase order from approved PR.
951,PO-2024-0951,801,21,2,2024-10-14,2024-11-02,60 Days,Door delivery to factory stores,"EV Motor Plant, Accounts Payable, Hosur","EV Motor Plant Central Stores, Hosur",21936.00,3948.48,1250.00,0.00,INR,Issued,Approved,8,2024-10-14,Generated purchase order from approved PR.
952,PO-2024-0952,802,22,1,2024-10-13,2024-11-04,30 Days,Door delivery to factory stores,"EV Motor Plant, Accounts Payable, Hosur","EV Motor Plant Central Stores, Hosur",67440.66,12139.32,1325.00,0.00,INR,Issued,Approved,9,2024-10-13,Generated purchase order from approved PR.
953,PO-2024-0953,803,23,3,2024-10-10,2024-10-29,45 Days,Door delivery to factory stores,"EV Motor Plant, Accounts Payable, Hosur","EV Motor Plant Central Stores, Hosur",1273.08,229.15,1400.00,0.00,INR,Issued,Approved,10,2024-10-10,Generated purchase order from approved PR.
954,PO-2024-0954,804,24,3,2024-10-12,2024-10-25,60 Days,Door delivery to factory stores,"EV Motor Plant, Accounts Payable, Hosur","EV Motor Plant Central Stores, Hosur",19130.93,3443.57,1475.00,0.00,INR,Issued,Approved,11,2024-10-12,Generated purchase order from approved PR.
955,PO-2024-0955,805,25,4,2024-10-15,2024-10-25,30 Days,Door delivery to factory stores,"EV Motor Plant, Accounts Payable, Hosur","EV Motor Plant Central Stores, Hosur",30671.10,5520.80,1550.00,0.00,INR,Issued,Approved,12,2024-10-15,Generated purchase order from approved PR.
956,PO-2024-0956,806,26,4,2024-10-16,2024-10-30,45 Days,Door delivery to factory stores,"EV Motor Plant, Accounts Payable, Hosur","EV Motor Plant Central Stores, Hosur",354575.00,63823.50,1625.00,0.00,INR,Issued,Approved,13,2024-10-16,Generated purchase order from approved PR.
957,PO-2024-0957,807,27,5,2024-10-12,2024-10-23,60 Days,Door delivery to factory stores,"EV Motor Plant, Accounts Payable, Hosur","EV Motor Plant Central Stores, Hosur",309642.75,55735.70,1700.00,0.00,INR,Issued,Approved,1,2024-10-12,Generated purchase order from approved PR.
958,PO-2024-0958,808,28,5,2024-10-13,2024-11-04,30 Days,Door delivery to factory stores,"EV Motor Plant, Accounts Payable, Hosur","EV Motor Plant Central Stores, Hosur",14559.05,2620.63,1775.00,0.00,INR,Issued,Approved,3,2024-10-13,Generated purchase order from approved PR.
959,PO-2024-0959,809,29,6,2024-10-11,2024-10-25,45 Days,Door delivery to factory stores,"EV Motor Plant, Accounts Payable, Hosur","EV Motor Plant Central Stores, Hosur",22074.58,3973.42,1850.00,0.00,INR,Issued,Approved,4,2024-10-11,Generated purchase order from approved PR.
960,PO-2024-0960,810,30,6,2024-10-16,2024-10-29,60 Days,Door delivery to factory stores,"EV Motor Plant, Accounts Payable, Hosur","EV Motor Plant Central Stores, Hosur",66085.17,11895.33,1925.00,0.00,INR,Issued,Approved,5,2024-10-16,Generated purchase order from approved PR.
961,PO-2024-0961,811,31,1,2024-10-14,2024-10-25,30 Days,Door delivery to factory stores,"EV Motor Plant, Accounts Payable, Hosur","EV Motor Plant Central Stores, Hosur",141800.00,25524.00,500.00,0.00,INR,Issued,Approved,6,2024-10-14,Generated purchase order from approved PR.
962,PO-2024-0962,812,32,2,2024-10-11,2024-10-28,45 Days,Door delivery to factory stores,"EV Motor Plant, Accounts Payable, Hosur","EV Motor Plant Central Stores, Hosur",16108.05,2899.45,575.00,0.00,INR,Issued,Approved,7,2024-10-11,Generated purchase order from approved PR.
963,PO-2024-0963,813,33,2,2024-10-18,2024-11-01,60 Days,Door delivery to factory stores,"EV Motor Plant, Accounts Payable, Hosur","EV Motor Plant Central Stores, Hosur",74681.70,13442.71,650.00,0.00,INR,Issued,Approved,8,2024-10-18,Generated purchase order from approved PR.
964,PO-2024-0964,814,34,1,2024-10-15,2024-10-22,30 Days,Door delivery to factory stores,"EV Motor Plant, Accounts Payable, Hosur","EV Motor Plant Central Stores, Hosur",5796.70,1043.41,725.00,0.00,INR,Issued,Approved,9,2024-10-15,Generated purchase order from approved PR.
965,PO-2024-0965,815,35,3,2024-10-18,2024-11-08,45 Days,Door delivery to factory stores,"EV Motor Plant, Accounts Payable, Hosur","EV Motor Plant Central Stores, Hosur",10631.80,1913.72,800.00,0.00,INR,Issued,Approved,10,2024-10-18,Generated purchase order from approved PR.
966,PO-2024-0966,816,1,3,2024-10-18,2024-10-29,60 Days,Door delivery to factory stores,"EV Motor Plant, Accounts Payable, Hosur","EV Motor Plant Central Stores, Hosur",6584.80,1185.26,875.00,0.00,INR,Issued,Approved,11,2024-10-18,Generated purchase order from approved PR.
967,PO-2024-0967,817,2,4,2024-10-17,2024-10-30,30 Days,Door delivery to factory stores,"EV Motor Plant, Accounts Payable, Hosur","EV Motor Plant Central Stores, Hosur",876.17,157.71,950.00,0.00,INR,Issued,Approved,12,2024-10-17,Generated purchase order from approved PR.
968,PO-2024-0968,818,3,4,2024-10-14,2024-10-22,45 Days,Door delivery to factory stores,"EV Motor Plant, Accounts Payable, Hosur","EV Motor Plant Central Stores, Hosur",361.53,65.08,1025.00,0.00,INR,Issued,Approved,13,2024-10-14,Generated purchase order from approved PR.
969,PO-2024-0969,819,4,5,2024-10-15,2024-10-30,60 Days,Door delivery to factory stores,"EV Motor Plant, Accounts Payable, Hosur","EV Motor Plant Central Stores, Hosur",290.66,52.32,1100.00,0.00,INR,Issued,Approved,1,2024-10-15,Generated purchase order from approved PR.
970,PO-2024-0970,820,5,5,2024-10-13,2024-10-31,30 Days,Door delivery to factory stores,"EV Motor Plant, Accounts Payable, Hosur","EV Motor Plant Central Stores, Hosur",2417.86,435.21,1175.00,0.00,INR,Issued,Approved,3,2024-10-13,Generated purchase order from approved PR.
971,PO-2024-0971,821,6,6,2024-10-17,2024-11-07,45 Days,Door delivery to factory stores,"EV Motor Plant, Accounts Payable, Hosur","EV Motor Plant Central Stores, Hosur",7860.00,1414.80,1250.00,0.00,INR,Issued,Approved,4,2024-10-17,Generated purchase order from approved PR.
972,PO-2024-0972,822,7,6,2024-10-15,2024-10-20,60 Days,Door delivery to factory stores,"EV Motor Plant, Accounts Payable, Hosur","EV Motor Plant Central Stores, Hosur",2878.54,518.14,1325.00,0.00,INR,Issued,Approved,5,2024-10-15,Generated purchase order from approved PR.
973,PO-2024-0973,823,8,1,2024-10-17,2024-11-09,30 Days,Door delivery to factory stores,"EV Motor Plant, Accounts Payable, Hosur","EV Motor Plant Central Stores, Hosur",2620.32,471.66,1400.00,0.00,INR,Issued,Approved,6,2024-10-17,Generated purchase order from approved PR.
974,PO-2024-0974,824,9,2,2024-10-17,2024-11-04,45 Days,Door delivery to factory stores,"EV Motor Plant, Accounts Payable, Hosur","EV Motor Plant Central Stores, Hosur",62628.61,11273.15,1475.00,0.00,INR,Issued,Approved,7,2024-10-17,Generated purchase order from approved PR.
975,PO-2024-0975,825,10,2,2024-10-20,2024-10-30,60 Days,Door delivery to factory stores,"EV Motor Plant, Accounts Payable, Hosur","EV Motor Plant Central Stores, Hosur",7697.85,1385.61,1550.00,0.00,INR,Issued,Approved,8,2024-10-20,Generated purchase order from approved PR.
976,PO-2024-0976,826,11,1,2024-10-19,2024-10-27,30 Days,Door delivery to factory stores,"EV Motor Plant, Accounts Payable, Hosur","EV Motor Plant Central Stores, Hosur",139230.50,25061.49,1625.00,0.00,INR,Issued,Approved,9,2024-10-19,Generated purchase order from approved PR.
977,PO-2024-0977,827,12,3,2024-10-17,2024-10-27,45 Days,Door delivery to factory stores,"EV Motor Plant, Accounts Payable, Hosur","EV Motor Plant Central Stores, Hosur",19879.90,3578.38,1700.00,0.00,INR,Issued,Approved,10,2024-10-17,Generated purchase order from approved PR.
978,PO-2024-0978,828,13,3,2024-10-20,2024-11-10,60 Days,Door delivery to factory stores,"EV Motor Plant, Accounts Payable, Hosur","EV Motor Plant Central Stores, Hosur",5593.34,1006.80,1775.00,0.00,INR,Issued,Approved,11,2024-10-20,Generated purchase order from approved PR.
979,PO-2024-0979,829,14,4,2024-10-17,2024-10-27,30 Days,Door delivery to factory stores,"EV Motor Plant, Accounts Payable, Hosur","EV Motor Plant Central Stores, Hosur",35396.27,6371.33,1850.00,0.00,INR,Issued,Approved,12,2024-10-17,Generated purchase order from approved PR.
980,PO-2024-0980,830,15,4,2024-10-21,2024-11-03,45 Days,Door delivery to factory stores,"EV Motor Plant, Accounts Payable, Hosur","EV Motor Plant Central Stores, Hosur",14114.47,2540.60,1925.00,0.00,INR,Issued,Approved,13,2024-10-21,Generated purchase order from approved PR.
981,PO-2024-0981,831,16,5,2024-10-19,2024-11-06,60 Days,Door delivery to factory stores,"EV Motor Plant, Accounts Payable, Hosur","EV Motor Plant Central Stores, Hosur",7974.70,1435.45,500.00,0.00,INR,Issued,Approved,1,2024-10-19,Generated purchase order from approved PR.
982,PO-2024-0982,832,17,5,2024-10-17,2024-11-07,30 Days,Door delivery to factory stores,"EV Motor Plant, Accounts Payable, Hosur","EV Motor Plant Central Stores, Hosur",2774.14,499.35,575.00,0.00,INR,Issued,Approved,3,2024-10-17,Generated purchase order from approved PR.
983,PO-2024-0983,833,18,6,2024-10-19,2024-11-05,45 Days,Door delivery to factory stores,"EV Motor Plant, Accounts Payable, Hosur","EV Motor Plant Central Stores, Hosur",4709.16,847.65,650.00,0.00,INR,Issued,Approved,4,2024-10-19,Generated purchase order from approved PR.
984,PO-2024-0984,834,19,6,2024-10-20,2024-11-08,60 Days,Door delivery to factory stores,"EV Motor Plant, Accounts Payable, Hosur","EV Motor Plant Central Stores, Hosur",186.35,33.54,725.00,0.00,INR,Issued,Approved,5,2024-10-20,Generated purchase order from approved PR.
985,PO-2024-0985,835,20,1,2024-10-21,2024-10-29,30 Days,Door delivery to factory stores,"EV Motor Plant, Accounts Payable, Hosur","EV Motor Plant Central Stores, Hosur",729.63,131.33,800.00,0.00,INR,Issued,Approved,6,2024-10-21,Generated purchase order from approved PR.
986,PO-2024-0986,836,21,2,2024-10-19,2024-11-09,45 Days,Door delivery to factory stores,"EV Motor Plant, Accounts Payable, Hosur","EV Motor Plant Central Stores, Hosur",1053.20,189.58,875.00,0.00,INR,Issued,Approved,7,2024-10-19,Generated purchase order from approved PR.
987,PO-2024-0987,837,22,2,2024-10-22,2024-11-01,60 Days,Door delivery to factory stores,"EV Motor Plant, Accounts Payable, Hosur","EV Motor Plant Central Stores, Hosur",610.67,109.92,950.00,0.00,INR,Issued,Approved,8,2024-10-22,Generated purchase order from approved PR.
988,PO-2024-0988,838,23,1,2024-10-20,2024-10-27,30 Days,Door delivery to factory stores,"EV Motor Plant, Accounts Payable, Hosur","EV Motor Plant Central Stores, Hosur",6671.01,1200.78,1025.00,0.00,INR,Issued,Approved,9,2024-10-20,Generated purchase order from approved PR.
989,PO-2024-0989,839,24,3,2024-10-25,2024-11-17,45 Days,Door delivery to factory stores,"EV Motor Plant, Accounts Payable, Hosur","EV Motor Plant Central Stores, Hosur",1040.81,187.35,1100.00,0.00,INR,Issued,Approved,10,2024-10-25,Generated purchase order from approved PR.
990,PO-2024-0990,840,25,3,2024-10-21,2024-10-29,60 Days,Door delivery to factory stores,"EV Motor Plant, Accounts Payable, Hosur","EV Motor Plant Central Stores, Hosur",1823.20,328.18,1175.00,0.00,INR,Issued,Approved,11,2024-10-21,Generated purchase order from approved PR.
991,PO-2024-0991,841,26,4,2024-10-21,2024-10-28,30 Days,Door delivery to factory stores,"EV Motor Plant, Accounts Payable, Hosur","EV Motor Plant Central Stores, Hosur",1474.00,265.32,1250.00,0.00,INR,Issued,Approved,12,2024-10-21,Generated purchase order from approved PR.
992,PO-2024-0992,842,27,4,2024-10-22,2024-11-07,45 Days,Door delivery to factory stores,"EV Motor Plant, Accounts Payable, Hosur","EV Motor Plant Central Stores, Hosur",2685.29,483.35,1325.00,0.00,INR,Issued,Approved,13,2024-10-22,Generated purchase order from approved PR.
993,PO-2024-0993,843,28,5,2024-10-25,2024-11-05,60 Days,Door delivery to factory stores,"EV Motor Plant, Accounts Payable, Hosur","EV Motor Plant Central Stores, Hosur",1643.88,295.90,1400.00,0.00,INR,Issued,Approved,1,2024-10-25,Generated purchase order from approved PR.
994,PO-2024-0994,844,29,5,2024-10-20,2024-10-27,30 Days,Door delivery to factory stores,"EV Motor Plant, Accounts Payable, Hosur","EV Motor Plant Central Stores, Hosur",566268.78,101928.38,1475.00,0.00,INR,Issued,Approved,3,2024-10-20,Generated purchase order from approved PR.
995,PO-2024-0995,845,30,6,2024-10-21,2024-11-06,45 Days,Door delivery to factory stores,"EV Motor Plant, Accounts Payable, Hosur","EV Motor Plant Central Stores, Hosur",988118.05,177861.25,1550.00,0.00,INR,Issued,Approved,4,2024-10-21,Generated purchase order from approved PR.
996,PO-2024-0996,846,31,6,2024-10-20,2024-11-08,60 Days,Door delivery to factory stores,"EV Motor Plant, Accounts Payable, Hosur","EV Motor Plant Central Stores, Hosur",593822.80,106888.10,1625.00,0.00,INR,Issued,Approved,5,2024-10-20,Generated purchase order from approved PR.
997,PO-2024-0997,847,32,1,2024-10-23,2024-11-12,30 Days,Door delivery to factory stores,"EV Motor Plant, Accounts Payable, Hosur","EV Motor Plant Central Stores, Hosur",510941.92,91969.55,1700.00,0.00,INR,Issued,Approved,6,2024-10-23,Generated purchase order from approved PR.
998,PO-2024-0998,848,33,2,2024-10-23,2024-10-30,45 Days,Door delivery to factory stores,"EV Motor Plant, Accounts Payable, Hosur","EV Motor Plant Central Stores, Hosur",286449.18,51560.85,1775.00,0.00,INR,Issued,Approved,7,2024-10-23,Generated purchase order from approved PR.
999,PO-2024-0999,849,34,2,2024-10-20,2024-11-04,60 Days,Door delivery to factory stores,"EV Motor Plant, Accounts Payable, Hosur","EV Motor Plant Central Stores, Hosur",1612659.90,290278.78,1850.00,0.00,INR,Issued,Approved,8,2024-10-20,Generated purchase order from approved PR.
1000,PO-2024-1000,850,35,1,2024-10-23,2024-11-12,30 Days,Door delivery to factory stores,"EV Motor Plant, Accounts Payable, Hosur","EV Motor Plant Central Stores, Hosur",52608.08,9469.45,1925.00,0.00,INR,Issued,Approved,9,2024-10-23,Generated purchase order from approved PR.
1001,PO-2024-1001,851,1,3,2024-10-26,2024-11-03,45 Days,Door delivery to factory stores,"EV Motor Plant, Accounts Payable, Hosur","EV Motor Plant Central Stores, Hosur",56152.80,10107.50,500.00,0.00,INR,Issued,Approved,10,2024-10-26,Generated purchase order from approved PR.
1002,PO-2024-1002,852,2,3,2024-10-23,2024-10-31,60 Days,Door delivery to factory stores,"EV Motor Plant, Accounts Payable, Hosur","EV Motor Plant Central Stores, Hosur",85597.83,15407.61,575.00,0.00,INR,Issued,Approved,11,2024-10-23,Generated purchase order from approved PR.
1003,PO-2024-1003,853,3,4,2024-10-21,2024-10-26,30 Days,Door delivery to factory stores,"EV Motor Plant, Accounts Payable, Hosur","EV Motor Plant Central Stores, Hosur",40927.05,7366.87,650.00,0.00,INR,Issued,Approved,12,2024-10-21,Generated purchase order from approved PR.
1004,PO-2024-1004,854,4,4,2024-10-21,2024-11-04,45 Days,Door delivery to factory stores,"EV Motor Plant, Accounts Payable, Hosur","EV Motor Plant Central Stores, Hosur",185052.78,33309.50,725.00,0.00,INR,Issued,Approved,13,2024-10-21,Generated purchase order from approved PR.
1005,PO-2024-1005,855,5,5,2024-10-22,2024-10-30,60 Days,Door delivery to factory stores,"EV Motor Plant, Accounts Payable, Hosur","EV Motor Plant Central Stores, Hosur",391553.40,70479.61,800.00,0.00,INR,Issued,Approved,1,2024-10-22,Generated purchase order from approved PR.
1006,PO-2024-1006,856,6,5,2024-10-21,2024-11-08,30 Days,Door delivery to factory stores,"EV Motor Plant, Accounts Payable, Hosur","EV Motor Plant Central Stores, Hosur",37316.00,6716.88,875.00,0.00,INR,Issued,Approved,3,2024-10-21,Generated purchase order from approved PR.
1007,PO-2024-1007,857,7,6,2024-10-25,2024-11-17,45 Days,Door delivery to factory stores,"EV Motor Plant, Accounts Payable, Hosur","EV Motor Plant Central Stores, Hosur",42060.88,7570.96,950.00,0.00,INR,Issued,Approved,4,2024-10-25,Generated purchase order from approved PR.
1008,PO-2024-1008,858,8,6,2024-10-22,2024-10-30,60 Days,Door delivery to factory stores,"EV Motor Plant, Accounts Payable, Hosur","EV Motor Plant Central Stores, Hosur",71110.17,12799.83,1025.00,0.00,INR,Issued,Approved,5,2024-10-22,Generated purchase order from approved PR.
1009,PO-2024-1009,859,9,1,2024-10-26,2024-11-12,30 Days,Door delivery to factory stores,"EV Motor Plant, Accounts Payable, Hosur","EV Motor Plant Central Stores, Hosur",183794.84,33083.07,1100.00,0.00,INR,Issued,Approved,6,2024-10-26,Generated purchase order from approved PR.
1010,PO-2024-1010,860,10,2,2024-10-23,2024-11-01,45 Days,Door delivery to factory stores,"EV Motor Plant, Accounts Payable, Hosur","EV Motor Plant Central Stores, Hosur",592974.60,106735.43,1175.00,0.00,INR,Issued,Approved,7,2024-10-23,Generated purchase order from approved PR.
1011,PO-2024-1011,861,11,2,2024-10-25,2024-10-30,60 Days,Door delivery to factory stores,"EV Motor Plant, Accounts Payable, Hosur","EV Motor Plant Central Stores, Hosur",1107976.00,199435.68,1250.00,0.00,INR,Issued,Approved,8,2024-10-25,Generated purchase order from approved PR.
1012,PO-2024-1012,862,12,1,2024-10-25,2024-11-13,30 Days,Door delivery to factory stores,"EV Motor Plant, Accounts Payable, Hosur","EV Motor Plant Central Stores, Hosur",49018.41,8823.31,1325.00,0.00,INR,Issued,Approved,9,2024-10-25,Generated purchase order from approved PR.
1013,PO-2024-1013,863,13,3,2024-10-27,2024-11-09,45 Days,Door delivery to factory stores,"EV Motor Plant, Accounts Payable, Hosur","EV Motor Plant Central Stores, Hosur",12397.08,2231.47,1400.00,0.00,INR,Issued,Approved,10,2024-10-27,Generated purchase order from approved PR.
1014,PO-2024-1014,864,14,3,2024-10-27,2024-11-18,60 Days,Door delivery to factory stores,"EV Motor Plant, Accounts Payable, Hosur","EV Motor Plant Central Stores, Hosur",794.20,142.96,1475.00,0.00,INR,Issued,Approved,11,2024-10-27,Generated purchase order from approved PR.
1015,PO-2024-1015,865,15,4,2024-10-27,2024-11-11,30 Days,Door delivery to factory stores,"EV Motor Plant, Accounts Payable, Hosur","EV Motor Plant Central Stores, Hosur",639434.40,115098.19,1550.00,0.00,INR,Issued,Approved,12,2024-10-27,Generated purchase order from approved PR.
1016,PO-2024-1016,866,16,4,2024-10-30,2024-11-06,45 Days,Door delivery to factory stores,"EV Motor Plant, Accounts Payable, Hosur","EV Motor Plant Central Stores, Hosur",552920.00,99525.60,1625.00,0.00,INR,Issued,Approved,13,2024-10-30,Generated purchase order from approved PR.
1017,PO-2024-1017,867,17,5,2024-10-26,2024-11-08,60 Days,Door delivery to factory stores,"EV Motor Plant, Accounts Payable, Hosur","EV Motor Plant Central Stores, Hosur",1830552.50,329499.45,1700.00,0.00,INR,Issued,Approved,1,2024-10-26,Generated purchase order from approved PR.
1018,PO-2024-1018,868,18,5,2024-10-28,2024-11-05,30 Days,Door delivery to factory stores,"EV Motor Plant, Accounts Payable, Hosur","EV Motor Plant Central Stores, Hosur",222634.50,40074.21,1775.00,0.00,INR,Issued,Approved,3,2024-10-28,Generated purchase order from approved PR.
1019,PO-2024-1019,869,19,6,2024-10-27,2024-11-17,45 Days,Door delivery to factory stores,"EV Motor Plant, Accounts Payable, Hosur","EV Motor Plant Central Stores, Hosur",847590.28,152566.25,1850.00,0.00,INR,Issued,Approved,4,2024-10-27,Generated purchase order from approved PR.
1020,PO-2024-1020,870,20,6,2024-10-31,2024-11-18,60 Days,Door delivery to factory stores,"EV Motor Plant, Accounts Payable, Hosur","EV Motor Plant Central Stores, Hosur",1813935.60,326508.41,1925.00,0.00,INR,Issued,Approved,5,2024-10-31,Generated purchase order from approved PR.
1021,PO-2024-1021,871,21,1,2024-10-27,2024-11-07,30 Days,Door delivery to factory stores,"EV Motor Plant, Accounts Payable, Hosur","EV Motor Plant Central Stores, Hosur",60870.00,10956.60,500.00,0.00,INR,Issued,Approved,6,2024-10-27,Generated purchase order from approved PR.
1022,PO-2024-1022,872,22,2,2024-10-31,2024-11-15,45 Days,Door delivery to factory stores,"EV Motor Plant, Accounts Payable, Hosur","EV Motor Plant Central Stores, Hosur",70816.55,12746.98,575.00,0.00,INR,Issued,Approved,7,2024-10-31,Generated purchase order from approved PR.
1023,PO-2024-1023,873,23,2,2024-11-01,2024-11-18,60 Days,Door delivery to factory stores,"EV Motor Plant, Accounts Payable, Hosur","EV Motor Plant Central Stores, Hosur",118326.40,21298.75,650.00,0.00,INR,Issued,Approved,8,2024-11-01,Generated purchase order from approved PR.
1024,PO-2024-1024,874,24,1,2024-10-30,2024-11-18,30 Days,Door delivery to factory stores,"EV Motor Plant, Accounts Payable, Hosur","EV Motor Plant Central Stores, Hosur",178862.20,32195.20,725.00,0.00,INR,Issued,Approved,9,2024-10-30,Generated purchase order from approved PR.
1025,PO-2024-1025,875,25,3,2024-10-29,2024-11-04,45 Days,Door delivery to factory stores,"EV Motor Plant, Accounts Payable, Hosur","EV Motor Plant Central Stores, Hosur",34725.60,6250.61,800.00,0.00,INR,Issued,Approved,10,2024-10-29,Generated purchase order from approved PR.
1026,PO-2024-1026,876,26,3,2024-11-03,2024-11-08,60 Days,Door delivery to factory stores,"EV Motor Plant, Accounts Payable, Hosur","EV Motor Plant Central Stores, Hosur",337200.00,60696.00,875.00,0.00,INR,Issued,Approved,11,2024-11-03,Generated purchase order from approved PR.
1027,PO-2024-1027,877,27,4,2024-10-30,2024-11-06,30 Days,Door delivery to factory stores,"EV Motor Plant, Accounts Payable, Hosur","EV Motor Plant Central Stores, Hosur",82083.05,14774.95,950.00,0.00,INR,Issued,Approved,12,2024-10-30,Generated purchase order from approved PR.
1028,PO-2024-1028,878,28,4,2024-10-30,2024-11-11,45 Days,Door delivery to factory stores,"EV Motor Plant, Accounts Payable, Hosur","EV Motor Plant Central Stores, Hosur",24781.80,4460.72,1025.00,0.00,INR,Issued,Approved,13,2024-10-30,Generated purchase order from approved PR.
1029,PO-2024-1029,879,29,5,2024-10-30,2024-11-12,60 Days,Door delivery to factory stores,"EV Motor Plant, Accounts Payable, Hosur","EV Motor Plant Central Stores, Hosur",139507.50,25111.35,1100.00,0.00,INR,Issued,Approved,1,2024-10-30,Generated purchase order from approved PR.
1030,PO-2024-1030,880,30,5,2024-11-05,2024-11-12,30 Days,Door delivery to factory stores,"EV Motor Plant, Accounts Payable, Hosur","EV Motor Plant Central Stores, Hosur",99555.20,17919.94,1175.00,0.00,INR,Issued,Approved,3,2024-11-05,Generated purchase order from approved PR.
1031,PO-2024-1031,881,31,6,2024-11-05,2024-11-17,45 Days,Door delivery to factory stores,"EV Motor Plant, Accounts Payable, Hosur","EV Motor Plant Central Stores, Hosur",336168.00,60510.24,1250.00,0.00,INR,Issued,Approved,4,2024-11-05,Generated purchase order from approved PR.
1032,PO-2024-1032,882,32,6,2024-11-03,2024-11-16,60 Days,Door delivery to factory stores,"EV Motor Plant, Accounts Payable, Hosur","EV Motor Plant Central Stores, Hosur",293599.84,52847.97,1325.00,0.00,INR,Issued,Approved,5,2024-11-03,Generated purchase order from approved PR.
1033,PO-2024-1033,883,33,1,2024-11-02,2024-11-09,30 Days,Door delivery to factory stores,"EV Motor Plant, Accounts Payable, Hosur","EV Motor Plant Central Stores, Hosur",24503.70,4410.67,1400.00,0.00,INR,Issued,Approved,6,2024-11-02,Generated purchase order from approved PR.
1034,PO-2024-1034,884,34,2,2024-11-04,2024-11-26,45 Days,Door delivery to factory stores,"EV Motor Plant, Accounts Payable, Hosur","EV Motor Plant Central Stores, Hosur",136947.25,24650.51,1475.00,0.00,INR,Issued,Approved,7,2024-11-04,Generated purchase order from approved PR.
1035,PO-2024-1035,885,35,2,2024-11-04,2024-11-20,60 Days,Door delivery to factory stores,"EV Motor Plant, Accounts Payable, Hosur","EV Motor Plant Central Stores, Hosur",526268.80,94728.38,1550.00,0.00,INR,Issued,Approved,8,2024-11-04,Generated purchase order from approved PR.
1036,PO-2024-1036,886,1,1,2024-11-05,2024-11-17,30 Days,Door delivery to factory stores,"EV Motor Plant, Accounts Payable, Hosur","EV Motor Plant Central Stores, Hosur",15200.00,2736.00,1625.00,0.00,INR,Issued,Approved,9,2024-11-05,Generated purchase order from approved PR.
1037,PO-2024-1037,887,2,3,2024-11-01,2024-11-15,45 Days,Door delivery to factory stores,"EV Motor Plant, Accounts Payable, Hosur","EV Motor Plant Central Stores, Hosur",51602.60,9288.47,1700.00,0.00,INR,Issued,Approved,10,2024-11-01,Generated purchase order from approved PR.
1038,PO-2024-1038,888,3,3,2024-11-08,2024-11-18,60 Days,Door delivery to factory stores,"EV Motor Plant, Accounts Payable, Hosur","EV Motor Plant Central Stores, Hosur",28489.80,5128.16,1775.00,0.00,INR,Issued,Approved,11,2024-11-08,Generated purchase order from approved PR.
1039,PO-2024-1039,889,4,4,2024-11-08,2024-11-29,30 Days,Door delivery to factory stores,"EV Motor Plant, Accounts Payable, Hosur","EV Motor Plant Central Stores, Hosur",43837.75,7890.80,1850.00,0.00,INR,Issued,Approved,12,2024-11-08,Generated purchase order from approved PR.
1040,PO-2024-1040,890,5,4,2024-11-04,2024-11-19,45 Days,Door delivery to factory stores,"EV Motor Plant, Accounts Payable, Hosur","EV Motor Plant Central Stores, Hosur",15454.80,2781.86,1925.00,0.00,INR,Issued,Approved,13,2024-11-04,Generated purchase order from approved PR.
1041,PO-2024-1041,891,6,5,2024-11-09,2024-11-23,60 Days,Door delivery to factory stores,"EV Motor Plant, Accounts Payable, Hosur","EV Motor Plant Central Stores, Hosur",71125.00,12802.50,500.00,0.00,INR,Issued,Approved,1,2024-11-09,Generated purchase order from approved PR.
1042,PO-2024-1042,892,7,5,2024-11-08,2024-11-30,30 Days,Door delivery to factory stores,"EV Motor Plant, Accounts Payable, Hosur","EV Motor Plant Central Stores, Hosur",29628.21,5333.08,575.00,0.00,INR,Issued,Approved,3,2024-11-08,Generated purchase order from approved PR.
1043,PO-2024-1043,893,8,6,2024-11-08,2024-11-28,45 Days,Door delivery to factory stores,"EV Motor Plant, Accounts Payable, Hosur","EV Motor Plant Central Stores, Hosur",129965.40,23393.77,650.00,0.00,INR,Issued,Approved,4,2024-11-08,Generated purchase order from approved PR.
1044,PO-2024-1044,894,9,6,2024-11-10,2024-11-30,60 Days,Door delivery to factory stores,"EV Motor Plant, Accounts Payable, Hosur","EV Motor Plant Central Stores, Hosur",193575.80,34843.64,725.00,0.00,INR,Issued,Approved,5,2024-11-10,Generated purchase order from approved PR.
1045,PO-2024-1045,895,10,1,2024-11-10,2024-11-19,30 Days,Door delivery to factory stores,"EV Motor Plant, Accounts Payable, Hosur","EV Motor Plant Central Stores, Hosur",44886.76,8079.62,800.00,0.00,INR,Issued,Approved,6,2024-11-10,Generated purchase order from approved PR.
1046,PO-2024-1046,896,11,2,2024-11-05,2024-11-12,45 Days,Door delivery to factory stores,"EV Motor Plant, Accounts Payable, Hosur","EV Motor Plant Central Stores, Hosur",4878.00,878.04,875.00,0.00,INR,Issued,Approved,7,2024-11-05,Generated purchase order from approved PR.
1047,PO-2024-1047,897,12,2,2024-11-07,2024-11-25,60 Days,Door delivery to factory stores,"EV Motor Plant, Accounts Payable, Hosur","EV Motor Plant Central Stores, Hosur",23588.98,4246.02,950.00,0.00,INR,Issued,Approved,8,2024-11-07,Generated purchase order from approved PR.
1048,PO-2024-1048,898,13,1,2024-11-09,2024-11-22,30 Days,Door delivery to factory stores,"EV Motor Plant, Accounts Payable, Hosur","EV Motor Plant Central Stores, Hosur",27560.74,4960.93,1025.00,0.00,INR,Issued,Approved,9,2024-11-09,Generated purchase order from approved PR.
1049,PO-2024-1049,899,14,3,2024-11-06,2024-11-23,45 Days,Door delivery to factory stores,"EV Motor Plant, Accounts Payable, Hosur","EV Motor Plant Central Stores, Hosur",20565.60,3701.81,1100.00,0.00,INR,Issued,Approved,10,2024-11-06,Generated purchase order from approved PR.
1050,PO-2024-1050,900,15,3,2024-11-09,2024-11-28,60 Days,Door delivery to factory stores,"EV Motor Plant, Accounts Payable, Hosur","EV Motor Plant Central Stores, Hosur",23201.28,4176.23,1175.00,0.00,INR,Issued,Approved,11,2024-11-09,Generated purchase order from approved PR.
1051,PO-2024-1051,901,16,4,2024-11-07,2024-11-17,30 Days,Door delivery to factory stores,"EV Motor Plant, Accounts Payable, Hosur","EV Motor Plant Central Stores, Hosur",23868.00,4296.24,1250.00,0.00,INR,Issued,Approved,12,2024-11-07,Generated purchase order from approved PR.
1052,PO-2024-1052,902,17,4,2024-11-07,2024-11-17,45 Days,Door delivery to factory stores,"EV Motor Plant, Accounts Payable, Hosur","EV Motor Plant Central Stores, Hosur",3613.40,650.41,1325.00,0.00,INR,Issued,Approved,13,2024-11-07,Generated purchase order from approved PR.
1053,PO-2024-1053,903,18,5,2024-11-13,2024-11-27,60 Days,Door delivery to factory stores,"EV Motor Plant, Accounts Payable, Hosur","EV Motor Plant Central Stores, Hosur",15610.68,2809.92,1400.00,0.00,INR,Issued,Approved,1,2024-11-13,Generated purchase order from approved PR.
1054,PO-2024-1054,904,19,5,2024-11-11,2024-11-21,30 Days,Door delivery to factory stores,"EV Motor Plant, Accounts Payable, Hosur","EV Motor Plant Central Stores, Hosur",34345.65,6182.22,1475.00,0.00,INR,Issued,Approved,3,2024-11-11,Generated purchase order from approved PR.
1055,PO-2024-1055,905,20,6,2024-11-09,2024-11-26,45 Days,Door delivery to factory stores,"EV Motor Plant, Accounts Payable, Hosur","EV Motor Plant Central Stores, Hosur",183782.80,33080.90,1550.00,0.00,INR,Issued,Approved,4,2024-11-09,Generated purchase order from approved PR.
1056,PO-2024-1056,906,21,6,2024-11-14,2024-12-03,60 Days,Door delivery to factory stores,"EV Motor Plant, Accounts Payable, Hosur","EV Motor Plant Central Stores, Hosur",115539.00,20797.02,1625.00,0.00,INR,Issued,Approved,5,2024-11-14,Generated purchase order from approved PR.
1057,PO-2024-1057,907,22,1,2024-11-13,2024-11-26,30 Days,Door delivery to factory stores,"EV Motor Plant, Accounts Payable, Hosur","EV Motor Plant Central Stores, Hosur",15658.04,2818.45,1700.00,0.00,INR,Issued,Approved,6,2024-11-13,Generated purchase order from approved PR.
1058,PO-2024-1058,908,23,2,2024-11-09,2024-11-27,45 Days,Door delivery to factory stores,"EV Motor Plant, Accounts Payable, Hosur","EV Motor Plant Central Stores, Hosur",12022.16,2163.99,1775.00,0.00,INR,Issued,Approved,7,2024-11-09,Generated purchase order from approved PR.
1059,PO-2024-1059,909,24,2,2024-11-15,2024-11-29,60 Days,Door delivery to factory stores,"EV Motor Plant, Accounts Payable, Hosur","EV Motor Plant Central Stores, Hosur",61738.02,11112.84,1850.00,0.00,INR,Issued,Approved,8,2024-11-15,Generated purchase order from approved PR.
1060,PO-2024-1060,910,25,1,2024-11-10,2024-11-28,30 Days,Door delivery to factory stores,"EV Motor Plant, Accounts Payable, Hosur","EV Motor Plant Central Stores, Hosur",85732.80,15431.90,1925.00,0.00,INR,Issued,Approved,9,2024-11-10,Generated purchase order from approved PR.
1061,PO-2024-1061,911,26,3,2024-11-16,2024-11-25,45 Days,Door delivery to factory stores,"EV Motor Plant, Accounts Payable, Hosur","EV Motor Plant Central Stores, Hosur",29850.00,5373.00,500.00,0.00,INR,Issued,Approved,10,2024-11-16,Generated purchase order from approved PR.
1062,PO-2024-1062,912,27,3,2024-11-11,2024-11-30,60 Days,Door delivery to factory stores,"EV Motor Plant, Accounts Payable, Hosur","EV Motor Plant Central Stores, Hosur",68648.86,12356.79,575.00,0.00,INR,Issued,Approved,11,2024-11-11,Generated purchase order from approved PR.
1063,PO-2024-1063,913,28,4,2024-11-12,2024-11-30,30 Days,Door delivery to factory stores,"EV Motor Plant, Accounts Payable, Hosur","EV Motor Plant Central Stores, Hosur",2869.91,516.58,650.00,0.00,INR,Issued,Approved,12,2024-11-12,Generated purchase order from approved PR.
1064,PO-2024-1064,914,29,4,2024-11-14,2024-11-24,45 Days,Door delivery to factory stores,"EV Motor Plant, Accounts Payable, Hosur","EV Motor Plant Central Stores, Hosur",9428.33,1697.10,725.00,0.00,INR,Issued,Approved,13,2024-11-14,Generated purchase order from approved PR.
1065,PO-2024-1065,915,30,5,2024-11-10,2024-11-25,60 Days,Door delivery to factory stores,"EV Motor Plant, Accounts Payable, Hosur","EV Motor Plant Central Stores, Hosur",3801.75,684.32,800.00,0.00,INR,Issued,Approved,1,2024-11-10,Generated purchase order from approved PR.
1066,PO-2024-1066,916,31,5,2024-11-13,2024-12-04,30 Days,Door delivery to factory stores,"EV Motor Plant, Accounts Payable, Hosur","EV Motor Plant Central Stores, Hosur",384.80,69.26,875.00,0.00,INR,Issued,Approved,3,2024-11-13,Generated purchase order from approved PR.
1067,PO-2024-1067,917,32,6,2024-11-14,2024-11-23,45 Days,Door delivery to factory stores,"EV Motor Plant, Accounts Payable, Hosur","EV Motor Plant Central Stores, Hosur",1257.29,226.31,950.00,0.00,INR,Issued,Approved,4,2024-11-14,Generated purchase order from approved PR.
1068,PO-2024-1068,918,33,6,2024-11-19,2024-12-07,60 Days,Door delivery to factory stores,"EV Motor Plant, Accounts Payable, Hosur","EV Motor Plant Central Stores, Hosur",1032.06,185.77,1025.00,0.00,INR,Issued,Approved,5,2024-11-19,Generated purchase order from approved PR.
1069,PO-2024-1069,919,34,1,2024-11-17,2024-12-10,30 Days,Door delivery to factory stores,"EV Motor Plant, Accounts Payable, Hosur","EV Motor Plant Central Stores, Hosur",2915.84,524.85,1100.00,0.00,INR,Issued,Approved,6,2024-11-17,Generated purchase order from approved PR.
1070,PO-2024-1070,920,35,2,2024-11-18,2024-12-09,45 Days,Door delivery to factory stores,"EV Motor Plant, Accounts Payable, Hosur","EV Motor Plant Central Stores, Hosur",2029.90,365.38,1175.00,0.00,INR,Issued,Approved,7,2024-11-18,Generated purchase order from approved PR.
1071,PO-2024-1071,921,1,2,2024-11-19,2024-12-01,60 Days,Door delivery to factory stores,"EV Motor Plant, Accounts Payable, Hosur","EV Motor Plant Central Stores, Hosur",1020.00,183.60,1250.00,0.00,INR,Issued,Approved,8,2024-11-19,Generated purchase order from approved PR.
1072,PO-2024-1072,922,2,1,2024-11-14,2024-11-30,30 Days,Door delivery to factory stores,"EV Motor Plant, Accounts Payable, Hosur","EV Motor Plant Central Stores, Hosur",1390.55,250.30,1325.00,0.00,INR,Issued,Approved,9,2024-11-14,Generated purchase order from approved PR.
1073,PO-2024-1073,923,3,3,2024-11-20,2024-12-13,45 Days,Door delivery to factory stores,"EV Motor Plant, Accounts Payable, Hosur","EV Motor Plant Central Stores, Hosur",40106.25,7219.13,1400.00,0.00,INR,Issued,Approved,10,2024-11-20,Generated purchase order from approved PR.
1074,PO-2024-1074,924,4,3,2024-11-19,2024-12-04,60 Days,Door delivery to factory stores,"EV Motor Plant, Accounts Payable, Hosur","EV Motor Plant Central Stores, Hosur",44490.10,8008.22,1475.00,0.00,INR,Issued,Approved,11,2024-11-19,Generated purchase order from approved PR.
1075,PO-2024-1075,925,5,4,2024-11-19,2024-11-26,30 Days,Door delivery to factory stores,"EV Motor Plant, Accounts Payable, Hosur","EV Motor Plant Central Stores, Hosur",50178.81,9032.19,1550.00,0.00,INR,Issued,Approved,12,2024-11-19,Generated purchase order from approved PR.
1076,PO-2024-1076,926,6,4,2024-11-16,2024-11-21,45 Days,Door delivery to factory stores,"EV Motor Plant, Accounts Payable, Hosur","EV Motor Plant Central Stores, Hosur",16266.60,2927.99,1625.00,0.00,INR,Issued,Approved,13,2024-11-16,Generated purchase order from approved PR.
1077,PO-2024-1077,927,7,5,2024-11-22,2024-12-12,60 Days,Door delivery to factory stores,"EV Motor Plant, Accounts Payable, Hosur","EV Motor Plant Central Stores, Hosur",7311.90,1316.14,1700.00,0.00,INR,Issued,Approved,1,2024-11-22,Generated purchase order from approved PR.
1078,PO-2024-1078,928,8,5,2024-11-17,2024-11-30,30 Days,Door delivery to factory stores,"EV Motor Plant, Accounts Payable, Hosur","EV Motor Plant Central Stores, Hosur",21210.70,3817.93,1775.00,0.00,INR,Issued,Approved,3,2024-11-17,Generated purchase order from approved PR.
1079,PO-2024-1079,929,9,6,2024-11-19,2024-11-28,45 Days,Door delivery to factory stores,"EV Motor Plant, Accounts Payable, Hosur","EV Motor Plant Central Stores, Hosur",30137.95,5424.83,1850.00,0.00,INR,Issued,Approved,4,2024-11-19,Generated purchase order from approved PR.
1080,PO-2024-1080,930,10,6,2024-11-19,2024-11-30,60 Days,Door delivery to factory stores,"EV Motor Plant, Accounts Payable, Hosur","EV Motor Plant Central Stores, Hosur",9262.82,1667.31,1925.00,0.00,INR,Issued,Approved,5,2024-11-19,Generated purchase order from approved PR.
1081,PO-2024-1081,931,11,1,2024-11-22,2024-12-11,30 Days,Door delivery to factory stores,"EV Motor Plant, Accounts Payable, Hosur","EV Motor Plant Central Stores, Hosur",7645.00,1376.10,500.00,0.00,INR,Issued,Approved,6,2024-11-22,Generated purchase order from approved PR.
1082,PO-2024-1082,932,12,2,2024-11-18,2024-12-01,45 Days,Door delivery to factory stores,"EV Motor Plant, Accounts Payable, Hosur","EV Motor Plant Central Stores, Hosur",5426.19,976.71,575.00,0.00,INR,Issued,Approved,7,2024-11-18,Generated purchase order from approved PR.
1083,PO-2024-1083,933,13,2,2024-11-24,2024-12-15,60 Days,Door delivery to factory stores,"EV Motor Plant, Accounts Payable, Hosur","EV Motor Plant Central Stores, Hosur",2710.06,487.81,650.00,0.00,INR,Issued,Approved,8,2024-11-24,Generated purchase order from approved PR.
1084,PO-2024-1084,934,14,1,2024-11-23,2024-12-11,30 Days,Door delivery to factory stores,"EV Motor Plant, Accounts Payable, Hosur","EV Motor Plant Central Stores, Hosur",1409.11,253.64,725.00,0.00,INR,Issued,Approved,9,2024-11-23,Generated purchase order from approved PR.
1085,PO-2024-1085,935,15,3,2024-11-18,2024-12-11,45 Days,Door delivery to factory stores,"EV Motor Plant, Accounts Payable, Hosur","EV Motor Plant Central Stores, Hosur",1709.16,307.65,800.00,0.00,INR,Issued,Approved,10,2024-11-18,Generated purchase order from approved PR.
1086,PO-2024-1086,936,16,3,2024-11-23,2024-12-14,60 Days,Door delivery to factory stores,"EV Motor Plant, Accounts Payable, Hosur","EV Motor Plant Central Stores, Hosur",839.40,151.09,875.00,0.00,INR,Issued,Approved,11,2024-11-23,Generated purchase order from approved PR.
1087,PO-2024-1087,937,17,4,2024-11-24,2024-12-03,30 Days,Door delivery to factory stores,"EV Motor Plant, Accounts Payable, Hosur","EV Motor Plant Central Stores, Hosur",7288.70,1311.97,950.00,0.00,INR,Issued,Approved,12,2024-11-24,Generated purchase order from approved PR.
1088,PO-2024-1088,938,18,4,2024-11-18,2024-12-05,45 Days,Door delivery to factory stores,"EV Motor Plant, Accounts Payable, Hosur","EV Motor Plant Central Stores, Hosur",1376.22,247.72,1025.00,0.00,INR,Issued,Approved,13,2024-11-18,Generated purchase order from approved PR.
1089,PO-2024-1089,939,19,5,2024-11-22,2024-11-27,60 Days,Door delivery to factory stores,"EV Motor Plant, Accounts Payable, Hosur","EV Motor Plant Central Stores, Hosur",1630.20,293.44,1100.00,0.00,INR,Issued,Approved,1,2024-11-22,Generated purchase order from approved PR.
1090,PO-2024-1090,940,20,5,2024-11-20,2024-12-13,30 Days,Door delivery to factory stores,"EV Motor Plant, Accounts Payable, Hosur","EV Motor Plant Central Stores, Hosur",1190.38,214.27,1175.00,0.00,INR,Issued,Approved,3,2024-11-20,Generated purchase order from approved PR.
1091,PO-2024-1091,941,21,6,2024-11-21,2024-11-30,45 Days,Door delivery to factory stores,"EV Motor Plant, Accounts Payable, Hosur","EV Motor Plant Central Stores, Hosur",7003.00,1260.54,1250.00,0.00,INR,Issued,Approved,4,2024-11-21,Generated purchase order from approved PR.
1092,PO-2024-1092,942,22,6,2024-11-23,2024-12-10,60 Days,Door delivery to factory stores,"EV Motor Plant, Accounts Payable, Hosur","EV Motor Plant Central Stores, Hosur",958.16,172.47,1325.00,0.00,INR,Issued,Approved,5,2024-11-23,Generated purchase order from approved PR.
1093,PO-2024-1093,943,23,1,2024-11-22,2024-12-13,30 Days,Door delivery to factory stores,"EV Motor Plant, Accounts Payable, Hosur","EV Motor Plant Central Stores, Hosur",340250.20,61245.04,1400.00,0.00,INR,Issued,Approved,6,2024-11-22,Generated purchase order from approved PR.
1094,PO-2024-1094,944,24,2,2024-11-24,2024-12-02,45 Days,Door delivery to factory stores,"EV Motor Plant, Accounts Payable, Hosur","EV Motor Plant Central Stores, Hosur",628486.60,113127.59,1475.00,0.00,INR,Issued,Approved,7,2024-11-24,Generated purchase order from approved PR.
1095,PO-2024-1095,945,25,2,2024-11-22,2024-12-13,60 Days,Door delivery to factory stores,"EV Motor Plant, Accounts Payable, Hosur","EV Motor Plant Central Stores, Hosur",1201073.49,216193.23,1550.00,0.00,INR,Issued,Approved,8,2024-11-22,Generated purchase order from approved PR.
1096,PO-2024-1096,946,26,1,2024-11-21,2024-11-26,30 Days,Door delivery to factory stores,"EV Motor Plant, Accounts Payable, Hosur","EV Motor Plant Central Stores, Hosur",505675.50,91021.59,1625.00,0.00,INR,Issued,Approved,9,2024-11-21,Generated purchase order from approved PR.
1097,PO-2024-1097,947,27,3,2024-11-25,2024-12-08,45 Days,Door delivery to factory stores,"EV Motor Plant, Accounts Payable, Hosur","EV Motor Plant Central Stores, Hosur",743724.67,133870.44,1700.00,0.00,INR,Issued,Approved,10,2024-11-25,Generated purchase order from approved PR.
1098,PO-2024-1098,948,28,3,2024-11-22,2024-12-05,60 Days,Door delivery to factory stores,"EV Motor Plant, Accounts Payable, Hosur","EV Motor Plant Central Stores, Hosur",2305146.68,414926.40,1775.00,0.00,INR,Issued,Approved,11,2024-11-22,Generated purchase order from approved PR.
1099,PO-2024-1099,949,29,4,2024-11-22,2024-12-04,30 Days,Door delivery to factory stores,"EV Motor Plant, Accounts Payable, Hosur","EV Motor Plant Central Stores, Hosur",18713.90,3368.50,1850.00,0.00,INR,Issued,Approved,12,2024-11-22,Generated purchase order from approved PR.
1100,PO-2024-1100,950,30,4,2024-11-22,2024-12-08,45 Days,Door delivery to factory stores,"EV Motor Plant, Accounts Payable, Hosur","EV Motor Plant Central Stores, Hosur",56365.28,10145.75,1925.00,0.00,INR,Issued,Approved,13,2024-11-22,Generated purchase order from approved PR.
1101,PO-2024-1101,951,31,5,2024-11-26,2024-12-18,60 Days,Door delivery to factory stores,"EV Motor Plant, Accounts Payable, Hosur","EV Motor Plant Central Stores, Hosur",28770.40,5178.67,500.00,0.00,INR,Issued,Approved,1,2024-11-26,Generated purchase order from approved PR.
1102,PO-2024-1102,952,32,5,2024-11-22,2024-12-03,30 Days,Door delivery to factory stores,"EV Motor Plant, Accounts Payable, Hosur","EV Motor Plant Central Stores, Hosur",112817.45,20307.14,575.00,0.00,INR,Issued,Approved,3,2024-11-22,Generated purchase order from approved PR.
1103,PO-2024-1103,953,33,6,2024-11-24,2024-12-10,45 Days,Door delivery to factory stores,"EV Motor Plant, Accounts Payable, Hosur","EV Motor Plant Central Stores, Hosur",100684.56,18123.22,650.00,0.00,INR,Issued,Approved,4,2024-11-24,Generated purchase order from approved PR.
1104,PO-2024-1104,954,34,6,2024-11-26,2024-12-17,60 Days,Door delivery to factory stores,"EV Motor Plant, Accounts Payable, Hosur","EV Motor Plant Central Stores, Hosur",265555.40,47799.97,725.00,0.00,INR,Issued,Approved,5,2024-11-26,Generated purchase order from approved PR.
1105,PO-2024-1105,955,35,1,2024-11-29,2024-12-18,30 Days,Door delivery to factory stores,"EV Motor Plant, Accounts Payable, Hosur","EV Motor Plant Central Stores, Hosur",18645.40,3356.17,800.00,0.00,INR,Issued,Approved,6,2024-11-29,Generated purchase order from approved PR.
1106,PO-2024-1106,956,1,2,2024-11-24,2024-11-29,45 Days,Door delivery to factory stores,"EV Motor Plant, Accounts Payable, Hosur","EV Motor Plant Central Stores, Hosur",15719.60,2829.53,875.00,0.00,INR,Issued,Approved,7,2024-11-24,Generated purchase order from approved PR.
1107,PO-2024-1107,957,2,2,2024-11-30,2024-12-22,60 Days,Door delivery to factory stores,"EV Motor Plant, Accounts Payable, Hosur","EV Motor Plant Central Stores, Hosur",101999.25,18359.87,950.00,0.00,INR,Issued,Approved,8,2024-11-30,Generated purchase order from approved PR.
1108,PO-2024-1108,958,3,1,2024-11-25,2024-11-30,30 Days,Door delivery to factory stores,"EV Motor Plant, Accounts Payable, Hosur","EV Motor Plant Central Stores, Hosur",168240.20,30283.24,1025.00,0.00,INR,Issued,Approved,9,2024-11-25,Generated purchase order from approved PR.
1109,PO-2024-1109,959,4,3,2024-11-28,2024-12-14,45 Days,Door delivery to factory stores,"EV Motor Plant, Accounts Payable, Hosur","EV Motor Plant Central Stores, Hosur",426984.86,76857.27,1100.00,0.00,INR,Issued,Approved,10,2024-11-28,Generated purchase order from approved PR.
1110,PO-2024-1110,960,5,3,2024-11-30,2024-12-15,60 Days,Door delivery to factory stores,"EV Motor Plant, Accounts Payable, Hosur","EV Motor Plant Central Stores, Hosur",78100.80,14058.14,1175.00,0.00,INR,Issued,Approved,11,2024-11-30,Generated purchase order from approved PR.
1111,PO-2024-1111,961,6,4,2024-11-29,2024-12-18,30 Days,Door delivery to factory stores,"EV Motor Plant, Accounts Payable, Hosur","EV Motor Plant Central Stores, Hosur",32762.00,5897.16,1250.00,0.00,INR,Issued,Approved,12,2024-11-29,Generated purchase order from approved PR.
1112,PO-2024-1112,962,7,4,2024-11-25,2024-12-02,45 Days,Door delivery to factory stores,"EV Motor Plant, Accounts Payable, Hosur","EV Motor Plant Central Stores, Hosur",94187.94,16953.83,1325.00,0.00,INR,Issued,Approved,13,2024-11-25,Generated purchase order from approved PR.
1113,PO-2024-1113,963,8,5,2024-11-30,2024-12-08,60 Days,Door delivery to factory stores,"EV Motor Plant, Accounts Payable, Hosur","EV Motor Plant Central Stores, Hosur",2579.12,464.24,1400.00,0.00,INR,Issued,Approved,1,2024-11-30,Generated purchase order from approved PR.
1114,PO-2024-1114,964,9,5,2024-11-26,2024-12-15,30 Days,Door delivery to factory stores,"EV Motor Plant, Accounts Payable, Hosur","EV Motor Plant Central Stores, Hosur",135306.60,24355.19,1475.00,0.00,INR,Issued,Approved,3,2024-11-26,Generated purchase order from approved PR.
1115,PO-2024-1115,965,10,6,2024-11-26,2024-12-03,45 Days,Door delivery to factory stores,"EV Motor Plant, Accounts Payable, Hosur","EV Motor Plant Central Stores, Hosur",615902.40,110862.43,1550.00,0.00,INR,Issued,Approved,4,2024-11-26,Generated purchase order from approved PR.
1116,PO-2024-1116,966,11,6,2024-11-25,2024-12-08,60 Days,Door delivery to factory stores,"EV Motor Plant, Accounts Payable, Hosur","EV Motor Plant Central Stores, Hosur",2437880.00,438818.40,1625.00,0.00,INR,Issued,Approved,5,2024-11-25,Generated purchase order from approved PR.
1117,PO-2024-1117,967,12,1,2024-11-29,2024-12-17,30 Days,Door delivery to factory stores,"EV Motor Plant, Accounts Payable, Hosur","EV Motor Plant Central Stores, Hosur",267706.25,48187.13,1700.00,0.00,INR,Issued,Approved,6,2024-11-29,Generated purchase order from approved PR.
1118,PO-2024-1118,968,13,2,2024-12-02,2024-12-19,45 Days,Door delivery to factory stores,"EV Motor Plant, Accounts Payable, Hosur","EV Motor Plant Central Stores, Hosur",867836.80,156210.62,1775.00,0.00,INR,Issued,Approved,7,2024-12-02,Generated purchase order from approved PR.
1119,PO-2024-1119,969,14,2,2024-12-01,2024-12-10,60 Days,Door delivery to factory stores,"EV Motor Plant, Accounts Payable, Hosur","EV Motor Plant Central Stores, Hosur",2087220.56,375699.70,1850.00,0.00,INR,Issued,Approved,8,2024-12-01,Generated purchase order from approved PR.
1120,PO-2024-1120,970,15,1,2024-11-28,2024-12-08,30 Days,Door delivery to factory stores,"EV Motor Plant, Accounts Payable, Hosur","EV Motor Plant Central Stores, Hosur",49449.00,8900.82,1925.00,0.00,INR,Issued,Approved,9,2024-11-28,Generated purchase order from approved PR.
1121,PO-2024-1121,971,16,3,2024-11-26,2024-12-19,45 Days,Door delivery to factory stores,"EV Motor Plant, Accounts Payable, Hosur","EV Motor Plant Central Stores, Hosur",29140.00,5245.20,500.00,0.00,INR,Issued,Approved,10,2024-11-26,Generated purchase order from approved PR.
1122,PO-2024-1122,972,17,3,2024-11-27,2024-12-10,60 Days,Door delivery to factory stores,"EV Motor Plant, Accounts Payable, Hosur","EV Motor Plant Central Stores, Hosur",55216.00,9938.88,575.00,0.00,INR,Issued,Approved,11,2024-11-27,Generated purchase order from approved PR.
1123,PO-2024-1123,973,18,4,2024-11-28,2024-12-03,30 Days,Door delivery to factory stores,"EV Motor Plant, Accounts Payable, Hosur","EV Motor Plant Central Stores, Hosur",42539.00,7657.02,650.00,0.00,INR,Issued,Approved,12,2024-11-28,Generated purchase order from approved PR.
1124,PO-2024-1124,974,19,4,2024-12-03,2024-12-12,45 Days,Door delivery to factory stores,"EV Motor Plant, Accounts Payable, Hosur","EV Motor Plant Central Stores, Hosur",71730.57,12911.50,725.00,0.00,INR,Issued,Approved,13,2024-12-03,Generated purchase order from approved PR.
1125,PO-2024-1125,975,20,5,2024-11-27,2024-12-08,60 Days,Door delivery to factory stores,"EV Motor Plant, Accounts Payable, Hosur","EV Motor Plant Central Stores, Hosur",151558.80,27280.58,800.00,0.00,INR,Issued,Approved,1,2024-11-27,Generated purchase order from approved PR.
1126,PO-2024-1126,976,21,5,2024-11-28,2024-12-21,30 Days,Door delivery to factory stores,"EV Motor Plant, Accounts Payable, Hosur","EV Motor Plant Central Stores, Hosur",26660.00,4798.80,875.00,0.00,INR,Issued,Approved,3,2024-11-28,Generated purchase order from approved PR.
1127,PO-2024-1127,977,22,6,2024-11-29,2024-12-09,45 Days,Door delivery to factory stores,"EV Motor Plant, Accounts Payable, Hosur","EV Motor Plant Central Stores, Hosur",24847.20,4472.50,950.00,0.00,INR,Issued,Approved,4,2024-11-29,Generated purchase order from approved PR.
1128,PO-2024-1128,978,23,6,2024-11-30,2024-12-05,60 Days,Door delivery to factory stores,"EV Motor Plant, Accounts Payable, Hosur","EV Motor Plant Central Stores, Hosur",115627.80,20813.00,1025.00,0.00,INR,Issued,Approved,5,2024-11-30,Generated purchase order from approved PR.
1129,PO-2024-1129,979,24,1,2024-11-29,2024-12-13,30 Days,Door delivery to factory stores,"EV Motor Plant, Accounts Payable, Hosur","EV Motor Plant Central Stores, Hosur",357515.40,64352.77,1100.00,0.00,INR,Issued,Approved,6,2024-11-29,Generated purchase order from approved PR.
1130,PO-2024-1130,980,25,2,2024-12-01,2024-12-07,45 Days,Door delivery to factory stores,"EV Motor Plant, Accounts Payable, Hosur","EV Motor Plant Central Stores, Hosur",469215.36,84458.76,1175.00,0.00,INR,Issued,Approved,7,2024-12-01,Generated purchase order from approved PR.
1131,PO-2024-1131,981,26,2,2024-12-02,2024-12-12,60 Days,Door delivery to factory stores,"EV Motor Plant, Accounts Payable, Hosur","EV Motor Plant Central Stores, Hosur",32100.00,5778.00,1250.00,0.00,INR,Issued,Approved,8,2024-12-02,Generated purchase order from approved PR.
1132,PO-2024-1132,982,27,1,2024-12-02,2024-12-25,30 Days,Door delivery to factory stores,"EV Motor Plant, Accounts Payable, Hosur","EV Motor Plant Central Stores, Hosur",62696.55,11285.38,1325.00,0.00,INR,Issued,Approved,9,2024-12-02,Generated purchase order from approved PR.
1133,PO-2024-1133,983,28,3,2024-12-02,2024-12-20,45 Days,Door delivery to factory stores,"EV Motor Plant, Accounts Payable, Hosur","EV Motor Plant Central Stores, Hosur",268418.00,48315.24,1400.00,0.00,INR,Issued,Approved,10,2024-12-02,Generated purchase order from approved PR.
1134,PO-2024-1134,984,29,3,2024-12-05,2024-12-10,60 Days,Door delivery to factory stores,"EV Motor Plant, Accounts Payable, Hosur","EV Motor Plant Central Stores, Hosur",174619.50,31431.51,1475.00,0.00,INR,Issued,Approved,11,2024-12-05,Generated purchase order from approved PR.
1135,PO-2024-1135,985,30,4,2024-12-04,2024-12-17,30 Days,Door delivery to factory stores,"EV Motor Plant, Accounts Payable, Hosur","EV Motor Plant Central Stores, Hosur",35939.30,6469.07,1550.00,0.00,INR,Issued,Approved,12,2024-12-04,Generated purchase order from approved PR.
1136,PO-2024-1136,986,31,4,2024-12-04,2024-12-12,45 Days,Door delivery to factory stores,"EV Motor Plant, Accounts Payable, Hosur","EV Motor Plant Central Stores, Hosur",51120.00,9201.60,1625.00,0.00,INR,Issued,Approved,13,2024-12-04,Generated purchase order from approved PR.
1137,PO-2024-1137,987,32,5,2024-12-04,2024-12-11,60 Days,Door delivery to factory stores,"EV Motor Plant, Accounts Payable, Hosur","EV Motor Plant Central Stores, Hosur",49704.55,8946.82,1700.00,0.00,INR,Issued,Approved,1,2024-12-04,Generated purchase order from approved PR.
1138,PO-2024-1138,988,33,5,2024-12-07,2024-12-23,30 Days,Door delivery to factory stores,"EV Motor Plant, Accounts Payable, Hosur","EV Motor Plant Central Stores, Hosur",242874.00,43717.32,1775.00,0.00,INR,Issued,Approved,3,2024-12-07,Generated purchase order from approved PR.
1139,PO-2024-1139,989,34,6,2024-12-01,2024-12-15,45 Days,Door delivery to factory stores,"EV Motor Plant, Accounts Payable, Hosur","EV Motor Plant Central Stores, Hosur",15362.05,2765.17,1850.00,0.00,INR,Issued,Approved,4,2024-12-01,Generated purchase order from approved PR.
1140,PO-2024-1140,990,35,6,2024-12-08,2024-12-27,60 Days,Door delivery to factory stores,"EV Motor Plant, Accounts Payable, Hosur","EV Motor Plant Central Stores, Hosur",20018.10,3603.26,1925.00,0.00,INR,Issued,Approved,5,2024-12-08,Generated purchase order from approved PR.
1141,PO-2024-1141,991,1,1,2024-12-03,2024-12-24,30 Days,Door delivery to factory stores,"EV Motor Plant, Accounts Payable, Hosur","EV Motor Plant Central Stores, Hosur",16765.00,3017.70,500.00,0.00,INR,Issued,Approved,6,2024-12-03,Generated purchase order from approved PR.
1142,PO-2024-1142,992,2,2,2024-12-03,2024-12-12,45 Days,Door delivery to factory stores,"EV Motor Plant, Accounts Payable, Hosur","EV Motor Plant Central Stores, Hosur",127981.35,23036.64,575.00,0.00,INR,Issued,Approved,7,2024-12-03,Generated purchase order from approved PR.
1143,PO-2024-1143,993,3,2,2024-12-04,2024-12-26,60 Days,Door delivery to factory stores,"EV Motor Plant, Accounts Payable, Hosur","EV Motor Plant Central Stores, Hosur",90753.30,16335.59,650.00,0.00,INR,Issued,Approved,8,2024-12-04,Generated purchase order from approved PR.
1144,PO-2024-1144,994,4,1,2024-12-08,2024-12-22,30 Days,Door delivery to factory stores,"EV Motor Plant, Accounts Payable, Hosur","EV Motor Plant Central Stores, Hosur",82995.99,14939.28,725.00,0.00,INR,Issued,Approved,9,2024-12-08,Generated purchase order from approved PR.
1145,PO-2024-1145,995,5,3,2024-12-07,2024-12-16,45 Days,Door delivery to factory stores,"EV Motor Plant, Accounts Payable, Hosur","EV Motor Plant Central Stores, Hosur",3859.46,694.70,800.00,0.00,INR,Issued,Approved,10,2024-12-07,Generated purchase order from approved PR.
1146,PO-2024-1146,996,6,3,2024-12-04,2024-12-25,60 Days,Door delivery to factory stores,"EV Motor Plant, Accounts Payable, Hosur","EV Motor Plant Central Stores, Hosur",15810.00,2845.80,875.00,0.00,INR,Issued,Approved,11,2024-12-04,Generated purchase order from approved PR.
1147,PO-2024-1147,997,7,4,2024-12-10,2024-12-15,30 Days,Door delivery to factory stores,"EV Motor Plant, Accounts Payable, Hosur","EV Motor Plant Central Stores, Hosur",21814.38,3926.59,950.00,0.00,INR,Issued,Approved,12,2024-12-10,Generated purchase order from approved PR.
1148,PO-2024-1148,998,8,4,2024-12-04,2024-12-19,45 Days,Door delivery to factory stores,"EV Motor Plant, Accounts Payable, Hosur","EV Motor Plant Central Stores, Hosur",14265.50,2567.79,1025.00,0.00,INR,Issued,Approved,13,2024-12-04,Generated purchase order from approved PR.
1149,PO-2024-1149,999,9,5,2024-12-04,2024-12-22,60 Days,Door delivery to factory stores,"EV Motor Plant, Accounts Payable, Hosur","EV Motor Plant Central Stores, Hosur",43752.06,7875.37,1100.00,0.00,INR,Issued,Approved,1,2024-12-04,Generated purchase order from approved PR.
1150,PO-2024-1150,1000,10,5,2024-12-11,2024-12-21,30 Days,Door delivery to factory stores,"EV Motor Plant, Accounts Payable, Hosur","EV Motor Plant Central Stores, Hosur",87946.08,15830.29,1175.00,0.00,INR,Issued,Approved,3,2024-12-11,Generated purchase order from approved PR.
1151,PO-2024-1151,1001,11,6,2024-12-07,2024-12-28,45 Days,Door delivery to factory stores,"EV Motor Plant, Accounts Payable, Hosur","EV Motor Plant Central Stores, Hosur",2169.00,390.42,1250.00,0.00,INR,Issued,Approved,4,2024-12-07,Generated purchase order from approved PR.
1152,PO-2024-1152,1002,12,6,2024-12-07,2024-12-16,60 Days,Door delivery to factory stores,"EV Motor Plant, Accounts Payable, Hosur","EV Motor Plant Central Stores, Hosur",18755.38,3375.97,1325.00,0.00,INR,Issued,Approved,5,2024-12-07,Generated purchase order from approved PR.
1153,PO-2024-1153,1003,13,1,2024-12-05,2024-12-25,30 Days,Door delivery to factory stores,"EV Motor Plant, Accounts Payable, Hosur","EV Motor Plant Central Stores, Hosur",33135.10,5964.32,1400.00,0.00,INR,Issued,Approved,6,2024-12-05,Generated purchase order from approved PR.
1154,PO-2024-1154,1004,14,2,2024-12-11,2024-12-17,45 Days,Door delivery to factory stores,"EV Motor Plant, Accounts Payable, Hosur","EV Motor Plant Central Stores, Hosur",178633.56,32154.04,1475.00,0.00,INR,Issued,Approved,7,2024-12-11,Generated purchase order from approved PR.
1155,PO-2024-1155,1005,15,2,2024-12-10,2024-12-18,60 Days,Door delivery to factory stores,"EV Motor Plant, Accounts Payable, Hosur","EV Motor Plant Central Stores, Hosur",651963.60,117353.45,1550.00,0.00,INR,Issued,Approved,8,2024-12-10,Generated purchase order from approved PR.
1156,PO-2024-1156,1006,16,1,2024-12-06,2024-12-18,30 Days,Door delivery to factory stores,"EV Motor Plant, Accounts Payable, Hosur","EV Motor Plant Central Stores, Hosur",8945.00,1610.10,1625.00,0.00,INR,Issued,Approved,9,2024-12-06,Generated purchase order from approved PR.
1157,PO-2024-1157,1007,17,3,2024-12-09,2024-12-30,45 Days,Door delivery to factory stores,"EV Motor Plant, Accounts Payable, Hosur","EV Motor Plant Central Stores, Hosur",50421.14,9075.81,1700.00,0.00,INR,Issued,Approved,10,2024-12-09,Generated purchase order from approved PR.
1158,PO-2024-1158,1008,18,3,2024-12-10,2024-12-17,60 Days,Door delivery to factory stores,"EV Motor Plant, Accounts Payable, Hosur","EV Motor Plant Central Stores, Hosur",34879.25,6278.27,1775.00,0.00,INR,Issued,Approved,11,2024-12-10,Generated purchase order from approved PR.
1159,PO-2024-1159,1009,19,4,2024-12-10,2024-12-31,30 Days,Door delivery to factory stores,"EV Motor Plant, Accounts Payable, Hosur","EV Motor Plant Central Stores, Hosur",54542.58,9817.66,1850.00,0.00,INR,Issued,Approved,12,2024-12-10,Generated purchase order from approved PR.
1160,PO-2024-1160,1010,20,4,2024-12-10,2024-12-19,45 Days,Door delivery to factory stores,"EV Motor Plant, Accounts Payable, Hosur","EV Motor Plant Central Stores, Hosur",7600.20,1368.04,1925.00,0.00,INR,Issued,Approved,13,2024-12-10,Generated purchase order from approved PR.
1161,PO-2024-1161,1011,21,5,2024-12-06,2024-12-19,60 Days,Door delivery to factory stores,"EV Motor Plant, Accounts Payable, Hosur","EV Motor Plant Central Stores, Hosur",65810.00,11845.80,500.00,0.00,INR,Issued,Approved,1,2024-12-06,Generated purchase order from approved PR.
1162,PO-2024-1162,1012,22,5,2024-12-09,2024-12-20,30 Days,Door delivery to factory stores,"EV Motor Plant, Accounts Payable, Hosur","EV Motor Plant Central Stores, Hosur",2393.22,430.78,575.00,0.00,INR,Issued,Approved,3,2024-12-09,Generated purchase order from approved PR.
1163,PO-2024-1163,1013,23,6,2024-12-07,2024-12-14,45 Days,Door delivery to factory stores,"EV Motor Plant, Accounts Payable, Hosur","EV Motor Plant Central Stores, Hosur",9085.84,1635.45,650.00,0.00,INR,Issued,Approved,4,2024-12-07,Generated purchase order from approved PR.
1164,PO-2024-1164,1014,24,6,2024-12-10,2025-01-01,60 Days,Door delivery to factory stores,"EV Motor Plant, Accounts Payable, Hosur","EV Motor Plant Central Stores, Hosur",3018.94,543.41,725.00,0.00,INR,Issued,Approved,5,2024-12-10,Generated purchase order from approved PR.
1165,PO-2024-1165,1015,25,1,2024-12-12,2024-12-25,30 Days,Door delivery to factory stores,"EV Motor Plant, Accounts Payable, Hosur","EV Motor Plant Central Stores, Hosur",317.08,57.07,800.00,0.00,INR,Issued,Approved,6,2024-12-12,Generated purchase order from approved PR.
1166,PO-2024-1166,1016,26,2,2024-12-14,2025-01-01,45 Days,Door delivery to factory stores,"EV Motor Plant, Accounts Payable, Hosur","EV Motor Plant Central Stores, Hosur",710.00,127.80,875.00,0.00,INR,Issued,Approved,7,2024-12-14,Generated purchase order from approved PR.
1167,PO-2024-1167,1017,27,2,2024-12-13,2024-12-28,60 Days,Door delivery to factory stores,"EV Motor Plant, Accounts Payable, Hosur","EV Motor Plant Central Stores, Hosur",849.10,152.84,950.00,0.00,INR,Issued,Approved,8,2024-12-13,Generated purchase order from approved PR.
1168,PO-2024-1168,1018,28,1,2024-12-13,2024-12-27,30 Days,Door delivery to factory stores,"EV Motor Plant, Accounts Payable, Hosur","EV Motor Plant Central Stores, Hosur",847.69,152.58,1025.00,0.00,INR,Issued,Approved,9,2024-12-13,Generated purchase order from approved PR.
1169,PO-2024-1169,1019,29,3,2024-12-13,2024-12-29,45 Days,Door delivery to factory stores,"EV Motor Plant, Accounts Payable, Hosur","EV Motor Plant Central Stores, Hosur",1761.31,317.04,1100.00,0.00,INR,Issued,Approved,10,2024-12-13,Generated purchase order from approved PR.
1170,PO-2024-1170,1020,30,3,2024-12-14,2025-01-05,60 Days,Door delivery to factory stores,"EV Motor Plant, Accounts Payable, Hosur","EV Motor Plant Central Stores, Hosur",1615.44,290.78,1175.00,0.00,INR,Issued,Approved,11,2024-12-14,Generated purchase order from approved PR.
1171,PO-2024-1171,1021,31,4,2024-12-11,2024-12-29,30 Days,Door delivery to factory stores,"EV Motor Plant, Accounts Payable, Hosur","EV Motor Plant Central Stores, Hosur",2412.00,434.16,1250.00,0.00,INR,Issued,Approved,12,2024-12-11,Generated purchase order from approved PR.
1172,PO-2024-1172,1022,32,4,2024-12-09,2024-12-24,45 Days,Door delivery to factory stores,"EV Motor Plant, Accounts Payable, Hosur","EV Motor Plant Central Stores, Hosur",54216.80,9759.02,1325.00,0.00,INR,Issued,Approved,13,2024-12-09,Generated purchase order from approved PR.
1173,PO-2024-1173,1023,33,5,2024-12-15,2025-01-01,60 Days,Door delivery to factory stores,"EV Motor Plant, Accounts Payable, Hosur","EV Motor Plant Central Stores, Hosur",6819.12,1227.44,1400.00,0.00,INR,Issued,Approved,1,2024-12-15,Generated purchase order from approved PR.
1174,PO-2024-1174,1024,34,5,2024-12-11,2024-12-27,30 Days,Door delivery to factory stores,"EV Motor Plant, Accounts Payable, Hosur","EV Motor Plant Central Stores, Hosur",105192.79,18934.70,1475.00,0.00,INR,Issued,Approved,3,2024-12-11,Generated purchase order from approved PR.
1175,PO-2024-1175,1025,35,6,2024-12-12,2024-12-25,45 Days,Door delivery to factory stores,"EV Motor Plant, Accounts Payable, Hosur","EV Motor Plant Central Stores, Hosur",10141.16,1825.41,1550.00,0.00,INR,Issued,Approved,4,2024-12-12,Generated purchase order from approved PR.
1176,PO-2024-1176,1026,1,6,2024-12-12,2024-12-28,60 Days,Door delivery to factory stores,"EV Motor Plant, Accounts Payable, Hosur","EV Motor Plant Central Stores, Hosur",12192.00,2194.56,1625.00,0.00,INR,Issued,Approved,5,2024-12-12,Generated purchase order from approved PR.
1177,PO-2024-1177,1027,2,1,2024-12-12,2024-12-25,30 Days,Door delivery to factory stores,"EV Motor Plant, Accounts Payable, Hosur","EV Motor Plant Central Stores, Hosur",5011.81,902.13,1700.00,0.00,INR,Issued,Approved,6,2024-12-12,Generated purchase order from approved PR.
1178,PO-2024-1178,1028,3,2,2024-12-17,2025-01-05,45 Days,Door delivery to factory stores,"EV Motor Plant, Accounts Payable, Hosur","EV Motor Plant Central Stores, Hosur",10081.68,1814.70,1775.00,0.00,INR,Issued,Approved,7,2024-12-17,Generated purchase order from approved PR.
1179,PO-2024-1179,1029,4,2,2024-12-14,2025-01-06,60 Days,Door delivery to factory stores,"EV Motor Plant, Accounts Payable, Hosur","EV Motor Plant Central Stores, Hosur",4432.47,797.84,1850.00,0.00,INR,Issued,Approved,8,2024-12-14,Generated purchase order from approved PR.
1180,PO-2024-1180,1030,5,1,2024-12-12,2025-01-04,30 Days,Door delivery to factory stores,"EV Motor Plant, Accounts Payable, Hosur","EV Motor Plant Central Stores, Hosur",6068.50,1092.33,1925.00,0.00,INR,Issued,Approved,9,2024-12-12,Generated purchase order from approved PR.
1181,PO-2024-1181,1031,6,3,2024-12-15,2025-01-04,45 Days,Door delivery to factory stores,"EV Motor Plant, Accounts Payable, Hosur","EV Motor Plant Central Stores, Hosur",2424.00,436.32,500.00,0.00,INR,Issued,Approved,10,2024-12-15,Generated purchase order from approved PR.
1182,PO-2024-1182,1032,7,3,2024-12-19,2025-01-04,60 Days,Door delivery to factory stores,"EV Motor Plant, Accounts Payable, Hosur","EV Motor Plant Central Stores, Hosur",1015.18,182.73,575.00,0.00,INR,Issued,Approved,11,2024-12-19,Generated purchase order from approved PR.
1183,PO-2024-1183,1033,8,4,2024-12-17,2025-01-05,30 Days,Door delivery to factory stores,"EV Motor Plant, Accounts Payable, Hosur","EV Motor Plant Central Stores, Hosur",1500.98,270.18,650.00,0.00,INR,Issued,Approved,12,2024-12-17,Generated purchase order from approved PR.
1184,PO-2024-1184,1034,9,4,2024-12-14,2024-12-22,45 Days,Door delivery to factory stores,"EV Motor Plant, Accounts Payable, Hosur","EV Motor Plant Central Stores, Hosur",940.35,169.26,725.00,0.00,INR,Issued,Approved,13,2024-12-14,Generated purchase order from approved PR.
1185,PO-2024-1185,1035,10,5,2024-12-15,2024-12-29,60 Days,Door delivery to factory stores,"EV Motor Plant, Accounts Payable, Hosur","EV Motor Plant Central Stores, Hosur",773.82,139.29,800.00,0.00,INR,Issued,Approved,1,2024-12-15,Generated purchase order from approved PR.
1186,PO-2024-1186,1036,11,5,2024-12-19,2024-12-28,30 Days,Door delivery to factory stores,"EV Motor Plant, Accounts Payable, Hosur","EV Motor Plant Central Stores, Hosur",5508.60,991.55,875.00,0.00,INR,Issued,Approved,3,2024-12-19,Generated purchase order from approved PR.
1187,PO-2024-1187,1037,12,6,2024-12-17,2024-12-22,45 Days,Door delivery to factory stores,"EV Motor Plant, Accounts Payable, Hosur","EV Motor Plant Central Stores, Hosur",543.33,97.80,950.00,0.00,INR,Issued,Approved,4,2024-12-17,Generated purchase order from approved PR.
1188,PO-2024-1188,1038,13,6,2024-12-15,2025-01-07,60 Days,Door delivery to factory stores,"EV Motor Plant, Accounts Payable, Hosur","EV Motor Plant Central Stores, Hosur",1598.56,287.74,1025.00,0.00,INR,Issued,Approved,5,2024-12-15,Generated purchase order from approved PR.
1189,PO-2024-1189,1039,14,1,2024-12-20,2025-01-10,30 Days,Door delivery to factory stores,"EV Motor Plant, Accounts Payable, Hosur","EV Motor Plant Central Stores, Hosur",1493.19,268.77,1100.00,0.00,INR,Issued,Approved,6,2024-12-20,Generated purchase order from approved PR.
1190,PO-2024-1190,1040,15,2,2024-12-17,2024-12-31,45 Days,Door delivery to factory stores,"EV Motor Plant, Accounts Payable, Hosur","EV Motor Plant Central Stores, Hosur",2498.42,449.72,1175.00,0.00,INR,Issued,Approved,7,2024-12-17,Generated purchase order from approved PR.
1191,PO-2024-1191,1041,16,2,2024-12-20,2024-12-29,60 Days,Door delivery to factory stores,"EV Motor Plant, Accounts Payable, Hosur","EV Motor Plant Central Stores, Hosur",912.00,164.16,1250.00,0.00,INR,Issued,Approved,8,2024-12-20,Generated purchase order from approved PR.
1192,PO-2024-1192,1042,17,1,2024-12-21,2025-01-08,30 Days,Door delivery to factory stores,"EV Motor Plant, Accounts Payable, Hosur","EV Motor Plant Central Stores, Hosur",887045.04,159668.11,1325.00,0.00,INR,Issued,Approved,9,2024-12-21,Generated purchase order from approved PR.
1193,PO-2024-1193,1043,18,3,2024-12-18,2024-12-31,45 Days,Door delivery to factory stores,"EV Motor Plant, Accounts Payable, Hosur","EV Motor Plant Central Stores, Hosur",641558.82,115480.59,1400.00,0.00,INR,Issued,Approved,10,2024-12-18,Generated purchase order from approved PR.
1194,PO-2024-1194,1044,19,3,2024-12-18,2025-01-07,60 Days,Door delivery to factory stores,"EV Motor Plant, Accounts Payable, Hosur","EV Motor Plant Central Stores, Hosur",2554225.25,459760.55,1475.00,0.00,INR,Issued,Approved,11,2024-12-18,Generated purchase order from approved PR.
1195,PO-2024-1195,1045,20,4,2024-12-23,2025-01-15,30 Days,Door delivery to factory stores,"EV Motor Plant, Accounts Payable, Hosur","EV Motor Plant Central Stores, Hosur",732492.33,131848.62,1550.00,0.00,INR,Issued,Approved,12,2024-12-23,Generated purchase order from approved PR.
1196,PO-2024-1196,1046,21,4,2024-12-22,2025-01-02,45 Days,Door delivery to factory stores,"EV Motor Plant, Accounts Payable, Hosur","EV Motor Plant Central Stores, Hosur",608051.20,109449.22,1625.00,0.00,INR,Issued,Approved,13,2024-12-22,Generated purchase order from approved PR.
1197,PO-2024-1197,1047,22,5,2024-12-22,2024-12-31,60 Days,Door delivery to factory stores,"EV Motor Plant, Accounts Payable, Hosur","EV Motor Plant Central Stores, Hosur",2247055.25,404469.95,1700.00,0.00,INR,Issued,Approved,1,2024-12-22,Generated purchase order from approved PR.
1198,PO-2024-1198,1048,23,5,2024-12-23,2025-01-02,30 Days,Door delivery to factory stores,"EV Motor Plant, Accounts Payable, Hosur","EV Motor Plant Central Stores, Hosur",57326.65,10318.80,1775.00,0.00,INR,Issued,Approved,3,2024-12-23,Generated purchase order from approved PR.
1199,PO-2024-1199,1049,24,6,2024-12-19,2024-12-25,45 Days,Door delivery to factory stores,"EV Motor Plant, Accounts Payable, Hosur","EV Motor Plant Central Stores, Hosur",38554.60,6939.83,1850.00,0.00,INR,Issued,Approved,4,2024-12-19,Generated purchase order from approved PR.
1200,PO-2024-1200,1050,25,6,2024-12-18,2024-12-30,60 Days,Door delivery to factory stores,"EV Motor Plant, Accounts Payable, Hosur","EV Motor Plant Central Stores, Hosur",6776.50,1219.77,1925.00,0.00,INR,Issued,Approved,5,2024-12-18,Generated purchase order from approved PR.
1201,PO-2024-1201,1051,26,1,2024-12-21,2024-12-26,30 Days,Door delivery to factory stores,"EV Motor Plant, Accounts Payable, Hosur","EV Motor Plant Central Stores, Hosur",25785.00,4641.30,500.00,0.00,INR,Issued,Approved,6,2024-12-21,Generated purchase order from approved PR.
1202,PO-2024-1202,1052,27,2,2024-12-23,2024-12-30,45 Days,Door delivery to factory stores,"EV Motor Plant, Accounts Payable, Hosur","EV Motor Plant Central Stores, Hosur",181244.49,32624.01,575.00,0.00,INR,Issued,Approved,7,2024-12-23,Generated purchase order from approved PR.
1203,PO-2024-1203,1053,28,2,2024-12-24,2025-01-03,60 Days,Door delivery to factory stores,"EV Motor Plant, Accounts Payable, Hosur","EV Motor Plant Central Stores, Hosur",226177.70,40711.99,650.00,0.00,INR,Issued,Approved,8,2024-12-24,Generated purchase order from approved PR.
1204,PO-2024-1204,1054,29,1,2024-12-21,2024-12-29,30 Days,Door delivery to factory stores,"EV Motor Plant, Accounts Payable, Hosur","EV Motor Plant Central Stores, Hosur",15144.14,2725.95,725.00,0.00,INR,Issued,Approved,9,2024-12-21,Generated purchase order from approved PR.
1205,PO-2024-1205,1055,30,3,2024-12-24,2025-01-11,45 Days,Door delivery to factory stores,"EV Motor Plant, Accounts Payable, Hosur","EV Motor Plant Central Stores, Hosur",26762.60,4817.27,800.00,0.00,INR,Issued,Approved,10,2024-12-24,Generated purchase order from approved PR.
1206,PO-2024-1206,1056,31,3,2024-12-19,2024-12-26,60 Days,Door delivery to factory stores,"EV Motor Plant, Accounts Payable, Hosur","EV Motor Plant Central Stores, Hosur",28344.00,5101.92,875.00,0.00,INR,Issued,Approved,11,2024-12-19,Generated purchase order from approved PR.
1207,PO-2024-1207,1057,32,4,2024-12-23,2025-01-13,30 Days,Door delivery to factory stores,"EV Motor Plant, Accounts Payable, Hosur","EV Motor Plant Central Stores, Hosur",289645.57,52136.20,950.00,0.00,INR,Issued,Approved,12,2024-12-23,Generated purchase order from approved PR.
1208,PO-2024-1208,1058,33,4,2024-12-19,2024-12-28,45 Days,Door delivery to factory stores,"EV Motor Plant, Accounts Payable, Hosur","EV Motor Plant Central Stores, Hosur",618472.77,111325.10,1025.00,0.00,INR,Issued,Approved,13,2024-12-19,Generated purchase order from approved PR.
1209,PO-2024-1209,1059,34,5,2024-12-23,2024-12-30,60 Days,Door delivery to factory stores,"EV Motor Plant, Accounts Payable, Hosur","EV Motor Plant Central Stores, Hosur",136665.10,24599.72,1100.00,0.00,INR,Issued,Approved,1,2024-12-23,Generated purchase order from approved PR.
1210,PO-2024-1210,1060,35,5,2024-12-22,2024-12-27,30 Days,Door delivery to factory stores,"EV Motor Plant, Accounts Payable, Hosur","EV Motor Plant Central Stores, Hosur",86559.60,15580.73,1175.00,0.00,INR,Issued,Approved,3,2024-12-22,Generated purchase order from approved PR.
1211,PO-2024-1211,1061,1,6,2024-12-23,2025-01-10,45 Days,Door delivery to factory stores,"EV Motor Plant, Accounts Payable, Hosur","EV Motor Plant Central Stores, Hosur",39502.00,7110.36,1250.00,0.00,INR,Issued,Approved,4,2024-12-23,Generated purchase order from approved PR.
1212,PO-2024-1212,1062,2,6,2024-12-22,2024-12-31,60 Days,Door delivery to factory stores,"EV Motor Plant, Accounts Payable, Hosur","EV Motor Plant Central Stores, Hosur",1307.32,235.32,1325.00,0.00,INR,Issued,Approved,5,2024-12-22,Generated purchase order from approved PR.
1213,PO-2024-1213,1063,3,1,2024-12-22,2025-01-05,30 Days,Door delivery to factory stores,"EV Motor Plant, Accounts Payable, Hosur","EV Motor Plant Central Stores, Hosur",456825.60,82228.61,1400.00,0.00,INR,Issued,Approved,6,2024-12-22,Generated purchase order from approved PR.
1214,PO-2024-1214,1064,4,2,2024-12-22,2024-12-29,45 Days,Door delivery to factory stores,"EV Motor Plant, Accounts Payable, Hosur","EV Motor Plant Central Stores, Hosur",1355992.00,244078.56,1475.00,0.00,INR,Issued,Approved,7,2024-12-22,Generated purchase order from approved PR.
1215,PO-2024-1215,1065,5,2,2024-12-22,2025-01-14,60 Days,Door delivery to factory stores,"EV Motor Plant, Accounts Payable, Hosur","EV Motor Plant Central Stores, Hosur",695656.80,125218.22,1550.00,0.00,INR,Issued,Approved,8,2024-12-22,Generated purchase order from approved PR.
1216,PO-2024-1216,1066,6,1,2024-12-26,2025-01-02,30 Days,Door delivery to factory stores,"EV Motor Plant, Accounts Payable, Hosur","EV Motor Plant Central Stores, Hosur",249350.00,44883.00,1625.00,0.00,INR,Issued,Approved,9,2024-12-26,Generated purchase order from approved PR.
1217,PO-2024-1217,1067,7,3,2024-12-23,2025-01-04,45 Days,Door delivery to factory stores,"EV Motor Plant, Accounts Payable, Hosur","EV Motor Plant Central Stores, Hosur",754348.60,135782.75,1700.00,0.00,INR,Issued,Approved,10,2024-12-23,Generated purchase order from approved PR.
1218,PO-2024-1218,1068,8,3,2024-12-22,2025-01-12,60 Days,Door delivery to factory stores,"EV Motor Plant, Accounts Payable, Hosur","EV Motor Plant Central Stores, Hosur",810445.20,145880.14,1775.00,0.00,INR,Issued,Approved,11,2024-12-22,Generated purchase order from approved PR.
1219,PO-2024-1219,1069,9,4,2024-12-27,2025-01-05,30 Days,Door delivery to factory stores,"EV Motor Plant, Accounts Payable, Hosur","EV Motor Plant Central Stores, Hosur",51299.05,9233.83,1850.00,0.00,INR,Issued,Approved,12,2024-12-27,Generated purchase order from approved PR.
1220,PO-2024-1220,1070,10,4,2024-12-21,2024-12-31,45 Days,Door delivery to factory stores,"EV Motor Plant, Accounts Payable, Hosur","EV Motor Plant Central Stores, Hosur",78726.20,14170.72,1925.00,0.00,INR,Issued,Approved,13,2024-12-21,Generated purchase order from approved PR.
1221,PO-2024-1221,1071,11,5,2024-12-25,2025-01-14,60 Days,Door delivery to factory stores,"EV Motor Plant, Accounts Payable, Hosur","EV Motor Plant Central Stores, Hosur",63440.00,11419.20,500.00,0.00,INR,Issued,Approved,1,2024-12-25,Generated purchase order from approved PR.
1222,PO-2024-1222,1072,12,5,2024-12-24,2025-01-03,30 Days,Door delivery to factory stores,"EV Motor Plant, Accounts Payable, Hosur","EV Motor Plant Central Stores, Hosur",261423.40,47056.21,575.00,0.00,INR,Issued,Approved,3,2024-12-24,Generated purchase order from approved PR.
1223,PO-2024-1223,1073,13,6,2024-12-23,2024-12-28,45 Days,Door delivery to factory stores,"EV Motor Plant, Accounts Payable, Hosur","EV Motor Plant Central Stores, Hosur",161447.35,29060.52,650.00,0.00,INR,Issued,Approved,4,2024-12-23,Generated purchase order from approved PR.
1224,PO-2024-1224,1074,14,6,2024-12-22,2025-01-04,60 Days,Door delivery to factory stores,"EV Motor Plant, Accounts Payable, Hosur","EV Motor Plant Central Stores, Hosur",353001.00,63540.18,725.00,0.00,INR,Issued,Approved,5,2024-12-22,Generated purchase order from approved PR.
1225,PO-2024-1225,1075,15,1,2024-12-26,2024-12-31,30 Days,Door delivery to factory stores,"EV Motor Plant, Accounts Payable, Hosur","EV Motor Plant Central Stores, Hosur",52205.00,9396.90,800.00,0.00,INR,Issued,Approved,6,2024-12-26,Generated purchase order from approved PR.
1226,PO-2024-1226,1076,16,2,2024-12-24,2025-01-15,45 Days,Door delivery to factory stores,"EV Motor Plant, Accounts Payable, Hosur","EV Motor Plant Central Stores, Hosur",16250.00,2925.00,875.00,0.00,INR,Issued,Approved,7,2024-12-24,Generated purchase order from approved PR.
1227,PO-2024-1227,1077,17,2,2024-12-29,2025-01-15,60 Days,Door delivery to factory stores,"EV Motor Plant, Accounts Payable, Hosur","EV Motor Plant Central Stores, Hosur",74541.60,13417.49,950.00,0.00,INR,Issued,Approved,8,2024-12-29,Generated purchase order from approved PR.
1228,PO-2024-1228,1078,18,1,2024-12-26,2025-01-11,30 Days,Door delivery to factory stores,"EV Motor Plant, Accounts Payable, Hosur","EV Motor Plant Central Stores, Hosur",117028.60,21065.15,1025.00,0.00,INR,Issued,Approved,9,2024-12-26,Generated purchase order from approved PR.
1229,PO-2024-1229,1079,19,3,2024-12-26,2025-01-03,45 Days,Door delivery to factory stores,"EV Motor Plant, Accounts Payable, Hosur","EV Motor Plant Central Stores, Hosur",192012.48,34562.25,1100.00,0.00,INR,Issued,Approved,10,2024-12-26,Generated purchase order from approved PR.
1230,PO-2024-1230,1080,20,3,2024-12-26,2025-01-13,60 Days,Door delivery to factory stores,"EV Motor Plant, Accounts Payable, Hosur","EV Motor Plant Central Stores, Hosur",896569.20,161382.46,1175.00,0.00,INR,Issued,Approved,11,2024-12-26,Generated purchase order from approved PR.
1231,PO-2024-1231,1081,21,4,2024-12-29,2025-01-15,30 Days,Door delivery to factory stores,"EV Motor Plant, Accounts Payable, Hosur","EV Motor Plant Central Stores, Hosur",81930.00,14747.40,1250.00,0.00,INR,Issued,Approved,12,2024-12-29,Generated purchase order from approved PR.
1232,PO-2024-1232,1082,22,4,2024-12-29,2025-01-04,45 Days,Door delivery to factory stores,"EV Motor Plant, Accounts Payable, Hosur","EV Motor Plant Central Stores, Hosur",53998.00,9719.64,1325.00,0.00,INR,Issued,Approved,13,2024-12-29,Generated purchase order from approved PR.
1233,PO-2024-1233,1083,23,5,2024-12-29,2025-01-19,60 Days,Door delivery to factory stores,"EV Motor Plant, Accounts Payable, Hosur","EV Motor Plant Central Stores, Hosur",171948.20,30950.68,1400.00,0.00,INR,Issued,Approved,1,2024-12-29,Generated purchase order from approved PR.
1234,PO-2024-1234,1084,24,5,2024-12-29,2025-01-14,30 Days,Door delivery to factory stores,"EV Motor Plant, Accounts Payable, Hosur","EV Motor Plant Central Stores, Hosur",24046.38,4328.35,1475.00,0.00,INR,Issued,Approved,3,2024-12-29,Generated purchase order from approved PR.
1235,PO-2024-1235,1085,25,6,2024-12-26,2025-01-15,45 Days,Door delivery to factory stores,"EV Motor Plant, Accounts Payable, Hosur","EV Motor Plant Central Stores, Hosur",56943.20,10249.78,1550.00,0.00,INR,Issued,Approved,4,2024-12-26,Generated purchase order from approved PR.
1236,PO-2024-1236,1086,26,6,2024-12-28,2025-01-06,60 Days,Door delivery to factory stores,"EV Motor Plant, Accounts Payable, Hosur","EV Motor Plant Central Stores, Hosur",27880.00,5018.40,1625.00,0.00,INR,Issued,Approved,5,2024-12-28,Generated purchase order from approved PR.
1237,PO-2024-1237,1087,27,1,2024-12-29,2025-01-05,30 Days,Door delivery to factory stores,"EV Motor Plant, Accounts Payable, Hosur","EV Motor Plant Central Stores, Hosur",47705.00,8586.90,1700.00,0.00,INR,Issued,Approved,6,2024-12-29,Generated purchase order from approved PR.
1238,PO-2025-1238,1088,28,2,2025-01-02,2025-01-20,45 Days,Door delivery to factory stores,"EV Motor Plant, Accounts Payable, Hosur","EV Motor Plant Central Stores, Hosur",6257.25,1126.31,1775.00,0.00,INR,Issued,Approved,7,2025-01-02,Generated purchase order from approved PR.
1239,PO-2024-1239,1089,29,2,2024-12-29,2025-01-18,60 Days,Door delivery to factory stores,"EV Motor Plant, Accounts Payable, Hosur","EV Motor Plant Central Stores, Hosur",71112.95,12800.33,1850.00,0.00,INR,Issued,Approved,8,2024-12-29,Generated purchase order from approved PR.
1240,PO-2024-1240,1090,30,1,2024-12-27,2025-01-08,30 Days,Door delivery to factory stores,"EV Motor Plant, Accounts Payable, Hosur","EV Motor Plant Central Stores, Hosur",4711.70,848.11,1925.00,0.00,INR,Issued,Approved,9,2024-12-27,Generated purchase order from approved PR.
1241,PO-2024-1241,1091,31,3,2024-12-31,2025-01-05,45 Days,Door delivery to factory stores,"EV Motor Plant, Accounts Payable, Hosur","EV Motor Plant Central Stores, Hosur",48450.00,8721.00,500.00,0.00,INR,Issued,Approved,10,2024-12-31,Generated purchase order from approved PR.
1242,PO-2024-1242,1092,32,3,2024-12-31,2025-01-20,60 Days,Door delivery to factory stores,"EV Motor Plant, Accounts Payable, Hosur","EV Motor Plant Central Stores, Hosur",15184.40,2733.19,575.00,0.00,INR,Issued,Approved,11,2024-12-31,Generated purchase order from approved PR.
1243,PO-2025-1243,1093,33,4,2025-01-01,2025-01-09,30 Days,Door delivery to factory stores,"EV Motor Plant, Accounts Payable, Hosur","EV Motor Plant Central Stores, Hosur",104738.64,18852.96,650.00,0.00,INR,Issued,Approved,12,2025-01-01,Generated purchase order from approved PR.
1244,PO-2025-1244,1094,34,4,2025-01-02,2025-01-13,45 Days,Door delivery to factory stores,"EV Motor Plant, Accounts Payable, Hosur","EV Motor Plant Central Stores, Hosur",8871.68,1596.90,725.00,0.00,INR,Issued,Approved,13,2025-01-02,Generated purchase order from approved PR.
1245,PO-2025-1245,1095,35,5,2025-01-03,2025-01-19,60 Days,Door delivery to factory stores,"EV Motor Plant, Accounts Payable, Hosur","EV Motor Plant Central Stores, Hosur",20145.30,3626.15,800.00,0.00,INR,Issued,Approved,1,2025-01-03,Generated purchase order from approved PR.
1246,PO-2024-1246,1096,1,5,2024-12-29,2025-01-04,30 Days,Door delivery to factory stores,"EV Motor Plant, Accounts Payable, Hosur","EV Motor Plant Central Stores, Hosur",48832.00,8789.76,875.00,0.00,INR,Issued,Approved,3,2024-12-29,Generated purchase order from approved PR.
1247,PO-2024-1247,1097,2,6,2024-12-29,2025-01-04,45 Days,Door delivery to factory stores,"EV Motor Plant, Accounts Payable, Hosur","EV Motor Plant Central Stores, Hosur",9713.55,1748.44,950.00,0.00,INR,Issued,Approved,4,2024-12-29,Generated purchase order from approved PR.
1248,PO-2024-1248,1098,3,6,2024-12-31,2025-01-05,60 Days,Door delivery to factory stores,"EV Motor Plant, Accounts Payable, Hosur","EV Motor Plant Central Stores, Hosur",42913.92,7724.51,1025.00,0.00,INR,Issued,Approved,5,2024-12-31,Generated purchase order from approved PR.
1249,PO-2025-1249,1099,4,1,2025-01-04,2025-01-26,30 Days,Door delivery to factory stores,"EV Motor Plant, Accounts Payable, Hosur","EV Motor Plant Central Stores, Hosur",101824.80,18328.46,1100.00,0.00,INR,Issued,Approved,6,2025-01-04,Generated purchase order from approved PR.
1250,PO-2024-1250,1100,5,2,2024-12-31,2025-01-10,45 Days,Door delivery to factory stores,"EV Motor Plant, Accounts Payable, Hosur","EV Motor Plant Central Stores, Hosur",1217.94,219.23,1175.00,0.00,INR,Issued,Approved,7,2024-12-31,Generated purchase order from approved PR.
1251,PO-2025-1251,1101,6,2,2025-01-04,2025-01-21,60 Days,Door delivery to factory stores,"EV Motor Plant, Accounts Payable, Hosur","EV Motor Plant Central Stores, Hosur",12483.00,2246.94,1250.00,0.00,INR,Issued,Approved,8,2025-01-04,Generated purchase order from approved PR.
1252,PO-2025-1252,1102,7,1,2025-01-04,2025-01-27,30 Days,Door delivery to factory stores,"EV Motor Plant, Accounts Payable, Hosur","EV Motor Plant Central Stores, Hosur",17292.66,3112.68,1325.00,0.00,INR,Issued,Approved,9,2025-01-04,Generated purchase order from approved PR.
1253,PO-2025-1253,1103,8,3,2025-01-04,2025-01-21,45 Days,Door delivery to factory stores,"EV Motor Plant, Accounts Payable, Hosur","EV Motor Plant Central Stores, Hosur",116863.80,21035.48,1400.00,0.00,INR,Issued,Approved,10,2025-01-04,Generated purchase order from approved PR.
1254,PO-2025-1254,1104,9,3,2025-01-03,2025-01-17,60 Days,Door delivery to factory stores,"EV Motor Plant, Accounts Payable, Hosur","EV Motor Plant Central Stores, Hosur",452115.10,81380.72,1475.00,0.00,INR,Issued,Approved,11,2025-01-03,Generated purchase order from approved PR.
1255,PO-2025-1255,1105,10,4,2025-01-03,2025-01-17,30 Days,Door delivery to factory stores,"EV Motor Plant, Accounts Payable, Hosur","EV Motor Plant Central Stores, Hosur",1420.40,255.67,1550.00,0.00,INR,Issued,Approved,12,2025-01-03,Generated purchase order from approved PR.
1256,PO-2025-1256,1106,11,4,2025-01-07,2025-01-19,45 Days,Door delivery to factory stores,"EV Motor Plant, Accounts Payable, Hosur","EV Motor Plant Central Stores, Hosur",25816.00,4646.88,1625.00,0.00,INR,Issued,Approved,13,2025-01-07,Generated purchase order from approved PR.
1257,PO-2025-1257,1107,12,5,2025-01-01,2025-01-17,60 Days,Door delivery to factory stores,"EV Motor Plant, Accounts Payable, Hosur","EV Motor Plant Central Stores, Hosur",19150.92,3447.17,1700.00,0.00,INR,Issued,Approved,1,2025-01-01,Generated purchase order from approved PR.
1258,PO-2025-1258,1108,13,5,2025-01-06,2025-01-29,30 Days,Door delivery to factory stores,"EV Motor Plant, Accounts Payable, Hosur","EV Motor Plant Central Stores, Hosur",95696.04,17225.29,1775.00,0.00,INR,Issued,Approved,3,2025-01-06,Generated purchase order from approved PR.
1259,PO-2025-1259,1109,14,6,2025-01-04,2025-01-23,45 Days,Door delivery to factory stores,"EV Motor Plant, Accounts Payable, Hosur","EV Motor Plant Central Stores, Hosur",32904.96,5922.89,1850.00,0.00,INR,Issued,Approved,4,2025-01-04,Generated purchase order from approved PR.
1260,PO-2025-1260,1110,15,6,2025-01-02,2025-01-15,60 Days,Door delivery to factory stores,"EV Motor Plant, Accounts Payable, Hosur","EV Motor Plant Central Stores, Hosur",75632.95,13613.93,1925.00,0.00,INR,Issued,Approved,5,2025-01-02,Generated purchase order from approved PR.
1261,PO-2025-1261,1111,16,1,2025-01-03,2025-01-14,30 Days,Door delivery to factory stores,"EV Motor Plant, Accounts Payable, Hosur","EV Motor Plant Central Stores, Hosur",1487.40,267.73,500.00,0.00,INR,Issued,Approved,6,2025-01-03,Generated purchase order from approved PR.
1262,PO-2025-1262,1112,17,2,2025-01-07,2025-01-28,45 Days,Door delivery to factory stores,"EV Motor Plant, Accounts Payable, Hosur","EV Motor Plant Central Stores, Hosur",6847.36,1232.52,575.00,0.00,INR,Issued,Approved,7,2025-01-07,Generated purchase order from approved PR.
1263,PO-2025-1263,1113,18,2,2025-01-04,2025-01-11,60 Days,Door delivery to factory stores,"EV Motor Plant, Accounts Payable, Hosur","EV Motor Plant Central Stores, Hosur",13915.94,2504.87,650.00,0.00,INR,Issued,Approved,8,2025-01-04,Generated purchase order from approved PR.
1264,PO-2025-1264,1114,19,1,2025-01-08,2025-01-29,30 Days,Door delivery to factory stores,"EV Motor Plant, Accounts Payable, Hosur","EV Motor Plant Central Stores, Hosur",413.63,74.45,725.00,0.00,INR,Issued,Approved,9,2025-01-08,Generated purchase order from approved PR.
1265,PO-2025-1265,1115,20,3,2025-01-10,2025-01-19,45 Days,Door delivery to factory stores,"EV Motor Plant, Accounts Payable, Hosur","EV Motor Plant Central Stores, Hosur",1444.25,259.97,800.00,0.00,INR,Issued,Approved,10,2025-01-10,Generated purchase order from approved PR.
1266,PO-2025-1266,1116,21,3,2025-01-09,2025-01-27,60 Days,Door delivery to factory stores,"EV Motor Plant, Accounts Payable, Hosur","EV Motor Plant Central Stores, Hosur",1368.00,246.24,875.00,0.00,INR,Issued,Approved,11,2025-01-09,Generated purchase order from approved PR.
1267,PO-2025-1267,1117,22,4,2025-01-09,2025-01-29,30 Days,Door delivery to factory stores,"EV Motor Plant, Accounts Payable, Hosur","EV Motor Plant Central Stores, Hosur",1256.86,226.23,950.00,0.00,INR,Issued,Approved,12,2025-01-09,Generated purchase order from approved PR.
1268,PO-2025-1268,1118,23,4,2025-01-11,2025-01-25,45 Days,Door delivery to factory stores,"EV Motor Plant, Accounts Payable, Hosur","EV Motor Plant Central Stores, Hosur",2317.50,417.15,1025.00,0.00,INR,Issued,Approved,13,2025-01-11,Generated purchase order from approved PR.
1269,PO-2025-1269,1119,24,5,2025-01-05,2025-01-13,60 Days,Door delivery to factory stores,"EV Motor Plant, Accounts Payable, Hosur","EV Motor Plant Central Stores, Hosur",3870.68,696.72,1100.00,0.00,INR,Issued,Approved,1,2025-01-05,Generated purchase order from approved PR.
1270,PO-2025-1270,1120,25,5,2025-01-11,2025-02-01,30 Days,Door delivery to factory stores,"EV Motor Plant, Accounts Payable, Hosur","EV Motor Plant Central Stores, Hosur",2319.28,417.47,1175.00,0.00,INR,Issued,Approved,3,2025-01-11,Generated purchase order from approved PR.
1271,PO-2025-1271,1121,26,6,2025-01-05,2025-01-16,45 Days,Door delivery to factory stores,"EV Motor Plant, Accounts Payable, Hosur","EV Motor Plant Central Stores, Hosur",18658.40,3358.51,1250.00,0.00,INR,Issued,Approved,4,2025-01-05,Generated purchase order from approved PR.
1272,PO-2025-1272,1122,27,6,2025-01-06,2025-01-17,60 Days,Door delivery to factory stores,"EV Motor Plant, Accounts Payable, Hosur","EV Motor Plant Central Stores, Hosur",18419.05,3315.43,1325.00,0.00,INR,Issued,Approved,5,2025-01-06,Generated purchase order from approved PR.
1273,PO-2025-1273,1123,28,1,2025-01-10,2025-01-24,30 Days,Door delivery to factory stores,"EV Motor Plant, Accounts Payable, Hosur","EV Motor Plant Central Stores, Hosur",68093.05,12256.75,1400.00,0.00,INR,Issued,Approved,6,2025-01-10,Generated purchase order from approved PR.
1274,PO-2025-1274,1124,29,2,2025-01-09,2025-01-22,45 Days,Door delivery to factory stores,"EV Motor Plant, Accounts Payable, Hosur","EV Motor Plant Central Stores, Hosur",22537.31,4056.72,1475.00,0.00,INR,Issued,Approved,7,2025-01-09,Generated purchase order from approved PR.
1275,PO-2025-1275,1125,30,2,2025-01-10,2025-01-27,60 Days,Door delivery to factory stores,"EV Motor Plant, Accounts Payable, Hosur","EV Motor Plant Central Stores, Hosur",16582.65,2984.88,1550.00,0.00,INR,Issued,Approved,8,2025-01-10,Generated purchase order from approved PR.
1276,PO-2025-1276,1126,31,1,2025-01-07,2025-01-14,30 Days,Door delivery to factory stores,"EV Motor Plant, Accounts Payable, Hosur","EV Motor Plant Central Stores, Hosur",50214.80,9038.66,1625.00,0.00,INR,Issued,Approved,9,2025-01-07,Generated purchase order from approved PR.
1277,PO-2025-1277,1127,32,3,2025-01-10,2025-01-23,45 Days,Door delivery to factory stores,"EV Motor Plant, Accounts Payable, Hosur","EV Motor Plant Central Stores, Hosur",34855.58,6274.00,1700.00,0.00,INR,Issued,Approved,10,2025-01-10,Generated purchase order from approved PR.
1278,PO-2025-1278,1128,33,3,2025-01-14,2025-02-04,60 Days,Door delivery to factory stores,"EV Motor Plant, Accounts Payable, Hosur","EV Motor Plant Central Stores, Hosur",8181.16,1472.61,1775.00,0.00,INR,Issued,Approved,11,2025-01-14,Generated purchase order from approved PR.
1279,PO-2025-1279,1129,34,4,2025-01-12,2025-01-17,30 Days,Door delivery to factory stores,"EV Motor Plant, Accounts Payable, Hosur","EV Motor Plant Central Stores, Hosur",10928.98,1967.22,1850.00,0.00,INR,Issued,Approved,12,2025-01-12,Generated purchase order from approved PR.
1280,PO-2025-1280,1130,35,4,2025-01-08,2025-01-21,45 Days,Door delivery to factory stores,"EV Motor Plant, Accounts Payable, Hosur","EV Motor Plant Central Stores, Hosur",4000.44,720.08,1925.00,0.00,INR,Issued,Approved,13,2025-01-08,Generated purchase order from approved PR.
1281,PO-2025-1281,1131,1,5,2025-01-12,2025-01-29,60 Days,Door delivery to factory stores,"EV Motor Plant, Accounts Payable, Hosur","EV Motor Plant Central Stores, Hosur",786.00,141.48,500.00,0.00,INR,Issued,Approved,1,2025-01-12,Generated purchase order from approved PR.
1282,PO-2025-1282,1132,2,5,2025-01-08,2025-01-29,30 Days,Door delivery to factory stores,"EV Motor Plant, Accounts Payable, Hosur","EV Motor Plant Central Stores, Hosur",720.14,129.63,575.00,0.00,INR,Issued,Approved,3,2025-01-08,Generated purchase order from approved PR.
1283,PO-2025-1283,1133,3,6,2025-01-11,2025-01-27,45 Days,Door delivery to factory stores,"EV Motor Plant, Accounts Payable, Hosur","EV Motor Plant Central Stores, Hosur",1183.48,213.03,650.00,0.00,INR,Issued,Approved,4,2025-01-11,Generated purchase order from approved PR.
1284,PO-2025-1284,1134,4,6,2025-01-08,2025-01-28,60 Days,Door delivery to factory stores,"EV Motor Plant, Accounts Payable, Hosur","EV Motor Plant Central Stores, Hosur",932.22,167.80,725.00,0.00,INR,Issued,Approved,5,2025-01-08,Generated purchase order from approved PR.
1285,PO-2025-1285,1135,5,1,2025-01-11,2025-01-20,30 Days,Door delivery to factory stores,"EV Motor Plant, Accounts Payable, Hosur","EV Motor Plant Central Stores, Hosur",3674.90,661.48,800.00,0.00,INR,Issued,Approved,6,2025-01-11,Generated purchase order from approved PR.
1286,PO-2025-1286,1136,6,2,2025-01-11,2025-01-22,45 Days,Door delivery to factory stores,"EV Motor Plant, Accounts Payable, Hosur","EV Motor Plant Central Stores, Hosur",861.50,155.07,875.00,0.00,INR,Issued,Approved,7,2025-01-11,Generated purchase order from approved PR.
1287,PO-2025-1287,1137,7,2,2025-01-09,2025-01-31,60 Days,Door delivery to factory stores,"EV Motor Plant, Accounts Payable, Hosur","EV Motor Plant Central Stores, Hosur",1729.56,311.32,950.00,0.00,INR,Issued,Approved,8,2025-01-09,Generated purchase order from approved PR.
1288,PO-2025-1288,1138,8,1,2025-01-14,2025-02-04,30 Days,Door delivery to factory stores,"EV Motor Plant, Accounts Payable, Hosur","EV Motor Plant Central Stores, Hosur",948.63,170.75,1025.00,0.00,INR,Issued,Approved,9,2025-01-14,Generated purchase order from approved PR.
1289,PO-2025-1289,1139,9,3,2025-01-11,2025-01-26,45 Days,Door delivery to factory stores,"EV Motor Plant, Accounts Payable, Hosur","EV Motor Plant Central Stores, Hosur",5908.80,1063.58,1100.00,0.00,INR,Issued,Approved,10,2025-01-11,Generated purchase order from approved PR.
1290,PO-2025-1290,1140,10,3,2025-01-12,2025-01-26,60 Days,Door delivery to factory stores,"EV Motor Plant, Accounts Payable, Hosur","EV Motor Plant Central Stores, Hosur",2073.36,373.20,1175.00,0.00,INR,Issued,Approved,11,2025-01-12,Generated purchase order from approved PR.
1291,PO-2025-1291,1141,11,4,2025-01-13,2025-01-26,30 Days,Door delivery to factory stores,"EV Motor Plant, Accounts Payable, Hosur","EV Motor Plant Central Stores, Hosur",455564.00,82001.52,1250.00,0.00,INR,Issued,Approved,12,2025-01-13,Generated purchase order from approved PR.
1292,PO-2025-1292,1142,12,4,2025-01-16,2025-01-22,45 Days,Door delivery to factory stores,"EV Motor Plant, Accounts Payable, Hosur","EV Motor Plant Central Stores, Hosur",1056838.28,190230.89,1325.00,0.00,INR,Issued,Approved,13,2025-01-16,Generated purchase order from approved PR.
1293,PO-2025-1293,1143,13,5,2025-01-12,2025-02-02,60 Days,Door delivery to factory stores,"EV Motor Plant, Accounts Payable, Hosur","EV Motor Plant Central Stores, Hosur",2711857.68,488134.38,1400.00,0.00,INR,Issued,Approved,1,2025-01-12,Generated purchase order from approved PR.
1294,PO-2025-1294,1144,14,5,2025-01-17,2025-02-06,30 Days,Door delivery to factory stores,"EV Motor Plant, Accounts Payable, Hosur","EV Motor Plant Central Stores, Hosur",578744.79,104174.06,1475.00,0.00,INR,Issued,Approved,3,2025-01-17,Generated purchase order from approved PR.
1295,PO-2025-1295,1145,15,6,2025-01-13,2025-01-26,45 Days,Door delivery to factory stores,"EV Motor Plant, Accounts Payable, Hosur","EV Motor Plant Central Stores, Hosur",271518.88,48873.40,1550.00,0.00,INR,Issued,Approved,4,2025-01-13,Generated purchase order from approved PR.
1296,PO-2025-1296,1146,16,6,2025-01-12,2025-01-22,60 Days,Door delivery to factory stores,"EV Motor Plant, Accounts Payable, Hosur","EV Motor Plant Central Stores, Hosur",1576354.50,283743.81,1625.00,0.00,INR,Issued,Approved,5,2025-01-12,Generated purchase order from approved PR.
1297,PO-2025-1297,1147,17,1,2025-01-17,2025-01-28,30 Days,Door delivery to factory stores,"EV Motor Plant, Accounts Payable, Hosur","EV Motor Plant Central Stores, Hosur",43278.78,7790.18,1700.00,0.00,INR,Issued,Approved,6,2025-01-17,Generated purchase order from approved PR.
1298,PO-2025-1298,1148,18,2,2025-01-15,2025-01-22,45 Days,Door delivery to factory stores,"EV Motor Plant, Accounts Payable, Hosur","EV Motor Plant Central Stores, Hosur",65503.24,11790.58,1775.00,0.00,INR,Issued,Approved,7,2025-01-15,Generated purchase order from approved PR.
1299,PO-2025-1299,1149,19,2,2025-01-16,2025-02-03,60 Days,Door delivery to factory stores,"EV Motor Plant, Accounts Payable, Hosur","EV Motor Plant Central Stores, Hosur",56330.16,10139.43,1850.00,0.00,INR,Issued,Approved,8,2025-01-16,Generated purchase order from approved PR.
1300,PO-2025-1300,1150,20,1,2025-01-17,2025-02-01,30 Days,Door delivery to factory stores,"EV Motor Plant, Accounts Payable, Hosur","EV Motor Plant Central Stores, Hosur",48463.20,8723.38,1925.00,0.00,INR,Issued,Approved,9,2025-01-17,Generated purchase order from approved PR.
1301,PO-2025-1301,1151,21,3,2025-01-19,2025-01-28,45 Days,Door delivery to factory stores,"EV Motor Plant, Accounts Payable, Hosur","EV Motor Plant Central Stores, Hosur",170832.00,30749.76,500.00,0.00,INR,Issued,Approved,10,2025-01-19,Generated purchase order from approved PR.
1302,PO-2025-1302,1152,22,3,2025-01-17,2025-02-02,60 Days,Door delivery to factory stores,"EV Motor Plant, Accounts Payable, Hosur","EV Motor Plant Central Stores, Hosur",23984.45,4317.20,575.00,0.00,INR,Issued,Approved,11,2025-01-17,Generated purchase order from approved PR.
1303,PO-2025-1303,1153,23,4,2025-01-18,2025-02-10,30 Days,Door delivery to factory stores,"EV Motor Plant, Accounts Payable, Hosur","EV Motor Plant Central Stores, Hosur",22855.70,4114.03,650.00,0.00,INR,Issued,Approved,12,2025-01-18,Generated purchase order from approved PR.
1304,PO-2025-1304,1154,24,4,2025-01-15,2025-01-22,45 Days,Door delivery to factory stores,"EV Motor Plant, Accounts Payable, Hosur","EV Motor Plant Central Stores, Hosur",7870.45,1416.68,725.00,0.00,INR,Issued,Approved,13,2025-01-15,Generated purchase order from approved PR.
1305,PO-2025-1305,1155,25,5,2025-01-19,2025-02-01,60 Days,Door delivery to factory stores,"EV Motor Plant, Accounts Payable, Hosur","EV Motor Plant Central Stores, Hosur",100551.60,18099.29,800.00,0.00,INR,Issued,Approved,1,2025-01-19,Generated purchase order from approved PR.
1306,PO-2025-1306,1156,26,5,2025-01-24,2025-02-07,30 Days,Door delivery to factory stores,"EV Motor Plant, Accounts Payable, Hosur","EV Motor Plant Central Stores, Hosur",19075.00,3433.50,875.00,0.00,INR,Issued,Approved,3,2025-01-24,Generated purchase order from approved PR.
1307,PO-2025-1307,1157,27,6,2025-01-21,2025-01-29,45 Days,Door delivery to factory stores,"EV Motor Plant, Accounts Payable, Hosur","EV Motor Plant Central Stores, Hosur",24939.50,4489.11,950.00,0.00,INR,Issued,Approved,4,2025-01-21,Generated purchase order from approved PR.
1308,PO-2025-1308,1158,28,6,2025-01-23,2025-02-07,60 Days,Door delivery to factory stores,"EV Motor Plant, Accounts Payable, Hosur","EV Motor Plant Central Stores, Hosur",455556.64,82000.20,1025.00,0.00,INR,Issued,Approved,5,2025-01-23,Generated purchase order from approved PR.
1309,PO-2025-1309,1159,29,1,2025-01-25,2025-02-10,30 Days,Door delivery to factory stores,"EV Motor Plant, Accounts Payable, Hosur","EV Motor Plant Central Stores, Hosur",25798.96,4643.81,1100.00,0.00,INR,Issued,Approved,6,2025-01-25,Generated purchase order from approved PR.
1310,PO-2025-1310,1160,30,2,2025-01-24,2025-01-31,45 Days,Door delivery to factory stores,"EV Motor Plant, Accounts Payable, Hosur","EV Motor Plant Central Stores, Hosur",61509.68,11071.74,1175.00,0.00,INR,Issued,Approved,7,2025-01-24,Generated purchase order from approved PR.
1311,PO-2025-1311,1161,31,2,2025-01-22,2025-01-29,60 Days,Door delivery to factory stores,"EV Motor Plant, Accounts Payable, Hosur","EV Motor Plant Central Stores, Hosur",5240.00,943.20,1250.00,0.00,INR,Issued,Approved,8,2025-01-22,Generated purchase order from approved PR.
1312,PO-2025-1312,1162,32,1,2025-01-26,2025-02-16,30 Days,Door delivery to factory stores,"EV Motor Plant, Accounts Payable, Hosur","EV Motor Plant Central Stores, Hosur",356508.60,64171.55,1325.00,0.00,INR,Issued,Approved,9,2025-01-26,Generated purchase order from approved PR.
1313,PO-2025-1313,1163,33,3,2025-01-28,2025-02-07,45 Days,Door delivery to factory stores,"EV Motor Plant, Accounts Payable, Hosur","EV Motor Plant Central Stores, Hosur",999388.40,179889.91,1400.00,0.00,INR,Issued,Approved,10,2025-01-28,Generated purchase order from approved PR.
1314,PO-2025-1314,1164,34,3,2025-01-22,2025-02-07,60 Days,Door delivery to factory stores,"EV Motor Plant, Accounts Payable, Hosur","EV Motor Plant Central Stores, Hosur",3246355.20,584343.94,1475.00,0.00,INR,Issued,Approved,11,2025-01-22,Generated purchase order from approved PR.
1315,PO-2025-1315,1165,35,4,2025-01-23,2025-02-08,30 Days,Door delivery to factory stores,"EV Motor Plant, Accounts Payable, Hosur","EV Motor Plant Central Stores, Hosur",657518.00,118353.24,1550.00,0.00,INR,Issued,Approved,12,2025-01-23,Generated purchase order from approved PR.
1316,PO-2025-1316,1166,1,4,2025-01-25,2025-02-14,45 Days,Door delivery to factory stores,"EV Motor Plant, Accounts Payable, Hosur","EV Motor Plant Central Stores, Hosur",1020445.00,183680.10,1625.00,0.00,INR,Issued,Approved,13,2025-01-25,Generated purchase order from approved PR.
1317,PO-2025-1317,1167,2,5,2025-01-27,2025-02-15,60 Days,Door delivery to factory stores,"EV Motor Plant, Accounts Payable, Hosur","EV Motor Plant Central Stores, Hosur",762707.24,137287.30,1700.00,0.00,INR,Issued,Approved,1,2025-01-27,Generated purchase order from approved PR.
1318,PO-2025-1318,1168,3,5,2025-01-25,2025-02-14,30 Days,Door delivery to factory stores,"EV Motor Plant, Accounts Payable, Hosur","EV Motor Plant Central Stores, Hosur",46813.50,8426.43,1775.00,0.00,INR,Issued,Approved,3,2025-01-25,Generated purchase order from approved PR.
1319,PO-2025-1319,1169,4,6,2025-01-27,2025-02-12,45 Days,Door delivery to factory stores,"EV Motor Plant, Accounts Payable, Hosur","EV Motor Plant Central Stores, Hosur",63776.35,11479.74,1850.00,0.00,INR,Issued,Approved,4,2025-01-27,Generated purchase order from approved PR.
1320,PO-2025-1320,1170,5,6,2025-01-26,2025-02-08,60 Days,Door delivery to factory stores,"EV Motor Plant, Accounts Payable, Hosur","EV Motor Plant Central Stores, Hosur",220140.80,39625.34,1925.00,0.00,INR,Issued,Approved,5,2025-01-26,Generated purchase order from approved PR.
1321,PO-2025-1321,1171,6,1,2025-01-29,2025-02-10,30 Days,Door delivery to factory stores,"EV Motor Plant, Accounts Payable, Hosur","EV Motor Plant Central Stores, Hosur",267180.00,48092.40,500.00,0.00,INR,Issued,Approved,6,2025-01-29,Generated purchase order from approved PR.
1322,PO-2025-1322,1172,7,2,2025-01-24,2025-02-05,45 Days,Door delivery to factory stores,"EV Motor Plant, Accounts Payable, Hosur","EV Motor Plant Central Stores, Hosur",172063.66,30971.46,575.00,0.00,INR,Issued,Approved,7,2025-01-24,Generated purchase order from approved PR.
1323,PO-2025-1323,1173,8,2,2025-01-26,2025-02-07,60 Days,Door delivery to factory stores,"EV Motor Plant, Accounts Payable, Hosur","EV Motor Plant Central Stores, Hosur",89919.00,16185.42,650.00,0.00,INR,Issued,Approved,8,2025-01-26,Generated purchase order from approved PR.
1324,PO-2025-1324,1174,9,1,2025-01-24,2025-01-31,30 Days,Door delivery to factory stores,"EV Motor Plant, Accounts Payable, Hosur","EV Motor Plant Central Stores, Hosur",43033.10,7745.96,725.00,0.00,INR,Issued,Approved,9,2025-01-24,Generated purchase order from approved PR.
1325,PO-2025-1325,1175,10,3,2025-01-27,2025-02-09,45 Days,Door delivery to factory stores,"EV Motor Plant, Accounts Payable, Hosur","EV Motor Plant Central Stores, Hosur",48611.60,8750.09,800.00,0.00,INR,Issued,Approved,10,2025-01-27,Generated purchase order from approved PR.
1326,PO-2025-1326,1176,11,3,2025-01-25,2025-02-06,60 Days,Door delivery to factory stores,"EV Motor Plant, Accounts Payable, Hosur","EV Motor Plant Central Stores, Hosur",79380.00,14288.40,875.00,0.00,INR,Issued,Approved,11,2025-01-25,Generated purchase order from approved PR.
1327,PO-2025-1327,1177,12,4,2025-01-27,2025-02-01,30 Days,Door delivery to factory stores,"EV Motor Plant, Accounts Payable, Hosur","EV Motor Plant Central Stores, Hosur",92507.10,16651.28,950.00,0.00,INR,Issued,Approved,12,2025-01-27,Generated purchase order from approved PR.
1328,PO-2025-1328,1178,13,4,2025-01-26,2025-02-05,45 Days,Door delivery to factory stores,"EV Motor Plant, Accounts Payable, Hosur","EV Motor Plant Central Stores, Hosur",93936.00,16908.48,1025.00,0.00,INR,Issued,Approved,13,2025-01-26,Generated purchase order from approved PR.
1329,PO-2025-1329,1179,14,5,2025-01-27,2025-02-15,60 Days,Door delivery to factory stores,"EV Motor Plant, Accounts Payable, Hosur","EV Motor Plant Central Stores, Hosur",1646.05,296.29,1100.00,0.00,INR,Issued,Approved,1,2025-01-27,Generated purchase order from approved PR.
1330,PO-2025-1330,1180,15,5,2025-01-26,2025-02-10,30 Days,Door delivery to factory stores,"EV Motor Plant, Accounts Payable, Hosur","EV Motor Plant Central Stores, Hosur",82521.00,14853.78,1175.00,0.00,INR,Issued,Approved,3,2025-01-26,Generated purchase order from approved PR.
1331,PO-2025-1331,1181,16,6,2025-01-30,2025-02-19,45 Days,Door delivery to factory stores,"EV Motor Plant, Accounts Payable, Hosur","EV Motor Plant Central Stores, Hosur",243600.00,43848.00,1250.00,0.00,INR,Issued,Approved,4,2025-01-30,Generated purchase order from approved PR.
1332,PO-2025-1332,1182,17,6,2025-01-29,2025-02-13,60 Days,Door delivery to factory stores,"EV Motor Plant, Accounts Payable, Hosur","EV Motor Plant Central Stores, Hosur",7612.50,1370.25,1325.00,0.00,INR,Issued,Approved,5,2025-01-29,Generated purchase order from approved PR.
1333,PO-2025-1333,1183,18,1,2025-02-01,2025-02-22,30 Days,Door delivery to factory stores,"EV Motor Plant, Accounts Payable, Hosur","EV Motor Plant Central Stores, Hosur",13044.95,2348.09,1400.00,0.00,INR,Issued,Approved,6,2025-02-01,Generated purchase order from approved PR.
1334,PO-2025-1334,1184,19,2,2025-01-28,2025-02-17,45 Days,Door delivery to factory stores,"EV Motor Plant, Accounts Payable, Hosur","EV Motor Plant Central Stores, Hosur",752.40,135.43,1475.00,0.00,INR,Issued,Approved,7,2025-01-28,Generated purchase order from approved PR.
1335,PO-2025-1335,1185,20,2,2025-01-31,2025-02-06,60 Days,Door delivery to factory stores,"EV Motor Plant, Accounts Payable, Hosur","EV Motor Plant Central Stores, Hosur",31535.00,5676.30,1550.00,0.00,INR,Issued,Approved,8,2025-01-31,Generated purchase order from approved PR.
1336,PO-2025-1336,1186,21,1,2025-02-01,2025-02-24,30 Days,Door delivery to factory stores,"EV Motor Plant, Accounts Payable, Hosur","EV Motor Plant Central Stores, Hosur",20150.00,3627.00,1625.00,0.00,INR,Issued,Approved,9,2025-02-01,Generated purchase order from approved PR.
1337,PO-2025-1337,1187,22,3,2025-01-28,2025-02-02,45 Days,Door delivery to factory stores,"EV Motor Plant, Accounts Payable, Hosur","EV Motor Plant Central Stores, Hosur",15986.25,2877.53,1700.00,0.00,INR,Issued,Approved,10,2025-01-28,Generated purchase order from approved PR.
1338,PO-2025-1338,1188,23,3,2025-02-03,2025-02-19,60 Days,Door delivery to factory stores,"EV Motor Plant, Accounts Payable, Hosur","EV Motor Plant Central Stores, Hosur",11124.00,2002.32,1775.00,0.00,INR,Issued,Approved,11,2025-02-03,Generated purchase order from approved PR.
1339,PO-2025-1339,1189,24,4,2025-01-29,2025-02-18,30 Days,Door delivery to factory stores,"EV Motor Plant, Accounts Payable, Hosur","EV Motor Plant Central Stores, Hosur",2508.48,451.53,1850.00,0.00,INR,Issued,Approved,12,2025-01-29,Generated purchase order from approved PR.
1340,PO-2025-1340,1190,25,4,2025-01-30,2025-02-10,45 Days,Door delivery to factory stores,"EV Motor Plant, Accounts Payable, Hosur","EV Motor Plant Central Stores, Hosur",63070.00,11352.60,1925.00,0.00,INR,Issued,Approved,13,2025-01-30,Generated purchase order from approved PR.
1341,PO-2025-1341,1191,26,5,2025-01-31,2025-02-16,60 Days,Door delivery to factory stores,"EV Motor Plant, Accounts Payable, Hosur","EV Motor Plant Central Stores, Hosur",550.00,99.00,500.00,0.00,INR,Issued,Approved,1,2025-01-31,Generated purchase order from approved PR.
1342,PO-2025-1342,1192,27,5,2025-01-29,2025-02-09,30 Days,Door delivery to factory stores,"EV Motor Plant, Accounts Payable, Hosur","EV Motor Plant Central Stores, Hosur",41087.20,7395.70,575.00,0.00,INR,Issued,Approved,3,2025-01-29,Generated purchase order from approved PR.
1343,PO-2025-1343,1193,28,6,2025-02-01,2025-02-07,45 Days,Door delivery to factory stores,"EV Motor Plant, Accounts Payable, Hosur","EV Motor Plant Central Stores, Hosur",414.06,74.53,650.00,0.00,INR,Issued,Approved,4,2025-02-01,Generated purchase order from approved PR.
1344,PO-2025-1344,1194,29,6,2025-02-04,2025-02-09,60 Days,Door delivery to factory stores,"EV Motor Plant, Accounts Payable, Hosur","EV Motor Plant Central Stores, Hosur",6897.00,1241.46,725.00,0.00,INR,Issued,Approved,5,2025-02-04,Generated purchase order from approved PR.
1345,PO-2025-1345,1195,30,1,2025-02-05,2025-02-11,30 Days,Door delivery to factory stores,"EV Motor Plant, Accounts Payable, Hosur","EV Motor Plant Central Stores, Hosur",1848.64,332.76,800.00,0.00,INR,Issued,Approved,6,2025-02-05,Generated purchase order from approved PR.
1346,PO-2025-1346,1196,31,2,2025-02-01,2025-02-07,45 Days,Door delivery to factory stores,"EV Motor Plant, Accounts Payable, Hosur","EV Motor Plant Central Stores, Hosur",10980.00,1976.40,875.00,0.00,INR,Issued,Approved,7,2025-02-01,Generated purchase order from approved PR.
1347,PO-2025-1347,1197,32,2,2025-02-02,2025-02-18,60 Days,Door delivery to factory stores,"EV Motor Plant, Accounts Payable, Hosur","EV Motor Plant Central Stores, Hosur",85.26,15.35,950.00,0.00,INR,Issued,Approved,8,2025-02-02,Generated purchase order from approved PR.
1348,PO-2025-1348,1198,33,1,2025-01-31,2025-02-14,30 Days,Door delivery to factory stores,"EV Motor Plant, Accounts Payable, Hosur","EV Motor Plant Central Stores, Hosur",91711.20,16508.02,1025.00,0.00,INR,Issued,Approved,9,2025-01-31,Generated purchase order from approved PR.
1349,PO-2025-1349,1199,34,3,2025-02-05,2025-02-18,45 Days,Door delivery to factory stores,"EV Motor Plant, Accounts Payable, Hosur","EV Motor Plant Central Stores, Hosur",491.62,88.49,1100.00,0.00,INR,Issued,Approved,10,2025-02-05,Generated purchase order from approved PR.
1350,PO-2025-1350,1200,35,3,2025-01-31,2025-02-18,60 Days,Door delivery to factory stores,"EV Motor Plant, Accounts Payable, Hosur","EV Motor Plant Central Stores, Hosur",9110.70,1639.93,1175.00,0.00,INR,Issued,Approved,11,2025-01-31,Generated purchase order from approved PR.
1351,PO-2025-1351,1201,1,4,2025-02-01,2025-02-06,30 Days,Door delivery to factory stores,"EV Motor Plant, Accounts Payable, Hosur","EV Motor Plant Central Stores, Hosur",9225.00,1660.50,1250.00,0.00,INR,Issued,Approved,12,2025-02-01,Generated purchase order from approved PR.
1352,PO-2025-1352,1202,2,4,2025-02-03,2025-02-13,45 Days,Door delivery to factory stores,"EV Motor Plant, Accounts Payable, Hosur","EV Motor Plant Central Stores, Hosur",159152.00,28647.36,1325.00,0.00,INR,Issued,Approved,13,2025-02-03,Generated purchase order from approved PR.
1353,PO-2025-1353,1203,3,5,2025-01-31,2025-02-19,60 Days,Door delivery to factory stores,"EV Motor Plant, Accounts Payable, Hosur","EV Motor Plant Central Stores, Hosur",970.26,174.65,1400.00,0.00,INR,Issued,Approved,1,2025-01-31,Generated purchase order from approved PR.
1354,PO-2025-1354,1204,4,5,2025-02-05,2025-02-27,30 Days,Door delivery to factory stores,"EV Motor Plant, Accounts Payable, Hosur","EV Motor Plant Central Stores, Hosur",4974.48,895.41,1475.00,0.00,INR,Issued,Approved,3,2025-02-05,Generated purchase order from approved PR.
1355,PO-2025-1355,1205,5,6,2025-02-04,2025-02-17,45 Days,Door delivery to factory stores,"EV Motor Plant, Accounts Payable, Hosur","EV Motor Plant Central Stores, Hosur",4273.92,769.31,1550.00,0.00,INR,Issued,Approved,4,2025-02-04,Generated purchase order from approved PR.
1356,PO-2025-1356,1206,6,6,2025-02-06,2025-02-12,60 Days,Door delivery to factory stores,"EV Motor Plant, Accounts Payable, Hosur","EV Motor Plant Central Stores, Hosur",5600.00,1008.00,1625.00,0.00,INR,Issued,Approved,5,2025-02-06,Generated purchase order from approved PR.
1357,PO-2025-1357,1207,7,1,2025-02-03,2025-02-23,30 Days,Door delivery to factory stores,"EV Motor Plant, Accounts Payable, Hosur","EV Motor Plant Central Stores, Hosur",693.42,124.82,1700.00,0.00,INR,Issued,Approved,6,2025-02-03,Generated purchase order from approved PR.
1358,PO-2025-1358,1208,8,2,2025-02-04,2025-02-25,45 Days,Door delivery to factory stores,"EV Motor Plant, Accounts Payable, Hosur","EV Motor Plant Central Stores, Hosur",18540.00,3337.20,1775.00,0.00,INR,Issued,Approved,7,2025-02-04,Generated purchase order from approved PR.
1359,PO-2025-1359,1209,9,2,2025-02-03,2025-02-15,60 Days,Door delivery to factory stores,"EV Motor Plant, Accounts Payable, Hosur","EV Motor Plant Central Stores, Hosur",136.08,24.49,1850.00,0.00,INR,Issued,Approved,8,2025-02-03,Generated purchase order from approved PR.
1360,PO-2025-1360,1210,10,1,2025-02-08,2025-02-17,30 Days,Door delivery to factory stores,"EV Motor Plant, Accounts Payable, Hosur","EV Motor Plant Central Stores, Hosur",5432.50,977.85,1925.00,0.00,INR,Issued,Approved,9,2025-02-08,Generated purchase order from approved PR.
1361,PO-2025-1361,1211,11,3,2025-02-09,2025-02-14,45 Days,Door delivery to factory stores,"EV Motor Plant, Accounts Payable, Hosur","EV Motor Plant Central Stores, Hosur",87.50,15.75,500.00,0.00,INR,Issued,Approved,10,2025-02-09,Generated purchase order from approved PR.
1362,PO-2025-1362,1212,12,3,2025-02-04,2025-02-20,60 Days,Door delivery to factory stores,"EV Motor Plant, Accounts Payable, Hosur","EV Motor Plant Central Stores, Hosur",20543.60,3697.85,575.00,0.00,INR,Issued,Approved,11,2025-02-04,Generated purchase order from approved PR.
1363,PO-2025-1363,1213,13,4,2025-02-07,2025-03-01,30 Days,Door delivery to factory stores,"EV Motor Plant, Accounts Payable, Hosur","EV Motor Plant Central Stores, Hosur",106.64,19.20,650.00,0.00,INR,Issued,Approved,12,2025-02-07,Generated purchase order from approved PR.
1364,PO-2025-1364,1214,14,4,2025-02-09,2025-02-26,45 Days,Door delivery to factory stores,"EV Motor Plant, Accounts Payable, Hosur","EV Motor Plant Central Stores, Hosur",329.70,59.35,725.00,0.00,INR,Issued,Approved,13,2025-02-09,Generated purchase order from approved PR.
1365,PO-2025-1365,1215,15,5,2025-02-08,2025-02-19,60 Days,Door delivery to factory stores,"EV Motor Plant, Accounts Payable, Hosur","EV Motor Plant Central Stores, Hosur",1068.48,192.33,800.00,0.00,INR,Issued,Approved,1,2025-02-08,Generated purchase order from approved PR.
1366,PO-2025-1366,1216,16,5,2025-02-10,2025-02-27,30 Days,Door delivery to factory stores,"EV Motor Plant, Accounts Payable, Hosur","EV Motor Plant Central Stores, Hosur",1208.00,217.44,875.00,0.00,INR,Issued,Approved,3,2025-02-10,Generated purchase order from approved PR.
1367,PO-2025-1367,1217,17,6,2025-02-05,2025-02-25,45 Days,Door delivery to factory stores,"EV Motor Plant, Accounts Payable, Hosur","EV Motor Plant Central Stores, Hosur",5162.97,929.33,950.00,0.00,INR,Issued,Approved,4,2025-02-05,Generated purchase order from approved PR.
1368,PO-2025-1368,1218,18,6,2025-02-07,2025-02-21,60 Days,Door delivery to factory stores,"EV Motor Plant, Accounts Payable, Hosur","EV Motor Plant Central Stores, Hosur",1384.32,249.18,1025.00,0.00,INR,Issued,Approved,5,2025-02-07,Generated purchase order from approved PR.
1369,PO-2025-1369,1219,19,1,2025-02-09,2025-03-01,30 Days,Door delivery to factory stores,"EV Motor Plant, Accounts Payable, Hosur","EV Motor Plant Central Stores, Hosur",1120.24,201.64,1100.00,0.00,INR,Issued,Approved,6,2025-02-09,Generated purchase order from approved PR.
1370,PO-2025-1370,1220,20,2,2025-02-07,2025-02-19,45 Days,Door delivery to factory stores,"EV Motor Plant, Accounts Payable, Hosur","EV Motor Plant Central Stores, Hosur",779.10,140.24,1175.00,0.00,INR,Issued,Approved,7,2025-02-07,Generated purchase order from approved PR.
1371,PO-2025-1371,1221,21,2,2025-02-07,2025-02-18,60 Days,Door delivery to factory stores,"EV Motor Plant, Accounts Payable, Hosur","EV Motor Plant Central Stores, Hosur",20758.80,3736.58,1250.00,0.00,INR,Issued,Approved,8,2025-02-07,Generated purchase order from approved PR.
1372,PO-2025-1372,1222,22,1,2025-02-07,2025-02-23,30 Days,Door delivery to factory stores,"EV Motor Plant, Accounts Payable, Hosur","EV Motor Plant Central Stores, Hosur",6801.84,1224.33,1325.00,0.00,INR,Issued,Approved,9,2025-02-07,Generated purchase order from approved PR.
1373,PO-2025-1373,1223,23,3,2025-02-13,2025-02-26,45 Days,Door delivery to factory stores,"EV Motor Plant, Accounts Payable, Hosur","EV Motor Plant Central Stores, Hosur",17976.90,3235.84,1400.00,0.00,INR,Issued,Approved,10,2025-02-13,Generated purchase order from approved PR.
1374,PO-2025-1374,1224,24,3,2025-02-13,2025-03-08,60 Days,Door delivery to factory stores,"EV Motor Plant, Accounts Payable, Hosur","EV Motor Plant Central Stores, Hosur",1089.58,196.12,1475.00,0.00,INR,Issued,Approved,11,2025-02-13,Generated purchase order from approved PR.
1375,PO-2025-1375,1225,25,4,2025-02-08,2025-02-22,30 Days,Door delivery to factory stores,"EV Motor Plant, Accounts Payable, Hosur","EV Motor Plant Central Stores, Hosur",53913.57,9704.44,1550.00,0.00,INR,Issued,Approved,12,2025-02-08,Generated purchase order from approved PR.
1376,PO-2025-1376,1226,26,4,2025-02-11,2025-02-23,45 Days,Door delivery to factory stores,"EV Motor Plant, Accounts Payable, Hosur","EV Motor Plant Central Stores, Hosur",3168.00,570.24,1625.00,0.00,INR,Issued,Approved,13,2025-02-11,Generated purchase order from approved PR.
1377,PO-2025-1377,1227,27,5,2025-02-13,2025-02-25,60 Days,Door delivery to factory stores,"EV Motor Plant, Accounts Payable, Hosur","EV Motor Plant Central Stores, Hosur",13084.74,2355.25,1700.00,0.00,INR,Issued,Approved,1,2025-02-13,Generated purchase order from approved PR.
1378,PO-2025-1378,1228,28,5,2025-02-09,2025-02-24,30 Days,Door delivery to factory stores,"EV Motor Plant, Accounts Payable, Hosur","EV Motor Plant Central Stores, Hosur",1217.76,219.20,1775.00,0.00,INR,Issued,Approved,3,2025-02-09,Generated purchase order from approved PR.
1379,PO-2025-1379,1229,29,6,2025-02-10,2025-02-21,45 Days,Door delivery to factory stores,"EV Motor Plant, Accounts Payable, Hosur","EV Motor Plant Central Stores, Hosur",752.40,135.43,1850.00,0.00,INR,Issued,Approved,4,2025-02-10,Generated purchase order from approved PR.
1380,PO-2025-1380,1230,30,6,2025-02-14,2025-03-04,60 Days,Door delivery to factory stores,"EV Motor Plant, Accounts Payable, Hosur","EV Motor Plant Central Stores, Hosur",191.25,34.43,1925.00,0.00,INR,Issued,Approved,5,2025-02-14,Generated purchase order from approved PR.
1381,PO-2025-1381,1231,31,1,2025-02-12,2025-02-24,30 Days,Door delivery to factory stores,"EV Motor Plant, Accounts Payable, Hosur","EV Motor Plant Central Stores, Hosur",1326.00,238.68,500.00,0.00,INR,Issued,Approved,6,2025-02-12,Generated purchase order from approved PR.
1382,PO-2025-1382,1232,32,2,2025-02-11,2025-02-23,45 Days,Door delivery to factory stores,"EV Motor Plant, Accounts Payable, Hosur","EV Motor Plant Central Stores, Hosur",68.58,12.34,575.00,0.00,INR,Issued,Approved,7,2025-02-11,Generated purchase order from approved PR.
1383,PO-2025-1383,1233,33,2,2025-02-15,2025-03-03,60 Days,Door delivery to factory stores,"EV Motor Plant, Accounts Payable, Hosur","EV Motor Plant Central Stores, Hosur",315.18,56.73,650.00,0.00,INR,Issued,Approved,8,2025-02-15,Generated purchase order from approved PR.
1384,PO-2025-1384,1234,34,1,2025-02-13,2025-02-19,30 Days,Door delivery to factory stores,"EV Motor Plant, Accounts Payable, Hosur","EV Motor Plant Central Stores, Hosur",166.25,29.93,725.00,0.00,INR,Issued,Approved,9,2025-02-13,Generated purchase order from approved PR.
1385,PO-2025-1385,1235,35,3,2025-02-15,2025-03-04,45 Days,Door delivery to factory stores,"EV Motor Plant, Accounts Payable, Hosur","EV Motor Plant Central Stores, Hosur",203.52,36.63,800.00,0.00,INR,Issued,Approved,10,2025-02-15,Generated purchase order from approved PR.
1386,PO-2025-1386,1236,1,3,2025-02-12,2025-02-26,60 Days,Door delivery to factory stores,"EV Motor Plant, Accounts Payable, Hosur","EV Motor Plant Central Stores, Hosur",1040.00,187.20,875.00,0.00,INR,Issued,Approved,11,2025-02-12,Generated purchase order from approved PR.
1387,PO-2025-1387,1237,2,4,2025-02-12,2025-02-25,30 Days,Door delivery to factory stores,"EV Motor Plant, Accounts Payable, Hosur","EV Motor Plant Central Stores, Hosur",332.92,59.93,950.00,0.00,INR,Issued,Approved,12,2025-02-12,Generated purchase order from approved PR.
1388,PO-2025-1388,1238,3,4,2025-02-16,2025-03-06,45 Days,Door delivery to factory stores,"EV Motor Plant, Accounts Payable, Hosur","EV Motor Plant Central Stores, Hosur",4326.00,778.68,1025.00,0.00,INR,Issued,Approved,13,2025-02-16,Generated purchase order from approved PR.
1389,PO-2025-1389,1239,4,5,2025-02-16,2025-03-07,60 Days,Door delivery to factory stores,"EV Motor Plant, Accounts Payable, Hosur","EV Motor Plant Central Stores, Hosur",271.70,48.91,1100.00,0.00,INR,Issued,Approved,1,2025-02-16,Generated purchase order from approved PR.
1390,PO-2025-1390,1240,5,5,2025-02-13,2025-03-06,30 Days,Door delivery to factory stores,"EV Motor Plant, Accounts Payable, Hosur","EV Motor Plant Central Stores, Hosur",1208.40,217.51,1175.00,0.00,INR,Issued,Approved,3,2025-02-13,Generated purchase order from approved PR.
1391,PO-2025-1391,1241,6,6,2025-02-15,2025-02-27,45 Days,Door delivery to factory stores,"EV Motor Plant, Accounts Payable, Hosur","EV Motor Plant Central Stores, Hosur",1229200.00,221256.00,1250.00,0.00,INR,Issued,Approved,4,2025-02-15,Generated purchase order from approved PR.
1392,PO-2025-1392,1242,7,6,2025-02-18,2025-03-01,60 Days,Door delivery to factory stores,"EV Motor Plant, Accounts Payable, Hosur","EV Motor Plant Central Stores, Hosur",26500.84,4770.15,1325.00,0.00,INR,Issued,Approved,5,2025-02-18,Generated purchase order from approved PR.
1393,PO-2025-1393,1243,8,1,2025-02-14,2025-03-04,30 Days,Door delivery to factory stores,"EV Motor Plant, Accounts Payable, Hosur","EV Motor Plant Central Stores, Hosur",535188.00,96333.84,1400.00,0.00,INR,Issued,Approved,6,2025-02-14,Generated purchase order from approved PR.
1394,PO-2025-1394,1244,9,2,2025-02-18,2025-03-06,45 Days,Door delivery to factory stores,"EV Motor Plant, Accounts Payable, Hosur","EV Motor Plant Central Stores, Hosur",5647.95,1016.63,1475.00,0.00,INR,Issued,Approved,7,2025-02-18,Generated purchase order from approved PR.
1395,PO-2025-1395,1245,10,2,2025-02-15,2025-03-04,60 Days,Door delivery to factory stores,"EV Motor Plant, Accounts Payable, Hosur","EV Motor Plant Central Stores, Hosur",2008700.00,361566.00,1550.00,0.00,INR,Issued,Approved,8,2025-02-15,Generated purchase order from approved PR.
1396,PO-2025-1396,1246,11,1,2025-02-16,2025-03-03,30 Days,Door delivery to factory stores,"EV Motor Plant, Accounts Payable, Hosur","EV Motor Plant Central Stores, Hosur",36507.60,6571.37,1625.00,0.00,INR,Issued,Approved,9,2025-02-16,Generated purchase order from approved PR.
1397,PO-2025-1397,1247,12,3,2025-02-18,2025-03-09,45 Days,Door delivery to factory stores,"EV Motor Plant, Accounts Payable, Hosur","EV Motor Plant Central Stores, Hosur",5602.80,1008.50,1700.00,0.00,INR,Issued,Approved,10,2025-02-18,Generated purchase order from approved PR.
1398,PO-2025-1398,1248,13,3,2025-02-21,2025-03-01,60 Days,Door delivery to factory stores,"EV Motor Plant, Accounts Payable, Hosur","EV Motor Plant Central Stores, Hosur",17561.94,3161.15,1775.00,0.00,INR,Issued,Approved,11,2025-02-21,Generated purchase order from approved PR.
1399,PO-2025-1399,1249,14,4,2025-02-16,2025-03-03,30 Days,Door delivery to factory stores,"EV Motor Plant, Accounts Payable, Hosur","EV Motor Plant Central Stores, Hosur",57370.50,10326.69,1850.00,0.00,INR,Issued,Approved,12,2025-02-16,Generated purchase order from approved PR.
1400,PO-2025-1400,1250,15,4,2025-02-22,2025-03-02,45 Days,Door delivery to factory stores,"EV Motor Plant, Accounts Payable, Hosur","EV Motor Plant Central Stores, Hosur",2022.48,364.05,1925.00,0.00,INR,Issued,Approved,13,2025-02-22,Generated purchase order from approved PR.
1401,PO-2025-1401,1251,16,5,2025-02-20,2025-03-04,60 Days,Door delivery to factory stores,"EV Motor Plant, Accounts Payable, Hosur","EV Motor Plant Central Stores, Hosur",385200.00,69336.00,500.00,0.00,INR,Issued,Approved,1,2025-02-20,Generated purchase order from approved PR.
1402,PO-2025-1402,1252,17,5,2025-02-19,2025-03-08,30 Days,Door delivery to factory stores,"EV Motor Plant, Accounts Payable, Hosur","EV Motor Plant Central Stores, Hosur",627.27,112.91,575.00,0.00,INR,Issued,Approved,3,2025-02-19,Generated purchase order from approved PR.
1403,PO-2025-1403,1253,18,6,2025-02-19,2025-03-05,45 Days,Door delivery to factory stores,"EV Motor Plant, Accounts Payable, Hosur","EV Motor Plant Central Stores, Hosur",30364.40,5465.59,650.00,0.00,INR,Issued,Approved,4,2025-02-19,Generated purchase order from approved PR.
1404,PO-2025-1404,1254,19,6,2025-02-23,2025-03-07,60 Days,Door delivery to factory stores,"EV Motor Plant, Accounts Payable, Hosur","EV Motor Plant Central Stores, Hosur",153.86,27.69,725.00,0.00,INR,Issued,Approved,5,2025-02-23,Generated purchase order from approved PR.
1405,PO-2025-1405,1255,20,1,2025-02-18,2025-03-11,30 Days,Door delivery to factory stores,"EV Motor Plant, Accounts Payable, Hosur","EV Motor Plant Central Stores, Hosur",155714.00,28028.52,800.00,0.00,INR,Issued,Approved,6,2025-02-18,Generated purchase order from approved PR.
1406,PO-2025-1406,1256,21,2,2025-02-19,2025-03-10,45 Days,Door delivery to factory stores,"EV Motor Plant, Accounts Payable, Hosur","EV Motor Plant Central Stores, Hosur",318.00,57.24,875.00,0.00,INR,Issued,Approved,7,2025-02-19,Generated purchase order from approved PR.
1407,PO-2025-1407,1257,22,2,2025-02-23,2025-03-09,60 Days,Door delivery to factory stores,"EV Motor Plant, Accounts Payable, Hosur","EV Motor Plant Central Stores, Hosur",670306.00,120655.08,950.00,0.00,INR,Issued,Approved,8,2025-02-23,Generated purchase order from approved PR.
1408,PO-2025-1408,1258,23,1,2025-02-18,2025-03-13,30 Days,Door delivery to factory stores,"EV Motor Plant, Accounts Payable, Hosur","EV Motor Plant Central Stores, Hosur",407.88,73.42,1025.00,0.00,INR,Issued,Approved,9,2025-02-18,Generated purchase order from approved PR.
1409,PO-2025-1409,1259,24,3,2025-02-23,2025-03-08,45 Days,Door delivery to factory stores,"EV Motor Plant, Accounts Payable, Hosur","EV Motor Plant Central Stores, Hosur",7994.25,1438.97,1100.00,0.00,INR,Issued,Approved,10,2025-02-23,Generated purchase order from approved PR.
1410,PO-2025-1410,1260,25,3,2025-02-24,2025-03-15,60 Days,Door delivery to factory stores,"EV Motor Plant, Accounts Payable, Hosur","EV Motor Plant Central Stores, Hosur",966.72,174.01,1175.00,0.00,INR,Issued,Approved,11,2025-02-24,Generated purchase order from approved PR.
1411,PO-2025-1411,1261,26,4,2025-02-24,2025-03-04,30 Days,Door delivery to factory stores,"EV Motor Plant, Accounts Payable, Hosur","EV Motor Plant Central Stores, Hosur",24600.00,4428.00,1250.00,0.00,INR,Issued,Approved,12,2025-02-24,Generated purchase order from approved PR.
1412,PO-2025-1412,1262,27,4,2025-02-23,2025-03-05,45 Days,Door delivery to factory stores,"EV Motor Plant, Accounts Payable, Hosur","EV Motor Plant Central Stores, Hosur",900914.00,162164.52,1325.00,0.00,INR,Issued,Approved,13,2025-02-23,Generated purchase order from approved PR.
1413,PO-2025-1413,1263,28,5,2025-02-19,2025-03-02,60 Days,Door delivery to factory stores,"EV Motor Plant, Accounts Payable, Hosur","EV Motor Plant Central Stores, Hosur",9970.40,1794.67,1400.00,0.00,INR,Issued,Approved,1,2025-02-19,Generated purchase order from approved PR.
1414,PO-2025-1414,1264,29,5,2025-02-20,2025-02-27,30 Days,Door delivery to factory stores,"EV Motor Plant, Accounts Payable, Hosur","EV Motor Plant Central Stores, Hosur",231990.00,41758.20,1475.00,0.00,INR,Issued,Approved,3,2025-02-20,Generated purchase order from approved PR.
1415,PO-2025-1415,1265,30,6,2025-02-25,2025-03-11,45 Days,Door delivery to factory stores,"EV Motor Plant, Accounts Payable, Hosur","EV Motor Plant Central Stores, Hosur",1510.50,271.89,1550.00,0.00,INR,Issued,Approved,4,2025-02-25,Generated purchase order from approved PR.
1416,PO-2025-1416,1266,31,6,2025-02-22,2025-03-02,60 Days,Door delivery to factory stores,"EV Motor Plant, Accounts Payable, Hosur","EV Motor Plant Central Stores, Hosur",1785000.00,321300.00,1625.00,0.00,INR,Issued,Approved,5,2025-02-22,Generated purchase order from approved PR.
1417,PO-2025-1417,1267,32,1,2025-02-25,2025-03-14,30 Days,Door delivery to factory stores,"EV Motor Plant, Accounts Payable, Hosur","EV Motor Plant Central Stores, Hosur",24563.00,4421.34,1700.00,0.00,INR,Issued,Approved,6,2025-02-25,Generated purchase order from approved PR.
1418,PO-2025-1418,1268,33,2,2025-02-24,2025-03-04,45 Days,Door delivery to factory stores,"EV Motor Plant, Accounts Payable, Hosur","EV Motor Plant Central Stores, Hosur",46226.40,8320.75,1775.00,0.00,INR,Issued,Approved,7,2025-02-24,Generated purchase order from approved PR.
1419,PO-2025-1419,1269,34,2,2025-02-21,2025-02-28,60 Days,Door delivery to factory stores,"EV Motor Plant, Accounts Payable, Hosur","EV Motor Plant Central Stores, Hosur",136100.80,24498.14,1850.00,0.00,INR,Issued,Approved,8,2025-02-21,Generated purchase order from approved PR.
1420,PO-2025-1420,1270,35,1,2025-02-22,2025-03-17,30 Days,Door delivery to factory stores,"EV Motor Plant, Accounts Payable, Hosur","EV Motor Plant Central Stores, Hosur",41022.00,7383.96,1925.00,0.00,INR,Issued,Approved,9,2025-02-22,Generated purchase order from approved PR.
1421,PO-2025-1421,1271,1,3,2025-02-24,2025-03-13,45 Days,Door delivery to factory stores,"EV Motor Plant, Accounts Payable, Hosur","EV Motor Plant Central Stores, Hosur",13965.00,2513.70,500.00,0.00,INR,Issued,Approved,10,2025-02-24,Generated purchase order from approved PR.
1422,PO-2025-1422,1272,2,3,2025-02-28,2025-03-22,60 Days,Door delivery to factory stores,"EV Motor Plant, Accounts Payable, Hosur","EV Motor Plant Central Stores, Hosur",380016.00,68402.88,575.00,0.00,INR,Issued,Approved,11,2025-02-28,Generated purchase order from approved PR.
1423,PO-2025-1423,1273,3,4,2025-02-24,2025-03-10,30 Days,Door delivery to factory stores,"EV Motor Plant, Accounts Payable, Hosur","EV Motor Plant Central Stores, Hosur",77095.50,13877.19,650.00,0.00,INR,Issued,Approved,12,2025-02-24,Generated purchase order from approved PR.
1424,PO-2025-1424,1274,4,4,2025-02-25,2025-03-02,45 Days,Door delivery to factory stores,"EV Motor Plant, Accounts Payable, Hosur","EV Motor Plant Central Stores, Hosur",5287.70,951.79,725.00,0.00,INR,Issued,Approved,13,2025-02-25,Generated purchase order from approved PR.
1425,PO-2025-1425,1275,5,5,2025-02-28,2025-03-15,60 Days,Door delivery to factory stores,"EV Motor Plant, Accounts Payable, Hosur","EV Motor Plant Central Stores, Hosur",26139.60,4705.13,800.00,0.00,INR,Issued,Approved,1,2025-02-28,Generated purchase order from approved PR.
1426,PO-2025-1426,1276,6,5,2025-02-25,2025-03-12,30 Days,Door delivery to factory stores,"EV Motor Plant, Accounts Payable, Hosur","EV Motor Plant Central Stores, Hosur",9100.00,1638.00,875.00,0.00,INR,Issued,Approved,3,2025-02-25,Generated purchase order from approved PR.
1427,PO-2025-1427,1277,7,6,2025-03-01,2025-03-06,45 Days,Door delivery to factory stores,"EV Motor Plant, Accounts Payable, Hosur","EV Motor Plant Central Stores, Hosur",1668.66,300.36,950.00,0.00,INR,Issued,Approved,4,2025-03-01,Generated purchase order from approved PR.
1428,PO-2025-1428,1278,8,6,2025-02-28,2025-03-21,60 Days,Door delivery to factory stores,"EV Motor Plant, Accounts Payable, Hosur","EV Motor Plant Central Stores, Hosur",187460.00,33742.80,1025.00,0.00,INR,Issued,Approved,5,2025-02-28,Generated purchase order from approved PR.
1429,PO-2025-1429,1279,9,1,2025-03-02,2025-03-18,30 Days,Door delivery to factory stores,"EV Motor Plant, Accounts Payable, Hosur","EV Motor Plant Central Stores, Hosur",15173.40,2731.21,1100.00,0.00,INR,Issued,Approved,6,2025-03-02,Generated purchase order from approved PR.
1430,PO-2025-1430,1280,10,2,2025-02-25,2025-03-16,45 Days,Door delivery to factory stores,"EV Motor Plant, Accounts Payable, Hosur","EV Motor Plant Central Stores, Hosur",20511.00,3691.98,1175.00,0.00,INR,Issued,Approved,7,2025-02-25,Generated purchase order from approved PR.
1431,PO-2025-1431,1281,11,2,2025-03-02,2025-03-16,60 Days,Door delivery to factory stores,"EV Motor Plant, Accounts Payable, Hosur","EV Motor Plant Central Stores, Hosur",499200.00,89856.00,1250.00,0.00,INR,Issued,Approved,8,2025-03-02,Generated purchase order from approved PR.
1432,PO-2025-1432,1282,12,1,2025-03-01,2025-03-17,30 Days,Door delivery to factory stores,"EV Motor Plant, Accounts Payable, Hosur","EV Motor Plant Central Stores, Hosur",26917.80,4845.20,1325.00,0.00,INR,Issued,Approved,9,2025-03-01,Generated purchase order from approved PR.
1433,PO-2025-1433,1283,13,3,2025-02-25,2025-03-06,45 Days,Door delivery to factory stores,"EV Motor Plant, Accounts Payable, Hosur","EV Motor Plant Central Stores, Hosur",25379.20,4568.26,1400.00,0.00,INR,Issued,Approved,10,2025-02-25,Generated purchase order from approved PR.
1434,PO-2025-1434,1284,14,3,2025-03-03,2025-03-26,60 Days,Door delivery to factory stores,"EV Motor Plant, Accounts Payable, Hosur","EV Motor Plant Central Stores, Hosur",10345.50,1862.19,1475.00,0.00,INR,Issued,Approved,11,2025-03-03,Generated purchase order from approved PR.
1435,PO-2025-1435,1285,15,4,2025-02-27,2025-03-11,30 Days,Door delivery to factory stores,"EV Motor Plant, Accounts Payable, Hosur","EV Motor Plant Central Stores, Hosur",15900.00,2862.00,1550.00,0.00,INR,Issued,Approved,12,2025-02-27,Generated purchase order from approved PR.
1436,PO-2025-1436,1286,16,4,2025-03-05,2025-03-13,45 Days,Door delivery to factory stores,"EV Motor Plant, Accounts Payable, Hosur","EV Motor Plant Central Stores, Hosur",1080.00,194.40,1625.00,0.00,INR,Issued,Approved,13,2025-03-05,Generated purchase order from approved PR.
1437,PO-2025-1437,1287,17,5,2025-02-28,2025-03-06,60 Days,Door delivery to factory stores,"EV Motor Plant, Accounts Payable, Hosur","EV Motor Plant Central Stores, Hosur",56890.75,10240.34,1700.00,0.00,INR,Issued,Approved,1,2025-02-28,Generated purchase order from approved PR.
1438,PO-2025-1438,1288,18,5,2025-02-28,2025-03-17,30 Days,Door delivery to factory stores,"EV Motor Plant, Accounts Payable, Hosur","EV Motor Plant Central Stores, Hosur",12463.00,2243.34,1775.00,0.00,INR,Issued,Approved,3,2025-02-28,Generated purchase order from approved PR.
1439,PO-2025-1439,1289,19,6,2025-03-02,2025-03-25,45 Days,Door delivery to factory stores,"EV Motor Plant, Accounts Payable, Hosur","EV Motor Plant Central Stores, Hosur",836.00,150.48,1850.00,0.00,INR,Issued,Approved,4,2025-03-02,Generated purchase order from approved PR.
1440,PO-2025-1440,1290,20,6,2025-03-06,2025-03-28,60 Days,Door delivery to factory stores,"EV Motor Plant, Accounts Payable, Hosur","EV Motor Plant Central Stores, Hosur",79288.00,14271.84,1925.00,0.00,INR,Issued,Approved,5,2025-03-06,Generated purchase order from approved PR.
1441,PO-2025-1441,1291,21,1,2025-03-05,2025-03-23,30 Days,Door delivery to factory stores,"EV Motor Plant, Accounts Payable, Hosur","EV Motor Plant Central Stores, Hosur",148.00,26.64,500.00,0.00,INR,Issued,Approved,6,2025-03-05,Generated purchase order from approved PR.
1442,PO-2025-1442,1292,22,2,2025-03-03,2025-03-26,45 Days,Door delivery to factory stores,"EV Motor Plant, Accounts Payable, Hosur","EV Motor Plant Central Stores, Hosur",5862.45,1055.24,575.00,0.00,INR,Issued,Approved,7,2025-03-03,Generated purchase order from approved PR.
1443,PO-2025-1443,1293,23,2,2025-03-02,2025-03-20,60 Days,Door delivery to factory stores,"EV Motor Plant, Accounts Payable, Hosur","EV Motor Plant Central Stores, Hosur",654.05,117.73,650.00,0.00,INR,Issued,Approved,8,2025-03-02,Generated purchase order from approved PR.
1444,PO-2025-1444,1294,24,1,2025-03-02,2025-03-13,30 Days,Door delivery to factory stores,"EV Motor Plant, Accounts Payable, Hosur","EV Motor Plant Central Stores, Hosur",13480.50,2426.49,725.00,0.00,INR,Issued,Approved,9,2025-03-02,Generated purchase order from approved PR.
1445,PO-2025-1445,1295,25,3,2025-03-03,2025-03-19,45 Days,Door delivery to factory stores,"EV Motor Plant, Accounts Payable, Hosur","EV Motor Plant Central Stores, Hosur",763.20,137.38,800.00,0.00,INR,Issued,Approved,10,2025-03-03,Generated purchase order from approved PR.
1446,PO-2025-1446,1296,26,3,2025-03-07,2025-03-13,60 Days,Door delivery to factory stores,"EV Motor Plant, Accounts Payable, Hosur","EV Motor Plant Central Stores, Hosur",29880.00,5378.40,875.00,0.00,INR,Issued,Approved,11,2025-03-07,Generated purchase order from approved PR.
1447,PO-2025-1447,1297,27,4,2025-03-07,2025-03-16,30 Days,Door delivery to factory stores,"EV Motor Plant, Accounts Payable, Hosur","EV Motor Plant Central Stores, Hosur",188.79,33.98,950.00,0.00,INR,Issued,Approved,12,2025-03-07,Generated purchase order from approved PR.
1448,PO-2025-1448,1298,28,4,2025-03-03,2025-03-15,45 Days,Door delivery to factory stores,"EV Motor Plant, Accounts Payable, Hosur","EV Motor Plant Central Stores, Hosur",469.68,84.54,1025.00,0.00,INR,Issued,Approved,13,2025-03-03,Generated purchase order from approved PR.
1449,PO-2025-1449,1299,29,5,2025-03-07,2025-03-15,60 Days,Door delivery to factory stores,"EV Motor Plant, Accounts Payable, Hosur","EV Motor Plant Central Stores, Hosur",3498.66,629.76,1100.00,0.00,INR,Issued,Approved,1,2025-03-07,Generated purchase order from approved PR.
1450,PO-2025-1450,1300,30,5,2025-03-05,2025-03-28,30 Days,Door delivery to factory stores,"EV Motor Plant, Accounts Payable, Hosur","EV Motor Plant Central Stores, Hosur",24804.00,4464.72,1175.00,0.00,INR,Issued,Approved,3,2025-03-05,Generated purchase order from approved PR.
1451,PO-2025-1451,1301,31,6,2025-03-05,2025-03-28,45 Days,Door delivery to factory stores,"EV Motor Plant, Accounts Payable, Hosur","EV Motor Plant Central Stores, Hosur",8505.00,1530.90,1250.00,0.00,INR,Issued,Approved,4,2025-03-05,Generated purchase order from approved PR.
1452,PO-2025-1452,1302,32,6,2025-03-08,2025-03-20,60 Days,Door delivery to factory stores,"EV Motor Plant, Accounts Payable, Hosur","EV Motor Plant Central Stores, Hosur",175392.00,31570.56,1325.00,0.00,INR,Issued,Approved,5,2025-03-08,Generated purchase order from approved PR.
1453,PO-2025-1453,1303,33,1,2025-03-08,2025-03-26,30 Days,Door delivery to factory stores,"EV Motor Plant, Accounts Payable, Hosur","EV Motor Plant Central Stores, Hosur",1776.75,319.82,1400.00,0.00,INR,Issued,Approved,6,2025-03-08,Generated purchase order from approved PR.
1454,PO-2025-1454,1304,34,2,2025-03-07,2025-03-19,45 Days,Door delivery to factory stores,"EV Motor Plant, Accounts Payable, Hosur","EV Motor Plant Central Stores, Hosur",42301.60,7614.29,1475.00,0.00,INR,Issued,Approved,7,2025-03-07,Generated purchase order from approved PR.
1455,PO-2025-1455,1305,35,2,2025-03-06,2025-03-13,60 Days,Door delivery to factory stores,"EV Motor Plant, Accounts Payable, Hosur","EV Motor Plant Central Stores, Hosur",698.01,125.64,1550.00,0.00,INR,Issued,Approved,8,2025-03-06,Generated purchase order from approved PR.
1456,PO-2025-1456,1306,1,1,2025-03-05,2025-03-16,30 Days,Door delivery to factory stores,"EV Motor Plant, Accounts Payable, Hosur","EV Motor Plant Central Stores, Hosur",152250.00,27405.00,1625.00,0.00,INR,Issued,Approved,9,2025-03-05,Generated purchase order from approved PR.
1457,PO-2025-1457,1307,2,3,2025-03-10,2025-03-19,45 Days,Door delivery to factory stores,"EV Motor Plant, Accounts Payable, Hosur","EV Motor Plant Central Stores, Hosur",2143.68,385.86,1700.00,0.00,INR,Issued,Approved,10,2025-03-10,Generated purchase order from approved PR.
1458,PO-2025-1458,1308,3,3,2025-03-06,2025-03-17,60 Days,Door delivery to factory stores,"EV Motor Plant, Accounts Payable, Hosur","EV Motor Plant Central Stores, Hosur",13699.00,2465.82,1775.00,0.00,INR,Issued,Approved,11,2025-03-06,Generated purchase order from approved PR.
1459,PO-2025-1459,1309,4,4,2025-03-09,2025-03-18,30 Days,Door delivery to factory stores,"EV Motor Plant, Accounts Payable, Hosur","EV Motor Plant Central Stores, Hosur",281.25,50.63,1850.00,0.00,INR,Issued,Approved,12,2025-03-09,Generated purchase order from approved PR.
1460,PO-2025-1460,1310,5,4,2025-03-06,2025-03-13,45 Days,Door delivery to factory stores,"EV Motor Plant, Accounts Payable, Hosur","EV Motor Plant Central Stores, Hosur",1102.40,198.43,1925.00,0.00,INR,Issued,Approved,13,2025-03-06,Generated purchase order from approved PR.
1461,PO-2025-1461,1311,6,5,2025-03-08,2025-03-17,60 Days,Door delivery to factory stores,"EV Motor Plant, Accounts Payable, Hosur","EV Motor Plant Central Stores, Hosur",295.20,53.14,500.00,0.00,INR,Issued,Approved,1,2025-03-08,Generated purchase order from approved PR.
1462,PO-2025-1462,1312,7,5,2025-03-11,2025-04-02,30 Days,Door delivery to factory stores,"EV Motor Plant, Accounts Payable, Hosur","EV Motor Plant Central Stores, Hosur",483.14,86.97,575.00,0.00,INR,Issued,Approved,3,2025-03-11,Generated purchase order from approved PR.
1463,PO-2025-1463,1313,8,6,2025-03-08,2025-03-14,45 Days,Door delivery to factory stores,"EV Motor Plant, Accounts Payable, Hosur","EV Motor Plant Central Stores, Hosur",273.48,49.23,650.00,0.00,INR,Issued,Approved,4,2025-03-08,Generated purchase order from approved PR.
1464,PO-2025-1464,1314,9,6,2025-03-06,2025-03-17,60 Days,Door delivery to factory stores,"EV Motor Plant, Accounts Payable, Hosur","EV Motor Plant Central Stores, Hosur",617.14,111.09,725.00,0.00,INR,Issued,Approved,5,2025-03-06,Generated purchase order from approved PR.
1465,PO-2025-1465,1315,10,1,2025-03-10,2025-03-25,30 Days,Door delivery to factory stores,"EV Motor Plant, Accounts Payable, Hosur","EV Motor Plant Central Stores, Hosur",3361.26,605.03,800.00,0.00,INR,Issued,Approved,6,2025-03-10,Generated purchase order from approved PR.
1466,PO-2025-1466,1316,11,2,2025-03-09,2025-03-20,45 Days,Door delivery to factory stores,"EV Motor Plant, Accounts Payable, Hosur","EV Motor Plant Central Stores, Hosur",1600.00,288.00,875.00,0.00,INR,Issued,Approved,7,2025-03-09,Generated purchase order from approved PR.
1467,PO-2025-1467,1317,12,2,2025-03-08,2025-03-22,60 Days,Door delivery to factory stores,"EV Motor Plant, Accounts Payable, Hosur","EV Motor Plant Central Stores, Hosur",954.10,171.74,950.00,0.00,INR,Issued,Approved,8,2025-03-08,Generated purchase order from approved PR.
1468,PO-2025-1468,1318,13,1,2025-03-12,2025-03-17,30 Days,Door delivery to factory stores,"EV Motor Plant, Accounts Payable, Hosur","EV Motor Plant Central Stores, Hosur",61.80,11.12,1025.00,0.00,INR,Issued,Approved,9,2025-03-12,Generated purchase order from approved PR.
1469,PO-2025-1469,1319,14,3,2025-03-11,2025-03-28,45 Days,Door delivery to factory stores,"EV Motor Plant, Accounts Payable, Hosur","EV Motor Plant Central Stores, Hosur",63850.92,11493.17,1100.00,0.00,INR,Issued,Approved,10,2025-03-11,Generated purchase order from approved PR.
1470,PO-2025-1470,1320,15,3,2025-03-12,2025-03-27,60 Days,Door delivery to factory stores,"EV Motor Plant, Accounts Payable, Hosur","EV Motor Plant Central Stores, Hosur",2938.32,528.90,1175.00,0.00,INR,Issued,Approved,11,2025-03-12,Generated purchase order from approved PR.
1471,PO-2025-1471,1321,16,4,2025-03-11,2025-03-28,30 Days,Door delivery to factory stores,"EV Motor Plant, Accounts Payable, Hosur","EV Motor Plant Central Stores, Hosur",29029.50,5225.31,1250.00,0.00,INR,Issued,Approved,12,2025-03-11,Generated purchase order from approved PR.
1472,PO-2025-1472,1322,17,4,2025-03-11,2025-03-26,45 Days,Door delivery to factory stores,"EV Motor Plant, Accounts Payable, Hosur","EV Motor Plant Central Stores, Hosur",12013.84,2162.49,1325.00,0.00,INR,Issued,Approved,13,2025-03-11,Generated purchase order from approved PR.
1473,PO-2025-1473,1323,18,5,2025-03-11,2025-03-24,60 Days,Door delivery to factory stores,"EV Motor Plant, Accounts Payable, Hosur","EV Motor Plant Central Stores, Hosur",25758.20,4636.48,1400.00,0.00,INR,Issued,Approved,1,2025-03-11,Generated purchase order from approved PR.
1474,PO-2025-1474,1324,19,5,2025-03-09,2025-03-20,30 Days,Door delivery to factory stores,"EV Motor Plant, Accounts Payable, Hosur","EV Motor Plant Central Stores, Hosur",2332.58,419.86,1475.00,0.00,INR,Issued,Approved,3,2025-03-09,Generated purchase order from approved PR.
1475,PO-2025-1475,1325,20,6,2025-03-09,2025-03-18,45 Days,Door delivery to factory stores,"EV Motor Plant, Accounts Payable, Hosur","EV Motor Plant Central Stores, Hosur",17597.12,3167.48,1550.00,0.00,INR,Issued,Approved,4,2025-03-09,Generated purchase order from approved PR.
1476,PO-2025-1476,1326,21,6,2025-03-11,2025-03-25,60 Days,Door delivery to factory stores,"EV Motor Plant, Accounts Payable, Hosur","EV Motor Plant Central Stores, Hosur",225.00,40.50,1625.00,0.00,INR,Issued,Approved,5,2025-03-11,Generated purchase order from approved PR.
1477,PO-2025-1477,1327,22,1,2025-03-15,2025-03-20,30 Days,Door delivery to factory stores,"EV Motor Plant, Accounts Payable, Hosur","EV Motor Plant Central Stores, Hosur",5161.84,929.13,1700.00,0.00,INR,Issued,Approved,6,2025-03-15,Generated purchase order from approved PR.
1478,PO-2025-1478,1328,23,2,2025-03-16,2025-03-27,45 Days,Door delivery to factory stores,"EV Motor Plant, Accounts Payable, Hosur","EV Motor Plant Central Stores, Hosur",2422.56,436.06,1775.00,0.00,INR,Issued,Approved,7,2025-03-16,Generated purchase order from approved PR.
1479,PO-2025-1479,1329,24,2,2025-03-15,2025-04-01,60 Days,Door delivery to factory stores,"EV Motor Plant, Accounts Payable, Hosur","EV Motor Plant Central Stores, Hosur",1577.95,284.03,1850.00,0.00,INR,Issued,Approved,8,2025-03-15,Generated purchase order from approved PR.
1480,PO-2025-1480,1330,25,1,2025-03-16,2025-03-23,30 Days,Door delivery to factory stores,"EV Motor Plant, Accounts Payable, Hosur","EV Motor Plant Central Stores, Hosur",429.26,77.27,1925.00,0.00,INR,Issued,Approved,9,2025-03-16,Generated purchase order from approved PR.
1481,PO-2025-1481,1331,26,3,2025-03-16,2025-03-22,45 Days,Door delivery to factory stores,"EV Motor Plant, Accounts Payable, Hosur","EV Motor Plant Central Stores, Hosur",205.20,36.94,500.00,0.00,INR,Issued,Approved,10,2025-03-16,Generated purchase order from approved PR.
1482,PO-2025-1482,1332,27,3,2025-03-16,2025-04-02,60 Days,Door delivery to factory stores,"EV Motor Plant, Accounts Payable, Hosur","EV Motor Plant Central Stores, Hosur",60.75,10.94,575.00,0.00,INR,Issued,Approved,11,2025-03-16,Generated purchase order from approved PR.
1483,PO-2025-1483,1333,28,4,2025-03-13,2025-03-25,30 Days,Door delivery to factory stores,"EV Motor Plant, Accounts Payable, Hosur","EV Motor Plant Central Stores, Hosur",6921.60,1245.89,650.00,0.00,INR,Issued,Approved,12,2025-03-13,Generated purchase order from approved PR.
1484,PO-2025-1484,1334,29,4,2025-03-11,2025-03-31,45 Days,Door delivery to factory stores,"EV Motor Plant, Accounts Payable, Hosur","EV Motor Plant Central Stores, Hosur",420.21,75.64,725.00,0.00,INR,Issued,Approved,13,2025-03-11,Generated purchase order from approved PR.
1485,PO-2025-1485,1335,30,5,2025-03-16,2025-04-07,60 Days,Door delivery to factory stores,"EV Motor Plant, Accounts Payable, Hosur","EV Motor Plant Central Stores, Hosur",67.84,12.21,800.00,0.00,INR,Issued,Approved,1,2025-03-16,Generated purchase order from approved PR.
1486,PO-2025-1486,1336,31,5,2025-03-16,2025-04-08,30 Days,Door delivery to factory stores,"EV Motor Plant, Accounts Payable, Hosur","EV Motor Plant Central Stores, Hosur",938.00,168.84,875.00,0.00,INR,Issued,Approved,3,2025-03-16,Generated purchase order from approved PR.
1487,PO-2025-1487,1337,32,6,2025-03-17,2025-03-30,45 Days,Door delivery to factory stores,"EV Motor Plant, Accounts Payable, Hosur","EV Motor Plant Central Stores, Hosur",1794.52,323.01,950.00,0.00,INR,Issued,Approved,4,2025-03-17,Generated purchase order from approved PR.
1488,PO-2025-1488,1338,33,6,2025-03-15,2025-03-25,60 Days,Door delivery to factory stores,"EV Motor Plant, Accounts Payable, Hosur","EV Motor Plant Central Stores, Hosur",955.84,172.05,1025.00,0.00,INR,Issued,Approved,5,2025-03-15,Generated purchase order from approved PR.
1489,PO-2025-1489,1339,34,1,2025-03-16,2025-04-01,30 Days,Door delivery to factory stores,"EV Motor Plant, Accounts Payable, Hosur","EV Motor Plant Central Stores, Hosur",178695.00,32165.10,1100.00,0.00,INR,Issued,Approved,6,2025-03-16,Generated purchase order from approved PR.
1490,PO-2025-1490,1340,35,2,2025-03-15,2025-03-31,45 Days,Door delivery to factory stores,"EV Motor Plant, Accounts Payable, Hosur","EV Motor Plant Central Stores, Hosur",55553.45,9999.62,1175.00,0.00,INR,Issued,Approved,7,2025-03-15,Generated purchase order from approved PR.
1491,PO-2025-1491,1341,1,2,2025-03-13,2025-03-29,60 Days,Door delivery to factory stores,"EV Motor Plant, Accounts Payable, Hosur","EV Motor Plant Central Stores, Hosur",725400.00,130572.00,1250.00,0.00,INR,Issued,Approved,8,2025-03-13,Generated purchase order from approved PR.
1492,PO-2025-1492,1342,2,1,2025-03-15,2025-03-26,30 Days,Door delivery to factory stores,"EV Motor Plant, Accounts Payable, Hosur","EV Motor Plant Central Stores, Hosur",70186.00,12633.48,1325.00,0.00,INR,Issued,Approved,9,2025-03-15,Generated purchase order from approved PR.
1493,PO-2025-1493,1343,3,3,2025-03-18,2025-03-24,45 Days,Door delivery to factory stores,"EV Motor Plant, Accounts Payable, Hosur","EV Motor Plant Central Stores, Hosur",133694.00,24064.92,1400.00,0.00,INR,Issued,Approved,10,2025-03-18,Generated purchase order from approved PR.
1494,PO-2025-1494,1344,4,3,2025-03-17,2025-03-25,60 Days,Door delivery to factory stores,"EV Motor Plant, Accounts Payable, Hosur","EV Motor Plant Central Stores, Hosur",7340.06,1321.21,1475.00,0.00,INR,Issued,Approved,11,2025-03-17,Generated purchase order from approved PR.
1495,PO-2025-1495,1345,5,4,2025-03-13,2025-03-20,30 Days,Door delivery to factory stores,"EV Motor Plant, Accounts Payable, Hosur","EV Motor Plant Central Stores, Hosur",33771.60,6078.89,1550.00,0.00,INR,Issued,Approved,12,2025-03-13,Generated purchase order from approved PR.
1496,PO-2025-1496,1346,6,4,2025-03-13,2025-03-20,45 Days,Door delivery to factory stores,"EV Motor Plant, Accounts Payable, Hosur","EV Motor Plant Central Stores, Hosur",25417.20,4575.10,1625.00,0.00,INR,Issued,Approved,13,2025-03-13,Generated purchase order from approved PR.
1497,PO-2025-1497,1347,7,5,2025-03-18,2025-04-09,60 Days,Door delivery to factory stores,"EV Motor Plant, Accounts Payable, Hosur","EV Motor Plant Central Stores, Hosur",25212.60,4538.27,1700.00,0.00,INR,Issued,Approved,1,2025-03-18,Generated purchase order from approved PR.
1498,PO-2025-1498,1348,8,5,2025-03-19,2025-03-24,30 Days,Door delivery to factory stores,"EV Motor Plant, Accounts Payable, Hosur","EV Motor Plant Central Stores, Hosur",6859.80,1234.76,1775.00,0.00,INR,Issued,Approved,3,2025-03-19,Generated purchase order from approved PR.
1499,PO-2025-1499,1349,9,6,2025-03-21,2025-04-06,45 Days,Door delivery to factory stores,"EV Motor Plant, Accounts Payable, Hosur","EV Motor Plant Central Stores, Hosur",184181.25,33152.63,1850.00,0.00,INR,Issued,Approved,4,2025-03-21,Generated purchase order from approved PR.
1500,PO-2025-1500,1350,10,6,2025-03-19,2025-04-11,60 Days,Door delivery to factory stores,"EV Motor Plant, Accounts Payable, Hosur","EV Motor Plant Central Stores, Hosur",1399.20,251.86,1925.00,0.00,INR,Issued,Approved,5,2025-03-19,Generated purchase order from approved PR.
1501,PO-2025-1501,1351,11,1,2025-03-18,2025-03-29,30 Days,Door delivery to factory stores,"EV Motor Plant, Accounts Payable, Hosur","EV Motor Plant Central Stores, Hosur",2240.00,403.20,500.00,0.00,INR,Issued,Approved,6,2025-03-18,Generated purchase order from approved PR.
1502,PO-2025-1502,1352,12,2,2025-03-21,2025-04-05,45 Days,Door delivery to factory stores,"EV Motor Plant, Accounts Payable, Hosur","EV Motor Plant Central Stores, Hosur",348.92,62.81,575.00,0.00,INR,Issued,Approved,7,2025-03-21,Generated purchase order from approved PR.
1503,PO-2025-1503,1353,13,2,2025-03-21,2025-04-08,60 Days,Door delivery to factory stores,"EV Motor Plant, Accounts Payable, Hosur","EV Motor Plant Central Stores, Hosur",88250.40,15885.07,650.00,0.00,INR,Issued,Approved,8,2025-03-21,Generated purchase order from approved PR.
1504,PO-2025-1504,1354,14,1,2025-03-22,2025-04-02,30 Days,Door delivery to factory stores,"EV Motor Plant, Accounts Payable, Hosur","EV Motor Plant Central Stores, Hosur",2158.22,388.48,725.00,0.00,INR,Issued,Approved,9,2025-03-22,Generated purchase order from approved PR.
1505,PO-2025-1505,1355,15,3,2025-03-17,2025-03-31,45 Days,Door delivery to factory stores,"EV Motor Plant, Accounts Payable, Hosur","EV Motor Plant Central Stores, Hosur",412128.00,74183.04,800.00,0.00,INR,Issued,Approved,10,2025-03-17,Generated purchase order from approved PR.
1506,PO-2025-1506,1356,16,3,2025-03-21,2025-04-10,60 Days,Door delivery to factory stores,"EV Motor Plant, Accounts Payable, Hosur","EV Motor Plant Central Stores, Hosur",688.00,123.84,875.00,0.00,INR,Issued,Approved,11,2025-03-21,Generated purchase order from approved PR.
1507,PO-2025-1507,1357,17,4,2025-03-18,2025-04-06,30 Days,Door delivery to factory stores,"EV Motor Plant, Accounts Payable, Hosur","EV Motor Plant Central Stores, Hosur",5481.00,986.58,950.00,0.00,INR,Issued,Approved,12,2025-03-18,Generated purchase order from approved PR.
1508,PO-2025-1508,1358,18,4,2025-03-23,2025-04-12,45 Days,Door delivery to factory stores,"EV Motor Plant, Accounts Payable, Hosur","EV Motor Plant Central Stores, Hosur",824.00,148.32,1025.00,0.00,INR,Issued,Approved,13,2025-03-23,Generated purchase order from approved PR.
1509,PO-2025-1509,1359,19,5,2025-03-24,2025-04-16,60 Days,Door delivery to factory stores,"EV Motor Plant, Accounts Payable, Hosur","EV Motor Plant Central Stores, Hosur",2758.80,496.58,1100.00,0.00,INR,Issued,Approved,1,2025-03-24,Generated purchase order from approved PR.
1510,PO-2025-1510,1360,20,5,2025-03-23,2025-04-04,30 Days,Door delivery to factory stores,"EV Motor Plant, Accounts Payable, Hosur","EV Motor Plant Central Stores, Hosur",406404.00,73152.72,1175.00,0.00,INR,Issued,Approved,3,2025-03-23,Generated purchase order from approved PR.
1511,PO-2025-1511,1361,21,6,2025-03-22,2025-04-10,45 Days,Door delivery to factory stores,"EV Motor Plant, Accounts Payable, Hosur","EV Motor Plant Central Stores, Hosur",7800.00,1404.00,1250.00,0.00,INR,Issued,Approved,4,2025-03-22,Generated purchase order from approved PR.
1512,PO-2025-1512,1362,22,6,2025-03-21,2025-04-06,60 Days,Door delivery to factory stores,"EV Motor Plant, Accounts Payable, Hosur","EV Motor Plant Central Stores, Hosur",736281.00,132530.58,1325.00,0.00,INR,Issued,Approved,5,2025-03-21,Generated purchase order from approved PR.
1513,PO-2025-1513,1363,23,1,2025-03-24,2025-04-10,30 Days,Door delivery to factory stores,"EV Motor Plant, Accounts Payable, Hosur","EV Motor Plant Central Stores, Hosur",22093.50,3976.83,1400.00,0.00,INR,Issued,Approved,6,2025-03-24,Generated purchase order from approved PR.
1514,PO-2025-1514,1364,24,2,2025-03-24,2025-04-12,45 Days,Door delivery to factory stores,"EV Motor Plant, Accounts Payable, Hosur","EV Motor Plant Central Stores, Hosur",733381.00,132008.58,1475.00,0.00,INR,Issued,Approved,7,2025-03-24,Generated purchase order from approved PR.
1515,PO-2025-1515,1365,25,2,2025-03-22,2025-04-10,60 Days,Door delivery to factory stores,"EV Motor Plant, Accounts Payable, Hosur","EV Motor Plant Central Stores, Hosur",2528.10,455.06,1550.00,0.00,INR,Issued,Approved,8,2025-03-22,Generated purchase order from approved PR.
1516,PO-2025-1516,1366,26,1,2025-03-27,2025-04-17,30 Days,Door delivery to factory stores,"EV Motor Plant, Accounts Payable, Hosur","EV Motor Plant Central Stores, Hosur",27540.00,4957.20,1625.00,0.00,INR,Issued,Approved,9,2025-03-27,Generated purchase order from approved PR.
1517,PO-2025-1517,1367,27,3,2025-03-28,2025-04-08,45 Days,Door delivery to factory stores,"EV Motor Plant, Accounts Payable, Hosur","EV Motor Plant Central Stores, Hosur",12941.25,2329.43,1700.00,0.00,INR,Issued,Approved,10,2025-03-28,Generated purchase order from approved PR.
1518,PO-2025-1518,1368,28,3,2025-03-22,2025-04-08,60 Days,Door delivery to factory stores,"EV Motor Plant, Accounts Payable, Hosur","EV Motor Plant Central Stores, Hosur",32630.40,5873.47,1775.00,0.00,INR,Issued,Approved,11,2025-03-22,Generated purchase order from approved PR.
1519,PO-2025-1519,1369,29,4,2025-03-22,2025-04-01,30 Days,Door delivery to factory stores,"EV Motor Plant, Accounts Payable, Hosur","EV Motor Plant Central Stores, Hosur",24035.00,4326.30,1850.00,0.00,INR,Issued,Approved,12,2025-03-22,Generated purchase order from approved PR.
1520,PO-2025-1520,1370,30,4,2025-03-26,2025-04-11,45 Days,Door delivery to factory stores,"EV Motor Plant, Accounts Payable, Hosur","EV Motor Plant Central Stores, Hosur",171720.00,30909.60,1925.00,0.00,INR,Issued,Approved,13,2025-03-26,Generated purchase order from approved PR.
1521,PO-2025-1521,1371,31,5,2025-03-27,2025-04-15,60 Days,Door delivery to factory stores,"EV Motor Plant, Accounts Payable, Hosur","EV Motor Plant Central Stores, Hosur",8580.00,1544.40,500.00,0.00,INR,Issued,Approved,1,2025-03-27,Generated purchase order from approved PR.
1522,PO-2025-1522,1372,32,5,2025-03-24,2025-04-13,30 Days,Door delivery to factory stores,"EV Motor Plant, Accounts Payable, Hosur","EV Motor Plant Central Stores, Hosur",34428.80,6197.18,575.00,0.00,INR,Issued,Approved,3,2025-03-24,Generated purchase order from approved PR.
1523,PO-2025-1523,1373,33,6,2025-03-27,2025-04-08,45 Days,Door delivery to factory stores,"EV Motor Plant, Accounts Payable, Hosur","EV Motor Plant Central Stores, Hosur",11124.00,2002.32,650.00,0.00,INR,Issued,Approved,4,2025-03-27,Generated purchase order from approved PR.
1524,PO-2025-1524,1374,34,6,2025-03-26,2025-04-09,60 Days,Door delivery to factory stores,"EV Motor Plant, Accounts Payable, Hosur","EV Motor Plant Central Stores, Hosur",13605.90,2449.06,725.00,0.00,INR,Issued,Approved,5,2025-03-26,Generated purchase order from approved PR.
1525,PO-2025-1525,1375,35,1,2025-03-27,2025-04-07,30 Days,Door delivery to factory stores,"EV Motor Plant, Accounts Payable, Hosur","EV Motor Plant Central Stores, Hosur",40068.00,7212.24,800.00,0.00,INR,Issued,Approved,6,2025-03-27,Generated purchase order from approved PR.
1526,PO-2025-1526,1376,1,2,2025-03-25,2025-04-02,45 Days,Door delivery to factory stores,"EV Motor Plant, Accounts Payable, Hosur","EV Motor Plant Central Stores, Hosur",420000.00,75600.00,875.00,0.00,INR,Issued,Approved,7,2025-03-25,Generated purchase order from approved PR.
1527,PO-2025-1527,1377,2,2,2025-03-26,2025-04-04,60 Days,Door delivery to factory stores,"EV Motor Plant, Accounts Payable, Hosur","EV Motor Plant Central Stores, Hosur",4568.00,822.24,950.00,0.00,INR,Issued,Approved,8,2025-03-26,Generated purchase order from approved PR.
1528,PO-2025-1528,1378,3,1,2025-03-27,2025-04-18,30 Days,Door delivery to factory stores,"EV Motor Plant, Accounts Payable, Hosur","EV Motor Plant Central Stores, Hosur",46813.50,8426.43,1025.00,0.00,INR,Issued,Approved,9,2025-03-27,Generated purchase order from approved PR.
1529,PO-2025-1529,1379,4,3,2025-03-24,2025-04-03,45 Days,Door delivery to factory stores,"EV Motor Plant, Accounts Payable, Hosur","EV Motor Plant Central Stores, Hosur",269192.00,48454.56,1100.00,0.00,INR,Issued,Approved,10,2025-03-24,Generated purchase order from approved PR.
1530,PO-2025-1530,1380,5,3,2025-03-24,2025-04-16,60 Days,Door delivery to factory stores,"EV Motor Plant, Accounts Payable, Hosur","EV Motor Plant Central Stores, Hosur",15900.00,2862.00,1175.00,0.00,INR,Issued,Approved,11,2025-03-24,Generated purchase order from approved PR.
1531,PO-2025-1531,1381,6,4,2025-03-28,2025-04-06,30 Days,Door delivery to factory stores,"EV Motor Plant, Accounts Payable, Hosur","EV Motor Plant Central Stores, Hosur",2295.00,413.10,1250.00,0.00,INR,Issued,Approved,12,2025-03-28,Generated purchase order from approved PR.
1532,PO-2025-1532,1382,7,4,2025-03-27,2025-04-14,45 Days,Door delivery to factory stores,"EV Motor Plant, Accounts Payable, Hosur","EV Motor Plant Central Stores, Hosur",3166.80,570.02,1325.00,0.00,INR,Issued,Approved,13,2025-03-27,Generated purchase order from approved PR.
1533,PO-2025-1533,1383,8,5,2025-03-31,2025-04-15,60 Days,Door delivery to factory stores,"EV Motor Plant, Accounts Payable, Hosur","EV Motor Plant Central Stores, Hosur",7931.00,1427.58,1400.00,0.00,INR,Issued,Approved,1,2025-03-31,Generated purchase order from approved PR.
1534,PO-2025-1534,1384,9,5,2025-03-26,2025-04-13,30 Days,Door delivery to factory stores,"EV Motor Plant, Accounts Payable, Hosur","EV Motor Plant Central Stores, Hosur",21056.75,3790.22,1475.00,0.00,INR,Issued,Approved,3,2025-03-26,Generated purchase order from approved PR.
1535,PO-2025-1535,1385,10,6,2025-03-29,2025-04-15,45 Days,Door delivery to factory stores,"EV Motor Plant, Accounts Payable, Hosur","EV Motor Plant Central Stores, Hosur",16218.00,2919.24,1550.00,0.00,INR,Issued,Approved,4,2025-03-29,Generated purchase order from approved PR.
1536,PO-2025-1536,1386,11,6,2025-03-25,2025-04-12,60 Days,Door delivery to factory stores,"EV Motor Plant, Accounts Payable, Hosur","EV Motor Plant Central Stores, Hosur",5085.00,915.30,1625.00,0.00,INR,Issued,Approved,5,2025-03-25,Generated purchase order from approved PR.
1537,PO-2025-1537,1387,12,1,2025-03-26,2025-04-17,30 Days,Door delivery to factory stores,"EV Motor Plant, Accounts Payable, Hosur","EV Motor Plant Central Stores, Hosur",3121.74,561.91,1700.00,0.00,INR,Issued,Approved,6,2025-03-26,Generated purchase order from approved PR.
1538,PO-2025-1538,1388,13,2,2025-04-01,2025-04-16,45 Days,Door delivery to factory stores,"EV Motor Plant, Accounts Payable, Hosur","EV Motor Plant Central Stores, Hosur",53405.50,9612.99,1775.00,0.00,INR,Issued,Approved,7,2025-04-01,Generated purchase order from approved PR.
1539,PO-2025-1539,1389,14,2,2025-03-30,2025-04-05,60 Days,Door delivery to factory stores,"EV Motor Plant, Accounts Payable, Hosur","EV Motor Plant Central Stores, Hosur",22990.00,4138.20,1850.00,0.00,INR,Issued,Approved,8,2025-03-30,Generated purchase order from approved PR.
1540,PO-2025-1540,1390,15,1,2025-04-02,2025-04-12,30 Days,Door delivery to factory stores,"EV Motor Plant, Accounts Payable, Hosur","EV Motor Plant Central Stores, Hosur",138478.40,24926.11,1925.00,0.00,INR,Issued,Approved,9,2025-04-02,Generated purchase order from approved PR.
1541,PO-2025-1541,1391,16,3,2025-03-28,2025-04-15,45 Days,Door delivery to factory stores,"EV Motor Plant, Accounts Payable, Hosur","EV Motor Plant Central Stores, Hosur",615.00,110.70,500.00,0.00,INR,Issued,Approved,10,2025-03-28,Generated purchase order from approved PR.
1542,PO-2025-1542,1392,17,3,2025-04-02,2025-04-16,60 Days,Door delivery to factory stores,"EV Motor Plant, Accounts Payable, Hosur","EV Motor Plant Central Stores, Hosur",15285.90,2751.46,575.00,0.00,INR,Issued,Approved,11,2025-04-02,Generated purchase order from approved PR.
1543,PO-2025-1543,1393,18,4,2025-03-31,2025-04-15,30 Days,Door delivery to factory stores,"EV Motor Plant, Accounts Payable, Hosur","EV Motor Plant Central Stores, Hosur",1054.72,189.85,650.00,0.00,INR,Issued,Approved,12,2025-03-31,Generated purchase order from approved PR.
1544,PO-2025-1544,1394,19,4,2025-03-30,2025-04-15,45 Days,Door delivery to factory stores,"EV Motor Plant, Accounts Payable, Hosur","EV Motor Plant Central Stores, Hosur",5548.95,998.81,725.00,0.00,INR,Issued,Approved,13,2025-03-30,Generated purchase order from approved PR.
1545,PO-2025-1545,1395,20,5,2025-04-03,2025-04-15,60 Days,Door delivery to factory stores,"EV Motor Plant, Accounts Payable, Hosur","EV Motor Plant Central Stores, Hosur",2544.00,457.92,800.00,0.00,INR,Issued,Approved,1,2025-04-03,Generated purchase order from approved PR.
1546,PO-2025-1546,1396,21,5,2025-04-02,2025-04-21,30 Days,Door delivery to factory stores,"EV Motor Plant, Accounts Payable, Hosur","EV Motor Plant Central Stores, Hosur",54180.00,9752.40,875.00,0.00,INR,Issued,Approved,3,2025-04-02,Generated purchase order from approved PR.
1547,PO-2025-1547,1397,22,6,2025-04-03,2025-04-21,45 Days,Door delivery to factory stores,"EV Motor Plant, Accounts Payable, Hosur","EV Motor Plant Central Stores, Hosur",609.60,109.73,950.00,0.00,INR,Issued,Approved,4,2025-04-03,Generated purchase order from approved PR.
1548,PO-2025-1548,1398,23,6,2025-04-04,2025-04-22,60 Days,Door delivery to factory stores,"EV Motor Plant, Accounts Payable, Hosur","EV Motor Plant Central Stores, Hosur",10336.05,1860.49,1025.00,0.00,INR,Issued,Approved,5,2025-04-04,Generated purchase order from approved PR.
1549,PO-2025-1549,1399,24,1,2025-04-04,2025-04-22,30 Days,Door delivery to factory stores,"EV Motor Plant, Accounts Payable, Hosur","EV Motor Plant Central Stores, Hosur",5226.00,940.68,1100.00,0.00,INR,Issued,Approved,6,2025-04-04,Generated purchase order from approved PR.
1550,PO-2025-1550,1400,25,2,2025-04-03,2025-04-24,45 Days,Door delivery to factory stores,"EV Motor Plant, Accounts Payable, Hosur","EV Motor Plant Central Stores, Hosur",295316.00,53156.88,1175.00,0.00,INR,Issued,Approved,7,2025-04-03,Generated purchase order from approved PR.
1551,PO-2025-1551,1401,26,2,2025-04-04,2025-04-20,60 Days,Door delivery to factory stores,"EV Motor Plant, Accounts Payable, Hosur","EV Motor Plant Central Stores, Hosur",1053.00,189.54,1250.00,0.00,INR,Issued,Approved,8,2025-04-04,Generated purchase order from approved PR.
1552,PO-2025-1552,1402,27,1,2025-04-03,2025-04-26,30 Days,Door delivery to factory stores,"EV Motor Plant, Accounts Payable, Hosur","EV Motor Plant Central Stores, Hosur",10957.56,1972.36,1325.00,0.00,INR,Issued,Approved,9,2025-04-03,Generated purchase order from approved PR.
1553,PO-2025-1553,1403,28,3,2025-04-02,2025-04-09,45 Days,Door delivery to factory stores,"EV Motor Plant, Accounts Payable, Hosur","EV Motor Plant Central Stores, Hosur",5042.88,907.72,1400.00,0.00,INR,Issued,Approved,10,2025-04-02,Generated purchase order from approved PR.
1554,PO-2025-1554,1404,29,3,2025-04-06,2025-04-23,60 Days,Door delivery to factory stores,"EV Motor Plant, Accounts Payable, Hosur","EV Motor Plant Central Stores, Hosur",27431.25,4937.63,1475.00,0.00,INR,Issued,Approved,11,2025-04-06,Generated purchase order from approved PR.
1555,PO-2025-1555,1405,30,4,2025-04-02,2025-04-20,30 Days,Door delivery to factory stores,"EV Motor Plant, Accounts Payable, Hosur","EV Motor Plant Central Stores, Hosur",598.90,107.80,1550.00,0.00,INR,Issued,Approved,12,2025-04-02,Generated purchase order from approved PR.
1556,PO-2025-1556,1406,31,4,2025-03-31,2025-04-14,45 Days,Door delivery to factory stores,"EV Motor Plant, Accounts Payable, Hosur","EV Motor Plant Central Stores, Hosur",8100.00,1458.00,1625.00,0.00,INR,Issued,Approved,13,2025-03-31,Generated purchase order from approved PR.
1557,PO-2025-1557,1407,32,5,2025-04-02,2025-04-12,60 Days,Door delivery to factory stores,"EV Motor Plant, Accounts Payable, Hosur","EV Motor Plant Central Stores, Hosur",83.43,15.02,1700.00,0.00,INR,Issued,Approved,1,2025-04-02,Generated purchase order from approved PR.
1558,PO-2025-1558,1408,33,5,2025-04-07,2025-04-22,30 Days,Door delivery to factory stores,"EV Motor Plant, Accounts Payable, Hosur","EV Motor Plant Central Stores, Hosur",5690.75,1024.34,1775.00,0.00,INR,Issued,Approved,3,2025-04-07,Generated purchase order from approved PR.
1559,PO-2025-1559,1409,34,6,2025-04-01,2025-04-12,45 Days,Door delivery to factory stores,"EV Motor Plant, Accounts Payable, Hosur","EV Motor Plant Central Stores, Hosur",420.21,75.64,1850.00,0.00,INR,Issued,Approved,4,2025-04-01,Generated purchase order from approved PR.
1560,PO-2025-1560,1410,35,6,2025-04-03,2025-04-25,60 Days,Door delivery to factory stores,"EV Motor Plant, Accounts Payable, Hosur","EV Motor Plant Central Stores, Hosur",20871.40,3756.85,1925.00,0.00,INR,Issued,Approved,5,2025-04-03,Generated purchase order from approved PR.
1561,PO-2025-1561,1411,1,1,2025-04-04,2025-04-15,30 Days,Door delivery to factory stores,"EV Motor Plant, Accounts Payable, Hosur","EV Motor Plant Central Stores, Hosur",187.20,33.70,500.00,0.00,INR,Issued,Approved,6,2025-04-04,Generated purchase order from approved PR.
1562,PO-2025-1562,1412,2,2,2025-04-04,2025-04-12,45 Days,Door delivery to factory stores,"EV Motor Plant, Accounts Payable, Hosur","EV Motor Plant Central Stores, Hosur",442.25,79.61,575.00,0.00,INR,Issued,Approved,7,2025-04-04,Generated purchase order from approved PR.
1563,PO-2025-1563,1413,3,2,2025-04-07,2025-04-22,60 Days,Door delivery to factory stores,"EV Motor Plant, Accounts Payable, Hosur","EV Motor Plant Central Stores, Hosur",753.96,135.71,650.00,0.00,INR,Issued,Approved,8,2025-04-07,Generated purchase order from approved PR.
1564,PO-2025-1564,1414,4,1,2025-04-06,2025-04-18,30 Days,Door delivery to factory stores,"EV Motor Plant, Accounts Payable, Hosur","EV Motor Plant Central Stores, Hosur",1847.56,332.56,725.00,0.00,INR,Issued,Approved,9,2025-04-06,Generated purchase order from approved PR.
1565,PO-2025-1565,1415,5,3,2025-04-07,2025-04-13,45 Days,Door delivery to factory stores,"EV Motor Plant, Accounts Payable, Hosur","EV Motor Plant Central Stores, Hosur",938.10,168.86,800.00,0.00,INR,Issued,Approved,10,2025-04-07,Generated purchase order from approved PR.
1566,PO-2025-1566,1416,6,3,2025-04-10,2025-04-25,60 Days,Door delivery to factory stores,"EV Motor Plant, Accounts Payable, Hosur","EV Motor Plant Central Stores, Hosur",408.00,73.44,875.00,0.00,INR,Issued,Approved,11,2025-04-10,Generated purchase order from approved PR.
1567,PO-2025-1567,1417,7,4,2025-04-05,2025-04-20,30 Days,Door delivery to factory stores,"EV Motor Plant, Accounts Payable, Hosur","EV Motor Plant Central Stores, Hosur",1843.24,331.78,950.00,0.00,INR,Issued,Approved,12,2025-04-05,Generated purchase order from approved PR.
1568,PO-2025-1568,1418,8,4,2025-04-09,2025-04-17,45 Days,Door delivery to factory stores,"EV Motor Plant, Accounts Payable, Hosur","EV Motor Plant Central Stores, Hosur",885.80,159.44,1025.00,0.00,INR,Issued,Approved,13,2025-04-09,Generated purchase order from approved PR.
1569,PO-2025-1569,1419,9,5,2025-04-07,2025-04-23,60 Days,Door delivery to factory stores,"EV Motor Plant, Accounts Payable, Hosur","EV Motor Plant Central Stores, Hosur",21088.75,3795.98,1100.00,0.00,INR,Issued,Approved,1,2025-04-07,Generated purchase order from approved PR.
1570,PO-2025-1570,1420,10,5,2025-04-09,2025-04-24,30 Days,Door delivery to factory stores,"EV Motor Plant, Accounts Payable, Hosur","EV Motor Plant Central Stores, Hosur",3286.00,591.48,1175.00,0.00,INR,Issued,Approved,3,2025-04-09,Generated purchase order from approved PR.
1571,PO-2025-1571,1421,11,6,2025-04-09,2025-04-28,45 Days,Door delivery to factory stores,"EV Motor Plant, Accounts Payable, Hosur","EV Motor Plant Central Stores, Hosur",4063.80,731.48,1250.00,0.00,INR,Issued,Approved,4,2025-04-09,Generated purchase order from approved PR.
1572,PO-2025-1572,1422,12,6,2025-04-11,2025-04-22,60 Days,Door delivery to factory stores,"EV Motor Plant, Accounts Payable, Hosur","EV Motor Plant Central Stores, Hosur",234.85,42.27,1325.00,0.00,INR,Issued,Approved,5,2025-04-11,Generated purchase order from approved PR.
1573,PO-2025-1573,1423,13,1,2025-04-09,2025-04-18,30 Days,Door delivery to factory stores,"EV Motor Plant, Accounts Payable, Hosur","EV Motor Plant Central Stores, Hosur",13580.85,2444.55,1400.00,0.00,INR,Issued,Approved,6,2025-04-09,Generated purchase order from approved PR.
1574,PO-2025-1574,1424,14,2,2025-04-10,2025-05-03,45 Days,Door delivery to factory stores,"EV Motor Plant, Accounts Payable, Hosur","EV Motor Plant Central Stores, Hosur",3047.22,548.50,1475.00,0.00,INR,Issued,Approved,7,2025-04-10,Generated purchase order from approved PR.
1575,PO-2025-1575,1425,15,2,2025-04-07,2025-04-22,60 Days,Door delivery to factory stores,"EV Motor Plant, Accounts Payable, Hosur","EV Motor Plant Central Stores, Hosur",8382.70,1508.89,1550.00,0.00,INR,Issued,Approved,8,2025-04-07,Generated purchase order from approved PR.
1576,PO-2025-1576,1426,16,1,2025-04-11,2025-04-16,30 Days,Door delivery to factory stores,"EV Motor Plant, Accounts Payable, Hosur","EV Motor Plant Central Stores, Hosur",515.00,92.70,1625.00,0.00,INR,Issued,Approved,9,2025-04-11,Generated purchase order from approved PR.
1577,PO-2025-1577,1427,17,3,2025-04-10,2025-04-30,45 Days,Door delivery to factory stores,"EV Motor Plant, Accounts Payable, Hosur","EV Motor Plant Central Stores, Hosur",3635.73,654.43,1700.00,0.00,INR,Issued,Approved,10,2025-04-10,Generated purchase order from approved PR.
1578,PO-2025-1578,1428,18,3,2025-04-12,2025-04-20,60 Days,Door delivery to factory stores,"EV Motor Plant, Accounts Payable, Hosur","EV Motor Plant Central Stores, Hosur",387.04,69.67,1775.00,0.00,INR,Issued,Approved,11,2025-04-12,Generated purchase order from approved PR.
1579,PO-2025-1579,1429,19,4,2025-04-11,2025-04-30,30 Days,Door delivery to factory stores,"EV Motor Plant, Accounts Payable, Hosur","EV Motor Plant Central Stores, Hosur",978.12,176.06,1850.00,0.00,INR,Issued,Approved,12,2025-04-11,Generated purchase order from approved PR.
1580,PO-2025-1580,1430,20,4,2025-04-06,2025-04-24,45 Days,Door delivery to factory stores,"EV Motor Plant, Accounts Payable, Hosur","EV Motor Plant Central Stores, Hosur",463.75,83.48,1925.00,0.00,INR,Issued,Approved,13,2025-04-06,Generated purchase order from approved PR.
1581,PO-2025-1581,1431,21,5,2025-04-10,2025-05-03,60 Days,Door delivery to factory stores,"EV Motor Plant, Accounts Payable, Hosur","EV Motor Plant Central Stores, Hosur",231.00,41.58,500.00,0.00,INR,Issued,Approved,1,2025-04-10,Generated purchase order from approved PR.
1582,PO-2025-1582,1432,22,5,2025-04-06,2025-04-29,30 Days,Door delivery to factory stores,"EV Motor Plant, Accounts Payable, Hosur","EV Motor Plant Central Stores, Hosur",501.42,90.26,575.00,0.00,INR,Issued,Approved,3,2025-04-06,Generated purchase order from approved PR.
1583,PO-2025-1583,1433,23,6,2025-04-09,2025-04-19,45 Days,Door delivery to factory stores,"EV Motor Plant, Accounts Payable, Hosur","EV Motor Plant Central Stores, Hosur",769.41,138.49,650.00,0.00,INR,Issued,Approved,4,2025-04-09,Generated purchase order from approved PR.
1584,PO-2025-1584,1434,24,6,2025-04-09,2025-04-28,60 Days,Door delivery to factory stores,"EV Motor Plant, Accounts Payable, Hosur","EV Motor Plant Central Stores, Hosur",1588.40,285.91,725.00,0.00,INR,Issued,Approved,5,2025-04-09,Generated purchase order from approved PR.
1585,PO-2025-1585,1435,25,1,2025-04-13,2025-04-24,30 Days,Door delivery to factory stores,"EV Motor Plant, Accounts Payable, Hosur","EV Motor Plant Central Stores, Hosur",508.80,91.58,800.00,0.00,INR,Issued,Approved,6,2025-04-13,Generated purchase order from approved PR.
1586,PO-2025-1586,1436,26,2,2025-04-13,2025-04-29,45 Days,Door delivery to factory stores,"EV Motor Plant, Accounts Payable, Hosur","EV Motor Plant Central Stores, Hosur",5115.00,920.70,875.00,0.00,INR,Issued,Approved,7,2025-04-13,Generated purchase order from approved PR.
1587,PO-2025-1587,1437,27,2,2025-04-08,2025-04-24,60 Days,Door delivery to factory stores,"EV Motor Plant, Accounts Payable, Hosur","EV Motor Plant Central Stores, Hosur",548.10,98.66,950.00,0.00,INR,Issued,Approved,8,2025-04-08,Generated purchase order from approved PR.
1588,PO-2025-1588,1438,28,1,2025-04-12,2025-04-18,30 Days,Door delivery to factory stores,"EV Motor Plant, Accounts Payable, Hosur","EV Motor Plant Central Stores, Hosur",1903.44,342.62,1025.00,0.00,INR,Issued,Approved,9,2025-04-12,Generated purchase order from approved PR.
1589,PO-2025-1589,1439,29,3,2025-04-08,2025-04-13,45 Days,Door delivery to factory stores,"EV Motor Plant, Accounts Payable, Hosur","EV Motor Plant Central Stores, Hosur",632016.00,113762.88,1100.00,0.00,INR,Issued,Approved,10,2025-04-08,Generated purchase order from approved PR.
1590,PO-2025-1590,1440,30,3,2025-04-11,2025-04-17,60 Days,Door delivery to factory stores,"EV Motor Plant, Accounts Payable, Hosur","EV Motor Plant Central Stores, Hosur",16294.10,2932.94,1175.00,0.00,INR,Issued,Approved,11,2025-04-11,Generated purchase order from approved PR.
1591,PO-2025-1591,1441,31,4,2025-04-15,2025-04-22,30 Days,Door delivery to factory stores,"EV Motor Plant, Accounts Payable, Hosur","EV Motor Plant Central Stores, Hosur",368400.00,66312.00,1250.00,0.00,INR,Issued,Approved,12,2025-04-15,Generated purchase order from approved PR.
1592,PO-2025-1592,1442,32,4,2025-04-09,2025-04-18,45 Days,Door delivery to factory stores,"EV Motor Plant, Accounts Payable, Hosur","EV Motor Plant Central Stores, Hosur",7503.00,1350.54,1325.00,0.00,INR,Issued,Approved,13,2025-04-09,Generated purchase order from approved PR.
1593,PO-2025-1593,1443,33,5,2025-04-14,2025-05-06,60 Days,Door delivery to factory stores,"EV Motor Plant, Accounts Payable, Hosur","EV Motor Plant Central Stores, Hosur",793100.00,142758.00,1400.00,0.00,INR,Issued,Approved,1,2025-04-14,Generated purchase order from approved PR.
1594,PO-2025-1594,1444,34,5,2025-04-10,2025-04-24,30 Days,Door delivery to factory stores,"EV Motor Plant, Accounts Payable, Hosur","EV Motor Plant Central Stores, Hosur",10653.96,1917.71,1475.00,0.00,INR,Issued,Approved,3,2025-04-10,Generated purchase order from approved PR.
1595,PO-2025-1595,1445,35,6,2025-04-15,2025-05-05,45 Days,Door delivery to factory stores,"EV Motor Plant, Accounts Payable, Hosur","EV Motor Plant Central Stores, Hosur",48081.60,8654.69,1550.00,0.00,INR,Issued,Approved,4,2025-04-15,Generated purchase order from approved PR.
1596,PO-2025-1596,1446,1,6,2025-04-11,2025-05-01,60 Days,Door delivery to factory stores,"EV Motor Plant, Accounts Payable, Hosur","EV Motor Plant Central Stores, Hosur",7197.60,1295.57,1625.00,0.00,INR,Issued,Approved,5,2025-04-11,Generated purchase order from approved PR.
1597,PO-2025-1597,1447,2,1,2025-04-16,2025-05-04,30 Days,Door delivery to factory stores,"EV Motor Plant, Accounts Payable, Hosur","EV Motor Plant Central Stores, Hosur",40194.00,7234.92,1700.00,0.00,INR,Issued,Approved,6,2025-04-16,Generated purchase order from approved PR.
1598,PO-2025-1598,1448,3,2,2025-04-13,2025-04-25,45 Days,Door delivery to factory stores,"EV Motor Plant, Accounts Payable, Hosur","EV Motor Plant Central Stores, Hosur",4097.34,737.52,1775.00,0.00,INR,Issued,Approved,7,2025-04-13,Generated purchase order from approved PR.
1599,PO-2025-1599,1449,4,2,2025-04-16,2025-05-07,60 Days,Door delivery to factory stores,"EV Motor Plant, Accounts Payable, Hosur","EV Motor Plant Central Stores, Hosur",201267.00,36228.06,1850.00,0.00,INR,Issued,Approved,8,2025-04-16,Generated purchase order from approved PR.
1600,PO-2025-1600,1450,5,1,2025-04-13,2025-05-02,30 Days,Door delivery to factory stores,"EV Motor Plant, Accounts Payable, Hosur","EV Motor Plant Central Stores, Hosur",769.56,138.52,1925.00,0.00,INR,Issued,Approved,9,2025-04-13,Generated purchase order from approved PR.
1601,PO-2025-1601,1451,6,3,2025-04-12,2025-05-01,45 Days,Door delivery to factory stores,"EV Motor Plant, Accounts Payable, Hosur","EV Motor Plant Central Stores, Hosur",49720.00,8949.60,500.00,0.00,INR,Issued,Approved,10,2025-04-12,Generated purchase order from approved PR.
1602,PO-2025-1602,1452,7,3,2025-04-10,2025-05-02,60 Days,Door delivery to factory stores,"EV Motor Plant, Accounts Payable, Hosur","EV Motor Plant Central Stores, Hosur",268.40,48.31,575.00,0.00,INR,Issued,Approved,11,2025-04-10,Generated purchase order from approved PR.
1603,PO-2025-1603,1453,8,4,2025-04-14,2025-04-30,30 Days,Door delivery to factory stores,"EV Motor Plant, Accounts Payable, Hosur","EV Motor Plant Central Stores, Hosur",325377.00,58567.86,650.00,0.00,INR,Issued,Approved,12,2025-04-14,Generated purchase order from approved PR.
1604,PO-2025-1604,1454,9,4,2025-04-12,2025-04-27,45 Days,Door delivery to factory stores,"EV Motor Plant, Accounts Payable, Hosur","EV Motor Plant Central Stores, Hosur",182.12,32.78,725.00,0.00,INR,Issued,Approved,13,2025-04-12,Generated purchase order from approved PR.
1605,PO-2025-1605,1455,10,5,2025-04-11,2025-05-02,60 Days,Door delivery to factory stores,"EV Motor Plant, Accounts Payable, Hosur","EV Motor Plant Central Stores, Hosur",545688.00,98223.84,800.00,0.00,INR,Issued,Approved,1,2025-04-11,Generated purchase order from approved PR.
1606,PO-2025-1606,1456,11,5,2025-04-16,2025-04-29,30 Days,Door delivery to factory stores,"EV Motor Plant, Accounts Payable, Hosur","EV Motor Plant Central Stores, Hosur",248.00,44.64,875.00,0.00,INR,Issued,Approved,3,2025-04-16,Generated purchase order from approved PR.
1607,PO-2025-1607,1457,12,6,2025-04-16,2025-05-06,45 Days,Door delivery to factory stores,"EV Motor Plant, Accounts Payable, Hosur","EV Motor Plant Central Stores, Hosur",70796.25,12743.33,950.00,0.00,INR,Issued,Approved,4,2025-04-16,Generated purchase order from approved PR.
1608,PO-2025-1608,1458,13,6,2025-04-12,2025-04-18,60 Days,Door delivery to factory stores,"EV Motor Plant, Accounts Payable, Hosur","EV Motor Plant Central Stores, Hosur",745.72,134.23,1025.00,0.00,INR,Issued,Approved,5,2025-04-12,Generated purchase order from approved PR.
1609,PO-2025-1609,1459,14,1,2025-04-13,2025-04-18,30 Days,Door delivery to factory stores,"EV Motor Plant, Accounts Payable, Hosur","EV Motor Plant Central Stores, Hosur",30472.20,5485.00,1100.00,0.00,INR,Issued,Approved,6,2025-04-13,Generated purchase order from approved PR.
1610,PO-2025-1610,1460,15,2,2025-04-16,2025-05-01,45 Days,Door delivery to factory stores,"EV Motor Plant, Accounts Payable, Hosur","EV Motor Plant Central Stores, Hosur",531272.00,95628.96,1175.00,0.00,INR,Issued,Approved,7,2025-04-16,Generated purchase order from approved PR.
1611,PO-2025-1611,1461,16,2,2025-04-15,2025-04-21,60 Days,Door delivery to factory stores,"EV Motor Plant, Accounts Payable, Hosur","EV Motor Plant Central Stores, Hosur",1540.00,277.20,1250.00,0.00,INR,Issued,Approved,8,2025-04-15,Generated purchase order from approved PR.
1612,PO-2025-1612,1462,17,1,2025-04-19,2025-05-12,30 Days,Door delivery to factory stores,"EV Motor Plant, Accounts Payable, Hosur","EV Motor Plant Central Stores, Hosur",476238.00,85722.84,1325.00,0.00,INR,Issued,Approved,9,2025-04-19,Generated purchase order from approved PR.
1613,PO-2025-1613,1463,18,3,2025-04-17,2025-04-22,45 Days,Door delivery to factory stores,"EV Motor Plant, Accounts Payable, Hosur","EV Motor Plant Central Stores, Hosur",2889.15,520.05,1400.00,0.00,INR,Issued,Approved,10,2025-04-17,Generated purchase order from approved PR.
1614,PO-2025-1614,1464,19,3,2025-04-15,2025-05-03,60 Days,Door delivery to factory stores,"EV Motor Plant, Accounts Payable, Hosur","EV Motor Plant Central Stores, Hosur",1745150.00,314127.00,1475.00,0.00,INR,Issued,Approved,11,2025-04-15,Generated purchase order from approved PR.
1615,PO-2025-1615,1465,20,4,2025-04-18,2025-04-27,30 Days,Door delivery to factory stores,"EV Motor Plant, Accounts Payable, Hosur","EV Motor Plant Central Stores, Hosur",12826.00,2308.68,1550.00,0.00,INR,Issued,Approved,12,2025-04-18,Generated purchase order from approved PR.
1616,PO-2025-1616,1466,21,4,2025-04-19,2025-05-12,45 Days,Door delivery to factory stores,"EV Motor Plant, Accounts Payable, Hosur","EV Motor Plant Central Stores, Hosur",47520.00,8553.60,1625.00,0.00,INR,Issued,Approved,13,2025-04-19,Generated purchase order from approved PR.
1617,PO-2025-1617,1467,22,5,2025-04-17,2025-04-29,60 Days,Door delivery to factory stores,"EV Motor Plant, Accounts Payable, Hosur","EV Motor Plant Central Stores, Hosur",112543.20,20257.78,1700.00,0.00,INR,Issued,Approved,1,2025-04-17,Generated purchase order from approved PR.
1618,PO-2025-1618,1468,23,5,2025-04-17,2025-04-22,30 Days,Door delivery to factory stores,"EV Motor Plant, Accounts Payable, Hosur","EV Motor Plant Central Stores, Hosur",30591.00,5506.38,1775.00,0.00,INR,Issued,Approved,3,2025-04-17,Generated purchase order from approved PR.
1619,PO-2025-1619,1469,24,6,2025-04-18,2025-04-23,45 Days,Door delivery to factory stores,"EV Motor Plant, Accounts Payable, Hosur","EV Motor Plant Central Stores, Hosur",8888.94,1600.01,1850.00,0.00,INR,Issued,Approved,4,2025-04-18,Generated purchase order from approved PR.
1620,PO-2025-1620,1470,25,6,2025-04-15,2025-04-30,60 Days,Door delivery to factory stores,"EV Motor Plant, Accounts Payable, Hosur","EV Motor Plant Central Stores, Hosur",305280.00,54950.40,1925.00,0.00,INR,Issued,Approved,5,2025-04-15,Generated purchase order from approved PR.
1621,PO-2025-1621,1471,26,1,2025-04-18,2025-05-11,30 Days,Door delivery to factory stores,"EV Motor Plant, Accounts Payable, Hosur","EV Motor Plant Central Stores, Hosur",40350.00,7263.00,500.00,0.00,INR,Issued,Approved,6,2025-04-18,Generated purchase order from approved PR.
1622,PO-2025-1622,1472,27,2,2025-04-18,2025-05-11,45 Days,Door delivery to factory stores,"EV Motor Plant, Accounts Payable, Hosur","EV Motor Plant Central Stores, Hosur",9378.60,1688.15,575.00,0.00,INR,Issued,Approved,7,2025-04-18,Generated purchase order from approved PR.
1623,PO-2025-1623,1473,28,2,2025-04-21,2025-05-02,60 Days,Door delivery to factory stores,"EV Motor Plant, Accounts Payable, Hosur","EV Motor Plant Central Stores, Hosur",28366.20,5105.92,650.00,0.00,INR,Issued,Approved,8,2025-04-21,Generated purchase order from approved PR.
1624,PO-2025-1624,1474,29,1,2025-04-22,2025-05-06,30 Days,Door delivery to factory stores,"EV Motor Plant, Accounts Payable, Hosur","EV Motor Plant Central Stores, Hosur",127699.00,22985.82,725.00,0.00,INR,Issued,Approved,9,2025-04-22,Generated purchase order from approved PR.
1625,PO-2025-1625,1475,30,3,2025-04-20,2025-04-26,45 Days,Door delivery to factory stores,"EV Motor Plant, Accounts Payable, Hosur","EV Motor Plant Central Stores, Hosur",445.20,80.14,800.00,0.00,INR,Issued,Approved,10,2025-04-20,Generated purchase order from approved PR.
1626,PO-2025-1626,1476,31,3,2025-04-17,2025-05-01,60 Days,Door delivery to factory stores,"EV Motor Plant, Accounts Payable, Hosur","EV Motor Plant Central Stores, Hosur",951600.00,171288.00,875.00,0.00,INR,Issued,Approved,11,2025-04-17,Generated purchase order from approved PR.
1627,PO-2025-1627,1477,32,4,2025-04-17,2025-05-03,30 Days,Door delivery to factory stores,"EV Motor Plant, Accounts Payable, Hosur","EV Motor Plant Central Stores, Hosur",7917.00,1425.06,950.00,0.00,INR,Issued,Approved,12,2025-04-17,Generated purchase order from approved PR.
1628,PO-2025-1628,1478,33,4,2025-04-16,2025-04-25,45 Days,Door delivery to factory stores,"EV Motor Plant, Accounts Payable, Hosur","EV Motor Plant Central Stores, Hosur",74160.00,13348.80,1025.00,0.00,INR,Issued,Approved,13,2025-04-16,Generated purchase order from approved PR.
1629,PO-2025-1629,1479,34,5,2025-04-20,2025-05-06,60 Days,Door delivery to factory stores,"EV Motor Plant, Accounts Payable, Hosur","EV Motor Plant Central Stores, Hosur",381216.00,68618.88,1100.00,0.00,INR,Issued,Approved,1,2025-04-20,Generated purchase order from approved PR.
1630,PO-2025-1630,1480,35,5,2025-04-23,2025-05-15,30 Days,Door delivery to factory stores,"EV Motor Plant, Accounts Payable, Hosur","EV Motor Plant Central Stores, Hosur",6487.20,1167.70,1175.00,0.00,INR,Issued,Approved,3,2025-04-23,Generated purchase order from approved PR.
1631,PO-2025-1631,1481,1,6,2025-04-22,2025-04-27,45 Days,Door delivery to factory stores,"EV Motor Plant, Accounts Payable, Hosur","EV Motor Plant Central Stores, Hosur",49280.00,8870.40,1250.00,0.00,INR,Issued,Approved,4,2025-04-22,Generated purchase order from approved PR.
1632,PO-2025-1632,1482,2,6,2025-04-21,2025-04-30,60 Days,Door delivery to factory stores,"EV Motor Plant, Accounts Payable, Hosur","EV Motor Plant Central Stores, Hosur",19427.10,3496.88,1325.00,0.00,INR,Issued,Approved,5,2025-04-21,Generated purchase order from approved PR.
1633,PO-2025-1633,1483,3,1,2025-04-18,2025-04-26,30 Days,Door delivery to factory stores,"EV Motor Plant, Accounts Payable, Hosur","EV Motor Plant Central Stores, Hosur",177675.00,31981.50,1400.00,0.00,INR,Issued,Approved,6,2025-04-18,Generated purchase order from approved PR.
1634,PO-2025-1634,1484,4,2,2025-04-21,2025-04-28,45 Days,Door delivery to factory stores,"EV Motor Plant, Accounts Payable, Hosur","EV Motor Plant Central Stores, Hosur",282.24,50.80,1475.00,0.00,INR,Issued,Approved,7,2025-04-21,Generated purchase order from approved PR.
1635,PO-2025-1635,1485,5,2,2025-04-21,2025-04-29,60 Days,Door delivery to factory stores,"EV Motor Plant, Accounts Payable, Hosur","EV Motor Plant Central Stores, Hosur",69483.00,12506.94,1550.00,0.00,INR,Issued,Approved,8,2025-04-21,Generated purchase order from approved PR.
1636,PO-2025-1636,1486,6,1,2025-04-21,2025-05-07,30 Days,Door delivery to factory stores,"EV Motor Plant, Accounts Payable, Hosur","EV Motor Plant Central Stores, Hosur",16610.00,2989.80,1625.00,0.00,INR,Issued,Approved,9,2025-04-21,Generated purchase order from approved PR.
1637,PO-2025-1637,1487,7,3,2025-04-19,2025-04-25,45 Days,Door delivery to factory stores,"EV Motor Plant, Accounts Payable, Hosur","EV Motor Plant Central Stores, Hosur",893.20,160.78,1700.00,0.00,INR,Issued,Approved,10,2025-04-19,Generated purchase order from approved PR.
1638,PO-2025-1638,1488,8,3,2025-04-23,2025-05-12,60 Days,Door delivery to factory stores,"EV Motor Plant, Accounts Payable, Hosur","EV Motor Plant Central Stores, Hosur",178560.80,32140.94,1775.00,0.00,INR,Issued,Approved,11,2025-04-23,Generated purchase order from approved PR.
1639,PO-2025-1639,1489,9,4,2025-04-20,2025-05-11,30 Days,Door delivery to factory stores,"EV Motor Plant, Accounts Payable, Hosur","EV Motor Plant Central Stores, Hosur",426.36,76.74,1850.00,0.00,INR,Issued,Approved,12,2025-04-20,Generated purchase order from approved PR.
1640,PO-2025-1640,1490,10,4,2025-04-20,2025-05-12,45 Days,Door delivery to factory stores,"EV Motor Plant, Accounts Payable, Hosur","EV Motor Plant Central Stores, Hosur",10202.50,1836.45,1925.00,0.00,INR,Issued,Approved,13,2025-04-20,Generated purchase order from approved PR.
1641,PO-2025-1641,1491,11,5,2025-04-19,2025-05-06,60 Days,Door delivery to factory stores,"EV Motor Plant, Accounts Payable, Hosur","EV Motor Plant Central Stores, Hosur",670.00,120.60,500.00,0.00,INR,Issued,Approved,1,2025-04-19,Generated purchase order from approved PR.
1642,PO-2025-1642,1492,12,5,2025-04-20,2025-04-28,30 Days,Door delivery to factory stores,"EV Motor Plant, Accounts Payable, Hosur","EV Motor Plant Central Stores, Hosur",61661.25,11099.03,575.00,0.00,INR,Issued,Approved,3,2025-04-20,Generated purchase order from approved PR.
1643,PO-2025-1643,1493,13,6,2025-04-22,2025-04-28,45 Days,Door delivery to factory stores,"EV Motor Plant, Accounts Payable, Hosur","EV Motor Plant Central Stores, Hosur",1596.50,287.37,650.00,0.00,INR,Issued,Approved,4,2025-04-22,Generated purchase order from approved PR.
1644,PO-2025-1644,1494,14,6,2025-04-23,2025-05-02,60 Days,Door delivery to factory stores,"EV Motor Plant, Accounts Payable, Hosur","EV Motor Plant Central Stores, Hosur",28403.10,5112.56,725.00,0.00,INR,Issued,Approved,5,2025-04-23,Generated purchase order from approved PR.
1645,PO-2025-1645,1495,15,1,2025-04-20,2025-05-13,30 Days,Door delivery to factory stores,"EV Motor Plant, Accounts Payable, Hosur","EV Motor Plant Central Stores, Hosur",1348.32,242.70,800.00,0.00,INR,Issued,Approved,6,2025-04-20,Generated purchase order from approved PR.
1646,PO-2025-1646,1496,16,2,2025-04-27,2025-05-20,45 Days,Door delivery to factory stores,"EV Motor Plant, Accounts Payable, Hosur","EV Motor Plant Central Stores, Hosur",2364.00,425.52,875.00,0.00,INR,Issued,Approved,7,2025-04-27,Generated purchase order from approved PR.
1647,PO-2025-1647,1497,17,2,2025-04-22,2025-05-04,60 Days,Door delivery to factory stores,"EV Motor Plant, Accounts Payable, Hosur","EV Motor Plant Central Stores, Hosur",5590.62,1006.31,950.00,0.00,INR,Issued,Approved,8,2025-04-22,Generated purchase order from approved PR.
1648,PO-2025-1648,1498,18,1,2025-04-23,2025-05-04,30 Days,Door delivery to factory stores,"EV Motor Plant, Accounts Payable, Hosur","EV Motor Plant Central Stores, Hosur",20517.60,3693.17,1025.00,0.00,INR,Issued,Approved,9,2025-04-23,Generated purchase order from approved PR.
1649,PO-2025-1649,1499,19,3,2025-04-24,2025-05-08,45 Days,Door delivery to factory stores,"EV Motor Plant, Accounts Payable, Hosur","EV Motor Plant Central Stores, Hosur",19000.12,3420.02,1100.00,0.00,INR,Issued,Approved,10,2025-04-24,Generated purchase order from approved PR.
1650,PO-2025-1650,1500,20,3,2025-04-25,2025-05-05,60 Days,Door delivery to factory stores,"EV Motor Plant, Accounts Payable, Hosur","EV Motor Plant Central Stores, Hosur",593600.00,106848.00,1175.00,0.00,INR,Issued,Approved,11,2025-04-25,Generated purchase order from approved PR.
1651,PO-2025-1651,1501,21,4,2025-04-28,2025-05-21,30 Days,Door delivery to factory stores,"EV Motor Plant, Accounts Payable, Hosur","EV Motor Plant Central Stores, Hosur",2480.00,446.40,1250.00,0.00,INR,Issued,Approved,12,2025-04-28,Generated purchase order from approved PR.
1652,PO-2025-1652,1502,22,4,2025-04-24,2025-05-03,45 Days,Door delivery to factory stores,"EV Motor Plant, Accounts Payable, Hosur","EV Motor Plant Central Stores, Hosur",13621.30,2451.83,1325.00,0.00,INR,Issued,Approved,13,2025-04-24,Generated purchase order from approved PR.
1653,PO-2025-1653,1503,23,5,2025-04-25,2025-05-07,60 Days,Door delivery to factory stores,"EV Motor Plant, Accounts Payable, Hosur","EV Motor Plant Central Stores, Hosur",536.30,96.53,1400.00,0.00,INR,Issued,Approved,1,2025-04-25,Generated purchase order from approved PR.
1654,PO-2025-1654,1504,24,5,2025-04-28,2025-05-11,30 Days,Door delivery to factory stores,"EV Motor Plant, Accounts Payable, Hosur","EV Motor Plant Central Stores, Hosur",146561.25,26381.03,1475.00,0.00,INR,Issued,Approved,3,2025-04-28,Generated purchase order from approved PR.
1655,PO-2025-1655,1505,25,6,2025-04-22,2025-04-29,45 Days,Door delivery to factory stores,"EV Motor Plant, Accounts Payable, Hosur","EV Motor Plant Central Stores, Hosur",2976.48,535.77,1550.00,0.00,INR,Issued,Approved,4,2025-04-22,Generated purchase order from approved PR.
1656,PO-2025-1656,1506,26,6,2025-04-23,2025-05-05,60 Days,Door delivery to factory stores,"EV Motor Plant, Accounts Payable, Hosur","EV Motor Plant Central Stores, Hosur",21850.00,3933.00,1625.00,0.00,INR,Issued,Approved,5,2025-04-23,Generated purchase order from approved PR.
1657,PO-2025-1657,1507,27,1,2025-04-25,2025-05-16,30 Days,Door delivery to factory stores,"EV Motor Plant, Accounts Payable, Hosur","EV Motor Plant Central Stores, Hosur",245.22,44.14,1700.00,0.00,INR,Issued,Approved,6,2025-04-25,Generated purchase order from approved PR.
1658,PO-2025-1658,1508,28,2,2025-04-29,2025-05-06,45 Days,Door delivery to factory stores,"EV Motor Plant, Accounts Payable, Hosur","EV Motor Plant Central Stores, Hosur",10135.20,1824.34,1775.00,0.00,INR,Issued,Approved,7,2025-04-29,Generated purchase order from approved PR.
1659,PO-2025-1659,1509,29,2,2025-04-29,2025-05-15,60 Days,Door delivery to factory stores,"EV Motor Plant, Accounts Payable, Hosur","EV Motor Plant Central Stores, Hosur",407.40,73.33,1850.00,0.00,INR,Issued,Approved,8,2025-04-29,Generated purchase order from approved PR.
1660,PO-2025-1660,1510,30,1,2025-04-26,2025-05-08,30 Days,Door delivery to factory stores,"EV Motor Plant, Accounts Payable, Hosur","EV Motor Plant Central Stores, Hosur",129.32,23.28,1925.00,0.00,INR,Issued,Approved,9,2025-04-26,Generated purchase order from approved PR.
1661,PO-2025-1661,1511,31,3,2025-04-27,2025-05-05,45 Days,Door delivery to factory stores,"EV Motor Plant, Accounts Payable, Hosur","EV Motor Plant Central Stores, Hosur",632.50,113.85,500.00,0.00,INR,Issued,Approved,10,2025-04-27,Generated purchase order from approved PR.
1662,PO-2025-1662,1512,32,3,2025-05-01,2025-05-06,60 Days,Door delivery to factory stores,"EV Motor Plant, Accounts Payable, Hosur","EV Motor Plant Central Stores, Hosur",320.04,57.61,575.00,0.00,INR,Issued,Approved,11,2025-05-01,Generated purchase order from approved PR.
1663,PO-2025-1663,1513,33,4,2025-04-25,2025-05-05,30 Days,Door delivery to factory stores,"EV Motor Plant, Accounts Payable, Hosur","EV Motor Plant Central Stores, Hosur",3532.90,635.92,650.00,0.00,INR,Issued,Approved,12,2025-04-25,Generated purchase order from approved PR.
1664,PO-2025-1664,1514,34,4,2025-04-26,2025-05-02,45 Days,Door delivery to factory stores,"EV Motor Plant, Accounts Payable, Hosur","EV Motor Plant Central Stores, Hosur",2257.20,406.30,725.00,0.00,INR,Issued,Approved,13,2025-04-26,Generated purchase order from approved PR.
1665,PO-2025-1665,1515,35,5,2025-04-28,2025-05-10,60 Days,Door delivery to factory stores,"EV Motor Plant, Accounts Payable, Hosur","EV Motor Plant Central Stores, Hosur",135.68,24.42,800.00,0.00,INR,Issued,Approved,1,2025-04-28,Generated purchase order from approved PR.
1666,PO-2025-1666,1516,1,5,2025-04-26,2025-05-16,30 Days,Door delivery to factory stores,"EV Motor Plant, Accounts Payable, Hosur","EV Motor Plant Central Stores, Hosur",384.00,69.12,875.00,0.00,INR,Issued,Approved,3,2025-04-26,Generated purchase order from approved PR.
1667,PO-2025-1667,1517,2,6,2025-05-02,2025-05-20,45 Days,Door delivery to factory stores,"EV Motor Plant, Accounts Payable, Hosur","EV Motor Plant Central Stores, Hosur",4329.45,779.30,950.00,0.00,INR,Issued,Approved,4,2025-05-02,Generated purchase order from approved PR.
1668,PO-2025-1668,1518,3,6,2025-04-29,2025-05-22,60 Days,Door delivery to factory stores,"EV Motor Plant, Accounts Payable, Hosur","EV Motor Plant Central Stores, Hosur",3578.22,644.08,1025.00,0.00,INR,Issued,Approved,5,2025-04-29,Generated purchase order from approved PR.
1669,PO-2025-1669,1519,4,1,2025-04-29,2025-05-12,30 Days,Door delivery to factory stores,"EV Motor Plant, Accounts Payable, Hosur","EV Motor Plant Central Stores, Hosur",101475.38,18265.57,1100.00,0.00,INR,Issued,Approved,6,2025-04-29,Generated purchase order from approved PR.
1670,PO-2025-1670,1520,5,2,2025-04-27,2025-05-15,45 Days,Door delivery to factory stores,"EV Motor Plant, Accounts Payable, Hosur","EV Motor Plant Central Stores, Hosur",17315.10,3116.72,1175.00,0.00,INR,Issued,Approved,7,2025-04-27,Generated purchase order from approved PR.
1671,PO-2025-1671,1521,6,2,2025-04-27,2025-05-14,60 Days,Door delivery to factory stores,"EV Motor Plant, Accounts Payable, Hosur","EV Motor Plant Central Stores, Hosur",8331.50,1499.67,1250.00,0.00,INR,Issued,Approved,8,2025-04-27,Generated purchase order from approved PR.
1672,PO-2025-1672,1522,7,1,2025-05-03,2025-05-12,30 Days,Door delivery to factory stores,"EV Motor Plant, Accounts Payable, Hosur","EV Motor Plant Central Stores, Hosur",487.68,87.78,1325.00,0.00,INR,Issued,Approved,9,2025-05-03,Generated purchase order from approved PR.
1673,PO-2025-1673,1523,8,3,2025-05-02,2025-05-12,45 Days,Door delivery to factory stores,"EV Motor Plant, Accounts Payable, Hosur","EV Motor Plant Central Stores, Hosur",23093.76,4156.88,1400.00,0.00,INR,Issued,Approved,10,2025-05-02,Generated purchase order from approved PR.
1674,PO-2025-1674,1524,9,3,2025-04-30,2025-05-15,60 Days,Door delivery to factory stores,"EV Motor Plant, Accounts Payable, Hosur","EV Motor Plant Central Stores, Hosur",150.72,27.13,1475.00,0.00,INR,Issued,Approved,11,2025-04-30,Generated purchase order from approved PR.
1675,PO-2025-1675,1525,10,4,2025-04-29,2025-05-19,30 Days,Door delivery to factory stores,"EV Motor Plant, Accounts Payable, Hosur","EV Motor Plant Central Stores, Hosur",8586.00,1545.48,1550.00,0.00,INR,Issued,Approved,12,2025-04-29,Generated purchase order from approved PR.
1676,PO-2025-1676,1526,11,4,2025-04-30,2025-05-13,45 Days,Door delivery to factory stores,"EV Motor Plant, Accounts Payable, Hosur","EV Motor Plant Central Stores, Hosur",1518.00,273.24,1625.00,0.00,INR,Issued,Approved,13,2025-04-30,Generated purchase order from approved PR.
1677,PO-2025-1677,1527,12,5,2025-05-04,2025-05-13,60 Days,Door delivery to factory stores,"EV Motor Plant, Accounts Payable, Hosur","EV Motor Plant Central Stores, Hosur",2070.60,372.71,1700.00,0.00,INR,Issued,Approved,1,2025-05-04,Generated purchase order from approved PR.
1678,PO-2025-1678,1528,13,5,2025-05-02,2025-05-25,30 Days,Door delivery to factory stores,"EV Motor Plant, Accounts Payable, Hosur","EV Motor Plant Central Stores, Hosur",169.88,30.58,1775.00,0.00,INR,Issued,Approved,3,2025-05-02,Generated purchase order from approved PR.
1679,PO-2025-1679,1529,14,6,2025-05-01,2025-05-08,45 Days,Door delivery to factory stores,"EV Motor Plant, Accounts Payable, Hosur","EV Motor Plant Central Stores, Hosur",163.75,29.48,1850.00,0.00,INR,Issued,Approved,4,2025-05-01,Generated purchase order from approved PR.
1680,PO-2025-1680,1530,15,6,2025-04-30,2025-05-23,60 Days,Door delivery to factory stores,"EV Motor Plant, Accounts Payable, Hosur","EV Motor Plant Central Stores, Hosur",113.05,20.35,1925.00,0.00,INR,Issued,Approved,5,2025-04-30,Generated purchase order from approved PR.
1681,PO-2025-1681,1531,16,1,2025-05-05,2025-05-25,30 Days,Door delivery to factory stores,"EV Motor Plant, Accounts Payable, Hosur","EV Motor Plant Central Stores, Hosur",3080.00,554.40,500.00,0.00,INR,Issued,Approved,6,2025-05-05,Generated purchase order from approved PR.
1682,PO-2025-1682,1532,17,2,2025-05-01,2025-05-21,45 Days,Door delivery to factory stores,"EV Motor Plant, Accounts Payable, Hosur","EV Motor Plant Central Stores, Hosur",60.96,10.97,575.00,0.00,INR,Issued,Approved,7,2025-05-01,Generated purchase order from approved PR.
1683,PO-2025-1683,1533,18,2,2025-05-02,2025-05-22,60 Days,Door delivery to factory stores,"EV Motor Plant, Accounts Payable, Hosur","EV Motor Plant Central Stores, Hosur",762.20,137.20,650.00,0.00,INR,Issued,Approved,8,2025-05-02,Generated purchase order from approved PR.
1684,PO-2025-1684,1534,19,1,2025-05-07,2025-05-15,30 Days,Door delivery to factory stores,"EV Motor Plant, Accounts Payable, Hosur","EV Motor Plant Central Stores, Hosur",1449.36,260.88,725.00,0.00,INR,Issued,Approved,9,2025-05-07,Generated purchase order from approved PR.
1685,PO-2025-1685,1535,20,3,2025-05-07,2025-05-24,45 Days,Door delivery to factory stores,"EV Motor Plant, Accounts Payable, Hosur","EV Motor Plant Central Stores, Hosur",1161.76,209.12,800.00,0.00,INR,Issued,Approved,10,2025-05-07,Generated purchase order from approved PR.
1686,PO-2025-1686,1536,21,3,2025-05-06,2025-05-25,60 Days,Door delivery to factory stores,"EV Motor Plant, Accounts Payable, Hosur","EV Motor Plant Central Stores, Hosur",692.00,124.56,875.00,0.00,INR,Issued,Approved,11,2025-05-06,Generated purchase order from approved PR.
1687,PO-2025-1687,1537,22,4,2025-05-03,2025-05-22,30 Days,Door delivery to factory stores,"EV Motor Plant, Accounts Payable, Hosur","EV Motor Plant Central Stores, Hosur",458577.00,82543.86,950.00,0.00,INR,Issued,Approved,12,2025-05-03,Generated purchase order from approved PR.
1688,PO-2025-1688,1538,23,4,2025-05-03,2025-05-13,45 Days,Door delivery to factory stores,"EV Motor Plant, Accounts Payable, Hosur","EV Motor Plant Central Stores, Hosur",6526.38,1174.75,1025.00,0.00,INR,Issued,Approved,13,2025-05-03,Generated purchase order from approved PR.
1689,PO-2025-1689,1539,24,5,2025-05-02,2025-05-10,60 Days,Door delivery to factory stores,"EV Motor Plant, Accounts Payable, Hosur","EV Motor Plant Central Stores, Hosur",719169.00,129450.42,1100.00,0.00,INR,Issued,Approved,1,2025-05-02,Generated purchase order from approved PR.
1690,PO-2025-1690,1540,25,5,2025-05-09,2025-05-20,30 Days,Door delivery to factory stores,"EV Motor Plant, Accounts Payable, Hosur","EV Motor Plant Central Stores, Hosur",101787.03,18321.67,1175.00,0.00,INR,Issued,Approved,3,2025-05-09,Generated purchase order from approved PR.
1691,PO-2025-1691,1541,26,6,2025-05-05,2025-05-19,45 Days,Door delivery to factory stores,"EV Motor Plant, Accounts Payable, Hosur","EV Motor Plant Central Stores, Hosur",756800.00,136224.00,1250.00,0.00,INR,Issued,Approved,4,2025-05-05,Generated purchase order from approved PR.
1692,PO-2025-1692,1542,27,6,2025-05-07,2025-05-22,60 Days,Door delivery to factory stores,"EV Motor Plant, Accounts Payable, Hosur","EV Motor Plant Central Stores, Hosur",16133.00,2903.94,1325.00,0.00,INR,Issued,Approved,5,2025-05-07,Generated purchase order from approved PR.
1693,PO-2025-1693,1543,28,1,2025-05-06,2025-05-26,30 Days,Door delivery to factory stores,"EV Motor Plant, Accounts Payable, Hosur","EV Motor Plant Central Stores, Hosur",20023.20,3604.18,1400.00,0.00,INR,Issued,Approved,6,2025-05-06,Generated purchase order from approved PR.
1694,PO-2025-1694,1544,29,2,2025-05-06,2025-05-25,45 Days,Door delivery to factory stores,"EV Motor Plant, Accounts Payable, Hosur","EV Motor Plant Central Stores, Hosur",3816.25,686.93,1475.00,0.00,INR,Issued,Approved,7,2025-05-06,Generated purchase order from approved PR.
1695,PO-2025-1695,1545,30,2,2025-05-09,2025-05-26,60 Days,Door delivery to factory stores,"EV Motor Plant, Accounts Payable, Hosur","EV Motor Plant Central Stores, Hosur",93110.40,16759.87,1550.00,0.00,INR,Issued,Approved,8,2025-05-09,Generated purchase order from approved PR.
1696,PO-2025-1696,1546,31,1,2025-05-06,2025-05-16,30 Days,Door delivery to factory stores,"EV Motor Plant, Accounts Payable, Hosur","EV Motor Plant Central Stores, Hosur",3690.00,664.20,1625.00,0.00,INR,Issued,Approved,9,2025-05-06,Generated purchase order from approved PR.
1697,PO-2025-1697,1547,32,3,2025-05-11,2025-05-25,45 Days,Door delivery to factory stores,"EV Motor Plant, Accounts Payable, Hosur","EV Motor Plant Central Stores, Hosur",33495.00,6029.10,1700.00,0.00,INR,Issued,Approved,10,2025-05-11,Generated purchase order from approved PR.
1698,PO-2025-1698,1548,33,3,2025-05-08,2025-05-19,60 Days,Door delivery to factory stores,"EV Motor Plant, Accounts Payable, Hosur","EV Motor Plant Central Stores, Hosur",2255.70,406.03,1775.00,0.00,INR,Issued,Approved,11,2025-05-08,Generated purchase order from approved PR.
1699,PO-2025-1699,1549,34,4,2025-05-08,2025-05-17,30 Days,Door delivery to factory stores,"EV Motor Plant, Accounts Payable, Hosur","EV Motor Plant Central Stores, Hosur",10868.00,1956.24,1850.00,0.00,INR,Issued,Approved,12,2025-05-08,Generated purchase order from approved PR.
1700,PO-2025-1700,1550,35,4,2025-05-13,2025-05-18,45 Days,Door delivery to factory stores,"EV Motor Plant, Accounts Payable, Hosur","EV Motor Plant Central Stores, Hosur",381.00,68.58,1925.00,0.00,INR,Issued,Approved,13,2025-05-13,Generated purchase order from approved PR.
1701,PO-2025-1701,1551,1,5,2025-05-14,2025-05-25,60 Days,Door delivery to factory stores,"EV Motor Plant, Accounts Payable, Hosur","EV Motor Plant Central Stores, Hosur",49560.00,8920.80,500.00,0.00,INR,Issued,Approved,1,2025-05-14,Generated purchase order from approved PR.
1702,PO-2025-1702,1552,2,5,2025-05-14,2025-05-23,30 Days,Door delivery to factory stores,"EV Motor Plant, Accounts Payable, Hosur","EV Motor Plant Central Stores, Hosur",3766.18,677.91,575.00,0.00,INR,Issued,Approved,3,2025-05-14,Generated purchase order from approved PR.
1703,PO-2025-1703,1553,3,6,2025-05-14,2025-05-29,45 Days,Door delivery to factory stores,"EV Motor Plant, Accounts Payable, Hosur","EV Motor Plant Central Stores, Hosur",405408.00,72973.44,650.00,0.00,INR,Issued,Approved,4,2025-05-14,Generated purchase order from approved PR.
1704,PO-2025-1704,1554,4,6,2025-05-14,2025-05-20,60 Days,Door delivery to factory stores,"EV Motor Plant, Accounts Payable, Hosur","EV Motor Plant Central Stores, Hosur",497.42,89.54,725.00,0.00,INR,Issued,Approved,5,2025-05-14,Generated purchase order from approved PR.
1705,PO-2025-1705,1555,5,1,2025-05-14,2025-05-24,30 Days,Door delivery to factory stores,"EV Motor Plant, Accounts Payable, Hosur","EV Motor Plant Central Stores, Hosur",35298.00,6353.64,800.00,0.00,INR,Issued,Approved,6,2025-05-14,Generated purchase order from approved PR.
1706,PO-2025-1706,1556,6,2,2025-05-12,2025-05-17,45 Days,Door delivery to factory stores,"EV Motor Plant, Accounts Payable, Hosur","EV Motor Plant Central Stores, Hosur",448.00,80.64,875.00,0.00,INR,Issued,Approved,7,2025-05-12,Generated purchase order from approved PR.
1707,PO-2025-1707,1557,7,2,2025-05-16,2025-06-02,60 Days,Door delivery to factory stores,"EV Motor Plant, Accounts Payable, Hosur","EV Motor Plant Central Stores, Hosur",2496.90,449.44,950.00,0.00,INR,Issued,Approved,8,2025-05-16,Generated purchase order from approved PR.
1708,PO-2025-1708,1558,8,1,2025-05-16,2025-05-31,30 Days,Door delivery to factory stores,"EV Motor Plant, Accounts Payable, Hosur","EV Motor Plant Central Stores, Hosur",771264.00,138827.52,1025.00,0.00,INR,Issued,Approved,9,2025-05-16,Generated purchase order from approved PR.
1709,PO-2025-1709,1559,9,3,2025-05-11,2025-05-22,45 Days,Door delivery to factory stores,"EV Motor Plant, Accounts Payable, Hosur","EV Motor Plant Central Stores, Hosur",3887.40,699.73,1100.00,0.00,INR,Issued,Approved,10,2025-05-11,Generated purchase order from approved PR.
1710,PO-2025-1710,1560,10,3,2025-05-14,2025-05-21,60 Days,Door delivery to factory stores,"EV Motor Plant, Accounts Payable, Hosur","EV Motor Plant Central Stores, Hosur",3036264.00,546527.52,1175.00,0.00,INR,Issued,Approved,11,2025-05-14,Generated purchase order from approved PR.
1711,PO-2025-1711,1561,11,4,2025-05-17,2025-06-09,30 Days,Door delivery to factory stores,"EV Motor Plant, Accounts Payable, Hosur","EV Motor Plant Central Stores, Hosur",5200.00,936.00,1250.00,0.00,INR,Issued,Approved,12,2025-05-17,Generated purchase order from approved PR.
1712,PO-2025-1712,1562,12,4,2025-05-15,2025-05-31,45 Days,Door delivery to factory stores,"EV Motor Plant, Accounts Payable, Hosur","EV Motor Plant Central Stores, Hosur",1027180.00,184892.40,1325.00,0.00,INR,Issued,Approved,13,2025-05-15,Generated purchase order from approved PR.
1713,PO-2025-1713,1563,13,5,2025-05-16,2025-06-02,60 Days,Door delivery to factory stores,"EV Motor Plant, Accounts Payable, Hosur","EV Motor Plant Central Stores, Hosur",10938.60,1968.95,1400.00,0.00,INR,Issued,Approved,1,2025-05-16,Generated purchase order from approved PR.
1714,PO-2025-1714,1564,14,5,2025-05-12,2025-05-27,30 Days,Door delivery to factory stores,"EV Motor Plant, Accounts Payable, Hosur","EV Motor Plant Central Stores, Hosur",11286.00,2031.48,1475.00,0.00,INR,Issued,Approved,3,2025-05-12,Generated purchase order from approved PR.
1715,PO-2025-1715,1565,15,6,2025-05-17,2025-06-06,45 Days,Door delivery to factory stores,"EV Motor Plant, Accounts Payable, Hosur","EV Motor Plant Central Stores, Hosur",100912.00,18164.16,1550.00,0.00,INR,Issued,Approved,4,2025-05-17,Generated purchase order from approved PR.
1716,PO-2025-1716,1566,16,6,2025-05-17,2025-06-08,60 Days,Door delivery to factory stores,"EV Motor Plant, Accounts Payable, Hosur","EV Motor Plant Central Stores, Hosur",29160.00,5248.80,1625.00,0.00,INR,Issued,Approved,5,2025-05-17,Generated purchase order from approved PR.
1717,PO-2025-1717,1567,17,1,2025-05-17,2025-05-29,30 Days,Door delivery to factory stores,"EV Motor Plant, Accounts Payable, Hosur","EV Motor Plant Central Stores, Hosur",99916.60,17984.99,1700.00,0.00,INR,Issued,Approved,6,2025-05-17,Generated purchase order from approved PR.
1718,PO-2025-1718,1568,18,2,2025-05-16,2025-06-03,45 Days,Door delivery to factory stores,"EV Motor Plant, Accounts Payable, Hosur","EV Motor Plant Central Stores, Hosur",33990.00,6118.20,1775.00,0.00,INR,Issued,Approved,7,2025-05-16,Generated purchase order from approved PR.
1719,PO-2025-1719,1569,19,2,2025-05-19,2025-05-28,60 Days,Door delivery to factory stores,"EV Motor Plant, Accounts Payable, Hosur","EV Motor Plant Central Stores, Hosur",14107.50,2539.35,1850.00,0.00,INR,Issued,Approved,8,2025-05-19,Generated purchase order from approved PR.
1720,PO-2025-1720,1570,20,1,2025-05-15,2025-06-01,30 Days,Door delivery to factory stores,"EV Motor Plant, Accounts Payable, Hosur","EV Motor Plant Central Stores, Hosur",13568.00,2442.24,1925.00,0.00,INR,Issued,Approved,9,2025-05-15,Generated purchase order from approved PR.
1721,PO-2025-1721,1571,21,3,2025-05-19,2025-05-31,45 Days,Door delivery to factory stores,"EV Motor Plant, Accounts Payable, Hosur","EV Motor Plant Central Stores, Hosur",11970.00,2154.60,500.00,0.00,INR,Issued,Approved,10,2025-05-19,Generated purchase order from approved PR.
1722,PO-2025-1722,1572,22,3,2025-05-18,2025-05-23,60 Days,Door delivery to factory stores,"EV Motor Plant, Accounts Payable, Hosur","EV Motor Plant Central Stores, Hosur",36661.80,6599.12,575.00,0.00,INR,Issued,Approved,11,2025-05-18,Generated purchase order from approved PR.
1723,PO-2025-1723,1573,23,4,2025-05-16,2025-06-08,30 Days,Door delivery to factory stores,"EV Motor Plant, Accounts Payable, Hosur","EV Motor Plant Central Stores, Hosur",66187.80,11913.80,650.00,0.00,INR,Issued,Approved,12,2025-05-16,Generated purchase order from approved PR.
1724,PO-2025-1724,1574,24,4,2025-05-19,2025-06-09,45 Days,Door delivery to factory stores,"EV Motor Plant, Accounts Payable, Hosur","EV Motor Plant Central Stores, Hosur",401280.00,72230.40,725.00,0.00,INR,Issued,Approved,13,2025-05-19,Generated purchase order from approved PR.
1725,PO-2025-1725,1575,25,5,2025-05-16,2025-05-26,60 Days,Door delivery to factory stores,"EV Motor Plant, Accounts Payable, Hosur","EV Motor Plant Central Stores, Hosur",1097.10,197.48,800.00,0.00,INR,Issued,Approved,1,2025-05-16,Generated purchase order from approved PR.
1726,PO-2025-1726,1576,26,5,2025-05-21,2025-06-13,30 Days,Door delivery to factory stores,"EV Motor Plant, Accounts Payable, Hosur","EV Motor Plant Central Stores, Hosur",22950.00,4131.00,875.00,0.00,INR,Issued,Approved,3,2025-05-21,Generated purchase order from approved PR.
1727,PO-2025-1727,1577,27,6,2025-05-21,2025-06-01,45 Days,Door delivery to factory stores,"EV Motor Plant, Accounts Payable, Hosur","EV Motor Plant Central Stores, Hosur",316883.00,57038.94,950.00,0.00,INR,Issued,Approved,4,2025-05-21,Generated purchase order from approved PR.
1728,PO-2025-1728,1578,28,6,2025-05-20,2025-06-02,60 Days,Door delivery to factory stores,"EV Motor Plant, Accounts Payable, Hosur","EV Motor Plant Central Stores, Hosur",14275.80,2569.64,1025.00,0.00,INR,Issued,Approved,5,2025-05-20,Generated purchase order from approved PR.
1729,PO-2025-1729,1579,29,1,2025-05-21,2025-06-11,30 Days,Door delivery to factory stores,"EV Motor Plant, Accounts Payable, Hosur","EV Motor Plant Central Stores, Hosur",6839.91,1231.18,1100.00,0.00,INR,Issued,Approved,6,2025-05-21,Generated purchase order from approved PR.
1730,PO-2025-1730,1580,30,2,2025-05-19,2025-05-29,45 Days,Door delivery to factory stores,"EV Motor Plant, Accounts Payable, Hosur","EV Motor Plant Central Stores, Hosur",1780.80,320.54,1175.00,0.00,INR,Issued,Approved,7,2025-05-19,Generated purchase order from approved PR.
1731,PO-2025-1731,1581,31,2,2025-05-23,2025-06-05,60 Days,Door delivery to factory stores,"EV Motor Plant, Accounts Payable, Hosur","EV Motor Plant Central Stores, Hosur",29050.00,5229.00,1250.00,0.00,INR,Issued,Approved,8,2025-05-23,Generated purchase order from approved PR.
1732,PO-2025-1732,1582,32,1,2025-05-20,2025-06-06,30 Days,Door delivery to factory stores,"EV Motor Plant, Accounts Payable, Hosur","EV Motor Plant Central Stores, Hosur",3298.75,593.78,1325.00,0.00,INR,Issued,Approved,9,2025-05-20,Generated purchase order from approved PR.
1733,PO-2025-1733,1583,33,3,2025-05-23,2025-05-30,45 Days,Door delivery to factory stores,"EV Motor Plant, Accounts Payable, Hosur","EV Motor Plant Central Stores, Hosur",29664.00,5339.52,1400.00,0.00,INR,Issued,Approved,10,2025-05-23,Generated purchase order from approved PR.
1734,PO-2025-1734,1584,34,3,2025-05-24,2025-06-06,60 Days,Door delivery to factory stores,"EV Motor Plant, Accounts Payable, Hosur","EV Motor Plant Central Stores, Hosur",10111.45,1820.06,1475.00,0.00,INR,Issued,Approved,11,2025-05-24,Generated purchase order from approved PR.
1735,PO-2025-1735,1585,35,4,2025-05-18,2025-05-28,30 Days,Door delivery to factory stores,"EV Motor Plant, Accounts Payable, Hosur","EV Motor Plant Central Stores, Hosur",212.00,38.16,1550.00,0.00,INR,Issued,Approved,12,2025-05-18,Generated purchase order from approved PR.
1736,PO-2025-1736,1586,1,4,2025-05-21,2025-06-07,45 Days,Door delivery to factory stores,"EV Motor Plant, Accounts Payable, Hosur","EV Motor Plant Central Stores, Hosur",122400.00,22032.00,1625.00,0.00,INR,Issued,Approved,13,2025-05-21,Generated purchase order from approved PR.
1737,PO-2025-1737,1587,2,5,2025-05-21,2025-05-28,60 Days,Door delivery to factory stores,"EV Motor Plant, Accounts Payable, Hosur","EV Motor Plant Central Stores, Hosur",16077.60,2893.97,1700.00,0.00,INR,Issued,Approved,1,2025-05-21,Generated purchase order from approved PR.
1738,PO-2025-1738,1588,3,5,2025-05-21,2025-05-30,30 Days,Door delivery to factory stores,"EV Motor Plant, Accounts Payable, Hosur","EV Motor Plant Central Stores, Hosur",72965.20,13133.74,1775.00,0.00,INR,Issued,Approved,3,2025-05-21,Generated purchase order from approved PR.
1739,PO-2025-1739,1589,4,6,2025-05-20,2025-06-07,45 Days,Door delivery to factory stores,"EV Motor Plant, Accounts Payable, Hosur","EV Motor Plant Central Stores, Hosur",188.40,33.91,1850.00,0.00,INR,Issued,Approved,4,2025-05-20,Generated purchase order from approved PR.
1740,PO-2025-1740,1590,5,6,2025-05-25,2025-06-01,60 Days,Door delivery to factory stores,"EV Motor Plant, Accounts Payable, Hosur","EV Motor Plant Central Stores, Hosur",19461.60,3503.09,1925.00,0.00,INR,Issued,Approved,5,2025-05-25,Generated purchase order from approved PR.
1741,PO-2025-1741,1591,6,1,2025-05-24,2025-06-06,30 Days,Door delivery to factory stores,"EV Motor Plant, Accounts Payable, Hosur","EV Motor Plant Central Stores, Hosur",392.00,70.56,500.00,0.00,INR,Issued,Approved,6,2025-05-24,Generated purchase order from approved PR.
1742,PO-2025-1742,1592,7,2,2025-05-22,2025-06-09,45 Days,Door delivery to factory stores,"EV Motor Plant, Accounts Payable, Hosur","EV Motor Plant Central Stores, Hosur",5389.65,970.14,575.00,0.00,INR,Issued,Approved,7,2025-05-22,Generated purchase order from approved PR.
1743,PO-2025-1743,1593,8,2,2025-05-21,2025-06-09,60 Days,Door delivery to factory stores,"EV Motor Plant, Accounts Payable, Hosur","EV Motor Plant Central Stores, Hosur",3090.00,556.20,650.00,0.00,INR,Issued,Approved,8,2025-05-21,Generated purchase order from approved PR.
1744,PO-2025-1744,1594,9,1,2025-05-22,2025-05-28,30 Days,Door delivery to factory stores,"EV Motor Plant, Accounts Payable, Hosur","EV Motor Plant Central Stores, Hosur",20189.40,3634.09,725.00,0.00,INR,Issued,Approved,9,2025-05-22,Generated purchase order from approved PR.
1745,PO-2025-1745,1595,10,3,2025-05-26,2025-06-16,45 Days,Door delivery to factory stores,"EV Motor Plant, Accounts Payable, Hosur","EV Motor Plant Central Stores, Hosur",328.60,59.15,800.00,0.00,INR,Issued,Approved,10,2025-05-26,Generated purchase order from approved PR.
1746,PO-2025-1746,1596,11,3,2025-05-24,2025-06-11,60 Days,Door delivery to factory stores,"EV Motor Plant, Accounts Payable, Hosur","EV Motor Plant Central Stores, Hosur",5400.00,972.00,875.00,0.00,INR,Issued,Approved,11,2025-05-24,Generated purchase order from approved PR.
1747,PO-2025-1747,1597,12,4,2025-05-22,2025-06-02,30 Days,Door delivery to factory stores,"EV Motor Plant, Accounts Payable, Hosur","EV Motor Plant Central Stores, Hosur",11344.86,2042.07,950.00,0.00,INR,Issued,Approved,12,2025-05-22,Generated purchase order from approved PR.
1748,PO-2025-1748,1598,13,4,2025-05-23,2025-06-11,45 Days,Door delivery to factory stores,"EV Motor Plant, Accounts Payable, Hosur","EV Motor Plant Central Stores, Hosur",131222.00,23619.96,1025.00,0.00,INR,Issued,Approved,13,2025-05-23,Generated purchase order from approved PR.
1749,PO-2025-1749,1599,14,5,2025-05-23,2025-06-10,60 Days,Door delivery to factory stores,"EV Motor Plant, Accounts Payable, Hosur","EV Motor Plant Central Stores, Hosur",486.70,87.61,1100.00,0.00,INR,Issued,Approved,1,2025-05-23,Generated purchase order from approved PR.
1750,PO-2025-1750,1600,15,5,2025-05-24,2025-06-09,30 Days,Door delivery to factory stores,"EV Motor Plant, Accounts Payable, Hosur","EV Motor Plant Central Stores, Hosur",14055.60,2530.01,1175.00,0.00,INR,Issued,Approved,3,2025-05-24,Generated purchase order from approved PR.
1751,PO-2025-1751,1601,16,6,2025-05-23,2025-06-07,45 Days,Door delivery to factory stores,"EV Motor Plant, Accounts Payable, Hosur","EV Motor Plant Central Stores, Hosur",3684.00,663.12,1250.00,0.00,INR,Issued,Approved,4,2025-05-23,Generated purchase order from approved PR.
1752,PO-2025-1752,1602,17,6,2025-05-22,2025-06-09,60 Days,Door delivery to factory stores,"EV Motor Plant, Accounts Payable, Hosur","EV Motor Plant Central Stores, Hosur",20604.50,3708.81,1325.00,0.00,INR,Issued,Approved,5,2025-05-22,Generated purchase order from approved PR.
1753,PO-2025-1753,1603,18,1,2025-05-22,2025-06-14,30 Days,Door delivery to factory stores,"EV Motor Plant, Accounts Payable, Hosur","EV Motor Plant Central Stores, Hosur",224.46,40.40,1400.00,0.00,INR,Issued,Approved,6,2025-05-22,Generated purchase order from approved PR.
1754,PO-2025-1754,1604,19,2,2025-05-28,2025-06-12,45 Days,Door delivery to factory stores,"EV Motor Plant, Accounts Payable, Hosur","EV Motor Plant Central Stores, Hosur",25863.75,4655.48,1475.00,0.00,INR,Issued,Approved,7,2025-05-28,Generated purchase order from approved PR.
1755,PO-2025-1755,1605,20,2,2025-05-29,2025-06-18,60 Days,Door delivery to factory stores,"EV Motor Plant, Accounts Payable, Hosur","EV Motor Plant Central Stores, Hosur",189.55,34.12,1550.00,0.00,INR,Issued,Approved,8,2025-05-29,Generated purchase order from approved PR.
1756,PO-2025-1756,1606,21,1,2025-05-23,2025-06-11,30 Days,Door delivery to factory stores,"EV Motor Plant, Accounts Payable, Hosur","EV Motor Plant Central Stores, Hosur",4825.00,868.50,1625.00,0.00,INR,Issued,Approved,9,2025-05-23,Generated purchase order from approved PR.
1757,PO-2025-1757,1607,22,3,2025-05-25,2025-06-15,45 Days,Door delivery to factory stores,"EV Motor Plant, Accounts Payable, Hosur","EV Motor Plant Central Stores, Hosur",939.80,169.16,1700.00,0.00,INR,Issued,Approved,10,2025-05-25,Generated purchase order from approved PR.
1758,PO-2025-1758,1608,23,3,2025-05-29,2025-06-21,60 Days,Door delivery to factory stores,"EV Motor Plant, Accounts Payable, Hosur","EV Motor Plant Central Stores, Hosur",5098.50,917.73,1775.00,0.00,INR,Issued,Approved,11,2025-05-29,Generated purchase order from approved PR.
1759,PO-2025-1759,1609,24,4,2025-05-27,2025-06-04,30 Days,Door delivery to factory stores,"EV Motor Plant, Accounts Payable, Hosur","EV Motor Plant Central Stores, Hosur",117.50,21.15,1850.00,0.00,INR,Issued,Approved,12,2025-05-27,Generated purchase order from approved PR.
1760,PO-2025-1760,1610,25,4,2025-05-24,2025-06-01,45 Days,Door delivery to factory stores,"EV Motor Plant, Accounts Payable, Hosur","EV Motor Plant Central Stores, Hosur",47.70,8.59,1925.00,0.00,INR,Issued,Approved,13,2025-05-24,Generated purchase order from approved PR.
1761,PO-2025-1761,1611,26,5,2025-05-30,2025-06-15,60 Days,Door delivery to factory stores,"EV Motor Plant, Accounts Payable, Hosur","EV Motor Plant Central Stores, Hosur",164.00,29.52,500.00,0.00,INR,Issued,Approved,1,2025-05-30,Generated purchase order from approved PR.
1762,PO-2025-1762,1612,27,5,2025-05-26,2025-06-08,30 Days,Door delivery to factory stores,"EV Motor Plant, Accounts Payable, Hosur","EV Motor Plant Central Stores, Hosur",917.56,165.16,575.00,0.00,INR,Issued,Approved,3,2025-05-26,Generated purchase order from approved PR.
1763,PO-2025-1763,1613,28,6,2025-05-25,2025-06-09,45 Days,Door delivery to factory stores,"EV Motor Plant, Accounts Payable, Hosur","EV Motor Plant Central Stores, Hosur",4944.00,889.92,650.00,0.00,INR,Issued,Approved,4,2025-05-25,Generated purchase order from approved PR.
1764,PO-2025-1764,1614,29,6,2025-05-27,2025-06-16,60 Days,Door delivery to factory stores,"EV Motor Plant, Accounts Payable, Hosur","EV Motor Plant Central Stores, Hosur",2445.30,440.15,725.00,0.00,INR,Issued,Approved,5,2025-05-27,Generated purchase order from approved PR.
1765,PO-2025-1765,1615,30,1,2025-05-25,2025-06-16,30 Days,Door delivery to factory stores,"EV Motor Plant, Accounts Payable, Hosur","EV Motor Plant Central Stores, Hosur",1361.04,244.99,800.00,0.00,INR,Issued,Approved,6,2025-05-25,Generated purchase order from approved PR.
1766,PO-2025-1766,1616,31,2,2025-05-26,2025-06-07,45 Days,Door delivery to factory stores,"EV Motor Plant, Accounts Payable, Hosur","EV Motor Plant Central Stores, Hosur",825.00,148.50,875.00,0.00,INR,Issued,Approved,7,2025-05-26,Generated purchase order from approved PR.
1767,PO-2025-1767,1617,32,2,2025-05-29,2025-06-16,60 Days,Door delivery to factory stores,"EV Motor Plant, Accounts Payable, Hosur","EV Motor Plant Central Stores, Hosur",22078.34,3974.10,950.00,0.00,INR,Issued,Approved,8,2025-05-29,Generated purchase order from approved PR.
1768,PO-2025-1768,1618,33,1,2025-06-01,2025-06-09,30 Days,Door delivery to factory stores,"EV Motor Plant, Accounts Payable, Hosur","EV Motor Plant Central Stores, Hosur",9192.75,1654.70,1025.00,0.00,INR,Issued,Approved,9,2025-06-01,Generated purchase order from approved PR.
1769,PO-2025-1769,1619,34,3,2025-05-31,2025-06-15,45 Days,Door delivery to factory stores,"EV Motor Plant, Accounts Payable, Hosur","EV Motor Plant Central Stores, Hosur",7916.58,1424.98,1100.00,0.00,INR,Issued,Approved,10,2025-05-31,Generated purchase order from approved PR.
1770,PO-2025-1770,1620,35,3,2025-05-31,2025-06-05,60 Days,Door delivery to factory stores,"EV Motor Plant, Accounts Payable, Hosur","EV Motor Plant Central Stores, Hosur",677.34,121.92,1175.00,0.00,INR,Issued,Approved,11,2025-05-31,Generated purchase order from approved PR.
1771,PO-2025-1771,1621,1,4,2025-05-30,2025-06-13,30 Days,Door delivery to factory stores,"EV Motor Plant, Accounts Payable, Hosur","EV Motor Plant Central Stores, Hosur",48760.20,8776.84,1250.00,0.00,INR,Issued,Approved,12,2025-05-30,Generated purchase order from approved PR.
1772,PO-2025-1772,1622,2,4,2025-05-30,2025-06-14,45 Days,Door delivery to factory stores,"EV Motor Plant, Accounts Payable, Hosur","EV Motor Plant Central Stores, Hosur",1619.94,291.59,1325.00,0.00,INR,Issued,Approved,13,2025-05-30,Generated purchase order from approved PR.
1773,PO-2025-1773,1623,3,5,2025-05-30,2025-06-17,60 Days,Door delivery to factory stores,"EV Motor Plant, Accounts Payable, Hosur","EV Motor Plant Central Stores, Hosur",24416.32,4394.94,1400.00,0.00,INR,Issued,Approved,1,2025-05-30,Generated purchase order from approved PR.
1774,PO-2025-1774,1624,4,5,2025-05-31,2025-06-17,30 Days,Door delivery to factory stores,"EV Motor Plant, Accounts Payable, Hosur","EV Motor Plant Central Stores, Hosur",717.75,129.20,1475.00,0.00,INR,Issued,Approved,3,2025-05-31,Generated purchase order from approved PR.
1775,PO-2025-1775,1625,5,6,2025-06-04,2025-06-15,45 Days,Door delivery to factory stores,"EV Motor Plant, Accounts Payable, Hosur","EV Motor Plant Central Stores, Hosur",629.64,113.34,1550.00,0.00,INR,Issued,Approved,4,2025-06-04,Generated purchase order from approved PR.
1776,PO-2025-1776,1626,6,6,2025-05-30,2025-06-04,60 Days,Door delivery to factory stores,"EV Motor Plant, Accounts Payable, Hosur","EV Motor Plant Central Stores, Hosur",94.40,16.99,1625.00,0.00,INR,Issued,Approved,5,2025-05-30,Generated purchase order from approved PR.
1777,PO-2025-1777,1627,7,1,2025-06-01,2025-06-08,30 Days,Door delivery to factory stores,"EV Motor Plant, Accounts Payable, Hosur","EV Motor Plant Central Stores, Hosur",1144.92,206.09,1700.00,0.00,INR,Issued,Approved,6,2025-06-01,Generated purchase order from approved PR.
1778,PO-2025-1778,1628,8,2,2025-06-05,2025-06-28,45 Days,Door delivery to factory stores,"EV Motor Plant, Accounts Payable, Hosur","EV Motor Plant Central Stores, Hosur",952.02,171.36,1775.00,0.00,INR,Issued,Approved,7,2025-06-05,Generated purchase order from approved PR.
1779,PO-2025-1779,1629,9,2,2025-06-06,2025-06-28,60 Days,Door delivery to factory stores,"EV Motor Plant, Accounts Payable, Hosur","EV Motor Plant Central Stores, Hosur",314.00,56.52,1850.00,0.00,INR,Issued,Approved,8,2025-06-06,Generated purchase order from approved PR.
1780,PO-2025-1780,1630,10,1,2025-06-04,2025-06-15,30 Days,Door delivery to factory stores,"EV Motor Plant, Accounts Payable, Hosur","EV Motor Plant Central Stores, Hosur",144.78,26.06,1925.00,0.00,INR,Issued,Approved,9,2025-06-04,Generated purchase order from approved PR.
1781,PO-2025-1781,1631,11,3,2025-06-03,2025-06-12,45 Days,Door delivery to factory stores,"EV Motor Plant, Accounts Payable, Hosur","EV Motor Plant Central Stores, Hosur",342.00,61.56,500.00,0.00,INR,Issued,Approved,10,2025-06-03,Generated purchase order from approved PR.
1782,PO-2025-1782,1632,12,3,2025-06-05,2025-06-18,60 Days,Door delivery to factory stores,"EV Motor Plant, Accounts Payable, Hosur","EV Motor Plant Central Stores, Hosur",649.60,116.93,575.00,0.00,INR,Issued,Approved,11,2025-06-05,Generated purchase order from approved PR.
1783,PO-2025-1783,1633,13,4,2025-06-02,2025-06-20,30 Days,Door delivery to factory stores,"EV Motor Plant, Accounts Payable, Hosur","EV Motor Plant Central Stores, Hosur",39.14,7.05,650.00,0.00,INR,Issued,Approved,12,2025-06-02,Generated purchase order from approved PR.
1784,PO-2025-1784,1634,14,4,2025-06-03,2025-06-14,45 Days,Door delivery to factory stores,"EV Motor Plant, Accounts Payable, Hosur","EV Motor Plant Central Stores, Hosur",4123.84,742.29,725.00,0.00,INR,Issued,Approved,13,2025-06-03,Generated purchase order from approved PR.
1785,PO-2025-1785,1635,15,5,2025-06-02,2025-06-08,60 Days,Door delivery to factory stores,"EV Motor Plant, Accounts Payable, Hosur","EV Motor Plant Central Stores, Hosur",258.64,46.56,800.00,0.00,INR,Issued,Approved,1,2025-06-02,Generated purchase order from approved PR.
1786,PO-2025-1786,1636,16,5,2025-06-02,2025-06-14,30 Days,Door delivery to factory stores,"EV Motor Plant, Accounts Payable, Hosur","EV Motor Plant Central Stores, Hosur",1016.00,182.88,875.00,0.00,INR,Issued,Approved,3,2025-06-02,Generated purchase order from approved PR.
1787,PO-2025-1787,1637,17,6,2025-06-08,2025-06-17,45 Days,Door delivery to factory stores,"EV Motor Plant, Accounts Payable, Hosur","EV Motor Plant Central Stores, Hosur",741762.00,133517.16,950.00,0.00,INR,Issued,Approved,4,2025-06-08,Generated purchase order from approved PR.
1788,PO-2025-1788,1638,18,6,2025-06-07,2025-06-18,60 Days,Door delivery to factory stores,"EV Motor Plant, Accounts Payable, Hosur","EV Motor Plant Central Stores, Hosur",22847.00,4112.46,1025.00,0.00,INR,Issued,Approved,5,2025-06-07,Generated purchase order from approved PR.
1789,PO-2025-1789,1639,19,1,2025-06-05,2025-06-13,30 Days,Door delivery to factory stores,"EV Motor Plant, Accounts Payable, Hosur","EV Motor Plant Central Stores, Hosur",210672.00,37920.96,1100.00,0.00,INR,Issued,Approved,6,2025-06-05,Generated purchase order from approved PR.
1790,PO-2025-1790,1640,20,2,2025-06-06,2025-06-23,45 Days,Door delivery to factory stores,"EV Motor Plant, Accounts Payable, Hosur","EV Motor Plant Central Stores, Hosur",8759.04,1576.63,1175.00,0.00,INR,Issued,Approved,7,2025-06-06,Generated purchase order from approved PR.
1791,PO-2025-1791,1641,21,2,2025-06-05,2025-06-20,60 Days,Door delivery to factory stores,"EV Motor Plant, Accounts Payable, Hosur","EV Motor Plant Central Stores, Hosur",1320000.00,237600.00,1250.00,0.00,INR,Issued,Approved,8,2025-06-05,Generated purchase order from approved PR.
1792,PO-2025-1792,1642,22,1,2025-06-06,2025-06-16,30 Days,Door delivery to factory stores,"EV Motor Plant, Accounts Payable, Hosur","EV Motor Plant Central Stores, Hosur",50626.95,9112.85,1325.00,0.00,INR,Issued,Approved,9,2025-06-06,Generated purchase order from approved PR.
1793,PO-2025-1793,1643,23,3,2025-06-07,2025-06-22,45 Days,Door delivery to factory stores,"EV Motor Plant, Accounts Payable, Hosur","EV Motor Plant Central Stores, Hosur",35596.80,6407.42,1400.00,0.00,INR,Issued,Approved,10,2025-06-07,Generated purchase order from approved PR.
1794,PO-2025-1794,1644,24,3,2025-06-04,2025-06-18,60 Days,Door delivery to factory stores,"EV Motor Plant, Accounts Payable, Hosur","EV Motor Plant Central Stores, Hosur",21300.72,3834.13,1475.00,0.00,INR,Issued,Approved,11,2025-06-04,Generated purchase order from approved PR.
1795,PO-2025-1795,1645,25,4,2025-06-06,2025-06-26,30 Days,Door delivery to factory stores,"EV Motor Plant, Accounts Payable, Hosur","EV Motor Plant Central Stores, Hosur",89199.00,16055.82,1550.00,0.00,INR,Issued,Approved,12,2025-06-06,Generated purchase order from approved PR.
1796,PO-2025-1796,1646,26,4,2025-06-06,2025-06-29,45 Days,Door delivery to factory stores,"EV Motor Plant, Accounts Payable, Hosur","EV Motor Plant Central Stores, Hosur",3978.00,716.04,1625.00,0.00,INR,Issued,Approved,13,2025-06-06,Generated purchase order from approved PR.
1797,PO-2025-1797,1647,27,5,2025-06-09,2025-06-16,60 Days,Door delivery to factory stores,"EV Motor Plant, Accounts Payable, Hosur","EV Motor Plant Central Stores, Hosur",147987.00,26637.66,1700.00,0.00,INR,Issued,Approved,1,2025-06-09,Generated purchase order from approved PR.
1798,PO-2025-1798,1648,28,5,2025-06-07,2025-06-28,30 Days,Door delivery to factory stores,"EV Motor Plant, Accounts Payable, Hosur","EV Motor Plant Central Stores, Hosur",982.62,176.87,1775.00,0.00,INR,Issued,Approved,3,2025-06-07,Generated purchase order from approved PR.
1799,PO-2025-1799,1649,29,6,2025-06-06,2025-06-24,45 Days,Door delivery to factory stores,"EV Motor Plant, Accounts Payable, Hosur","EV Motor Plant Central Stores, Hosur",14483.70,2607.07,1850.00,0.00,INR,Issued,Approved,4,2025-06-06,Generated purchase order from approved PR.
1800,PO-2025-1800,1650,30,6,2025-06-10,2025-06-28,60 Days,Door delivery to factory stores,"EV Motor Plant, Accounts Payable, Hosur","EV Motor Plant Central Stores, Hosur",511.98,92.16,1925.00,0.00,INR,Issued,Approved,5,2025-06-10,Generated purchase order from approved PR.
1801,PO-2025-1801,1651,31,1,2025-06-05,2025-06-17,30 Days,Door delivery to factory stores,"EV Motor Plant, Accounts Payable, Hosur","EV Motor Plant Central Stores, Hosur",223600.00,40248.00,500.00,0.00,INR,Issued,Approved,6,2025-06-05,Generated purchase order from approved PR.
1802,PO-2025-1802,1652,32,2,2025-06-07,2025-06-18,45 Days,Door delivery to factory stores,"EV Motor Plant, Accounts Payable, Hosur","EV Motor Plant Central Stores, Hosur",469.70,84.55,575.00,0.00,INR,Issued,Approved,7,2025-06-07,Generated purchase order from approved PR.
1803,PO-2025-1803,1653,33,2,2025-06-12,2025-06-17,60 Days,Door delivery to factory stores,"EV Motor Plant, Accounts Payable, Hosur","EV Motor Plant Central Stores, Hosur",374920.00,67485.60,650.00,0.00,INR,Issued,Approved,8,2025-06-12,Generated purchase order from approved PR.
1804,PO-2025-1804,1654,34,1,2025-06-09,2025-07-02,30 Days,Door delivery to factory stores,"EV Motor Plant, Accounts Payable, Hosur","EV Motor Plant Central Stores, Hosur",231.99,41.76,725.00,0.00,INR,Issued,Approved,9,2025-06-09,Generated purchase order from approved PR.
1805,PO-2025-1805,1655,35,3,2025-06-12,2025-06-28,45 Days,Door delivery to factory stores,"EV Motor Plant, Accounts Payable, Hosur","EV Motor Plant Central Stores, Hosur",2862.00,515.16,800.00,0.00,INR,Issued,Approved,10,2025-06-12,Generated purchase order from approved PR.
1806,PO-2025-1806,1656,1,3,2025-06-12,2025-06-24,60 Days,Door delivery to factory stores,"EV Motor Plant, Accounts Payable, Hosur","EV Motor Plant Central Stores, Hosur",336.00,60.48,875.00,0.00,INR,Issued,Approved,11,2025-06-12,Generated purchase order from approved PR.
1807,PO-2025-1807,1657,2,4,2025-06-11,2025-06-26,30 Days,Door delivery to factory stores,"EV Motor Plant, Accounts Payable, Hosur","EV Motor Plant Central Stores, Hosur",30084.60,5415.23,950.00,0.00,INR,Issued,Approved,12,2025-06-11,Generated purchase order from approved PR.
1808,PO-2025-1808,1658,3,4,2025-06-07,2025-06-12,45 Days,Door delivery to factory stores,"EV Motor Plant, Accounts Payable, Hosur","EV Motor Plant Central Stores, Hosur",911344.00,164041.92,1025.00,0.00,INR,Issued,Approved,13,2025-06-07,Generated purchase order from approved PR.
1809,PO-2025-1809,1659,4,5,2025-06-13,2025-06-21,60 Days,Door delivery to factory stores,"EV Motor Plant, Accounts Payable, Hosur","EV Motor Plant Central Stores, Hosur",10805.30,1944.95,1100.00,0.00,INR,Issued,Approved,1,2025-06-13,Generated purchase order from approved PR.
1810,PO-2025-1810,1660,5,5,2025-06-10,2025-06-26,30 Days,Door delivery to factory stores,"EV Motor Plant, Accounts Payable, Hosur","EV Motor Plant Central Stores, Hosur",77592.00,13966.56,1175.00,0.00,INR,Issued,Approved,3,2025-06-10,Generated purchase order from approved PR.
1811,PO-2025-1811,1661,6,6,2025-06-12,2025-06-26,45 Days,Door delivery to factory stores,"EV Motor Plant, Accounts Payable, Hosur","EV Motor Plant Central Stores, Hosur",2910.00,523.80,1250.00,0.00,INR,Issued,Approved,4,2025-06-12,Generated purchase order from approved PR.
1812,PO-2025-1812,1662,7,6,2025-06-14,2025-07-03,60 Days,Door delivery to factory stores,"EV Motor Plant, Accounts Payable, Hosur","EV Motor Plant Central Stores, Hosur",268975.00,48415.50,1325.00,0.00,INR,Issued,Approved,5,2025-06-14,Generated purchase order from approved PR.
1813,PO-2025-1813,1663,8,1,2025-06-14,2025-07-01,30 Days,Door delivery to factory stores,"EV Motor Plant, Accounts Payable, Hosur","EV Motor Plant Central Stores, Hosur",14502.40,2610.43,1400.00,0.00,INR,Issued,Approved,6,2025-06-14,Generated purchase order from approved PR.
1814,PO-2025-1814,1664,9,2,2025-06-14,2025-06-30,45 Days,Door delivery to factory stores,"EV Motor Plant, Accounts Payable, Hosur","EV Motor Plant Central Stores, Hosur",53671.20,9660.82,1475.00,0.00,INR,Issued,Approved,7,2025-06-14,Generated purchase order from approved PR.
1815,PO-2025-1815,1665,10,2,2025-06-11,2025-07-01,60 Days,Door delivery to factory stores,"EV Motor Plant, Accounts Payable, Hosur","EV Motor Plant Central Stores, Hosur",53169.60,9570.53,1550.00,0.00,INR,Issued,Approved,8,2025-06-11,Generated purchase order from approved PR.
1816,PO-2025-1816,1666,11,1,2025-06-16,2025-06-22,30 Days,Door delivery to factory stores,"EV Motor Plant, Accounts Payable, Hosur","EV Motor Plant Central Stores, Hosur",7200.00,1296.00,1625.00,0.00,INR,Issued,Approved,9,2025-06-16,Generated purchase order from approved PR.
1817,PO-2025-1817,1667,12,3,2025-06-17,2025-07-05,45 Days,Door delivery to factory stores,"EV Motor Plant, Accounts Payable, Hosur","EV Motor Plant Central Stores, Hosur",11156.42,2008.16,1700.00,0.00,INR,Issued,Approved,10,2025-06-17,Generated purchase order from approved PR.
1818,PO-2025-1818,1668,13,3,2025-06-17,2025-07-05,60 Days,Door delivery to factory stores,"EV Motor Plant, Accounts Payable, Hosur","EV Motor Plant Central Stores, Hosur",248436.00,44718.48,1775.00,0.00,INR,Issued,Approved,11,2025-06-17,Generated purchase order from approved PR.
1819,PO-2025-1819,1669,14,4,2025-06-17,2025-06-27,30 Days,Door delivery to factory stores,"EV Motor Plant, Accounts Payable, Hosur","EV Motor Plant Central Stores, Hosur",22101.75,3978.32,1850.00,0.00,INR,Issued,Approved,12,2025-06-17,Generated purchase order from approved PR.
1820,PO-2025-1820,1670,15,4,2025-06-12,2025-06-20,45 Days,Door delivery to factory stores,"EV Motor Plant, Accounts Payable, Hosur","EV Motor Plant Central Stores, Hosur",36379.20,6548.26,1925.00,0.00,INR,Issued,Approved,13,2025-06-12,Generated purchase order from approved PR.
1821,PO-2025-1821,1671,16,5,2025-06-13,2025-06-22,60 Days,Door delivery to factory stores,"EV Motor Plant, Accounts Payable, Hosur","EV Motor Plant Central Stores, Hosur",16560.00,2980.80,500.00,0.00,INR,Issued,Approved,1,2025-06-13,Generated purchase order from approved PR.
1822,PO-2025-1822,1672,17,5,2025-06-15,2025-06-23,30 Days,Door delivery to factory stores,"EV Motor Plant, Accounts Payable, Hosur","EV Motor Plant Central Stores, Hosur",69933.50,12588.03,575.00,0.00,INR,Issued,Approved,3,2025-06-15,Generated purchase order from approved PR.
1823,PO-2025-1823,1673,18,6,2025-06-13,2025-06-27,45 Days,Door delivery to factory stores,"EV Motor Plant, Accounts Payable, Hosur","EV Motor Plant Central Stores, Hosur",1273.08,229.15,650.00,0.00,INR,Issued,Approved,4,2025-06-13,Generated purchase order from approved PR.
1824,PO-2025-1824,1674,19,6,2025-06-17,2025-06-24,60 Days,Door delivery to factory stores,"EV Motor Plant, Accounts Payable, Hosur","EV Motor Plant Central Stores, Hosur",1222650.00,220077.00,725.00,0.00,INR,Issued,Approved,5,2025-06-17,Generated purchase order from approved PR.
1825,PO-2025-1825,1675,20,1,2025-06-15,2025-07-02,30 Days,Door delivery to factory stores,"EV Motor Plant, Accounts Payable, Hosur","EV Motor Plant Central Stores, Hosur",16790.40,3022.27,800.00,0.00,INR,Issued,Approved,6,2025-06-15,Generated purchase order from approved PR.
1826,PO-2025-1826,1676,21,2,2025-06-16,2025-06-22,45 Days,Door delivery to factory stores,"EV Motor Plant, Accounts Payable, Hosur","EV Motor Plant Central Stores, Hosur",22950.00,4131.00,875.00,0.00,INR,Issued,Approved,7,2025-06-16,Generated purchase order from approved PR.
1827,PO-2025-1827,1677,22,2,2025-06-17,2025-06-22,60 Days,Door delivery to factory stores,"EV Motor Plant, Accounts Payable, Hosur","EV Motor Plant Central Stores, Hosur",25984.00,4677.12,950.00,0.00,INR,Issued,Approved,8,2025-06-17,Generated purchase order from approved PR.
1828,PO-2025-1828,1678,23,1,2025-06-13,2025-06-24,30 Days,Door delivery to factory stores,"EV Motor Plant, Accounts Payable, Hosur","EV Motor Plant Central Stores, Hosur",27439.20,4939.06,1025.00,0.00,INR,Issued,Approved,9,2025-06-13,Generated purchase order from approved PR.
1829,PO-2025-1829,1679,24,3,2025-06-17,2025-06-25,45 Days,Door delivery to factory stores,"EV Motor Plant, Accounts Payable, Hosur","EV Motor Plant Central Stores, Hosur",52877.00,9517.86,1100.00,0.00,INR,Issued,Approved,10,2025-06-17,Generated purchase order from approved PR.
1830,PO-2025-1830,1680,25,3,2025-06-17,2025-07-10,60 Days,Door delivery to factory stores,"EV Motor Plant, Accounts Payable, Hosur","EV Motor Plant Central Stores, Hosur",18189.60,3274.13,1175.00,0.00,INR,Issued,Approved,11,2025-06-17,Generated purchase order from approved PR.
1831,PO-2025-1831,1681,26,4,2025-06-19,2025-06-29,30 Days,Door delivery to factory stores,"EV Motor Plant, Accounts Payable, Hosur","EV Motor Plant Central Stores, Hosur",109500.00,19710.00,1250.00,0.00,INR,Issued,Approved,12,2025-06-19,Generated purchase order from approved PR.
1832,PO-2025-1832,1682,27,4,2025-06-13,2025-06-22,45 Days,Door delivery to factory stores,"EV Motor Plant, Accounts Payable, Hosur","EV Motor Plant Central Stores, Hosur",974.72,175.45,1325.00,0.00,INR,Issued,Approved,13,2025-06-13,Generated purchase order from approved PR.
1833,PO-2025-1833,1683,28,5,2025-06-18,2025-06-26,60 Days,Door delivery to factory stores,"EV Motor Plant, Accounts Payable, Hosur","EV Motor Plant Central Stores, Hosur",37183.00,6692.94,1400.00,0.00,INR,Issued,Approved,1,2025-06-18,Generated purchase order from approved PR.
1834,PO-2025-1834,1684,29,5,2025-06-17,2025-06-29,30 Days,Door delivery to factory stores,"EV Motor Plant, Accounts Payable, Hosur","EV Motor Plant Central Stores, Hosur",4827.90,869.02,1475.00,0.00,INR,Issued,Approved,3,2025-06-17,Generated purchase order from approved PR.
1835,PO-2025-1835,1685,30,6,2025-06-18,2025-07-04,45 Days,Door delivery to factory stores,"EV Motor Plant, Accounts Payable, Hosur","EV Motor Plant Central Stores, Hosur",3858.40,694.51,1550.00,0.00,INR,Issued,Approved,4,2025-06-18,Generated purchase order from approved PR.
1836,PO-2025-1836,1686,31,6,2025-06-17,2025-07-06,60 Days,Door delivery to factory stores,"EV Motor Plant, Accounts Payable, Hosur","EV Motor Plant Central Stores, Hosur",61600.00,11088.00,1625.00,0.00,INR,Issued,Approved,5,2025-06-17,Generated purchase order from approved PR.
1837,PO-2025-1837,1687,32,1,2025-06-20,2025-07-01,30 Days,Door delivery to factory stores,"EV Motor Plant, Accounts Payable, Hosur","EV Motor Plant Central Stores, Hosur",428.33,77.10,1700.00,0.00,INR,Issued,Approved,6,2025-06-20,Generated purchase order from approved PR.
1838,PO-2025-1838,1688,33,2,2025-06-17,2025-07-03,45 Days,Door delivery to factory stores,"EV Motor Plant, Accounts Payable, Hosur","EV Motor Plant Central Stores, Hosur",7606.55,1369.18,1775.00,0.00,INR,Issued,Approved,7,2025-06-17,Generated purchase order from approved PR.
1839,PO-2025-1839,1689,34,2,2025-06-19,2025-07-03,60 Days,Door delivery to factory stores,"EV Motor Plant, Accounts Payable, Hosur","EV Motor Plant Central Stores, Hosur",387.02,69.66,1850.00,0.00,INR,Issued,Approved,8,2025-06-19,Generated purchase order from approved PR.
1840,PO-2025-1840,1690,35,1,2025-06-16,2025-07-07,30 Days,Door delivery to factory stores,"EV Motor Plant, Accounts Payable, Hosur","EV Motor Plant Central Stores, Hosur",21942.00,3949.56,1925.00,0.00,INR,Issued,Approved,9,2025-06-16,Generated purchase order from approved PR.
1841,PO-2025-1841,1691,1,3,2025-06-20,2025-07-05,45 Days,Door delivery to factory stores,"EV Motor Plant, Accounts Payable, Hosur","EV Motor Plant Central Stores, Hosur",1290.00,232.20,500.00,0.00,INR,Issued,Approved,10,2025-06-20,Generated purchase order from approved PR.
1842,PO-2025-1842,1692,2,3,2025-06-15,2025-06-25,60 Days,Door delivery to factory stores,"EV Motor Plant, Accounts Payable, Hosur","EV Motor Plant Central Stores, Hosur",45675.00,8221.50,575.00,0.00,INR,Issued,Approved,11,2025-06-15,Generated purchase order from approved PR.
1843,PO-2025-1843,1693,3,4,2025-06-18,2025-07-06,30 Days,Door delivery to factory stores,"EV Motor Plant, Accounts Payable, Hosur","EV Motor Plant Central Stores, Hosur",401.70,72.31,650.00,0.00,INR,Issued,Approved,12,2025-06-18,Generated purchase order from approved PR.
1844,PO-2025-1844,1694,4,4,2025-06-19,2025-07-09,45 Days,Door delivery to factory stores,"EV Motor Plant, Accounts Payable, Hosur","EV Motor Plant Central Stores, Hosur",764.94,137.69,725.00,0.00,INR,Issued,Approved,13,2025-06-19,Generated purchase order from approved PR.
1845,PO-2025-1845,1695,5,5,2025-06-15,2025-06-28,60 Days,Door delivery to factory stores,"EV Motor Plant, Accounts Payable, Hosur","EV Motor Plant Central Stores, Hosur",7059.60,1270.73,800.00,0.00,INR,Issued,Approved,1,2025-06-15,Generated purchase order from approved PR.
1846,PO-2025-1846,1696,6,5,2025-06-20,2025-07-13,30 Days,Door delivery to factory stores,"EV Motor Plant, Accounts Payable, Hosur","EV Motor Plant Central Stores, Hosur",25080.00,4514.40,875.00,0.00,INR,Issued,Approved,3,2025-06-20,Generated purchase order from approved PR.
1847,PO-2025-1847,1697,7,6,2025-06-16,2025-07-07,45 Days,Door delivery to factory stores,"EV Motor Plant, Accounts Payable, Hosur","EV Motor Plant Central Stores, Hosur",4156.88,748.24,950.00,0.00,INR,Issued,Approved,4,2025-06-16,Generated purchase order from approved PR.
1848,PO-2025-1848,1698,8,6,2025-06-16,2025-06-24,60 Days,Door delivery to factory stores,"EV Motor Plant, Accounts Payable, Hosur","EV Motor Plant Central Stores, Hosur",145024.00,26104.32,1025.00,0.00,INR,Issued,Approved,5,2025-06-16,Generated purchase order from approved PR.
1849,PO-2025-1849,1699,9,1,2025-06-21,2025-07-10,30 Days,Door delivery to factory stores,"EV Motor Plant, Accounts Payable, Hosur","EV Motor Plant Central Stores, Hosur",1113.99,200.52,1100.00,0.00,INR,Issued,Approved,6,2025-06-21,Generated purchase order from approved PR.
1850,PO-2025-1850,1700,10,2,2025-06-23,2025-07-09,45 Days,Door delivery to factory stores,"EV Motor Plant, Accounts Payable, Hosur","EV Motor Plant Central Stores, Hosur",57367.20,10326.10,1175.00,0.00,INR,Issued,Approved,7,2025-06-23,Generated purchase order from approved PR.
1851,PO-2025-1851,1701,11,2,2025-06-21,2025-07-06,60 Days,Door delivery to factory stores,"EV Motor Plant, Accounts Payable, Hosur","EV Motor Plant Central Stores, Hosur",276.00,49.68,1250.00,0.00,INR,Issued,Approved,8,2025-06-21,Generated purchase order from approved PR.
1852,PO-2025-1852,1702,12,1,2025-06-20,2025-07-04,30 Days,Door delivery to factory stores,"EV Motor Plant, Accounts Payable, Hosur","EV Motor Plant Central Stores, Hosur",45675.00,8221.50,1325.00,0.00,INR,Issued,Approved,9,2025-06-20,Generated purchase order from approved PR.
1853,PO-2025-1853,1703,13,3,2025-06-20,2025-07-11,45 Days,Door delivery to factory stores,"EV Motor Plant, Accounts Payable, Hosur","EV Motor Plant Central Stores, Hosur",2428.74,437.17,1400.00,0.00,INR,Issued,Approved,10,2025-06-20,Generated purchase order from approved PR.
1854,PO-2025-1854,1704,14,3,2025-06-21,2025-07-07,60 Days,Door delivery to factory stores,"EV Motor Plant, Accounts Payable, Hosur","EV Motor Plant Central Stores, Hosur",36731.75,6611.72,1475.00,0.00,INR,Issued,Approved,11,2025-06-21,Generated purchase order from approved PR.
1855,PO-2025-1855,1705,15,4,2025-06-23,2025-07-08,30 Days,Door delivery to factory stores,"EV Motor Plant, Accounts Payable, Hosur","EV Motor Plant Central Stores, Hosur",151.13,27.20,1550.00,0.00,INR,Issued,Approved,12,2025-06-23,Generated purchase order from approved PR.
1856,PO-2025-1856,1706,16,4,2025-06-23,2025-06-28,45 Days,Door delivery to factory stores,"EV Motor Plant, Accounts Payable, Hosur","EV Motor Plant Central Stores, Hosur",5680.00,1022.40,1625.00,0.00,INR,Issued,Approved,13,2025-06-23,Generated purchase order from approved PR.
1857,PO-2025-1857,1707,17,5,2025-06-21,2025-07-04,60 Days,Door delivery to factory stores,"EV Motor Plant, Accounts Payable, Hosur","EV Motor Plant Central Stores, Hosur",371.79,66.92,1700.00,0.00,INR,Issued,Approved,1,2025-06-21,Generated purchase order from approved PR.
1858,PO-2025-1858,1708,18,5,2025-06-22,2025-07-14,30 Days,Door delivery to factory stores,"EV Motor Plant, Accounts Payable, Hosur","EV Motor Plant Central Stores, Hosur",70.04,12.61,1775.00,0.00,INR,Issued,Approved,3,2025-06-22,Generated purchase order from approved PR.
1859,PO-2025-1859,1709,19,6,2025-06-26,2025-07-14,45 Days,Door delivery to factory stores,"EV Motor Plant, Accounts Payable, Hosur","EV Motor Plant Central Stores, Hosur",229.68,41.34,1850.00,0.00,INR,Issued,Approved,4,2025-06-26,Generated purchase order from approved PR.
1860,PO-2025-1860,1710,20,6,2025-06-22,2025-06-27,60 Days,Door delivery to factory stores,"EV Motor Plant, Accounts Payable, Hosur","EV Motor Plant Central Stores, Hosur",1086.50,195.57,1925.00,0.00,INR,Issued,Approved,5,2025-06-22,Generated purchase order from approved PR.
1861,PO-2025-1861,1711,21,1,2025-06-25,2025-07-16,30 Days,Door delivery to factory stores,"EV Motor Plant, Accounts Payable, Hosur","EV Motor Plant Central Stores, Hosur",819.00,147.42,500.00,0.00,INR,Issued,Approved,6,2025-06-25,Generated purchase order from approved PR.
1862,PO-2025-1862,1712,22,2,2025-06-23,2025-07-13,45 Days,Door delivery to factory stores,"EV Motor Plant, Accounts Payable, Hosur","EV Motor Plant Central Stores, Hosur",730.80,131.54,575.00,0.00,INR,Issued,Approved,7,2025-06-23,Generated purchase order from approved PR.
1863,PO-2025-1863,1713,23,2,2025-06-27,2025-07-12,60 Days,Door delivery to factory stores,"EV Motor Plant, Accounts Payable, Hosur","EV Motor Plant Central Stores, Hosur",1573.84,283.29,650.00,0.00,INR,Issued,Approved,8,2025-06-27,Generated purchase order from approved PR.
1864,PO-2025-1864,1714,24,1,2025-06-22,2025-06-27,30 Days,Door delivery to factory stores,"EV Motor Plant, Accounts Payable, Hosur","EV Motor Plant Central Stores, Hosur",877.80,158.00,725.00,0.00,INR,Issued,Approved,9,2025-06-22,Generated purchase order from approved PR.
1865,PO-2025-1865,1715,25,3,2025-06-26,2025-07-11,45 Days,Door delivery to factory stores,"EV Motor Plant, Accounts Payable, Hosur","EV Motor Plant Central Stores, Hosur",45988.40,8277.91,800.00,0.00,INR,Issued,Approved,10,2025-06-26,Generated purchase order from approved PR.
1866,PO-2025-1866,1716,26,3,2025-06-23,2025-06-29,60 Days,Door delivery to factory stores,"EV Motor Plant, Accounts Payable, Hosur","EV Motor Plant Central Stores, Hosur",5112.00,920.16,875.00,0.00,INR,Issued,Approved,11,2025-06-23,Generated purchase order from approved PR.
1867,PO-2025-1867,1717,27,4,2025-06-28,2025-07-09,30 Days,Door delivery to factory stores,"EV Motor Plant, Accounts Payable, Hosur","EV Motor Plant Central Stores, Hosur",119323.04,21478.15,950.00,0.00,INR,Issued,Approved,12,2025-06-28,Generated purchase order from approved PR.
1868,PO-2025-1868,1718,28,4,2025-06-24,2025-07-10,45 Days,Door delivery to factory stores,"EV Motor Plant, Accounts Payable, Hosur","EV Motor Plant Central Stores, Hosur",14322.15,2577.99,1025.00,0.00,INR,Issued,Approved,13,2025-06-24,Generated purchase order from approved PR.
1869,PO-2025-1869,1719,29,5,2025-06-25,2025-07-17,60 Days,Door delivery to factory stores,"EV Motor Plant, Accounts Payable, Hosur","EV Motor Plant Central Stores, Hosur",12969.58,2334.52,1100.00,0.00,INR,Issued,Approved,1,2025-06-25,Generated purchase order from approved PR.
1870,PO-2025-1870,1720,30,5,2025-06-27,2025-07-08,30 Days,Door delivery to factory stores,"EV Motor Plant, Accounts Payable, Hosur","EV Motor Plant Central Stores, Hosur",243.80,43.88,1175.00,0.00,INR,Issued,Approved,3,2025-06-27,Generated purchase order from approved PR.
1871,PO-2025-1871,1721,31,6,2025-06-24,2025-07-15,45 Days,Door delivery to factory stores,"EV Motor Plant, Accounts Payable, Hosur","EV Motor Plant Central Stores, Hosur",11800.80,2124.14,1250.00,0.00,INR,Issued,Approved,4,2025-06-24,Generated purchase order from approved PR.
1872,PO-2025-1872,1722,32,6,2025-06-27,2025-07-19,60 Days,Door delivery to factory stores,"EV Motor Plant, Accounts Payable, Hosur","EV Motor Plant Central Stores, Hosur",153.52,27.63,1325.00,0.00,INR,Issued,Approved,5,2025-06-27,Generated purchase order from approved PR.
1873,PO-2025-1873,1723,33,1,2025-06-25,2025-06-30,30 Days,Door delivery to factory stores,"EV Motor Plant, Accounts Payable, Hosur","EV Motor Plant Central Stores, Hosur",6674.40,1201.39,1400.00,0.00,INR,Issued,Approved,6,2025-06-25,Generated purchase order from approved PR.
1874,PO-2025-1874,1724,34,2,2025-06-30,2025-07-09,45 Days,Door delivery to factory stores,"EV Motor Plant, Accounts Payable, Hosur","EV Motor Plant Central Stores, Hosur",608.19,109.47,1475.00,0.00,INR,Issued,Approved,7,2025-06-30,Generated purchase order from approved PR.
1875,PO-2025-1875,1725,35,2,2025-06-29,2025-07-17,60 Days,Door delivery to factory stores,"EV Motor Plant, Accounts Payable, Hosur","EV Motor Plant Central Stores, Hosur",243.80,43.88,1550.00,0.00,INR,Issued,Approved,8,2025-06-29,Generated purchase order from approved PR.
1876,PO-2025-1876,1726,1,1,2025-06-25,2025-07-14,30 Days,Door delivery to factory stores,"EV Motor Plant, Accounts Payable, Hosur","EV Motor Plant Central Stores, Hosur",198.00,35.64,1625.00,0.00,INR,Issued,Approved,9,2025-06-25,Generated purchase order from approved PR.
1877,PO-2025-1877,1727,2,3,2025-06-24,2025-07-06,45 Days,Door delivery to factory stores,"EV Motor Plant, Accounts Payable, Hosur","EV Motor Plant Central Stores, Hosur",178.12,32.06,1700.00,0.00,INR,Issued,Approved,10,2025-06-24,Generated purchase order from approved PR.
1878,PO-2025-1878,1728,3,3,2025-06-26,2025-07-13,60 Days,Door delivery to factory stores,"EV Motor Plant, Accounts Payable, Hosur","EV Motor Plant Central Stores, Hosur",72.98,13.14,1775.00,0.00,INR,Issued,Approved,11,2025-06-26,Generated purchase order from approved PR.
1879,PO-2025-1879,1729,4,4,2025-06-28,2025-07-14,30 Days,Door delivery to factory stores,"EV Motor Plant, Accounts Payable, Hosur","EV Motor Plant Central Stores, Hosur",4718.82,849.39,1850.00,0.00,INR,Issued,Approved,12,2025-06-28,Generated purchase order from approved PR.
1880,PO-2025-1880,1730,5,4,2025-06-28,2025-07-17,45 Days,Door delivery to factory stores,"EV Motor Plant, Accounts Payable, Hosur","EV Motor Plant Central Stores, Hosur",1226.95,220.85,1925.00,0.00,INR,Issued,Approved,13,2025-06-28,Generated purchase order from approved PR.
1881,PO-2025-1881,1731,6,5,2025-06-26,2025-07-14,60 Days,Door delivery to factory stores,"EV Motor Plant, Accounts Payable, Hosur","EV Motor Plant Central Stores, Hosur",652.00,117.36,500.00,0.00,INR,Issued,Approved,1,2025-06-26,Generated purchase order from approved PR.
1882,PO-2025-1882,1732,7,5,2025-06-25,2025-07-01,30 Days,Door delivery to factory stores,"EV Motor Plant, Accounts Payable, Hosur","EV Motor Plant Central Stores, Hosur",1891.26,340.43,575.00,0.00,INR,Issued,Approved,3,2025-06-25,Generated purchase order from approved PR.
1883,PO-2025-1883,1733,8,6,2025-07-01,2025-07-09,45 Days,Door delivery to factory stores,"EV Motor Plant, Accounts Payable, Hosur","EV Motor Plant Central Stores, Hosur",1483.20,266.98,650.00,0.00,INR,Issued,Approved,4,2025-07-01,Generated purchase order from approved PR.
1884,PO-2025-1884,1734,9,6,2025-07-01,2025-07-08,60 Days,Door delivery to factory stores,"EV Motor Plant, Accounts Payable, Hosur","EV Motor Plant Central Stores, Hosur",1333.42,240.02,725.00,0.00,INR,Issued,Approved,5,2025-07-01,Generated purchase order from approved PR.
1885,PO-2025-1885,1735,10,1,2025-06-28,2025-07-20,30 Days,Door delivery to factory stores,"EV Motor Plant, Accounts Payable, Hosur","EV Motor Plant Central Stores, Hosur",192708.00,34687.44,800.00,0.00,INR,Issued,Approved,6,2025-06-28,Generated purchase order from approved PR.
1886,PO-2025-1886,1736,11,2,2025-06-28,2025-07-20,45 Days,Door delivery to factory stores,"EV Motor Plant, Accounts Payable, Hosur","EV Motor Plant Central Stores, Hosur",31168.80,5610.38,875.00,0.00,INR,Issued,Approved,7,2025-06-28,Generated purchase order from approved PR.
1887,PO-2025-1887,1737,12,2,2025-06-30,2025-07-20,60 Days,Door delivery to factory stores,"EV Motor Plant, Accounts Payable, Hosur","EV Motor Plant Central Stores, Hosur",2177378.00,391928.04,950.00,0.00,INR,Issued,Approved,8,2025-06-30,Generated purchase order from approved PR.
1888,PO-2025-1888,1738,13,1,2025-07-05,2025-07-12,30 Days,Door delivery to factory stores,"EV Motor Plant, Accounts Payable, Hosur","EV Motor Plant Central Stores, Hosur",48426.65,8716.80,1025.00,0.00,INR,Issued,Approved,9,2025-07-05,Generated purchase order from approved PR.
1889,PO-2025-1889,1739,14,3,2025-07-01,2025-07-16,45 Days,Door delivery to factory stores,"EV Motor Plant, Accounts Payable, Hosur","EV Motor Plant Central Stores, Hosur",567853.00,102213.54,1100.00,0.00,INR,Issued,Approved,10,2025-07-01,Generated purchase order from approved PR.
1890,PO-2025-1890,1740,15,3,2025-07-06,2025-07-14,60 Days,Door delivery to factory stores,"EV Motor Plant, Accounts Payable, Hosur","EV Motor Plant Central Stores, Hosur",14256.54,2566.18,1175.00,0.00,INR,Issued,Approved,11,2025-07-06,Generated purchase order from approved PR.
1891,PO-2025-1891,1741,16,4,2025-07-01,2025-07-12,30 Days,Door delivery to factory stores,"EV Motor Plant, Accounts Payable, Hosur","EV Motor Plant Central Stores, Hosur",30600.00,5508.00,1250.00,0.00,INR,Issued,Approved,12,2025-07-01,Generated purchase order from approved PR.
1892,PO-2025-1892,1742,17,4,2025-07-01,2025-07-11,45 Days,Door delivery to factory stores,"EV Motor Plant, Accounts Payable, Hosur","EV Motor Plant Central Stores, Hosur",11632.70,2093.89,1325.00,0.00,INR,Issued,Approved,13,2025-07-01,Generated purchase order from approved PR.
1893,PO-2025-1893,1743,18,5,2025-06-30,2025-07-20,60 Days,Door delivery to factory stores,"EV Motor Plant, Accounts Payable, Hosur","EV Motor Plant Central Stores, Hosur",27068.40,4872.31,1400.00,0.00,INR,Issued,Approved,1,2025-06-30,Generated purchase order from approved PR.
1894,PO-2025-1894,1744,19,5,2025-07-05,2025-07-12,30 Days,Door delivery to factory stores,"EV Motor Plant, Accounts Payable, Hosur","EV Motor Plant Central Stores, Hosur",4185.67,753.42,1475.00,0.00,INR,Issued,Approved,3,2025-07-05,Generated purchase order from approved PR.
1895,PO-2025-1895,1745,20,6,2025-07-03,2025-07-20,45 Days,Door delivery to factory stores,"EV Motor Plant, Accounts Payable, Hosur","EV Motor Plant Central Stores, Hosur",50085.00,9015.30,1550.00,0.00,INR,Issued,Approved,4,2025-07-03,Generated purchase order from approved PR.
1896,PO-2025-1896,1746,21,6,2025-07-04,2025-07-27,60 Days,Door delivery to factory stores,"EV Motor Plant, Accounts Payable, Hosur","EV Motor Plant Central Stores, Hosur",1160.00,208.80,1625.00,0.00,INR,Issued,Approved,5,2025-07-04,Generated purchase order from approved PR.
1897,PO-2025-1897,1747,22,1,2025-07-05,2025-07-23,30 Days,Door delivery to factory stores,"EV Motor Plant, Accounts Payable, Hosur","EV Motor Plant Central Stores, Hosur",11530.40,2075.47,1700.00,0.00,INR,Issued,Approved,6,2025-07-05,Generated purchase order from approved PR.
1898,PO-2025-1898,1748,23,2,2025-07-01,2025-07-07,45 Days,Door delivery to factory stores,"EV Motor Plant, Accounts Payable, Hosur","EV Motor Plant Central Stores, Hosur",326.12,58.70,1775.00,0.00,INR,Issued,Approved,7,2025-07-01,Generated purchase order from approved PR.
1899,PO-2025-1899,1749,24,2,2025-07-05,2025-07-27,60 Days,Door delivery to factory stores,"EV Motor Plant, Accounts Payable, Hosur","EV Motor Plant Central Stores, Hosur",48279.00,8690.22,1850.00,0.00,INR,Issued,Approved,8,2025-07-05,Generated purchase order from approved PR.
1900,PO-2025-1900,1750,25,1,2025-07-03,2025-07-20,30 Days,Door delivery to factory stores,"EV Motor Plant, Accounts Payable, Hosur","EV Motor Plant Central Stores, Hosur",9163.70,1649.47,1925.00,0.00,INR,Issued,Approved,9,2025-07-03,Generated purchase order from approved PR.
1901,PO-2025-1901,1751,26,3,2025-07-02,2025-07-15,45 Days,Door delivery to factory stores,"EV Motor Plant, Accounts Payable, Hosur","EV Motor Plant Central Stores, Hosur",460800.00,82944.00,500.00,0.00,INR,Issued,Approved,10,2025-07-02,Generated purchase order from approved PR.
1902,PO-2025-1902,1752,27,3,2025-07-06,2025-07-23,60 Days,Door delivery to factory stores,"EV Motor Plant, Accounts Payable, Hosur","EV Motor Plant Central Stores, Hosur",239.54,43.12,575.00,0.00,INR,Issued,Approved,11,2025-07-06,Generated purchase order from approved PR.
1903,PO-2025-1903,1753,28,4,2025-07-02,2025-07-23,30 Days,Door delivery to factory stores,"EV Motor Plant, Accounts Payable, Hosur","EV Motor Plant Central Stores, Hosur",109386.00,19689.48,650.00,0.00,INR,Issued,Approved,12,2025-07-02,Generated purchase order from approved PR.
1904,PO-2025-1904,1754,29,4,2025-07-08,2025-07-22,45 Days,Door delivery to factory stores,"EV Motor Plant, Accounts Payable, Hosur","EV Motor Plant Central Stores, Hosur",1045.00,188.10,725.00,0.00,INR,Issued,Approved,13,2025-07-08,Generated purchase order from approved PR.
1905,PO-2025-1905,1755,30,5,2025-07-04,2025-07-19,60 Days,Door delivery to factory stores,"EV Motor Plant, Accounts Payable, Hosur","EV Motor Plant Central Stores, Hosur",14564.40,2621.59,800.00,0.00,INR,Issued,Approved,1,2025-07-04,Generated purchase order from approved PR.
1906,PO-2025-1906,1756,31,5,2025-07-07,2025-07-20,30 Days,Door delivery to factory stores,"EV Motor Plant, Accounts Payable, Hosur","EV Motor Plant Central Stores, Hosur",210600.00,37908.00,875.00,0.00,INR,Issued,Approved,3,2025-07-07,Generated purchase order from approved PR.
1907,PO-2025-1907,1757,32,6,2025-07-02,2025-07-08,45 Days,Door delivery to factory stores,"EV Motor Plant, Accounts Payable, Hosur","EV Motor Plant Central Stores, Hosur",6820.80,1227.74,950.00,0.00,INR,Issued,Approved,4,2025-07-02,Generated purchase order from approved PR.
1908,PO-2025-1908,1758,33,6,2025-07-07,2025-07-26,60 Days,Door delivery to factory stores,"EV Motor Plant, Accounts Payable, Hosur","EV Motor Plant Central Stores, Hosur",1321902.00,237942.36,1025.00,0.00,INR,Issued,Approved,5,2025-07-07,Generated purchase order from approved PR.
1909,PO-2025-1909,1759,34,1,2025-07-07,2025-07-14,30 Days,Door delivery to factory stores,"EV Motor Plant, Accounts Payable, Hosur","EV Motor Plant Central Stores, Hosur",52981.50,9536.67,1100.00,0.00,INR,Issued,Approved,6,2025-07-07,Generated purchase order from approved PR.
1910,PO-2025-1910,1760,35,2,2025-07-04,2025-07-16,45 Days,Door delivery to factory stores,"EV Motor Plant, Accounts Payable, Hosur","EV Motor Plant Central Stores, Hosur",869836.00,156570.48,1175.00,0.00,INR,Issued,Approved,7,2025-07-04,Generated purchase order from approved PR.
1911,PO-2025-1911,1761,1,2,2025-07-04,2025-07-16,60 Days,Door delivery to factory stores,"EV Motor Plant, Accounts Payable, Hosur","EV Motor Plant Central Stores, Hosur",9855.00,1773.90,1250.00,0.00,INR,Issued,Approved,8,2025-07-04,Generated purchase order from approved PR.
1912,PO-2025-1912,1762,2,1,2025-07-06,2025-07-16,30 Days,Door delivery to factory stores,"EV Motor Plant, Accounts Payable, Hosur","EV Motor Plant Central Stores, Hosur",8586.90,1545.64,1325.00,0.00,INR,Issued,Approved,9,2025-07-06,Generated purchase order from approved PR.
1913,PO-2025-1913,1763,3,3,2025-07-03,2025-07-15,45 Days,Door delivery to factory stores,"EV Motor Plant, Accounts Payable, Hosur","EV Motor Plant Central Stores, Hosur",91927.50,16546.95,1400.00,0.00,INR,Issued,Approved,10,2025-07-03,Generated purchase order from approved PR.
1914,PO-2025-1914,1764,4,3,2025-07-09,2025-07-25,60 Days,Door delivery to factory stores,"EV Motor Plant, Accounts Payable, Hosur","EV Motor Plant Central Stores, Hosur",55677.60,10021.97,1475.00,0.00,INR,Issued,Approved,11,2025-07-09,Generated purchase order from approved PR.
1915,PO-2025-1915,1765,5,4,2025-07-07,2025-07-17,30 Days,Door delivery to factory stores,"EV Motor Plant, Accounts Payable, Hosur","EV Motor Plant Central Stores, Hosur",174560.80,31420.94,1550.00,0.00,INR,Issued,Approved,12,2025-07-07,Generated purchase order from approved PR.
1916,PO-2025-1916,1766,6,4,2025-07-09,2025-07-17,45 Days,Door delivery to factory stores,"EV Motor Plant, Accounts Payable, Hosur","EV Motor Plant Central Stores, Hosur",80250.00,14445.00,1625.00,0.00,INR,Issued,Approved,13,2025-07-09,Generated purchase order from approved PR.
1917,PO-2025-1917,1767,7,5,2025-07-11,2025-08-01,60 Days,Door delivery to factory stores,"EV Motor Plant, Accounts Payable, Hosur","EV Motor Plant Central Stores, Hosur",20949.60,3770.93,1700.00,0.00,INR,Issued,Approved,1,2025-07-11,Generated purchase order from approved PR.
1918,PO-2025-1918,1768,8,5,2025-07-07,2025-07-30,30 Days,Door delivery to factory stores,"EV Motor Plant, Accounts Payable, Hosur","EV Motor Plant Central Stores, Hosur",2801.60,504.29,1775.00,0.00,INR,Issued,Approved,3,2025-07-07,Generated purchase order from approved PR.
1919,PO-2025-1919,1769,9,6,2025-07-07,2025-07-20,45 Days,Door delivery to factory stores,"EV Motor Plant, Accounts Payable, Hosur","EV Motor Plant Central Stores, Hosur",12790.80,2302.34,1850.00,0.00,INR,Issued,Approved,4,2025-07-07,Generated purchase order from approved PR.
1920,PO-2025-1920,1770,10,6,2025-07-11,2025-07-22,60 Days,Door delivery to factory stores,"EV Motor Plant, Accounts Payable, Hosur","EV Motor Plant Central Stores, Hosur",104176.80,18751.82,1925.00,0.00,INR,Issued,Approved,5,2025-07-11,Generated purchase order from approved PR.
1921,PO-2025-1921,1771,11,1,2025-07-09,2025-07-14,30 Days,Door delivery to factory stores,"EV Motor Plant, Accounts Payable, Hosur","EV Motor Plant Central Stores, Hosur",24780.00,4460.40,500.00,0.00,INR,Issued,Approved,6,2025-07-09,Generated purchase order from approved PR.
1922,PO-2025-1922,1772,12,2,2025-07-13,2025-07-18,45 Days,Door delivery to factory stores,"EV Motor Plant, Accounts Payable, Hosur","EV Motor Plant Central Stores, Hosur",258216.00,46478.88,575.00,0.00,INR,Issued,Approved,7,2025-07-13,Generated purchase order from approved PR.
1923,PO-2025-1923,1773,13,2,2025-07-11,2025-07-23,60 Days,Door delivery to factory stores,"EV Motor Plant, Accounts Payable, Hosur","EV Motor Plant Central Stores, Hosur",10614.15,1910.55,650.00,0.00,INR,Issued,Approved,8,2025-07-11,Generated purchase order from approved PR.
1924,PO-2025-1924,1774,14,1,2025-07-15,2025-08-06,30 Days,Door delivery to factory stores,"EV Motor Plant, Accounts Payable, Hosur","EV Motor Plant Central Stores, Hosur",92639.25,16675.07,725.00,0.00,INR,Issued,Approved,9,2025-07-15,Generated purchase order from approved PR.
1925,PO-2025-1925,1775,15,3,2025-07-14,2025-08-01,45 Days,Door delivery to factory stores,"EV Motor Plant, Accounts Payable, Hosur","EV Motor Plant Central Stores, Hosur",181048.00,32588.64,800.00,0.00,INR,Issued,Approved,10,2025-07-14,Generated purchase order from approved PR.
1926,PO-2025-1926,1776,16,3,2025-07-13,2025-07-24,60 Days,Door delivery to factory stores,"EV Motor Plant, Accounts Payable, Hosur","EV Motor Plant Central Stores, Hosur",6420.00,1155.60,875.00,0.00,INR,Issued,Approved,11,2025-07-13,Generated purchase order from approved PR.
1927,PO-2025-1927,1777,17,4,2025-07-11,2025-08-03,30 Days,Door delivery to factory stores,"EV Motor Plant, Accounts Payable, Hosur","EV Motor Plant Central Stores, Hosur",5608.20,1009.48,950.00,0.00,INR,Issued,Approved,12,2025-07-11,Generated purchase order from approved PR.
1928,PO-2025-1928,1778,18,4,2025-07-12,2025-07-25,45 Days,Door delivery to factory stores,"EV Motor Plant, Accounts Payable, Hosur","EV Motor Plant Central Stores, Hosur",11618.40,2091.31,1025.00,0.00,INR,Issued,Approved,13,2025-07-12,Generated purchase order from approved PR.
1929,PO-2025-1929,1779,19,5,2025-07-10,2025-07-20,60 Days,Door delivery to factory stores,"EV Motor Plant, Accounts Payable, Hosur","EV Motor Plant Central Stores, Hosur",36940.75,6649.34,1100.00,0.00,INR,Issued,Approved,1,2025-07-10,Generated purchase order from approved PR.
1930,PO-2025-1930,1780,20,5,2025-07-14,2025-07-27,30 Days,Door delivery to factory stores,"EV Motor Plant, Accounts Payable, Hosur","EV Motor Plant Central Stores, Hosur",22048.00,3968.64,1175.00,0.00,INR,Issued,Approved,3,2025-07-14,Generated purchase order from approved PR.
1931,PO-2025-1931,1781,21,6,2025-07-14,2025-07-23,45 Days,Door delivery to factory stores,"EV Motor Plant, Accounts Payable, Hosur","EV Motor Plant Central Stores, Hosur",10800.00,1944.00,1250.00,0.00,INR,Issued,Approved,4,2025-07-14,Generated purchase order from approved PR.
1932,PO-2025-1932,1782,22,6,2025-07-11,2025-08-01,60 Days,Door delivery to factory stores,"EV Motor Plant, Accounts Payable, Hosur","EV Motor Plant Central Stores, Hosur",4842.08,871.57,1325.00,0.00,INR,Issued,Approved,5,2025-07-11,Generated purchase order from approved PR.
1933,PO-2025-1933,1783,23,1,2025-07-14,2025-07-25,30 Days,Door delivery to factory stores,"EV Motor Plant, Accounts Payable, Hosur","EV Motor Plant Central Stores, Hosur",2266.00,407.88,1400.00,0.00,INR,Issued,Approved,6,2025-07-14,Generated purchase order from approved PR.
1934,PO-2025-1934,1784,24,2,2025-07-13,2025-07-30,45 Days,Door delivery to factory stores,"EV Motor Plant, Accounts Payable, Hosur","EV Motor Plant Central Stores, Hosur",136790.50,24622.29,1475.00,0.00,INR,Issued,Approved,7,2025-07-13,Generated purchase order from approved PR.
1935,PO-2025-1935,1785,25,2,2025-07-15,2025-07-27,60 Days,Door delivery to factory stores,"EV Motor Plant, Accounts Payable, Hosur","EV Motor Plant Central Stores, Hosur",10144.20,1825.96,1550.00,0.00,INR,Issued,Approved,8,2025-07-15,Generated purchase order from approved PR.
1936,PO-2025-1936,1786,26,1,2025-07-18,2025-08-09,30 Days,Door delivery to factory stores,"EV Motor Plant, Accounts Payable, Hosur","EV Motor Plant Central Stores, Hosur",69000.00,12420.00,1625.00,0.00,INR,Issued,Approved,9,2025-07-18,Generated purchase order from approved PR.
1937,PO-2025-1937,1787,27,3,2025-07-13,2025-07-30,45 Days,Door delivery to factory stores,"EV Motor Plant, Accounts Payable, Hosur","EV Motor Plant Central Stores, Hosur",741.15,133.41,1700.00,0.00,INR,Issued,Approved,10,2025-07-13,Generated purchase order from approved PR.
1938,PO-2025-1938,1788,28,3,2025-07-18,2025-08-01,60 Days,Door delivery to factory stores,"EV Motor Plant, Accounts Payable, Hosur","EV Motor Plant Central Stores, Hosur",12051.00,2169.18,1775.00,0.00,INR,Issued,Approved,11,2025-07-18,Generated purchase order from approved PR.
1939,PO-2025-1939,1789,29,4,2025-07-12,2025-07-19,30 Days,Door delivery to factory stores,"EV Motor Plant, Accounts Payable, Hosur","EV Motor Plant Central Stores, Hosur",259.16,46.65,1850.00,0.00,INR,Issued,Approved,12,2025-07-12,Generated purchase order from approved PR.
1940,PO-2025-1940,1790,30,4,2025-07-17,2025-08-08,45 Days,Door delivery to factory stores,"EV Motor Plant, Accounts Payable, Hosur","EV Motor Plant Central Stores, Hosur",23754.60,4275.83,1925.00,0.00,INR,Issued,Approved,13,2025-07-17,Generated purchase order from approved PR.
1941,PO-2025-1941,1791,31,5,2025-07-13,2025-07-28,60 Days,Door delivery to factory stores,"EV Motor Plant, Accounts Payable, Hosur","EV Motor Plant Central Stores, Hosur",2664.00,479.52,500.00,0.00,INR,Issued,Approved,1,2025-07-13,Generated purchase order from approved PR.
1942,PO-2025-1942,1792,32,5,2025-07-17,2025-07-27,30 Days,Door delivery to factory stores,"EV Motor Plant, Accounts Payable, Hosur","EV Motor Plant Central Stores, Hosur",60108.30,10819.49,575.00,0.00,INR,Issued,Approved,3,2025-07-17,Generated purchase order from approved PR.
1943,PO-2025-1943,1793,33,6,2025-07-18,2025-08-08,45 Days,Door delivery to factory stores,"EV Motor Plant, Accounts Payable, Hosur","EV Motor Plant Central Stores, Hosur",1091.80,196.52,650.00,0.00,INR,Issued,Approved,4,2025-07-18,Generated purchase order from approved PR.
1944,PO-2025-1944,1794,34,6,2025-07-16,2025-07-22,60 Days,Door delivery to factory stores,"EV Motor Plant, Accounts Payable, Hosur","EV Motor Plant Central Stores, Hosur",8183.22,1472.98,725.00,0.00,INR,Issued,Approved,5,2025-07-16,Generated purchase order from approved PR.
1945,PO-2025-1945,1795,35,1,2025-07-17,2025-07-27,30 Days,Door delivery to factory stores,"EV Motor Plant, Accounts Payable, Hosur","EV Motor Plant Central Stores, Hosur",9937.50,1788.75,800.00,0.00,INR,Issued,Approved,6,2025-07-17,Generated purchase order from approved PR.
1946,PO-2025-1946,1796,1,2,2025-07-20,2025-08-04,45 Days,Door delivery to factory stores,"EV Motor Plant, Accounts Payable, Hosur","EV Motor Plant Central Stores, Hosur",228200.00,41076.00,875.00,0.00,INR,Issued,Approved,7,2025-07-20,Generated purchase order from approved PR.
1947,PO-2025-1947,1797,2,2,2025-07-15,2025-07-26,60 Days,Door delivery to factory stores,"EV Motor Plant, Accounts Payable, Hosur","EV Motor Plant Central Stores, Hosur",112.85,20.31,950.00,0.00,INR,Issued,Approved,8,2025-07-15,Generated purchase order from approved PR.
1948,PO-2025-1948,1798,3,1,2025-07-21,2025-08-04,30 Days,Door delivery to factory stores,"EV Motor Plant, Accounts Payable, Hosur","EV Motor Plant Central Stores, Hosur",18210.40,3277.87,1025.00,0.00,INR,Issued,Approved,9,2025-07-21,Generated purchase order from approved PR.
1949,PO-2025-1949,1799,4,3,2025-07-19,2025-07-29,45 Days,Door delivery to factory stores,"EV Motor Plant, Accounts Payable, Hosur","EV Motor Plant Central Stores, Hosur",5818.56,1047.34,1100.00,0.00,INR,Issued,Approved,10,2025-07-19,Generated purchase order from approved PR.
1950,PO-2025-1950,1800,5,3,2025-07-18,2025-07-25,60 Days,Door delivery to factory stores,"EV Motor Plant, Accounts Payable, Hosur","EV Motor Plant Central Stores, Hosur",80507.00,14491.26,1175.00,0.00,INR,Issued,Approved,11,2025-07-18,Generated purchase order from approved PR.
1951,PO-2025-1951,1801,6,4,2025-07-16,2025-07-21,30 Days,Door delivery to factory stores,"EV Motor Plant, Accounts Payable, Hosur","EV Motor Plant Central Stores, Hosur",992.50,178.65,1250.00,0.00,INR,Issued,Approved,12,2025-07-16,Generated purchase order from approved PR.
1952,PO-2025-1952,1802,7,4,2025-07-20,2025-07-27,45 Days,Door delivery to factory stores,"EV Motor Plant, Accounts Payable, Hosur","EV Motor Plant Central Stores, Hosur",21467.25,3864.11,1325.00,0.00,INR,Issued,Approved,13,2025-07-20,Generated purchase order from approved PR.
1953,PO-2025-1953,1803,8,5,2025-07-22,2025-08-14,60 Days,Door delivery to factory stores,"EV Motor Plant, Accounts Payable, Hosur","EV Motor Plant Central Stores, Hosur",163.18,29.37,1400.00,0.00,INR,Issued,Approved,1,2025-07-22,Generated purchase order from approved PR.
1954,PO-2025-1954,1804,9,5,2025-07-22,2025-08-06,30 Days,Door delivery to factory stores,"EV Motor Plant, Accounts Payable, Hosur","EV Motor Plant Central Stores, Hosur",2012.01,362.16,1475.00,0.00,INR,Issued,Approved,3,2025-07-22,Generated purchase order from approved PR.
1955,PO-2025-1955,1805,10,6,2025-07-18,2025-08-01,45 Days,Door delivery to factory stores,"EV Motor Plant, Accounts Payable, Hosur","EV Motor Plant Central Stores, Hosur",1232.25,221.81,1550.00,0.00,INR,Issued,Approved,4,2025-07-18,Generated purchase order from approved PR.
1956,PO-2025-1956,1806,11,6,2025-07-24,2025-08-05,60 Days,Door delivery to factory stores,"EV Motor Plant, Accounts Payable, Hosur","EV Motor Plant Central Stores, Hosur",1100.00,198.00,1625.00,0.00,INR,Issued,Approved,5,2025-07-24,Generated purchase order from approved PR.
1957,PO-2025-1957,1807,12,1,2025-07-24,2025-08-11,30 Days,Door delivery to factory stores,"EV Motor Plant, Accounts Payable, Hosur","EV Motor Plant Central Stores, Hosur",198.86,35.79,1700.00,0.00,INR,Issued,Approved,6,2025-07-24,Generated purchase order from approved PR.
1958,PO-2025-1958,1808,13,2,2025-07-20,2025-07-27,45 Days,Door delivery to factory stores,"EV Motor Plant, Accounts Payable, Hosur","EV Motor Plant Central Stores, Hosur",482.04,86.77,1775.00,0.00,INR,Issued,Approved,7,2025-07-20,Generated purchase order from approved PR.
1959,PO-2025-1959,1809,14,2,2025-07-20,2025-07-30,60 Days,Door delivery to factory stores,"EV Motor Plant, Accounts Payable, Hosur","EV Motor Plant Central Stores, Hosur",1843.38,331.81,1850.00,0.00,INR,Issued,Approved,8,2025-07-20,Generated purchase order from approved PR.
1960,PO-2025-1960,1810,15,1,2025-07-22,2025-08-08,30 Days,Door delivery to factory stores,"EV Motor Plant, Accounts Payable, Hosur","EV Motor Plant Central Stores, Hosur",1763.84,317.49,1925.00,0.00,INR,Issued,Approved,9,2025-07-22,Generated purchase order from approved PR.
1961,PO-2025-1961,1811,16,3,2025-07-24,2025-08-07,45 Days,Door delivery to factory stores,"EV Motor Plant, Accounts Payable, Hosur","EV Motor Plant Central Stores, Hosur",735.00,132.30,500.00,0.00,INR,Issued,Approved,10,2025-07-24,Generated purchase order from approved PR.
1962,PO-2025-1962,1812,17,3,2025-07-25,2025-08-13,60 Days,Door delivery to factory stores,"EV Motor Plant, Accounts Payable, Hosur","EV Motor Plant Central Stores, Hosur",1400.70,252.13,575.00,0.00,INR,Issued,Approved,11,2025-07-25,Generated purchase order from approved PR.
1963,PO-2025-1963,1813,18,4,2025-07-25,2025-08-16,30 Days,Door delivery to factory stores,"EV Motor Plant, Accounts Payable, Hosur","EV Motor Plant Central Stores, Hosur",82.40,14.83,650.00,0.00,INR,Issued,Approved,12,2025-07-25,Generated purchase order from approved PR.
1964,PO-2025-1964,1814,19,4,2025-07-23,2025-08-12,45 Days,Door delivery to factory stores,"EV Motor Plant, Accounts Payable, Hosur","EV Motor Plant Central Stores, Hosur",235.35,42.36,725.00,0.00,INR,Issued,Approved,13,2025-07-23,Generated purchase order from approved PR.
1965,PO-2025-1965,1815,20,5,2025-07-24,2025-08-01,60 Days,Door delivery to factory stores,"EV Motor Plant, Accounts Payable, Hosur","EV Motor Plant Central Stores, Hosur",37755.83,6796.05,800.00,0.00,INR,Issued,Approved,1,2025-07-24,Generated purchase order from approved PR.
1966,PO-2025-1966,1816,21,5,2025-07-23,2025-07-29,30 Days,Door delivery to factory stores,"EV Motor Plant, Accounts Payable, Hosur","EV Motor Plant Central Stores, Hosur",3950.00,711.00,875.00,0.00,INR,Issued,Approved,3,2025-07-23,Generated purchase order from approved PR.
1967,PO-2025-1967,1817,22,6,2025-07-28,2025-08-05,45 Days,Door delivery to factory stores,"EV Motor Plant, Accounts Payable, Hosur","EV Motor Plant Central Stores, Hosur",13482.22,2426.80,950.00,0.00,INR,Issued,Approved,4,2025-07-28,Generated purchase order from approved PR.
1968,PO-2025-1968,1818,23,6,2025-07-27,2025-08-15,60 Days,Door delivery to factory stores,"EV Motor Plant, Accounts Payable, Hosur","EV Motor Plant Central Stores, Hosur",818.85,147.39,1025.00,0.00,INR,Issued,Approved,5,2025-07-27,Generated purchase order from approved PR.
1969,PO-2025-1969,1819,24,1,2025-07-26,2025-08-17,30 Days,Door delivery to factory stores,"EV Motor Plant, Accounts Payable, Hosur","EV Motor Plant Central Stores, Hosur",6816.88,1227.04,1100.00,0.00,INR,Issued,Approved,6,2025-07-26,Generated purchase order from approved PR.
1970,PO-2025-1970,1820,25,2,2025-07-29,2025-08-20,45 Days,Door delivery to factory stores,"EV Motor Plant, Accounts Payable, Hosur","EV Motor Plant Central Stores, Hosur",5367.84,966.21,1175.00,0.00,INR,Issued,Approved,7,2025-07-29,Generated purchase order from approved PR.
1971,PO-2025-1971,1821,26,2,2025-07-26,2025-08-05,60 Days,Door delivery to factory stores,"EV Motor Plant, Accounts Payable, Hosur","EV Motor Plant Central Stores, Hosur",18457.60,3322.37,1250.00,0.00,INR,Issued,Approved,8,2025-07-26,Generated purchase order from approved PR.
1972,PO-2025-1972,1822,27,1,2025-07-23,2025-08-12,30 Days,Door delivery to factory stores,"EV Motor Plant, Accounts Payable, Hosur","EV Motor Plant Central Stores, Hosur",259.08,46.63,1325.00,0.00,INR,Issued,Approved,9,2025-07-23,Generated purchase order from approved PR.
1973,PO-2025-1973,1823,28,3,2025-07-29,2025-08-13,45 Days,Door delivery to factory stores,"EV Motor Plant, Accounts Payable, Hosur","EV Motor Plant Central Stores, Hosur",2799.54,503.92,1400.00,0.00,INR,Issued,Approved,10,2025-07-29,Generated purchase order from approved PR.
1974,PO-2025-1974,1824,29,3,2025-07-24,2025-08-13,60 Days,Door delivery to factory stores,"EV Motor Plant, Accounts Payable, Hosur","EV Motor Plant Central Stores, Hosur",263.76,47.48,1475.00,0.00,INR,Issued,Approved,11,2025-07-24,Generated purchase order from approved PR.
1975,PO-2025-1975,1825,30,4,2025-07-26,2025-08-10,30 Days,Door delivery to factory stores,"EV Motor Plant, Accounts Payable, Hosur","EV Motor Plant Central Stores, Hosur",610.56,109.90,1550.00,0.00,INR,Issued,Approved,12,2025-07-26,Generated purchase order from approved PR.
1976,PO-2025-1976,1826,31,4,2025-07-29,2025-08-05,45 Days,Door delivery to factory stores,"EV Motor Plant, Accounts Payable, Hosur","EV Motor Plant Central Stores, Hosur",955.00,171.90,1625.00,0.00,INR,Issued,Approved,13,2025-07-29,Generated purchase order from approved PR.
1977,PO-2025-1977,1827,32,5,2025-07-25,2025-07-31,60 Days,Door delivery to factory stores,"EV Motor Plant, Accounts Payable, Hosur","EV Motor Plant Central Stores, Hosur",469.70,84.55,1700.00,0.00,INR,Issued,Approved,1,2025-07-25,Generated purchase order from approved PR.
1978,PO-2025-1978,1828,33,5,2025-08-01,2025-08-24,30 Days,Door delivery to factory stores,"EV Motor Plant, Accounts Payable, Hosur","EV Motor Plant Central Stores, Hosur",582.80,104.90,1775.00,0.00,INR,Issued,Approved,3,2025-08-01,Generated purchase order from approved PR.
1979,PO-2025-1979,1829,34,6,2025-07-28,2025-08-10,45 Days,Door delivery to factory stores,"EV Motor Plant, Accounts Payable, Hosur","EV Motor Plant Central Stores, Hosur",285.74,51.43,1850.00,0.00,INR,Issued,Approved,4,2025-07-28,Generated purchase order from approved PR.
1980,PO-2025-1980,1830,35,6,2025-07-28,2025-08-08,60 Days,Door delivery to factory stores,"EV Motor Plant, Accounts Payable, Hosur","EV Motor Plant Central Stores, Hosur",322.24,58.00,1925.00,0.00,INR,Issued,Approved,5,2025-07-28,Generated purchase order from approved PR.
1981,PO-2025-1981,1831,1,1,2025-07-29,2025-08-09,30 Days,Door delivery to factory stores,"EV Motor Plant, Accounts Payable, Hosur","EV Motor Plant Central Stores, Hosur",346.00,62.28,500.00,0.00,INR,Issued,Approved,6,2025-07-29,Generated purchase order from approved PR.
1982,PO-2025-1982,1832,2,2,2025-07-30,2025-08-11,45 Days,Door delivery to factory stores,"EV Motor Plant, Accounts Payable, Hosur","EV Motor Plant Central Stores, Hosur",7081.95,1274.75,575.00,0.00,INR,Issued,Approved,7,2025-07-30,Generated purchase order from approved PR.
1983,PO-2025-1983,1833,3,2,2025-07-30,2025-08-21,60 Days,Door delivery to factory stores,"EV Motor Plant, Accounts Payable, Hosur","EV Motor Plant Central Stores, Hosur",259.56,46.72,650.00,0.00,INR,Issued,Approved,8,2025-07-30,Generated purchase order from approved PR.
1984,PO-2025-1984,1834,4,1,2025-07-28,2025-08-03,30 Days,Door delivery to factory stores,"EV Motor Plant, Accounts Payable, Hosur","EV Motor Plant Central Stores, Hosur",1291.62,232.49,725.00,0.00,INR,Issued,Approved,9,2025-07-28,Generated purchase order from approved PR.
1985,PO-2025-1985,1835,5,3,2025-07-30,2025-08-06,45 Days,Door delivery to factory stores,"EV Motor Plant, Accounts Payable, Hosur","EV Motor Plant Central Stores, Hosur",982408.00,176833.44,800.00,0.00,INR,Issued,Approved,10,2025-07-30,Generated purchase order from approved PR.
1986,PO-2025-1986,1836,6,3,2025-07-29,2025-08-18,60 Days,Door delivery to factory stores,"EV Motor Plant, Accounts Payable, Hosur","EV Motor Plant Central Stores, Hosur",27882.00,5018.76,875.00,0.00,INR,Issued,Approved,11,2025-07-29,Generated purchase order from approved PR.
1987,PO-2025-1987,1837,7,4,2025-07-30,2025-08-14,30 Days,Door delivery to factory stores,"EV Motor Plant, Accounts Payable, Hosur","EV Motor Plant Central Stores, Hosur",493290.00,88792.20,950.00,0.00,INR,Issued,Approved,12,2025-07-30,Generated purchase order from approved PR.
1988,PO-2025-1988,1838,8,4,2025-08-02,2025-08-09,45 Days,Door delivery to factory stores,"EV Motor Plant, Accounts Payable, Hosur","EV Motor Plant Central Stores, Hosur",1586.58,285.58,1025.00,0.00,INR,Issued,Approved,13,2025-08-02,Generated purchase order from approved PR.
1989,PO-2025-1989,1839,9,5,2025-07-31,2025-08-05,60 Days,Door delivery to factory stores,"EV Motor Plant, Accounts Payable, Hosur","EV Motor Plant Central Stores, Hosur",820325.00,147658.50,1100.00,0.00,INR,Issued,Approved,1,2025-07-31,Generated purchase order from approved PR.
1990,PO-2025-1990,1840,10,5,2025-08-01,2025-08-10,30 Days,Door delivery to factory stores,"EV Motor Plant, Accounts Payable, Hosur","EV Motor Plant Central Stores, Hosur",29944.98,5390.10,1175.00,0.00,INR,Issued,Approved,3,2025-08-01,Generated purchase order from approved PR.
1991,PO-2025-1991,1841,11,6,2025-08-04,2025-08-13,45 Days,Door delivery to factory stores,"EV Motor Plant, Accounts Payable, Hosur","EV Motor Plant Central Stores, Hosur",59520.00,10713.60,1250.00,0.00,INR,Issued,Approved,4,2025-08-04,Generated purchase order from approved PR.
1992,PO-2025-1992,1842,12,6,2025-07-30,2025-08-04,60 Days,Door delivery to factory stores,"EV Motor Plant, Accounts Payable, Hosur","EV Motor Plant Central Stores, Hosur",15435.36,2778.36,1325.00,0.00,INR,Issued,Approved,5,2025-07-30,Generated purchase order from approved PR.
1993,PO-2025-1993,1843,13,1,2025-07-29,2025-08-07,30 Days,Door delivery to factory stores,"EV Motor Plant, Accounts Payable, Hosur","EV Motor Plant Central Stores, Hosur",34299.00,6173.82,1400.00,0.00,INR,Issued,Approved,6,2025-07-29,Generated purchase order from approved PR.
1994,PO-2025-1994,1844,14,2,2025-07-30,2025-08-18,45 Days,Door delivery to factory stores,"EV Motor Plant, Accounts Payable, Hosur","EV Motor Plant Central Stores, Hosur",1504.80,270.86,1475.00,0.00,INR,Issued,Approved,7,2025-07-30,Generated purchase order from approved PR.
1995,PO-2025-1995,1845,15,2,2025-08-05,2025-08-26,60 Days,Door delivery to factory stores,"EV Motor Plant, Accounts Payable, Hosur","EV Motor Plant Central Stores, Hosur",286200.00,51516.00,1550.00,0.00,INR,Issued,Approved,8,2025-08-05,Generated purchase order from approved PR.
1996,PO-2025-1996,1846,16,1,2025-08-05,2025-08-27,30 Days,Door delivery to factory stores,"EV Motor Plant, Accounts Payable, Hosur","EV Motor Plant Central Stores, Hosur",666.00,119.88,1625.00,0.00,INR,Issued,Approved,9,2025-08-05,Generated purchase order from approved PR.
1997,PO-2025-1997,1847,17,3,2025-08-02,2025-08-14,45 Days,Door delivery to factory stores,"EV Motor Plant, Accounts Payable, Hosur","EV Motor Plant Central Stores, Hosur",27465.90,4943.86,1700.00,0.00,INR,Issued,Approved,10,2025-08-02,Generated purchase order from approved PR.
1998,PO-2025-1998,1848,18,3,2025-08-03,2025-08-14,60 Days,Door delivery to factory stores,"EV Motor Plant, Accounts Payable, Hosur","EV Motor Plant Central Stores, Hosur",435.69,78.42,1775.00,0.00,INR,Issued,Approved,11,2025-08-03,Generated purchase order from approved PR.
1999,PO-2025-1999,1849,19,4,2025-08-04,2025-08-27,30 Days,Door delivery to factory stores,"EV Motor Plant, Accounts Payable, Hosur","EV Motor Plant Central Stores, Hosur",19019.00,3423.42,1850.00,0.00,INR,Issued,Approved,12,2025-08-04,Generated purchase order from approved PR.
2000,PO-2025-2000,1850,20,4,2025-08-01,2025-08-20,45 Days,Door delivery to factory stores,"EV Motor Plant, Accounts Payable, Hosur","EV Motor Plant Central Stores, Hosur",445.20,80.14,1925.00,0.00,INR,Issued,Approved,13,2025-08-01,Generated purchase order from approved PR.
2001,PO-2025-2001,1851,21,5,2025-08-06,2025-08-21,60 Days,Door delivery to factory stores,"EV Motor Plant, Accounts Payable, Hosur","EV Motor Plant Central Stores, Hosur",977600.00,175968.00,500.00,0.00,INR,Issued,Approved,1,2025-08-06,Generated purchase order from approved PR.
2002,PO-2025-2002,1852,22,5,2025-08-02,2025-08-11,30 Days,Door delivery to factory stores,"EV Motor Plant, Accounts Payable, Hosur","EV Motor Plant Central Stores, Hosur",30.45,5.48,575.00,0.00,INR,Issued,Approved,3,2025-08-02,Generated purchase order from approved PR.
2003,PO-2025-2003,1853,23,6,2025-08-01,2025-08-12,45 Days,Door delivery to factory stores,"EV Motor Plant, Accounts Payable, Hosur","EV Motor Plant Central Stores, Hosur",12051.00,2169.18,650.00,0.00,INR,Issued,Approved,4,2025-08-01,Generated purchase order from approved PR.
2004,PO-2025-2004,1854,24,6,2025-08-05,2025-08-19,60 Days,Door delivery to factory stores,"EV Motor Plant, Accounts Payable, Hosur","EV Motor Plant Central Stores, Hosur",472.34,85.02,725.00,0.00,INR,Issued,Approved,5,2025-08-05,Generated purchase order from approved PR.
2005,PO-2025-2005,1855,25,1,2025-08-02,2025-08-17,30 Days,Door delivery to factory stores,"EV Motor Plant, Accounts Payable, Hosur","EV Motor Plant Central Stores, Hosur",13737.60,2472.77,800.00,0.00,INR,Issued,Approved,6,2025-08-02,Generated purchase order from approved PR.
2006,PO-2025-2006,1856,26,2,2025-08-08,2025-08-13,45 Days,Door delivery to factory stores,"EV Motor Plant, Accounts Payable, Hosur","EV Motor Plant Central Stores, Hosur",408800.00,73584.00,875.00,0.00,INR,Issued,Approved,7,2025-08-08,Generated purchase order from approved PR.
2007,PO-2025-2007,1857,27,2,2025-08-03,2025-08-26,60 Days,Door delivery to factory stores,"EV Motor Plant, Accounts Payable, Hosur","EV Motor Plant Central Stores, Hosur",22106.70,3979.21,950.00,0.00,INR,Issued,Approved,8,2025-08-03,Generated purchase order from approved PR.
2008,PO-2025-2008,1858,28,1,2025-08-08,2025-08-23,30 Days,Door delivery to factory stores,"EV Motor Plant, Accounts Payable, Hosur","EV Motor Plant Central Stores, Hosur",572268.00,103008.24,1025.00,0.00,INR,Issued,Approved,9,2025-08-08,Generated purchase order from approved PR.
2009,PO-2025-2009,1859,29,3,2025-08-09,2025-08-25,45 Days,Door delivery to factory stores,"EV Motor Plant, Accounts Payable, Hosur","EV Motor Plant Central Stores, Hosur",2148.16,386.67,1100.00,0.00,INR,Issued,Approved,10,2025-08-09,Generated purchase order from approved PR.
2010,PO-2025-2010,1860,30,3,2025-08-06,2025-08-15,60 Days,Door delivery to factory stores,"EV Motor Plant, Accounts Payable, Hosur","EV Motor Plant Central Stores, Hosur",2597000.00,467460.00,1175.00,0.00,INR,Issued,Approved,11,2025-08-06,Generated purchase order from approved PR.
2011,PO-2025-2011,1861,31,4,2025-08-09,2025-08-28,30 Days,Door delivery to factory stores,"EV Motor Plant, Accounts Payable, Hosur","EV Motor Plant Central Stores, Hosur",2640.00,475.20,1250.00,0.00,INR,Issued,Approved,12,2025-08-09,Generated purchase order from approved PR.
2012,PO-2025-2012,1862,32,4,2025-08-06,2025-08-25,45 Days,Door delivery to factory stores,"EV Motor Plant, Accounts Payable, Hosur","EV Motor Plant Central Stores, Hosur",19000.80,3420.14,1325.00,0.00,INR,Issued,Approved,13,2025-08-06,Generated purchase order from approved PR.
2013,PO-2025-2013,1863,33,5,2025-08-09,2025-08-15,60 Days,Door delivery to factory stores,"EV Motor Plant, Accounts Payable, Hosur","EV Motor Plant Central Stores, Hosur",123270.40,22188.67,1400.00,0.00,INR,Issued,Approved,1,2025-08-09,Generated purchase order from approved PR.
2014,PO-2025-2014,1864,34,5,2025-08-06,2025-08-22,30 Days,Door delivery to factory stores,"EV Motor Plant, Accounts Payable, Hosur","EV Motor Plant Central Stores, Hosur",22572.00,4062.96,1475.00,0.00,INR,Issued,Approved,3,2025-08-06,Generated purchase order from approved PR.
2015,PO-2025-2015,1865,35,6,2025-08-10,2025-08-27,45 Days,Door delivery to factory stores,"EV Motor Plant, Accounts Payable, Hosur","EV Motor Plant Central Stores, Hosur",5008.50,901.53,1550.00,0.00,INR,Issued,Approved,4,2025-08-10,Generated purchase order from approved PR.
2016,PO-2025-2016,1866,1,6,2025-08-08,2025-08-28,60 Days,Door delivery to factory stores,"EV Motor Plant, Accounts Payable, Hosur","EV Motor Plant Central Stores, Hosur",104400.00,18792.00,1625.00,0.00,INR,Issued,Approved,5,2025-08-08,Generated purchase order from approved PR.
2017,PO-2025-2017,1867,2,1,2025-08-09,2025-08-17,30 Days,Door delivery to factory stores,"EV Motor Plant, Accounts Payable, Hosur","EV Motor Plant Central Stores, Hosur",62727.00,11290.86,1700.00,0.00,INR,Issued,Approved,6,2025-08-09,Generated purchase order from approved PR.
2018,PO-2025-2018,1868,3,2,2025-08-06,2025-08-27,45 Days,Door delivery to factory stores,"EV Motor Plant, Accounts Payable, Hosur","EV Motor Plant Central Stores, Hosur",27645.20,4976.14,1775.00,0.00,INR,Issued,Approved,7,2025-08-06,Generated purchase order from approved PR.
2019,PO-2025-2019,1869,4,2,2025-08-10,2025-08-23,60 Days,Door delivery to factory stores,"EV Motor Plant, Accounts Payable, Hosur","EV Motor Plant Central Stores, Hosur",41570.10,7482.62,1850.00,0.00,INR,Issued,Approved,8,2025-08-10,Generated purchase order from approved PR.
2020,PO-2025-2020,1870,5,1,2025-08-08,2025-08-14,30 Days,Door delivery to factory stores,"EV Motor Plant, Accounts Payable, Hosur","EV Motor Plant Central Stores, Hosur",303160.00,54568.80,1925.00,0.00,INR,Issued,Approved,9,2025-08-08,Generated purchase order from approved PR.
2021,PO-2025-2021,1871,6,3,2025-08-08,2025-08-15,45 Days,Door delivery to factory stores,"EV Motor Plant, Accounts Payable, Hosur","EV Motor Plant Central Stores, Hosur",2172.00,390.96,500.00,0.00,INR,Issued,Approved,10,2025-08-08,Generated purchase order from approved PR.
2022,PO-2025-2022,1872,7,3,2025-08-10,2025-08-18,60 Days,Door delivery to factory stores,"EV Motor Plant, Accounts Payable, Hosur","EV Motor Plant Central Stores, Hosur",675584.00,121605.12,575.00,0.00,INR,Issued,Approved,11,2025-08-10,Generated purchase order from approved PR.
2023,PO-2025-2023,1873,8,4,2025-08-07,2025-08-17,30 Days,Door delivery to factory stores,"EV Motor Plant, Accounts Payable, Hosur","EV Motor Plant Central Stores, Hosur",6180.00,1112.40,650.00,0.00,INR,Issued,Approved,12,2025-08-07,Generated purchase order from approved PR.
2024,PO-2025-2024,1874,9,4,2025-08-12,2025-08-26,45 Days,Door delivery to factory stores,"EV Motor Plant, Accounts Payable, Hosur","EV Motor Plant Central Stores, Hosur",8464.50,1523.61,725.00,0.00,INR,Issued,Approved,13,2025-08-12,Generated purchase order from approved PR.
2025,PO-2025-2025,1875,10,5,2025-08-09,2025-08-28,60 Days,Door delivery to factory stores,"EV Motor Plant, Accounts Payable, Hosur","EV Motor Plant Central Stores, Hosur",814080.00,146534.40,800.00,0.00,INR,Issued,Approved,1,2025-08-09,Generated purchase order from approved PR.
2026,PO-2025-2026,1876,11,5,2025-08-12,2025-08-20,30 Days,Door delivery to factory stores,"EV Motor Plant, Accounts Payable, Hosur","EV Motor Plant Central Stores, Hosur",1680.00,302.40,875.00,0.00,INR,Issued,Approved,3,2025-08-12,Generated purchase order from approved PR.
2027,PO-2025-2027,1877,12,6,2025-08-13,2025-09-05,45 Days,Door delivery to factory stores,"EV Motor Plant, Accounts Payable, Hosur","EV Motor Plant Central Stores, Hosur",32825.10,5908.52,950.00,0.00,INR,Issued,Approved,4,2025-08-13,Generated purchase order from approved PR.
2028,PO-2025-2028,1878,13,6,2025-08-12,2025-08-20,60 Days,Door delivery to factory stores,"EV Motor Plant, Accounts Payable, Hosur","EV Motor Plant Central Stores, Hosur",5891.60,1060.49,1025.00,0.00,INR,Issued,Approved,5,2025-08-12,Generated purchase order from approved PR.
2029,PO-2025-2029,1879,14,1,2025-08-12,2025-08-28,30 Days,Door delivery to factory stores,"EV Motor Plant, Accounts Payable, Hosur","EV Motor Plant Central Stores, Hosur",174776.25,31459.73,1100.00,0.00,INR,Issued,Approved,6,2025-08-12,Generated purchase order from approved PR.
2030,PO-2025-2030,1880,15,2,2025-08-16,2025-09-07,45 Days,Door delivery to factory stores,"EV Motor Plant, Accounts Payable, Hosur","EV Motor Plant Central Stores, Hosur",3370.80,606.74,1175.00,0.00,INR,Issued,Approved,7,2025-08-16,Generated purchase order from approved PR.
2031,PO-2025-2031,1881,16,2,2025-08-16,2025-09-05,60 Days,Door delivery to factory stores,"EV Motor Plant, Accounts Payable, Hosur","EV Motor Plant Central Stores, Hosur",69350.00,12483.00,1250.00,0.00,INR,Issued,Approved,8,2025-08-16,Generated purchase order from approved PR.
2032,PO-2025-2032,1882,17,1,2025-08-15,2025-09-01,30 Days,Door delivery to factory stores,"EV Motor Plant, Accounts Payable, Hosur","EV Motor Plant Central Stores, Hosur",17529.05,3155.23,1325.00,0.00,INR,Issued,Approved,9,2025-08-15,Generated purchase order from approved PR.
2033,PO-2025-2033,1883,18,3,2025-08-16,2025-09-03,45 Days,Door delivery to factory stores,"EV Motor Plant, Accounts Payable, Hosur","EV Motor Plant Central Stores, Hosur",4037.60,726.77,1400.00,0.00,INR,Issued,Approved,10,2025-08-16,Generated purchase order from approved PR.
2034,PO-2025-2034,1884,19,3,2025-08-15,2025-08-22,60 Days,Door delivery to factory stores,"EV Motor Plant, Accounts Payable, Hosur","EV Motor Plant Central Stores, Hosur",107593.20,19366.78,1475.00,0.00,INR,Issued,Approved,11,2025-08-15,Generated purchase order from approved PR.
2035,PO-2025-2035,1885,20,4,2025-08-18,2025-08-23,30 Days,Door delivery to factory stores,"EV Motor Plant, Accounts Payable, Hosur","EV Motor Plant Central Stores, Hosur",222.60,40.07,1550.00,0.00,INR,Issued,Approved,12,2025-08-18,Generated purchase order from approved PR.
2036,PO-2025-2036,1886,21,4,2025-08-15,2025-08-28,45 Days,Door delivery to factory stores,"EV Motor Plant, Accounts Payable, Hosur","EV Motor Plant Central Stores, Hosur",6055.00,1089.90,1625.00,0.00,INR,Issued,Approved,13,2025-08-15,Generated purchase order from approved PR.
2037,PO-2025-2037,1887,22,5,2025-08-19,2025-08-25,60 Days,Door delivery to factory stores,"EV Motor Plant, Accounts Payable, Hosur","EV Motor Plant Central Stores, Hosur",1036.32,186.54,1700.00,0.00,INR,Issued,Approved,1,2025-08-19,Generated purchase order from approved PR.
2038,PO-2025-2038,1888,23,5,2025-08-16,2025-08-27,30 Days,Door delivery to factory stores,"EV Motor Plant, Accounts Payable, Hosur","EV Motor Plant Central Stores, Hosur",72151.50,12987.27,1775.00,0.00,INR,Issued,Approved,3,2025-08-16,Generated purchase order from approved PR.
2039,PO-2025-2039,1889,24,6,2025-08-14,2025-08-23,45 Days,Door delivery to factory stores,"EV Motor Plant, Accounts Payable, Hosur","EV Motor Plant Central Stores, Hosur",1557.05,280.27,1850.00,0.00,INR,Issued,Approved,4,2025-08-14,Generated purchase order from approved PR.
2040,PO-2025-2040,1890,25,6,2025-08-16,2025-09-07,60 Days,Door delivery to factory stores,"EV Motor Plant, Accounts Payable, Hosur","EV Motor Plant Central Stores, Hosur",16408.80,2953.58,1925.00,0.00,INR,Issued,Approved,5,2025-08-16,Generated purchase order from approved PR.
2041,PO-2025-2041,1891,26,1,2025-08-16,2025-09-06,30 Days,Door delivery to factory stores,"EV Motor Plant, Accounts Payable, Hosur","EV Motor Plant Central Stores, Hosur",270.00,48.60,500.00,0.00,INR,Issued,Approved,6,2025-08-16,Generated purchase order from approved PR.
2042,PO-2025-2042,1892,27,2,2025-08-19,2025-09-08,45 Days,Door delivery to factory stores,"EV Motor Plant, Accounts Payable, Hosur","EV Motor Plant Central Stores, Hosur",2557.80,460.40,575.00,0.00,INR,Issued,Approved,7,2025-08-19,Generated purchase order from approved PR.
2043,PO-2025-2043,1893,28,2,2025-08-20,2025-09-07,60 Days,Door delivery to factory stores,"EV Motor Plant, Accounts Payable, Hosur","EV Motor Plant Central Stores, Hosur",5413.68,974.46,650.00,0.00,INR,Issued,Approved,8,2025-08-20,Generated purchase order from approved PR.
2044,PO-2025-2044,1894,29,1,2025-08-21,2025-08-28,30 Days,Door delivery to factory stores,"EV Motor Plant, Accounts Payable, Hosur","EV Motor Plant Central Stores, Hosur",28215.00,5078.70,725.00,0.00,INR,Issued,Approved,9,2025-08-21,Generated purchase order from approved PR.
2045,PO-2025-2045,1895,30,3,2025-08-21,2025-08-26,45 Days,Door delivery to factory stores,"EV Motor Plant, Accounts Payable, Hosur","EV Motor Plant Central Stores, Hosur",16456.50,2962.17,800.00,0.00,INR,Issued,Approved,10,2025-08-21,Generated purchase order from approved PR.
2046,PO-2025-2046,1896,31,3,2025-08-21,2025-09-07,60 Days,Door delivery to factory stores,"EV Motor Plant, Accounts Payable, Hosur","EV Motor Plant Central Stores, Hosur",393600.00,70848.00,875.00,0.00,INR,Issued,Approved,11,2025-08-21,Generated purchase order from approved PR.
2047,PO-2025-2047,1897,32,4,2025-08-21,2025-09-07,30 Days,Door delivery to factory stores,"EV Motor Plant, Accounts Payable, Hosur","EV Motor Plant Central Stores, Hosur",462.28,83.21,950.00,0.00,INR,Issued,Approved,12,2025-08-21,Generated purchase order from approved PR.
2048,PO-2025-2048,1898,33,4,2025-08-19,2025-08-31,45 Days,Door delivery to factory stores,"EV Motor Plant, Accounts Payable, Hosur","EV Motor Plant Central Stores, Hosur",50758.40,9136.51,1025.00,0.00,INR,Issued,Approved,13,2025-08-19,Generated purchase order from approved PR.
2049,PO-2025-2049,1899,34,5,2025-08-21,2025-09-03,60 Days,Door delivery to factory stores,"EV Motor Plant, Accounts Payable, Hosur","EV Motor Plant Central Stores, Hosur",576.19,103.71,1100.00,0.00,INR,Issued,Approved,1,2025-08-21,Generated purchase order from approved PR.
2050,PO-2025-2050,1900,35,5,2025-08-19,2025-09-02,30 Days,Door delivery to factory stores,"EV Motor Plant, Accounts Payable, Hosur","EV Motor Plant Central Stores, Hosur",58035.00,10446.30,1175.00,0.00,INR,Issued,Approved,3,2025-08-19,Generated purchase order from approved PR.
2051,PO-2025-2051,1901,1,6,2025-08-21,2025-08-30,45 Days,Door delivery to factory stores,"EV Motor Plant, Accounts Payable, Hosur","EV Motor Plant Central Stores, Hosur",2364.00,425.52,1250.00,0.00,INR,Issued,Approved,4,2025-08-21,Generated purchase order from approved PR.
2052,PO-2025-2052,1902,2,6,2025-08-22,2025-09-01,60 Days,Door delivery to factory stores,"EV Motor Plant, Accounts Payable, Hosur","EV Motor Plant Central Stores, Hosur",53033.75,9546.08,1325.00,0.00,INR,Issued,Approved,5,2025-08-22,Generated purchase order from approved PR.
2053,PO-2025-2053,1903,3,1,2025-08-20,2025-09-01,30 Days,Door delivery to factory stores,"EV Motor Plant, Accounts Payable, Hosur","EV Motor Plant Central Stores, Hosur",534.44,96.20,1400.00,0.00,INR,Issued,Approved,6,2025-08-20,Generated purchase order from approved PR.
2054,PO-2025-2054,1904,4,2,2025-08-19,2025-09-04,45 Days,Door delivery to factory stores,"EV Motor Plant, Accounts Payable, Hosur","EV Motor Plant Central Stores, Hosur",1086.80,195.62,1475.00,0.00,INR,Issued,Approved,7,2025-08-19,Generated purchase order from approved PR.
2055,PO-2025-2055,1905,5,2,2025-08-24,2025-09-16,60 Days,Door delivery to factory stores,"EV Motor Plant, Accounts Payable, Hosur","EV Motor Plant Central Stores, Hosur",265.20,47.74,1550.00,0.00,INR,Issued,Approved,8,2025-08-24,Generated purchase order from approved PR.
2056,PO-2025-2056,1906,6,1,2025-08-21,2025-09-05,30 Days,Door delivery to factory stores,"EV Motor Plant, Accounts Payable, Hosur","EV Motor Plant Central Stores, Hosur",242.00,43.56,1625.00,0.00,INR,Issued,Approved,9,2025-08-21,Generated purchase order from approved PR.
2057,PO-2025-2057,1907,7,3,2025-08-23,2025-09-10,45 Days,Door delivery to factory stores,"EV Motor Plant, Accounts Payable, Hosur","EV Motor Plant Central Stores, Hosur",739.14,133.05,1700.00,0.00,INR,Issued,Approved,10,2025-08-23,Generated purchase order from approved PR.
2058,PO-2025-2058,1908,8,3,2025-08-24,2025-09-13,60 Days,Door delivery to factory stores,"EV Motor Plant, Accounts Payable, Hosur","EV Motor Plant Central Stores, Hosur",298.70,53.77,1775.00,0.00,INR,Issued,Approved,11,2025-08-24,Generated purchase order from approved PR.
2059,PO-2025-2059,1909,9,4,2025-08-26,2025-09-02,30 Days,Door delivery to factory stores,"EV Motor Plant, Accounts Payable, Hosur","EV Motor Plant Central Stores, Hosur",497.76,89.60,1850.00,0.00,INR,Issued,Approved,12,2025-08-26,Generated purchase order from approved PR.
2060,PO-2025-2060,1910,10,4,2025-08-23,2025-09-09,45 Days,Door delivery to factory stores,"EV Motor Plant, Accounts Payable, Hosur","EV Motor Plant Central Stores, Hosur",212.00,38.16,1925.00,0.00,INR,Issued,Approved,13,2025-08-23,Generated purchase order from approved PR.
2061,PO-2025-2061,1911,11,5,2025-08-24,2025-09-07,60 Days,Door delivery to factory stores,"EV Motor Plant, Accounts Payable, Hosur","EV Motor Plant Central Stores, Hosur",1124.00,202.32,500.00,0.00,INR,Issued,Approved,1,2025-08-24,Generated purchase order from approved PR.
2062,PO-2025-2062,1912,12,5,2025-08-22,2025-09-06,30 Days,Door delivery to factory stores,"EV Motor Plant, Accounts Payable, Hosur","EV Motor Plant Central Stores, Hosur",30.45,5.48,575.00,0.00,INR,Issued,Approved,3,2025-08-22,Generated purchase order from approved PR.
2063,PO-2025-2063,1913,13,6,2025-08-26,2025-08-31,45 Days,Door delivery to factory stores,"EV Motor Plant, Accounts Payable, Hosur","EV Motor Plant Central Stores, Hosur",20600.86,3708.15,650.00,0.00,INR,Issued,Approved,4,2025-08-26,Generated purchase order from approved PR.
2064,PO-2025-2064,1914,14,6,2025-08-25,2025-09-16,60 Days,Door delivery to factory stores,"EV Motor Plant, Accounts Payable, Hosur","EV Motor Plant Central Stores, Hosur",3310.56,595.90,725.00,0.00,INR,Issued,Approved,5,2025-08-25,Generated purchase order from approved PR.
2065,PO-2025-2065,1915,15,1,2025-08-26,2025-09-18,30 Days,Door delivery to factory stores,"EV Motor Plant, Accounts Payable, Hosur","EV Motor Plant Central Stores, Hosur",75620.40,13611.67,800.00,0.00,INR,Issued,Approved,6,2025-08-26,Generated purchase order from approved PR.
2066,PO-2025-2066,1916,16,2,2025-08-24,2025-08-29,45 Days,Door delivery to factory stores,"EV Motor Plant, Accounts Payable, Hosur","EV Motor Plant Central Stores, Hosur",13635.00,2454.30,875.00,0.00,INR,Issued,Approved,7,2025-08-24,Generated purchase order from approved PR.
2067,PO-2025-2067,1917,17,2,2025-08-27,2025-09-05,60 Days,Door delivery to factory stores,"EV Motor Plant, Accounts Payable, Hosur","EV Motor Plant Central Stores, Hosur",16925.00,3046.50,950.00,0.00,INR,Issued,Approved,8,2025-08-27,Generated purchase order from approved PR.
2068,PO-2025-2068,1918,18,1,2025-08-23,2025-08-31,30 Days,Door delivery to factory stores,"EV Motor Plant, Accounts Payable, Hosur","EV Motor Plant Central Stores, Hosur",1225.70,220.63,1025.00,0.00,INR,Issued,Approved,9,2025-08-23,Generated purchase order from approved PR.
2069,PO-2025-2069,1919,19,3,2025-08-29,2025-09-17,45 Days,Door delivery to factory stores,"EV Motor Plant, Accounts Payable, Hosur","EV Motor Plant Central Stores, Hosur",34015.00,6122.70,1100.00,0.00,INR,Issued,Approved,10,2025-08-29,Generated purchase order from approved PR.
2070,PO-2025-2070,1920,20,3,2025-08-24,2025-09-09,60 Days,Door delivery to factory stores,"EV Motor Plant, Accounts Payable, Hosur","EV Motor Plant Central Stores, Hosur",262.35,47.22,1175.00,0.00,INR,Issued,Approved,11,2025-08-24,Generated purchase order from approved PR.
2071,PO-2025-2071,1921,21,4,2025-08-26,2025-09-03,30 Days,Door delivery to factory stores,"EV Motor Plant, Accounts Payable, Hosur","EV Motor Plant Central Stores, Hosur",8280.00,1490.40,1250.00,0.00,INR,Issued,Approved,12,2025-08-26,Generated purchase order from approved PR.
2072,PO-2025-2072,1922,22,4,2025-08-30,2025-09-19,45 Days,Door delivery to factory stores,"EV Motor Plant, Accounts Payable, Hosur","EV Motor Plant Central Stores, Hosur",3020.64,543.72,1325.00,0.00,INR,Issued,Approved,13,2025-08-30,Generated purchase order from approved PR.
2073,PO-2025-2073,1923,23,5,2025-08-26,2025-09-06,60 Days,Door delivery to factory stores,"EV Motor Plant, Accounts Payable, Hosur","EV Motor Plant Central Stores, Hosur",607.70,109.39,1400.00,0.00,INR,Issued,Approved,1,2025-08-26,Generated purchase order from approved PR.
2074,PO-2025-2074,1924,24,5,2025-08-29,2025-09-11,30 Days,Door delivery to factory stores,"EV Motor Plant, Accounts Payable, Hosur","EV Motor Plant Central Stores, Hosur",588.75,105.98,1475.00,0.00,INR,Issued,Approved,3,2025-08-29,Generated purchase order from approved PR.
2075,PO-2025-2075,1925,25,6,2025-08-26,2025-09-07,45 Days,Door delivery to factory stores,"EV Motor Plant, Accounts Payable, Hosur","EV Motor Plant Central Stores, Hosur",314.96,56.69,1550.00,0.00,INR,Issued,Approved,4,2025-08-26,Generated purchase order from approved PR.
2076,PO-2025-2076,1926,26,6,2025-08-27,2025-09-10,60 Days,Door delivery to factory stores,"EV Motor Plant, Accounts Payable, Hosur","EV Motor Plant Central Stores, Hosur",64.00,11.52,1625.00,0.00,INR,Issued,Approved,5,2025-08-27,Generated purchase order from approved PR.
2077,PO-2025-2077,1927,27,1,2025-08-26,2025-09-09,30 Days,Door delivery to factory stores,"EV Motor Plant, Accounts Payable, Hosur","EV Motor Plant Central Stores, Hosur",8527.20,1534.90,1700.00,0.00,INR,Issued,Approved,6,2025-08-26,Generated purchase order from approved PR.
2078,PO-2025-2078,1928,28,2,2025-08-29,2025-09-08,45 Days,Door delivery to factory stores,"EV Motor Plant, Accounts Payable, Hosur","EV Motor Plant Central Stores, Hosur",565.02,101.70,1775.00,0.00,INR,Issued,Approved,7,2025-08-29,Generated purchase order from approved PR.
2079,PO-2025-2079,1929,29,2,2025-08-28,2025-09-10,60 Days,Door delivery to factory stores,"EV Motor Plant, Accounts Payable, Hosur","EV Motor Plant Central Stores, Hosur",836.00,150.48,1850.00,0.00,INR,Issued,Approved,8,2025-08-28,Generated purchase order from approved PR.
2080,PO-2025-2080,1930,30,1,2025-08-28,2025-09-19,30 Days,Door delivery to factory stores,"EV Motor Plant, Accounts Payable, Hosur","EV Motor Plant Central Stores, Hosur",2463.44,443.42,1925.00,0.00,INR,Issued,Approved,9,2025-08-28,Generated purchase order from approved PR.
2081,PO-2025-2081,1931,31,3,2025-08-29,2025-09-12,45 Days,Door delivery to factory stores,"EV Motor Plant, Accounts Payable, Hosur","EV Motor Plant Central Stores, Hosur",1304.00,234.72,500.00,0.00,INR,Issued,Approved,10,2025-08-29,Generated purchase order from approved PR.
2082,PO-2025-2082,1932,32,3,2025-08-28,2025-09-19,60 Days,Door delivery to factory stores,"EV Motor Plant, Accounts Payable, Hosur","EV Motor Plant Central Stores, Hosur",1510.32,271.86,575.00,0.00,INR,Issued,Approved,11,2025-08-28,Generated purchase order from approved PR.
2083,PO-2025-2083,1933,33,4,2025-08-27,2025-09-11,30 Days,Door delivery to factory stores,"EV Motor Plant, Accounts Payable, Hosur","EV Motor Plant Central Stores, Hosur",478332.00,86099.76,650.00,0.00,INR,Issued,Approved,12,2025-08-27,Generated purchase order from approved PR.
2084,PO-2025-2084,1934,34,4,2025-08-30,2025-09-18,45 Days,Door delivery to factory stores,"EV Motor Plant, Accounts Payable, Hosur","EV Motor Plant Central Stores, Hosur",33436.20,6018.52,725.00,0.00,INR,Issued,Approved,13,2025-08-30,Generated purchase order from approved PR.
2085,PO-2025-2085,1935,35,5,2025-08-31,2025-09-10,60 Days,Door delivery to factory stores,"EV Motor Plant, Accounts Payable, Hosur","EV Motor Plant Central Stores, Hosur",407464.00,73343.52,800.00,0.00,INR,Issued,Approved,1,2025-08-31,Generated purchase order from approved PR.
2086,PO-2025-2086,1936,1,5,2025-08-29,2025-09-18,30 Days,Door delivery to factory stores,"EV Motor Plant, Accounts Payable, Hosur","EV Motor Plant Central Stores, Hosur",113845.50,20492.19,875.00,0.00,INR,Issued,Approved,3,2025-08-29,Generated purchase order from approved PR.
2087,PO-2025-2087,1937,2,6,2025-08-31,2025-09-10,45 Days,Door delivery to factory stores,"EV Motor Plant, Accounts Payable, Hosur","EV Motor Plant Central Stores, Hosur",919996.00,165599.28,950.00,0.00,INR,Issued,Approved,4,2025-08-31,Generated purchase order from approved PR.
2088,PO-2025-2088,1938,3,6,2025-09-03,2025-09-08,60 Days,Door delivery to factory stores,"EV Motor Plant, Accounts Payable, Hosur","EV Motor Plant Central Stores, Hosur",4366.44,785.96,1025.00,0.00,INR,Issued,Approved,5,2025-09-03,Generated purchase order from approved PR.
2089,PO-2025-2089,1939,4,1,2025-09-02,2025-09-10,30 Days,Door delivery to factory stores,"EV Motor Plant, Accounts Payable, Hosur","EV Motor Plant Central Stores, Hosur",1504.80,270.86,1100.00,0.00,INR,Issued,Approved,6,2025-09-02,Generated purchase order from approved PR.
2090,PO-2025-2090,1940,5,2,2025-08-30,2025-09-04,45 Days,Door delivery to factory stores,"EV Motor Plant, Accounts Payable, Hosur","EV Motor Plant Central Stores, Hosur",13489.94,2428.19,1175.00,0.00,INR,Issued,Approved,7,2025-08-30,Generated purchase order from approved PR.
2091,PO-2025-2091,1941,6,2,2025-08-31,2025-09-22,60 Days,Door delivery to factory stores,"EV Motor Plant, Accounts Payable, Hosur","EV Motor Plant Central Stores, Hosur",11520.00,2073.60,1250.00,0.00,INR,Issued,Approved,8,2025-08-31,Generated purchase order from approved PR.
2092,PO-2025-2092,1942,7,1,2025-09-03,2025-09-26,30 Days,Door delivery to factory stores,"EV Motor Plant, Accounts Payable, Hosur","EV Motor Plant Central Stores, Hosur",8268.08,1488.25,1325.00,0.00,INR,Issued,Approved,9,2025-09-03,Generated purchase order from approved PR.
2093,PO-2025-2093,1943,8,3,2025-09-01,2025-09-20,45 Days,Door delivery to factory stores,"EV Motor Plant, Accounts Payable, Hosur","EV Motor Plant Central Stores, Hosur",42487.50,7647.75,1400.00,0.00,INR,Issued,Approved,10,2025-09-01,Generated purchase order from approved PR.
2094,PO-2025-2094,1944,9,3,2025-08-31,2025-09-07,60 Days,Door delivery to factory stores,"EV Motor Plant, Accounts Payable, Hosur","EV Motor Plant Central Stores, Hosur",1651.10,297.20,1475.00,0.00,INR,Issued,Approved,11,2025-08-31,Generated purchase order from approved PR.
2095,PO-2025-2095,1945,10,4,2025-09-01,2025-09-23,30 Days,Door delivery to factory stores,"EV Motor Plant, Accounts Payable, Hosur","EV Motor Plant Central Stores, Hosur",36633.60,6594.05,1550.00,0.00,INR,Issued,Approved,12,2025-09-01,Generated purchase order from approved PR.
2096,PO-2025-2096,1946,11,4,2025-09-05,2025-09-24,45 Days,Door delivery to factory stores,"EV Motor Plant, Accounts Payable, Hosur","EV Motor Plant Central Stores, Hosur",506.40,91.15,1625.00,0.00,INR,Issued,Approved,13,2025-09-05,Generated purchase order from approved PR.
2097,PO-2025-2097,1947,12,5,2025-09-07,2025-09-18,60 Days,Door delivery to factory stores,"EV Motor Plant, Accounts Payable, Hosur","EV Motor Plant Central Stores, Hosur",81849.60,14732.93,1700.00,0.00,INR,Issued,Approved,1,2025-09-07,Generated purchase order from approved PR.
2098,PO-2025-2098,1948,13,5,2025-09-07,2025-09-21,30 Days,Door delivery to factory stores,"EV Motor Plant, Accounts Payable, Hosur","EV Motor Plant Central Stores, Hosur",576.80,103.82,1775.00,0.00,INR,Issued,Approved,3,2025-09-07,Generated purchase order from approved PR.
2099,PO-2025-2099,1949,14,6,2025-09-05,2025-09-22,45 Days,Door delivery to factory stores,"EV Motor Plant, Accounts Payable, Hosur","EV Motor Plant Central Stores, Hosur",368676.00,66361.68,1850.00,0.00,INR,Issued,Approved,4,2025-09-05,Generated purchase order from approved PR.
2100,PO-2025-2100,1950,15,6,2025-09-06,2025-09-11,60 Days,Door delivery to factory stores,"EV Motor Plant, Accounts Payable, Hosur","EV Motor Plant Central Stores, Hosur",199.28,35.87,1925.00,0.00,INR,Issued,Approved,5,2025-09-06,Generated purchase order from approved PR.
2101,PO-2025-2101,1951,16,1,2025-09-03,2025-09-17,30 Days,Door delivery to factory stores,"EV Motor Plant, Accounts Payable, Hosur","EV Motor Plant Central Stores, Hosur",97200.00,17496.00,500.00,0.00,INR,Issued,Approved,6,2025-09-03,Generated purchase order from approved PR.
2102,PO-2025-2102,1952,17,2,2025-09-06,2025-09-24,45 Days,Door delivery to factory stores,"EV Motor Plant, Accounts Payable, Hosur","EV Motor Plant Central Stores, Hosur",129.92,23.39,575.00,0.00,INR,Issued,Approved,7,2025-09-06,Generated purchase order from approved PR.
2103,PO-2025-2103,1953,18,2,2025-09-07,2025-09-15,60 Days,Door delivery to factory stores,"EV Motor Plant, Accounts Payable, Hosur","EV Motor Plant Central Stores, Hosur",11618.40,2091.31,650.00,0.00,INR,Issued,Approved,8,2025-09-07,Generated purchase order from approved PR.
2104,PO-2025-2104,1954,19,1,2025-09-06,2025-09-19,30 Days,Door delivery to factory stores,"EV Motor Plant, Accounts Payable, Hosur","EV Motor Plant Central Stores, Hosur",255816.00,46046.88,725.00,0.00,INR,Issued,Approved,9,2025-09-06,Generated purchase order from approved PR.
2105,PO-2025-2105,1955,20,3,2025-09-10,2025-09-25,45 Days,Door delivery to factory stores,"EV Motor Plant, Accounts Payable, Hosur","EV Motor Plant Central Stores, Hosur",9794.40,1762.99,800.00,0.00,INR,Issued,Approved,10,2025-09-10,Generated purchase order from approved PR.
2106,PO-2025-2106,1956,21,3,2025-09-08,2025-09-26,60 Days,Door delivery to factory stores,"EV Motor Plant, Accounts Payable, Hosur","EV Motor Plant Central Stores, Hosur",316200.00,56916.00,875.00,0.00,INR,Issued,Approved,11,2025-09-08,Generated purchase order from approved PR.
2107,PO-2025-2107,1957,22,4,2025-09-06,2025-09-29,30 Days,Door delivery to factory stores,"EV Motor Plant, Accounts Payable, Hosur","EV Motor Plant Central Stores, Hosur",13195.00,2375.10,950.00,0.00,INR,Issued,Approved,12,2025-09-06,Generated purchase order from approved PR.
2108,PO-2025-2108,1958,23,4,2025-09-08,2025-09-29,45 Days,Door delivery to factory stores,"EV Motor Plant, Accounts Payable, Hosur","EV Motor Plant Central Stores, Hosur",627682.00,112982.76,1025.00,0.00,INR,Issued,Approved,13,2025-09-08,Generated purchase order from approved PR.
2109,PO-2025-2109,1959,24,5,2025-09-10,2025-09-26,60 Days,Door delivery to factory stores,"EV Motor Plant, Accounts Payable, Hosur","EV Motor Plant Central Stores, Hosur",7524.80,1354.46,1100.00,0.00,INR,Issued,Approved,1,2025-09-10,Generated purchase order from approved PR.
2110,PO-2025-2110,1960,25,5,2025-09-05,2025-09-21,30 Days,Door delivery to factory stores,"EV Motor Plant, Accounts Payable, Hosur","EV Motor Plant Central Stores, Hosur",25567.20,4602.10,1175.00,0.00,INR,Issued,Approved,3,2025-09-05,Generated purchase order from approved PR.
2111,PO-2025-2111,1961,26,6,2025-09-05,2025-09-21,45 Days,Door delivery to factory stores,"EV Motor Plant, Accounts Payable, Hosur","EV Motor Plant Central Stores, Hosur",68850.00,12393.00,1250.00,0.00,INR,Issued,Approved,4,2025-09-05,Generated purchase order from approved PR.
2112,PO-2025-2112,1962,27,6,2025-09-09,2025-09-24,60 Days,Door delivery to factory stores,"EV Motor Plant, Accounts Payable, Hosur","EV Motor Plant Central Stores, Hosur",60656.40,10918.15,1325.00,0.00,INR,Issued,Approved,5,2025-09-09,Generated purchase order from approved PR.
2113,PO-2025-2113,1963,28,1,2025-09-07,2025-09-13,30 Days,Door delivery to factory stores,"EV Motor Plant, Accounts Payable, Hosur","EV Motor Plant Central Stores, Hosur",95707.60,17227.37,1400.00,0.00,INR,Issued,Approved,6,2025-09-07,Generated purchase order from approved PR.
2114,PO-2025-2114,1964,29,2,2025-09-09,2025-09-27,45 Days,Door delivery to factory stores,"EV Motor Plant, Accounts Payable, Hosur","EV Motor Plant Central Stores, Hosur",77591.25,13966.43,1475.00,0.00,INR,Issued,Approved,7,2025-09-09,Generated purchase order from approved PR.
2115,PO-2025-2115,1965,30,2,2025-09-08,2025-09-26,60 Days,Door delivery to factory stores,"EV Motor Plant, Accounts Payable, Hosur","EV Motor Plant Central Stores, Hosur",9858.00,1774.44,1550.00,0.00,INR,Issued,Approved,8,2025-09-08,Generated purchase order from approved PR.
2116,PO-2025-2116,1966,31,1,2025-09-10,2025-09-24,30 Days,Door delivery to factory stores,"EV Motor Plant, Accounts Payable, Hosur","EV Motor Plant Central Stores, Hosur",800.00,144.00,1625.00,0.00,INR,Issued,Approved,9,2025-09-10,Generated purchase order from approved PR.
2117,PO-2025-2117,1967,32,3,2025-09-05,2025-09-26,45 Days,Door delivery to factory stores,"EV Motor Plant, Accounts Payable, Hosur","EV Motor Plant Central Stores, Hosur",730.80,131.54,1700.00,0.00,INR,Issued,Approved,10,2025-09-05,Generated purchase order from approved PR.
2118,PO-2025-2118,1968,33,3,2025-09-09,2025-09-26,60 Days,Door delivery to factory stores,"EV Motor Plant, Accounts Payable, Hosur","EV Motor Plant Central Stores, Hosur",73542.00,13237.56,1775.00,0.00,INR,Issued,Approved,11,2025-09-09,Generated purchase order from approved PR.
2119,PO-2025-2119,1969,34,4,2025-09-12,2025-09-23,30 Days,Door delivery to factory stores,"EV Motor Plant, Accounts Payable, Hosur","EV Motor Plant Central Stores, Hosur",27650.70,4977.13,1850.00,0.00,INR,Issued,Approved,12,2025-09-12,Generated purchase order from approved PR.
2120,PO-2025-2120,1970,35,4,2025-09-10,2025-09-15,45 Days,Door delivery to factory stores,"EV Motor Plant, Accounts Payable, Hosur","EV Motor Plant Central Stores, Hosur",45792.00,8242.56,1925.00,0.00,INR,Issued,Approved,13,2025-09-10,Generated purchase order from approved PR.
2121,PO-2025-2121,1971,1,5,2025-09-13,2025-09-19,60 Days,Door delivery to factory stores,"EV Motor Plant, Accounts Payable, Hosur","EV Motor Plant Central Stores, Hosur",1890.00,340.20,500.00,0.00,INR,Issued,Approved,1,2025-09-13,Generated purchase order from approved PR.
2122,PO-2025-2122,1972,2,5,2025-09-10,2025-09-21,30 Days,Door delivery to factory stores,"EV Motor Plant, Accounts Payable, Hosur","EV Motor Plant Central Stores, Hosur",99571.50,17922.87,575.00,0.00,INR,Issued,Approved,3,2025-09-10,Generated purchase order from approved PR.
2123,PO-2025-2123,1973,3,6,2025-09-07,2025-09-20,45 Days,Door delivery to factory stores,"EV Motor Plant, Accounts Payable, Hosur","EV Motor Plant Central Stores, Hosur",175924.00,31666.32,650.00,0.00,INR,Issued,Approved,4,2025-09-07,Generated purchase order from approved PR.
2124,PO-2025-2124,1974,4,6,2025-09-13,2025-09-21,60 Days,Door delivery to factory stores,"EV Motor Plant, Accounts Payable, Hosur","EV Motor Plant Central Stores, Hosur",627.00,112.86,725.00,0.00,INR,Issued,Approved,5,2025-09-13,Generated purchase order from approved PR.
2125,PO-2025-2125,1975,5,1,2025-09-09,2025-09-17,30 Days,Door delivery to factory stores,"EV Motor Plant, Accounts Payable, Hosur","EV Motor Plant Central Stores, Hosur",9370.40,1686.67,800.00,0.00,INR,Issued,Approved,6,2025-09-09,Generated purchase order from approved PR.
2126,PO-2025-2126,1976,6,2,2025-09-08,2025-09-17,45 Days,Door delivery to factory stores,"EV Motor Plant, Accounts Payable, Hosur","EV Motor Plant Central Stores, Hosur",6600.00,1188.00,875.00,0.00,INR,Issued,Approved,7,2025-09-08,Generated purchase order from approved PR.
2127,PO-2025-2127,1977,7,2,2025-09-12,2025-10-01,60 Days,Door delivery to factory stores,"EV Motor Plant, Accounts Payable, Hosur","EV Motor Plant Central Stores, Hosur",29130.50,5243.49,950.00,0.00,INR,Issued,Approved,8,2025-09-12,Generated purchase order from approved PR.
2128,PO-2025-2128,1978,8,1,2025-09-12,2025-10-01,30 Days,Door delivery to factory stores,"EV Motor Plant, Accounts Payable, Hosur","EV Motor Plant Central Stores, Hosur",60255.00,10845.90,1025.00,0.00,INR,Issued,Approved,9,2025-09-12,Generated purchase order from approved PR.
2129,PO-2025-2129,1979,9,3,2025-09-14,2025-09-26,45 Days,Door delivery to factory stores,"EV Motor Plant, Accounts Payable, Hosur","EV Motor Plant Central Stores, Hosur",31036.50,5586.57,1100.00,0.00,INR,Issued,Approved,10,2025-09-14,Generated purchase order from approved PR.
2130,PO-2025-2130,1980,10,3,2025-09-15,2025-09-23,60 Days,Door delivery to factory stores,"EV Motor Plant, Accounts Payable, Hosur","EV Motor Plant Central Stores, Hosur",6916.50,1244.97,1175.00,0.00,INR,Issued,Approved,11,2025-09-15,Generated purchase order from approved PR.
2131,PO-2025-2131,1981,11,4,2025-09-13,2025-09-20,30 Days,Door delivery to factory stores,"EV Motor Plant, Accounts Payable, Hosur","EV Motor Plant Central Stores, Hosur",2725.00,490.50,1250.00,0.00,INR,Issued,Approved,12,2025-09-13,Generated purchase order from approved PR.
2132,PO-2025-2132,1982,12,4,2025-09-15,2025-09-21,45 Days,Door delivery to factory stores,"EV Motor Plant, Accounts Payable, Hosur","EV Motor Plant Central Stores, Hosur",108706.50,19567.17,1325.00,0.00,INR,Issued,Approved,13,2025-09-15,Generated purchase order from approved PR.
2133,PO-2025-2133,1983,13,5,2025-09-13,2025-09-25,60 Days,Door delivery to factory stores,"EV Motor Plant, Accounts Payable, Hosur","EV Motor Plant Central Stores, Hosur",23793.00,4282.74,1400.00,0.00,INR,Issued,Approved,1,2025-09-13,Generated purchase order from approved PR.
2134,PO-2025-2134,1984,14,5,2025-09-16,2025-09-21,30 Days,Door delivery to factory stores,"EV Motor Plant, Accounts Payable, Hosur","EV Motor Plant Central Stores, Hosur",134596.00,24227.28,1475.00,0.00,INR,Issued,Approved,3,2025-09-16,Generated purchase order from approved PR.
2135,PO-2025-2135,1985,15,6,2025-09-14,2025-09-25,45 Days,Door delivery to factory stores,"EV Motor Plant, Accounts Payable, Hosur","EV Motor Plant Central Stores, Hosur",187.62,33.77,1550.00,0.00,INR,Issued,Approved,4,2025-09-14,Generated purchase order from approved PR.
2136,PO-2025-2136,1986,16,6,2025-09-18,2025-10-11,60 Days,Door delivery to factory stores,"EV Motor Plant, Accounts Payable, Hosur","EV Motor Plant Central Stores, Hosur",4680.00,842.40,1625.00,0.00,INR,Issued,Approved,5,2025-09-18,Generated purchase order from approved PR.
2137,PO-2025-2137,1987,17,1,2025-09-18,2025-10-02,30 Days,Door delivery to factory stores,"EV Motor Plant, Accounts Payable, Hosur","EV Motor Plant Central Stores, Hosur",479.08,86.23,1700.00,0.00,INR,Issued,Approved,6,2025-09-18,Generated purchase order from approved PR.
2138,PO-2025-2138,1988,18,2,2025-09-16,2025-10-06,45 Days,Door delivery to factory stores,"EV Motor Plant, Accounts Payable, Hosur","EV Motor Plant Central Stores, Hosur",15851.70,2853.31,1775.00,0.00,INR,Issued,Approved,7,2025-09-16,Generated purchase order from approved PR.
2139,PO-2025-2139,1989,19,2,2025-09-15,2025-09-22,60 Days,Door delivery to factory stores,"EV Motor Plant, Accounts Payable, Hosur","EV Motor Plant Central Stores, Hosur",953.04,171.55,1850.00,0.00,INR,Issued,Approved,8,2025-09-15,Generated purchase order from approved PR.
2140,PO-2025-2140,1990,20,1,2025-09-16,2025-09-26,30 Days,Door delivery to factory stores,"EV Motor Plant, Accounts Payable, Hosur","EV Motor Plant Central Stores, Hosur",98389.20,17710.06,1925.00,0.00,INR,Issued,Approved,9,2025-09-16,Generated purchase order from approved PR.
2141,PO-2025-2141,1991,21,3,2025-09-19,2025-10-11,45 Days,Door delivery to factory stores,"EV Motor Plant, Accounts Payable, Hosur","EV Motor Plant Central Stores, Hosur",830.00,149.40,500.00,0.00,INR,Issued,Approved,10,2025-09-19,Generated purchase order from approved PR.
2142,PO-2025-2142,1992,22,3,2025-09-20,2025-10-02,60 Days,Door delivery to factory stores,"EV Motor Plant, Accounts Payable, Hosur","EV Motor Plant Central Stores, Hosur",11145.92,2006.27,575.00,0.00,INR,Issued,Approved,11,2025-09-20,Generated purchase order from approved PR.
2143,PO-2025-2143,1993,23,4,2025-09-18,2025-10-05,30 Days,Door delivery to factory stores,"EV Motor Plant, Accounts Payable, Hosur","EV Motor Plant Central Stores, Hosur",5098.50,917.73,650.00,0.00,INR,Issued,Approved,12,2025-09-18,Generated purchase order from approved PR.
2144,PO-2025-2144,1994,24,4,2025-09-18,2025-10-11,45 Days,Door delivery to factory stores,"EV Motor Plant, Accounts Payable, Hosur","EV Motor Plant Central Stores, Hosur",165319.00,29757.42,725.00,0.00,INR,Issued,Approved,13,2025-09-18,Generated purchase order from approved PR.
2145,PO-2025-2145,1995,25,5,2025-09-20,2025-10-05,60 Days,Door delivery to factory stores,"EV Motor Plant, Accounts Payable, Hosur","EV Motor Plant Central Stores, Hosur",674.16,121.35,800.00,0.00,INR,Issued,Approved,1,2025-09-20,Generated purchase order from approved PR.
2146,PO-2025-2146,1996,26,5,2025-09-24,2025-10-04,30 Days,Door delivery to factory stores,"EV Motor Plant, Accounts Payable, Hosur","EV Motor Plant Central Stores, Hosur",7565.00,1361.70,875.00,0.00,INR,Issued,Approved,3,2025-09-24,Generated purchase order from approved PR.
2147,PO-2025-2147,1997,27,6,2025-09-21,2025-10-06,45 Days,Door delivery to factory stores,"EV Motor Plant, Accounts Payable, Hosur","EV Motor Plant Central Stores, Hosur",4116.84,741.03,950.00,0.00,INR,Issued,Approved,4,2025-09-21,Generated purchase order from approved PR.
2148,PO-2025-2148,1998,28,6,2025-09-19,2025-09-25,60 Days,Door delivery to factory stores,"EV Motor Plant, Accounts Payable, Hosur","EV Motor Plant Central Stores, Hosur",68495.00,12329.10,1025.00,0.00,INR,Issued,Approved,5,2025-09-19,Generated purchase order from approved PR.
2149,PO-2025-2149,1999,29,1,2025-09-19,2025-09-26,30 Days,Door delivery to factory stores,"EV Motor Plant, Accounts Payable, Hosur","EV Motor Plant Central Stores, Hosur",639.45,115.10,1100.00,0.00,INR,Issued,Approved,6,2025-09-19,Generated purchase order from approved PR.
2150,PO-2025-2150,2000,30,2,2025-09-22,2025-09-27,45 Days,Door delivery to factory stores,"EV Motor Plant, Accounts Payable, Hosur","EV Motor Plant Central Stores, Hosur",21942.00,3949.56,1175.00,0.00,INR,Issued,Approved,7,2025-09-22,Generated purchase order from approved PR.
2151,PO-2025-2151,2001,31,2,2025-09-21,2025-10-12,60 Days,Door delivery to factory stores,"EV Motor Plant, Accounts Payable, Hosur","EV Motor Plant Central Stores, Hosur",152.00,27.36,1250.00,0.00,INR,Issued,Approved,8,2025-09-21,Generated purchase order from approved PR.
2152,PO-2025-2152,2002,32,1,2025-09-22,2025-10-09,30 Days,Door delivery to factory stores,"EV Motor Plant, Accounts Payable, Hosur","EV Motor Plant Central Stores, Hosur",1725.84,310.65,1325.00,0.00,INR,Issued,Approved,9,2025-09-22,Generated purchase order from approved PR.
2153,PO-2025-2153,2003,33,3,2025-09-23,2025-10-03,45 Days,Door delivery to factory stores,"EV Motor Plant, Accounts Payable, Hosur","EV Motor Plant Central Stores, Hosur",670.80,120.74,1400.00,0.00,INR,Issued,Approved,10,2025-09-23,Generated purchase order from approved PR.
2154,PO-2025-2154,2004,34,3,2025-09-23,2025-10-02,60 Days,Door delivery to factory stores,"EV Motor Plant, Accounts Payable, Hosur","EV Motor Plant Central Stores, Hosur",5402.65,972.48,1475.00,0.00,INR,Issued,Approved,11,2025-09-23,Generated purchase order from approved PR.
2155,PO-2025-2155,2005,35,4,2025-09-23,2025-10-10,30 Days,Door delivery to factory stores,"EV Motor Plant, Accounts Payable, Hosur","EV Motor Plant Central Stores, Hosur",402.59,72.47,1550.00,0.00,INR,Issued,Approved,12,2025-09-23,Generated purchase order from approved PR.
2156,PO-2025-2156,2006,1,4,2025-09-25,2025-10-17,45 Days,Door delivery to factory stores,"EV Motor Plant, Accounts Payable, Hosur","EV Motor Plant Central Stores, Hosur",138.00,24.84,1625.00,0.00,INR,Issued,Approved,13,2025-09-25,Generated purchase order from approved PR.
2157,PO-2025-2157,2007,2,5,2025-09-20,2025-09-30,60 Days,Door delivery to factory stores,"EV Motor Plant, Accounts Payable, Hosur","EV Motor Plant Central Stores, Hosur",1660.54,298.90,1700.00,0.00,INR,Issued,Approved,1,2025-09-20,Generated purchase order from approved PR.
2158,PO-2025-2158,2008,3,5,2025-09-23,2025-10-04,30 Days,Door delivery to factory stores,"EV Motor Plant, Accounts Payable, Hosur","EV Motor Plant Central Stores, Hosur",964.08,173.53,1775.00,0.00,INR,Issued,Approved,3,2025-09-23,Generated purchase order from approved PR.
2159,PO-2025-2159,2009,4,6,2025-09-24,2025-10-15,45 Days,Door delivery to factory stores,"EV Motor Plant, Accounts Payable, Hosur","EV Motor Plant Central Stores, Hosur",1097.60,197.57,1850.00,0.00,INR,Issued,Approved,4,2025-09-24,Generated purchase order from approved PR.
2160,PO-2025-2160,2010,5,6,2025-09-21,2025-10-12,60 Days,Door delivery to factory stores,"EV Motor Plant, Accounts Payable, Hosur","EV Motor Plant Central Stores, Hosur",585.12,105.32,1925.00,0.00,INR,Issued,Approved,5,2025-09-21,Generated purchase order from approved PR.
2161,PO-2025-2161,2011,6,1,2025-09-26,2025-10-18,30 Days,Door delivery to factory stores,"EV Motor Plant, Accounts Payable, Hosur","EV Motor Plant Central Stores, Hosur",1348.00,242.64,500.00,0.00,INR,Issued,Approved,6,2025-09-26,Generated purchase order from approved PR.
2162,PO-2025-2162,2012,7,2,2025-09-20,2025-09-30,45 Days,Door delivery to factory stores,"EV Motor Plant, Accounts Payable, Hosur","EV Motor Plant Central Stores, Hosur",45.72,8.23,575.00,0.00,INR,Issued,Approved,7,2025-09-20,Generated purchase order from approved PR.
2163,PO-2025-2163,2013,8,2,2025-09-20,2025-09-27,60 Days,Door delivery to factory stores,"EV Motor Plant, Accounts Payable, Hosur","EV Motor Plant Central Stores, Hosur",18910.00,3403.80,650.00,0.00,INR,Issued,Approved,8,2025-09-20,Generated purchase order from approved PR.
2164,PO-2025-2164,2014,9,1,2025-09-21,2025-10-04,30 Days,Door delivery to factory stores,"EV Motor Plant, Accounts Payable, Hosur","EV Motor Plant Central Stores, Hosur",1175.85,211.65,725.00,0.00,INR,Issued,Approved,9,2025-09-21,Generated purchase order from approved PR.
2165,PO-2025-2165,2015,10,3,2025-09-21,2025-10-01,45 Days,Door delivery to factory stores,"EV Motor Plant, Accounts Payable, Hosur","EV Motor Plant Central Stores, Hosur",5833.60,1050.05,800.00,0.00,INR,Issued,Approved,10,2025-09-21,Generated purchase order from approved PR.
2166,PO-2025-2166,2016,11,3,2025-09-27,2025-10-18,60 Days,Door delivery to factory stores,"EV Motor Plant, Accounts Payable, Hosur","EV Motor Plant Central Stores, Hosur",1401.00,252.18,875.00,0.00,INR,Issued,Approved,11,2025-09-27,Generated purchase order from approved PR.
2167,PO-2025-2167,2017,12,4,2025-09-27,2025-10-02,30 Days,Door delivery to factory stores,"EV Motor Plant, Accounts Payable, Hosur","EV Motor Plant Central Stores, Hosur",24035.22,4326.34,950.00,0.00,INR,Issued,Approved,12,2025-09-27,Generated purchase order from approved PR.
2168,PO-2025-2168,2018,13,4,2025-09-26,2025-10-13,45 Days,Door delivery to factory stores,"EV Motor Plant, Accounts Payable, Hosur","EV Motor Plant Central Stores, Hosur",679.80,122.36,1025.00,0.00,INR,Issued,Approved,13,2025-09-26,Generated purchase order from approved PR.
2169,PO-2025-2169,2019,14,5,2025-09-22,2025-10-14,60 Days,Door delivery to factory stores,"EV Motor Plant, Accounts Payable, Hosur","EV Motor Plant Central Stores, Hosur",9523.08,1714.15,1100.00,0.00,INR,Issued,Approved,1,2025-09-22,Generated purchase order from approved PR.
2170,PO-2025-2170,2020,15,5,2025-09-24,2025-10-17,30 Days,Door delivery to factory stores,"EV Motor Plant, Accounts Payable, Hosur","EV Motor Plant Central Stores, Hosur",145.75,26.24,1175.00,0.00,INR,Issued,Approved,3,2025-09-24,Generated purchase order from approved PR.
2171,PO-2025-2171,2021,16,6,2025-09-23,2025-10-10,45 Days,Door delivery to factory stores,"EV Motor Plant, Accounts Payable, Hosur","EV Motor Plant Central Stores, Hosur",3132.00,563.76,1250.00,0.00,INR,Issued,Approved,4,2025-09-23,Generated purchase order from approved PR.
2172,PO-2025-2172,2022,17,6,2025-09-23,2025-10-16,60 Days,Door delivery to factory stores,"EV Motor Plant, Accounts Payable, Hosur","EV Motor Plant Central Stores, Hosur",191.97,34.55,1325.00,0.00,INR,Issued,Approved,5,2025-09-23,Generated purchase order from approved PR.
2173,PO-2025-2173,2023,18,1,2025-09-27,2025-10-03,30 Days,Door delivery to factory stores,"EV Motor Plant, Accounts Payable, Hosur","EV Motor Plant Central Stores, Hosur",321.36,57.84,1400.00,0.00,INR,Issued,Approved,6,2025-09-27,Generated purchase order from approved PR.
2174,PO-2025-2174,2024,19,2,2025-09-25,2025-10-06,45 Days,Door delivery to factory stores,"EV Motor Plant, Accounts Payable, Hosur","EV Motor Plant Central Stores, Hosur",357.57,64.36,1475.00,0.00,INR,Issued,Approved,7,2025-09-25,Generated purchase order from approved PR.
2175,PO-2025-2175,2025,20,2,2025-09-24,2025-09-29,60 Days,Door delivery to factory stores,"EV Motor Plant, Accounts Payable, Hosur","EV Motor Plant Central Stores, Hosur",426.12,76.70,1550.00,0.00,INR,Issued,Approved,8,2025-09-24,Generated purchase order from approved PR.
2176,PO-2025-2176,2026,21,1,2025-09-30,2025-10-23,30 Days,Door delivery to factory stores,"EV Motor Plant, Accounts Payable, Hosur","EV Motor Plant Central Stores, Hosur",579.60,104.33,1625.00,0.00,INR,Issued,Approved,9,2025-09-30,Generated purchase order from approved PR.
2177,PO-2025-2177,2027,22,3,2025-09-27,2025-10-19,45 Days,Door delivery to factory stores,"EV Motor Plant, Accounts Payable, Hosur","EV Motor Plant Central Stores, Hosur",707.60,127.37,1700.00,0.00,INR,Issued,Approved,10,2025-09-27,Generated purchase order from approved PR.
2178,PO-2025-2178,2028,23,3,2025-09-28,2025-10-03,60 Days,Door delivery to factory stores,"EV Motor Plant, Accounts Payable, Hosur","EV Motor Plant Central Stores, Hosur",1886.96,339.65,1775.00,0.00,INR,Issued,Approved,11,2025-09-28,Generated purchase order from approved PR.
2179,PO-2025-2179,2029,24,4,2025-09-30,2025-10-05,30 Days,Door delivery to factory stores,"EV Motor Plant, Accounts Payable, Hosur","EV Motor Plant Central Stores, Hosur",328.13,59.06,1850.00,0.00,INR,Issued,Approved,12,2025-09-30,Generated purchase order from approved PR.
2180,PO-2025-2180,2030,25,4,2025-09-30,2025-10-11,45 Days,Door delivery to factory stores,"EV Motor Plant, Accounts Payable, Hosur","EV Motor Plant Central Stores, Hosur",3402.60,612.47,1925.00,0.00,INR,Issued,Approved,13,2025-09-30,Generated purchase order from approved PR.
2181,PO-2025-2181,2031,26,5,2025-09-25,2025-10-04,60 Days,Door delivery to factory stores,"EV Motor Plant, Accounts Payable, Hosur","EV Motor Plant Central Stores, Hosur",32.00,5.76,500.00,0.00,INR,Issued,Approved,1,2025-09-25,Generated purchase order from approved PR.
2182,PO-2025-2182,2032,27,5,2025-09-30,2025-10-21,30 Days,Door delivery to factory stores,"EV Motor Plant, Accounts Payable, Hosur","EV Motor Plant Central Stores, Hosur",954.10,171.74,575.00,0.00,INR,Issued,Approved,3,2025-09-30,Generated purchase order from approved PR.
2183,PO-2025-2183,2033,28,6,2025-09-29,2025-10-07,45 Days,Door delivery to factory stores,"EV Motor Plant, Accounts Payable, Hosur","EV Motor Plant Central Stores, Hosur",1035356.00,186364.08,650.00,0.00,INR,Issued,Approved,4,2025-09-29,Generated purchase order from approved PR.
2184,PO-2025-2184,2034,29,6,2025-10-02,2025-10-22,60 Days,Door delivery to factory stores,"EV Motor Plant, Accounts Payable, Hosur","EV Motor Plant Central Stores, Hosur",14847.50,2672.55,725.00,0.00,INR,Issued,Approved,5,2025-10-02,Generated purchase order from approved PR.
2185,PO-2025-2185,2035,30,1,2025-09-28,2025-10-13,30 Days,Door delivery to factory stores,"EV Motor Plant, Accounts Payable, Hosur","EV Motor Plant Central Stores, Hosur",68688.00,12363.84,800.00,0.00,INR,Issued,Approved,6,2025-09-28,Generated purchase order from approved PR.
2186,PO-2025-2186,2036,31,2,2025-10-03,2025-10-15,45 Days,Door delivery to factory stores,"EV Motor Plant, Accounts Payable, Hosur","EV Motor Plant Central Stores, Hosur",1258.80,226.58,875.00,0.00,INR,Issued,Approved,7,2025-10-03,Generated purchase order from approved PR.
2187,PO-2025-2187,2037,32,2,2025-09-27,2025-10-04,60 Days,Door delivery to factory stores,"EV Motor Plant, Accounts Payable, Hosur","EV Motor Plant Central Stores, Hosur",2141650.00,385497.00,950.00,0.00,INR,Issued,Approved,8,2025-09-27,Generated purchase order from approved PR.
2188,PO-2025-2188,2038,33,1,2025-10-01,2025-10-24,30 Days,Door delivery to factory stores,"EV Motor Plant, Accounts Payable, Hosur","EV Motor Plant Central Stores, Hosur",17560.20,3160.84,1025.00,0.00,INR,Issued,Approved,9,2025-10-01,Generated purchase order from approved PR.
2189,PO-2025-2189,2039,34,3,2025-10-03,2025-10-19,45 Days,Door delivery to factory stores,"EV Motor Plant, Accounts Payable, Hosur","EV Motor Plant Central Stores, Hosur",7273.20,1309.18,1100.00,0.00,INR,Issued,Approved,10,2025-10-03,Generated purchase order from approved PR.
2190,PO-2025-2190,2040,35,3,2025-09-30,2025-10-13,60 Days,Door delivery to factory stores,"EV Motor Plant, Accounts Payable, Hosur","EV Motor Plant Central Stores, Hosur",3873.45,697.22,1175.00,0.00,INR,Issued,Approved,11,2025-09-30,Generated purchase order from approved PR.
2191,PO-2025-2191,2041,1,4,2025-09-28,2025-10-10,30 Days,Door delivery to factory stores,"EV Motor Plant, Accounts Payable, Hosur","EV Motor Plant Central Stores, Hosur",15300.00,2754.00,1250.00,0.00,INR,Issued,Approved,12,2025-09-28,Generated purchase order from approved PR.
2192,PO-2025-2192,2042,2,4,2025-10-03,2025-10-25,45 Days,Door delivery to factory stores,"EV Motor Plant, Accounts Payable, Hosur","EV Motor Plant Central Stores, Hosur",548.10,98.66,1325.00,0.00,INR,Issued,Approved,13,2025-10-03,Generated purchase order from approved PR.
2193,PO-2025-2193,2043,3,5,2025-10-05,2025-10-25,60 Days,Door delivery to factory stores,"EV Motor Plant, Accounts Payable, Hosur","EV Motor Plant Central Stores, Hosur",255852.00,46053.36,1400.00,0.00,INR,Issued,Approved,1,2025-10-05,Generated purchase order from approved PR.
2194,PO-2025-2194,2044,4,5,2025-09-29,2025-10-19,30 Days,Door delivery to factory stores,"EV Motor Plant, Accounts Payable, Hosur","EV Motor Plant Central Stores, Hosur",890.34,160.26,1475.00,0.00,INR,Issued,Approved,3,2025-09-29,Generated purchase order from approved PR.
2195,PO-2025-2195,2045,5,6,2025-09-30,2025-10-16,45 Days,Door delivery to factory stores,"EV Motor Plant, Accounts Payable, Hosur","EV Motor Plant Central Stores, Hosur",29150.00,5247.00,1550.00,0.00,INR,Issued,Approved,4,2025-09-30,Generated purchase order from approved PR.
2196,PO-2025-2196,2046,6,6,2025-10-06,2025-10-27,60 Days,Door delivery to factory stores,"EV Motor Plant, Accounts Payable, Hosur","EV Motor Plant Central Stores, Hosur",87.00,15.66,1625.00,0.00,INR,Issued,Approved,5,2025-10-06,Generated purchase order from approved PR.
2197,PO-2025-2197,2047,7,1,2025-10-04,2025-10-14,30 Days,Door delivery to factory stores,"EV Motor Plant, Accounts Payable, Hosur","EV Motor Plant Central Stores, Hosur",215078.50,38714.13,1700.00,0.00,INR,Issued,Approved,6,2025-10-04,Generated purchase order from approved PR.
2198,PO-2025-2198,2048,8,2,2025-10-04,2025-10-22,45 Days,Door delivery to factory stores,"EV Motor Plant, Accounts Payable, Hosur","EV Motor Plant Central Stores, Hosur",92.70,16.69,1775.00,0.00,INR,Issued,Approved,7,2025-10-04,Generated purchase order from approved PR.
2199,PO-2025-2199,2049,9,2,2025-10-04,2025-10-16,60 Days,Door delivery to factory stores,"EV Motor Plant, Accounts Payable, Hosur","EV Motor Plant Central Stores, Hosur",43472.00,7824.96,1850.00,0.00,INR,Issued,Approved,8,2025-10-04,Generated purchase order from approved PR.
2200,PO-2025-2200,2050,10,1,2025-10-03,2025-10-19,30 Days,Door delivery to factory stores,"EV Motor Plant, Accounts Payable, Hosur","EV Motor Plant Central Stores, Hosur",260.76,46.94,1925.00,0.00,INR,Issued,Approved,9,2025-10-03,Generated purchase order from approved PR.
2201,PO-2025-2201,2051,11,3,2025-10-02,2025-10-25,45 Days,Door delivery to factory stores,"EV Motor Plant, Accounts Payable, Hosur","EV Motor Plant Central Stores, Hosur",16650.00,2997.00,500.00,0.00,INR,Issued,Approved,10,2025-10-02,Generated purchase order from approved PR.
2202,PO-2025-2202,2052,12,3,2025-10-02,2025-10-25,60 Days,Door delivery to factory stores,"EV Motor Plant, Accounts Payable, Hosur","EV Motor Plant Central Stores, Hosur",458.78,82.58,575.00,0.00,INR,Issued,Approved,11,2025-10-02,Generated purchase order from approved PR.
2203,PO-2025-2203,2053,13,4,2025-10-02,2025-10-16,30 Days,Door delivery to factory stores,"EV Motor Plant, Accounts Payable, Hosur","EV Motor Plant Central Stores, Hosur",8899.20,1601.86,650.00,0.00,INR,Issued,Approved,12,2025-10-02,Generated purchase order from approved PR.
2204,PO-2025-2204,2054,14,4,2025-10-05,2025-10-20,45 Days,Door delivery to factory stores,"EV Motor Plant, Accounts Payable, Hosur","EV Motor Plant Central Stores, Hosur",327712.00,58988.16,725.00,0.00,INR,Issued,Approved,13,2025-10-05,Generated purchase order from approved PR.
2205,PO-2025-2205,2055,15,5,2025-10-06,2025-10-28,60 Days,Door delivery to factory stores,"EV Motor Plant, Accounts Payable, Hosur","EV Motor Plant Central Stores, Hosur",2798.40,503.71,800.00,0.00,INR,Issued,Approved,1,2025-10-06,Generated purchase order from approved PR.
2206,PO-2025-2206,2056,16,5,2025-10-03,2025-10-26,30 Days,Door delivery to factory stores,"EV Motor Plant, Accounts Payable, Hosur","EV Motor Plant Central Stores, Hosur",62400.00,11232.00,875.00,0.00,INR,Issued,Approved,3,2025-10-03,Generated purchase order from approved PR.
2207,PO-2025-2207,2057,17,6,2025-10-07,2025-10-26,45 Days,Door delivery to factory stores,"EV Motor Plant, Accounts Payable, Hosur","EV Motor Plant Central Stores, Hosur",1964.67,353.64,950.00,0.00,INR,Issued,Approved,4,2025-10-07,Generated purchase order from approved PR.
2208,PO-2025-2208,2058,18,6,2025-10-04,2025-10-10,60 Days,Door delivery to factory stores,"EV Motor Plant, Accounts Payable, Hosur","EV Motor Plant Central Stores, Hosur",705550.00,126999.00,1025.00,0.00,INR,Issued,Approved,5,2025-10-04,Generated purchase order from approved PR.
2209,PO-2025-2209,2059,19,1,2025-10-06,2025-10-17,30 Days,Door delivery to factory stores,"EV Motor Plant, Accounts Payable, Hosur","EV Motor Plant Central Stores, Hosur",8276.40,1489.75,1100.00,0.00,INR,Issued,Approved,6,2025-10-06,Generated purchase order from approved PR.
2210,PO-2025-2210,2060,20,2,2025-10-09,2025-10-31,45 Days,Door delivery to factory stores,"EV Motor Plant, Accounts Payable, Hosur","EV Motor Plant Central Stores, Hosur",16027.20,2884.90,1175.00,0.00,INR,Issued,Approved,7,2025-10-09,Generated purchase order from approved PR.
2211,PO-2025-2211,2061,21,2,2025-10-06,2025-10-25,60 Days,Door delivery to factory stores,"EV Motor Plant, Accounts Payable, Hosur","EV Motor Plant Central Stores, Hosur",16720.00,3009.60,1250.00,0.00,INR,Issued,Approved,8,2025-10-06,Generated purchase order from approved PR.
2212,PO-2025-2212,2062,22,1,2025-10-05,2025-10-24,30 Days,Door delivery to factory stores,"EV Motor Plant, Accounts Payable, Hosur","EV Motor Plant Central Stores, Hosur",91806.75,16525.22,1325.00,0.00,INR,Issued,Approved,9,2025-10-05,Generated purchase order from approved PR.
2213,PO-2025-2213,2063,23,3,2025-10-05,2025-10-22,45 Days,Door delivery to factory stores,"EV Motor Plant, Accounts Payable, Hosur","EV Motor Plant Central Stores, Hosur",8543.85,1537.89,1400.00,0.00,INR,Issued,Approved,10,2025-10-05,Generated purchase order from approved PR.
2214,PO-2025-2214,2064,24,3,2025-10-07,2025-10-19,60 Days,Door delivery to factory stores,"EV Motor Plant, Accounts Payable, Hosur","EV Motor Plant Central Stores, Hosur",432630.00,77873.40,1475.00,0.00,INR,Issued,Approved,11,2025-10-07,Generated purchase order from approved PR.
2215,PO-2025-2215,2065,25,4,2025-10-07,2025-10-19,30 Days,Door delivery to factory stores,"EV Motor Plant, Accounts Payable, Hosur","EV Motor Plant Central Stores, Hosur",63441.00,11419.38,1550.00,0.00,INR,Issued,Approved,12,2025-10-07,Generated purchase order from approved PR.
2216,PO-2025-2216,2066,26,4,2025-10-12,2025-11-01,45 Days,Door delivery to factory stores,"EV Motor Plant, Accounts Payable, Hosur","EV Motor Plant Central Stores, Hosur",22880.00,4118.40,1625.00,0.00,INR,Issued,Approved,13,2025-10-12,Generated purchase order from approved PR.
2217,PO-2025-2217,2067,27,5,2025-10-08,2025-10-18,60 Days,Door delivery to factory stores,"EV Motor Plant, Accounts Payable, Hosur","EV Motor Plant Central Stores, Hosur",28501.20,5130.22,1700.00,0.00,INR,Issued,Approved,1,2025-10-08,Generated purchase order from approved PR.
2218,PO-2025-2218,2068,28,5,2025-10-09,2025-10-27,30 Days,Door delivery to factory stores,"EV Motor Plant, Accounts Payable, Hosur","EV Motor Plant Central Stores, Hosur",139256.00,25066.08,1775.00,0.00,INR,Issued,Approved,3,2025-10-09,Generated purchase order from approved PR.
2219,PO-2025-2219,2069,29,6,2025-10-07,2025-10-25,45 Days,Door delivery to factory stores,"EV Motor Plant, Accounts Payable, Hosur","EV Motor Plant Central Stores, Hosur",840.18,151.23,1850.00,0.00,INR,Issued,Approved,4,2025-10-07,Generated purchase order from approved PR.
2220,PO-2025-2220,2070,30,6,2025-10-13,2025-11-03,60 Days,Door delivery to factory stores,"EV Motor Plant, Accounts Payable, Hosur","EV Motor Plant Central Stores, Hosur",992160.00,178588.80,1925.00,0.00,INR,Issued,Approved,5,2025-10-13,Generated purchase order from approved PR.
2221,PO-2025-2221,2071,31,1,2025-10-10,2025-10-21,30 Days,Door delivery to factory stores,"EV Motor Plant, Accounts Payable, Hosur","EV Motor Plant Central Stores, Hosur",28200.00,5076.00,500.00,0.00,INR,Issued,Approved,6,2025-10-10,Generated purchase order from approved PR.
2222,PO-2025-2222,2072,32,2,2025-10-10,2025-10-29,45 Days,Door delivery to factory stores,"EV Motor Plant, Accounts Payable, Hosur","EV Motor Plant Central Stores, Hosur",72623.25,13072.19,575.00,0.00,INR,Issued,Approved,7,2025-10-10,Generated purchase order from approved PR.
2223,PO-2025-2223,2073,33,2,2025-10-11,2025-10-18,60 Days,Door delivery to factory stores,"EV Motor Plant, Accounts Payable, Hosur","EV Motor Plant Central Stores, Hosur",695456.00,125182.08,650.00,0.00,INR,Issued,Approved,8,2025-10-11,Generated purchase order from approved PR.
2224,PO-2025-2224,2074,34,1,2025-10-12,2025-10-19,30 Days,Door delivery to factory stores,"EV Motor Plant, Accounts Payable, Hosur","EV Motor Plant Central Stores, Hosur",6270.00,1128.60,725.00,0.00,INR,Issued,Approved,9,2025-10-12,Generated purchase order from approved PR.
2225,PO-2025-2225,2075,35,3,2025-10-14,2025-10-26,45 Days,Door delivery to factory stores,"EV Motor Plant, Accounts Payable, Hosur","EV Motor Plant Central Stores, Hosur",51537.20,9276.70,800.00,0.00,INR,Issued,Approved,10,2025-10-14,Generated purchase order from approved PR.
2226,PO-2025-2226,2076,1,3,2025-10-11,2025-10-17,60 Days,Door delivery to factory stores,"EV Motor Plant, Accounts Payable, Hosur","EV Motor Plant Central Stores, Hosur",3300.00,594.00,875.00,0.00,INR,Issued,Approved,11,2025-10-11,Generated purchase order from approved PR.
2227,PO-2025-2227,2077,2,4,2025-10-11,2025-11-03,30 Days,Door delivery to factory stores,"EV Motor Plant, Accounts Payable, Hosur","EV Motor Plant Central Stores, Hosur",44913.75,8084.48,950.00,0.00,INR,Issued,Approved,12,2025-10-11,Generated purchase order from approved PR.
2228,PO-2025-2228,2078,3,4,2025-10-13,2025-11-04,45 Days,Door delivery to factory stores,"EV Motor Plant, Accounts Payable, Hosur","EV Motor Plant Central Stores, Hosur",1730.40,311.47,1025.00,0.00,INR,Issued,Approved,13,2025-10-13,Generated purchase order from approved PR.
2229,PO-2025-2229,2079,4,5,2025-10-17,2025-10-22,60 Days,Door delivery to factory stores,"EV Motor Plant, Accounts Payable, Hosur","EV Motor Plant Central Stores, Hosur",58572.25,10543.01,1100.00,0.00,INR,Issued,Approved,1,2025-10-17,Generated purchase order from approved PR.
2230,PO-2025-2230,2080,5,5,2025-10-13,2025-11-02,30 Days,Door delivery to factory stores,"EV Motor Plant, Accounts Payable, Hosur","EV Motor Plant Central Stores, Hosur",16673.80,3001.28,1175.00,0.00,INR,Issued,Approved,3,2025-10-13,Generated purchase order from approved PR.
2231,PO-2025-2231,2081,6,6,2025-10-14,2025-10-28,45 Days,Door delivery to factory stores,"EV Motor Plant, Accounts Payable, Hosur","EV Motor Plant Central Stores, Hosur",3240.00,583.20,1250.00,0.00,INR,Issued,Approved,4,2025-10-14,Generated purchase order from approved PR.
2232,PO-2025-2232,2082,7,6,2025-10-14,2025-11-01,60 Days,Door delivery to factory stores,"EV Motor Plant, Accounts Payable, Hosur","EV Motor Plant Central Stores, Hosur",32155.20,5787.94,1325.00,0.00,INR,Issued,Approved,5,2025-10-14,Generated purchase order from approved PR.
2233,PO-2025-2233,2083,8,1,2025-10-17,2025-11-07,30 Days,Door delivery to factory stores,"EV Motor Plant, Accounts Payable, Hosur","EV Motor Plant Central Stores, Hosur",510.88,91.96,1400.00,0.00,INR,Issued,Approved,6,2025-10-17,Generated purchase order from approved PR.
2234,PO-2025-2234,2084,9,2,2025-10-16,2025-10-31,45 Days,Door delivery to factory stores,"EV Motor Plant, Accounts Payable, Hosur","EV Motor Plant Central Stores, Hosur",5889.38,1060.09,1475.00,0.00,INR,Issued,Approved,7,2025-10-16,Generated purchase order from approved PR.
2235,PO-2025-2235,2085,10,2,2025-10-14,2025-10-21,60 Days,Door delivery to factory stores,"EV Motor Plant, Accounts Payable, Hosur","EV Motor Plant Central Stores, Hosur",127.20,22.90,1550.00,0.00,INR,Issued,Approved,8,2025-10-14,Generated purchase order from approved PR.
2236,PO-2025-2236,2086,11,1,2025-10-16,2025-10-21,30 Days,Door delivery to factory stores,"EV Motor Plant, Accounts Payable, Hosur","EV Motor Plant Central Stores, Hosur",25050.00,4509.00,1625.00,0.00,INR,Issued,Approved,9,2025-10-16,Generated purchase order from approved PR.
2237,PO-2025-2237,2087,12,3,2025-10-17,2025-10-31,45 Days,Door delivery to factory stores,"EV Motor Plant, Accounts Payable, Hosur","EV Motor Plant Central Stores, Hosur",406.00,73.08,1700.00,0.00,INR,Issued,Approved,10,2025-10-17,Generated purchase order from approved PR.
2238,PO-2025-2238,2088,13,3,2025-10-18,2025-11-10,60 Days,Door delivery to factory stores,"EV Motor Plant, Accounts Payable, Hosur","EV Motor Plant Central Stores, Hosur",12792.60,2302.67,1775.00,0.00,INR,Issued,Approved,11,2025-10-18,Generated purchase order from approved PR.
2239,PO-2025-2239,2089,14,4,2025-10-16,2025-10-31,30 Days,Door delivery to factory stores,"EV Motor Plant, Accounts Payable, Hosur","EV Motor Plant Central Stores, Hosur",1260.27,226.85,1850.00,0.00,INR,Issued,Approved,12,2025-10-16,Generated purchase order from approved PR.
2240,PO-2025-2240,2090,15,4,2025-10-16,2025-10-28,45 Days,Door delivery to factory stores,"EV Motor Plant, Accounts Payable, Hosur","EV Motor Plant Central Stores, Hosur",1500.96,270.17,1925.00,0.00,INR,Issued,Approved,13,2025-10-16,Generated purchase order from approved PR.
2241,PO-2025-2241,2091,16,5,2025-10-14,2025-10-19,60 Days,Door delivery to factory stores,"EV Motor Plant, Accounts Payable, Hosur","EV Motor Plant Central Stores, Hosur",5832.00,1049.76,500.00,0.00,INR,Issued,Approved,1,2025-10-14,Generated purchase order from approved PR.
2242,PO-2025-2242,2092,17,5,2025-10-19,2025-11-10,30 Days,Door delivery to factory stores,"EV Motor Plant, Accounts Payable, Hosur","EV Motor Plant Central Stores, Hosur",20097.00,3617.46,575.00,0.00,INR,Issued,Approved,3,2025-10-19,Generated purchase order from approved PR.
2243,PO-2025-2243,2093,18,6,2025-10-15,2025-10-26,45 Days,Door delivery to factory stores,"EV Motor Plant, Accounts Payable, Hosur","EV Motor Plant Central Stores, Hosur",10197.00,1835.46,650.00,0.00,INR,Issued,Approved,4,2025-10-15,Generated purchase order from approved PR.
2244,PO-2025-2244,2094,19,6,2025-10-19,2025-11-06,60 Days,Door delivery to factory stores,"EV Motor Plant, Accounts Payable, Hosur","EV Motor Plant Central Stores, Hosur",434720.00,78249.60,725.00,0.00,INR,Issued,Approved,5,2025-10-19,Generated purchase order from approved PR.
2245,PO-2025-2245,2095,20,1,2025-10-20,2025-11-07,30 Days,Door delivery to factory stores,"EV Motor Plant, Accounts Payable, Hosur","EV Motor Plant Central Stores, Hosur",376.30,67.73,800.00,0.00,INR,Issued,Approved,6,2025-10-20,Generated purchase order from approved PR.
2246,PO-2025-2246,2096,21,2,2025-10-15,2025-10-24,45 Days,Door delivery to factory stores,"EV Motor Plant, Accounts Payable, Hosur","EV Motor Plant Central Stores, Hosur",11880.00,2138.40,875.00,0.00,INR,Issued,Approved,7,2025-10-15,Generated purchase order from approved PR.
2247,PO-2025-2247,2097,22,2,2025-10-18,2025-10-24,60 Days,Door delivery to factory stores,"EV Motor Plant, Accounts Payable, Hosur","EV Motor Plant Central Stores, Hosur",437.76,78.80,950.00,0.00,INR,Issued,Approved,8,2025-10-18,Generated purchase order from approved PR.
2248,PO-2025-2248,2098,23,1,2025-10-18,2025-10-30,30 Days,Door delivery to factory stores,"EV Motor Plant, Accounts Payable, Hosur","EV Motor Plant Central Stores, Hosur",23175.00,4171.50,1025.00,0.00,INR,Issued,Approved,9,2025-10-18,Generated purchase order from approved PR.
2249,PO-2025-2249,2099,24,3,2025-10-22,2025-11-02,45 Days,Door delivery to factory stores,"EV Motor Plant, Accounts Payable, Hosur","EV Motor Plant Central Stores, Hosur",1774.41,319.39,1100.00,0.00,INR,Issued,Approved,10,2025-10-22,Generated purchase order from approved PR.
2250,PO-2025-2250,2100,25,3,2025-10-22,2025-11-09,60 Days,Door delivery to factory stores,"EV Motor Plant, Accounts Payable, Hosur","EV Motor Plant Central Stores, Hosur",67469.00,12144.42,1175.00,0.00,INR,Issued,Approved,11,2025-10-22,Generated purchase order from approved PR.
2251,PO-2025-2251,2101,26,4,2025-10-21,2025-11-10,30 Days,Door delivery to factory stores,"EV Motor Plant, Accounts Payable, Hosur","EV Motor Plant Central Stores, Hosur",235.20,42.34,1250.00,0.00,INR,Issued,Approved,12,2025-10-21,Generated purchase order from approved PR.
2252,PO-2025-2252,2102,27,4,2025-10-22,2025-10-31,45 Days,Door delivery to factory stores,"EV Motor Plant, Accounts Payable, Hosur","EV Motor Plant Central Stores, Hosur",4953.20,891.58,1325.00,0.00,INR,Issued,Approved,13,2025-10-22,Generated purchase order from approved PR.
2253,PO-2025-2253,2103,28,5,2025-10-19,2025-11-03,60 Days,Door delivery to factory stores,"EV Motor Plant, Accounts Payable, Hosur","EV Motor Plant Central Stores, Hosur",128.74,23.17,1400.00,0.00,INR,Issued,Approved,1,2025-10-19,Generated purchase order from approved PR.
2254,PO-2025-2254,2104,29,5,2025-10-24,2025-10-29,30 Days,Door delivery to factory stores,"EV Motor Plant, Accounts Payable, Hosur","EV Motor Plant Central Stores, Hosur",41.80,7.52,1475.00,0.00,INR,Issued,Approved,3,2025-10-24,Generated purchase order from approved PR.
2255,PO-2025-2255,2105,30,6,2025-10-21,2025-10-30,45 Days,Door delivery to factory stores,"EV Motor Plant, Accounts Payable, Hosur","EV Motor Plant Central Stores, Hosur",217.30,39.11,1550.00,0.00,INR,Issued,Approved,4,2025-10-21,Generated purchase order from approved PR.
2256,PO-2025-2256,2106,31,6,2025-10-19,2025-11-07,60 Days,Door delivery to factory stores,"EV Motor Plant, Accounts Payable, Hosur","EV Motor Plant Central Stores, Hosur",340.00,61.20,1625.00,0.00,INR,Issued,Approved,5,2025-10-19,Generated purchase order from approved PR.
2257,PO-2025-2257,2107,32,1,2025-10-20,2025-11-09,30 Days,Door delivery to factory stores,"EV Motor Plant, Accounts Payable, Hosur","EV Motor Plant Central Stores, Hosur",2886.66,519.60,1700.00,0.00,INR,Issued,Approved,6,2025-10-20,Generated purchase order from approved PR.
2258,PO-2025-2258,2108,33,2,2025-10-25,2025-11-13,45 Days,Door delivery to factory stores,"EV Motor Plant, Accounts Payable, Hosur","EV Motor Plant Central Stores, Hosur",2080.60,374.51,1775.00,0.00,INR,Issued,Approved,7,2025-10-25,Generated purchase order from approved PR.
2259,PO-2025-2259,2109,34,2,2025-10-21,2025-10-28,60 Days,Door delivery to factory stores,"EV Motor Plant, Accounts Payable, Hosur","EV Motor Plant Central Stores, Hosur",1358.50,244.53,1850.00,0.00,INR,Issued,Approved,8,2025-10-21,Generated purchase order from approved PR.
2260,PO-2025-2260,2110,35,1,2025-10-23,2025-11-07,30 Days,Door delivery to factory stores,"EV Motor Plant, Accounts Payable, Hosur","EV Motor Plant Central Stores, Hosur",1202.04,216.37,1925.00,0.00,INR,Issued,Approved,9,2025-10-23,Generated purchase order from approved PR.
2261,PO-2025-2261,2111,1,3,2025-10-26,2025-11-08,45 Days,Door delivery to factory stores,"EV Motor Plant, Accounts Payable, Hosur","EV Motor Plant Central Stores, Hosur",50650.40,9117.07,500.00,0.00,INR,Issued,Approved,10,2025-10-26,Generated purchase order from approved PR.
2262,PO-2025-2262,2112,2,3,2025-10-22,2025-11-14,60 Days,Door delivery to factory stores,"EV Motor Plant, Accounts Payable, Hosur","EV Motor Plant Central Stores, Hosur",8057.07,1450.27,575.00,0.00,INR,Issued,Approved,11,2025-10-22,Generated purchase order from approved PR.
2263,PO-2025-2263,2113,3,4,2025-10-27,2025-11-13,30 Days,Door delivery to factory stores,"EV Motor Plant, Accounts Payable, Hosur","EV Motor Plant Central Stores, Hosur",70041.40,12607.45,650.00,0.00,INR,Issued,Approved,12,2025-10-27,Generated purchase order from approved PR.
2264,PO-2025-2264,2114,4,4,2025-10-26,2025-11-17,45 Days,Door delivery to factory stores,"EV Motor Plant, Accounts Payable, Hosur","EV Motor Plant Central Stores, Hosur",14532.27,2615.81,725.00,0.00,INR,Issued,Approved,13,2025-10-26,Generated purchase order from approved PR.
2265,PO-2025-2265,2115,5,5,2025-10-26,2025-11-02,60 Days,Door delivery to factory stores,"EV Motor Plant, Accounts Payable, Hosur","EV Motor Plant Central Stores, Hosur",21469.86,3864.57,800.00,0.00,INR,Issued,Approved,1,2025-10-26,Generated purchase order from approved PR.
2266,PO-2025-2266,2116,6,5,2025-10-28,2025-11-10,30 Days,Door delivery to factory stores,"EV Motor Plant, Accounts Payable, Hosur","EV Motor Plant Central Stores, Hosur",1115.00,200.70,875.00,0.00,INR,Issued,Approved,3,2025-10-28,Generated purchase order from approved PR.
2267,PO-2025-2267,2117,7,6,2025-10-30,2025-11-18,45 Days,Door delivery to factory stores,"EV Motor Plant, Accounts Payable, Hosur","EV Motor Plant Central Stores, Hosur",21241.42,3823.46,950.00,0.00,INR,Issued,Approved,4,2025-10-30,Generated purchase order from approved PR.
2268,PO-2025-2268,2118,8,6,2025-10-29,2025-11-09,60 Days,Door delivery to factory stores,"EV Motor Plant, Accounts Payable, Hosur","EV Motor Plant Central Stores, Hosur",348.75,62.78,1025.00,0.00,INR,Issued,Approved,5,2025-10-29,Generated purchase order from approved PR.
2269,PO-2025-2269,2119,9,1,2025-10-28,2025-11-14,30 Days,Door delivery to factory stores,"EV Motor Plant, Accounts Payable, Hosur","EV Motor Plant Central Stores, Hosur",3527.25,634.91,1100.00,0.00,INR,Issued,Approved,6,2025-10-28,Generated purchase order from approved PR.
2270,PO-2025-2270,2120,10,2,2025-10-30,2025-11-13,45 Days,Door delivery to factory stores,"EV Motor Plant, Accounts Payable, Hosur","EV Motor Plant Central Stores, Hosur",718.68,129.36,1175.00,0.00,INR,Issued,Approved,7,2025-10-30,Generated purchase order from approved PR.
2271,PO-2025-2271,2121,11,2,2025-10-30,2025-11-22,60 Days,Door delivery to factory stores,"EV Motor Plant, Accounts Payable, Hosur","EV Motor Plant Central Stores, Hosur",240.00,43.20,1250.00,0.00,INR,Issued,Approved,8,2025-10-30,Generated purchase order from approved PR.
2272,PO-2025-2272,2122,12,1,2025-10-28,2025-11-05,30 Days,Door delivery to factory stores,"EV Motor Plant, Accounts Payable, Hosur","EV Motor Plant Central Stores, Hosur",406.26,73.13,1325.00,0.00,INR,Issued,Approved,9,2025-10-28,Generated purchase order from approved PR.
2273,PO-2025-2273,2123,13,3,2025-11-01,2025-11-23,45 Days,Door delivery to factory stores,"EV Motor Plant, Accounts Payable, Hosur","EV Motor Plant Central Stores, Hosur",448.88,80.80,1400.00,0.00,INR,Issued,Approved,10,2025-11-01,Generated purchase order from approved PR.
2274,PO-2025-2274,2124,14,3,2025-10-31,2025-11-12,60 Days,Door delivery to factory stores,"EV Motor Plant, Accounts Payable, Hosur","EV Motor Plant Central Stores, Hosur",252.84,45.51,1475.00,0.00,INR,Issued,Approved,11,2025-10-31,Generated purchase order from approved PR.
2275,PO-2025-2275,2125,15,4,2025-10-30,2025-11-12,30 Days,Door delivery to factory stores,"EV Motor Plant, Accounts Payable, Hosur","EV Motor Plant Central Stores, Hosur",9163.70,1649.47,1550.00,0.00,INR,Issued,Approved,12,2025-10-30,Generated purchase order from approved PR.
2276,PO-2025-2276,2126,16,4,2025-10-28,2025-11-12,45 Days,Door delivery to factory stores,"EV Motor Plant, Accounts Payable, Hosur","EV Motor Plant Central Stores, Hosur",235.00,42.30,1625.00,0.00,INR,Issued,Approved,13,2025-10-28,Generated purchase order from approved PR.
2277,PO-2025-2277,2127,17,5,2025-10-29,2025-11-08,60 Days,Door delivery to factory stores,"EV Motor Plant, Accounts Payable, Hosur","EV Motor Plant Central Stores, Hosur",779.52,140.31,1700.00,0.00,INR,Issued,Approved,1,2025-10-29,Generated purchase order from approved PR.
2278,PO-2025-2278,2128,18,5,2025-11-01,2025-11-24,30 Days,Door delivery to factory stores,"EV Motor Plant, Accounts Payable, Hosur","EV Motor Plant Central Stores, Hosur",3215.66,578.82,1775.00,0.00,INR,Issued,Approved,3,2025-11-01,Generated purchase order from approved PR.
2279,PO-2025-2279,2129,19,6,2025-10-30,2025-11-21,45 Days,Door delivery to factory stores,"EV Motor Plant, Accounts Payable, Hosur","EV Motor Plant Central Stores, Hosur",936.32,168.54,1850.00,0.00,INR,Issued,Approved,4,2025-10-30,Generated purchase order from approved PR.
2280,PO-2025-2280,2130,20,6,2025-11-01,2025-11-24,60 Days,Door delivery to factory stores,"EV Motor Plant, Accounts Payable, Hosur","EV Motor Plant Central Stores, Hosur",835.28,150.35,1925.00,0.00,INR,Issued,Approved,5,2025-11-01,Generated purchase order from approved PR.
2281,PO-2025-2281,2131,21,1,2025-10-31,2025-11-23,30 Days,Door delivery to factory stores,"EV Motor Plant, Accounts Payable, Hosur","EV Motor Plant Central Stores, Hosur",379800.00,68364.00,500.00,0.00,INR,Issued,Approved,6,2025-10-31,Generated purchase order from approved PR.
2282,PO-2025-2282,2132,22,2,2025-11-02,2025-11-19,45 Days,Door delivery to factory stores,"EV Motor Plant, Accounts Payable, Hosur","EV Motor Plant Central Stores, Hosur",7877.25,1417.91,575.00,0.00,INR,Issued,Approved,7,2025-11-02,Generated purchase order from approved PR.
2283,PO-2025-2283,2133,23,2,2025-11-01,2025-11-14,60 Days,Door delivery to factory stores,"EV Motor Plant, Accounts Payable, Hosur","EV Motor Plant Central Stores, Hosur",2797068.00,503472.24,650.00,0.00,INR,Issued,Approved,8,2025-11-01,Generated purchase order from approved PR.
2284,PO-2025-2284,2134,24,1,2025-11-01,2025-11-22,30 Days,Door delivery to factory stores,"EV Motor Plant, Accounts Payable, Hosur","EV Motor Plant Central Stores, Hosur",56753.93,10215.71,725.00,0.00,INR,Issued,Approved,9,2025-11-01,Generated purchase order from approved PR.
2285,PO-2025-2285,2135,25,3,2025-11-04,2025-11-09,45 Days,Door delivery to factory stores,"EV Motor Plant, Accounts Payable, Hosur","EV Motor Plant Central Stores, Hosur",655292.00,117952.56,800.00,0.00,INR,Issued,Approved,10,2025-11-04,Generated purchase order from approved PR.
2286,PO-2025-2286,2136,26,3,2025-11-03,2025-11-23,60 Days,Door delivery to factory stores,"EV Motor Plant, Accounts Payable, Hosur","EV Motor Plant Central Stores, Hosur",21909.25,3943.67,875.00,0.00,INR,Issued,Approved,11,2025-11-03,Generated purchase order from approved PR.
2287,PO-2025-2287,2137,27,4,2025-11-04,2025-11-18,30 Days,Door delivery to factory stores,"EV Motor Plant, Accounts Payable, Hosur","EV Motor Plant Central Stores, Hosur",4019.40,723.49,950.00,0.00,INR,Issued,Approved,12,2025-11-04,Generated purchase order from approved PR.
2288,PO-2025-2288,2138,28,4,2025-11-02,2025-11-19,45 Days,Door delivery to factory stores,"EV Motor Plant, Accounts Payable, Hosur","EV Motor Plant Central Stores, Hosur",34214.08,6158.53,1025.00,0.00,INR,Issued,Approved,13,2025-11-02,Generated purchase order from approved PR.
2289,PO-2025-2289,2139,29,5,2025-11-04,2025-11-16,60 Days,Door delivery to factory stores,"EV Motor Plant, Accounts Payable, Hosur","EV Motor Plant Central Stores, Hosur",5643.00,1015.74,1100.00,0.00,INR,Issued,Approved,1,2025-11-04,Generated purchase order from approved PR.
2290,PO-2025-2290,2140,30,5,2025-11-02,2025-11-14,30 Days,Door delivery to factory stores,"EV Motor Plant, Accounts Payable, Hosur","EV Motor Plant Central Stores, Hosur",5962.50,1073.25,1175.00,0.00,INR,Issued,Approved,3,2025-11-02,Generated purchase order from approved PR.
2291,PO-2025-2291,2141,31,6,2025-11-01,2025-11-06,45 Days,Door delivery to factory stores,"EV Motor Plant, Accounts Payable, Hosur","EV Motor Plant Central Stores, Hosur",167250.00,30105.00,1250.00,0.00,INR,Issued,Approved,4,2025-11-01,Generated purchase order from approved PR.
2292,PO-2025-2292,2142,32,6,2025-11-02,2025-11-15,60 Days,Door delivery to factory stores,"EV Motor Plant, Accounts Payable, Hosur","EV Motor Plant Central Stores, Hosur",2436.00,438.48,1325.00,0.00,INR,Issued,Approved,5,2025-11-02,Generated purchase order from approved PR.
2293,PO-2025-2293,2143,33,1,2025-11-05,2025-11-17,30 Days,Door delivery to factory stores,"EV Motor Plant, Accounts Payable, Hosur","EV Motor Plant Central Stores, Hosur",15985.60,2877.41,1400.00,0.00,INR,Issued,Approved,6,2025-11-05,Generated purchase order from approved PR.
2294,PO-2025-2294,2144,34,2,2025-11-08,2025-11-17,45 Days,Door delivery to factory stores,"EV Motor Plant, Accounts Payable, Hosur","EV Motor Plant Central Stores, Hosur",550.00,99.00,1475.00,0.00,INR,Issued,Approved,7,2025-11-08,Generated purchase order from approved PR.
2295,PO-2025-2295,2145,35,2,2025-11-04,2025-11-13,60 Days,Door delivery to factory stores,"EV Motor Plant, Accounts Payable, Hosur","EV Motor Plant Central Stores, Hosur",71677.20,12901.90,1550.00,0.00,INR,Issued,Approved,8,2025-11-04,Generated purchase order from approved PR.
2296,PO-2025-2296,2146,1,1,2025-11-05,2025-11-21,30 Days,Door delivery to factory stores,"EV Motor Plant, Accounts Payable, Hosur","EV Motor Plant Central Stores, Hosur",7280.00,1310.40,1625.00,0.00,INR,Issued,Approved,9,2025-11-05,Generated purchase order from approved PR.
2297,PO-2025-2297,2147,2,3,2025-11-05,2025-11-16,45 Days,Door delivery to factory stores,"EV Motor Plant, Accounts Payable, Hosur","EV Motor Plant Central Stores, Hosur",319116.00,57440.88,1700.00,0.00,INR,Issued,Approved,10,2025-11-05,Generated purchase order from approved PR.
2298,PO-2025-2298,2148,3,3,2025-11-07,2025-11-27,60 Days,Door delivery to factory stores,"EV Motor Plant, Accounts Payable, Hosur","EV Motor Plant Central Stores, Hosur",889.92,160.19,1775.00,0.00,INR,Issued,Approved,11,2025-11-07,Generated purchase order from approved PR.
2299,PO-2025-2299,2149,4,4,2025-11-04,2025-11-11,30 Days,Door delivery to factory stores,"EV Motor Plant, Accounts Payable, Hosur","EV Motor Plant Central Stores, Hosur",10815.75,1946.84,1850.00,0.00,INR,Issued,Approved,12,2025-11-04,Generated purchase order from approved PR.
2300,PO-2025-2300,2150,5,4,2025-11-05,2025-11-20,45 Days,Door delivery to factory stores,"EV Motor Plant, Accounts Payable, Hosur","EV Motor Plant Central Stores, Hosur",831.04,149.59,1925.00,0.00,INR,Issued,Approved,13,2025-11-05,Generated purchase order from approved PR.
2301,PO-2025-2301,2151,6,5,2025-11-10,2025-11-18,60 Days,Door delivery to factory stores,"EV Motor Plant, Accounts Payable, Hosur","EV Motor Plant Central Stores, Hosur",8100.00,1458.00,500.00,0.00,INR,Issued,Approved,1,2025-11-10,Generated purchase order from approved PR.
2302,PO-2025-2302,2152,7,5,2025-11-05,2025-11-20,30 Days,Door delivery to factory stores,"EV Motor Plant, Accounts Payable, Hosur","EV Motor Plant Central Stores, Hosur",714357.00,128584.26,575.00,0.00,INR,Issued,Approved,3,2025-11-05,Generated purchase order from approved PR.
2303,PO-2025-2303,2153,8,6,2025-11-11,2025-11-26,45 Days,Door delivery to factory stores,"EV Motor Plant, Accounts Payable, Hosur","EV Motor Plant Central Stores, Hosur",6550.80,1179.14,650.00,0.00,INR,Issued,Approved,4,2025-11-11,Generated purchase order from approved PR.
2304,PO-2025-2304,2154,9,6,2025-11-11,2025-11-28,60 Days,Door delivery to factory stores,"EV Motor Plant, Accounts Payable, Hosur","EV Motor Plant Central Stores, Hosur",2008490.00,361528.20,725.00,0.00,INR,Issued,Approved,5,2025-11-11,Generated purchase order from approved PR.
2305,PO-2025-2305,2155,10,1,2025-11-06,2025-11-19,30 Days,Door delivery to factory stores,"EV Motor Plant, Accounts Payable, Hosur","EV Motor Plant Central Stores, Hosur",65455.00,11781.90,800.00,0.00,INR,Issued,Approved,6,2025-11-06,Generated purchase order from approved PR.
2306,PO-2025-2306,2156,11,2,2025-11-11,2025-11-25,45 Days,Door delivery to factory stores,"EV Motor Plant, Accounts Payable, Hosur","EV Motor Plant Central Stores, Hosur",822800.00,148104.00,875.00,0.00,INR,Issued,Approved,7,2025-11-11,Generated purchase order from approved PR.
2307,PO-2025-2307,2157,12,2,2025-11-07,2025-11-15,60 Days,Door delivery to factory stores,"EV Motor Plant, Accounts Payable, Hosur","EV Motor Plant Central Stores, Hosur",9729.84,1751.37,950.00,0.00,INR,Issued,Approved,8,2025-11-07,Generated purchase order from approved PR.
2308,PO-2025-2308,2158,13,1,2025-11-10,2025-11-23,30 Days,Door delivery to factory stores,"EV Motor Plant, Accounts Payable, Hosur","EV Motor Plant Central Stores, Hosur",8899.20,1601.86,1025.00,0.00,INR,Issued,Approved,9,2025-11-10,Generated purchase order from approved PR.
2309,PO-2025-2309,2159,14,3,2025-11-11,2025-11-23,45 Days,Door delivery to factory stores,"EV Motor Plant, Accounts Payable, Hosur","EV Motor Plant Central Stores, Hosur",83495.50,15029.19,1100.00,0.00,INR,Issued,Approved,10,2025-11-11,Generated purchase order from approved PR.
2310,PO-2025-2310,2160,15,3,2025-11-09,2025-11-26,60 Days,Door delivery to factory stores,"EV Motor Plant, Accounts Payable, Hosur","EV Motor Plant Central Stores, Hosur",70214.40,12638.59,1175.00,0.00,INR,Issued,Approved,11,2025-11-09,Generated purchase order from approved PR.
2311,PO-2025-2311,2161,16,4,2025-11-07,2025-11-20,30 Days,Door delivery to factory stores,"EV Motor Plant, Accounts Payable, Hosur","EV Motor Plant Central Stores, Hosur",55200.00,9936.00,1250.00,0.00,INR,Issued,Approved,12,2025-11-07,Generated purchase order from approved PR.
2312,PO-2025-2312,2162,17,4,2025-11-09,2025-11-28,45 Days,Door delivery to factory stores,"EV Motor Plant, Accounts Payable, Hosur","EV Motor Plant Central Stores, Hosur",182700.00,32886.00,1325.00,0.00,INR,Issued,Approved,13,2025-11-09,Generated purchase order from approved PR.
2313,PO-2025-2313,2163,18,5,2025-11-14,2025-11-27,60 Days,Door delivery to factory stores,"EV Motor Plant, Accounts Payable, Hosur","EV Motor Plant Central Stores, Hosur",12483.60,2247.05,1400.00,0.00,INR,Issued,Approved,1,2025-11-14,Generated purchase order from approved PR.
2314,PO-2025-2314,2164,19,5,2025-11-10,2025-11-19,30 Days,Door delivery to factory stores,"EV Motor Plant, Accounts Payable, Hosur","EV Motor Plant Central Stores, Hosur",13208.80,2377.58,1475.00,0.00,INR,Issued,Approved,3,2025-11-10,Generated purchase order from approved PR.
2315,PO-2025-2315,2165,20,6,2025-11-11,2025-11-21,45 Days,Door delivery to factory stores,"EV Motor Plant, Accounts Payable, Hosur","EV Motor Plant Central Stores, Hosur",3816.00,686.88,1550.00,0.00,INR,Issued,Approved,4,2025-11-11,Generated purchase order from approved PR.
2316,PO-2025-2316,2166,21,6,2025-11-15,2025-11-20,60 Days,Door delivery to factory stores,"EV Motor Plant, Accounts Payable, Hosur","EV Motor Plant Central Stores, Hosur",103740.00,18673.20,1625.00,0.00,INR,Issued,Approved,5,2025-11-15,Generated purchase order from approved PR.
2317,PO-2025-2317,2167,22,1,2025-11-10,2025-11-25,30 Days,Door delivery to factory stores,"EV Motor Plant, Accounts Payable, Hosur","EV Motor Plant Central Stores, Hosur",72471.00,13044.78,1700.00,0.00,INR,Issued,Approved,6,2025-11-10,Generated purchase order from approved PR.
2318,PO-2025-2318,2168,23,2,2025-11-12,2025-12-02,45 Days,Door delivery to factory stores,"EV Motor Plant, Accounts Payable, Hosur","EV Motor Plant Central Stores, Hosur",242256.00,43606.08,1775.00,0.00,INR,Issued,Approved,7,2025-11-12,Generated purchase order from approved PR.
2319,PO-2025-2319,2169,24,2,2025-11-17,2025-12-06,60 Days,Door delivery to factory stores,"EV Motor Plant, Accounts Payable, Hosur","EV Motor Plant Central Stores, Hosur",5220.33,939.66,1850.00,0.00,INR,Issued,Approved,8,2025-11-17,Generated purchase order from approved PR.
2320,PO-2025-2320,2170,25,1,2025-11-15,2025-11-28,30 Days,Door delivery to factory stores,"EV Motor Plant, Accounts Payable, Hosur","EV Motor Plant Central Stores, Hosur",25758.00,4636.44,1925.00,0.00,INR,Issued,Approved,9,2025-11-15,Generated purchase order from approved PR.
2321,PO-2025-2321,2171,26,3,2025-11-14,2025-11-22,45 Days,Door delivery to factory stores,"EV Motor Plant, Accounts Payable, Hosur","EV Motor Plant Central Stores, Hosur",11200.00,2016.00,500.00,0.00,INR,Issued,Approved,10,2025-11-14,Generated purchase order from approved PR.
2322,PO-2025-2322,2172,27,3,2025-11-15,2025-12-06,60 Days,Door delivery to factory stores,"EV Motor Plant, Accounts Payable, Hosur","EV Motor Plant Central Stores, Hosur",1948.80,350.78,575.00,0.00,INR,Issued,Approved,11,2025-11-15,Generated purchase order from approved PR.
2323,PO-2025-2323,2173,28,4,2025-11-13,2025-11-19,30 Days,Door delivery to factory stores,"EV Motor Plant, Accounts Payable, Hosur","EV Motor Plant Central Stores, Hosur",17860.20,3214.84,650.00,0.00,INR,Issued,Approved,12,2025-11-13,Generated purchase order from approved PR.
2324,PO-2025-2324,2174,29,4,2025-11-15,2025-11-27,45 Days,Door delivery to factory stores,"EV Motor Plant, Accounts Payable, Hosur","EV Motor Plant Central Stores, Hosur",10032.00,1805.76,725.00,0.00,INR,Issued,Approved,13,2025-11-15,Generated purchase order from approved PR.
2325,PO-2025-2325,2175,30,5,2025-11-18,2025-12-09,60 Days,Door delivery to factory stores,"EV Motor Plant, Accounts Payable, Hosur","EV Motor Plant Central Stores, Hosur",82733.00,14891.94,800.00,0.00,INR,Issued,Approved,1,2025-11-18,Generated purchase order from approved PR.
2326,PO-2025-2326,2176,31,5,2025-11-20,2025-12-02,30 Days,Door delivery to factory stores,"EV Motor Plant, Accounts Payable, Hosur","EV Motor Plant Central Stores, Hosur",37700.00,6786.00,875.00,0.00,INR,Issued,Approved,3,2025-11-20,Generated purchase order from approved PR.
2327,PO-2025-2327,2177,32,6,2025-11-20,2025-11-27,45 Days,Door delivery to factory stores,"EV Motor Plant, Accounts Payable, Hosur","EV Motor Plant Central Stores, Hosur",2283.75,411.08,950.00,0.00,INR,Issued,Approved,4,2025-11-20,Generated purchase order from approved PR.
2328,PO-2025-2328,2178,33,6,2025-11-16,2025-11-26,60 Days,Door delivery to factory stores,"EV Motor Plant, Accounts Payable, Hosur","EV Motor Plant Central Stores, Hosur",3708.00,667.44,1025.00,0.00,INR,Issued,Approved,5,2025-11-16,Generated purchase order from approved PR.
2329,PO-2025-2329,2179,34,1,2025-11-20,2025-12-06,30 Days,Door delivery to factory stores,"EV Motor Plant, Accounts Payable, Hosur","EV Motor Plant Central Stores, Hosur",1541.67,277.50,1100.00,0.00,INR,Issued,Approved,6,2025-11-20,Generated purchase order from approved PR.
2330,PO-2025-2330,2180,35,2,2025-11-16,2025-11-23,45 Days,Door delivery to factory stores,"EV Motor Plant, Accounts Payable, Hosur","EV Motor Plant Central Stores, Hosur",113526.00,20434.68,1175.00,0.00,INR,Issued,Approved,7,2025-11-16,Generated purchase order from approved PR.
2331,PO-2025-2331,2181,1,2,2025-11-19,2025-12-06,60 Days,Door delivery to factory stores,"EV Motor Plant, Accounts Payable, Hosur","EV Motor Plant Central Stores, Hosur",15510.00,2791.80,1250.00,0.00,INR,Issued,Approved,8,2025-11-19,Generated purchase order from approved PR.
2332,PO-2025-2332,2182,2,1,2025-11-20,2025-12-03,30 Days,Door delivery to factory stores,"EV Motor Plant, Accounts Payable, Hosur","EV Motor Plant Central Stores, Hosur",68167.40,12270.13,1325.00,0.00,INR,Issued,Approved,9,2025-11-20,Generated purchase order from approved PR.
2333,PO-2025-2333,2183,3,3,2025-11-16,2025-11-27,45 Days,Door delivery to factory stores,"EV Motor Plant, Accounts Payable, Hosur","EV Motor Plant Central Stores, Hosur",225.57,40.60,1400.00,0.00,INR,Issued,Approved,10,2025-11-16,Generated purchase order from approved PR.
2334,PO-2025-2334,2184,4,3,2025-11-20,2025-11-29,60 Days,Door delivery to factory stores,"EV Motor Plant, Accounts Payable, Hosur","EV Motor Plant Central Stores, Hosur",14734.50,2652.21,1475.00,0.00,INR,Issued,Approved,11,2025-11-20,Generated purchase order from approved PR.
2335,PO-2025-2335,2185,5,4,2025-11-16,2025-12-06,30 Days,Door delivery to factory stores,"EV Motor Plant, Accounts Payable, Hosur","EV Motor Plant Central Stores, Hosur",50.88,9.16,1550.00,0.00,INR,Issued,Approved,12,2025-11-16,Generated purchase order from approved PR.
2336,PO-2025-2336,2186,6,4,2025-11-19,2025-12-01,45 Days,Door delivery to factory stores,"EV Motor Plant, Accounts Payable, Hosur","EV Motor Plant Central Stores, Hosur",19530.00,3515.40,1625.00,0.00,INR,Issued,Approved,13,2025-11-19,Generated purchase order from approved PR.
2337,PO-2025-2337,2187,7,5,2025-11-19,2025-12-08,60 Days,Door delivery to factory stores,"EV Motor Plant, Accounts Payable, Hosur","EV Motor Plant Central Stores, Hosur",548.10,98.66,1700.00,0.00,INR,Issued,Approved,1,2025-11-19,Generated purchase order from approved PR.
2338,PO-2025-2338,2188,8,5,2025-11-16,2025-11-29,30 Days,Door delivery to factory stores,"EV Motor Plant, Accounts Payable, Hosur","EV Motor Plant Central Stores, Hosur",73109.40,13159.69,1775.00,0.00,INR,Issued,Approved,3,2025-11-16,Generated purchase order from approved PR.
2339,PO-2025-2339,2189,9,6,2025-11-17,2025-11-23,45 Days,Door delivery to factory stores,"EV Motor Plant, Accounts Payable, Hosur","EV Motor Plant Central Stores, Hosur",883.87,159.10,1850.00,0.00,INR,Issued,Approved,4,2025-11-17,Generated purchase order from approved PR.
2340,PO-2025-2340,2190,10,6,2025-11-17,2025-11-30,60 Days,Door delivery to factory stores,"EV Motor Plant, Accounts Payable, Hosur","EV Motor Plant Central Stores, Hosur",9158.40,1648.51,1925.00,0.00,INR,Issued,Approved,5,2025-11-17,Generated purchase order from approved PR.
2341,PO-2025-2341,2191,11,1,2025-11-20,2025-12-04,30 Days,Door delivery to factory stores,"EV Motor Plant, Accounts Payable, Hosur","EV Motor Plant Central Stores, Hosur",2175.00,391.50,500.00,0.00,INR,Issued,Approved,6,2025-11-20,Generated purchase order from approved PR.
2342,PO-2025-2342,2192,12,2,2025-11-22,2025-12-05,45 Days,Door delivery to factory stores,"EV Motor Plant, Accounts Payable, Hosur","EV Motor Plant Central Stores, Hosur",210308.00,37855.44,575.00,0.00,INR,Issued,Approved,7,2025-11-22,Generated purchase order from approved PR.
2343,PO-2025-2343,2193,13,2,2025-11-21,2025-12-11,60 Days,Door delivery to factory stores,"EV Motor Plant, Accounts Payable, Hosur","EV Motor Plant Central Stores, Hosur",1313.25,236.39,650.00,0.00,INR,Issued,Approved,8,2025-11-21,Generated purchase order from approved PR.
2344,PO-2025-2344,2194,14,1,2025-11-22,2025-12-14,30 Days,Door delivery to factory stores,"EV Motor Plant, Accounts Payable, Hosur","EV Motor Plant Central Stores, Hosur",22029.84,3965.37,725.00,0.00,INR,Issued,Approved,9,2025-11-22,Generated purchase order from approved PR.
2345,PO-2025-2345,2195,15,3,2025-11-20,2025-12-09,45 Days,Door delivery to factory stores,"EV Motor Plant, Accounts Payable, Hosur","EV Motor Plant Central Stores, Hosur",1246.56,224.38,800.00,0.00,INR,Issued,Approved,10,2025-11-20,Generated purchase order from approved PR.
2346,PO-2025-2346,2196,16,3,2025-11-23,2025-12-09,60 Days,Door delivery to factory stores,"EV Motor Plant, Accounts Payable, Hosur","EV Motor Plant Central Stores, Hosur",22400.00,4032.00,875.00,0.00,INR,Issued,Approved,11,2025-11-23,Generated purchase order from approved PR.
2347,PO-2025-2347,2197,17,4,2025-11-19,2025-12-04,30 Days,Door delivery to factory stores,"EV Motor Plant, Accounts Payable, Hosur","EV Motor Plant Central Stores, Hosur",1046.48,188.37,950.00,0.00,INR,Issued,Approved,12,2025-11-19,Generated purchase order from approved PR.
2348,PO-2025-2348,2198,18,4,2025-11-25,2025-12-12,45 Days,Door delivery to factory stores,"EV Motor Plant, Accounts Payable, Hosur","EV Motor Plant Central Stores, Hosur",11124.00,2002.32,1025.00,0.00,INR,Issued,Approved,13,2025-11-25,Generated purchase order from approved PR.
2349,PO-2025-2349,2199,19,5,2025-11-19,2025-11-29,60 Days,Door delivery to factory stores,"EV Motor Plant, Accounts Payable, Hosur","EV Motor Plant Central Stores, Hosur",251.16,45.21,1100.00,0.00,INR,Issued,Approved,1,2025-11-19,Generated purchase order from approved PR.
2350,PO-2025-2350,2200,20,5,2025-11-23,2025-12-13,30 Days,Door delivery to factory stores,"EV Motor Plant, Accounts Payable, Hosur","EV Motor Plant Central Stores, Hosur",715.50,128.79,1175.00,0.00,INR,Issued,Approved,3,2025-11-23,Generated purchase order from approved PR.
2351,PO-2025-2351,2201,21,6,2025-11-23,2025-12-14,45 Days,Door delivery to factory stores,"EV Motor Plant, Accounts Payable, Hosur","EV Motor Plant Central Stores, Hosur",820.00,147.60,1250.00,0.00,INR,Issued,Approved,4,2025-11-23,Generated purchase order from approved PR.
2352,PO-2025-2352,2202,22,6,2025-11-25,2025-12-05,60 Days,Door delivery to factory stores,"EV Motor Plant, Accounts Payable, Hosur","EV Motor Plant Central Stores, Hosur",15742.65,2833.68,1325.00,0.00,INR,Issued,Approved,5,2025-11-25,Generated purchase order from approved PR.
2353,PO-2025-2353,2203,23,1,2025-11-22,2025-12-14,30 Days,Door delivery to factory stores,"EV Motor Plant, Accounts Payable, Hosur","EV Motor Plant Central Stores, Hosur",147.56,26.56,1400.00,0.00,INR,Issued,Approved,6,2025-11-22,Generated purchase order from approved PR.
2354,PO-2025-2354,2204,24,2,2025-11-25,2025-12-16,45 Days,Door delivery to factory stores,"EV Motor Plant, Accounts Payable, Hosur","EV Motor Plant Central Stores, Hosur",486.70,87.61,1475.00,0.00,INR,Issued,Approved,7,2025-11-25,Generated purchase order from approved PR.
2355,PO-2025-2355,2205,25,2,2025-11-28,2025-12-11,60 Days,Door delivery to factory stores,"EV Motor Plant, Accounts Payable, Hosur","EV Motor Plant Central Stores, Hosur",398.56,71.74,1550.00,0.00,INR,Issued,Approved,8,2025-11-28,Generated purchase order from approved PR.
2356,PO-2025-2356,2206,26,1,2025-11-22,2025-12-14,30 Days,Door delivery to factory stores,"EV Motor Plant, Accounts Payable, Hosur","EV Motor Plant Central Stores, Hosur",1464.00,263.52,1625.00,0.00,INR,Issued,Approved,9,2025-11-22,Generated purchase order from approved PR.
2357,PO-2025-2357,2207,27,3,2025-11-26,2025-12-03,45 Days,Door delivery to factory stores,"EV Motor Plant, Accounts Payable, Hosur","EV Motor Plant Central Stores, Hosur",1355.47,243.98,1700.00,0.00,INR,Issued,Approved,10,2025-11-26,Generated purchase order from approved PR.
2358,PO-2025-2358,2208,28,3,2025-11-26,2025-12-01,60 Days,Door delivery to factory stores,"EV Motor Plant, Accounts Payable, Hosur","EV Motor Plant Central Stores, Hosur",1075.32,193.56,1775.00,0.00,INR,Issued,Approved,11,2025-11-26,Generated purchase order from approved PR.
2359,PO-2025-2359,2209,29,4,2025-11-25,2025-12-06,30 Days,Door delivery to factory stores,"EV Motor Plant, Accounts Payable, Hosur","EV Motor Plant Central Stores, Hosur",1722.16,309.99,1850.00,0.00,INR,Issued,Approved,12,2025-11-25,Generated purchase order from approved PR.
2360,PO-2025-2360,2210,30,4,2025-11-26,2025-12-11,45 Days,Door delivery to factory stores,"EV Motor Plant, Accounts Payable, Hosur","EV Motor Plant Central Stores, Hosur",42.40,7.63,1925.00,0.00,INR,Issued,Approved,13,2025-11-26,Generated purchase order from approved PR.
2361,PO-2025-2361,2211,31,5,2025-11-28,2025-12-09,60 Days,Door delivery to factory stores,"EV Motor Plant, Accounts Payable, Hosur","EV Motor Plant Central Stores, Hosur",13623.60,2452.25,500.00,0.00,INR,Issued,Approved,1,2025-11-28,Generated purchase order from approved PR.
2362,PO-2025-2362,2212,32,5,2025-11-28,2025-12-20,30 Days,Door delivery to factory stores,"EV Motor Plant, Accounts Payable, Hosur","EV Motor Plant Central Stores, Hosur",8223.12,1480.16,575.00,0.00,INR,Issued,Approved,3,2025-11-28,Generated purchase order from approved PR.
2363,PO-2025-2363,2213,33,6,2025-11-28,2025-12-07,45 Days,Door delivery to factory stores,"EV Motor Plant, Accounts Payable, Hosur","EV Motor Plant Central Stores, Hosur",10024.16,1804.35,650.00,0.00,INR,Issued,Approved,4,2025-11-28,Generated purchase order from approved PR.
2364,PO-2025-2364,2214,34,6,2025-11-29,2025-12-09,60 Days,Door delivery to factory stores,"EV Motor Plant, Accounts Payable, Hosur","EV Motor Plant Central Stores, Hosur",1570.00,282.60,725.00,0.00,INR,Issued,Approved,5,2025-11-29,Generated purchase order from approved PR.
2365,PO-2025-2365,2215,35,1,2025-11-28,2025-12-15,30 Days,Door delivery to factory stores,"EV Motor Plant, Accounts Payable, Hosur","EV Motor Plant Central Stores, Hosur",27809.60,5005.73,800.00,0.00,INR,Issued,Approved,6,2025-11-28,Generated purchase order from approved PR.
2366,PO-2025-2366,2216,1,2,2025-11-27,2025-12-02,45 Days,Door delivery to factory stores,"EV Motor Plant, Accounts Payable, Hosur","EV Motor Plant Central Stores, Hosur",1932.00,347.76,875.00,0.00,INR,Issued,Approved,7,2025-11-27,Generated purchase order from approved PR.
2367,PO-2025-2367,2217,2,2,2025-11-30,2025-12-18,60 Days,Door delivery to factory stores,"EV Motor Plant, Accounts Payable, Hosur","EV Motor Plant Central Stores, Hosur",21454.47,3861.80,950.00,0.00,INR,Issued,Approved,8,2025-11-30,Generated purchase order from approved PR.
2368,PO-2025-2368,2218,3,1,2025-11-26,2025-12-08,30 Days,Door delivery to factory stores,"EV Motor Plant, Accounts Payable, Hosur","EV Motor Plant Central Stores, Hosur",278.64,50.16,1025.00,0.00,INR,Issued,Approved,9,2025-11-26,Generated purchase order from approved PR.
2369,PO-2025-2369,2219,4,3,2025-11-27,2025-12-20,45 Days,Door delivery to factory stores,"EV Motor Plant, Accounts Payable, Hosur","EV Motor Plant Central Stores, Hosur",1391.94,250.55,1100.00,0.00,INR,Issued,Approved,10,2025-11-27,Generated purchase order from approved PR.
2370,PO-2025-2370,2220,5,3,2025-12-02,2025-12-20,60 Days,Door delivery to factory stores,"EV Motor Plant, Accounts Payable, Hosur","EV Motor Plant Central Stores, Hosur",131.75,23.72,1175.00,0.00,INR,Issued,Approved,11,2025-12-02,Generated purchase order from approved PR.
2371,PO-2025-2371,2221,6,4,2025-11-29,2025-12-04,30 Days,Door delivery to factory stores,"EV Motor Plant, Accounts Payable, Hosur","EV Motor Plant Central Stores, Hosur",360.00,64.80,1250.00,0.00,INR,Issued,Approved,12,2025-11-29,Generated purchase order from approved PR.
2372,PO-2025-2372,2222,7,4,2025-11-27,2025-12-03,45 Days,Door delivery to factory stores,"EV Motor Plant, Accounts Payable, Hosur","EV Motor Plant Central Stores, Hosur",568.96,102.41,1325.00,0.00,INR,Issued,Approved,13,2025-11-27,Generated purchase order from approved PR.
2373,PO-2025-2373,2223,8,5,2025-12-01,2025-12-07,60 Days,Door delivery to factory stores,"EV Motor Plant, Accounts Payable, Hosur","EV Motor Plant Central Stores, Hosur",454.23,81.76,1400.00,0.00,INR,Issued,Approved,1,2025-12-01,Generated purchase order from approved PR.
2374,PO-2025-2374,2224,9,5,2025-12-01,2025-12-24,30 Days,Door delivery to factory stores,"EV Motor Plant, Accounts Payable, Hosur","EV Motor Plant Central Stores, Hosur",175.00,31.50,1475.00,0.00,INR,Issued,Approved,3,2025-12-01,Generated purchase order from approved PR.
2375,PO-2025-2375,2225,10,6,2025-11-29,2025-12-16,45 Days,Door delivery to factory stores,"EV Motor Plant, Accounts Payable, Hosur","EV Motor Plant Central Stores, Hosur",82.68,14.88,1550.00,0.00,INR,Issued,Approved,4,2025-11-29,Generated purchase order from approved PR.
2376,PO-2025-2376,2226,11,6,2025-12-03,2025-12-16,60 Days,Door delivery to factory stores,"EV Motor Plant, Accounts Payable, Hosur","EV Motor Plant Central Stores, Hosur",744.00,133.92,1625.00,0.00,INR,Issued,Approved,5,2025-12-03,Generated purchase order from approved PR.
2377,PO-2025-2377,2227,12,1,2025-11-30,2025-12-08,30 Days,Door delivery to factory stores,"EV Motor Plant, Accounts Payable, Hosur","EV Motor Plant Central Stores, Hosur",424.27,76.37,1700.00,0.00,INR,Issued,Approved,6,2025-11-30,Generated purchase order from approved PR.
2378,PO-2025-2378,2228,13,2,2025-11-30,2025-12-21,45 Days,Door delivery to factory stores,"EV Motor Plant, Accounts Payable, Hosur","EV Motor Plant Central Stores, Hosur",5036.70,906.61,1775.00,0.00,INR,Issued,Approved,7,2025-11-30,Generated purchase order from approved PR.
2379,PO-2025-2379,2229,14,2,2025-12-02,2025-12-10,60 Days,Door delivery to factory stores,"EV Motor Plant, Accounts Payable, Hosur","EV Motor Plant Central Stores, Hosur",451.44,81.26,1850.00,0.00,INR,Issued,Approved,8,2025-12-02,Generated purchase order from approved PR.
2380,PO-2025-2380,2230,15,1,2025-12-01,2025-12-19,30 Days,Door delivery to factory stores,"EV Motor Plant, Accounts Payable, Hosur","EV Motor Plant Central Stores, Hosur",784.40,141.19,1925.00,0.00,INR,Issued,Approved,9,2025-12-01,Generated purchase order from approved PR.
2381,PO-2025-2381,2231,16,3,2025-11-28,2025-12-17,45 Days,Door delivery to factory stores,"EV Motor Plant, Accounts Payable, Hosur","EV Motor Plant Central Stores, Hosur",784000.00,141120.00,500.00,0.00,INR,Issued,Approved,10,2025-11-28,Generated purchase order from approved PR.
2382,PO-2025-2382,2232,17,3,2025-11-29,2025-12-09,60 Days,Door delivery to factory stores,"EV Motor Plant, Accounts Payable, Hosur","EV Motor Plant Central Stores, Hosur",15232.92,2741.93,575.00,0.00,INR,Issued,Approved,11,2025-11-29,Generated purchase order from approved PR.
2383,PO-2025-2383,2233,18,4,2025-12-01,2025-12-15,30 Days,Door delivery to factory stores,"EV Motor Plant, Accounts Payable, Hosur","EV Motor Plant Central Stores, Hosur",531480.00,95666.40,650.00,0.00,INR,Issued,Approved,12,2025-12-01,Generated purchase order from approved PR.
2384,PO-2025-2384,2234,19,4,2025-12-05,2025-12-14,45 Days,Door delivery to factory stores,"EV Motor Plant, Accounts Payable, Hosur","EV Motor Plant Central Stores, Hosur",1360.80,244.94,725.00,0.00,INR,Issued,Approved,13,2025-12-05,Generated purchase order from approved PR.
2385,PO-2025-2385,2235,20,5,2025-11-30,2025-12-12,60 Days,Door delivery to factory stores,"EV Motor Plant, Accounts Payable, Hosur","EV Motor Plant Central Stores, Hosur",1415100.00,254718.00,800.00,0.00,INR,Issued,Approved,1,2025-11-30,Generated purchase order from approved PR.
2386,PO-2025-2386,2236,21,5,2025-12-05,2025-12-28,30 Days,Door delivery to factory stores,"EV Motor Plant, Accounts Payable, Hosur","EV Motor Plant Central Stores, Hosur",49717.80,8949.20,875.00,0.00,INR,Issued,Approved,3,2025-12-05,Generated purchase order from approved PR.
2387,PO-2025-2387,2237,22,6,2025-12-02,2025-12-20,45 Days,Door delivery to factory stores,"EV Motor Plant, Accounts Payable, Hosur","EV Motor Plant Central Stores, Hosur",43848.00,7892.64,950.00,0.00,INR,Issued,Approved,4,2025-12-02,Generated purchase order from approved PR.
2388,PO-2025-2388,2238,23,6,2025-12-06,2025-12-27,60 Days,Door delivery to factory stores,"EV Motor Plant, Accounts Payable, Hosur","EV Motor Plant Central Stores, Hosur",10496.00,1889.28,1025.00,0.00,INR,Issued,Approved,5,2025-12-06,Generated purchase order from approved PR.
2389,PO-2025-2389,2239,24,1,2025-12-04,2025-12-19,30 Days,Door delivery to factory stores,"EV Motor Plant, Accounts Payable, Hosur","EV Motor Plant Central Stores, Hosur",99222.75,17860.10,1100.00,0.00,INR,Issued,Approved,6,2025-12-04,Generated purchase order from approved PR.
2390,PO-2025-2390,2240,25,2,2025-12-06,2025-12-15,45 Days,Door delivery to factory stores,"EV Motor Plant, Accounts Payable, Hosur","EV Motor Plant Central Stores, Hosur",1621.80,291.92,1175.00,0.00,INR,Issued,Approved,7,2025-12-06,Generated purchase order from approved PR.
2391,PO-2025-2391,2241,26,2,2025-12-02,2025-12-20,60 Days,Door delivery to factory stores,"EV Motor Plant, Accounts Payable, Hosur","EV Motor Plant Central Stores, Hosur",428400.00,77112.00,1250.00,0.00,INR,Issued,Approved,8,2025-12-02,Generated purchase order from approved PR.
2392,PO-2025-2392,2242,27,1,2025-11-30,2025-12-14,30 Days,Door delivery to factory stores,"EV Motor Plant, Accounts Payable, Hosur","EV Motor Plant Central Stores, Hosur",158.34,28.50,1325.00,0.00,INR,Issued,Approved,9,2025-11-30,Generated purchase order from approved PR.
2393,PO-2025-2393,2243,28,3,2025-12-05,2025-12-13,45 Days,Door delivery to factory stores,"EV Motor Plant, Accounts Payable, Hosur","EV Motor Plant Central Stores, Hosur",42374.20,7627.36,1400.00,0.00,INR,Issued,Approved,10,2025-12-05,Generated purchase order from approved PR.
2394,PO-2025-2394,2244,29,3,2025-12-06,2025-12-18,60 Days,Door delivery to factory stores,"EV Motor Plant, Accounts Payable, Hosur","EV Motor Plant Central Stores, Hosur",505.54,91.00,1475.00,0.00,INR,Issued,Approved,11,2025-12-06,Generated purchase order from approved PR.
2395,PO-2025-2395,2245,30,4,2025-12-07,2025-12-24,30 Days,Door delivery to factory stores,"EV Motor Plant, Accounts Payable, Hosur","EV Motor Plant Central Stores, Hosur",19292.00,3472.56,1550.00,0.00,INR,Issued,Approved,12,2025-12-07,Generated purchase order from approved PR.
2396,PO-2025-2396,2246,31,4,2025-12-03,2025-12-21,45 Days,Door delivery to factory stores,"EV Motor Plant, Accounts Payable, Hosur","EV Motor Plant Central Stores, Hosur",651.00,117.18,1625.00,0.00,INR,Issued,Approved,13,2025-12-03,Generated purchase order from approved PR.
2397,PO-2025-2397,2247,32,5,2025-12-02,2025-12-11,60 Days,Door delivery to factory stores,"EV Motor Plant, Accounts Payable, Hosur","EV Motor Plant Central Stores, Hosur",1155882.00,208058.76,1700.00,0.00,INR,Issued,Approved,1,2025-12-02,Generated purchase order from approved PR.
2398,PO-2025-2398,2248,33,5,2025-12-08,2025-12-29,30 Days,Door delivery to factory stores,"EV Motor Plant, Accounts Payable, Hosur","EV Motor Plant Central Stores, Hosur",30.90,5.56,1775.00,0.00,INR,Issued,Approved,3,2025-12-08,Generated purchase order from approved PR.
2399,PO-2025-2399,2249,34,6,2025-12-03,2025-12-15,45 Days,Door delivery to factory stores,"EV Motor Plant, Accounts Payable, Hosur","EV Motor Plant Central Stores, Hosur",65364.75,11765.66,1850.00,0.00,INR,Issued,Approved,4,2025-12-03,Generated purchase order from approved PR.
2400,PO-2025-2400,2250,35,6,2025-12-03,2025-12-13,60 Days,Door delivery to factory stores,"EV Motor Plant, Accounts Payable, Hosur","EV Motor Plant Central Stores, Hosur",169.60,30.53,1925.00,0.00,INR,Issued,Approved,5,2025-12-03,Generated purchase order from approved PR.
2401,PO-2025-2401,2251,1,1,2025-12-09,2025-12-17,30 Days,Door delivery to factory stores,"EV Motor Plant, Accounts Payable, Hosur","EV Motor Plant Central Stores, Hosur",13200.00,2376.00,500.00,0.00,INR,Issued,Approved,6,2025-12-09,Generated purchase order from approved PR.
2402,PO-2025-2402,2252,2,2,2025-12-08,2025-12-28,45 Days,Door delivery to factory stores,"EV Motor Plant, Accounts Payable, Hosur","EV Motor Plant Central Stores, Hosur",329672.00,59340.96,575.00,0.00,INR,Issued,Approved,7,2025-12-08,Generated purchase order from approved PR.
2403,PO-2025-2403,2253,3,2,2025-12-10,2025-12-21,60 Days,Door delivery to factory stores,"EV Motor Plant, Accounts Payable, Hosur","EV Motor Plant Central Stores, Hosur",16995.00,3059.10,650.00,0.00,INR,Issued,Approved,8,2025-12-10,Generated purchase order from approved PR.
2404,PO-2025-2404,2254,4,1,2025-12-08,2025-12-22,30 Days,Door delivery to factory stores,"EV Motor Plant, Accounts Payable, Hosur","EV Motor Plant Central Stores, Hosur",402534.00,72456.12,725.00,0.00,INR,Issued,Approved,9,2025-12-08,Generated purchase order from approved PR.
2405,PO-2025-2405,2255,5,3,2025-12-04,2025-12-13,45 Days,Door delivery to factory stores,"EV Motor Plant, Accounts Payable, Hosur","EV Motor Plant Central Stores, Hosur",3036.90,546.64,800.00,0.00,INR,Issued,Approved,10,2025-12-04,Generated purchase order from approved PR.
2406,PO-2025-2406,2256,6,3,2025-12-09,2025-12-27,60 Days,Door delivery to factory stores,"EV Motor Plant, Accounts Payable, Hosur","EV Motor Plant Central Stores, Hosur",2325000.00,418500.00,875.00,0.00,INR,Issued,Approved,11,2025-12-09,Generated purchase order from approved PR.
2407,PO-2025-2407,2257,7,4,2025-12-08,2025-12-27,30 Days,Door delivery to factory stores,"EV Motor Plant, Accounts Payable, Hosur","EV Motor Plant Central Stores, Hosur",6922.30,1246.01,950.00,0.00,INR,Issued,Approved,12,2025-12-08,Generated purchase order from approved PR.
2408,PO-2025-2408,2258,8,4,2025-12-09,2025-12-20,45 Days,Door delivery to factory stores,"EV Motor Plant, Accounts Payable, Hosur","EV Motor Plant Central Stores, Hosur",27686.40,4983.55,1025.00,0.00,INR,Issued,Approved,13,2025-12-09,Generated purchase order from approved PR.
2409,PO-2025-2409,2259,9,5,2025-12-07,2025-12-29,60 Days,Door delivery to factory stores,"EV Motor Plant, Accounts Payable, Hosur","EV Motor Plant Central Stores, Hosur",27588.00,4965.84,1100.00,0.00,INR,Issued,Approved,1,2025-12-07,Generated purchase order from approved PR.
2410,PO-2025-2410,2260,10,5,2025-12-11,2025-12-16,30 Days,Door delivery to factory stores,"EV Motor Plant, Accounts Payable, Hosur","EV Motor Plant Central Stores, Hosur",42453.00,7641.54,1175.00,0.00,INR,Issued,Approved,3,2025-12-11,Generated purchase order from approved PR.
2411,PO-2025-2411,2261,11,6,2025-12-11,2025-12-18,45 Days,Door delivery to factory stores,"EV Motor Plant, Accounts Payable, Hosur","EV Motor Plant Central Stores, Hosur",9205.00,1656.90,1250.00,0.00,INR,Issued,Approved,4,2025-12-11,Generated purchase order from approved PR.
2412,PO-2025-2412,2262,12,6,2025-12-12,2025-12-28,60 Days,Door delivery to factory stores,"EV Motor Plant, Accounts Payable, Hosur","EV Motor Plant Central Stores, Hosur",352611.00,63469.98,1325.00,0.00,INR,Issued,Approved,5,2025-12-12,Generated purchase order from approved PR.
2413,PO-2025-2413,2263,13,1,2025-12-10,2025-12-28,30 Days,Door delivery to factory stores,"EV Motor Plant, Accounts Payable, Hosur","EV Motor Plant Central Stores, Hosur",10197.00,1835.46,1400.00,0.00,INR,Issued,Approved,6,2025-12-10,Generated purchase order from approved PR.
2414,PO-2025-2414,2264,14,2,2025-12-10,2025-12-19,45 Days,Door delivery to factory stores,"EV Motor Plant, Accounts Payable, Hosur","EV Motor Plant Central Stores, Hosur",42991.30,7738.43,1475.00,0.00,INR,Issued,Approved,7,2025-12-10,Generated purchase order from approved PR.
2415,PO-2025-2415,2265,15,2,2025-12-11,2025-12-26,60 Days,Door delivery to factory stores,"EV Motor Plant, Accounts Payable, Hosur","EV Motor Plant Central Stores, Hosur",22323.60,4018.25,1550.00,0.00,INR,Issued,Approved,8,2025-12-11,Generated purchase order from approved PR.
2416,PO-2025-2416,2266,16,1,2025-12-09,2025-12-20,30 Days,Door delivery to factory stores,"EV Motor Plant, Accounts Payable, Hosur","EV Motor Plant Central Stores, Hosur",84500.00,15210.00,1625.00,0.00,INR,Issued,Approved,9,2025-12-09,Generated purchase order from approved PR.
2417,PO-2025-2417,2267,17,3,2025-12-07,2025-12-22,45 Days,Door delivery to factory stores,"EV Motor Plant, Accounts Payable, Hosur","EV Motor Plant Central Stores, Hosur",1632.12,293.78,1700.00,0.00,INR,Issued,Approved,10,2025-12-07,Generated purchase order from approved PR.
2418,PO-2025-2418,2268,18,3,2025-12-10,2025-12-27,60 Days,Door delivery to factory stores,"EV Motor Plant, Accounts Payable, Hosur","EV Motor Plant Central Stores, Hosur",235664.00,42419.52,1775.00,0.00,INR,Issued,Approved,11,2025-12-10,Generated purchase order from approved PR.
2419,PO-2025-2419,2269,19,4,2025-12-10,2026-01-02,30 Days,Door delivery to factory stores,"EV Motor Plant, Accounts Payable, Hosur","EV Motor Plant Central Stores, Hosur",21945.00,3950.10,1850.00,0.00,INR,Issued,Approved,12,2025-12-10,Generated purchase order from approved PR.
2420,PO-2025-2420,2270,20,4,2025-12-12,2025-12-25,45 Days,Door delivery to factory stores,"EV Motor Plant, Accounts Payable, Hosur","EV Motor Plant Central Stores, Hosur",44361.00,7984.98,1925.00,0.00,INR,Issued,Approved,13,2025-12-12,Generated purchase order from approved PR.
2421,PO-2025-2421,2271,21,5,2025-12-13,2025-12-30,60 Days,Door delivery to factory stores,"EV Motor Plant, Accounts Payable, Hosur","EV Motor Plant Central Stores, Hosur",137600.00,24768.00,500.00,0.00,INR,Issued,Approved,1,2025-12-13,Generated purchase order from approved PR.
2422,PO-2025-2422,2272,22,5,2025-12-13,2025-12-28,30 Days,Door delivery to factory stores,"EV Motor Plant, Accounts Payable, Hosur","EV Motor Plant Central Stores, Hosur",23751.00,4275.18,575.00,0.00,INR,Issued,Approved,3,2025-12-13,Generated purchase order from approved PR.
2423,PO-2025-2423,2273,23,6,2025-12-15,2025-12-26,45 Days,Door delivery to factory stores,"EV Motor Plant, Accounts Payable, Hosur","EV Motor Plant Central Stores, Hosur",2719.20,489.46,650.00,0.00,INR,Issued,Approved,4,2025-12-15,Generated purchase order from approved PR.
2424,PO-2025-2424,2274,24,6,2025-12-12,2025-12-21,60 Days,Door delivery to factory stores,"EV Motor Plant, Accounts Payable, Hosur","EV Motor Plant Central Stores, Hosur",16322.90,2938.12,725.00,0.00,INR,Issued,Approved,5,2025-12-12,Generated purchase order from approved PR.
2425,PO-2025-2425,2275,25,1,2025-12-13,2026-01-05,30 Days,Door delivery to factory stores,"EV Motor Plant, Accounts Payable, Hosur","EV Motor Plant Central Stores, Hosur",162975.00,29335.50,800.00,0.00,INR,Issued,Approved,6,2025-12-13,Generated purchase order from approved PR.
2426,PO-2025-2426,2276,26,2,2025-12-14,2025-12-22,45 Days,Door delivery to factory stores,"EV Motor Plant, Accounts Payable, Hosur","EV Motor Plant Central Stores, Hosur",2520.00,453.60,875.00,0.00,INR,Issued,Approved,7,2025-12-14,Generated purchase order from approved PR.
2427,PO-2025-2427,2277,27,2,2025-12-16,2026-01-05,60 Days,Door delivery to factory stores,"EV Motor Plant, Accounts Payable, Hosur","EV Motor Plant Central Stores, Hosur",25070.50,4512.69,950.00,0.00,INR,Issued,Approved,8,2025-12-16,Generated purchase order from approved PR.
2428,PO-2025-2428,2278,28,1,2025-12-13,2025-12-20,30 Days,Door delivery to factory stores,"EV Motor Plant, Accounts Payable, Hosur","EV Motor Plant Central Stores, Hosur",23679.70,4262.35,1025.00,0.00,INR,Issued,Approved,9,2025-12-13,Generated purchase order from approved PR.
2429,PO-2025-2429,2279,29,3,2025-12-12,2026-01-01,45 Days,Door delivery to factory stores,"EV Motor Plant, Accounts Payable, Hosur","EV Motor Plant Central Stores, Hosur",5852.00,1053.36,1100.00,0.00,INR,Issued,Approved,10,2025-12-12,Generated purchase order from approved PR.
2430,PO-2025-2430,2280,30,3,2025-12-15,2025-12-23,60 Days,Door delivery to factory stores,"EV Motor Plant, Accounts Payable, Hosur","EV Motor Plant Central Stores, Hosur",57833.60,10410.05,1175.00,0.00,INR,Issued,Approved,11,2025-12-15,Generated purchase order from approved PR.
2431,PO-2025-2431,2281,31,4,2025-12-12,2026-01-04,30 Days,Door delivery to factory stores,"EV Motor Plant, Accounts Payable, Hosur","EV Motor Plant Central Stores, Hosur",96.00,17.28,1250.00,0.00,INR,Issued,Approved,12,2025-12-12,Generated purchase order from approved PR.
2432,PO-2025-2432,2282,32,4,2025-12-15,2026-01-02,45 Days,Door delivery to factory stores,"EV Motor Plant, Accounts Payable, Hosur","EV Motor Plant Central Stores, Hosur",6501.99,1170.36,1325.00,0.00,INR,Issued,Approved,13,2025-12-15,Generated purchase order from approved PR.
2433,PO-2025-2433,2283,33,5,2025-12-14,2025-12-20,60 Days,Door delivery to factory stores,"EV Motor Plant, Accounts Payable, Hosur","EV Motor Plant Central Stores, Hosur",535.60,96.41,1400.00,0.00,INR,Issued,Approved,1,2025-12-14,Generated purchase order from approved PR.
2434,PO-2025-2434,2284,34,5,2025-12-14,2026-01-01,30 Days,Door delivery to factory stores,"EV Motor Plant, Accounts Payable, Hosur","EV Motor Plant Central Stores, Hosur",6270.00,1128.60,1475.00,0.00,INR,Issued,Approved,3,2025-12-14,Generated purchase order from approved PR.
2435,PO-2025-2435,2285,35,6,2025-12-14,2025-12-30,45 Days,Door delivery to factory stores,"EV Motor Plant, Accounts Payable, Hosur","EV Motor Plant Central Stores, Hosur",2448.60,440.75,1550.00,0.00,INR,Issued,Approved,4,2025-12-14,Generated purchase order from approved PR.
2436,PO-2025-2436,2286,1,6,2025-12-15,2025-12-26,60 Days,Door delivery to factory stores,"EV Motor Plant, Accounts Payable, Hosur","EV Motor Plant Central Stores, Hosur",39240.00,7063.20,1625.00,0.00,INR,Issued,Approved,5,2025-12-15,Generated purchase order from approved PR.
2437,PO-2025-2437,2287,2,1,2025-12-14,2025-12-23,30 Days,Door delivery to factory stores,"EV Motor Plant, Accounts Payable, Hosur","EV Motor Plant Central Stores, Hosur",609.00,109.62,1700.00,0.00,INR,Issued,Approved,6,2025-12-14,Generated purchase order from approved PR.
2438,PO-2025-2438,2288,3,2,2025-12-14,2026-01-01,45 Days,Door delivery to factory stores,"EV Motor Plant, Accounts Payable, Hosur","EV Motor Plant Central Stores, Hosur",1829.28,329.27,1775.00,0.00,INR,Issued,Approved,7,2025-12-14,Generated purchase order from approved PR.
2439,PO-2025-2439,2289,4,2,2025-12-15,2026-01-03,60 Days,Door delivery to factory stores,"EV Motor Plant, Accounts Payable, Hosur","EV Motor Plant Central Stores, Hosur",7354.71,1323.85,1850.00,0.00,INR,Issued,Approved,8,2025-12-15,Generated purchase order from approved PR.
2440,PO-2025-2440,2290,5,1,2025-12-16,2025-12-27,30 Days,Door delivery to factory stores,"EV Motor Plant, Accounts Payable, Hosur","EV Motor Plant Central Stores, Hosur",9921.60,1785.89,1925.00,0.00,INR,Issued,Approved,9,2025-12-16,Generated purchase order from approved PR.
2441,PO-2025-2441,2291,6,3,2025-12-20,2026-01-10,45 Days,Door delivery to factory stores,"EV Motor Plant, Accounts Payable, Hosur","EV Motor Plant Central Stores, Hosur",11475.00,2065.50,500.00,0.00,INR,Issued,Approved,10,2025-12-20,Generated purchase order from approved PR.
2442,PO-2025-2442,2292,7,3,2025-12-17,2025-12-27,60 Days,Door delivery to factory stores,"EV Motor Plant, Accounts Payable, Hosur","EV Motor Plant Central Stores, Hosur",71456.00,12862.08,575.00,0.00,INR,Issued,Approved,11,2025-12-17,Generated purchase order from approved PR.
2443,PO-2025-2443,2293,8,4,2025-12-21,2025-12-27,30 Days,Door delivery to factory stores,"EV Motor Plant, Accounts Payable, Hosur","EV Motor Plant Central Stores, Hosur",2240.25,403.25,650.00,0.00,INR,Issued,Approved,12,2025-12-21,Generated purchase order from approved PR.
2444,PO-2025-2444,2294,9,4,2025-12-19,2026-01-04,45 Days,Door delivery to factory stores,"EV Motor Plant, Accounts Payable, Hosur","EV Motor Plant Central Stores, Hosur",41841.80,7531.52,725.00,0.00,INR,Issued,Approved,13,2025-12-19,Generated purchase order from approved PR.
2445,PO-2025-2445,2295,10,5,2025-12-20,2025-12-27,60 Days,Door delivery to factory stores,"EV Motor Plant, Accounts Payable, Hosur","EV Motor Plant Central Stores, Hosur",165.36,29.76,800.00,0.00,INR,Issued,Approved,1,2025-12-20,Generated purchase order from approved PR.
2446,PO-2025-2446,2296,11,5,2025-12-16,2025-12-26,30 Days,Door delivery to factory stores,"EV Motor Plant, Accounts Payable, Hosur","EV Motor Plant Central Stores, Hosur",141750.00,25515.00,875.00,0.00,INR,Issued,Approved,3,2025-12-16,Generated purchase order from approved PR.
2447,PO-2025-2447,2297,12,6,2025-12-16,2025-12-30,45 Days,Door delivery to factory stores,"EV Motor Plant, Accounts Payable, Hosur","EV Motor Plant Central Stores, Hosur",913.50,164.43,950.00,0.00,INR,Issued,Approved,4,2025-12-16,Generated purchase order from approved PR.
2448,PO-2025-2448,2298,13,6,2025-12-23,2026-01-02,60 Days,Door delivery to factory stores,"EV Motor Plant, Accounts Payable, Hosur","EV Motor Plant Central Stores, Hosur",53817.50,9687.15,1025.00,0.00,INR,Issued,Approved,5,2025-12-23,Generated purchase order from approved PR.
2449,PO-2025-2449,2299,14,1,2025-12-20,2025-12-29,30 Days,Door delivery to factory stores,"EV Motor Plant, Accounts Payable, Hosur","EV Motor Plant Central Stores, Hosur",63.75,11.48,1100.00,0.00,INR,Issued,Approved,6,2025-12-20,Generated purchase order from approved PR.
2450,PO-2025-2450,2300,15,2,2025-12-17,2026-01-04,45 Days,Door delivery to factory stores,"EV Motor Plant, Accounts Payable, Hosur","EV Motor Plant Central Stores, Hosur",2332.00,419.76,1175.00,0.00,INR,Issued,Approved,7,2025-12-17,Generated purchase order from approved PR.
2451,PO-2025-2451,2301,16,2,2025-12-18,2026-01-02,60 Days,Door delivery to factory stores,"EV Motor Plant, Accounts Payable, Hosur","EV Motor Plant Central Stores, Hosur",136.80,24.62,1250.00,0.00,INR,Issued,Approved,8,2025-12-18,Generated purchase order from approved PR.
2452,PO-2025-2452,2302,17,1,2025-12-22,2026-01-11,30 Days,Door delivery to factory stores,"EV Motor Plant, Accounts Payable, Hosur","EV Motor Plant Central Stores, Hosur",464.87,83.68,1325.00,0.00,INR,Issued,Approved,9,2025-12-22,Generated purchase order from approved PR.
2453,PO-2025-2453,2303,18,3,2025-12-19,2026-01-04,45 Days,Door delivery to factory stores,"EV Motor Plant, Accounts Payable, Hosur","EV Motor Plant Central Stores, Hosur",358.62,64.55,1400.00,0.00,INR,Issued,Approved,10,2025-12-19,Generated purchase order from approved PR.
2454,PO-2025-2454,2304,19,3,2025-12-25,2026-01-08,60 Days,Door delivery to factory stores,"EV Motor Plant, Accounts Payable, Hosur","EV Motor Plant Central Stores, Hosur",993.70,178.87,1475.00,0.00,INR,Issued,Approved,11,2025-12-25,Generated purchase order from approved PR.
2455,PO-2025-2455,2305,20,4,2025-12-19,2025-12-28,30 Days,Door delivery to factory stores,"EV Motor Plant, Accounts Payable, Hosur","EV Motor Plant Central Stores, Hosur",2812.18,506.19,1550.00,0.00,INR,Issued,Approved,12,2025-12-19,Generated purchase order from approved PR.
2456,PO-2025-2456,2306,21,4,2025-12-24,2026-01-13,45 Days,Door delivery to factory stores,"EV Motor Plant, Accounts Payable, Hosur","EV Motor Plant Central Stores, Hosur",1660.00,298.80,1625.00,0.00,INR,Issued,Approved,13,2025-12-24,Generated purchase order from approved PR.
2457,PO-2025-2457,2307,22,5,2025-12-21,2025-12-29,60 Days,Door delivery to factory stores,"EV Motor Plant, Accounts Payable, Hosur","EV Motor Plant Central Stores, Hosur",272.02,48.96,1700.00,0.00,INR,Issued,Approved,1,2025-12-21,Generated purchase order from approved PR.
2458,PO-2025-2458,2308,23,5,2025-12-22,2025-12-31,30 Days,Door delivery to factory stores,"EV Motor Plant, Accounts Payable, Hosur","EV Motor Plant Central Stores, Hosur",1019.70,183.55,1775.00,0.00,INR,Issued,Approved,3,2025-12-22,Generated purchase order from approved PR.
2459,PO-2025-2459,2309,24,6,2025-12-25,2026-01-14,45 Days,Door delivery to factory stores,"EV Motor Plant, Accounts Payable, Hosur","EV Motor Plant Central Stores, Hosur",11796.12,2123.30,1850.00,0.00,INR,Issued,Approved,4,2025-12-25,Generated purchase order from approved PR.
2460,PO-2025-2460,2310,25,6,2025-12-20,2026-01-08,60 Days,Door delivery to factory stores,"EV Motor Plant, Accounts Payable, Hosur","EV Motor Plant Central Stores, Hosur",8662.32,1559.22,1925.00,0.00,INR,Issued,Approved,5,2025-12-20,Generated purchase order from approved PR.
2461,PO-2025-2461,2311,26,1,2025-12-25,2026-01-10,30 Days,Door delivery to factory stores,"EV Motor Plant, Accounts Payable, Hosur","EV Motor Plant Central Stores, Hosur",100425.00,18076.50,500.00,0.00,INR,Issued,Approved,6,2025-12-25,Generated purchase order from approved PR.
2462,PO-2025-2462,2312,27,2,2025-12-27,2026-01-01,45 Days,Door delivery to factory stores,"EV Motor Plant, Accounts Payable, Hosur","EV Motor Plant Central Stores, Hosur",21286.88,3831.64,575.00,0.00,INR,Issued,Approved,7,2025-12-27,Generated purchase order from approved PR.
2463,PO-2025-2463,2313,28,2,2025-12-25,2026-01-01,60 Days,Door delivery to factory stores,"EV Motor Plant, Accounts Payable, Hosur","EV Motor Plant Central Stores, Hosur",20835.62,3750.41,650.00,0.00,INR,Issued,Approved,8,2025-12-25,Generated purchase order from approved PR.
2464,PO-2025-2464,2314,29,1,2025-12-27,2026-01-10,30 Days,Door delivery to factory stores,"EV Motor Plant, Accounts Payable, Hosur","EV Motor Plant Central Stores, Hosur",1600.38,288.07,725.00,0.00,INR,Issued,Approved,9,2025-12-27,Generated purchase order from approved PR.
2465,PO-2025-2465,2315,30,3,2025-12-21,2026-01-09,45 Days,Door delivery to factory stores,"EV Motor Plant, Accounts Payable, Hosur","EV Motor Plant Central Stores, Hosur",9941.56,1789.48,800.00,0.00,INR,Issued,Approved,10,2025-12-21,Generated purchase order from approved PR.
2466,PO-2025-2466,2316,31,3,2025-12-26,2026-01-08,60 Days,Door delivery to factory stores,"EV Motor Plant, Accounts Payable, Hosur","EV Motor Plant Central Stores, Hosur",330.00,59.40,875.00,0.00,INR,Issued,Approved,11,2025-12-26,Generated purchase order from approved PR.
2467,PO-2025-2467,2317,32,4,2025-12-23,2025-12-28,30 Days,Door delivery to factory stores,"EV Motor Plant, Accounts Payable, Hosur","EV Motor Plant Central Stores, Hosur",8085.36,1455.36,950.00,0.00,INR,Issued,Approved,12,2025-12-23,Generated purchase order from approved PR.
2468,PO-2025-2468,2318,33,4,2025-12-28,2026-01-05,45 Days,Door delivery to factory stores,"EV Motor Plant, Accounts Payable, Hosur","EV Motor Plant Central Stores, Hosur",1198.92,215.81,1025.00,0.00,INR,Issued,Approved,13,2025-12-28,Generated purchase order from approved PR.
2469,PO-2025-2469,2319,34,5,2025-12-27,2026-01-12,60 Days,Door delivery to factory stores,"EV Motor Plant, Accounts Payable, Hosur","EV Motor Plant Central Stores, Hosur",1609.30,289.67,1100.00,0.00,INR,Issued,Approved,1,2025-12-27,Generated purchase order from approved PR.
2470,PO-2025-2470,2320,35,5,2025-12-26,2026-01-13,30 Days,Door delivery to factory stores,"EV Motor Plant, Accounts Payable, Hosur","EV Motor Plant Central Stores, Hosur",524.51,94.41,1175.00,0.00,INR,Issued,Approved,3,2025-12-26,Generated purchase order from approved PR.
2471,PO-2025-2471,2321,1,6,2025-12-30,2026-01-04,45 Days,Door delivery to factory stores,"EV Motor Plant, Accounts Payable, Hosur","EV Motor Plant Central Stores, Hosur",63.60,11.45,1250.00,0.00,INR,Issued,Approved,4,2025-12-30,Generated purchase order from approved PR.
2472,PO-2025-2472,2322,2,6,2025-12-30,2026-01-04,60 Days,Door delivery to factory stores,"EV Motor Plant, Accounts Payable, Hosur","EV Motor Plant Central Stores, Hosur",267.30,48.11,1325.00,0.00,INR,Issued,Approved,5,2025-12-30,Generated purchase order from approved PR.
2473,PO-2025-2473,2323,3,1,2025-12-30,2026-01-08,30 Days,Door delivery to factory stores,"EV Motor Plant, Accounts Payable, Hosur","EV Motor Plant Central Stores, Hosur",4145.75,746.24,1400.00,0.00,INR,Issued,Approved,6,2025-12-30,Generated purchase order from approved PR.
2474,PO-2025-2474,2324,4,2,2025-12-30,2026-01-05,45 Days,Door delivery to factory stores,"EV Motor Plant, Accounts Payable, Hosur","EV Motor Plant Central Stores, Hosur",148.77,26.78,1475.00,0.00,INR,Issued,Approved,7,2025-12-30,Generated purchase order from approved PR.
2475,PO-2025-2475,2325,5,2,2025-12-28,2026-01-12,60 Days,Door delivery to factory stores,"EV Motor Plant, Accounts Payable, Hosur","EV Motor Plant Central Stores, Hosur",322.24,58.00,1550.00,0.00,INR,Issued,Approved,8,2025-12-28,Generated purchase order from approved PR.
2476,PO-2026-2476,2326,6,1,2026-01-01,2026-01-08,30 Days,Door delivery to factory stores,"EV Motor Plant, Accounts Payable, Hosur","EV Motor Plant Central Stores, Hosur",616.00,110.88,1625.00,0.00,INR,Issued,Approved,9,2026-01-01,Generated purchase order from approved PR.
2477,PO-2025-2477,2327,7,3,2025-12-26,2026-01-12,45 Days,Door delivery to factory stores,"EV Motor Plant, Accounts Payable, Hosur","EV Motor Plant Central Stores, Hosur",844.48,152.01,1700.00,0.00,INR,Issued,Approved,10,2025-12-26,Generated purchase order from approved PR.
2478,PO-2025-2478,2328,8,3,2025-12-26,2026-01-14,60 Days,Door delivery to factory stores,"EV Motor Plant, Accounts Payable, Hosur","EV Motor Plant Central Stores, Hosur",1862.24,335.20,1775.00,0.00,INR,Issued,Approved,11,2025-12-26,Generated purchase order from approved PR.
2479,PO-2025-2479,2329,9,4,2025-12-27,2026-01-19,30 Days,Door delivery to factory stores,"EV Motor Plant, Accounts Payable, Hosur","EV Motor Plant Central Stores, Hosur",771210.00,138817.80,1850.00,0.00,INR,Issued,Approved,12,2025-12-27,Generated purchase order from approved PR.
2480,PO-2025-2480,2330,10,4,2025-12-30,2026-01-22,45 Days,Door delivery to factory stores,"EV Motor Plant, Accounts Payable, Hosur","EV Motor Plant Central Stores, Hosur",75673.80,13621.28,1925.00,0.00,INR,Issued,Approved,13,2025-12-30,Generated purchase order from approved PR.
2481,PO-2025-2481,2331,11,5,2025-12-27,2026-01-06,60 Days,Door delivery to factory stores,"EV Motor Plant, Accounts Payable, Hosur","EV Motor Plant Central Stores, Hosur",1314400.00,236592.00,500.00,0.00,INR,Issued,Approved,1,2025-12-27,Generated purchase order from approved PR.
2482,PO-2025-2482,2332,12,5,2025-12-30,2026-01-04,30 Days,Door delivery to factory stores,"EV Motor Plant, Accounts Payable, Hosur","EV Motor Plant Central Stores, Hosur",145046.00,26108.28,575.00,0.00,INR,Issued,Approved,3,2025-12-30,Generated purchase order from approved PR.
2483,PO-2025-2483,2333,13,6,2025-12-27,2026-01-07,45 Days,Door delivery to factory stores,"EV Motor Plant, Accounts Payable, Hosur","EV Motor Plant Central Stores, Hosur",1060488.00,190887.84,650.00,0.00,INR,Issued,Approved,4,2025-12-27,Generated purchase order from approved PR.
2484,PO-2026-2484,2334,14,6,2026-01-01,2026-01-19,60 Days,Door delivery to factory stores,"EV Motor Plant, Accounts Payable, Hosur","EV Motor Plant Central Stores, Hosur",11867.96,2136.23,725.00,0.00,INR,Issued,Approved,5,2026-01-01,Generated purchase order from approved PR.
2485,PO-2025-2485,2335,15,1,2025-12-28,2026-01-03,30 Days,Door delivery to factory stores,"EV Motor Plant, Accounts Payable, Hosur","EV Motor Plant Central Stores, Hosur",39304.80,7074.86,800.00,0.00,INR,Issued,Approved,6,2025-12-28,Generated purchase order from approved PR.
2486,PO-2026-2486,2336,16,2,2026-01-01,2026-01-12,45 Days,Door delivery to factory stores,"EV Motor Plant, Accounts Payable, Hosur","EV Motor Plant Central Stores, Hosur",28485.60,5127.41,875.00,0.00,INR,Issued,Approved,7,2026-01-01,Generated purchase order from approved PR.
2487,PO-2026-2487,2337,17,2,2026-01-02,2026-01-12,60 Days,Door delivery to factory stores,"EV Motor Plant, Accounts Payable, Hosur","EV Motor Plant Central Stores, Hosur",30693.60,5524.85,950.00,0.00,INR,Issued,Approved,8,2026-01-02,Generated purchase order from approved PR.
2488,PO-2025-2488,2338,18,1,2025-12-30,2026-01-08,30 Days,Door delivery to factory stores,"EV Motor Plant, Accounts Payable, Hosur","EV Motor Plant Central Stores, Hosur",9640.80,1735.34,1025.00,0.00,INR,Issued,Approved,9,2025-12-30,Generated purchase order from approved PR.
2489,PO-2025-2489,2339,19,3,2025-12-29,2026-01-16,45 Days,Door delivery to factory stores,"EV Motor Plant, Accounts Payable, Hosur","EV Motor Plant Central Stores, Hosur",163803.75,29484.68,1100.00,0.00,INR,Issued,Approved,10,2025-12-29,Generated purchase order from approved PR.
2490,PO-2026-2490,2340,20,3,2026-01-01,2026-01-18,60 Days,Door delivery to factory stores,"EV Motor Plant, Accounts Payable, Hosur","EV Motor Plant Central Stores, Hosur",869.20,156.46,1175.00,0.00,INR,Issued,Approved,11,2026-01-01,Generated purchase order from approved PR.
2491,PO-2025-2491,2341,21,4,2025-12-29,2026-01-13,30 Days,Door delivery to factory stores,"EV Motor Plant, Accounts Payable, Hosur","EV Motor Plant Central Stores, Hosur",9120.00,1641.60,1250.00,0.00,INR,Issued,Approved,12,2025-12-29,Generated purchase order from approved PR.
2492,PO-2026-2492,2342,22,4,2026-01-01,2026-01-23,45 Days,Door delivery to factory stores,"EV Motor Plant, Accounts Payable, Hosur","EV Motor Plant Central Stores, Hosur",108.58,19.54,1325.00,0.00,INR,Issued,Approved,13,2026-01-01,Generated purchase order from approved PR.
2493,PO-2025-2493,2343,23,5,2025-12-31,2026-01-06,60 Days,Door delivery to factory stores,"EV Motor Plant, Accounts Payable, Hosur","EV Motor Plant Central Stores, Hosur",36338.40,6540.91,1400.00,0.00,INR,Issued,Approved,1,2025-12-31,Generated purchase order from approved PR.
2494,PO-2026-2494,2344,24,5,2026-01-02,2026-01-09,30 Days,Door delivery to factory stores,"EV Motor Plant, Accounts Payable, Hosur","EV Motor Plant Central Stores, Hosur",9145.00,1646.10,1475.00,0.00,INR,Issued,Approved,3,2026-01-02,Generated purchase order from approved PR.
2495,PO-2026-2495,2345,25,6,2026-01-05,2026-01-17,45 Days,Door delivery to factory stores,"EV Motor Plant, Accounts Payable, Hosur","EV Motor Plant Central Stores, Hosur",475728.00,85631.04,1550.00,0.00,INR,Issued,Approved,4,2026-01-05,Generated purchase order from approved PR.
2496,PO-2026-2496,2346,26,6,2026-01-05,2026-01-22,60 Days,Door delivery to factory stores,"EV Motor Plant, Accounts Payable, Hosur","EV Motor Plant Central Stores, Hosur",48.00,8.64,1625.00,0.00,INR,Issued,Approved,5,2026-01-05,Generated purchase order from approved PR.
2497,PO-2026-2497,2347,27,1,2026-01-03,2026-01-19,30 Days,Door delivery to factory stores,"EV Motor Plant, Accounts Payable, Hosur","EV Motor Plant Central Stores, Hosur",99571.50,17922.87,1700.00,0.00,INR,Issued,Approved,6,2026-01-03,Generated purchase order from approved PR.
2498,PO-2026-2498,2348,28,2,2026-01-01,2026-01-07,45 Days,Door delivery to factory stores,"EV Motor Plant, Accounts Payable, Hosur","EV Motor Plant Central Stores, Hosur",1244.24,223.96,1775.00,0.00,INR,Issued,Approved,7,2026-01-01,Generated purchase order from approved PR.
2499,PO-2026-2499,2349,29,2,2026-01-05,2026-01-28,60 Days,Door delivery to factory stores,"EV Motor Plant, Accounts Payable, Hosur","EV Motor Plant Central Stores, Hosur",13480.50,2426.49,1850.00,0.00,INR,Issued,Approved,8,2026-01-05,Generated purchase order from approved PR.
2500,PO-2026-2500,2350,30,1,2026-01-07,2026-01-17,30 Days,Door delivery to factory stores,"EV Motor Plant, Accounts Payable, Hosur","EV Motor Plant Central Stores, Hosur",654444.00,117799.92,1925.00,0.00,INR,Issued,Approved,9,2026-01-07,Generated purchase order from approved PR.
